Tw_K,P_bar,hw_Jkg
300,0.00101325,1.923390e+03
325,0.00101325,2.792160e+04
350,0.00101325,5.393720e+04
375,0.00101325,7.997940e+04
400,0.00101325,1.060590e+05
425,0.00101325,1.321880e+05
450,0.00101325,1.583790e+05
475,0.00101325,1.846450e+05
500,0.00101325,2.109980e+05
525,0.00101325,2.374480e+05
550,0.00101325,2.640080e+05
575,0.00101325,2.906850e+05
600,0.00101325,3.174900e+05
625,0.00101325,3.444280e+05
650,0.00101325,3.715060e+05
675,0.00101325,3.987290e+05
700,0.00101325,4.260990e+05
725,0.00101325,4.536200e+05
750,0.00101325,4.812930e+05
775,0.00101325,5.091190e+05
800,0.00101325,5.370960e+05
825,0.00101325,5.652230e+05
850,0.00101325,5.934990e+05
875,0.00101325,6.219210e+05
900,0.00101325,6.504820e+05
925,0.00101325,6.791730e+05
950,0.00101325,7.079740e+05
975,0.00101325,7.368350e+05
1000,0.00101325,7.656530e+05
1025,0.00101325,7.941970e+05
1050,0.00101325,8.219810e+05
1075,0.00101325,8.480260e+05
1100,0.00101325,8.704170e+05
1125,0.00101325,8.855340e+05
1150,0.00101325,8.867560e+05
1175,0.00101325,8.623280e+05
1200,0.00101325,7.919570e+05
1225,0.00101325,6.424290e+05
1250,0.00101325,4.712310e+05
1275,0.00101325,5.010350e+05
1300,0.00101325,5.301350e+05
1325,0.00101325,5.575730e+05
1350,0.00101325,5.813680e+05
1375,0.00101325,5.975610e+05
1400,0.00101325,5.985510e+05
1425,0.00101325,5.704240e+05
1450,0.00101325,4.894010e+05
1475,0.00101325,3.189180e+05
1500,0.00101325,8.792470e+04
1525,0.00101325,1.165870e+05
1550,0.00101325,1.453230e+05
1575,0.00101325,1.741440e+05
1600,0.00101325,2.030730e+05
1625,0.00101325,2.321480e+05
1650,0.00101325,2.614280e+05
1675,0.00101325,2.910090e+05
1700,0.00101325,3.210400e+05
1725,0.00101325,3.517470e+05
1750,0.00101325,3.834740e+05
1775,0.00101325,4.167340e+05
1800,0.00101325,4.522760e+05
1825,0.00101325,4.911890e+05
1850,0.00101325,5.350270e+05
1875,0.00101325,5.859700e+05
1900,0.00101325,6.470220e+05
1925,0.00101325,7.222230e+05
1950,0.00101325,8.168430e+05
1975,0.00101325,9.374900e+05
2000,0.00101325,1.092000e+06
2025,0.00101325,1.288940e+06
2050,0.00101325,1.536580e+06
2075,0.00101325,1.841140e+06
2100,0.00101325,2.204380e+06
2125,0.00101325,2.621080e+06
2150,0.00101325,3.077020e+06
2175,0.00101325,3.549630e+06
2200,0.00101325,4.013280e+06
2225,0.00101325,4.451050e+06
2250,0.00101325,4.870870e+06
2275,0.00101325,5.319750e+06
2300,0.00101325,5.889770e+06
2325,0.00101325,6.710220e+06
2350,0.00101325,8.083576e+06
2375,0.00101325,1.010754e+07
2400,0.00101325,1.241135e+07
2425,0.00101325,1.415270e+07
2450,0.00101325,1.440140e+07
2475,0.00101325,1.462290e+07
2500,0.00101325,1.481580e+07
2525,0.00101325,1.498080e+07
2550,0.00101325,1.511970e+07
2575,0.00101325,1.523580e+07
2600,0.00101325,1.533300e+07
2625,0.00101325,1.541567e+07
2650,0.00101325,1.550770e+07
2675,0.00101325,1.560870e+07
2700,0.00101325,1.570680e+07
2725,0.00101325,1.580400e+07
2750,0.00101325,1.590230e+07
2775,0.00101325,1.600390e+07
2800,0.00101325,1.611070e+07
2825,0.00101325,1.622470e+07
2850,0.00101325,1.634780e+07
2875,0.00101325,1.648190e+07
2900,0.00101325,1.662860e+07
2925,0.00101325,1.678990e+07
2950,0.00101325,1.696720e+07
2975,0.00101325,1.716230e+07
3000,0.00101325,1.737650e+07
3025,0.00101325,1.761150e+07
3050,0.00101325,1.786860e+07
3075,0.00101325,1.814930e+07
3100,0.00101325,1.845490e+07
3125,0.00101325,1.878690e+07
3150,0.00101325,1.914660e+07
3175,0.00101325,1.953530e+07
3200,0.00101325,1.995410e+07
3225,0.00101325,2.040400e+07
3250,0.00101325,2.088570e+07
3275,0.00101325,2.139950e+07
3300,0.00101325,2.194490e+07
3325,0.00101325,2.252100e+07
3350,0.00101325,2.312550e+07
3375,0.00101325,2.375530e+07
3400,0.00101325,2.440550e+07
3425,0.00101325,2.507020e+07
3450,0.00101325,2.574150e+07
3475,0.00101325,2.641070e+07
3500,0.00101325,2.706770e+07
3525,0.00101325,2.770270e+07
3550,0.00101325,2.830580e+07
3575,0.00101325,2.886900e+07
3600,0.00101325,2.938590e+07
3625,0.00101325,2.985270e+07
3650,0.00101325,3.026830e+07
3675,0.00101325,3.063380e+07
3700,0.00101325,3.095210e+07
3725,0.00101325,3.122740e+07
3750,0.00101325,3.146470e+07
3775,0.00101325,3.166880e+07
3800,0.00101325,3.184480e+07
3825,0.00101325,3.199710e+07
3850,0.00101325,3.212960e+07
3875,0.00101325,3.224570e+07
3900,0.00101325,3.234830e+07
3925,0.00101325,3.243990e+07
3950,0.00101325,3.252220e+07
3975,0.00101325,3.259710e+07
4000,0.00101325,3.266570e+07
4025,0.00101325,3.272920e+07
4050,0.00101325,3.278850e+07
4075,0.00101325,3.284420e+07
4100,0.00101325,3.289680e+07
4125,0.00101325,3.294700e+07
4150,0.00101325,3.299490e+07
4175,0.00101325,3.304100e+07
4200,0.00101325,3.308550e+07
4225,0.00101325,3.312860e+07
4250,0.00101325,3.317040e+07
4275,0.00101325,3.321110e+07
4300,0.00101325,3.325070e+07
4325,0.00101325,3.328950e+07
4350,0.00101325,3.332740e+07
4375,0.00101325,3.336460e+07
4400,0.00101325,3.340110e+07
4425,0.00101325,3.343690e+07
4450,0.00101325,3.347210e+07
4475,0.00101325,3.350680e+07
4500,0.00101325,3.354100e+07
4525,0.00101325,3.357470e+07
4550,0.00101325,3.360800e+07
4575,0.00101325,3.364090e+07
4600,0.00101325,3.367350e+07
4625,0.00101325,3.370570e+07
4650,0.00101325,3.373770e+07
4675,0.00101325,3.376950e+07
4700,0.00101325,3.380100e+07
4725,0.00101325,3.383240e+07
4750,0.00101325,3.386360e+07
4775,0.00101325,3.389480e+07
4800,0.00101325,3.392580e+07
4825,0.00101325,3.395670e+07
4850,0.00101325,3.398760e+07
4875,0.00101325,3.401850e+07
4900,0.00101325,3.404930e+07
4925,0.00101325,3.408020e+07
4950,0.00101325,3.411100e+07
4975,0.00101325,3.414200e+07
5000,0.00101325,3.417290e+07
300,0.00180184,1.923390e+03
325,0.00180184,2.792160e+04
350,0.00180184,5.393720e+04
375,0.00180184,7.997940e+04
400,0.00180184,1.060590e+05
425,0.00180184,1.321880e+05
450,0.00180184,1.583790e+05
475,0.00180184,1.846450e+05
500,0.00180184,2.109980e+05
525,0.00180184,2.374480e+05
550,0.00180184,2.640080e+05
575,0.00180184,2.906850e+05
600,0.00180184,3.174900e+05
625,0.00180184,3.444280e+05
650,0.00180184,3.715060e+05
675,0.00180184,3.987290e+05
700,0.00180184,4.260990e+05
725,0.00180184,4.536200e+05
750,0.00180184,4.812930e+05
775,0.00180184,5.091190e+05
800,0.00180184,5.370960e+05
825,0.00180184,5.652230e+05
850,0.00180184,5.935000e+05
875,0.00180184,6.219220e+05
900,0.00180184,6.504860e+05
925,0.00180184,6.791840e+05
950,0.00180184,7.080050e+05
975,0.00180184,7.369190e+05
1000,0.00180184,7.658660e+05
1025,0.00180184,7.947160e+05
1050,0.00180184,8.231930e+05
1075,0.00180184,8.507460e+05
1100,0.00180184,8.762960e+05
1125,0.00180184,8.978050e+05
1150,0.00180184,9.115490e+05
1175,0.00180184,9.109170e+05
1200,0.00180184,8.844930e+05
1225,0.00180184,8.136000e+05
1250,0.00180184,6.670390e+05
1275,0.00180184,5.015650e+05
1300,0.00180184,5.314080e+05
1325,0.00180184,5.605250e+05
1350,0.00180184,5.879920e+05
1375,0.00180184,6.119510e+05
1400,0.00180184,6.288000e+05
1425,0.00180184,6.317910e+05
1450,0.00180184,6.088510e+05
1475,0.00180184,5.396830e+05
1500,0.00180184,3.932140e+05
1525,0.00180184,1.286250e+05
1550,0.00180184,1.452780e+05
1575,0.00180184,1.740640e+05
1600,0.00180184,2.029340e+05
1625,0.00180184,2.319060e+05
1650,0.00180184,2.610140e+05
1675,0.00180184,2.903110e+05
1700,0.00180184,3.198810e+05
1725,0.00180184,3.498510e+05
1750,0.00180184,3.804150e+05
1775,0.00180184,4.118620e+05
1800,0.00180184,4.446160e+05
1825,0.00180184,4.792980e+05
1850,0.00180184,5.167960e+05
1875,0.00180184,5.583680e+05
1900,0.00180184,6.057730e+05
1925,0.00180184,6.614210e+05
1950,0.00180184,7.285560e+05
1975,0.00180184,8.114260e+05
2000,0.00180184,9.154140e+05
2025,0.00180184,1.047040e+06
2050,0.00180184,1.213740e+06
2075,0.00180184,1.423230e+06
2100,0.00180184,1.682360e+06
2125,0.00180184,1.995510e+06
2150,0.00180184,2.362460e+06
2175,0.00180184,2.776460e+06
2200,0.00180184,3.223240e+06
2225,0.00180184,3.682510e+06
2250,0.00180184,4.133910e+06
2275,0.00180184,4.568140e+06
2300,0.00180184,5.001080e+06
2325,0.00180184,5.485570e+06
2350,0.00180184,6.114580e+06
2375,0.00180184,7.008680e+06
2400,0.00180184,8.401961e+06
2425,0.00180184,1.036552e+07
2450,0.00180184,1.256144e+07
2475,0.00180184,1.405200e+07
2500,0.00180184,1.429910e+07
2525,0.00180184,1.452180e+07
2550,0.00180184,1.471840e+07
2575,0.00180184,1.488890e+07
2600,0.00180184,1.503500e+07
2625,0.00180184,1.515919e+07
2650,0.00180184,1.526510e+07
2675,0.00180184,1.538170e+07
2700,0.00180184,1.549280e+07
2725,0.00180184,1.559810e+07
2750,0.00180184,1.569930e+07
2775,0.00180184,1.579850e+07
2800,0.00180184,1.589720e+07
2825,0.00180184,1.599760e+07
2850,0.00180184,1.610130e+07
2875,0.00180184,1.621010e+07
2900,0.00180184,1.632590e+07
2925,0.00180184,1.645040e+07
2950,0.00180184,1.658530e+07
2975,0.00180184,1.673210e+07
3000,0.00180184,1.689240e+07
3025,0.00180184,1.706780e+07
3050,0.00180184,1.725970e+07
3075,0.00180184,1.746950e+07
3100,0.00180184,1.769860e+07
3125,0.00180184,1.794820e+07
3150,0.00180184,1.821970e+07
3175,0.00180184,1.851450e+07
3200,0.00180184,1.883360e+07
3225,0.00180184,1.917840e+07
3250,0.00180184,1.954990e+07
3275,0.00180184,1.994930e+07
3300,0.00180184,2.037730e+07
3325,0.00180184,2.083460e+07
3350,0.00180184,2.132140e+07
3375,0.00180184,2.183740e+07
3400,0.00180184,2.238180e+07
3425,0.00180184,2.295300e+07
3450,0.00180184,2.354830e+07
3475,0.00180184,2.416400e+07
3500,0.00180184,2.479520e+07
3525,0.00180184,2.543580e+07
3550,0.00180184,2.607850e+07
3575,0.00180184,2.671510e+07
3600,0.00180184,2.733700e+07
3625,0.00180184,2.793560e+07
3650,0.00180184,2.850290e+07
3675,0.00180184,2.903250e+07
3700,0.00180184,2.951940e+07
3725,0.00180184,2.996090e+07
3750,0.00180184,3.035620e+07
3775,0.00180184,3.070650e+07
3800,0.00180184,3.101420e+07
3825,0.00180184,3.128300e+07
3850,0.00180184,3.151690e+07
3875,0.00180184,3.172030e+07
3900,0.00180184,3.189730e+07
3925,0.00180184,3.205180e+07
3950,0.00180184,3.218740e+07
3975,0.00180184,3.230690e+07
4000,0.00180184,3.241320e+07
4025,0.00180184,3.250830e+07
4050,0.00180184,3.259420e+07
4075,0.00180184,3.267240e+07
4100,0.00180184,3.274420e+07
4125,0.00180184,3.281060e+07
4150,0.00180184,3.287250e+07
4175,0.00180184,3.293050e+07
4200,0.00180184,3.298540e+07
4225,0.00180184,3.303750e+07
4250,0.00180184,3.308720e+07
4275,0.00180184,3.313490e+07
4300,0.00180184,3.318090e+07
4325,0.00180184,3.322530e+07
4350,0.00180184,3.326820e+07
4375,0.00180184,3.331000e+07
4400,0.00180184,3.335070e+07
4425,0.00180184,3.339040e+07
4450,0.00180184,3.342910e+07
4475,0.00180184,3.346710e+07
4500,0.00180184,3.350430e+07
4525,0.00180184,3.354080e+07
4550,0.00180184,3.357660e+07
4575,0.00180184,3.361190e+07
4600,0.00180184,3.364660e+07
4625,0.00180184,3.368090e+07
4650,0.00180184,3.371470e+07
4675,0.00180184,3.374810e+07
4700,0.00180184,3.378110e+07
4725,0.00180184,3.381380e+07
4750,0.00180184,3.384620e+07
4775,0.00180184,3.387840e+07
4800,0.00180184,3.391030e+07
4825,0.00180184,3.394200e+07
4850,0.00180184,3.397360e+07
4875,0.00180184,3.400500e+07
4900,0.00180184,3.403630e+07
4925,0.00180184,3.406740e+07
4950,0.00180184,3.409860e+07
4975,0.00180184,3.412960e+07
5000,0.00180184,3.416060e+07
300,0.00320418,1.923390e+03
325,0.00320418,2.792160e+04
350,0.00320418,5.393720e+04
375,0.00320418,7.997940e+04
400,0.00320418,1.060590e+05
425,0.00320418,1.321880e+05
450,0.00320418,1.583790e+05
475,0.00320418,1.846450e+05
500,0.00320418,2.109980e+05
525,0.00320418,2.374480e+05
550,0.00320418,2.640080e+05
575,0.00320418,2.906850e+05
600,0.00320418,3.174900e+05
625,0.00320418,3.444280e+05
650,0.00320418,3.715060e+05
675,0.00320418,3.987290e+05
700,0.00320418,4.260990e+05
725,0.00320418,4.536200e+05
750,0.00320418,4.812930e+05
775,0.00320418,5.091190e+05
800,0.00320418,5.370960e+05
825,0.00320418,5.652230e+05
850,0.00320418,5.935000e+05
875,0.00320418,6.219220e+05
900,0.00320418,6.504880e+05
925,0.00320418,6.791900e+05
950,0.00320418,7.080220e+05
975,0.00320418,7.369660e+05
1000,0.00320418,7.659860e+05
1025,0.00320418,7.950080e+05
1050,0.00320418,8.238750e+05
1075,0.00320418,8.522760e+05
1100,0.00320418,8.796020e+05
1125,0.00320418,9.047050e+05
1150,0.00320418,9.254920e+05
1175,0.00320418,9.382400e+05
1200,0.00320418,9.365310e+05
1225,0.00320418,9.098580e+05
1250,0.00320418,8.406760e+05
1275,0.00320418,7.010650e+05
1300,0.00320418,5.319990e+05
1325,0.00320418,5.618960e+05
1350,0.00320418,5.910720e+05
1375,0.00320418,6.186590e+05
1400,0.00320418,6.429660e+05
1425,0.00320418,6.607970e+05
1450,0.00320418,6.663070e+05
1475,0.00320418,6.492520e+05
1500,0.00320418,5.926490e+05
1525,0.00320418,4.705580e+05
1550,0.00320418,2.481710e+05
1575,0.00320418,1.740180e+05
1600,0.00320418,2.028540e+05
1625,0.00320418,2.317680e+05
1650,0.00320418,2.607790e+05
1675,0.00320418,2.899170e+05
1700,0.00320418,3.192280e+05
1725,0.00320418,3.487820e+05
1750,0.00320418,3.786900e+05
1775,0.00320418,4.091140e+05
1800,0.00320418,4.402940e+05
1825,0.00320418,4.725800e+05
1850,0.00320418,5.064780e+05
1875,0.00320418,5.427070e+05
1900,0.00320418,5.822780e+05
1925,0.00320418,6.265960e+05
1950,0.00320418,6.775810e+05
1975,0.00320418,7.378100e+05
2000,0.00320418,8.106720e+05
2025,0.00320418,9.004960e+05
2050,0.00320418,1.012620e+06
2075,0.00320418,1.153300e+06
2100,0.00320418,1.329390e+06
2125,0.00320418,1.547660e+06
2150,0.00320418,1.813670e+06
2175,0.00320418,2.130290e+06
2200,0.00320418,2.495980e+06
2225,0.00320418,2.903480e+06
2250,0.00320418,3.339440e+06
2275,0.00320418,3.786600e+06
2300,0.00320418,4.229640e+06
2325,0.00320418,4.665230e+06
2350,0.00320418,5.114300e+06
2375,0.00320418,5.631620e+06
2400,0.00320418,6.306460e+06
2425,0.00320418,7.247300e+06
2450,0.00320418,8.607115e+06
2475,0.00320418,1.049261e+07
2500,0.00320418,1.257278e+07
2525,0.00320418,1.395150e+07
2550,0.00320418,1.419750e+07
2575,0.00320418,1.442190e+07
2600,0.00320418,1.462260e+07
2625,0.00320418,1.479919e+07
2650,0.00320418,1.495277e+07
2675,0.00320418,1.508720e+07
2700,0.00320418,1.522070e+07
2725,0.00320418,1.534530e+07
2750,0.00320418,1.546220e+07
2775,0.00320418,1.557260e+07
2800,0.00320418,1.567810e+07
2825,0.00320418,1.578020e+07
2850,0.00320418,1.588060e+07
2875,0.00320418,1.598090e+07
2900,0.00320418,1.608280e+07
2925,0.00320418,1.618790e+07
2950,0.00320418,1.629790e+07
2975,0.00320418,1.641430e+07
3000,0.00320418,1.653870e+07
3025,0.00320418,1.667270e+07
3050,0.00320418,1.681770e+07
3075,0.00320418,1.697510e+07
3100,0.00320418,1.714630e+07
3125,0.00320418,1.733270e+07
3150,0.00320418,1.753550e+07
3175,0.00320418,1.775590e+07
3200,0.00320418,1.799530e+07
3225,0.00320418,1.825470e+07
3250,0.00320418,1.853540e+07
3275,0.00320418,1.883850e+07
3300,0.00320418,1.916500e+07
3325,0.00320418,1.951610e+07
3350,0.00320418,1.989260e+07
3375,0.00320418,2.029530e+07
3400,0.00320418,2.072480e+07
3425,0.00320418,2.118130e+07
3450,0.00320418,2.166480e+07
3475,0.00320418,2.217470e+07
3500,0.00320418,2.270980e+07
3525,0.00320418,2.326810e+07
3550,0.00320418,2.384690e+07
3575,0.00320418,2.444240e+07
3600,0.00320418,2.504990e+07
3625,0.00320418,2.566360e+07
3650,0.00320418,2.627710e+07
3675,0.00320418,2.688300e+07
3700,0.00320418,2.747400e+07
3725,0.00320418,2.804280e+07
3750,0.00320418,2.858280e+07
3775,0.00320418,2.908850e+07
3800,0.00320418,2.955580e+07
3825,0.00320418,2.998240e+07
3850,0.00320418,3.036750e+07
3875,0.00320418,3.071190e+07
3900,0.00320418,3.101740e+07
3925,0.00320418,3.128710e+07
3950,0.00320418,3.152420e+07
3975,0.00320418,3.173230e+07
4000,0.00320418,3.191510e+07
4025,0.00320418,3.207600e+07
4050,0.00320418,3.221800e+07
4075,0.00320418,3.234400e+07
4100,0.00320418,3.245650e+07
4125,0.00320418,3.255750e+07
4150,0.00320418,3.264890e+07
4175,0.00320418,3.273210e+07
4200,0.00320418,3.280850e+07
4225,0.00320418,3.287900e+07
4250,0.00320418,3.294470e+07
4275,0.00320418,3.300620e+07
4300,0.00320418,3.306410e+07
4325,0.00320418,3.311900e+07
4350,0.00320418,3.317120e+07
4375,0.00320418,3.322110e+07
4400,0.00320418,3.326910e+07
4425,0.00320418,3.331530e+07
4450,0.00320418,3.336000e+07
4475,0.00320418,3.340330e+07
4500,0.00320418,3.344530e+07
4525,0.00320418,3.348630e+07
4550,0.00320418,3.352620e+07
4575,0.00320418,3.356530e+07
4600,0.00320418,3.360340e+07
4625,0.00320418,3.364090e+07
4650,0.00320418,3.367760e+07
4675,0.00320418,3.371370e+07
4700,0.00320418,3.374930e+07
4725,0.00320418,3.378420e+07
4750,0.00320418,3.381870e+07
4775,0.00320418,3.385280e+07
4800,0.00320418,3.388640e+07
4825,0.00320418,3.391970e+07
4850,0.00320418,3.395270e+07
4875,0.00320418,3.398530e+07
4900,0.00320418,3.401770e+07
4925,0.00320418,3.404990e+07
4950,0.00320418,3.408180e+07
4975,0.00320418,3.411360e+07
5000,0.00320418,3.414520e+07
300,0.00569792,1.923390e+03
325,0.00569792,2.792160e+04
350,0.00569792,5.393720e+04
375,0.00569792,7.997940e+04
400,0.00569792,1.060590e+05
425,0.00569792,1.321880e+05
450,0.00569792,1.583790e+05
475,0.00569792,1.846450e+05
500,0.00569792,2.109980e+05
525,0.00569792,2.374480e+05
550,0.00569792,2.640080e+05
575,0.00569792,2.906850e+05
600,0.00569792,3.174900e+05
625,0.00569792,3.444280e+05
650,0.00569792,3.715060e+05
675,0.00569792,3.987290e+05
700,0.00569792,4.260990e+05
725,0.00569792,4.536200e+05
750,0.00569792,4.812930e+05
775,0.00569792,5.091190e+05
800,0.00569792,5.370960e+05
825,0.00569792,5.652230e+05
850,0.00569792,5.935000e+05
875,0.00569792,6.219230e+05
900,0.00569792,6.504890e+05
925,0.00569792,6.791940e+05
950,0.00569792,7.080320e+05
975,0.00569792,7.369920e+05
1000,0.00569792,7.660530e+05
1025,0.00569792,7.951720e+05
1050,0.00569792,8.242580e+05
1075,0.00569792,8.531360e+05
1100,0.00569792,8.814610e+05
1125,0.00569792,9.085860e+05
1150,0.00569792,9.333320e+05
1175,0.00569792,9.536050e+05
1200,0.00569792,9.657930e+05
1225,0.00569792,9.639880e+05
1250,0.00569792,9.383200e+05
1275,0.00569792,8.730870e+05
1300,0.00569792,7.437210e+05
1325,0.00569792,5.625320e+05
1350,0.00569792,5.925020e+05
1375,0.00569792,6.217770e+05
1400,0.00569792,6.495680e+05
1425,0.00569792,6.743750e+05
1450,0.00569792,6.934310e+05
1475,0.00569792,7.017900e+05
1500,0.00569792,6.909440e+05
1525,0.00569792,6.469620e+05
1550,0.00569792,5.485930e+05
1575,0.00569792,3.667380e+05
1600,0.00569792,2.028070e+05
1625,0.00569792,2.316890e+05
1650,0.00569792,2.606460e+05
1675,0.00569792,2.896940e+05
1700,0.00569792,3.188590e+05
1725,0.00569792,3.481800e+05
1750,0.00569792,3.777180e+05
1775,0.00569792,4.075650e+05
1800,0.00569792,4.378550e+05
1825,0.00569792,4.687880e+05
1850,0.00569792,5.006490e+05
1875,0.00569792,5.338460e+05
1900,0.00569792,5.689570e+05
1925,0.00569792,6.067880e+05
1950,0.00569792,6.484520e+05
1975,0.00569792,6.954640e+05
2000,0.00569792,7.498570e+05
2025,0.00569792,8.143050e+05
2050,0.00569792,8.922500e+05
2075,0.00569792,9.879850e+05
2100,0.00569792,1.106660e+06
2125,0.00569792,1.254160e+06
2150,0.00569792,1.436660e+06
2175,0.00569792,1.660010e+06
2200,0.00569792,1.928650e+06
2225,0.00569792,2.244350e+06
2250,0.00569792,2.604910e+06
2275,0.00569792,3.003270e+06
2300,0.00569792,3.427690e+06
2325,0.00569792,3.864080e+06
2350,0.00569792,4.301480e+06
2375,0.00569792,4.740810e+06
2400,0.00569792,5.205330e+06
2425,0.00569792,5.748360e+06
2450,0.00569792,6.452310e+06
2475,0.00569792,7.412540e+06
2500,0.00569792,8.704350e+06
2525,0.00569792,1.050058e+07
2550,0.00569792,1.246328e+07
2575,0.00569792,1.385100e+07
2600,0.00569792,1.409630e+07
2625,0.00569792,1.432255e+07
2650,0.00569792,1.452756e+07
2675,0.00569792,1.471049e+07
2700,0.00569792,1.487200e+07
2725,0.00569792,1.502020e+07
2750,0.00569792,1.515960e+07
2775,0.00569792,1.529050e+07
2800,0.00569792,1.541360e+07
2825,0.00569792,1.552990e+07
2850,0.00569792,1.564050e+07
2875,0.00569792,1.574680e+07
2900,0.00569792,1.585010e+07
2925,0.00569792,1.595180e+07
2950,0.00569792,1.605350e+07
2975,0.00569792,1.615650e+07
3000,0.00569792,1.626240e+07
3025,0.00569792,1.637260e+07
3050,0.00569792,1.648860e+07
3075,0.00569792,1.661180e+07
3100,0.00569792,1.674350e+07
3125,0.00569792,1.688510e+07
3150,0.00569792,1.703790e+07
3175,0.00569792,1.720310e+07
3200,0.00569792,1.738200e+07
3225,0.00569792,1.757570e+07
3250,0.00569792,1.778530e+07
3275,0.00569792,1.801210e+07
3300,0.00569792,1.825710e+07
3325,0.00569792,1.852130e+07
3350,0.00569792,1.880580e+07
3375,0.00569792,1.911160e+07
3400,0.00569792,1.943950e+07
3425,0.00569792,1.979050e+07
3450,0.00569792,2.016530e+07
3475,0.00569792,2.056440e+07
3500,0.00569792,2.098820e+07
3525,0.00569792,2.143680e+07
3550,0.00569792,2.190980e+07
3575,0.00569792,2.240650e+07
3600,0.00569792,2.292550e+07
3625,0.00569792,2.346490e+07
3650,0.00569792,2.402200e+07
3675,0.00569792,2.459340e+07
3700,0.00569792,2.517460e+07
3725,0.00569792,2.576060e+07
3750,0.00569792,2.634570e+07
3775,0.00569792,2.692380e+07
3800,0.00569792,2.748840e+07
3825,0.00569792,2.803350e+07
3850,0.00569792,2.855320e+07
3875,0.00569792,2.904290e+07
3900,0.00569792,2.949880e+07
3925,0.00569792,2.991870e+07
3950,0.00569792,3.030140e+07
3975,0.00569792,3.064730e+07
4000,0.00569792,3.095760e+07
4025,0.00569792,3.123440e+07
4050,0.00569792,3.148030e+07
4075,0.00569792,3.169830e+07
4100,0.00569792,3.189150e+07
4125,0.00569792,3.206280e+07
4150,0.00569792,3.221500e+07
4175,0.00569792,3.235070e+07
4200,0.00569792,3.247230e+07
4225,0.00569792,3.258180e+07
4250,0.00569792,3.268100e+07
4275,0.00569792,3.277130e+07
4300,0.00569792,3.285410e+07
4325,0.00569792,3.293040e+07
4350,0.00569792,3.300130e+07
4375,0.00569792,3.306750e+07
4400,0.00569792,3.312970e+07
4425,0.00569792,3.318840e+07
4450,0.00569792,3.324400e+07
4475,0.00569792,3.329710e+07
4500,0.00569792,3.334780e+07
4525,0.00569792,3.339660e+07
4550,0.00569792,3.344350e+07
4575,0.00569792,3.348890e+07
4600,0.00569792,3.353290e+07
4625,0.00569792,3.357560e+07
4650,0.00569792,3.361720e+07
4675,0.00569792,3.365770e+07
4700,0.00569792,3.369730e+07
4725,0.00569792,3.373600e+07
4750,0.00569792,3.377390e+07
4775,0.00569792,3.381120e+07
4800,0.00569792,3.384770e+07
4825,0.00569792,3.388370e+07
4850,0.00569792,3.391910e+07
4875,0.00569792,3.395400e+07
4900,0.00569792,3.398850e+07
4925,0.00569792,3.402250e+07
4950,0.00569792,3.405620e+07
4975,0.00569792,3.408950e+07
5000,0.00569792,3.412250e+07
300,0.0101325,1.923390e+03
325,0.0101325,2.792160e+04
350,0.0101325,5.393720e+04
375,0.0101325,7.997940e+04
400,0.0101325,1.060590e+05
425,0.0101325,1.321880e+05
450,0.0101325,1.583790e+05
475,0.0101325,1.846450e+05
500,0.0101325,2.109980e+05
525,0.0101325,2.374480e+05
550,0.0101325,2.640080e+05
575,0.0101325,2.906850e+05
600,0.0101325,3.174900e+05
625,0.0101325,3.444280e+05
650,0.0101325,3.715060e+05
675,0.0101325,3.987290e+05
700,0.0101325,4.260990e+05
725,0.0101325,4.536200e+05
750,0.0101325,4.812930e+05
775,0.0101325,5.091190e+05
800,0.0101325,5.370960e+05
825,0.0101325,5.652230e+05
850,0.0101325,5.935000e+05
875,0.0101325,6.219230e+05
900,0.0101325,6.504890e+05
925,0.0101325,6.791960e+05
950,0.0101325,7.080370e+05
975,0.0101325,7.370070e+05
1000,0.0101325,7.660910e+05
1025,0.0101325,7.952640e+05
1050,0.0101325,8.244740e+05
1075,0.0101325,8.536200e+05
1100,0.0101325,8.825060e+05
1125,0.0101325,9.107680e+05
1150,0.0101325,9.377410e+05
1175,0.0101325,9.622450e+05
1200,0.0101325,9.822490e+05
1225,0.0101325,9.944270e+05
1250,0.0101325,9.932290e+05
1275,0.0101325,9.698230e+05
1300,0.0101325,9.103920e+05
1325,0.0101325,7.937520e+05
1350,0.0101325,5.931660e+05
1375,0.0101325,6.232260e+05
1400,0.0101325,6.526380e+05
1425,0.0101325,6.807020e+05
1450,0.0101325,7.061210e+05
1475,0.0101325,7.265550e+05
1500,0.0101325,7.379110e+05
1525,0.0101325,7.332680e+05
1550,0.0101325,7.014200e+05
1575,0.0101325,6.252950e+05
1600,0.0101325,4.810980e+05
1625,0.0101325,2.399840e+05
1650,0.0101325,2.605690e+05
1675,0.0101325,2.895670e+05
1700,0.0101325,3.186490e+05
1725,0.0101325,3.478380e+05
1750,0.0101325,3.771680e+05
1775,0.0101325,4.066900e+05
1800,0.0101325,4.364790e+05
1825,0.0101325,4.666480e+05
1850,0.0101325,4.973580e+05
1875,0.0101325,5.288400e+05
1900,0.0101325,5.614220e+05
1925,0.0101325,5.955630e+05
1950,0.0101325,6.319010e+05
1975,0.0101325,6.713120e+05
2000,0.0101325,7.149830e+05
2025,0.0101325,7.645030e+05
2050,0.0101325,8.219640e+05
2075,0.0101325,8.900700e+05
2100,0.0101325,9.722260e+05
2125,0.0101325,1.072600e+06
2150,0.0101325,1.196050e+06
2175,0.0101325,1.348000e+06
2200,0.0101325,1.533960e+06
2225,0.0101325,1.758920e+06
2250,0.0101325,2.026450e+06
2275,0.0101325,2.337620e+06
2300,0.0101325,2.690060e+06
2325,0.0101325,3.077420e+06
2350,0.0101325,3.489870e+06
2375,0.0101325,3.916340e+06
2400,0.0101325,4.349310e+06
2425,0.0101325,4.792370e+06
2450,0.0101325,5.268810e+06
2475,0.0101325,5.827990e+06
2500,0.0101325,6.543540e+06
2525,0.0101325,7.498230e+06
2550,0.0101325,8.755060e+06
2575,0.0101325,1.040193e+07
2600,0.0101325,1.224882e+07
2625,0.0101325,1.375040e+07
2650,0.0101325,1.399490e+07
2675,0.0101325,1.422299e+07
2700,0.0101325,1.443227e+07
2725,0.0101325,1.462150e+07
2750,0.0101325,1.478150e+07
2775,0.0101325,1.493380e+07
2800,0.0101325,1.507830e+07
2825,0.0101325,1.521520e+07
2850,0.0101325,1.534470e+07
2875,0.0101325,1.546740e+07
2900,0.0101325,1.558400e+07
2925,0.0101325,1.569550e+07
2950,0.0101325,1.580300e+07
2975,0.0101325,1.590760e+07
3000,0.0101325,1.601080e+07
3025,0.0101325,1.611360e+07
3050,0.0101325,1.621750e+07
3075,0.0101325,1.632360e+07
3100,0.0101325,1.643350e+07
3125,0.0101325,1.654820e+07
3150,0.0101325,1.666920e+07
3175,0.0101325,1.679760e+07
3200,0.0101325,1.693460e+07
3225,0.0101325,1.708150e+07
3250,0.0101325,1.723930e+07
3275,0.0101325,1.740920e+07
3300,0.0101325,1.759230e+07
3325,0.0101325,1.778960e+07
3350,0.0101325,1.800220e+07
3375,0.0101325,1.823100e+07
3400,0.0101325,1.847700e+07
3425,0.0101325,1.874110e+07
3450,0.0101325,1.902420e+07
3475,0.0101325,1.932730e+07
3500,0.0101325,1.965100e+07
3525,0.0101325,1.999600e+07
3550,0.0101325,2.036300e+07
3575,0.0101325,2.075240e+07
3600,0.0101325,2.116430e+07
3625,0.0101325,2.159860e+07
3650,0.0101325,2.205510e+07
3675,0.0101325,2.253290e+07
3700,0.0101325,2.303070e+07
3725,0.0101325,2.354670e+07
3750,0.0101325,2.407850e+07
3775,0.0101325,2.462300e+07
3800,0.0101325,2.517660e+07
3825,0.0101325,2.573470e+07
3850,0.0101325,2.629270e+07
3875,0.0101325,2.684530e+07
3900,0.0101325,2.738710e+07
3925,0.0101325,2.791280e+07
3950,0.0101325,2.841750e+07
3975,0.0101325,2.889670e+07
4000,0.0101325,2.934720e+07
4025,0.0101325,2.976630e+07
4050,0.0101325,3.015260e+07
4075,0.0101325,3.050580e+07
4100,0.0101325,3.082630e+07
4125,0.0101325,3.111560e+07
4150,0.0101325,3.137550e+07
4175,0.0101325,3.160820e+07
4200,0.0101325,3.181630e+07
4225,0.0101325,3.200230e+07
4250,0.0101325,3.216880e+07
4275,0.0101325,3.231790e+07
4300,0.0101325,3.245210e+07
4325,0.0101325,3.257320e+07
4350,0.0101325,3.268290e+07
4375,0.0101325,3.278290e+07
4400,0.0101325,3.287450e+07
4425,0.0101325,3.295880e+07
4450,0.0101325,3.303690e+07
4475,0.0101325,3.310950e+07
4500,0.0101325,3.317750e+07
4525,0.0101325,3.324140e+07
4550,0.0101325,3.330170e+07
4575,0.0101325,3.335900e+07
4600,0.0101325,3.341360e+07
4625,0.0101325,3.346590e+07
4650,0.0101325,3.351600e+07
4675,0.0101325,3.356420e+07
4700,0.0101325,3.361080e+07
4725,0.0101325,3.365600e+07
4750,0.0101325,3.369970e+07
4775,0.0101325,3.374230e+07
4800,0.0101325,3.378370e+07
4825,0.0101325,3.382420e+07
4850,0.0101325,3.386380e+07
4875,0.0101325,3.390250e+07
4900,0.0101325,3.394050e+07
4925,0.0101325,3.397780e+07
4950,0.0101325,3.401440e+07
4975,0.0101325,3.405050e+07
5000,0.0101325,3.408600e+07
300,0.0180184,1.923390e+03
325,0.0180184,2.792160e+04
350,0.0180184,5.393720e+04
375,0.0180184,7.997940e+04
400,0.0180184,1.060590e+05
425,0.0180184,1.321880e+05
450,0.0180184,1.583790e+05
475,0.0180184,1.846450e+05
500,0.0180184,2.109980e+05
525,0.0180184,2.374480e+05
550,0.0180184,2.640080e+05
575,0.0180184,2.906850e+05
600,0.0180184,3.174900e+05
625,0.0180184,3.444280e+05
650,0.0180184,3.715060e+05
675,0.0180184,3.987290e+05
700,0.0180184,4.260990e+05
725,0.0180184,4.536200e+05
750,0.0180184,4.812930e+05
775,0.0180184,5.091190e+05
800,0.0180184,5.370960e+05
825,0.0180184,5.652230e+05
850,0.0180184,5.935000e+05
875,0.0180184,6.219230e+05
900,0.0180184,6.504900e+05
925,0.0180184,6.791970e+05
950,0.0180184,7.080410e+05
975,0.0180184,7.370150e+05
1000,0.0180184,7.661120e+05
1025,0.0180184,7.953160e+05
1050,0.0180184,8.245950e+05
1075,0.0180184,8.538920e+05
1100,0.0180184,8.830940e+05
1125,0.0180184,9.119950e+05
1150,0.0180184,9.402200e+05
1175,0.0180184,9.671040e+05
1200,0.0180184,9.915030e+05
1225,0.0180184,1.011540e+06
1250,0.0180184,1.024110e+06
1275,0.0180184,1.024220e+06
1300,0.0180184,1.004120e+06
1325,0.0180184,9.518820e+05
1350,0.0180184,8.495960e+05
1375,0.0180184,6.708020e+05
1400,0.0180184,6.540630e+05
1425,0.0180184,6.836430e+05
1450,0.0180184,7.120320e+05
1475,0.0180184,7.381320e+05
1500,0.0180184,7.600120e+05
1525,0.0180184,7.743530e+05
1550,0.0180184,7.756370e+05
1575,0.0180184,7.550260e+05
1600,0.0180184,6.990780e+05
1625,0.0180184,5.887830e+05
1650,0.0180184,4.000450e+05
1675,0.0180184,2.894920e+05
1700,0.0180184,3.185290e+05
1725,0.0180184,3.476440e+05
1750,0.0180184,3.768570e+05
1775,0.0180184,4.061950e+05
1800,0.0180184,4.357020e+05
1825,0.0180184,4.654390e+05
1850,0.0180184,4.954990e+05
1875,0.0180184,5.260120e+05
1900,0.0180184,5.571620e+05
1925,0.0180184,5.892120e+05
1950,0.0180184,6.225250e+05
1975,0.0180184,6.576000e+05
2000,0.0180184,6.951230e+05
2025,0.0180184,7.360160e+05
2050,0.0180184,7.815120e+05
2075,0.0180184,8.332360e+05
2100,0.0180184,8.932880e+05
2125,0.0180184,9.643370e+05
2150,0.0180184,1.049680e+06
2175,0.0180184,1.153280e+06
2200,0.0180184,1.279660e+06
2225,0.0180184,1.433730e+06
2250,0.0180184,1.620370e+06
2275,0.0180184,1.843860e+06
2300,0.0180184,2.107090e+06
2325,0.0180184,2.410790e+06
2350,0.0180184,2.752770e+06
2375,0.0180184,3.127690e+06
2400,0.0180184,3.527650e+06
2425,0.0180184,3.944220e+06
2450,0.0180184,4.372510e+06
2475,0.0180184,4.817360e+06
2500,0.0180184,5.300430e+06
2525,0.0180184,5.865410e+06
2550,0.0180184,6.576360e+06
2575,0.0180184,7.504630e+06
2600,0.0180184,8.704640e+06
2625,0.0180184,1.020890e+07
2650,0.0180184,1.194296e+07
2675,0.0180184,1.364900e+07
2700,0.0180184,1.389250e+07
2725,0.0180184,1.412213e+07
2750,0.0180184,1.433540e+07
2775,0.0180184,1.451330e+07
2800,0.0180184,1.467340e+07
2825,0.0180184,1.482800e+07
2850,0.0180184,1.497650e+07
2875,0.0180184,1.511850e+07
2900,0.0180184,1.525390e+07
2925,0.0180184,1.538290e+07
2950,0.0180184,1.550580e+07
2975,0.0180184,1.562320e+07
3000,0.0180184,1.573600e+07
3025,0.0180184,1.584510e+07
3050,0.0180184,1.595130e+07
3075,0.0180184,1.605590e+07
3100,0.0180184,1.615980e+07
3125,0.0180184,1.626430e+07
3150,0.0180184,1.637050e+07
3175,0.0180184,1.647960e+07
3200,0.0180184,1.659260e+07
3225,0.0180184,1.671070e+07
3250,0.0180184,1.683510e+07
3275,0.0180184,1.696690e+07
3300,0.0180184,1.710710e+07
3325,0.0180184,1.725670e+07
3350,0.0180184,1.741680e+07
3375,0.0180184,1.758830e+07
3400,0.0180184,1.777230e+07
3425,0.0180184,1.796960e+07
3450,0.0180184,1.818110e+07
3475,0.0180184,1.840780e+07
3500,0.0180184,1.865050e+07
3525,0.0180184,1.891000e+07
3550,0.0180184,1.918710e+07
3575,0.0180184,1.948250e+07
3600,0.0180184,1.979690e+07
3625,0.0180184,2.013080e+07
3650,0.0180184,2.048480e+07
3675,0.0180184,2.085910e+07
3700,0.0180184,2.125390e+07
3725,0.0180184,2.166900e+07
3750,0.0180184,2.210410e+07
3775,0.0180184,2.255850e+07
3800,0.0180184,2.303110e+07
3825,0.0180184,2.352020e+07
3850,0.0180184,2.402400e+07
3875,0.0180184,2.453970e+07
3900,0.0180184,2.506430e+07
3925,0.0180184,2.559440e+07
3950,0.0180184,2.612570e+07
3975,0.0180184,2.665410e+07
4000,0.0180184,2.717500e+07
4025,0.0180184,2.768380e+07
4050,0.0180184,2.817630e+07
4075,0.0180184,2.864840e+07
4100,0.0180184,2.909680e+07
4125,0.0180184,2.951870e+07
4150,0.0180184,2.991250e+07
4175,0.0180184,3.027700e+07
4200,0.0180184,3.061200e+07
4225,0.0180184,3.091810e+07
4250,0.0180184,3.119640e+07
4275,0.0180184,3.144830e+07
4300,0.0180184,3.167590e+07
4325,0.0180184,3.188110e+07
4350,0.0180184,3.206610e+07
4375,0.0180184,3.223300e+07
4400,0.0180184,3.238370e+07
4425,0.0180184,3.252010e+07
4450,0.0180184,3.264410e+07
4475,0.0180184,3.275710e+07
4500,0.0180184,3.286050e+07
4525,0.0180184,3.295550e+07
4550,0.0180184,3.304320e+07
4575,0.0180184,3.312470e+07
4600,0.0180184,3.320060e+07
4625,0.0180184,3.327160e+07
4650,0.0180184,3.333850e+07
4675,0.0180184,3.340160e+07
4700,0.0180184,3.346150e+07
4725,0.0180184,3.351850e+07
4750,0.0180184,3.357300e+07
4775,0.0180184,3.362520e+07
4800,0.0180184,3.367540e+07
4825,0.0180184,3.372380e+07
4850,0.0180184,3.377060e+07
4875,0.0180184,3.381600e+07
4900,0.0180184,3.386000e+07
4925,0.0180184,3.390290e+07
4950,0.0180184,3.394460e+07
4975,0.0180184,3.398540e+07
5000,0.0180184,3.402530e+07
300,0.0320418,1.923390e+03
325,0.0320418,2.792160e+04
350,0.0320418,5.393720e+04
375,0.0320418,7.997940e+04
400,0.0320418,1.060590e+05
425,0.0320418,1.321880e+05
450,0.0320418,1.583790e+05
475,0.0320418,1.846450e+05
500,0.0320418,2.109980e+05
525,0.0320418,2.374480e+05
550,0.0320418,2.640080e+05
575,0.0320418,2.906850e+05
600,0.0320418,3.174900e+05
625,0.0320418,3.444280e+05
650,0.0320418,3.715060e+05
675,0.0320418,3.987290e+05
700,0.0320418,4.260990e+05
725,0.0320418,4.536200e+05
750,0.0320418,4.812930e+05
775,0.0320418,5.091190e+05
800,0.0320418,5.370960e+05
825,0.0320418,5.652230e+05
850,0.0320418,5.935000e+05
875,0.0320418,6.219230e+05
900,0.0320418,6.504900e+05
925,0.0320418,6.791980e+05
950,0.0320418,7.080420e+05
975,0.0320418,7.370200e+05
1000,0.0320418,7.661240e+05
1025,0.0320418,7.953450e+05
1050,0.0320418,8.246630e+05
1075,0.0320418,8.540450e+05
1100,0.0320418,8.834240e+05
1125,0.0320418,9.126850e+05
1150,0.0320418,9.416140e+05
1175,0.0320418,9.698360e+05
1200,0.0320418,9.967060e+05
1225,0.0320418,1.021170e+06
1250,0.0320418,1.041470e+06
1275,0.0320418,1.054810e+06
1300,0.0320418,1.056830e+06
1325,0.0320418,1.040810e+06
1350,0.0320418,9.966790e+05
1375,0.0320418,9.095600e+05
1400,0.0320418,7.578440e+05
1425,0.0320418,6.850090e+05
1450,0.0320418,7.147790e+05
1475,0.0320418,7.435230e+05
1500,0.0320418,7.703350e+05
1525,0.0320418,7.936520e+05
1550,0.0320418,8.108380e+05
1575,0.0320418,8.175780e+05
1600,0.0320418,8.070340e+05
1625,0.0320418,7.688360e+05
1650,0.0320418,6.881540e+05
1675,0.0320418,5.455270e+05
1700,0.0320418,3.185732e+05
1725,0.0320418,3.475310e+05
1750,0.0320418,3.766780e+05
1775,0.0320418,4.059130e+05
1800,0.0320418,4.352600e+05
1825,0.0320418,4.647550e+05
1850,0.0320418,4.944480e+05
1875,0.0320418,5.244120e+05
1900,0.0320418,5.547540e+05
1925,0.0320418,5.856210e+05
1950,0.0320418,6.172180e+05
1975,0.0320418,6.498310e+05
2000,0.0320418,6.838510e+05
2025,0.0320418,7.198090e+05
2050,0.0320418,7.584180e+05
2075,0.0320418,8.006290e+05
2100,0.0320418,8.476890e+05
2125,0.0320418,9.012200e+05
2150,0.0320418,9.632880e+05
2175,0.0320418,1.036470e+06
2200,0.0320418,1.123910e+06
2225,0.0320418,1.229300e+06
2250,0.0320418,1.356790e+06
2275,0.0320418,1.502560e+06
2300,0.0320418,1.674490e+06
2325,0.0320418,1.882130e+06
2350,0.0320418,2.133040e+06
2375,0.0320418,2.435940e+06
2400,0.0320418,2.794710e+06
2425,0.0320418,3.155890e+06
2450,0.0320418,3.542530e+06
2475,0.0320418,3.948410e+06
2500,0.0320418,4.370500e+06
2525,0.0320418,4.813870e+06
2550,0.0320418,5.297480e+06
2575,0.0320418,5.858500e+06
2600,0.0320418,6.551270e+06
2625,0.0320418,7.436990e+06
2650,0.0320418,8.564070e+06
2675,0.0320418,9.946790e+06
2700,0.0320418,1.155726e+07
2725,0.0320418,1.325284e+07
2750,0.0320418,1.378820e+07
2775,0.0320418,1.401884e+07
2800,0.0320418,1.423040e+07
2825,0.0320418,1.439130e+07
2850,0.0320418,1.454970e+07
2875,0.0320418,1.470460e+07
2900,0.0320418,1.485510e+07
2925,0.0320418,1.500060e+07
2950,0.0320418,1.514060e+07
2975,0.0320418,1.527510e+07
3000,0.0320418,1.540400e+07
3025,0.0320418,1.552760e+07
3050,0.0320418,1.564630e+07
3075,0.0320418,1.576070e+07
3100,0.0320418,1.587150e+07
3125,0.0320418,1.597950e+07
3150,0.0320418,1.608560e+07
3175,0.0320418,1.619080e+07
3200,0.0320418,1.629590e+07
3225,0.0320418,1.640200e+07
3250,0.0320418,1.651010e+07
3275,0.0320418,1.662120e+07
3300,0.0320418,1.673640e+07
3325,0.0320418,1.685660e+07
3350,0.0320418,1.698280e+07
3375,0.0320418,1.711590e+07
3400,0.0320418,1.725700e+07
3425,0.0320418,1.740690e+07
3450,0.0320418,1.756650e+07
3475,0.0320418,1.773680e+07
3500,0.0320418,1.791850e+07
3525,0.0320418,1.811250e+07
3550,0.0320418,1.831960e+07
3575,0.0320418,1.854050e+07
3600,0.0320418,1.877610e+07
3625,0.0320418,1.902700e+07
3650,0.0320418,1.929390e+07
3675,0.0320418,1.957750e+07
3700,0.0320418,1.987830e+07
3725,0.0320418,2.019680e+07
3750,0.0320418,2.053340e+07
3775,0.0320418,2.088840e+07
3800,0.0320418,2.126190e+07
3825,0.0320418,2.165370e+07
3850,0.0320418,2.206370e+07
3875,0.0320418,2.249120e+07
3900,0.0320418,2.293530e+07
3925,0.0320418,2.339490e+07
3950,0.0320418,2.386820e+07
3975,0.0320418,2.435330e+07
4000,0.0320418,2.484770e+07
4025,0.0320418,2.534870e+07
4050,0.0320418,2.585290e+07
4075,0.0320418,2.635690e+07
4100,0.0320418,2.685690e+07
4125,0.0320418,2.734920e+07
4150,0.0320418,2.782990e+07
4175,0.0320418,2.829540e+07
4200,0.0320418,2.874260e+07
4225,0.0320418,2.916860e+07
4250,0.0320418,2.957120e+07
4275,0.0320418,2.994900e+07
4300,0.0320418,3.030090e+07
4325,0.0320418,3.062670e+07
4350,0.0320418,3.092670e+07
4375,0.0320418,3.120170e+07
4400,0.0320418,3.145290e+07
4425,0.0320418,3.168170e+07
4450,0.0320418,3.188980e+07
4475,0.0320418,3.207890e+07
4500,0.0320418,3.225070e+07
4525,0.0320418,3.240710e+07
4550,0.0320418,3.254950e+07
4575,0.0320418,3.267950e+07
4600,0.0320418,3.279860e+07
4625,0.0320418,3.290800e+07
4650,0.0320418,3.300890e+07
4675,0.0320418,3.310220e+07
4700,0.0320418,3.318890e+07
4725,0.0320418,3.326980e+07
4750,0.0320418,3.334550e+07
4775,0.0320418,3.341670e+07
4800,0.0320418,3.348390e+07
4825,0.0320418,3.354750e+07
4850,0.0320418,3.360800e+07
4875,0.0320418,3.366580e+07
4900,0.0320418,3.372100e+07
4925,0.0320418,3.377400e+07
4950,0.0320418,3.382500e+07
4975,0.0320418,3.387420e+07
5000,0.0320418,3.392180e+07
300,0.0569792,1.923390e+03
325,0.0569792,2.792160e+04
350,0.0569792,5.393720e+04
375,0.0569792,7.997940e+04
400,0.0569792,1.060590e+05
425,0.0569792,1.321880e+05
450,0.0569792,1.583790e+05
475,0.0569792,1.846450e+05
500,0.0569792,2.109980e+05
525,0.0569792,2.374480e+05
550,0.0569792,2.640080e+05
575,0.0569792,2.906850e+05
600,0.0569792,3.174900e+05
625,0.0569792,3.444280e+05
650,0.0569792,3.715060e+05
675,0.0569792,3.987290e+05
700,0.0569792,4.260990e+05
725,0.0569792,4.536200e+05
750,0.0569792,4.812930e+05
775,0.0569792,5.091190e+05
800,0.0569792,5.370960e+05
825,0.0569792,5.652230e+05
850,0.0569792,5.935000e+05
875,0.0569792,6.219230e+05
900,0.0569792,6.504900e+05
925,0.0569792,6.791980e+05
950,0.0569792,7.080430e+05
975,0.0569792,7.370220e+05
1000,0.0569792,7.661310e+05
1025,0.0569792,7.953620e+05
1050,0.0569792,8.247020e+05
1075,0.0569792,8.541310e+05
1100,0.0569792,8.836100e+05
1125,0.0569792,9.130730e+05
1150,0.0569792,9.423980e+05
1175,0.0569792,9.713730e+05
1200,0.0569792,9.996330e+05
1225,0.0569792,1.026580e+06
1250,0.0569792,1.051240e+06
1275,0.0569792,1.072020e+06
1300,0.0569792,1.086470e+06
1325,0.0569792,1.090810e+06
1350,0.0569792,1.079390e+06
1375,0.0569792,1.043830e+06
1400,0.0569792,9.719720e+05
1425,0.0569792,8.464590e+05
1450,0.0569792,7.160540e+05
1475,0.0569792,7.460280e+05
1500,0.0569792,7.751400e+05
1525,0.0569792,8.026580e+05
1550,0.0569792,8.273430e+05
1575,0.0569792,8.471420e+05
1600,0.0569792,8.587430e+05
1625,0.0569792,8.569550e+05
1650,0.0569792,8.339350e+05
1675,0.0569792,7.783870e+05
1700,0.0569792,6.750950e+05
1725,0.0569792,5.054870e+05
1750,0.0569792,3.765720e+05
1775,0.0569792,4.057500e+05
1800,0.0569792,4.350070e+05
1825,0.0569792,4.643650e+05
1850,0.0569792,4.938510e+05
1875,0.0569792,5.235060e+05
1900,0.0569792,5.533900e+05
1925,0.0569792,5.835870e+05
1950,0.0569792,6.142140e+05
1975,0.0569792,6.454310e+05
2000,0.0569792,6.774630e+05
2025,0.0569792,7.106120e+05
2050,0.0569792,7.452870e+05
2075,0.0569792,7.820370e+05
2100,0.0569792,8.215890e+05
2125,0.0569792,8.648980e+05
2150,0.0569792,9.132020e+05
2175,0.0569792,9.680850e+05
2200,0.0569792,1.031540e+06
2225,0.0569792,1.106010e+06
2250,0.0569792,1.188890e+06
2275,0.0569792,1.282970e+06
2300,0.0569792,1.393950e+06
2325,0.0569792,1.525690e+06
2350,0.0569792,1.682770e+06
2375,0.0569792,1.870620e+06
2400,0.0569792,2.095580e+06
2425,0.0569792,2.364940e+06
2450,0.0569792,2.686950e+06
2475,0.0569792,3.070700e+06
2500,0.0569792,3.525880e+06
2525,0.0569792,3.929740e+06
2550,0.0569792,4.343190e+06
2575,0.0569792,4.781070e+06
2600,0.0569792,5.259140e+06
2625,0.0569792,5.807840e+06
2650,0.0569792,6.472100e+06
2675,0.0569792,7.303910e+06
2700,0.0569792,8.347150e+06
2725,0.0569792,9.619760e+06
2750,0.0569792,1.110204e+07
2775,0.0569792,1.269335e+07
2800,0.0569792,1.368110e+07
2825,0.0569792,1.391201e+07
2850,0.0569792,1.410470e+07
2875,0.0569792,1.425970e+07
2900,0.0569792,1.441400e+07
2925,0.0569792,1.456660e+07
2950,0.0569792,1.471660e+07
2975,0.0569792,1.486330e+07
3000,0.0569792,1.500600e+07
3025,0.0569792,1.514440e+07
3050,0.0569792,1.527810e+07
3075,0.0569792,1.540720e+07
3100,0.0569792,1.553160e+07
3125,0.0569792,1.565170e+07
3150,0.0569792,1.576790e+07
3175,0.0569792,1.588060e+07
3200,0.0569792,1.599050e+07
3225,0.0569792,1.609830e+07
3250,0.0569792,1.620480e+07
3275,0.0569792,1.631070e+07
3300,0.0569792,1.641690e+07
3325,0.0569792,1.652420e+07
3350,0.0569792,1.663360e+07
3375,0.0569792,1.674590e+07
3400,0.0569792,1.686210e+07
3425,0.0569792,1.698290e+07
3450,0.0569792,1.710920e+07
3475,0.0569792,1.724200e+07
3500,0.0569792,1.738190e+07
3525,0.0569792,1.752990e+07
3550,0.0569792,1.768670e+07
3575,0.0569792,1.785310e+07
3600,0.0569792,1.802990e+07
3625,0.0569792,1.821780e+07
3650,0.0569792,1.841740e+07
3675,0.0569792,1.862960e+07
3700,0.0569792,1.885480e+07
3725,0.0569792,1.909390e+07
3750,0.0569792,1.934730e+07
3775,0.0569792,1.961570e+07
3800,0.0569792,1.989950e+07
3825,0.0569792,2.019920e+07
3850,0.0569792,2.051500e+07
3875,0.0569792,2.084740e+07
3900,0.0569792,2.119630e+07
3925,0.0569792,2.156180e+07
3950,0.0569792,2.194370e+07
3975,0.0569792,2.234160e+07
4000,0.0569792,2.275480e+07
4025,0.0569792,2.318240e+07
4050,0.0569792,2.362330e+07
4075,0.0569792,2.407590e+07
4100,0.0569792,2.453830e+07
4125,0.0569792,2.500850e+07
4150,0.0569792,2.548400e+07
4175,0.0569792,2.596190e+07
4200,0.0569792,2.643940e+07
4225,0.0569792,2.691320e+07
4250,0.0569792,2.738030e+07
4275,0.0569792,2.783740e+07
4300,0.0569792,2.828150e+07
4325,0.0569792,2.870990e+07
4350,0.0569792,2.912020e+07
4375,0.0569792,2.951050e+07
4400,0.0569792,2.987920e+07
4425,0.0569792,3.022540e+07
4450,0.0569792,3.054870e+07
4475,0.0569792,3.084910e+07
4500,0.0569792,3.112690e+07
4525,0.0569792,3.138300e+07
4550,0.0569792,3.161830e+07
4575,0.0569792,3.183420e+07
4600,0.0569792,3.203200e+07
4625,0.0569792,3.221320e+07
4650,0.0569792,3.237900e+07
4675,0.0569792,3.253110e+07
4700,0.0569792,3.267060e+07
4725,0.0569792,3.279890e+07
4750,0.0569792,3.291720e+07
4775,0.0569792,3.302650e+07
4800,0.0569792,3.312790e+07
4825,0.0569792,3.322210e+07
4850,0.0569792,3.331010e+07
4875,0.0569792,3.339240e+07
4900,0.0569792,3.346970e+07
4925,0.0569792,3.354260e+07
4950,0.0569792,3.361150e+07
4975,0.0569792,3.367690e+07
5000,0.0569792,3.373920e+07
300,0.101325,1.923390e+03
325,0.101325,2.792160e+04
350,0.101325,5.393720e+04
375,0.101325,7.997940e+04
400,0.101325,1.060590e+05
425,0.101325,1.321880e+05
450,0.101325,1.583790e+05
475,0.101325,1.846450e+05
500,0.101325,2.109980e+05
525,0.101325,2.374480e+05
550,0.101325,2.640080e+05
575,0.101325,2.906850e+05
600,0.101325,3.174900e+05
625,0.101325,3.444280e+05
650,0.101325,3.715060e+05
675,0.101325,3.987290e+05
700,0.101325,4.260990e+05
725,0.101325,4.536200e+05
750,0.101325,4.812930e+05
775,0.101325,5.091190e+05
800,0.101325,5.370960e+05
825,0.101325,5.652230e+05
850,0.101325,5.935000e+05
875,0.101325,6.219230e+05
900,0.101325,6.504900e+05
925,0.101325,6.791980e+05
950,0.101325,7.080440e+05
975,0.101325,7.370240e+05
1000,0.101325,7.661350e+05
1025,0.101325,7.953710e+05
1050,0.101325,8.247230e+05
1075,0.101325,8.541790e+05
1100,0.101325,8.837150e+05
1125,0.101325,9.132920e+05
1150,0.101325,9.428390e+05
1175,0.101325,9.722370e+05
1200,0.101325,1.001280e+06
1225,0.101325,1.029630e+06
1250,0.101325,1.056730e+06
1275,0.101325,1.081690e+06
1300,0.101325,1.103130e+06
1325,0.101325,1.118930e+06
1350,0.101325,1.125910e+06
1375,0.101325,1.119340e+06
1400,0.101325,1.092390e+06
1425,0.101325,1.035300e+06
1450,0.101325,9.343320e+05
1475,0.101325,7.704200e+05
1500,0.101325,7.773710e+05
1525,0.101325,8.068480e+05
1550,0.101325,8.350380e+05
1575,0.101325,8.609800e+05
1600,0.101325,8.831020e+05
1625,0.101325,8.989100e+05
1650,0.101325,9.045330e+05
1675,0.101325,8.941560e+05
1700,0.101325,8.593690e+05
1725,0.101325,7.886370e+05
1750,0.101325,6.672580e+05
1775,0.101325,4.784240e+05
1800,0.101325,4.348580e+05
1825,0.101325,4.641390e+05
1850,0.101325,4.935080e+05
1875,0.101325,5.229890e+05
1900,0.101325,5.526150e+05
1925,0.101325,5.824330e+05
1950,0.101325,6.125100e+05
1975,0.101325,6.429370e+05
2000,0.101325,6.738410e+05
2025,0.101325,7.053950e+05
2050,0.101325,7.378320e+05
2075,0.101325,7.714670e+05
2100,0.101325,8.067190e+05
2125,0.101325,8.441410e+05
2150,0.101325,8.844580e+05
2175,0.101325,9.286110e+05
2200,0.101325,9.778020e+05
2225,0.101325,1.033550e+06
2250,0.101325,1.092040e+06
2275,0.101325,1.158430e+06
2300,0.101325,1.234590e+06
2325,0.101325,1.322740e+06
2350,0.101325,1.425570e+06
2375,0.101325,1.546310e+06
2400,0.101325,1.688800e+06
2425,0.101325,1.857600e+06
2450,0.101325,2.058020e+06
2475,0.101325,2.296200e+06
2500,0.101325,2.579110e+06
2525,0.101325,2.914540e+06
2550,0.101325,3.310910e+06
2575,0.101325,3.777070e+06
2600,0.101325,4.291330e+06
2625,0.101325,4.719470e+06
2650,0.101325,5.186390e+06
2675,0.101325,5.716130e+06
2700,0.101325,6.344800e+06
2725,0.101325,7.115860e+06
2750,0.101325,8.069070e+06
2775,0.101325,9.226010e+06
2800,0.101325,1.057900e+07
2825,0.101325,1.207598e+07
2850,0.101325,1.357050e+07
2875,0.101325,1.380068e+07
2900,0.101325,1.397620e+07
2925,0.101325,1.412320e+07
2950,0.101325,1.427090e+07
2975,0.101325,1.441860e+07
3000,0.101325,1.456540e+07
3025,0.101325,1.471050e+07
3050,0.101325,1.485330e+07
3075,0.101325,1.499320e+07
3100,0.101325,1.512970e+07
3125,0.101325,1.526260e+07
3150,0.101325,1.539170e+07
3175,0.101325,1.551680e+07
3200,0.101325,1.563820e+07
3225,0.101325,1.575610e+07
3250,0.101325,1.587070e+07
3275,0.101325,1.598260e+07
3300,0.101325,1.609220e+07
3325,0.101325,1.620020e+07
3350,0.101325,1.630710e+07
3375,0.101325,1.641370e+07
3400,0.101325,1.652070e+07
3425,0.101325,1.662880e+07
3450,0.101325,1.673880e+07
3475,0.101325,1.685140e+07
3500,0.101325,1.696740e+07
3525,0.101325,1.708760e+07
3550,0.101325,1.721270e+07
3575,0.101325,1.734340e+07
3600,0.101325,1.748060e+07
3625,0.101325,1.762480e+07
3650,0.101325,1.777690e+07
3675,0.101325,1.793740e+07
3700,0.101325,1.810710e+07
3725,0.101325,1.828660e+07
3750,0.101325,1.847650e+07
3775,0.101325,1.867740e+07
3800,0.101325,1.889000e+07
3825,0.101325,1.911480e+07
3850,0.101325,1.935220e+07
3875,0.101325,1.960290e+07
3900,0.101325,1.986720e+07
3925,0.101325,2.014550e+07
3950,0.101325,2.043820e+07
3975,0.101325,2.074560e+07
4000,0.101325,2.106770e+07
4025,0.101325,2.140470e+07
4050,0.101325,2.175640e+07
4075,0.101325,2.212260e+07
4100,0.101325,2.250300e+07
4125,0.101325,2.289680e+07
4150,0.101325,2.330340e+07
4175,0.101325,2.372160e+07
4200,0.101325,2.415010e+07
4225,0.101325,2.458730e+07
4250,0.101325,2.503160e+07
4275,0.101325,2.548070e+07
4300,0.101325,2.593240e+07
4325,0.101325,2.638430e+07
4350,0.101325,2.683370e+07
4375,0.101325,2.727810e+07
4400,0.101325,2.771480e+07
4425,0.101325,2.814130e+07
4450,0.101325,2.855510e+07
4475,0.101325,2.895420e+07
4500,0.101325,2.933660e+07
4525,0.101325,2.970110e+07
4550,0.101325,3.004640e+07
4575,0.101325,3.037180e+07
4600,0.101325,3.067710e+07
4625,0.101325,3.096230e+07
4650,0.101325,3.122770e+07
4675,0.101325,3.147400e+07
4700,0.101325,3.170190e+07
4725,0.101325,3.191260e+07
4750,0.101325,3.210700e+07
4775,0.101325,3.228630e+07
4800,0.101325,3.245170e+07
4825,0.101325,3.260430e+07
4850,0.101325,3.274530e+07
4875,0.101325,3.287580e+07
4900,0.101325,3.299670e+07
4925,0.101325,3.310900e+07
4950,0.101325,3.321360e+07
4975,0.101325,3.331120e+07
5000,0.101325,3.340260e+07
300,0.180184,1.923390e+03
325,0.180184,2.792160e+04
350,0.180184,5.393720e+04
375,0.180184,7.997940e+04
400,0.180184,1.060590e+05
425,0.180184,1.321880e+05
450,0.180184,1.583790e+05
475,0.180184,1.846450e+05
500,0.180184,2.109980e+05
525,0.180184,2.374480e+05
550,0.180184,2.640080e+05
575,0.180184,2.906850e+05
600,0.180184,3.174900e+05
625,0.180184,3.444280e+05
650,0.180184,3.715060e+05
675,0.180184,3.987290e+05
700,0.180184,4.260990e+05
725,0.180184,4.536200e+05
750,0.180184,4.812930e+05
775,0.180184,5.091190e+05
800,0.180184,5.370960e+05
825,0.180184,5.652230e+05
850,0.180184,5.935000e+05
875,0.180184,6.219230e+05
900,0.180184,6.504900e+05
925,0.180184,6.791980e+05
950,0.180184,7.080440e+05
975,0.180184,7.370250e+05
1000,0.180184,7.661370e+05
1025,0.180184,7.953760e+05
1050,0.180184,8.247350e+05
1075,0.180184,8.542060e+05
1100,0.180184,8.837740e+05
1125,0.180184,9.134140e+05
1150,0.180184,9.430870e+05
1175,0.180184,9.727230e+05
1200,0.180184,1.002200e+06
1225,0.180184,1.031340e+06
1250,0.180184,1.059820e+06
1275,0.180184,1.087130e+06
1300,0.180184,1.112510e+06
1325,0.180184,1.134750e+06
1350,0.180184,1.152060e+06
1375,0.180184,1.161800e+06
1400,0.180184,1.160110e+06
1425,0.180184,1.141500e+06
1450,0.180184,1.098250e+06
1475,0.180184,1.019630e+06
1500,0.180184,8.909710e+05
1525,0.180184,8.087920e+05
1550,0.180184,8.386160e+05
1575,0.180184,8.674260e+05
1600,0.180184,8.944850e+05
1625,0.180184,9.186160e+05
1650,0.180184,9.379710e+05
1675,0.180184,9.497140e+05
1700,0.180184,9.496120e+05
1725,0.180184,9.315430e+05
1750,0.180184,8.870060e+05
1775,0.180184,8.048360e+05
1800,0.180184,6.714750e+05
1825,0.180184,4.722420e+05
1850,0.180184,4.933070e+05
1875,0.180184,5.226900e+05
1900,0.180184,5.521700e+05
1925,0.180184,5.817740e+05
1950,0.180184,6.115400e+05
1975,0.180184,6.415190e+05
2000,0.180184,6.717830e+05
2025,0.180184,7.024320e+05
2050,0.180184,7.335970e+05
2075,0.180184,7.654600e+05
2100,0.180184,7.982590e+05
2125,0.180184,8.323140e+05
2150,0.180184,8.680440e+05
2175,0.180184,9.059960e+05
2200,0.180184,9.468800e+05
2225,0.180184,9.911240e+05
2250,0.180184,1.037190e+06
2275,0.180184,1.087870e+06
2300,0.180184,1.144220e+06
2325,0.180184,1.207520e+06
2350,0.180184,1.279310e+06
2375,0.180184,1.361460e+06
2400,0.180184,1.456220e+06
2425,0.180184,1.566310e+06
2450,0.180184,1.694950e+06
2475,0.180184,1.845930e+06
2500,0.180184,2.023740e+06
2525,0.180184,2.233550e+06
2550,0.180184,2.481300e+06
2575,0.180184,2.773680e+06
2600,0.180184,3.118100e+06
2625,0.180184,3.522490e+06
2650,0.180184,3.995080e+06
2675,0.180184,4.543970e+06
2700,0.180184,5.081700e+06
2725,0.180184,5.587540e+06
2750,0.180184,6.176470e+06
2775,0.180184,6.883930e+06
2800,0.180184,7.745240e+06
2825,0.180184,8.784490e+06
2850,0.180184,1.000410e+07
2875,0.180184,1.138050e+07
2900,0.180184,1.284309e+07
2925,0.180184,1.368410e+07
2950,0.180184,1.384970e+07
2975,0.180184,1.398700e+07
3000,0.180184,1.412610e+07
3025,0.180184,1.426640e+07
3050,0.180184,1.440720e+07
3075,0.180184,1.454790e+07
3100,0.180184,1.468780e+07
3125,0.180184,1.482640e+07
3150,0.180184,1.496300e+07
3175,0.180184,1.509720e+07
3200,0.180184,1.522870e+07
3225,0.180184,1.535720e+07
3250,0.180184,1.548270e+07
3275,0.180184,1.560500e+07
3300,0.180184,1.572420e+07
3325,0.180184,1.584050e+07
3350,0.180184,1.595430e+07
3375,0.180184,1.606570e+07
3400,0.180184,1.617530e+07
3425,0.180184,1.628350e+07
3450,0.180184,1.639090e+07
3475,0.180184,1.649800e+07
3500,0.180184,1.660540e+07
3525,0.180184,1.671370e+07
3550,0.180184,1.682370e+07
3575,0.180184,1.693580e+07
3600,0.180184,1.705080e+07
3625,0.180184,1.716940e+07
3650,0.180184,1.729210e+07
3675,0.180184,1.741970e+07
3700,0.180184,1.755280e+07
3725,0.180184,1.769190e+07
3750,0.180184,1.783780e+07
3775,0.180184,1.799100e+07
3800,0.180184,1.815210e+07
3825,0.180184,1.832160e+07
3850,0.180184,1.850020e+07
3875,0.180184,1.868830e+07
3900,0.180184,1.888660e+07
3925,0.180184,1.909540e+07
3950,0.180184,1.931520e+07
3975,0.180184,1.954650e+07
4000,0.180184,1.978980e+07
4025,0.180184,2.004530e+07
4050,0.180184,2.031330e+07
4075,0.180184,2.059430e+07
4100,0.180184,2.088820e+07
4125,0.180184,2.119530e+07
4150,0.180184,2.151560e+07
4175,0.180184,2.184900e+07
4200,0.180184,2.219520e+07
4225,0.180184,2.255400e+07
4250,0.180184,2.292470e+07
4275,0.180184,2.330690e+07
4300,0.180184,2.369950e+07
4325,0.180184,2.410150e+07
4350,0.180184,2.451170e+07
4375,0.180184,2.492860e+07
4400,0.180184,2.535060e+07
4425,0.180184,2.577590e+07
4450,0.180184,2.620240e+07
4475,0.180184,2.662820e+07
4500,0.180184,2.705110e+07
4525,0.180184,2.746880e+07
4550,0.180184,2.787930e+07
4575,0.180184,2.828040e+07
4600,0.180184,2.867030e+07
4625,0.180184,2.904720e+07
4650,0.180184,2.940960e+07
4675,0.180184,2.975630e+07
4700,0.180184,3.008650e+07
4725,0.180184,3.039940e+07
4750,0.180184,3.069480e+07
4775,0.180184,3.097260e+07
4800,0.180184,3.123300e+07
4825,0.180184,3.147630e+07
4850,0.180184,3.170330e+07
4875,0.180184,3.191460e+07
4900,0.180184,3.211110e+07
4925,0.180184,3.229360e+07
4950,0.180184,3.246310e+07
4975,0.180184,3.262060e+07
5000,0.180184,3.276690e+07
300,0.320418,1.923390e+03
325,0.320418,2.792160e+04
350,0.320418,5.393720e+04
375,0.320418,7.997940e+04
400,0.320418,1.060590e+05
425,0.320418,1.321880e+05
450,0.320418,1.583790e+05
475,0.320418,1.846450e+05
500,0.320418,2.109980e+05
525,0.320418,2.374480e+05
550,0.320418,2.640080e+05
575,0.320418,2.906850e+05
600,0.320418,3.174900e+05
625,0.320418,3.444280e+05
650,0.320418,3.715060e+05
675,0.320418,3.987290e+05
700,0.320418,4.260990e+05
725,0.320418,4.536200e+05
750,0.320418,4.812930e+05
775,0.320418,5.091190e+05
800,0.320418,5.370960e+05
825,0.320418,5.652230e+05
850,0.320418,5.935000e+05
875,0.320418,6.219230e+05
900,0.320418,6.504900e+05
925,0.320418,6.791980e+05
950,0.320418,7.080440e+05
975,0.320418,7.370250e+05
1000,0.320418,7.661380e+05
1025,0.320418,7.953790e+05
1050,0.320418,8.247420e+05
1075,0.320418,8.542210e+05
1100,0.320418,8.838070e+05
1125,0.320418,9.134830e+05
1150,0.320418,9.432270e+05
1175,0.320418,9.729960e+05
1200,0.320418,1.002720e+06
1225,0.320418,1.032300e+06
1250,0.320418,1.061550e+06
1275,0.320418,1.090190e+06
1300,0.320418,1.117780e+06
1325,0.320418,1.143640e+06
1350,0.320418,1.166770e+06
1375,0.320418,1.185680e+06
1400,0.320418,1.198190e+06
1425,0.320418,1.201230e+06
1450,0.320418,1.190430e+06
1475,0.320418,1.159780e+06
1500,0.320418,1.101020e+06
1525,0.320418,1.003000e+06
1550,0.320418,8.508590e+05
1575,0.320418,8.704200e+05
1600,0.320418,8.997830e+05
1625,0.320418,9.278120e+05
1650,0.320418,9.536360e+05
1675,0.320418,9.759100e+05
1700,0.320418,9.925920e+05
1725,0.320418,1.000660e+06
1750,0.320418,9.957340e+05
1775,0.320418,9.717220e+05
1800,0.320418,9.204440e+05
1825,0.320418,8.315520e+05
1850,0.320418,6.929540e+05
1875,0.320418,5.225080e+05
1900,0.320418,5.519070e+05
1925,0.320418,5.813910e+05
1950,0.320418,6.109810e+05
1975,0.320418,6.407060e+05
2000,0.320418,6.706080e+05
2025,0.320418,7.007430e+05
2050,0.320418,7.311860e+05
2075,0.320418,7.620410e+05
2100,0.320418,7.934440e+05
2125,0.320418,8.255790e+05
2150,0.320418,8.586860e+05
2175,0.320418,8.930830e+05
2200,0.320418,9.291800e+05
2225,0.320418,9.670580e+05
2250,0.320418,1.006090e+06
2275,0.320418,1.047870e+06
2300,0.320418,1.092990e+06
2325,0.320418,1.142170e+06
2350,0.320418,1.196290e+06
2375,0.320418,1.256420e+06
2400,0.320418,1.323850e+06
2425,0.320418,1.400160e+06
2450,0.320418,1.487230e+06
2475,0.320418,1.587320e+06
2500,0.320418,1.703130e+06
2525,0.320418,1.837840e+06
2550,0.320418,1.995240e+06
2575,0.320418,2.179710e+06
2600,0.320418,2.396330e+06
2625,0.320418,2.650890e+06
2650,0.320418,2.949900e+06
2675,0.320418,3.300500e+06
2700,0.320418,3.710310e+06
2725,0.320418,4.187220e+06
2750,0.320418,4.738890e+06
2775,0.320418,5.372310e+06
2800,0.320418,5.974590e+06
2825,0.320418,6.618780e+06
2850,0.320418,7.390120e+06
2875,0.320418,8.313400e+06
2900,0.320418,9.398950e+06
2925,0.320418,1.063660e+07
2950,0.320418,1.199530e+07
2975,0.320418,1.340796e+07
3000,0.320418,1.372960e+07
3025,0.320418,1.385600e+07
3050,0.320418,1.398500e+07
3075,0.320418,1.411610e+07
3100,0.320418,1.424870e+07
3125,0.320418,1.438240e+07
3150,0.320418,1.451650e+07
3175,0.320418,1.465070e+07
3200,0.320418,1.478420e+07
3225,0.320418,1.491680e+07
3250,0.320418,1.504790e+07
3275,0.320418,1.517720e+07
3300,0.320418,1.530440e+07
3325,0.320418,1.542930e+07
3350,0.320418,1.555180e+07
3375,0.320418,1.567180e+07
3400,0.320418,1.578930e+07
3425,0.320418,1.590450e+07
3450,0.320418,1.601760e+07
3475,0.320418,1.612870e+07
3500,0.320418,1.623840e+07
3525,0.320418,1.634680e+07
3550,0.320418,1.645440e+07
3575,0.320418,1.656180e+07
3600,0.320418,1.666920e+07
3625,0.320418,1.677740e+07
3650,0.320418,1.688680e+07
3675,0.320418,1.699790e+07
3700,0.320418,1.711130e+07
3725,0.320418,1.722760e+07
3750,0.320418,1.734730e+07
3775,0.320418,1.747090e+07
3800,0.320418,1.759910e+07
3825,0.320418,1.773240e+07
3850,0.320418,1.787120e+07
3875,0.320418,1.801620e+07
3900,0.320418,1.816780e+07
3925,0.320418,1.832650e+07
3950,0.320418,1.849290e+07
3975,0.320418,1.866740e+07
4000,0.320418,1.885040e+07
4025,0.320418,1.904250e+07
4050,0.320418,1.924390e+07
4075,0.320418,1.945520e+07
4100,0.320418,1.967670e+07
4125,0.320418,1.990880e+07
4150,0.320418,2.015170e+07
4175,0.320418,2.040570e+07
4200,0.320418,2.067100e+07
4225,0.320418,2.094780e+07
4250,0.320418,2.123620e+07
4275,0.320418,2.153630e+07
4300,0.320418,2.184790e+07
4325,0.320418,2.217090e+07
4350,0.320418,2.250510e+07
4375,0.320418,2.285000e+07
4400,0.320418,2.320520e+07
4425,0.320418,2.357010e+07
4450,0.320418,2.394370e+07
4475,0.320418,2.432520e+07
4500,0.320418,2.471350e+07
4525,0.320418,2.510730e+07
4550,0.320418,2.550530e+07
4575,0.320418,2.590580e+07
4600,0.320418,2.630740e+07
4625,0.320418,2.670820e+07
4650,0.320418,2.710650e+07
4675,0.320418,2.750050e+07
4700,0.320418,2.788850e+07
4725,0.320418,2.826880e+07
4750,0.320418,2.863980e+07
4775,0.320418,2.900000e+07
4800,0.320418,2.934810e+07
4825,0.320418,2.968310e+07
4850,0.320418,3.000410e+07
4875,0.320418,3.031040e+07
4900,0.320418,3.060170e+07
4925,0.320418,3.087770e+07
4950,0.320418,3.113850e+07
4975,0.320418,3.138410e+07
5000,0.320418,3.161510e+07
300,0.569792,1.923390e+03
325,0.569792,2.792160e+04
350,0.569792,5.393720e+04
375,0.569792,7.997940e+04
400,0.569792,1.060590e+05
425,0.569792,1.321880e+05
450,0.569792,1.583790e+05
475,0.569792,1.846450e+05
500,0.569792,2.109980e+05
525,0.569792,2.374480e+05
550,0.569792,2.640080e+05
575,0.569792,2.906850e+05
600,0.569792,3.174900e+05
625,0.569792,3.444280e+05
650,0.569792,3.715060e+05
675,0.569792,3.987290e+05
700,0.569792,4.260990e+05
725,0.569792,4.536200e+05
750,0.569792,4.812930e+05
775,0.569792,5.091190e+05
800,0.569792,5.370960e+05
825,0.569792,5.652230e+05
850,0.569792,5.935000e+05
875,0.569792,6.219230e+05
900,0.569792,6.504900e+05
925,0.569792,6.791980e+05
950,0.569792,7.080440e+05
975,0.569792,7.370260e+05
1000,0.569792,7.661390e+05
1025,0.569792,7.953800e+05
1050,0.569792,8.247460e+05
1075,0.569792,8.542300e+05
1100,0.569792,8.838250e+05
1125,0.569792,9.135220e+05
1150,0.569792,9.433050e+05
1175,0.569792,9.731500e+05
1200,0.569792,1.003020e+06
1225,0.569792,1.032840e+06
1250,0.569792,1.062530e+06
1275,0.569792,1.091910e+06
1300,0.569792,1.120740e+06
1325,0.569792,1.148640e+06
1350,0.569792,1.175040e+06
1375,0.569792,1.199100e+06
1400,0.569792,1.219610e+06
1425,0.569792,1.234810e+06
1450,0.569792,1.242270e+06
1475,0.569792,1.238600e+06
1500,0.569792,1.219140e+06
1525,0.569792,1.177640e+06
1550,0.569792,1.105720e+06
1575,0.569792,9.923650e+05
1600,0.569792,9.022420e+05
1625,0.569792,9.320880e+05
1650,0.569792,9.609360e+05
1675,0.569792,9.881560e+05
1700,0.569792,1.012780e+06
1725,0.569792,1.033370e+06
1750,0.569792,1.047790e+06
1775,0.569792,1.052980e+06
1800,0.569792,1.044670e+06
1825,0.569792,1.017040e+06
1850,0.569792,9.625660e+05
1875,0.569792,8.719640e+05
1900,0.569792,7.346980e+05
1925,0.569792,5.811590e+05
1950,0.569792,6.106510e+05
1975,0.569792,6.402330e+05
2000,0.569792,6.699300e+05
2025,0.569792,6.997730e+05
2050,0.569792,7.298050e+05
2075,0.569792,7.600870e+05
2100,0.569792,7.906950e+05
2125,0.569792,8.217350e+05
2150,0.569792,8.533460e+05
2175,0.569792,8.857100e+05
2200,0.569792,9.190640e+05
2225,0.569792,9.533840e+05
2250,0.569792,9.884370e+05
2275,0.569792,1.025170e+06
2300,0.569792,1.063920e+06
2325,0.569792,1.105090e+06
2350,0.569792,1.149180e+06
2375,0.569792,1.196790e+06
2400,0.569792,1.248660e+06
2425,0.569792,1.305670e+06
2450,0.569792,1.368930e+06
2475,0.569792,1.439720e+06
2500,0.569792,1.519640e+06
2525,0.569792,1.610570e+06
2550,0.569792,1.714760e+06
2575,0.569792,1.834920e+06
2600,0.569792,1.974220e+06
2625,0.569792,2.136400e+06
2650,0.569792,2.325820e+06
2675,0.569792,2.547500e+06
2700,0.569792,2.807160e+06
2725,0.569792,3.111220e+06
2750,0.569792,3.466690e+06
2775,0.569792,3.881050e+06
2800,0.569792,4.361980e+06
2825,0.569792,4.916980e+06
2850,0.569792,5.552780e+06
2875,0.569792,6.274720e+06
2900,0.569792,7.016370e+06
2925,0.569792,7.829100e+06
2950,0.569792,8.783390e+06
2975,0.569792,9.880020e+06
3000,0.569792,1.110230e+07
3025,0.569792,1.241750e+07
3050,0.569792,1.361960e+07
3075,0.569792,1.373470e+07
3100,0.569792,1.385270e+07
3125,0.569792,1.397330e+07
3150,0.569792,1.409620e+07
3175,0.569792,1.422080e+07
3200,0.569792,1.434690e+07
3225,0.569792,1.447400e+07
3250,0.569792,1.460170e+07
3275,0.569792,1.472950e+07
3300,0.569792,1.485710e+07
3325,0.569792,1.498410e+07
3350,0.569792,1.511010e+07
3375,0.569792,1.523490e+07
3400,0.569792,1.535820e+07
3425,0.569792,1.547970e+07
3450,0.569792,1.559950e+07
3475,0.569792,1.571730e+07
3500,0.569792,1.583330e+07
3525,0.569792,1.594740e+07
3550,0.569792,1.605970e+07
3575,0.569792,1.617060e+07
3600,0.569792,1.628010e+07
3625,0.569792,1.638850e+07
3650,0.569792,1.649620e+07
3675,0.569792,1.660350e+07
3700,0.569792,1.671080e+07
3725,0.569792,1.681850e+07
3750,0.569792,1.692700e+07
3775,0.569792,1.703670e+07
3800,0.569792,1.714820e+07
3825,0.569792,1.726190e+07
3850,0.569792,1.737820e+07
3875,0.569792,1.749750e+07
3900,0.569792,1.762050e+07
3925,0.569792,1.774750e+07
3950,0.569792,1.787910e+07
3975,0.569792,1.801560e+07
4000,0.569792,1.815740e+07
4025,0.569792,1.830520e+07
4050,0.569792,1.845920e+07
4075,0.569792,1.861990e+07
4100,0.569792,1.878770e+07
4125,0.569792,1.896300e+07
4150,0.569792,1.914620e+07
4175,0.569792,1.933760e+07
4200,0.569792,1.953750e+07
4225,0.569792,1.974640e+07
4250,0.569792,1.996440e+07
4275,0.569792,2.019190e+07
4300,0.569792,2.042900e+07
4325,0.569792,2.067600e+07
4350,0.569792,2.093310e+07
4375,0.569792,2.120030e+07
4400,0.569792,2.147760e+07
4425,0.569792,2.176510e+07
4450,0.569792,2.206270e+07
4475,0.569792,2.237030e+07
4500,0.569792,2.268750e+07
4525,0.569792,2.301400e+07
4550,0.569792,2.334930e+07
4575,0.569792,2.369300e+07
4600,0.569792,2.404440e+07
4625,0.569792,2.440260e+07
4650,0.569792,2.476680e+07
4675,0.569792,2.513590e+07
4700,0.569792,2.550890e+07
4725,0.569792,2.588450e+07
4750,0.569792,2.626140e+07
4775,0.569792,2.663820e+07
4800,0.569792,2.701350e+07
4825,0.569792,2.738590e+07
4850,0.569792,2.775400e+07
4875,0.569792,2.811620e+07
4900,0.569792,2.847140e+07
4925,0.569792,2.881820e+07
4950,0.569792,2.915550e+07
4975,0.569792,2.948230e+07
5000,0.569792,2.979780e+07
300,1.01325,1.923390e+03
325,1.01325,2.792160e+04
350,1.01325,5.393720e+04
375,1.01325,7.997940e+04
400,1.01325,1.060590e+05
425,1.01325,1.321880e+05
450,1.01325,1.583790e+05
475,1.01325,1.846450e+05
500,1.01325,2.109980e+05
525,1.01325,2.374480e+05
550,1.01325,2.640080e+05
575,1.01325,2.906850e+05
600,1.01325,3.174900e+05
625,1.01325,3.444280e+05
650,1.01325,3.715060e+05
675,1.01325,3.987290e+05
700,1.01325,4.260990e+05
725,1.01325,4.536200e+05
750,1.01325,4.812930e+05
775,1.01325,5.091190e+05
800,1.01325,5.370960e+05
825,1.01325,5.652230e+05
850,1.01325,5.935000e+05
875,1.01325,6.219230e+05
900,1.01325,6.504900e+05
925,1.01325,6.791980e+05
950,1.01325,7.080440e+05
975,1.01325,7.370260e+05
1000,1.01325,7.661390e+05
1025,1.01325,7.953810e+05
1050,1.01325,8.247480e+05
1075,1.01325,8.542350e+05
1100,1.01325,8.838360e+05
1125,1.01325,9.135440e+05
1150,1.01325,9.433490e+05
1175,1.01325,9.732360e+05
1200,1.01325,1.003180e+06
1225,1.01325,1.033150e+06
1250,1.01325,1.063080e+06
1275,1.01325,1.092880e+06
1300,1.01325,1.122410e+06
1325,1.01325,1.151450e+06
1350,1.01325,1.179690e+06
1375,1.01325,1.206650e+06
1400,1.01325,1.231650e+06
1425,1.01325,1.253700e+06
1450,1.01325,1.271420e+06
1475,1.01325,1.282920e+06
1500,1.01325,1.285570e+06
1525,1.01325,1.275850e+06
1550,1.01325,1.249060e+06
1575,1.01325,1.198980e+06
1600,1.01325,1.117530e+06
1625,1.01325,9.942630e+05
1650,1.01325,9.643270e+05
1675,1.01325,9.938550e+05
1700,1.01325,1.022200e+06
1725,1.01325,1.048690e+06
1750,1.01325,1.072300e+06
1775,1.01325,1.091570e+06
1800,1.01325,1.104390e+06
1825,1.01325,1.107820e+06
1850,1.01325,1.097860e+06
1875,1.01325,1.069200e+06
1900,1.01325,1.015120e+06
1925,1.01325,9.275280e+05
1950,1.01325,7.973940e+05
1975,1.01325,6.399440e+05
2000,1.01325,6.695260e+05
2025,1.01325,6.992040e+05
2050,1.01325,7.290040e+05
2075,1.01325,7.589590e+05
2100,1.01325,7.891150e+05
2125,1.01325,8.195310e+05
2150,1.01325,8.502880e+05
2175,1.01325,8.814900e+05
2200,1.01325,9.132750e+05
2225,1.01325,9.455890e+05
2250,1.01325,9.783820e+05
2275,1.01325,1.012250e+06
2300,1.01325,1.047390e+06
2325,1.01325,1.084020e+06
2350,1.01325,1.122410e+06
2375,1.01325,1.162910e+06
2400,1.01325,1.205930e+06
2425,1.01325,1.251980e+06
2450,1.01325,1.301660e+06
2475,1.01325,1.355720e+06
2500,1.01325,1.415070e+06
2525,1.01325,1.480800e+06
2550,1.01325,1.554230e+06
2575,1.01325,1.636940e+06
2600,1.01325,1.730820e+06
2625,1.01325,1.838160e+06
2650,1.01325,1.961640e+06
2675,1.01325,2.104460e+06
2700,1.01325,2.270360e+06
2725,1.01325,2.463690e+06
2750,1.01325,2.689500e+06
2775,1.01325,2.953490e+06
2800,1.01325,3.262050e+06
2825,1.01325,3.622150e+06
2850,1.01325,4.041240e+06
2875,1.01325,4.526890e+06
2900,1.01325,5.086490e+06
2925,1.01325,5.726640e+06
2950,1.01325,6.452520e+06
2975,1.01325,7.267090e+06
3000,1.01325,8.170320e+06
3025,1.01325,9.132610e+06
3050,1.01325,1.021300e+07
3075,1.01325,1.139750e+07
3100,1.01325,1.265480e+07
3125,1.01325,1.362650e+07
3150,1.01325,1.373340e+07
3175,1.01325,1.384300e+07
3200,1.01325,1.395520e+07
3225,1.01325,1.406970e+07
3250,1.01325,1.418610e+07
3275,1.01325,1.430420e+07
3300,1.01325,1.442370e+07
3325,1.01325,1.454430e+07
3350,1.01325,1.466560e+07
3375,1.01325,1.478730e+07
3400,1.01325,1.490900e+07
3425,1.01325,1.503060e+07
3450,1.01325,1.515160e+07
3475,1.01325,1.527190e+07
3500,1.01325,1.539130e+07
3525,1.01325,1.550940e+07
3550,1.01325,1.562640e+07
3575,1.01325,1.574190e+07
3600,1.01325,1.585610e+07
3625,1.01325,1.596880e+07
3650,1.01325,1.608030e+07
3675,1.01325,1.619040e+07
3700,1.01325,1.629950e+07
3725,1.01325,1.640770e+07
3750,1.01325,1.651510e+07
3775,1.01325,1.662210e+07
3800,1.01325,1.672900e+07
3825,1.01325,1.683590e+07
3850,1.01325,1.694340e+07
3875,1.01325,1.705160e+07
3900,1.01325,1.716100e+07
3925,1.01325,1.727200e+07
3950,1.01325,1.738480e+07
3975,1.01325,1.750000e+07
4000,1.01325,1.761790e+07
4025,1.01325,1.773880e+07
4050,1.01325,1.786330e+07
4075,1.01325,1.799150e+07
4100,1.01325,1.812410e+07
4125,1.01325,1.826120e+07
4150,1.01325,1.840340e+07
4175,1.01325,1.855090e+07
4200,1.01325,1.870410e+07
4225,1.01325,1.886340e+07
4250,1.01325,1.902910e+07
4275,1.01325,1.920140e+07
4300,1.01325,1.938090e+07
4325,1.01325,1.956760e+07
4350,1.01325,1.976190e+07
4375,1.01325,1.996410e+07
4400,1.01325,2.017430e+07
4425,1.01325,2.039290e+07
4450,1.01325,2.061990e+07
4475,1.01325,2.085550e+07
4500,1.01325,2.109990e+07
4525,1.01325,2.135310e+07
4550,1.01325,2.161520e+07
4575,1.01325,2.188610e+07
4600,1.01325,2.216580e+07
4625,1.01325,2.245400e+07
4650,1.01325,2.275070e+07
4675,1.01325,2.305550e+07
4700,1.01325,2.336810e+07
4725,1.01325,2.368810e+07
4750,1.01325,2.401490e+07
4775,1.01325,2.434790e+07
4800,1.01325,2.468650e+07
4825,1.01325,2.502980e+07
4850,1.01325,2.537700e+07
4875,1.01325,2.572720e+07
4900,1.01325,2.607930e+07
4925,1.01325,2.643230e+07
4950,1.01325,2.678510e+07
4975,1.01325,2.713650e+07
5000,1.01325,2.748540e+07
300,1.80184,1.923390e+03
325,1.80184,2.792160e+04
350,1.80184,5.393720e+04
375,1.80184,7.997940e+04
400,1.80184,1.060590e+05
425,1.80184,1.321880e+05
450,1.80184,1.583790e+05
475,1.80184,1.846450e+05
500,1.80184,2.109980e+05
525,1.80184,2.374480e+05
550,1.80184,2.640080e+05
575,1.80184,2.906850e+05
600,1.80184,3.174900e+05
625,1.80184,3.444280e+05
650,1.80184,3.715060e+05
675,1.80184,3.987290e+05
700,1.80184,4.260990e+05
725,1.80184,4.536200e+05
750,1.80184,4.812930e+05
775,1.80184,5.091190e+05
800,1.80184,5.370960e+05
825,1.80184,5.652230e+05
850,1.80184,5.935000e+05
875,1.80184,6.219230e+05
900,1.80184,6.504900e+05
925,1.80184,6.791980e+05
950,1.80184,7.080440e+05
975,1.80184,7.370260e+05
1000,1.80184,7.661390e+05
1025,1.80184,7.953820e+05
1050,1.80184,8.247490e+05
1075,1.80184,8.542380e+05
1100,1.80184,8.838420e+05
1125,1.80184,9.135560e+05
1150,1.80184,9.433740e+05
1175,1.80184,9.732850e+05
1200,1.80184,1.003270e+06
1225,1.80184,1.033320e+06
1250,1.80184,1.063390e+06
1275,1.80184,1.093420e+06
1300,1.80184,1.123350e+06
1325,1.80184,1.153040e+06
1350,1.80184,1.182310e+06
1375,1.80184,1.210900e+06
1400,1.80184,1.238420e+06
1425,1.80184,1.264320e+06
1450,1.80184,1.287820e+06
1475,1.80184,1.307840e+06
1500,1.80184,1.322930e+06
1525,1.80184,1.331090e+06
1550,1.80184,1.329670e+06
1575,1.80184,1.315190e+06
1600,1.80184,1.283080e+06
1625,1.80184,1.227480e+06
1650,1.80184,1.140870e+06
1675,1.80184,1.013760e+06
1700,1.80184,1.026580e+06
1725,1.80184,1.055820e+06
1750,1.80184,1.083750e+06
1775,1.80184,1.109660e+06
1800,1.80184,1.132570e+06
1825,1.80184,1.151040e+06
1850,1.80184,1.163100e+06
1875,1.80184,1.166020e+06
1900,1.80184,1.156210e+06
1925,1.80184,1.129000e+06
1950,1.80184,1.078560e+06
1975,1.80184,9.979960e+05
2000,1.80184,8.800300e+05
2025,1.80184,7.193650e+05
2050,1.80184,7.285230e+05
2075,1.80184,7.582940e+05
2100,1.80184,7.881920e+05
2125,1.80184,8.182530e+05
2150,1.80184,8.485220e+05
2175,1.80184,8.790590e+05
2200,1.80184,9.099460e+05
2225,1.80184,9.411230e+05
2250,1.80184,9.726300e+05
2275,1.80184,1.004880e+06
2300,1.80184,1.037960e+06
2325,1.80184,1.072010e+06
2350,1.80184,1.107170e+06
2375,1.80184,1.143630e+06
2400,1.80184,1.181630e+06
2425,1.80184,1.221430e+06
2450,1.80184,1.263390e+06
2475,1.80184,1.307930e+06
2500,1.80184,1.355560e+06
2525,1.80184,1.406890e+06
2550,1.80184,1.462680e+06
2575,1.80184,1.523850e+06
2600,1.80184,1.591510e+06
2625,1.80184,1.666970e+06
2650,1.80184,1.751840e+06
2675,1.80184,1.848040e+06
2700,1.80184,1.957860e+06
2725,1.80184,2.084020e+06
2750,1.80184,2.229740e+06
2775,1.80184,2.398810e+06
2800,1.80184,2.595610e+06
2825,1.80184,2.825220e+06
2850,1.80184,3.093360e+06
2875,1.80184,3.406440e+06
2900,1.80184,3.771440e+06
2925,1.80184,4.195730e+06
2950,1.80184,4.686840e+06
2975,1.80184,5.252030e+06
3000,1.80184,5.897730e+06
3025,1.80184,6.628940e+06
3050,1.80184,7.448410e+06
3075,1.80184,8.355940e+06
3100,1.80184,9.347680e+06
3125,1.80184,1.028940e+07
3150,1.80184,1.125870e+07
3175,1.80184,1.227440e+07
3200,1.80184,1.332610e+07
3225,1.80184,1.372860e+07
3250,1.80184,1.383000e+07
3275,1.80184,1.393390e+07
3300,1.80184,1.403990e+07
3325,1.80184,1.414800e+07
3350,1.80184,1.425790e+07
3375,1.80184,1.436950e+07
3400,1.80184,1.448240e+07
3425,1.80184,1.459640e+07
3450,1.80184,1.471130e+07
3475,1.80184,1.482680e+07
3500,1.80184,1.494270e+07
3525,1.80184,1.505870e+07
3550,1.80184,1.517470e+07
3575,1.80184,1.529030e+07
3600,1.80184,1.540550e+07
3625,1.80184,1.552000e+07
3650,1.80184,1.563370e+07
3675,1.80184,1.574650e+07
3700,1.80184,1.585840e+07
3725,1.80184,1.596940e+07
3750,1.80184,1.607940e+07
3775,1.80184,1.618840e+07
3800,1.80184,1.629660e+07
3825,1.80184,1.640400e+07
3850,1.80184,1.651080e+07
3875,1.80184,1.661710e+07
3900,1.80184,1.672320e+07
3925,1.80184,1.682920e+07
3950,1.80184,1.693540e+07
3975,1.80184,1.704210e+07
4000,1.80184,1.714940e+07
4025,1.80184,1.725780e+07
4050,1.80184,1.736740e+07
4075,1.80184,1.747870e+07
4100,1.80184,1.759180e+07
4125,1.80184,1.770720e+07
4150,1.80184,1.782510e+07
4175,1.80184,1.794590e+07
4200,1.80184,1.806990e+07
4225,1.80184,1.819730e+07
4250,1.80184,1.832860e+07
4275,1.80184,1.846410e+07
4300,1.80184,1.860390e+07
4325,1.80184,1.874850e+07
4350,1.80184,1.889820e+07
4375,1.80184,1.905310e+07
4400,1.80184,1.921360e+07
4425,1.80184,1.938000e+07
4450,1.80184,1.955250e+07
4475,1.80184,1.973140e+07
4500,1.80184,1.991680e+07
4525,1.80184,2.010900e+07
4550,1.80184,2.030820e+07
4575,1.80184,2.051450e+07
4600,1.80184,2.072820e+07
4625,1.80184,2.094920e+07
4650,1.80184,2.117780e+07
4675,1.80184,2.141400e+07
4700,1.80184,2.165780e+07
4725,1.80184,2.190920e+07
4750,1.80184,2.216820e+07
4775,1.80184,2.243470e+07
4800,1.80184,2.270850e+07
4825,1.80184,2.298950e+07
4850,1.80184,2.327730e+07
4875,1.80184,2.357180e+07
4900,1.80184,2.387240e+07
4925,1.80184,2.417890e+07
4950,1.80184,2.449060e+07
4975,1.80184,2.480700e+07
5000,1.80184,2.512750e+07
300,3.20418,1.923390e+03
325,3.20418,2.792160e+04
350,3.20418,5.393720e+04
375,3.20418,7.997940e+04
400,3.20418,1.060590e+05
425,3.20418,1.321880e+05
450,3.20418,1.583790e+05
475,3.20418,1.846450e+05
500,3.20418,2.109980e+05
525,3.20418,2.374480e+05
550,3.20418,2.640080e+05
575,3.20418,2.906850e+05
600,3.20418,3.174900e+05
625,3.20418,3.444280e+05
650,3.20418,3.715060e+05
675,3.20418,3.987290e+05
700,3.20418,4.260990e+05
725,3.20418,4.536200e+05
750,3.20418,4.812930e+05
775,3.20418,5.091190e+05
800,3.20418,5.370960e+05
825,3.20418,5.652230e+05
850,3.20418,5.935000e+05
875,3.20418,6.219230e+05
900,3.20418,6.504900e+05
925,3.20418,6.791980e+05
950,3.20418,7.080450e+05
975,3.20418,7.370260e+05
1000,3.20418,7.661390e+05
1025,3.20418,7.953820e+05
1050,3.20418,8.247500e+05
1075,3.20418,8.542390e+05
1100,3.20418,8.838450e+05
1125,3.20418,9.135630e+05
1150,3.20418,9.433880e+05
1175,3.20418,9.733120e+05
1200,3.20418,1.003330e+06
1225,3.20418,1.033420e+06
1250,3.20418,1.063560e+06
1275,3.20418,1.093730e+06
1300,3.20418,1.123870e+06
1325,3.20418,1.153920e+06
1350,3.20418,1.183780e+06
1375,3.20418,1.213290e+06
1400,3.20418,1.242230e+06
1425,3.20418,1.270290e+06
1450,3.20418,1.297040e+06
1475,3.20418,1.321860e+06
1500,3.20418,1.343940e+06
1525,3.20418,1.362150e+06
1550,3.20418,1.375000e+06
1575,3.20418,1.380540e+06
1600,3.20418,1.376190e+06
1625,3.20418,1.358650e+06
1650,3.20418,1.323690e+06
1675,3.20418,1.265970e+06
1700,3.20418,1.178780e+06
1725,3.20418,1.059130e+06
1750,3.20418,1.089070e+06
1775,3.20418,1.118100e+06
1800,3.20418,1.145750e+06
1825,3.20418,1.171340e+06
1850,3.20418,1.193920e+06
1875,3.20418,1.212190e+06
1900,3.20418,1.224340e+06
1925,3.20418,1.227980e+06
1950,3.20418,1.219980e+06
1975,3.20418,1.196340e+06
2000,3.20418,1.152350e+06
2025,3.20418,1.083570e+06
2050,3.20418,9.831910e+05
2075,3.20418,8.449950e+05
2100,3.20418,7.876320e+05
2125,3.20418,8.174910e+05
2150,3.20418,8.474820e+05
2175,3.20418,8.776400e+05
2200,3.20418,9.080120e+05
2225,3.20418,9.385420e+05
2250,3.20418,9.693160e+05
2275,3.20418,1.000630e+06
2300,3.20418,1.032550e+06
2325,3.20418,1.065120e+06
2350,3.20418,1.098450e+06
2375,3.20418,1.132610e+06
2400,3.20418,1.167750e+06
2425,3.20418,1.204010e+06
2450,3.20418,1.241590e+06
2475,3.20418,1.280710e+06
2500,3.20418,1.321660e+06
2525,3.20418,1.364790e+06
2550,3.20418,1.410530e+06
2575,3.20418,1.459390e+06
2600,3.20418,1.512010e+06
2625,3.20418,1.569160e+06
2650,3.20418,1.631750e+06
2675,3.20418,1.700910e+06
2700,3.20418,1.778000e+06
2725,3.20418,1.864620e+06
2750,3.20418,1.962740e+06
2775,3.20418,2.074680e+06
2800,3.20418,2.203190e+06
2825,3.20418,2.351560e+06
2850,3.20418,2.523590e+06
2875,3.20418,2.723740e+06
2900,3.20418,2.957090e+06
2925,3.20418,3.229410e+06
2950,3.20418,3.547100e+06
2975,3.20418,3.917100e+06
3000,3.20418,4.346700e+06
3025,3.20418,4.843300e+06
3050,3.20418,5.413960e+06
3075,3.20418,6.064890e+06
3100,3.20418,6.800810e+06
3125,3.20418,7.525060e+06
3150,3.20418,8.297850e+06
3175,3.20418,9.128010e+06
3200,3.20418,1.001050e+07
3225,3.20418,1.093840e+07
3250,3.20418,1.190270e+07
3275,3.20418,1.289220e+07
3300,3.20418,1.387920e+07
3325,3.20418,1.388520e+07
3350,3.20418,1.391230e+07
3375,3.20418,1.401020e+07
3400,3.20418,1.411000e+07
3425,3.20418,1.421170e+07
3450,3.20418,1.431510e+07
3475,3.20418,1.442000e+07
3500,3.20418,1.452630e+07
3525,3.20418,1.463370e+07
3550,3.20418,1.474220e+07
3575,3.20418,1.485140e+07
3600,3.20418,1.496130e+07
3625,3.20418,1.507150e+07
3650,3.20418,1.518210e+07
3675,3.20418,1.529270e+07
3700,3.20418,1.540320e+07
3725,3.20418,1.551350e+07
3750,3.20418,1.562350e+07
3775,3.20418,1.573300e+07
3800,3.20418,1.584200e+07
3825,3.20418,1.595050e+07
3850,3.20418,1.605830e+07
3875,3.20418,1.616550e+07
3900,3.20418,1.627210e+07
3925,3.20418,1.637810e+07
3950,3.20418,1.648370e+07
3975,3.20418,1.658890e+07
4000,3.20418,1.669370e+07
4025,3.20418,1.679850e+07
4050,3.20418,1.690320e+07
4075,3.20418,1.700810e+07
4100,3.20418,1.711350e+07
4125,3.20418,1.721930e+07
4150,3.20418,1.732600e+07
4175,3.20418,1.743370e+07
4200,3.20418,1.754270e+07
4225,3.20418,1.765320e+07
4250,3.20418,1.776540e+07
4275,3.20418,1.787960e+07
4300,3.20418,1.799610e+07
4325,3.20418,1.811520e+07
4350,3.20418,1.823700e+07
4375,3.20418,1.836180e+07
4400,3.20418,1.849000e+07
4425,3.20418,1.862170e+07
4450,3.20418,1.875720e+07
4475,3.20418,1.889680e+07
4500,3.20418,1.904060e+07
4525,3.20418,1.918900e+07
4550,3.20418,1.934220e+07
4575,3.20418,1.950030e+07
4600,3.20418,1.966350e+07
4625,3.20418,1.983220e+07
4650,3.20418,2.000640e+07
4675,3.20418,2.018640e+07
4700,3.20418,2.037220e+07
4725,3.20418,2.056410e+07
4750,3.20418,2.076220e+07
4775,3.20418,2.096660e+07
4800,3.20418,2.117740e+07
4825,3.20418,2.139460e+07
4850,3.20418,2.161830e+07
4875,3.20418,2.184850e+07
4900,3.20418,2.208530e+07
4925,3.20418,2.232840e+07
4950,3.20418,2.257800e+07
4975,3.20418,2.283380e+07
5000,3.20418,2.309570e+07
300,5.69792,1.923390e+03
325,5.69792,2.792160e+04
350,5.69792,5.393720e+04
375,5.69792,7.997940e+04
400,5.69792,1.060590e+05
425,5.69792,1.321880e+05
450,5.69792,1.583790e+05
475,5.69792,1.846450e+05
500,5.69792,2.109980e+05
525,5.69792,2.374480e+05
550,5.69792,2.640080e+05
575,5.69792,2.906850e+05
600,5.69792,3.174900e+05
625,5.69792,3.444280e+05
650,5.69792,3.715060e+05
675,5.69792,3.987290e+05
700,5.69792,4.260990e+05
725,5.69792,4.536200e+05
750,5.69792,4.812930e+05
775,5.69792,5.091190e+05
800,5.69792,5.370960e+05
825,5.69792,5.652230e+05
850,5.69792,5.935000e+05
875,5.69792,6.219230e+05
900,5.69792,6.504900e+05
925,5.69792,6.791980e+05
950,5.69792,7.080450e+05
975,5.69792,7.370260e+05
1000,5.69792,7.661400e+05
1025,5.69792,7.953820e+05
1050,5.69792,8.247500e+05
1075,5.69792,8.542400e+05
1100,5.69792,8.838470e+05
1125,5.69792,9.135670e+05
1150,5.69792,9.433960e+05
1175,5.69792,9.733270e+05
1200,5.69792,1.003360e+06
1225,5.69792,1.033470e+06
1250,5.69792,1.063660e+06
1275,5.69792,1.093900e+06
1300,5.69792,1.124170e+06
1325,5.69792,1.154420e+06
1350,5.69792,1.184610e+06
1375,5.69792,1.214630e+06
1400,5.69792,1.244370e+06
1425,5.69792,1.273650e+06
1450,5.69792,1.302220e+06
1475,5.69792,1.329740e+06
1500,5.69792,1.355750e+06
1525,5.69792,1.379610e+06
1550,5.69792,1.400490e+06
1575,5.69792,1.417290e+06
1600,5.69792,1.428550e+06
1625,5.69792,1.432410e+06
1650,5.69792,1.426510e+06
1675,5.69792,1.407830e+06
1700,5.69792,1.372590e+06
1725,5.69792,1.316100e+06
1750,5.69792,1.232580e+06
1775,5.69792,1.122010e+06
1800,5.69792,1.151870e+06
1825,5.69792,1.180800e+06
1850,5.69792,1.208340e+06
1875,5.69792,1.233880e+06
1900,5.69792,1.256550e+06
1925,5.69792,1.275190e+06
1950,5.69792,1.288240e+06
1975,5.69792,1.293650e+06
2000,5.69792,1.288870e+06
2025,5.69792,1.271270e+06
2050,5.69792,1.236650e+06
2075,5.69792,1.180560e+06
2100,5.69792,1.098020e+06
2125,5.69792,9.838310e+05
2150,5.69792,8.468410e+05
2175,5.69792,8.767840e+05
2200,5.69792,9.068610e+05
2225,5.69792,9.370220e+05
2250,5.69792,9.673770e+05
2275,5.69792,9.981640e+05
2300,5.69792,1.029410e+06
2325,5.69792,1.061150e+06
2350,5.69792,1.093430e+06
2375,5.69792,1.126280e+06
2400,5.69792,1.159790e+06
2425,5.69792,1.194040e+06
2450,5.69792,1.229110e+06
2475,5.69792,1.265150e+06
2500,5.69792,1.302300e+06
2525,5.69792,1.340760e+06
2550,5.69792,1.380770e+06
2575,5.69792,1.422620e+06
2600,5.69792,1.466670e+06
2625,5.69792,1.513350e+06
2650,5.69792,1.563180e+06
2675,5.69792,1.616820e+06
2700,5.69792,1.675040e+06
2725,5.69792,1.738780e+06
2750,5.69792,1.809200e+06
2775,5.69792,1.887660e+06
2800,5.69792,1.975820e+06
2825,5.69792,2.075660e+06
2850,5.69792,2.189560e+06
2875,5.69792,2.320300e+06
2900,5.69792,2.471200e+06
2925,5.69792,2.646120e+06
2950,5.69792,2.849520e+06
2975,5.69792,3.086500e+06
3000,5.69792,3.362810e+06
3025,5.69792,3.684790e+06
3050,5.69792,4.059250e+06
3075,5.69792,4.493350e+06
3100,5.69792,4.994250e+06
3125,5.69792,5.499570e+06
3150,5.69792,6.052160e+06
3175,5.69792,6.662140e+06
3200,5.69792,7.330370e+06
3225,5.69792,8.056420e+06
3250,5.69792,8.838310e+06
3275,5.69792,9.672350e+06
3300,5.69792,1.055320e+07
3325,5.69792,1.147360e+07
3350,5.69792,1.242480e+07
3375,5.69792,1.339550e+07
3400,5.69792,1.417060e+07
3425,5.69792,1.417610e+07
3450,5.69792,1.418320e+07
3475,5.69792,1.419220e+07
3500,5.69792,1.420330e+07
3525,5.69792,1.426410e+07
3550,5.69792,1.436100e+07
3575,5.69792,1.445930e+07
3600,5.69792,1.455890e+07
3625,5.69792,1.465980e+07
3650,5.69792,1.476170e+07
3675,5.69792,1.486460e+07
3700,5.69792,1.496820e+07
3725,5.69792,1.507250e+07
3750,5.69792,1.517730e+07
3775,5.69792,1.528240e+07
3800,5.69792,1.538780e+07
3825,5.69792,1.549330e+07
3850,5.69792,1.559890e+07
3875,5.69792,1.570440e+07
3900,5.69792,1.580970e+07
3925,5.69792,1.591480e+07
3950,5.69792,1.601960e+07
3975,5.69792,1.612410e+07
4000,5.69792,1.622830e+07
4025,5.69792,1.633220e+07
4050,5.69792,1.643570e+07
4075,5.69792,1.653900e+07
4100,5.69792,1.664210e+07
4125,5.69792,1.674510e+07
4150,5.69792,1.684790e+07
4175,5.69792,1.695090e+07
4200,5.69792,1.705400e+07
4225,5.69792,1.715740e+07
4250,5.69792,1.726130e+07
4275,5.69792,1.736580e+07
4300,5.69792,1.747100e+07
4325,5.69792,1.757720e+07
4350,5.69792,1.768460e+07
4375,5.69792,1.779330e+07
4400,5.69792,1.790340e+07
4425,5.69792,1.801540e+07
4450,5.69792,1.812920e+07
4475,5.69792,1.824520e+07
4500,5.69792,1.836350e+07
4525,5.69792,1.848430e+07
4550,5.69792,1.860790e+07
4575,5.69792,1.873440e+07
4600,5.69792,1.886410e+07
4625,5.69792,1.899710e+07
4650,5.69792,1.913370e+07
4675,5.69792,1.927410e+07
4700,5.69792,1.941830e+07
4725,5.69792,1.956660e+07
4750,5.69792,1.971930e+07
4775,5.69792,1.987630e+07
4800,5.69792,2.003800e+07
4825,5.69792,2.020440e+07
4850,5.69792,2.037570e+07
4875,5.69792,2.055200e+07
4900,5.69792,2.073340e+07
4925,5.69792,2.092010e+07
4950,5.69792,2.111210e+07
4975,5.69792,2.130950e+07
5000,5.69792,2.151230e+07
300,10.1325,1.923390e+03
325,10.1325,2.792160e+04
350,10.1325,5.393720e+04
375,10.1325,7.997940e+04
400,10.1325,1.060590e+05
425,10.1325,1.321880e+05
450,10.1325,1.583790e+05
475,10.1325,1.846450e+05
500,10.1325,2.109980e+05
525,10.1325,2.374480e+05
550,10.1325,2.640080e+05
575,10.1325,2.906850e+05
600,10.1325,3.174900e+05
625,10.1325,3.444280e+05
650,10.1325,3.715060e+05
675,10.1325,3.987290e+05
700,10.1325,4.260990e+05
725,10.1325,4.536200e+05
750,10.1325,4.812930e+05
775,10.1325,5.091190e+05
800,10.1325,5.370960e+05
825,10.1325,5.652230e+05
850,10.1325,5.935000e+05
875,10.1325,6.219230e+05
900,10.1325,6.504900e+05
925,10.1325,6.791980e+05
950,10.1325,7.080450e+05
975,10.1325,7.370260e+05
1000,10.1325,7.661400e+05
1025,10.1325,7.953820e+05
1050,10.1325,8.247510e+05
1075,10.1325,8.542400e+05
1100,10.1325,8.838480e+05
1125,10.1325,9.135690e+05
1150,10.1325,9.434000e+05
1175,10.1325,9.733360e+05
1200,10.1325,1.003370e+06
1225,10.1325,1.033500e+06
1250,10.1325,1.063710e+06
1275,10.1325,1.094000e+06
1300,10.1325,1.124340e+06
1325,10.1325,1.154710e+06
1350,10.1325,1.185070e+06
1375,10.1325,1.215390e+06
1400,10.1325,1.245570e+06
1425,10.1325,1.275540e+06
1450,10.1325,1.305140e+06
1475,10.1325,1.334180e+06
1500,10.1325,1.362390e+06
1525,10.1325,1.389440e+06
1550,10.1325,1.414830e+06
1575,10.1325,1.437950e+06
1600,10.1325,1.457990e+06
1625,10.1325,1.473900e+06
1650,10.1325,1.484340e+06
1675,10.1325,1.487610e+06
1700,10.1325,1.481590e+06
1725,10.1325,1.463650e+06
1750,10.1325,1.430520e+06
1775,10.1325,1.378210e+06
1800,10.1325,1.301890e+06
1825,10.1325,1.195730e+06
1850,10.1325,1.215050e+06
1875,10.1325,1.244000e+06
1900,10.1325,1.271620e+06
1925,10.1325,1.297380e+06
1950,10.1325,1.320510e+06
1975,10.1325,1.340030e+06
2000,10.1325,1.354660e+06
2025,10.1325,1.363040e+06
2050,10.1325,1.362950e+06
2075,10.1325,1.351860e+06
2100,10.1325,1.326750e+06
2125,10.1325,1.284060e+06
2150,10.1325,1.219790e+06
2175,10.1325,1.129680e+06
2200,10.1325,1.009470e+06
2225,10.1325,9.360890e+05
2250,10.1325,9.662050e+05
2275,10.1325,9.966910e+05
2300,10.1325,1.027560e+06
2325,10.1325,1.058820e+06
2350,10.1325,1.090490e+06
2375,10.1325,1.122610e+06
2400,10.1325,1.155190e+06
2425,10.1325,1.188280e+06
2450,10.1325,1.221930e+06
2475,10.1325,1.256210e+06
2500,10.1325,1.291200e+06
2525,10.1325,1.327000e+06
2550,10.1325,1.363750e+06
2575,10.1325,1.401600e+06
2600,10.1325,1.440760e+06
2625,10.1325,1.481460e+06
2650,10.1325,1.524020e+06
2675,10.1325,1.568780e+06
2700,10.1325,1.616200e+06
2725,10.1325,1.666820e+06
2750,10.1325,1.721290e+06
2775,10.1325,1.780420e+06
2800,10.1325,1.845160e+06
2825,10.1325,1.916690e+06
2850,10.1325,1.996410e+06
2875,10.1325,2.086000e+06
2900,10.1325,2.187470e+06
2925,10.1325,2.303230e+06
2950,10.1325,2.436100e+06
2975,10.1325,2.589400e+06
3000,10.1325,2.767000e+06
3025,10.1325,2.973340e+06
3050,10.1325,3.213460e+06
3075,10.1325,3.493030e+06
3100,10.1325,3.818230e+06
3125,10.1325,4.151220e+06
3150,10.1325,4.520300e+06
3175,10.1325,4.934170e+06
3200,10.1325,5.396120e+06
3225,10.1325,5.908990e+06
3250,10.1325,6.474970e+06
3275,10.1325,7.095390e+06
3300,10.1325,7.770500e+06
3325,10.1325,8.499310e+06
3350,10.1325,9.279420e+06
3375,10.1325,1.010700e+07
3400,10.1325,1.097650e+07
3425,10.1325,1.182520e+07
3450,10.1325,1.261630e+07
3475,10.1325,1.341790e+07
3500,10.1325,1.422030e+07
3525,10.1325,1.447860e+07
3550,10.1325,1.448610e+07
3575,10.1325,1.449460e+07
3600,10.1325,1.450430e+07
3625,10.1325,1.451510e+07
3650,10.1325,1.452740e+07
3675,10.1325,1.454130e+07
3700,10.1325,1.458410e+07
3725,10.1325,1.467840e+07
3750,10.1325,1.477380e+07
3775,10.1325,1.487020e+07
3800,10.1325,1.496740e+07
3825,10.1325,1.506550e+07
3850,10.1325,1.516420e+07
3875,10.1325,1.526350e+07
3900,10.1325,1.536330e+07
3925,10.1325,1.546350e+07
3950,10.1325,1.556390e+07
3975,10.1325,1.566460e+07
4000,10.1325,1.576550e+07
4025,10.1325,1.586640e+07
4050,10.1325,1.596730e+07
4075,10.1325,1.606820e+07
4100,10.1325,1.616910e+07
4125,10.1325,1.626980e+07
4150,10.1325,1.637050e+07
4175,10.1325,1.647100e+07
4200,10.1325,1.657150e+07
4225,10.1325,1.667190e+07
4250,10.1325,1.677240e+07
4275,10.1325,1.687280e+07
4300,10.1325,1.697330e+07
4325,10.1325,1.707400e+07
4350,10.1325,1.717500e+07
4375,10.1325,1.727630e+07
4400,10.1325,1.737810e+07
4425,10.1325,1.748050e+07
4450,10.1325,1.758360e+07
4475,10.1325,1.768750e+07
4500,10.1325,1.779230e+07
4525,10.1325,1.789830e+07
4550,10.1325,1.800550e+07
4575,10.1325,1.811420e+07
4600,10.1325,1.822440e+07
4625,10.1325,1.833630e+07
4650,10.1325,1.845020e+07
4675,10.1325,1.856600e+07
4700,10.1325,1.868410e+07
4725,10.1325,1.880450e+07
4750,10.1325,1.892750e+07
4775,10.1325,1.905310e+07
4800,10.1325,1.918160e+07
4825,10.1325,1.931310e+07
4850,10.1325,1.944770e+07
4875,10.1325,1.958560e+07
4900,10.1325,1.972690e+07
4925,10.1325,1.987180e+07
4950,10.1325,2.002050e+07
4975,10.1325,2.017290e+07
5000,10.1325,2.032930e+07
300,18.0184,1.923390e+03
325,18.0184,2.792160e+04
350,18.0184,5.393720e+04
375,18.0184,7.997940e+04
400,18.0184,1.060590e+05
425,18.0184,1.321880e+05
450,18.0184,1.583790e+05
475,18.0184,1.846450e+05
500,18.0184,2.109980e+05
525,18.0184,2.374480e+05
550,18.0184,2.640080e+05
575,18.0184,2.906850e+05
600,18.0184,3.174900e+05
625,18.0184,3.444280e+05
650,18.0184,3.715060e+05
675,18.0184,3.987290e+05
700,18.0184,4.260990e+05
725,18.0184,4.536200e+05
750,18.0184,4.812930e+05
775,18.0184,5.091190e+05
800,18.0184,5.370960e+05
825,18.0184,5.652230e+05
850,18.0184,5.935000e+05
875,18.0184,6.219230e+05
900,18.0184,6.504900e+05
925,18.0184,6.791980e+05
950,18.0184,7.080450e+05
975,18.0184,7.370260e+05
1000,18.0184,7.661400e+05
1025,18.0184,7.953830e+05
1050,18.0184,8.247510e+05
1075,18.0184,8.542410e+05
1100,18.0184,8.838490e+05
1125,18.0184,9.135700e+05
1150,18.0184,9.434030e+05
1175,18.0184,9.733410e+05
1200,18.0184,1.003380e+06
1225,18.0184,1.033520e+06
1250,18.0184,1.063740e+06
1275,18.0184,1.094050e+06
1300,18.0184,1.124430e+06
1325,18.0184,1.154860e+06
1350,18.0184,1.185330e+06
1375,18.0184,1.215810e+06
1400,18.0184,1.246250e+06
1425,18.0184,1.276600e+06
1450,18.0184,1.306770e+06
1475,18.0184,1.336670e+06
1500,18.0184,1.366130e+06
1525,18.0184,1.394960e+06
1550,18.0184,1.422890e+06
1575,18.0184,1.449570e+06
1600,18.0184,1.474550e+06
1625,18.0184,1.497230e+06
1650,18.0184,1.516850e+06
1675,18.0184,1.532480e+06
1700,18.0184,1.542900e+06
1725,18.0184,1.546630e+06
1750,18.0184,1.541850e+06
1775,18.0184,1.526300e+06
1800,18.0184,1.497260e+06
1825,18.0184,1.451440e+06
1850,18.0184,1.384920e+06
1875,18.0184,1.293010e+06
1900,18.0184,1.278630e+06
1925,18.0184,1.307720e+06
1950,18.0184,1.335610e+06
1975,18.0184,1.361810e+06
2000,18.0184,1.385730e+06
2025,18.0184,1.406690e+06
2050,18.0184,1.423610e+06
2075,18.0184,1.435190e+06
2100,18.0184,1.439850e+06
2125,18.0184,1.435600e+06
2150,18.0184,1.420110e+06
2175,18.0184,1.390610e+06
2200,18.0184,1.343970e+06
2225,18.0184,1.276790e+06
2250,18.0184,1.185540e+06
2275,18.0184,1.015561e+06
2300,18.0184,1.026410e+06
2325,18.0184,1.057400e+06
2350,18.0184,1.088730e+06
2375,18.0184,1.120420e+06
2400,18.0184,1.152470e+06
2425,18.0184,1.184900e+06
2450,18.0184,1.217740e+06
2475,18.0184,1.251020e+06
2500,18.0184,1.284770e+06
2525,18.0184,1.319050e+06
2550,18.0184,1.353940e+06
2575,18.0184,1.389520e+06
2600,18.0184,1.425890e+06
2625,18.0184,1.463190e+06
2650,18.0184,1.501590e+06
2675,18.0184,1.541290e+06
2700,18.0184,1.582540e+06
2725,18.0184,1.625650e+06
2750,18.0184,1.671000e+06
2775,18.0184,1.719040e+06
2800,18.0184,1.770330e+06
2825,18.0184,1.825530e+06
2850,18.0184,1.885470e+06
2875,18.0184,1.951130e+06
2900,18.0184,2.023700e+06
2925,18.0184,2.104590e+06
2950,18.0184,2.195530e+06
2975,18.0184,2.298530e+06
3000,18.0184,2.416000e+06
3025,18.0184,2.550760e+06
3050,18.0184,2.706110e+06
3075,18.0184,2.885870e+06
3100,18.0184,3.094400e+06
3125,18.0184,3.309430e+06
3150,18.0184,3.548660e+06
3175,18.0184,3.818360e+06
3200,18.0184,4.121830e+06
3225,18.0184,4.462390e+06
3250,18.0184,4.843330e+06
3275,18.0184,5.267740e+06
3300,18.0184,5.738390e+06
3325,18.0184,6.257590e+06
3350,18.0184,6.827000e+06
3375,18.0184,7.447450e+06
3400,18.0184,8.118800e+06
3425,18.0184,8.794820e+06
3450,18.0184,9.444820e+06
3475,18.0184,1.012440e+07
3500,18.0184,1.083030e+07
3525,18.0184,1.155900e+07
3550,18.0184,1.230620e+07
3575,18.0184,1.306690e+07
3600,18.0184,1.383500e+07
3625,18.0184,1.460010e+07
3650,18.0184,1.479830e+07
3675,18.0184,1.480840e+07
3700,18.0184,1.481890e+07
3725,18.0184,1.483010e+07
3750,18.0184,1.484190e+07
3775,18.0184,1.485440e+07
3800,18.0184,1.486770e+07
3825,18.0184,1.488190e+07
3850,18.0184,1.489710e+07
3875,18.0184,1.491340e+07
3900,18.0184,1.496300e+07
3925,18.0184,1.505470e+07
3950,18.0184,1.514710e+07
3975,18.0184,1.524030e+07
4000,18.0184,1.533410e+07
4025,18.0184,1.542850e+07
4050,18.0184,1.552340e+07
4075,18.0184,1.561870e+07
4100,18.0184,1.571430e+07
4125,18.0184,1.581030e+07
4150,18.0184,1.590650e+07
4175,18.0184,1.600290e+07
4200,18.0184,1.609950e+07
4225,18.0184,1.619620e+07
4250,18.0184,1.629300e+07
4275,18.0184,1.638990e+07
4300,18.0184,1.648690e+07
4325,18.0184,1.658390e+07
4350,18.0184,1.668100e+07
4375,18.0184,1.677830e+07
4400,18.0184,1.687560e+07
4425,18.0184,1.697310e+07
4450,18.0184,1.707080e+07
4475,18.0184,1.716870e+07
4500,18.0184,1.726690e+07
4525,18.0184,1.736550e+07
4550,18.0184,1.746460e+07
4575,18.0184,1.756410e+07
4600,18.0184,1.766430e+07
4625,18.0184,1.776520e+07
4650,18.0184,1.786680e+07
4675,18.0184,1.796940e+07
4700,18.0184,1.807290e+07
4725,18.0184,1.817760e+07
4750,18.0184,1.828360e+07
4775,18.0184,1.839080e+07
4800,18.0184,1.849960e+07
4825,18.0184,1.860990e+07
4850,18.0184,1.872190e+07
4875,18.0184,1.883580e+07
4900,18.0184,1.895160e+07
4925,18.0184,1.906950e+07
4950,18.0184,1.918960e+07
4975,18.0184,1.931210e+07
5000,18.0184,1.943690e+07
300,32.0418,1.923390e+03
325,32.0418,2.792160e+04
350,32.0418,5.393720e+04
375,32.0418,7.997940e+04
400,32.0418,1.060590e+05
425,32.0418,1.321880e+05
450,32.0418,1.583790e+05
475,32.0418,1.846450e+05
500,32.0418,2.109980e+05
525,32.0418,2.374480e+05
550,32.0418,2.640080e+05
575,32.0418,2.906850e+05
600,32.0418,3.174900e+05
625,32.0418,3.444280e+05
650,32.0418,3.715060e+05
675,32.0418,3.987290e+05
700,32.0418,4.260990e+05
725,32.0418,4.536200e+05
750,32.0418,4.812930e+05
775,32.0418,5.091190e+05
800,32.0418,5.370960e+05
825,32.0418,5.652230e+05
850,32.0418,5.935000e+05
875,32.0418,6.219230e+05
900,32.0418,6.504900e+05
925,32.0418,6.791980e+05
950,32.0418,7.080450e+05
975,32.0418,7.370260e+05
1000,32.0418,7.661400e+05
1025,32.0418,7.953830e+05
1050,32.0418,8.247510e+05
1075,32.0418,8.542410e+05
1100,32.0418,8.838490e+05
1125,32.0418,9.135710e+05
1150,32.0418,9.434040e+05
1175,32.0418,9.733440e+05
1200,32.0418,1.003390e+06
1225,32.0418,1.033530e+06
1250,32.0418,1.063760e+06
1275,32.0418,1.094080e+06
1300,32.0418,1.124480e+06
1325,32.0418,1.154950e+06
1350,32.0418,1.185480e+06
1375,32.0418,1.216050e+06
1400,32.0418,1.246630e+06
1425,32.0418,1.277200e+06
1450,32.0418,1.307700e+06
1475,32.0418,1.338070e+06
1500,32.0418,1.368230e+06
1525,32.0418,1.398070e+06
1550,32.0418,1.427430e+06
1575,32.0418,1.456110e+06
1600,32.0418,1.483860e+06
1625,32.0418,1.510350e+06
1650,32.0418,1.535140e+06
1675,32.0418,1.557710e+06
1700,32.0418,1.577370e+06
1725,32.0418,1.593300e+06
1750,32.0418,1.604460e+06
1775,32.0418,1.609590e+06
1800,32.0418,1.607140e+06
1825,32.0418,1.595280e+06
1850,32.0418,1.571790e+06
1875,32.0418,1.534030e+06
1900,32.0418,1.478890e+06
1925,32.0418,1.402710e+06
1950,32.0418,1.342620e+06
1975,32.0418,1.371960e+06
2000,32.0418,1.400250e+06
2025,32.0418,1.427180e+06
2050,32.0418,1.452210e+06
2075,32.0418,1.474730e+06
2100,32.0418,1.493950e+06
2125,32.0418,1.508880e+06
2150,32.0418,1.518310e+06
2175,32.0418,1.520730e+06
2200,32.0418,1.514380e+06
2225,32.0418,1.497170e+06
2250,32.0418,1.466710e+06
2275,32.0418,1.420360e+06
2300,32.0418,1.355310e+06
2325,32.0418,1.223909e+06
2350,32.0418,1.087600e+06
2375,32.0418,1.119050e+06
2400,32.0418,1.150800e+06
2425,32.0418,1.182860e+06
2450,32.0418,1.215240e+06
2475,32.0418,1.247940e+06
2500,32.0418,1.280990e+06
2525,32.0418,1.314410e+06
2550,32.0418,1.348230e+06
2575,32.0418,1.382500e+06
2600,32.0418,1.417280e+06
2625,32.0418,1.452640e+06
2650,32.0418,1.488670e+06
2675,32.0418,1.525480e+06
2700,32.0418,1.563210e+06
2725,32.0418,1.602040e+06
2750,32.0418,1.642170e+06
2775,32.0418,1.683870e+06
2800,32.0418,1.727460e+06
2825,32.0418,1.773310e+06
2850,32.0418,1.821890e+06
2875,32.0418,1.873770e+06
2900,32.0418,1.929650e+06
2925,32.0418,1.990340e+06
2950,32.0418,2.056850e+06
2975,32.0418,2.130380e+06
3000,32.0418,2.212350e+06
3025,32.0418,2.304480e+06
3050,32.0418,2.408770e+06
3075,32.0418,2.527620e+06
3100,32.0418,2.663800e+06
3125,32.0418,2.804380e+06
3150,32.0418,2.960040e+06
3175,32.0418,3.134880e+06
3200,32.0418,3.331360e+06
3225,32.0418,3.552120e+06
3250,32.0418,3.799940e+06
3275,32.0418,4.077740e+06
3300,32.0418,4.388480e+06
3325,32.0418,4.735100e+06
3350,32.0418,5.120480e+06
3375,32.0418,5.547260e+06
3400,32.0418,6.017780e+06
3425,32.0418,6.501960e+06
3450,32.0418,6.978120e+06
3475,32.0418,7.486590e+06
3500,32.0418,8.027050e+06
3525,32.0418,8.598710e+06
3550,32.0418,9.200300e+06
3575,32.0418,9.830040e+06
3600,32.0418,1.048570e+07
3625,32.0418,1.116440e+07
3650,32.0418,1.186300e+07
3675,32.0418,1.257770e+07
3700,32.0418,1.330420e+07
3725,32.0418,1.403720e+07
3750,32.0418,1.476830e+07
3775,32.0418,1.512800e+07
3800,32.0418,1.514100e+07
3825,32.0418,1.515430e+07
3850,32.0418,1.516780e+07
3875,32.0418,1.518160e+07
3900,32.0418,1.519580e+07
3925,32.0418,1.521020e+07
3950,32.0418,1.522500e+07
3975,32.0418,1.524030e+07
4000,32.0418,1.525590e+07
4025,32.0418,1.527210e+07
4050,32.0418,1.528880e+07
4075,32.0418,1.530610e+07
4100,32.0418,1.532410e+07
4125,32.0418,1.539330e+07
4150,32.0418,1.548220e+07
4175,32.0418,1.557170e+07
4200,32.0418,1.566160e+07
4225,32.0418,1.575210e+07
4250,32.0418,1.584290e+07
4275,32.0418,1.593410e+07
4300,32.0418,1.602570e+07
4325,32.0418,1.611750e+07
4350,32.0418,1.620960e+07
4375,32.0418,1.630200e+07
4400,32.0418,1.639460e+07
4425,32.0418,1.648740e+07
4450,32.0418,1.658040e+07
4475,32.0418,1.667350e+07
4500,32.0418,1.676690e+07
4525,32.0418,1.686050e+07
4550,32.0418,1.695430e+07
4575,32.0418,1.704830e+07
4600,32.0418,1.714250e+07
4625,32.0418,1.723710e+07
4650,32.0418,1.733200e+07
4675,32.0418,1.742720e+07
4700,32.0418,1.752280e+07
4725,32.0418,1.761890e+07
4750,32.0418,1.771560e+07
4775,32.0418,1.781280e+07
4800,32.0418,1.791060e+07
4825,32.0418,1.800920e+07
4850,32.0418,1.810850e+07
4875,32.0418,1.820880e+07
4900,32.0418,1.830990e+07
4925,32.0418,1.841210e+07
4950,32.0418,1.851550e+07
4975,32.0418,1.862000e+07
5000,32.0418,1.872580e+07
300,56.9792,1.923390e+03
325,56.9792,2.792160e+04
350,56.9792,5.393720e+04
375,56.9792,7.997940e+04
400,56.9792,1.060590e+05
425,56.9792,1.321880e+05
450,56.9792,1.583790e+05
475,56.9792,1.846450e+05
500,56.9792,2.109980e+05
525,56.9792,2.374480e+05
550,56.9792,2.640080e+05
575,56.9792,2.906850e+05
600,56.9792,3.174900e+05
625,56.9792,3.444280e+05
650,56.9792,3.715060e+05
675,56.9792,3.987290e+05
700,56.9792,4.260990e+05
725,56.9792,4.536200e+05
750,56.9792,4.812930e+05
775,56.9792,5.091190e+05
800,56.9792,5.370960e+05
825,56.9792,5.652230e+05
850,56.9792,5.935000e+05
875,56.9792,6.219230e+05
900,56.9792,6.504900e+05
925,56.9792,6.791980e+05
950,56.9792,7.080450e+05
975,56.9792,7.370260e+05
1000,56.9792,7.661400e+05
1025,56.9792,7.953830e+05
1050,56.9792,8.247510e+05
1075,56.9792,8.542410e+05
1100,56.9792,8.838490e+05
1125,56.9792,9.135720e+05
1150,56.9792,9.434050e+05
1175,56.9792,9.733450e+05
1200,56.9792,1.003390e+06
1225,56.9792,1.033530e+06
1250,56.9792,1.063770e+06
1275,56.9792,1.094100e+06
1300,56.9792,1.124510e+06
1325,56.9792,1.155000e+06
1350,56.9792,1.185560e+06
1375,56.9792,1.216180e+06
1400,56.9792,1.246850e+06
1425,56.9792,1.277530e+06
1450,56.9792,1.308210e+06
1475,56.9792,1.338860e+06
1500,56.9792,1.369410e+06
1525,56.9792,1.399810e+06
1550,56.9792,1.429970e+06
1575,56.9792,1.459780e+06
1600,56.9792,1.489100e+06
1625,56.9792,1.517720e+06
1650,56.9792,1.545420e+06
1675,56.9792,1.571900e+06
1700,56.9792,1.596760e+06
1725,56.9792,1.619550e+06
1750,56.9792,1.639670e+06
1775,56.9792,1.656430e+06
1800,56.9792,1.668950e+06
1825,56.9792,1.676190e+06
1850,56.9792,1.676900e+06
1875,56.9792,1.669610e+06
1900,56.9792,1.652560e+06
1925,56.9792,1.623690e+06
1950,56.9792,1.580580e+06
1975,56.9792,1.520450e+06
2000,56.9792,1.440410e+06
2025,56.9792,1.436710e+06
2050,56.9792,1.465560e+06
2075,56.9792,1.493250e+06
2100,56.9792,1.519400e+06
2125,56.9792,1.543550e+06
2150,56.9792,1.565080e+06
2175,56.9792,1.583260e+06
2200,56.9792,1.597180e+06
2225,56.9792,1.605750e+06
2250,56.9792,1.607650e+06
2275,56.9792,1.601350e+06
2300,56.9792,1.585090e+06
2325,56.9792,1.556880e+06
2350,56.9792,1.514560e+06
2375,56.9792,1.432312e+06
2400,56.9792,1.225445e+06
2425,56.9792,1.181520e+06
2450,56.9792,1.213640e+06
2475,56.9792,1.246020e+06
2500,56.9792,1.278670e+06
2525,56.9792,1.311600e+06
2550,56.9792,1.344820e+06
2575,56.9792,1.378350e+06
2600,56.9792,1.412220e+06
2625,56.9792,1.446470e+06
2650,56.9792,1.481140e+06
2675,56.9792,1.516300e+06
2700,56.9792,1.552020e+06
2725,56.9792,1.588400e+06
2750,56.9792,1.625560e+06
2775,56.9792,1.663640e+06
2800,56.9792,1.702820e+06
2825,56.9792,1.743320e+06
2850,56.9792,1.785400e+06
2875,56.9792,1.829400e+06
2900,56.9792,1.875690e+06
2925,56.9792,1.924770e+06
2950,56.9792,1.977210e+06
2975,56.9792,2.033690e+06
3000,56.9792,2.095070e+06
3025,56.9792,2.162330e+06
3050,56.9792,2.236670e+06
3075,56.9792,2.319510e+06
3100,56.9792,2.412540e+06
3125,56.9792,2.508250e+06
3150,56.9792,2.613000e+06
3175,56.9792,2.729300e+06
3200,56.9792,2.858770e+06
3225,56.9792,3.003190e+06
3250,56.9792,3.164500e+06
3275,56.9792,3.344830e+06
3300,56.9792,3.546450e+06
3325,56.9792,3.771750e+06
3350,56.9792,4.023270e+06
3375,56.9792,4.303610e+06
3400,56.9792,4.615370e+06
3425,56.9792,4.940340e+06
3450,56.9792,5.264690e+06
3475,56.9792,5.615390e+06
3500,56.9792,5.993440e+06
3525,56.9792,6.399630e+06
3550,56.9792,6.834520e+06
3575,56.9792,7.298390e+06
3600,56.9792,7.791200e+06
3625,56.9792,8.312580e+06
3650,56.9792,8.861780e+06
3675,56.9792,9.437660e+06
3700,56.9792,1.003870e+07
3725,56.9792,1.066290e+07
3750,56.9792,1.130800e+07
3775,56.9792,1.197130e+07
3800,56.9792,1.264950e+07
3825,56.9792,1.333920e+07
3850,56.9792,1.403600e+07
3875,56.9792,1.473420e+07
3900,56.9792,1.541900e+07
3925,56.9792,1.548200e+07
3950,56.9792,1.549840e+07
3975,56.9792,1.551490e+07
4000,56.9792,1.553150e+07
4025,56.9792,1.554820e+07
4050,56.9792,1.556500e+07
4075,56.9792,1.558190e+07
4100,56.9792,1.559900e+07
4125,56.9792,1.561610e+07
4150,56.9792,1.563340e+07
4175,56.9792,1.565080e+07
4200,56.9792,1.566830e+07
4225,56.9792,1.568600e+07
4250,56.9792,1.570380e+07
4275,56.9792,1.572190e+07
4300,56.9792,1.574010e+07
4325,56.9792,1.575860e+07
4350,56.9792,1.578240e+07
4375,56.9792,1.586790e+07
4400,56.9792,1.595400e+07
4425,56.9792,1.604040e+07
4450,56.9792,1.612720e+07
4475,56.9792,1.621430e+07
4500,56.9792,1.630180e+07
4525,56.9792,1.638960e+07
4550,56.9792,1.647770e+07
4575,56.9792,1.656610e+07
4600,56.9792,1.665480e+07
4625,56.9792,1.674370e+07
4650,56.9792,1.683290e+07
4675,56.9792,1.692230e+07
4700,56.9792,1.701210e+07
4725,56.9792,1.710210e+07
4750,56.9792,1.719240e+07
4775,56.9792,1.728300e+07
4800,56.9792,1.737390e+07
4825,56.9792,1.746520e+07
4850,56.9792,1.755690e+07
4875,56.9792,1.764900e+07
4900,56.9792,1.774150e+07
4925,56.9792,1.783450e+07
4950,56.9792,1.792800e+07
4975,56.9792,1.802210e+07
5000,56.9792,1.811690e+07
300,101.325,1.923390e+03
325,101.325,2.792160e+04
350,101.325,5.393720e+04
375,101.325,7.997940e+04
400,101.325,1.060590e+05
425,101.325,1.321880e+05
450,101.325,1.583790e+05
475,101.325,1.846450e+05
500,101.325,2.109980e+05
525,101.325,2.374480e+05
550,101.325,2.640080e+05
575,101.325,2.906850e+05
600,101.325,3.174900e+05
625,101.325,3.444280e+05
650,101.325,3.715060e+05
675,101.325,3.987290e+05
700,101.325,4.260990e+05
725,101.325,4.536200e+05
750,101.325,4.812930e+05
775,101.325,5.091190e+05
800,101.325,5.370960e+05
825,101.325,5.652230e+05
850,101.325,5.935000e+05
875,101.325,6.219230e+05
900,101.325,6.504900e+05
925,101.325,6.791980e+05
950,101.325,7.080450e+05
975,101.325,7.370260e+05
1000,101.325,7.661400e+05
1025,101.325,7.953830e+05
1050,101.325,8.247510e+05
1075,101.325,8.542410e+05
1100,101.325,8.838490e+05
1125,101.325,9.135720e+05
1150,101.325,9.434050e+05
1175,101.325,9.733460e+05
1200,101.325,1.003390e+06
1225,101.325,1.033530e+06
1250,101.325,1.063780e+06
1275,101.325,1.094110e+06
1300,101.325,1.124530e+06
1325,101.325,1.155030e+06
1350,101.325,1.185610e+06
1375,101.325,1.216260e+06
1400,101.325,1.246970e+06
1425,101.325,1.277720e+06
1450,101.325,1.308510e+06
1475,101.325,1.339300e+06
1500,101.325,1.370080e+06
1525,101.325,1.400800e+06
1550,101.325,1.431410e+06
1575,101.325,1.461850e+06
1600,101.325,1.492040e+06
1625,101.325,1.521870e+06
1650,101.325,1.551210e+06
1675,101.325,1.579880e+06
1700,101.325,1.607660e+06
1725,101.325,1.634310e+06
1750,101.325,1.659480e+06
1775,101.325,1.682770e+06
1800,101.325,1.703700e+06
1825,101.325,1.721690e+06
1850,101.325,1.736020e+06
1875,101.325,1.745870e+06
1900,101.325,1.750250e+06
1925,101.325,1.747990e+06
1950,101.325,1.737750e+06
1975,101.325,1.717930e+06
2000,101.325,1.686920e+06
2025,101.325,1.643710e+06
2050,101.325,1.585300e+06
2075,101.325,1.509160e+06
2100,101.325,1.531260e+06
2125,101.325,1.559750e+06
2150,101.325,1.587020e+06
2175,101.325,1.612730e+06
2200,101.325,1.636430e+06
2225,101.325,1.657590e+06
2250,101.325,1.675540e+06
2275,101.325,1.689510e+06
2300,101.325,1.698540e+06
2325,101.325,1.701540e+06
2350,101.325,1.697240e+06
2375,101.325,1.684200e+06
2400,101.325,1.660830e+06
2425,101.325,1.625390e+06
2450,101.325,1.465631e+06
2475,101.325,1.254300e+06
2500,101.325,1.277120e+06
2525,101.325,1.309780e+06
2550,101.325,1.342660e+06
2575,101.325,1.375770e+06
2600,101.325,1.409130e+06
2625,101.325,1.442750e+06
2650,101.325,1.476650e+06
2675,101.325,1.510870e+06
2700,101.325,1.545440e+06
2725,101.325,1.580420e+06
2750,101.325,1.615880e+06
2775,101.325,1.651890e+06
2800,101.325,1.688550e+06
2825,101.325,1.725990e+06
2850,101.325,1.764360e+06
2875,101.325,1.803840e+06
2900,101.325,1.844660e+06
2925,101.325,1.887080e+06
2950,101.325,1.931450e+06
2975,101.325,1.978150e+06
3000,101.325,2.027670e+06
3025,101.325,2.080590e+06
3050,101.325,2.137600e+06
3075,101.325,2.199520e+06
3100,101.325,2.267360e+06
3125,101.325,2.336730e+06
3150,101.325,2.411390e+06
3175,101.325,2.492850e+06
3200,101.325,2.582100e+06
3225,101.325,2.680260e+06
3250,101.325,2.788550e+06
3275,101.325,2.908350e+06
3300,101.325,3.041170e+06
3325,101.325,3.188660e+06
3350,101.325,3.352600e+06
3375,101.325,3.534920e+06
3400,101.325,3.737670e+06
3425,101.325,3.950160e+06
3450,101.325,4.164050e+06
3475,101.325,4.396340e+06
3500,101.325,4.648220e+06
3525,101.325,4.920870e+06
3550,101.325,5.215380e+06
3575,101.325,5.532810e+06
3600,101.325,5.874060e+06
3625,101.325,6.239940e+06
3650,101.325,6.631060e+06
3675,101.325,7.047860e+06
3700,101.325,7.490540e+06
3725,101.325,7.959070e+06
3750,101.325,8.453130e+06
3775,101.325,8.972110e+06
3800,101.325,9.515110e+06
3825,101.325,1.008090e+07
3850,101.325,1.066790e+07
3875,101.325,1.127440e+07
3900,101.325,1.189800e+07
3925,101.325,1.253640e+07
3950,101.325,1.318660e+07
3975,101.325,1.384540e+07
4000,101.325,1.450880e+07
4025,101.325,1.517100e+07
4050,101.325,1.581490e+07
4075,101.325,1.584910e+07
4100,101.325,1.586890e+07
4125,101.325,1.588870e+07
4150,101.325,1.590850e+07
4175,101.325,1.592830e+07
4200,101.325,1.594810e+07
4225,101.325,1.596790e+07
4250,101.325,1.598770e+07
4275,101.325,1.600740e+07
4300,101.325,1.602720e+07
4325,101.325,1.604690e+07
4350,101.325,1.606650e+07
4375,101.325,1.608610e+07
4400,101.325,1.610560e+07
4425,101.325,1.612510e+07
4450,101.325,1.614450e+07
4475,101.325,1.616380e+07
4500,101.325,1.618290e+07
4525,101.325,1.620200e+07
4550,101.325,1.622090e+07
4575,101.325,1.623980e+07
4600,101.325,1.625840e+07
4625,101.325,1.629780e+07
4650,101.325,1.638050e+07
4675,101.325,1.646360e+07
4700,101.325,1.654700e+07
4725,101.325,1.663070e+07
4750,101.325,1.671470e+07
4775,101.325,1.679910e+07
4800,101.325,1.688380e+07
4825,101.325,1.696870e+07
4850,101.325,1.705400e+07
4875,101.325,1.713950e+07
4900,101.325,1.722540e+07
4925,101.325,1.731160e+07
4950,101.325,1.739810e+07
4975,101.325,1.748500e+07
5000,101.325,1.757220e+07
300,180.184,1.923390e+03
325,180.184,2.792160e+04
350,180.184,5.393720e+04
375,180.184,7.997940e+04
400,180.184,1.060590e+05
425,180.184,1.321880e+05
450,180.184,1.583790e+05
475,180.184,1.846450e+05
500,180.184,2.109980e+05
525,180.184,2.374480e+05
550,180.184,2.640080e+05
575,180.184,2.906850e+05
600,180.184,3.174900e+05
625,180.184,3.444280e+05
650,180.184,3.715060e+05
675,180.184,3.987290e+05
700,180.184,4.260990e+05
725,180.184,4.536200e+05
750,180.184,4.812930e+05
775,180.184,5.091190e+05
800,180.184,5.370960e+05
825,180.184,5.652230e+05
850,180.184,5.935000e+05
875,180.184,6.219230e+05
900,180.184,6.504900e+05
925,180.184,6.791980e+05
950,180.184,7.080450e+05
975,180.184,7.370260e+05
1000,180.184,7.661400e+05
1025,180.184,7.953830e+05
1050,180.184,8.247510e+05
1075,180.184,8.542410e+05
1100,180.184,8.838490e+05
1125,180.184,9.135720e+05
1150,180.184,9.434060e+05
1175,180.184,9.733470e+05
1200,180.184,1.003390e+06
1225,180.184,1.033540e+06
1250,180.184,1.063780e+06
1275,180.184,1.094110e+06
1300,180.184,1.124540e+06
1325,180.184,1.155050e+06
1350,180.184,1.185640e+06
1375,180.184,1.216300e+06
1400,180.184,1.247030e+06
1425,180.184,1.277830e+06
1450,180.184,1.308670e+06
1475,180.184,1.339550e+06
1500,180.184,1.370450e+06
1525,180.184,1.401350e+06
1550,180.184,1.432210e+06
1575,180.184,1.463010e+06
1600,180.184,1.493700e+06
1625,180.184,1.524200e+06
1650,180.184,1.554460e+06
1675,180.184,1.584360e+06
1700,180.184,1.613800e+06
1725,180.184,1.642610e+06
1750,180.184,1.670610e+06
1775,180.184,1.697580e+06
1800,180.184,1.723250e+06
1825,180.184,1.747280e+06
1850,180.184,1.769270e+06
1875,180.184,1.788760e+06
1900,180.184,1.805190e+06
1925,180.184,1.817910e+06
1950,180.184,1.826150e+06
1975,180.184,1.829030e+06
2000,180.184,1.825610e+06
2025,180.184,1.815350e+06
2050,180.184,1.796550e+06
2075,180.184,1.767770e+06
2100,180.184,1.727410e+06
2125,180.184,1.673670e+06
2150,180.184,1.604540e+06
2175,180.184,1.626470e+06
2200,180.184,1.654800e+06
2225,180.184,1.681940e+06
2250,180.184,1.707580e+06
2275,180.184,1.731340e+06
2300,180.184,1.752750e+06
2325,180.184,1.771260e+06
2350,180.184,1.786210e+06
2375,180.184,1.796840e+06
2400,180.184,1.802260e+06
2425,180.184,1.801450e+06
2450,180.184,1.793290e+06
2475,180.184,1.776530e+06
2500,180.184,1.696190e+06
2525,180.184,1.525340e+06
2550,180.184,1.341100e+06
2575,180.184,1.373990e+06
2600,180.184,1.407080e+06
2625,180.184,1.440350e+06
2650,180.184,1.473820e+06
2675,180.184,1.507510e+06
2700,180.184,1.541430e+06
2725,180.184,1.575620e+06
2750,180.184,1.610110e+06
2775,180.184,1.644940e+06
2800,180.184,1.680160e+06
2825,180.184,1.715860e+06
2850,180.184,1.752100e+06
2875,180.184,1.789000e+06
2900,180.184,1.826680e+06
2925,180.184,1.865300e+06
2950,180.184,1.905040e+06
2975,180.184,1.946140e+06
3000,180.184,1.988860e+06
3025,180.184,2.033550e+06
3050,180.184,2.080600e+06
3075,180.184,2.130480e+06
3100,180.184,2.183780e+06
3125,180.184,2.237890e+06
3150,180.184,2.295060e+06
3175,180.184,2.356200e+06
3200,180.184,2.421870e+06
3225,180.184,2.492760e+06
3250,180.184,2.569610e+06
3275,180.184,2.653250e+06
3300,180.184,2.744610e+06
3325,180.184,2.844740e+06
3350,180.184,2.954780e+06
3375,180.184,3.075980e+06
3400,180.184,3.209720e+06
3425,180.184,3.349830e+06
3450,180.184,3.491400e+06
3475,180.184,3.644750e+06
3500,180.184,3.810810e+06
3525,180.184,3.990570e+06
3550,180.184,4.185040e+06
3575,180.184,4.395230e+06
3600,180.184,4.622150e+06
3625,180.184,4.866790e+06
3650,180.184,5.130120e+06
3675,180.184,5.413050e+06
3700,180.184,5.716430e+06
3725,180.184,6.041040e+06
3750,180.184,6.387520e+06
3775,180.184,6.756400e+06
3800,180.184,7.148070e+06
3825,180.184,7.562720e+06
3850,180.184,8.000380e+06
3875,180.184,8.460850e+06
3900,180.184,8.943730e+06
3925,180.184,9.448360e+06
3950,180.184,9.973860e+06
3975,180.184,1.051910e+07
4000,180.184,1.108260e+07
4025,180.184,1.166290e+07
4050,180.184,1.225790e+07
4075,180.184,1.286560e+07
4100,180.184,1.348350e+07
4125,180.184,1.410880e+07
4150,180.184,1.473800e+07
4175,180.184,1.536650e+07
4200,180.184,1.598410e+07
4225,180.184,1.622810e+07
4250,180.184,1.625110e+07
4275,180.184,1.627420e+07
4300,180.184,1.629720e+07
4325,180.184,1.632010e+07
4350,180.184,1.634310e+07
4375,180.184,1.636600e+07
4400,180.184,1.638880e+07
4425,180.184,1.641160e+07
4450,180.184,1.643430e+07
4475,180.184,1.645700e+07
4500,180.184,1.647950e+07
4525,180.184,1.650190e+07
4550,180.184,1.652410e+07
4575,180.184,1.654630e+07
4600,180.184,1.656820e+07
4625,180.184,1.659000e+07
4650,180.184,1.661150e+07
4675,180.184,1.663290e+07
4700,180.184,1.665400e+07
4725,180.184,1.667480e+07
4750,180.184,1.669540e+07
4775,180.184,1.671560e+07
4800,180.184,1.673560e+07
4825,180.184,1.675510e+07
4850,180.184,1.677430e+07
4875,180.184,1.679310e+07
4900,180.184,1.681140e+07
4925,180.184,1.684510e+07
4950,180.184,1.692500e+07
4975,180.184,1.700520e+07
5000,180.184,1.708570e+07
300,320.418,1.923390e+03
325,320.418,2.792160e+04
350,320.418,5.393720e+04
375,320.418,7.997940e+04
400,320.418,1.060590e+05
425,320.418,1.321880e+05
450,320.418,1.583790e+05
475,320.418,1.846450e+05
500,320.418,2.109980e+05
525,320.418,2.374480e+05
550,320.418,2.640080e+05
575,320.418,2.906850e+05
600,320.418,3.174900e+05
625,320.418,3.444280e+05
650,320.418,3.715060e+05
675,320.418,3.987290e+05
700,320.418,4.260990e+05
725,320.418,4.536200e+05
750,320.418,4.812930e+05
775,320.418,5.091190e+05
800,320.418,5.370960e+05
825,320.418,5.652230e+05
850,320.418,5.935000e+05
875,320.418,6.219230e+05
900,320.418,6.504900e+05
925,320.418,6.791980e+05
950,320.418,7.080450e+05
975,320.418,7.370260e+05
1000,320.418,7.661400e+05
1025,320.418,7.953830e+05
1050,320.418,8.247510e+05
1075,320.418,8.542410e+05
1100,320.418,8.838490e+05
1125,320.418,9.135720e+05
1150,320.418,9.434060e+05
1175,320.418,9.733470e+05
1200,320.418,1.003390e+06
1225,320.418,1.033540e+06
1250,320.418,1.063780e+06
1275,320.418,1.094120e+06
1300,320.418,1.124540e+06
1325,320.418,1.155060e+06
1350,320.418,1.185650e+06
1375,320.418,1.216330e+06
1400,320.418,1.247070e+06
1425,320.418,1.277890e+06
1450,320.418,1.308760e+06
1475,320.418,1.339690e+06
1500,320.418,1.370660e+06
1525,320.418,1.401660e+06
1550,320.418,1.432670e+06
1575,320.418,1.463670e+06
1600,320.418,1.494630e+06
1625,320.418,1.525520e+06
1650,320.418,1.556290e+06
1675,320.418,1.586890e+06
1700,320.418,1.617240e+06
1725,320.418,1.647270e+06
1750,320.418,1.676870e+06
1775,320.418,1.705910e+06
1800,320.418,1.734240e+06
1825,320.418,1.761660e+06
1850,320.418,1.787970e+06
1875,320.418,1.812880e+06
1900,320.418,1.836090e+06
1925,320.418,1.857230e+06
1950,320.418,1.875870e+06
1975,320.418,1.891510e+06
2000,320.418,1.903630e+06
2025,320.418,1.911910e+06
2050,320.418,1.915400e+06
2075,320.418,1.913290e+06
2100,320.418,1.904670e+06
2125,320.418,1.888530e+06
2150,320.418,1.863730e+06
2175,320.418,1.829000e+06
2200,320.418,1.782940e+06
2225,320.418,1.724000e+06
2250,320.418,1.722520e+06
2275,320.418,1.750910e+06
2300,320.418,1.778220e+06
2325,320.418,1.804160e+06
2350,320.418,1.828430e+06
2375,320.418,1.850630e+06
2400,320.418,1.870330e+06
2425,320.418,1.887010e+06
2450,320.418,1.900050e+06
2475,320.418,1.908780e+06
2500,320.418,1.912420e+06
2525,320.418,1.910090e+06
2550,320.418,1.900850e+06
2575,320.418,1.779590e+06
2600,320.418,1.614570e+06
2625,320.418,1.438540e+06
2650,320.418,1.471800e+06
2675,320.418,1.505210e+06
2700,320.418,1.538780e+06
2725,320.418,1.572530e+06
2750,320.418,1.606480e+06
2775,320.418,1.640640e+06
2800,320.418,1.675060e+06
2825,320.418,1.709760e+06
2850,320.418,1.744790e+06
2875,320.418,1.780210e+06
2900,320.418,1.816100e+06
2925,320.418,1.852550e+06
2950,320.418,1.889650e+06
2975,320.418,1.927540e+06
3000,320.418,1.966370e+06
3025,320.418,2.006350e+06
3050,320.418,2.047680e+06
3075,320.418,2.090660e+06
3100,320.418,2.135600e+06
3125,320.418,2.180930e+06
3150,320.418,2.228030e+06
3175,320.418,2.277420e+06
3200,320.418,2.329450e+06
3225,320.418,2.384500e+06
3250,320.418,2.443020e+06
3275,320.418,2.505510e+06
3300,320.418,2.572510e+06
3325,320.418,2.644650e+06
3350,320.418,2.722630e+06
3375,320.418,2.807220e+06
3400,320.418,2.899270e+06
3425,320.418,2.995210e+06
3450,320.418,3.092220e+06
3475,320.418,3.196410e+06
3500,320.418,3.308410e+06
3525,320.418,3.428910e+06
3550,320.418,3.558630e+06
3575,320.418,3.698310e+06
3600,320.418,3.848740e+06
3625,320.418,4.010710e+06
3650,320.418,4.185050e+06
3675,320.418,4.372580e+06
3700,320.418,4.574160e+06
3725,320.418,4.790610e+06
3750,320.418,5.022760e+06
3775,320.418,5.271420e+06
3800,320.418,5.537330e+06
3825,320.418,5.821220e+06
3850,320.418,6.123740e+06
3875,320.418,6.445450e+06
3900,320.418,6.786820e+06
3925,320.418,7.148240e+06
3950,320.418,7.529930e+06
3975,320.418,7.931990e+06
4000,320.418,8.354380e+06
4025,320.418,8.796880e+06
4050,320.418,9.259090e+06
4075,320.418,9.740440e+06
4100,320.418,1.024020e+07
4125,320.418,1.075730e+07
4150,320.418,1.129070e+07
4175,320.418,1.183900e+07
4200,320.418,1.240060e+07
4225,320.418,1.297390e+07
4250,320.418,1.355670e+07
4275,320.418,1.414690e+07
4300,320.418,1.474190e+07
4325,320.418,1.533810e+07
4350,320.418,1.593050e+07
4375,320.418,1.650560e+07
4400,320.418,1.664430e+07
4425,320.418,1.667040e+07
4450,320.418,1.669650e+07
4475,320.418,1.672260e+07
4500,320.418,1.674860e+07
4525,320.418,1.677460e+07
4550,320.418,1.680060e+07
4575,320.418,1.682650e+07
4600,320.418,1.685230e+07
4625,320.418,1.687800e+07
4650,320.418,1.690360e+07
4675,320.418,1.692920e+07
4700,320.418,1.695460e+07
4725,320.418,1.697980e+07
4750,320.418,1.700500e+07
4775,320.418,1.702990e+07
4800,320.418,1.705470e+07
4825,320.418,1.707920e+07
4850,320.418,1.710360e+07
4875,320.418,1.712760e+07
4900,320.418,1.715150e+07
4925,320.418,1.717500e+07
4950,320.418,1.719820e+07
4975,320.418,1.722110e+07
5000,320.418,1.724370e+07
300,569.792,1.923390e+03
325,569.792,2.792160e+04
350,569.792,5.393720e+04
375,569.792,7.997940e+04
400,569.792,1.060590e+05
425,569.792,1.321880e+05
450,569.792,1.583790e+05
475,569.792,1.846450e+05
500,569.792,2.109980e+05
525,569.792,2.374480e+05
550,569.792,2.640080e+05
575,569.792,2.906850e+05
600,569.792,3.174900e+05
625,569.792,3.444280e+05
650,569.792,3.715060e+05
675,569.792,3.987290e+05
700,569.792,4.260990e+05
725,569.792,4.536200e+05
750,569.792,4.812930e+05
775,569.792,5.091190e+05
800,569.792,5.370960e+05
825,569.792,5.652230e+05
850,569.792,5.935000e+05
875,569.792,6.219230e+05
900,569.792,6.504900e+05
925,569.792,6.791980e+05
950,569.792,7.080450e+05
975,569.792,7.370260e+05
1000,569.792,7.661400e+05
1025,569.792,7.953830e+05
1050,569.792,8.247510e+05
1075,569.792,8.542410e+05
1100,569.792,8.838490e+05
1125,569.792,9.135720e+05
1150,569.792,9.434060e+05
1175,569.792,9.733470e+05
1200,569.792,1.003390e+06
1225,569.792,1.033540e+06
1250,569.792,1.063780e+06
1275,569.792,1.094120e+06
1300,569.792,1.124550e+06
1325,569.792,1.155060e+06
1350,569.792,1.185660e+06
1375,569.792,1.216340e+06
1400,569.792,1.247090e+06
1425,569.792,1.277920e+06
1450,569.792,1.308810e+06
1475,569.792,1.339770e+06
1500,569.792,1.370780e+06
1525,569.792,1.401830e+06
1550,569.792,1.432920e+06
1575,569.792,1.464030e+06
1600,569.792,1.495150e+06
1625,569.792,1.526250e+06
1650,569.792,1.557320e+06
1675,569.792,1.588300e+06
1700,569.792,1.619180e+06
1725,569.792,1.649900e+06
1750,569.792,1.680390e+06
1775,569.792,1.710600e+06
1800,569.792,1.740420e+06
1825,569.792,1.769760e+06
1850,569.792,1.798480e+06
1875,569.792,1.826440e+06
1900,569.792,1.853470e+06
1925,569.792,1.879350e+06
1950,569.792,1.903830e+06
1975,569.792,1.926650e+06
2000,569.792,1.947510e+06
2025,569.792,1.966220e+06
2050,569.792,1.982250e+06
2075,569.792,1.995150e+06
2100,569.792,2.004400e+06
2125,569.792,2.009430e+06
2150,569.792,2.009600e+06
2175,569.792,2.004190e+06
2200,569.792,1.992400e+06
2225,569.792,1.973380e+06
2250,569.792,1.946140e+06
2275,569.792,1.909630e+06
2300,569.792,1.862690e+06
2325,569.792,1.819490e+06
2350,569.792,1.848160e+06
2375,569.792,1.875880e+06
2400,569.792,1.902420e+06
2425,569.792,1.927540e+06
2450,569.792,1.950930e+06
2475,569.792,1.972260e+06
2500,569.792,1.991110e+06
2525,569.792,2.007050e+06
2550,569.792,2.019540e+06
2575,569.792,2.028010e+06
2600,569.792,2.031820e+06
2625,569.792,2.014355e+06
2650,569.792,1.888117e+06
2675,569.792,1.733920e+06
2700,569.792,1.547590e+06
2725,569.792,1.570230e+06
2750,569.792,1.603900e+06
2775,569.792,1.637710e+06
2800,569.792,1.671680e+06
2825,569.792,1.705830e+06
2850,569.792,1.740190e+06
2875,569.792,1.774790e+06
2900,569.792,1.809660e+06
2925,569.792,1.844870e+06
2950,569.792,1.880470e+06
2975,569.792,1.916520e+06
3000,569.792,1.953140e+06
3025,569.792,1.990420e+06
3050,569.792,2.028480e+06
3075,569.792,2.067510e+06
3100,569.792,2.107660e+06
3125,569.792,2.147950e+06
3150,569.792,2.189260e+06
3175,569.792,2.231890e+06
3200,569.792,2.276060e+06
3225,569.792,2.321990e+06
3250,569.792,2.369920e+06
3275,569.792,2.420160e+06
3300,569.792,2.473030e+06
3325,569.792,2.528890e+06
3350,569.792,2.588150e+06
3375,569.792,2.651280e+06
3400,569.792,2.718770e+06
3425,569.792,2.788570e+06
3450,569.792,2.859040e+06
3475,569.792,2.933770e+06
3500,569.792,3.013170e+06
3525,569.792,3.097660e+06
3550,569.792,3.187720e+06
3575,569.792,3.283820e+06
3600,569.792,3.386500e+06
3625,569.792,3.496290e+06
3650,569.792,3.613770e+06
3675,569.792,3.739530e+06
3700,569.792,3.874210e+06
3725,569.792,4.018440e+06
3750,569.792,4.172890e+06
3775,569.792,4.338240e+06
3800,569.792,4.515160e+06
3825,569.792,4.704360e+06
3850,569.792,4.906530e+06
3875,569.792,5.122330e+06
3900,569.792,5.352450e+06
3925,569.792,5.597520e+06
3950,569.792,5.858140e+06
3975,569.792,6.134880e+06
4000,569.792,6.428250e+06
4025,569.792,6.738680e+06
4050,569.792,7.066540e+06
4075,569.792,7.412120e+06
4100,569.792,7.775590e+06
4125,569.792,8.157020e+06
4150,569.792,8.556360e+06
4175,569.792,8.973460e+06
4200,569.792,9.407990e+06
4225,569.792,9.859510e+06
4250,569.792,1.032740e+07
4275,569.792,1.081100e+07
4300,569.792,1.130940e+07
4325,569.792,1.182150e+07
4350,569.792,1.234610e+07
4375,569.792,1.288200e+07
4400,569.792,1.342750e+07
4425,569.792,1.398090e+07
4450,569.792,1.454030e+07
4475,569.792,1.510340e+07
4500,569.792,1.566730e+07
4525,569.792,1.622770e+07
4550,569.792,1.677550e+07
4575,569.792,1.707760e+07
4600,569.792,1.710650e+07
4625,569.792,1.713540e+07
4650,569.792,1.716430e+07
4675,569.792,1.719310e+07
4700,569.792,1.722200e+07
4725,569.792,1.725080e+07
4750,569.792,1.727960e+07
4775,569.792,1.730830e+07
4800,569.792,1.733700e+07
4825,569.792,1.736550e+07
4850,569.792,1.739400e+07
4875,569.792,1.742240e+07
4900,569.792,1.745070e+07
4925,569.792,1.747890e+07
4950,569.792,1.750700e+07
4975,569.792,1.753490e+07
5000,569.792,1.756260e+07
300,1013.25,1.923390e+03
325,1013.25,2.792160e+04
350,1013.25,5.393720e+04
375,1013.25,7.997940e+04
400,1013.25,1.060590e+05
425,1013.25,1.321880e+05
450,1013.25,1.583790e+05
475,1013.25,1.846450e+05
500,1013.25,2.109980e+05
525,1013.25,2.374480e+05
550,1013.25,2.640080e+05
575,1013.25,2.906850e+05
600,1013.25,3.174900e+05
625,1013.25,3.444280e+05
650,1013.25,3.715060e+05
675,1013.25,3.987290e+05
700,1013.25,4.260990e+05
725,1013.25,4.536200e+05
750,1013.25,4.812930e+05
775,1013.25,5.091190e+05
800,1013.25,5.370960e+05
825,1013.25,5.652230e+05
850,1013.25,5.935000e+05
875,1013.25,6.219230e+05
900,1013.25,6.504900e+05
925,1013.25,6.791980e+05
950,1013.25,7.080450e+05
975,1013.25,7.370260e+05
1000,1013.25,7.661400e+05
1025,1013.25,7.953830e+05
1050,1013.25,8.247510e+05
1075,1013.25,8.542410e+05
1100,1013.25,8.838490e+05
1125,1013.25,9.135720e+05
1150,1013.25,9.434060e+05
1175,1013.25,9.733470e+05
1200,1013.25,1.003390e+06
1225,1013.25,1.033540e+06
1250,1013.25,1.063780e+06
1275,1013.25,1.094120e+06
1300,1013.25,1.124550e+06
1325,1013.25,1.155060e+06
1350,1013.25,1.185660e+06
1375,1013.25,1.216350e+06
1400,1013.25,1.247110e+06
1425,1013.25,1.277940e+06
1450,1013.25,1.308840e+06
1475,1013.25,1.339810e+06
1500,1013.25,1.370840e+06
1525,1013.25,1.401930e+06
1550,1013.25,1.433070e+06
1575,1013.25,1.464240e+06
1600,1013.25,1.495450e+06
1625,1013.25,1.526670e+06
1650,1013.25,1.557890e+06
1675,1013.25,1.589100e+06
1700,1013.25,1.620270e+06
1725,1013.25,1.651370e+06
1750,1013.25,1.682370e+06
1775,1013.25,1.713230e+06
1800,1013.25,1.743900e+06
1825,1013.25,1.774310e+06
1850,1013.25,1.804390e+06
1875,1013.25,1.834070e+06
1900,1013.25,1.863240e+06
1925,1013.25,1.891780e+06
1950,1013.25,1.919560e+06
1975,1013.25,1.946420e+06
2000,1013.25,1.972180e+06
2025,1013.25,1.996760e+06
2050,1013.25,2.019850e+06
2075,1013.25,2.041190e+06
2100,1013.25,2.060490e+06
2125,1013.25,2.077430e+06
2150,1013.25,2.091650e+06
2175,1013.25,2.102750e+06
2200,1013.25,2.110270e+06
2225,1013.25,2.113730e+06
2250,1013.25,2.112570e+06
2275,1013.25,2.106200e+06
2300,1013.25,2.093960e+06
2325,1013.25,2.075150e+06
2350,1013.25,2.048990e+06
2375,1013.25,2.014640e+06
2400,1013.25,1.971200e+06
2425,1013.25,1.946450e+06
2450,1013.25,1.974760e+06
2475,1013.25,2.002110e+06
2500,1013.25,2.028300e+06
2525,1013.25,2.053100e+06
2550,1013.25,2.076260e+06
2575,1013.25,2.097490e+06
2600,1013.25,2.116440e+06
2625,1013.25,2.132760e+06
2650,1013.25,2.146010e+06
2675,1013.25,2.155740e+06
2700,1013.25,2.135294e+06
2725,1013.25,2.020672e+06
2750,1013.25,1.881380e+06
2775,1013.25,1.713930e+06
2800,1013.25,1.669030e+06
2825,1013.25,1.702920e+06
2850,1013.25,1.736930e+06
2875,1013.25,1.771080e+06
2900,1013.25,1.805410e+06
2925,1013.25,1.839930e+06
2950,1013.25,1.874690e+06
2975,1013.25,1.909720e+06
3000,1013.25,1.945070e+06
3025,1013.25,1.980820e+06
3050,1013.25,2.017020e+06
3075,1013.25,2.053790e+06
3100,1013.25,2.091210e+06
3125,1013.25,2.128610e+06
3150,1013.25,2.166590e+06
3175,1013.25,2.205350e+06
3200,1013.25,2.245000e+06
3225,1013.25,2.285680e+06
3250,1013.25,2.327530e+06
3275,1013.25,2.370720e+06
3300,1013.25,2.415430e+06
3325,1013.25,2.461890e+06
3350,1013.25,2.510320e+06
3375,1013.25,2.561000e+06
3400,1013.25,2.614230e+06
3425,1013.25,2.668790e+06
3450,1013.25,2.723730e+06
3475,1013.25,2.781170e+06
3500,1013.25,2.841360e+06
3525,1013.25,2.904560e+06
3550,1013.25,2.971050e+06
3575,1013.25,3.041140e+06
3600,1013.25,3.115140e+06
3625,1013.25,3.193400e+06
3650,1013.25,3.276280e+06
3675,1013.25,3.364170e+06
3700,1013.25,3.457490e+06
3725,1013.25,3.556650e+06
3750,1013.25,3.662120e+06
3775,1013.25,3.774350e+06
3800,1013.25,3.893860e+06
3825,1013.25,4.021130e+06
3850,1013.25,4.156710e+06
3875,1013.25,4.301130e+06
3900,1013.25,4.454940e+06
3925,1013.25,4.618700e+06
3950,1013.25,4.792980e+06
3975,1013.25,4.978340e+06
4000,1013.25,5.175350e+06
4025,1013.25,5.384560e+06
4050,1013.25,5.606500e+06
4075,1013.25,5.841690e+06
4100,1013.25,6.090620e+06
4125,1013.25,6.353750e+06
4150,1013.25,6.631480e+06
4175,1013.25,6.924180e+06
4200,1013.25,7.232160e+06
4225,1013.25,7.555640e+06
4250,1013.25,7.894810e+06
4275,1013.25,8.249740e+06
4300,1013.25,8.620430e+06
4325,1013.25,9.006790e+06
4350,1013.25,9.408630e+06
4375,1013.25,9.825640e+06
4400,1013.25,1.025740e+07
4425,1013.25,1.070350e+07
4450,1013.25,1.116320e+07
4475,1013.25,1.163570e+07
4500,1013.25,1.212030e+07
4525,1013.25,1.261590e+07
4550,1013.25,1.312150e+07
4575,1013.25,1.363570e+07
4600,1013.25,1.415720e+07
4625,1013.25,1.468450e+07
4650,1013.25,1.521570e+07
4675,1013.25,1.574870e+07
4700,1013.25,1.628050e+07
4725,1013.25,1.680660e+07
4750,1013.25,1.731660e+07
4775,1013.25,1.755960e+07
4800,1013.25,1.759100e+07
4825,1013.25,1.762240e+07
4850,1013.25,1.765380e+07
4875,1013.25,1.768520e+07
4900,1013.25,1.771660e+07
4925,1013.25,1.774800e+07
4950,1013.25,1.777930e+07
4975,1013.25,1.781060e+07
5000,1013.25,1.784190e+07
