Tw_K,P_bar,Bc
300,0.00101325,4.656580e-01
325,0.00101325,4.656580e-01
350,0.00101325,4.656580e-01
375,0.00101325,4.656580e-01
400,0.00101325,4.656580e-01
425,0.00101325,4.656580e-01
450,0.00101325,4.656580e-01
475,0.00101325,4.656580e-01
500,0.00101325,4.656580e-01
525,0.00101325,4.656580e-01
550,0.00101325,4.656580e-01
575,0.00101325,4.656580e-01
600,0.00101325,4.656580e-01
625,0.00101325,4.656580e-01
650,0.00101325,4.656580e-01
675,0.00101325,4.656580e-01
700,0.00101325,4.656580e-01
725,0.00101325,4.656580e-01
750,0.00101325,4.656580e-01
775,0.00101325,4.656580e-01
800,0.00101325,4.656580e-01
825,0.00101325,4.656580e-01
850,0.00101325,4.656580e-01
875,0.00101325,4.656580e-01
900,0.00101325,4.656580e-01
925,0.00101325,4.656580e-01
950,0.00101325,4.656580e-01
975,0.00101325,4.656580e-01
1000,0.00101325,4.656580e-01
1025,0.00101325,4.656580e-01
1050,0.00101325,4.656580e-01
1075,0.00101325,4.656580e-01
1100,0.00101325,4.656580e-01
1125,0.00101325,4.656580e-01
1150,0.00101325,4.656580e-01
1175,0.00101325,4.656580e-01
1200,0.00101325,4.656580e-01
1225,0.00101325,4.656580e-01
1250,0.00101325,4.656580e-01
1275,0.00101325,4.656580e-01
1300,0.00101325,4.656580e-01
1325,0.00101325,4.656590e-01
1350,0.00101325,4.656590e-01
1375,0.00101325,4.656590e-01
1400,0.00101325,4.656600e-01
1425,0.00101325,4.656610e-01
1450,0.00101325,4.656630e-01
1475,0.00101325,4.656660e-01
1500,0.00101325,4.656720e-01
1525,0.00101325,4.656810e-01
1550,0.00101325,4.656960e-01
1575,0.00101325,4.657190e-01
1600,0.00101325,4.657540e-01
1625,0.00101325,4.658060e-01
1650,0.00101325,4.658840e-01
1675,0.00101325,4.659980e-01
1700,0.00101325,4.661600e-01
1725,0.00101325,4.663900e-01
1750,0.00101325,4.667090e-01
1775,0.00101325,4.671440e-01
1800,0.00101325,4.677280e-01
1825,0.00101325,4.684990e-01
1850,0.00101325,4.694960e-01
1875,0.00101325,4.707620e-01
1900,0.00101325,4.723370e-01
1925,0.00101325,4.742560e-01
1950,0.00101325,4.765460e-01
1975,0.00101325,4.792260e-01
2000,0.00101325,4.823030e-01
2025,0.00101325,4.857770e-01
2050,0.00101325,4.896460e-01
2075,0.00101325,4.939020e-01
2100,0.00101325,4.985400e-01
2125,0.00101325,5.035520e-01
2150,0.00101325,5.089280e-01
2175,0.00101325,5.146570e-01
2200,0.00101325,5.207190e-01
2225,0.00101325,5.270900e-01
2250,0.00101325,5.337410e-01
2275,0.00101325,5.406320e-01
2300,0.00101325,5.477210e-01
2325,0.00101325,5.549570e-01
2350,0.00101325,5.622920e-01
2375,0.00101325,5.696720e-01
2400,0.00101325,5.770500e-01
2425,0.00101325,5.843830e-01
2450,0.00101325,5.916420e-01
2475,0.00101325,5.988090e-01
2500,0.00101325,6.058870e-01
2525,0.00101325,6.129000e-01
2550,0.00101325,6.199000e-01
2575,0.00101325,6.269720e-01
2600,0.00101325,6.342340e-01
2625,0.00101325,6.418450e-01
2650,0.00101325,6.500100e-01
2675,0.00101325,6.589860e-01
2700,0.00101325,6.690920e-01
2725,0.00101325,6.807150e-01
2750,0.00101325,6.943260e-01
2775,0.00101325,7.104960e-01
2800,0.00101325,7.299180e-01
2825,0.00101325,7.534350e-01
2850,0.00101325,7.820760e-01
2875,0.00101325,8.171110e-01
2900,0.00101325,8.593360e-01
2925,0.00101325,9.065780e-01
2950,0.00101325,9.645150e-01
2975,0.00101325,1.035830e+00
3000,0.00101325,1.124010e+00
3025,0.00101325,1.233630e+00
3050,0.00101325,1.370920e+00
3075,0.00101325,1.544470e+00
3100,0.00101325,1.766600e+00
3125,0.00101325,2.055630e+00
3150,0.00101325,2.440060e+00
3175,0.00101325,2.966880e+00
3200,0.00101325,3.719630e+00
3225,0.00101325,4.862540e+00
3250,0.00101325,6.769370e+00
3275,0.00101325,1.051460e+01
3300,0.00101325,2.096470e+01
3325,0.00101325,1.882600e+02
3350,0.00101325,2.000000e+02
3375,0.00101325,2.000000e+02
3400,0.00101325,2.000000e+02
3425,0.00101325,2.000000e+02
3450,0.00101325,2.000000e+02
3475,0.00101325,2.000000e+02
3500,0.00101325,2.000000e+02
3525,0.00101325,2.000000e+02
3550,0.00101325,2.000000e+02
3575,0.00101325,2.000000e+02
3600,0.00101325,2.000000e+02
3625,0.00101325,2.000000e+02
3650,0.00101325,2.000000e+02
3675,0.00101325,2.000000e+02
3700,0.00101325,2.000000e+02
3725,0.00101325,2.000000e+02
3750,0.00101325,2.000000e+02
3775,0.00101325,2.000000e+02
3800,0.00101325,2.000000e+02
3825,0.00101325,2.000000e+02
3850,0.00101325,2.000000e+02
3875,0.00101325,2.000000e+02
3900,0.00101325,2.000000e+02
3925,0.00101325,2.000000e+02
3950,0.00101325,2.000000e+02
3975,0.00101325,2.000000e+02
4000,0.00101325,2.000000e+02
4025,0.00101325,2.000000e+02
4050,0.00101325,2.000000e+02
4075,0.00101325,2.000000e+02
4100,0.00101325,2.000000e+02
4125,0.00101325,2.000000e+02
4150,0.00101325,2.000000e+02
4175,0.00101325,2.000000e+02
4200,0.00101325,2.000000e+02
4225,0.00101325,2.000000e+02
4250,0.00101325,2.000000e+02
4275,0.00101325,2.000000e+02
4300,0.00101325,2.000000e+02
4325,0.00101325,2.000000e+02
4350,0.00101325,2.000000e+02
4375,0.00101325,2.000000e+02
4400,0.00101325,2.000000e+02
4425,0.00101325,2.000000e+02
4450,0.00101325,2.000000e+02
4475,0.00101325,2.000000e+02
4500,0.00101325,2.000000e+02
4525,0.00101325,2.000000e+02
4550,0.00101325,2.000000e+02
4575,0.00101325,2.000000e+02
4600,0.00101325,2.000000e+02
4625,0.00101325,2.000000e+02
4650,0.00101325,2.000000e+02
4675,0.00101325,2.000000e+02
4700,0.00101325,2.000000e+02
4725,0.00101325,2.000000e+02
4750,0.00101325,2.000000e+02
4775,0.00101325,2.000000e+02
4800,0.00101325,2.000000e+02
4825,0.00101325,2.000000e+02
4850,0.00101325,2.000000e+02
4875,0.00101325,2.000000e+02
4900,0.00101325,2.000000e+02
4925,0.00101325,2.000000e+02
4950,0.00101325,2.000000e+02
4975,0.00101325,2.000000e+02
5000,0.00101325,2.000000e+02
300,0.00180184,4.656580e-01
325,0.00180184,4.656580e-01
350,0.00180184,4.656580e-01
375,0.00180184,4.656580e-01
400,0.00180184,4.656580e-01
425,0.00180184,4.656580e-01
450,0.00180184,4.656580e-01
475,0.00180184,4.656580e-01
500,0.00180184,4.656580e-01
525,0.00180184,4.656580e-01
550,0.00180184,4.656580e-01
575,0.00180184,4.656580e-01
600,0.00180184,4.656580e-01
625,0.00180184,4.656580e-01
650,0.00180184,4.656580e-01
675,0.00180184,4.656580e-01
700,0.00180184,4.656580e-01
725,0.00180184,4.656580e-01
750,0.00180184,4.656580e-01
775,0.00180184,4.656580e-01
800,0.00180184,4.656580e-01
825,0.00180184,4.656580e-01
850,0.00180184,4.656580e-01
875,0.00180184,4.656580e-01
900,0.00180184,4.656580e-01
925,0.00180184,4.656580e-01
950,0.00180184,4.656580e-01
975,0.00180184,4.656580e-01
1000,0.00180184,4.656580e-01
1025,0.00180184,4.656580e-01
1050,0.00180184,4.656580e-01
1075,0.00180184,4.656580e-01
1100,0.00180184,4.656580e-01
1125,0.00180184,4.656580e-01
1150,0.00180184,4.656580e-01
1175,0.00180184,4.656580e-01
1200,0.00180184,4.656580e-01
1225,0.00180184,4.656580e-01
1250,0.00180184,4.656580e-01
1275,0.00180184,4.656580e-01
1300,0.00180184,4.656580e-01
1325,0.00180184,4.656590e-01
1350,0.00180184,4.656590e-01
1375,0.00180184,4.656590e-01
1400,0.00180184,4.656590e-01
1425,0.00180184,4.656600e-01
1450,0.00180184,4.656610e-01
1475,0.00180184,4.656640e-01
1500,0.00180184,4.656670e-01
1525,0.00180184,4.656730e-01
1550,0.00180184,4.656820e-01
1575,0.00180184,4.656970e-01
1600,0.00180184,4.657200e-01
1625,0.00180184,4.657540e-01
1650,0.00180184,4.658050e-01
1675,0.00180184,4.658790e-01
1700,0.00180184,4.659870e-01
1725,0.00180184,4.661390e-01
1750,0.00180184,4.663530e-01
1775,0.00180184,4.666480e-01
1800,0.00180184,4.670480e-01
1825,0.00180184,4.675830e-01
1850,0.00180184,4.682860e-01
1875,0.00180184,4.691960e-01
1900,0.00180184,4.703520e-01
1925,0.00180184,4.717960e-01
1950,0.00180184,4.735630e-01
1975,0.00180184,4.756840e-01
2000,0.00180184,4.781840e-01
2025,0.00180184,4.810720e-01
2050,0.00180184,4.843540e-01
2075,0.00180184,4.880250e-01
2100,0.00180184,4.920760e-01
2125,0.00180184,4.964980e-01
2150,0.00180184,5.012790e-01
2175,0.00180184,5.064070e-01
2200,0.00180184,5.118690e-01
2225,0.00180184,5.176490e-01
2250,0.00180184,5.237270e-01
2275,0.00180184,5.300780e-01
2300,0.00180184,5.366730e-01
2325,0.00180184,5.434750e-01
2350,0.00180184,5.504460e-01
2375,0.00180184,5.575420e-01
2400,0.00180184,5.647200e-01
2425,0.00180184,5.719380e-01
2450,0.00180184,5.791560e-01
2475,0.00180184,5.863420e-01
2500,0.00180184,5.934740e-01
2525,0.00180184,6.005430e-01
2550,0.00180184,6.075560e-01
2575,0.00180184,6.145410e-01
2600,0.00180184,6.215460e-01
2625,0.00180184,6.286500e-01
2650,0.00180184,6.359570e-01
2675,0.00180184,6.436080e-01
2700,0.00180184,6.517770e-01
2725,0.00180184,6.606840e-01
2750,0.00180184,6.705960e-01
2775,0.00180184,6.818340e-01
2800,0.00180184,6.947870e-01
2825,0.00180184,7.099160e-01
2850,0.00180184,7.277800e-01
2875,0.00180184,7.490440e-01
2900,0.00180184,7.739760e-01
2925,0.00180184,8.007730e-01
2950,0.00180184,8.329370e-01
2975,0.00180184,8.716870e-01
3000,0.00180184,9.185230e-01
3025,0.00180184,9.753170e-01
3050,0.00180184,1.044430e+00
3075,0.00180184,1.128880e+00
3100,0.00180184,1.232600e+00
3125,0.00180184,1.360840e+00
3150,0.00180184,1.520700e+00
3175,0.00180184,1.722160e+00
3200,0.00180184,1.979640e+00
3225,0.00180184,2.314830e+00
3250,0.00180184,2.762000e+00
3275,0.00180184,3.378720e+00
3300,0.00180184,4.269800e+00
3325,0.00180184,5.648480e+00
3350,0.00180184,8.025720e+00
3375,0.00180184,1.300890e+01
3400,0.00180184,2.964470e+01
3425,0.00180184,2.000000e+02
3450,0.00180184,2.000000e+02
3475,0.00180184,2.000000e+02
3500,0.00180184,2.000000e+02
3525,0.00180184,2.000000e+02
3550,0.00180184,2.000000e+02
3575,0.00180184,2.000000e+02
3600,0.00180184,2.000000e+02
3625,0.00180184,2.000000e+02
3650,0.00180184,2.000000e+02
3675,0.00180184,2.000000e+02
3700,0.00180184,2.000000e+02
3725,0.00180184,2.000000e+02
3750,0.00180184,2.000000e+02
3775,0.00180184,2.000000e+02
3800,0.00180184,2.000000e+02
3825,0.00180184,2.000000e+02
3850,0.00180184,2.000000e+02
3875,0.00180184,2.000000e+02
3900,0.00180184,2.000000e+02
3925,0.00180184,2.000000e+02
3950,0.00180184,2.000000e+02
3975,0.00180184,2.000000e+02
4000,0.00180184,2.000000e+02
4025,0.00180184,2.000000e+02
4050,0.00180184,2.000000e+02
4075,0.00180184,2.000000e+02
4100,0.00180184,2.000000e+02
4125,0.00180184,2.000000e+02
4150,0.00180184,2.000000e+02
4175,0.00180184,2.000000e+02
4200,0.00180184,2.000000e+02
4225,0.00180184,2.000000e+02
4250,0.00180184,2.000000e+02
4275,0.00180184,2.000000e+02
4300,0.00180184,2.000000e+02
4325,0.00180184,2.000000e+02
4350,0.00180184,2.000000e+02
4375,0.00180184,2.000000e+02
4400,0.00180184,2.000000e+02
4425,0.00180184,2.000000e+02
4450,0.00180184,2.000000e+02
4475,0.00180184,2.000000e+02
4500,0.00180184,2.000000e+02
4525,0.00180184,2.000000e+02
4550,0.00180184,2.000000e+02
4575,0.00180184,2.000000e+02
4600,0.00180184,2.000000e+02
4625,0.00180184,2.000000e+02
4650,0.00180184,2.000000e+02
4675,0.00180184,2.000000e+02
4700,0.00180184,2.000000e+02
4725,0.00180184,2.000000e+02
4750,0.00180184,2.000000e+02
4775,0.00180184,2.000000e+02
4800,0.00180184,2.000000e+02
4825,0.00180184,2.000000e+02
4850,0.00180184,2.000000e+02
4875,0.00180184,2.000000e+02
4900,0.00180184,2.000000e+02
4925,0.00180184,2.000000e+02
4950,0.00180184,2.000000e+02
4975,0.00180184,2.000000e+02
5000,0.00180184,2.000000e+02
300,0.00320418,4.656580e-01
325,0.00320418,4.656580e-01
350,0.00320418,4.656580e-01
375,0.00320418,4.656580e-01
400,0.00320418,4.656580e-01
425,0.00320418,4.656580e-01
450,0.00320418,4.656580e-01
475,0.00320418,4.656580e-01
500,0.00320418,4.656580e-01
525,0.00320418,4.656580e-01
550,0.00320418,4.656580e-01
575,0.00320418,4.656580e-01
600,0.00320418,4.656580e-01
625,0.00320418,4.656580e-01
650,0.00320418,4.656580e-01
675,0.00320418,4.656580e-01
700,0.00320418,4.656580e-01
725,0.00320418,4.656580e-01
750,0.00320418,4.656580e-01
775,0.00320418,4.656580e-01
800,0.00320418,4.656580e-01
825,0.00320418,4.656580e-01
850,0.00320418,4.656580e-01
875,0.00320418,4.656580e-01
900,0.00320418,4.656580e-01
925,0.00320418,4.656580e-01
950,0.00320418,4.656580e-01
975,0.00320418,4.656580e-01
1000,0.00320418,4.656580e-01
1025,0.00320418,4.656580e-01
1050,0.00320418,4.656580e-01
1075,0.00320418,4.656580e-01
1100,0.00320418,4.656580e-01
1125,0.00320418,4.656580e-01
1150,0.00320418,4.656580e-01
1175,0.00320418,4.656580e-01
1200,0.00320418,4.656580e-01
1225,0.00320418,4.656580e-01
1250,0.00320418,4.656580e-01
1275,0.00320418,4.656580e-01
1300,0.00320418,4.656580e-01
1325,0.00320418,4.656580e-01
1350,0.00320418,4.656590e-01
1375,0.00320418,4.656590e-01
1400,0.00320418,4.656590e-01
1425,0.00320418,4.656590e-01
1450,0.00320418,4.656600e-01
1475,0.00320418,4.656620e-01
1500,0.00320418,4.656640e-01
1525,0.00320418,4.656680e-01
1550,0.00320418,4.656740e-01
1575,0.00320418,4.656830e-01
1600,0.00320418,4.656980e-01
1625,0.00320418,4.657200e-01
1650,0.00320418,4.657530e-01
1675,0.00320418,4.658010e-01
1700,0.00320418,4.658710e-01
1725,0.00320418,4.659720e-01
1750,0.00320418,4.661130e-01
1775,0.00320418,4.663100e-01
1800,0.00320418,4.665790e-01
1825,0.00320418,4.669420e-01
1850,0.00320418,4.674260e-01
1875,0.00320418,4.680610e-01
1900,0.00320418,4.688800e-01
1925,0.00320418,4.699230e-01
1950,0.00320418,4.712270e-01
1975,0.00320418,4.728300e-01
2000,0.00320418,4.747670e-01
2025,0.00320418,4.770640e-01
2050,0.00320418,4.797400e-01
2075,0.00320418,4.828030e-01
2100,0.00320418,4.862520e-01
2125,0.00320418,4.900790e-01
2150,0.00320418,4.942720e-01
2175,0.00320418,4.988150e-01
2200,0.00320418,5.036950e-01
2225,0.00320418,5.088960e-01
2250,0.00320418,5.144000e-01
2275,0.00320418,5.201910e-01
2300,0.00320418,5.262470e-01
2325,0.00320418,5.325430e-01
2350,0.00320418,5.390510e-01
2375,0.00320418,5.457390e-01
2400,0.00320418,5.525720e-01
2425,0.00320418,5.595140e-01
2450,0.00320418,5.665280e-01
2475,0.00320418,5.735790e-01
2500,0.00320418,5.806350e-01
2525,0.00320418,5.876720e-01
2550,0.00320418,5.946740e-01
2575,0.00320418,6.016380e-01
2600,0.00320418,6.085730e-01
2625,0.00320418,6.155060e-01
2650,0.00320418,6.224830e-01
2675,0.00320418,6.295710e-01
2700,0.00320418,6.368620e-01
2725,0.00320418,6.444750e-01
2750,0.00320418,6.525590e-01
2775,0.00320418,6.612960e-01
2800,0.00320418,6.709050e-01
2825,0.00320418,6.816510e-01
2850,0.00320418,6.938450e-01
2875,0.00320418,7.078590e-01
2900,0.00320418,7.237410e-01
2925,0.00320418,7.400550e-01
2950,0.00320418,7.591430e-01
2975,0.00320418,7.816150e-01
3000,0.00320418,8.082020e-01
3025,0.00320418,8.397820e-01
3050,0.00320418,8.774190e-01
3075,0.00320418,9.224080e-01
3100,0.00320418,9.763480e-01
3125,0.00320418,1.041230e+00
3150,0.00320418,1.119570e+00
3175,0.00320418,1.214590e+00
3200,0.00320418,1.330490e+00
3225,0.00320418,1.472890e+00
3250,0.00320418,1.649430e+00
3275,0.00320418,1.870840e+00
3300,0.00320418,2.152680e+00
3325,0.00320418,2.518420e+00
3350,0.00320418,3.005240e+00
3375,0.00320418,3.675880e+00
3400,0.00320418,4.645070e+00
3425,0.00320418,6.147860e+00
3450,0.00320418,8.753300e+00
3475,0.00320418,1.428520e+01
3500,0.00320418,3.352460e+01
3525,0.00320418,2.000000e+02
3550,0.00320418,2.000000e+02
3575,0.00320418,2.000000e+02
3600,0.00320418,2.000000e+02
3625,0.00320418,2.000000e+02
3650,0.00320418,2.000000e+02
3675,0.00320418,2.000000e+02
3700,0.00320418,2.000000e+02
3725,0.00320418,2.000000e+02
3750,0.00320418,2.000000e+02
3775,0.00320418,2.000000e+02
3800,0.00320418,2.000000e+02
3825,0.00320418,2.000000e+02
3850,0.00320418,2.000000e+02
3875,0.00320418,2.000000e+02
3900,0.00320418,2.000000e+02
3925,0.00320418,2.000000e+02
3950,0.00320418,2.000000e+02
3975,0.00320418,2.000000e+02
4000,0.00320418,2.000000e+02
4025,0.00320418,2.000000e+02
4050,0.00320418,2.000000e+02
4075,0.00320418,2.000000e+02
4100,0.00320418,2.000000e+02
4125,0.00320418,2.000000e+02
4150,0.00320418,2.000000e+02
4175,0.00320418,2.000000e+02
4200,0.00320418,2.000000e+02
4225,0.00320418,2.000000e+02
4250,0.00320418,2.000000e+02
4275,0.00320418,2.000000e+02
4300,0.00320418,2.000000e+02
4325,0.00320418,2.000000e+02
4350,0.00320418,2.000000e+02
4375,0.00320418,2.000000e+02
4400,0.00320418,2.000000e+02
4425,0.00320418,2.000000e+02
4450,0.00320418,2.000000e+02
4475,0.00320418,2.000000e+02
4500,0.00320418,2.000000e+02
4525,0.00320418,2.000000e+02
4550,0.00320418,2.000000e+02
4575,0.00320418,2.000000e+02
4600,0.00320418,2.000000e+02
4625,0.00320418,2.000000e+02
4650,0.00320418,2.000000e+02
4675,0.00320418,2.000000e+02
4700,0.00320418,2.000000e+02
4725,0.00320418,2.000000e+02
4750,0.00320418,2.000000e+02
4775,0.00320418,2.000000e+02
4800,0.00320418,2.000000e+02
4825,0.00320418,2.000000e+02
4850,0.00320418,2.000000e+02
4875,0.00320418,2.000000e+02
4900,0.00320418,2.000000e+02
4925,0.00320418,2.000000e+02
4950,0.00320418,2.000000e+02
4975,0.00320418,2.000000e+02
5000,0.00320418,2.000000e+02
300,0.00569792,4.656580e-01
325,0.00569792,4.656580e-01
350,0.00569792,4.656580e-01
375,0.00569792,4.656580e-01
400,0.00569792,4.656580e-01
425,0.00569792,4.656580e-01
450,0.00569792,4.656580e-01
475,0.00569792,4.656580e-01
500,0.00569792,4.656580e-01
525,0.00569792,4.656580e-01
550,0.00569792,4.656580e-01
575,0.00569792,4.656580e-01
600,0.00569792,4.656580e-01
625,0.00569792,4.656580e-01
650,0.00569792,4.656580e-01
675,0.00569792,4.656580e-01
700,0.00569792,4.656580e-01
725,0.00569792,4.656580e-01
750,0.00569792,4.656580e-01
775,0.00569792,4.656580e-01
800,0.00569792,4.656580e-01
825,0.00569792,4.656580e-01
850,0.00569792,4.656580e-01
875,0.00569792,4.656580e-01
900,0.00569792,4.656580e-01
925,0.00569792,4.656580e-01
950,0.00569792,4.656580e-01
975,0.00569792,4.656580e-01
1000,0.00569792,4.656580e-01
1025,0.00569792,4.656580e-01
1050,0.00569792,4.656580e-01
1075,0.00569792,4.656580e-01
1100,0.00569792,4.656580e-01
1125,0.00569792,4.656580e-01
1150,0.00569792,4.656580e-01
1175,0.00569792,4.656580e-01
1200,0.00569792,4.656580e-01
1225,0.00569792,4.656580e-01
1250,0.00569792,4.656580e-01
1275,0.00569792,4.656580e-01
1300,0.00569792,4.656580e-01
1325,0.00569792,4.656580e-01
1350,0.00569792,4.656580e-01
1375,0.00569792,4.656590e-01
1400,0.00569792,4.656590e-01
1425,0.00569792,4.656590e-01
1450,0.00569792,4.656600e-01
1475,0.00569792,4.656600e-01
1500,0.00569792,4.656620e-01
1525,0.00569792,4.656640e-01
1550,0.00569792,4.656680e-01
1575,0.00569792,4.656740e-01
1600,0.00569792,4.656830e-01
1625,0.00569792,4.656980e-01
1650,0.00569792,4.657190e-01
1675,0.00569792,4.657500e-01
1700,0.00569792,4.657960e-01
1725,0.00569792,4.658610e-01
1750,0.00569792,4.659540e-01
1775,0.00569792,4.660840e-01
1800,0.00569792,4.662620e-01
1825,0.00569792,4.665050e-01
1850,0.00569792,4.668310e-01
1875,0.00569792,4.672630e-01
1900,0.00569792,4.678290e-01
1925,0.00569792,4.685580e-01
1950,0.00569792,4.694850e-01
1975,0.00569792,4.706470e-01
2000,0.00569792,4.720800e-01
2025,0.00569792,4.738200e-01
2050,0.00569792,4.758990e-01
2075,0.00569792,4.783390e-01
2100,0.00569792,4.811560e-01
2125,0.00569792,4.843550e-01
2150,0.00569792,4.879320e-01
2175,0.00569792,4.918750e-01
2200,0.00569792,4.961680e-01
2225,0.00569792,5.007940e-01
2250,0.00569792,5.057330e-01
2275,0.00569792,5.109670e-01
2300,0.00569792,5.164770e-01
2325,0.00569792,5.222440e-01
2350,0.00569792,5.282450e-01
2375,0.00569792,5.344580e-01
2400,0.00569792,5.408570e-01
2425,0.00569792,5.474120e-01
2450,0.00569792,5.540930e-01
2475,0.00569792,5.608700e-01
2500,0.00569792,5.677120e-01
2525,0.00569792,5.745900e-01
2550,0.00569792,5.814800e-01
2575,0.00569792,5.883630e-01
2600,0.00569792,5.952290e-01
2625,0.00569792,6.020750e-01
2650,0.00569792,6.089120e-01
2675,0.00569792,6.157660e-01
2700,0.00569792,6.226770e-01
2725,0.00569792,6.297020e-01
2750,0.00569792,6.369190e-01
2775,0.00569792,6.444280e-01
2800,0.00569792,6.523510e-01
2825,0.00569792,6.608380e-01
2850,0.00569792,6.700670e-01
2875,0.00569792,6.802490e-01
2900,0.00569792,6.913430e-01
2925,0.00569792,7.022040e-01
2950,0.00569792,7.144930e-01
2975,0.00569792,7.285370e-01
3000,0.00569792,7.447190e-01
3025,0.00569792,7.634870e-01
3050,0.00569792,7.853740e-01
3075,0.00569792,8.110070e-01
3100,0.00569792,8.411350e-01
3125,0.00569792,8.766550e-01
3150,0.00569792,9.186470e-01
3175,0.00569792,9.684290e-01
3200,0.00569792,1.027620e+00
3225,0.00569792,1.098220e+00
3250,0.00569792,1.182790e+00
3275,0.00569792,1.284550e+00
3300,0.00569792,1.407730e+00
3325,0.00569792,1.557950e+00
3350,0.00569792,1.742820e+00
3375,0.00569792,1.972980e+00
3400,0.00569792,2.263770e+00
3425,0.00569792,2.638140e+00
3450,0.00569792,3.132110e+00
3475,0.00569792,3.805670e+00
3500,0.00569792,4.766690e+00
3525,0.00569792,6.230780e+00
3550,0.00569792,8.700800e+00
3575,0.00569792,1.368380e+01
3600,0.00569792,2.869600e+01
3625,0.00569792,2.000000e+02
3650,0.00569792,2.000000e+02
3675,0.00569792,2.000000e+02
3700,0.00569792,2.000000e+02
3725,0.00569792,2.000000e+02
3750,0.00569792,2.000000e+02
3775,0.00569792,2.000000e+02
3800,0.00569792,2.000000e+02
3825,0.00569792,2.000000e+02
3850,0.00569792,2.000000e+02
3875,0.00569792,2.000000e+02
3900,0.00569792,2.000000e+02
3925,0.00569792,2.000000e+02
3950,0.00569792,2.000000e+02
3975,0.00569792,2.000000e+02
4000,0.00569792,2.000000e+02
4025,0.00569792,2.000000e+02
4050,0.00569792,2.000000e+02
4075,0.00569792,2.000000e+02
4100,0.00569792,2.000000e+02
4125,0.00569792,2.000000e+02
4150,0.00569792,2.000000e+02
4175,0.00569792,2.000000e+02
4200,0.00569792,2.000000e+02
4225,0.00569792,2.000000e+02
4250,0.00569792,2.000000e+02
4275,0.00569792,2.000000e+02
4300,0.00569792,2.000000e+02
4325,0.00569792,2.000000e+02
4350,0.00569792,2.000000e+02
4375,0.00569792,2.000000e+02
4400,0.00569792,2.000000e+02
4425,0.00569792,2.000000e+02
4450,0.00569792,2.000000e+02
4475,0.00569792,2.000000e+02
4500,0.00569792,2.000000e+02
4525,0.00569792,2.000000e+02
4550,0.00569792,2.000000e+02
4575,0.00569792,2.000000e+02
4600,0.00569792,2.000000e+02
4625,0.00569792,2.000000e+02
4650,0.00569792,2.000000e+02
4675,0.00569792,2.000000e+02
4700,0.00569792,2.000000e+02
4725,0.00569792,2.000000e+02
4750,0.00569792,2.000000e+02
4775,0.00569792,2.000000e+02
4800,0.00569792,2.000000e+02
4825,0.00569792,2.000000e+02
4850,0.00569792,2.000000e+02
4875,0.00569792,2.000000e+02
4900,0.00569792,2.000000e+02
4925,0.00569792,2.000000e+02
4950,0.00569792,2.000000e+02
4975,0.00569792,2.000000e+02
5000,0.00569792,2.000000e+02
300,0.0101325,4.656580e-01
325,0.0101325,4.656580e-01
350,0.0101325,4.656580e-01
375,0.0101325,4.656580e-01
400,0.0101325,4.656580e-01
425,0.0101325,4.656580e-01
450,0.0101325,4.656580e-01
475,0.0101325,4.656580e-01
500,0.0101325,4.656580e-01
525,0.0101325,4.656580e-01
550,0.0101325,4.656580e-01
575,0.0101325,4.656580e-01
600,0.0101325,4.656580e-01
625,0.0101325,4.656580e-01
650,0.0101325,4.656580e-01
675,0.0101325,4.656580e-01
700,0.0101325,4.656580e-01
725,0.0101325,4.656580e-01
750,0.0101325,4.656580e-01
775,0.0101325,4.656580e-01
800,0.0101325,4.656580e-01
825,0.0101325,4.656580e-01
850,0.0101325,4.656580e-01
875,0.0101325,4.656580e-01
900,0.0101325,4.656580e-01
925,0.0101325,4.656580e-01
950,0.0101325,4.656580e-01
975,0.0101325,4.656580e-01
1000,0.0101325,4.656580e-01
1025,0.0101325,4.656580e-01
1050,0.0101325,4.656580e-01
1075,0.0101325,4.656580e-01
1100,0.0101325,4.656580e-01
1125,0.0101325,4.656580e-01
1150,0.0101325,4.656580e-01
1175,0.0101325,4.656580e-01
1200,0.0101325,4.656580e-01
1225,0.0101325,4.656580e-01
1250,0.0101325,4.656580e-01
1275,0.0101325,4.656580e-01
1300,0.0101325,4.656580e-01
1325,0.0101325,4.656580e-01
1350,0.0101325,4.656580e-01
1375,0.0101325,4.656580e-01
1400,0.0101325,4.656590e-01
1425,0.0101325,4.656590e-01
1450,0.0101325,4.656590e-01
1475,0.0101325,4.656600e-01
1500,0.0101325,4.656610e-01
1525,0.0101325,4.656620e-01
1550,0.0101325,4.656640e-01
1575,0.0101325,4.656680e-01
1600,0.0101325,4.656740e-01
1625,0.0101325,4.656830e-01
1650,0.0101325,4.656970e-01
1675,0.0101325,4.657170e-01
1700,0.0101325,4.657460e-01
1725,0.0101325,4.657890e-01
1750,0.0101325,4.658490e-01
1775,0.0101325,4.659340e-01
1800,0.0101325,4.660510e-01
1825,0.0101325,4.662110e-01
1850,0.0101325,4.664280e-01
1875,0.0101325,4.667170e-01
1900,0.0101325,4.670990e-01
1925,0.0101325,4.675970e-01
1950,0.0101325,4.682370e-01
1975,0.0101325,4.690510e-01
2000,0.0101325,4.700720e-01
2025,0.0101325,4.713340e-01
2050,0.0101325,4.728740e-01
2075,0.0101325,4.747230e-01
2100,0.0101325,4.769110e-01
2125,0.0101325,4.794590e-01
2150,0.0101325,4.823790e-01
2175,0.0101325,4.856740e-01
2200,0.0101325,4.893370e-01
2225,0.0101325,4.933550e-01
2250,0.0101325,4.977090e-01
2275,0.0101325,5.023790e-01
2300,0.0101325,5.073410e-01
2325,0.0101325,5.125750e-01
2350,0.0101325,5.180590e-01
2375,0.0101325,5.237740e-01
2400,0.0101325,5.296960e-01
2425,0.0101325,5.358050e-01
2450,0.0101325,5.420760e-01
2475,0.0101325,5.484840e-01
2500,0.0101325,5.550020e-01
2525,0.0101325,5.616060e-01
2550,0.0101325,5.682700e-01
2575,0.0101325,5.749710e-01
2600,0.0101325,5.816890e-01
2625,0.0101325,5.884100e-01
2650,0.0101325,5.951260e-01
2675,0.0101325,6.018380e-01
2700,0.0101325,6.085560e-01
2725,0.0101325,6.153020e-01
2750,0.0101325,6.221090e-01
2775,0.0101325,6.290270e-01
2800,0.0101325,6.361190e-01
2825,0.0101325,6.434660e-01
2850,0.0101325,6.511690e-01
2875,0.0101325,6.593480e-01
2900,0.0101325,6.679190e-01
2925,0.0101325,6.759620e-01
2950,0.0101325,6.847130e-01
2975,0.0101325,6.943500e-01
3000,0.0101325,7.050850e-01
3025,0.0101325,7.171610e-01
3050,0.0101325,7.308610e-01
3075,0.0101325,7.465140e-01
3100,0.0101325,7.645020e-01
3125,0.0101325,7.852740e-01
3150,0.0101325,8.093550e-01
3175,0.0101325,8.373620e-01
3200,0.0101325,8.700290e-01
3225,0.0101325,9.082280e-01
3250,0.0101325,9.530090e-01
3275,0.0101325,1.005640e+00
3300,0.0101325,1.067690e+00
3325,0.0101325,1.141060e+00
3350,0.0101325,1.228190e+00
3375,0.0101325,1.332130e+00
3400,0.0101325,1.456850e+00
3425,0.0101325,1.607570e+00
3450,0.0101325,1.791320e+00
3475,0.0101325,2.017780e+00
3500,0.0101325,2.300720e+00
3525,0.0101325,2.660380e+00
3550,0.0101325,3.127840e+00
3575,0.0101325,3.753380e+00
3600,0.0101325,4.624190e+00
3625,0.0101325,5.905700e+00
3650,0.0101325,7.955100e+00
3675,0.0101325,1.171240e+01
3700,0.0101325,2.070690e+01
3725,0.0101325,6.963140e+01
3750,0.0101325,2.000000e+02
3775,0.0101325,2.000000e+02
3800,0.0101325,2.000000e+02
3825,0.0101325,2.000000e+02
3850,0.0101325,2.000000e+02
3875,0.0101325,2.000000e+02
3900,0.0101325,2.000000e+02
3925,0.0101325,2.000000e+02
3950,0.0101325,2.000000e+02
3975,0.0101325,2.000000e+02
4000,0.0101325,2.000000e+02
4025,0.0101325,2.000000e+02
4050,0.0101325,2.000000e+02
4075,0.0101325,2.000000e+02
4100,0.0101325,2.000000e+02
4125,0.0101325,2.000000e+02
4150,0.0101325,2.000000e+02
4175,0.0101325,2.000000e+02
4200,0.0101325,2.000000e+02
4225,0.0101325,2.000000e+02
4250,0.0101325,2.000000e+02
4275,0.0101325,2.000000e+02
4300,0.0101325,2.000000e+02
4325,0.0101325,2.000000e+02
4350,0.0101325,2.000000e+02
4375,0.0101325,2.000000e+02
4400,0.0101325,2.000000e+02
4425,0.0101325,2.000000e+02
4450,0.0101325,2.000000e+02
4475,0.0101325,2.000000e+02
4500,0.0101325,2.000000e+02
4525,0.0101325,2.000000e+02
4550,0.0101325,2.000000e+02
4575,0.0101325,2.000000e+02
4600,0.0101325,2.000000e+02
4625,0.0101325,2.000000e+02
4650,0.0101325,2.000000e+02
4675,0.0101325,2.000000e+02
4700,0.0101325,2.000000e+02
4725,0.0101325,2.000000e+02
4750,0.0101325,2.000000e+02
4775,0.0101325,2.000000e+02
4800,0.0101325,2.000000e+02
4825,0.0101325,2.000000e+02
4850,0.0101325,2.000000e+02
4875,0.0101325,2.000000e+02
4900,0.0101325,2.000000e+02
4925,0.0101325,2.000000e+02
4950,0.0101325,2.000000e+02
4975,0.0101325,2.000000e+02
5000,0.0101325,2.000000e+02
300,0.0180184,4.656580e-01
325,0.0180184,4.656580e-01
350,0.0180184,4.656580e-01
375,0.0180184,4.656580e-01
400,0.0180184,4.656580e-01
425,0.0180184,4.656580e-01
450,0.0180184,4.656580e-01
475,0.0180184,4.656580e-01
500,0.0180184,4.656580e-01
525,0.0180184,4.656580e-01
550,0.0180184,4.656580e-01
575,0.0180184,4.656580e-01
600,0.0180184,4.656580e-01
625,0.0180184,4.656580e-01
650,0.0180184,4.656580e-01
675,0.0180184,4.656580e-01
700,0.0180184,4.656580e-01
725,0.0180184,4.656580e-01
750,0.0180184,4.656580e-01
775,0.0180184,4.656580e-01
800,0.0180184,4.656580e-01
825,0.0180184,4.656580e-01
850,0.0180184,4.656580e-01
875,0.0180184,4.656580e-01
900,0.0180184,4.656580e-01
925,0.0180184,4.656580e-01
950,0.0180184,4.656580e-01
975,0.0180184,4.656580e-01
1000,0.0180184,4.656580e-01
1025,0.0180184,4.656580e-01
1050,0.0180184,4.656580e-01
1075,0.0180184,4.656580e-01
1100,0.0180184,4.656580e-01
1125,0.0180184,4.656580e-01
1150,0.0180184,4.656580e-01
1175,0.0180184,4.656580e-01
1200,0.0180184,4.656580e-01
1225,0.0180184,4.656580e-01
1250,0.0180184,4.656580e-01
1275,0.0180184,4.656580e-01
1300,0.0180184,4.656580e-01
1325,0.0180184,4.656580e-01
1350,0.0180184,4.656580e-01
1375,0.0180184,4.656580e-01
1400,0.0180184,4.656590e-01
1425,0.0180184,4.656590e-01
1450,0.0180184,4.656590e-01
1475,0.0180184,4.656590e-01
1500,0.0180184,4.656600e-01
1525,0.0180184,4.656610e-01
1550,0.0180184,4.656620e-01
1575,0.0180184,4.656650e-01
1600,0.0180184,4.656680e-01
1625,0.0180184,4.656740e-01
1650,0.0180184,4.656830e-01
1675,0.0180184,4.656960e-01
1700,0.0180184,4.657140e-01
1725,0.0180184,4.657420e-01
1750,0.0180184,4.657810e-01
1775,0.0180184,4.658350e-01
1800,0.0180184,4.659120e-01
1825,0.0180184,4.660160e-01
1850,0.0180184,4.661590e-01
1875,0.0180184,4.663500e-01
1900,0.0180184,4.666040e-01
1925,0.0180184,4.669370e-01
1950,0.0180184,4.673700e-01
1975,0.0180184,4.679260e-01
2000,0.0180184,4.686310e-01
2025,0.0180184,4.695160e-01
2050,0.0180184,4.706120e-01
2075,0.0180184,4.719520e-01
2100,0.0180184,4.735710e-01
2125,0.0180184,4.754980e-01
2150,0.0180184,4.777600e-01
2175,0.0180184,4.803770e-01
2200,0.0180184,4.833590e-01
2225,0.0180184,4.867080e-01
2250,0.0180184,4.904170e-01
2275,0.0180184,4.944700e-01
2300,0.0180184,4.988470e-01
2325,0.0180184,5.035240e-01
2350,0.0180184,5.084770e-01
2375,0.0180184,5.136810e-01
2400,0.0180184,5.191140e-01
2425,0.0180184,5.247530e-01
2450,0.0180184,5.305780e-01
2475,0.0180184,5.365670e-01
2500,0.0180184,5.426970e-01
2525,0.0180184,5.489480e-01
2550,0.0180184,5.552960e-01
2575,0.0180184,5.617210e-01
2600,0.0180184,5.682010e-01
2625,0.0180184,5.747180e-01
2650,0.0180184,5.812570e-01
2675,0.0180184,5.878070e-01
2700,0.0180184,5.943610e-01
2725,0.0180184,6.009210e-01
2750,0.0180184,6.074970e-01
2775,0.0180184,6.141050e-01
2800,0.0180184,6.207740e-01
2825,0.0180184,6.275450e-01
2850,0.0180184,6.344680e-01
2875,0.0180184,6.416090e-01
2900,0.0180184,6.488670e-01
2925,0.0180184,6.554860e-01
2950,0.0180184,6.624220e-01
2975,0.0180184,6.697760e-01
3000,0.0180184,6.776650e-01
3025,0.0180184,6.862260e-01
3050,0.0180184,6.956150e-01
3075,0.0180184,7.060120e-01
3100,0.0180184,7.176260e-01
3125,0.0180184,7.306950e-01
3150,0.0180184,7.454950e-01
3175,0.0180184,7.623430e-01
3200,0.0180184,7.816060e-01
3225,0.0180184,8.037110e-01
3250,0.0180184,8.291540e-01
3275,0.0180184,8.585170e-01
3300,0.0180184,8.924850e-01
3325,0.0180184,9.318700e-01
3350,0.0180184,9.776430e-01
3375,0.0180184,1.030970e+00
3400,0.0180184,1.093270e+00
3425,0.0180184,1.166290e+00
3450,0.0180184,1.252190e+00
3475,0.0180184,1.353690e+00
3500,0.0180184,1.474280e+00
3525,0.0180184,1.618490e+00
3550,0.0180184,1.792300e+00
3575,0.0180184,2.003830e+00
3600,0.0180184,2.264380e+00
3625,0.0180184,2.590100e+00
3650,0.0180184,3.005070e+00
3675,0.0180184,3.546710e+00
3700,0.0180184,4.276590e+00
3725,0.0180184,5.303810e+00
3750,0.0180184,6.841730e+00
3775,0.0180184,9.371720e+00
3800,0.0180184,1.425660e+01
3825,0.0180184,2.745860e+01
3850,0.0180184,1.824120e+02
3875,0.0180184,2.000000e+02
3900,0.0180184,2.000000e+02
3925,0.0180184,2.000000e+02
3950,0.0180184,2.000000e+02
3975,0.0180184,2.000000e+02
4000,0.0180184,2.000000e+02
4025,0.0180184,2.000000e+02
4050,0.0180184,2.000000e+02
4075,0.0180184,2.000000e+02
4100,0.0180184,2.000000e+02
4125,0.0180184,2.000000e+02
4150,0.0180184,2.000000e+02
4175,0.0180184,2.000000e+02
4200,0.0180184,2.000000e+02
4225,0.0180184,2.000000e+02
4250,0.0180184,2.000000e+02
4275,0.0180184,2.000000e+02
4300,0.0180184,2.000000e+02
4325,0.0180184,2.000000e+02
4350,0.0180184,2.000000e+02
4375,0.0180184,2.000000e+02
4400,0.0180184,2.000000e+02
4425,0.0180184,2.000000e+02
4450,0.0180184,2.000000e+02
4475,0.0180184,2.000000e+02
4500,0.0180184,2.000000e+02
4525,0.0180184,2.000000e+02
4550,0.0180184,2.000000e+02
4575,0.0180184,2.000000e+02
4600,0.0180184,2.000000e+02
4625,0.0180184,2.000000e+02
4650,0.0180184,2.000000e+02
4675,0.0180184,2.000000e+02
4700,0.0180184,2.000000e+02
4725,0.0180184,2.000000e+02
4750,0.0180184,2.000000e+02
4775,0.0180184,2.000000e+02
4800,0.0180184,2.000000e+02
4825,0.0180184,2.000000e+02
4850,0.0180184,2.000000e+02
4875,0.0180184,2.000000e+02
4900,0.0180184,2.000000e+02
4925,0.0180184,2.000000e+02
4950,0.0180184,2.000000e+02
4975,0.0180184,2.000000e+02
5000,0.0180184,2.000000e+02
300,0.0320418,4.656580e-01
325,0.0320418,4.656580e-01
350,0.0320418,4.656580e-01
375,0.0320418,4.656580e-01
400,0.0320418,4.656580e-01
425,0.0320418,4.656580e-01
450,0.0320418,4.656580e-01
475,0.0320418,4.656580e-01
500,0.0320418,4.656580e-01
525,0.0320418,4.656580e-01
550,0.0320418,4.656580e-01
575,0.0320418,4.656580e-01
600,0.0320418,4.656580e-01
625,0.0320418,4.656580e-01
650,0.0320418,4.656580e-01
675,0.0320418,4.656580e-01
700,0.0320418,4.656580e-01
725,0.0320418,4.656580e-01
750,0.0320418,4.656580e-01
775,0.0320418,4.656580e-01
800,0.0320418,4.656580e-01
825,0.0320418,4.656580e-01
850,0.0320418,4.656580e-01
875,0.0320418,4.656580e-01
900,0.0320418,4.656580e-01
925,0.0320418,4.656580e-01
950,0.0320418,4.656580e-01
975,0.0320418,4.656580e-01
1000,0.0320418,4.656580e-01
1025,0.0320418,4.656580e-01
1050,0.0320418,4.656580e-01
1075,0.0320418,4.656580e-01
1100,0.0320418,4.656580e-01
1125,0.0320418,4.656580e-01
1150,0.0320418,4.656580e-01
1175,0.0320418,4.656580e-01
1200,0.0320418,4.656580e-01
1225,0.0320418,4.656580e-01
1250,0.0320418,4.656580e-01
1275,0.0320418,4.656580e-01
1300,0.0320418,4.656580e-01
1325,0.0320418,4.656580e-01
1350,0.0320418,4.656580e-01
1375,0.0320418,4.656580e-01
1400,0.0320418,4.656580e-01
1425,0.0320418,4.656590e-01
1450,0.0320418,4.656590e-01
1475,0.0320418,4.656590e-01
1500,0.0320418,4.656590e-01
1525,0.0320418,4.656600e-01
1550,0.0320418,4.656610e-01
1575,0.0320418,4.656620e-01
1600,0.0320418,4.656650e-01
1625,0.0320418,4.656680e-01
1650,0.0320418,4.656740e-01
1675,0.0320418,4.656820e-01
1700,0.0320418,4.656940e-01
1725,0.0320418,4.657110e-01
1750,0.0320418,4.657360e-01
1775,0.0320418,4.657710e-01
1800,0.0320418,4.658210e-01
1825,0.0320418,4.658880e-01
1850,0.0320418,4.659810e-01
1875,0.0320418,4.661060e-01
1900,0.0320418,4.662730e-01
1925,0.0320418,4.664930e-01
1950,0.0320418,4.667810e-01
1975,0.0320418,4.671530e-01
2000,0.0320418,4.676300e-01
2025,0.0320418,4.682340e-01
2050,0.0320418,4.689900e-01
2075,0.0320418,4.699280e-01
2100,0.0320418,4.710780e-01
2125,0.0320418,4.724710e-01
2150,0.0320418,4.741390e-01
2175,0.0320418,4.761100e-01
2200,0.0320418,4.784090e-01
2225,0.0320418,4.810550e-01
2250,0.0320418,4.840570e-01
2275,0.0320418,4.874190e-01
2300,0.0320418,4.911310e-01
2325,0.0320418,4.951790e-01
2350,0.0320418,4.995410e-01
2375,0.0320418,5.041910e-01
2400,0.0320418,5.091040e-01
2425,0.0320418,5.142520e-01
2450,0.0320418,5.196120e-01
2475,0.0320418,5.251580e-01
2500,0.0320418,5.308710e-01
2525,0.0320418,5.367280e-01
2550,0.0320418,5.427100e-01
2575,0.0320418,5.487980e-01
2600,0.0320418,5.549710e-01
2625,0.0320418,5.612120e-01
2650,0.0320418,5.675050e-01
2675,0.0320418,5.738330e-01
2700,0.0320418,5.801860e-01
2725,0.0320418,5.865540e-01
2750,0.0320418,5.929320e-01
2775,0.0320418,5.993230e-01
2800,0.0320418,6.057340e-01
2825,0.0320418,6.121780e-01
2850,0.0320418,6.186790e-01
2875,0.0320418,6.252690e-01
2900,0.0320418,6.318400e-01
2925,0.0320418,6.377550e-01
2950,0.0320418,6.437820e-01
2975,0.0320418,6.499760e-01
3000,0.0320418,6.564020e-01
3025,0.0320418,6.631360e-01
3050,0.0320418,6.702640e-01
3075,0.0320418,6.778900e-01
3100,0.0320418,6.861290e-01
3125,0.0320418,6.951140e-01
3150,0.0320418,7.049970e-01
3175,0.0320418,7.159500e-01
3200,0.0320418,7.281710e-01
3225,0.0320418,7.418830e-01
3250,0.0320418,7.573440e-01
3275,0.0320418,7.748480e-01
3300,0.0320418,7.947300e-01
3325,0.0320418,8.173820e-01
3350,0.0320418,8.432540e-01
3375,0.0320418,8.728690e-01
3400,0.0320418,9.068400e-01
3425,0.0320418,9.458900e-01
3450,0.0320418,9.908720e-01
3475,0.0320418,1.042810e+00
3500,0.0320418,1.102930e+00
3525,0.0320418,1.172720e+00
3550,0.0320418,1.254020e+00
3575,0.0320418,1.349110e+00
3600,0.0320418,1.460860e+00
3625,0.0320418,1.592920e+00
3650,0.0320418,1.750070e+00
3675,0.0320418,1.938600e+00
3700,0.0320418,2.167050e+00
3725,0.0320418,2.447270e+00
3750,0.0320418,2.796230e+00
3775,0.0320418,3.239140e+00
3800,0.0320418,3.815110e+00
3825,0.0320418,4.588390e+00
3850,0.0320418,5.672350e+00
3875,0.0320418,7.287650e+00
3900,0.0320418,9.928440e+00
3925,0.0320418,1.497610e+01
3950,0.0320418,2.830880e+01
3975,0.0320418,1.575910e+02
4000,0.0320418,2.000000e+02
4025,0.0320418,2.000000e+02
4050,0.0320418,2.000000e+02
4075,0.0320418,2.000000e+02
4100,0.0320418,2.000000e+02
4125,0.0320418,2.000000e+02
4150,0.0320418,2.000000e+02
4175,0.0320418,2.000000e+02
4200,0.0320418,2.000000e+02
4225,0.0320418,2.000000e+02
4250,0.0320418,2.000000e+02
4275,0.0320418,2.000000e+02
4300,0.0320418,2.000000e+02
4325,0.0320418,2.000000e+02
4350,0.0320418,2.000000e+02
4375,0.0320418,2.000000e+02
4400,0.0320418,2.000000e+02
4425,0.0320418,2.000000e+02
4450,0.0320418,2.000000e+02
4475,0.0320418,2.000000e+02
4500,0.0320418,2.000000e+02
4525,0.0320418,2.000000e+02
4550,0.0320418,2.000000e+02
4575,0.0320418,2.000000e+02
4600,0.0320418,2.000000e+02
4625,0.0320418,2.000000e+02
4650,0.0320418,2.000000e+02
4675,0.0320418,2.000000e+02
4700,0.0320418,2.000000e+02
4725,0.0320418,2.000000e+02
4750,0.0320418,2.000000e+02
4775,0.0320418,2.000000e+02
4800,0.0320418,2.000000e+02
4825,0.0320418,2.000000e+02
4850,0.0320418,2.000000e+02
4875,0.0320418,2.000000e+02
4900,0.0320418,2.000000e+02
4925,0.0320418,2.000000e+02
4950,0.0320418,2.000000e+02
4975,0.0320418,2.000000e+02
5000,0.0320418,2.000000e+02
300,0.0569792,4.656580e-01
325,0.0569792,4.656580e-01
350,0.0569792,4.656580e-01
375,0.0569792,4.656580e-01
400,0.0569792,4.656580e-01
425,0.0569792,4.656580e-01
450,0.0569792,4.656580e-01
475,0.0569792,4.656580e-01
500,0.0569792,4.656580e-01
525,0.0569792,4.656580e-01
550,0.0569792,4.656580e-01
575,0.0569792,4.656580e-01
600,0.0569792,4.656580e-01
625,0.0569792,4.656580e-01
650,0.0569792,4.656580e-01
675,0.0569792,4.656580e-01
700,0.0569792,4.656580e-01
725,0.0569792,4.656580e-01
750,0.0569792,4.656580e-01
775,0.0569792,4.656580e-01
800,0.0569792,4.656580e-01
825,0.0569792,4.656580e-01
850,0.0569792,4.656580e-01
875,0.0569792,4.656580e-01
900,0.0569792,4.656580e-01
925,0.0569792,4.656580e-01
950,0.0569792,4.656580e-01
975,0.0569792,4.656580e-01
1000,0.0569792,4.656580e-01
1025,0.0569792,4.656580e-01
1050,0.0569792,4.656580e-01
1075,0.0569792,4.656580e-01
1100,0.0569792,4.656580e-01
1125,0.0569792,4.656580e-01
1150,0.0569792,4.656580e-01
1175,0.0569792,4.656580e-01
1200,0.0569792,4.656580e-01
1225,0.0569792,4.656580e-01
1250,0.0569792,4.656580e-01
1275,0.0569792,4.656580e-01
1300,0.0569792,4.656580e-01
1325,0.0569792,4.656580e-01
1350,0.0569792,4.656580e-01
1375,0.0569792,4.656580e-01
1400,0.0569792,4.656580e-01
1425,0.0569792,4.656580e-01
1450,0.0569792,4.656590e-01
1475,0.0569792,4.656590e-01
1500,0.0569792,4.656590e-01
1525,0.0569792,4.656590e-01
1550,0.0569792,4.656600e-01
1575,0.0569792,4.656610e-01
1600,0.0569792,4.656620e-01
1625,0.0569792,4.656640e-01
1650,0.0569792,4.656680e-01
1675,0.0569792,4.656730e-01
1700,0.0569792,4.656810e-01
1725,0.0569792,4.656920e-01
1750,0.0569792,4.657080e-01
1775,0.0569792,4.657300e-01
1800,0.0569792,4.657620e-01
1825,0.0569792,4.658050e-01
1850,0.0569792,4.658650e-01
1875,0.0569792,4.659460e-01
1900,0.0569792,4.660540e-01
1925,0.0569792,4.661980e-01
1950,0.0569792,4.663870e-01
1975,0.0569792,4.666330e-01
2000,0.0569792,4.669500e-01
2025,0.0569792,4.673540e-01
2050,0.0569792,4.678650e-01
2075,0.0569792,4.685040e-01
2100,0.0569792,4.692960e-01
2125,0.0569792,4.702680e-01
2150,0.0569792,4.714480e-01
2175,0.0569792,4.728670e-01
2200,0.0569792,4.745520e-01
2225,0.0569792,4.765320e-01
2250,0.0569792,4.788300e-01
2275,0.0569792,4.814640e-01
2300,0.0569792,4.844450e-01
2325,0.0569792,4.877750e-01
2350,0.0569792,4.914480e-01
2375,0.0569792,4.954490e-01
2400,0.0569792,4.997580e-01
2425,0.0569792,5.043480e-01
2450,0.0569792,5.091910e-01
2475,0.0569792,5.142600e-01
2500,0.0569792,5.195270e-01
2525,0.0569792,5.249660e-01
2550,0.0569792,5.305560e-01
2575,0.0569792,5.362750e-01
2600,0.0569792,5.421040e-01
2625,0.0569792,5.480250e-01
2650,0.0569792,5.540210e-01
2675,0.0569792,5.600780e-01
2700,0.0569792,5.661800e-01
2725,0.0569792,5.723160e-01
2750,0.0569792,5.784760e-01
2775,0.0569792,5.846530e-01
2800,0.0569792,5.908440e-01
2825,0.0569792,5.970500e-01
2850,0.0569792,6.032760e-01
2875,0.0569792,6.095330e-01
2900,0.0569792,6.157160e-01
2925,0.0569792,6.212760e-01
2950,0.0569792,6.268490e-01
2975,0.0569792,6.324610e-01
3000,0.0569792,6.381470e-01
3025,0.0569792,6.439460e-01
3050,0.0569792,6.499070e-01
3075,0.0569792,6.560870e-01
3100,0.0569792,6.625510e-01
3125,0.0569792,6.693730e-01
3150,0.0569792,6.766400e-01
3175,0.0569792,6.844490e-01
3200,0.0569792,6.929090e-01
3225,0.0569792,7.021450e-01
3250,0.0569792,7.122980e-01
3275,0.0569792,7.235260e-01
3300,0.0569792,7.360080e-01
3325,0.0569792,7.499470e-01
3350,0.0569792,7.655730e-01
3375,0.0569792,7.831470e-01
3400,0.0569792,8.029680e-01
3425,0.0569792,8.253760e-01
3450,0.0569792,8.507650e-01
3475,0.0569792,8.795870e-01
3500,0.0569792,9.123670e-01
3525,0.0569792,9.497190e-01
3550,0.0569792,9.923620e-01
3575,0.0569792,1.041150e+00
3600,0.0569792,1.097090e+00
3625,0.0569792,1.161400e+00
3650,0.0569792,1.235560e+00
3675,0.0569792,1.321360e+00
3700,0.0569792,1.421040e+00
3725,0.0569792,1.537390e+00
3750,0.0569792,1.673960e+00
3775,0.0569792,1.835340e+00
3800,0.0569792,2.027550e+00
3825,0.0569792,2.258680e+00
3850,0.0569792,2.539860e+00
3875,0.0569792,2.886820e+00
3900,0.0569792,3.322610e+00
3925,0.0569792,3.882360e+00
3950,0.0569792,4.622430e+00
3975,0.0569792,5.639380e+00
4000,0.0569792,7.113560e+00
4025,0.0569792,9.425130e+00
4050,0.0569792,1.353670e+01
4075,0.0569792,2.279980e+01
4100,0.0569792,6.240480e+01
4125,0.0569792,2.000000e+02
4150,0.0569792,2.000000e+02
4175,0.0569792,2.000000e+02
4200,0.0569792,2.000000e+02
4225,0.0569792,2.000000e+02
4250,0.0569792,2.000000e+02
4275,0.0569792,2.000000e+02
4300,0.0569792,2.000000e+02
4325,0.0569792,2.000000e+02
4350,0.0569792,2.000000e+02
4375,0.0569792,2.000000e+02
4400,0.0569792,2.000000e+02
4425,0.0569792,2.000000e+02
4450,0.0569792,2.000000e+02
4475,0.0569792,2.000000e+02
4500,0.0569792,2.000000e+02
4525,0.0569792,2.000000e+02
4550,0.0569792,2.000000e+02
4575,0.0569792,2.000000e+02
4600,0.0569792,2.000000e+02
4625,0.0569792,2.000000e+02
4650,0.0569792,2.000000e+02
4675,0.0569792,2.000000e+02
4700,0.0569792,2.000000e+02
4725,0.0569792,2.000000e+02
4750,0.0569792,2.000000e+02
4775,0.0569792,2.000000e+02
4800,0.0569792,2.000000e+02
4825,0.0569792,2.000000e+02
4850,0.0569792,2.000000e+02
4875,0.0569792,2.000000e+02
4900,0.0569792,2.000000e+02
4925,0.0569792,2.000000e+02
4950,0.0569792,2.000000e+02
4975,0.0569792,2.000000e+02
5000,0.0569792,2.000000e+02
300,0.101325,4.656580e-01
325,0.101325,4.656580e-01
350,0.101325,4.656580e-01
375,0.101325,4.656580e-01
400,0.101325,4.656580e-01
425,0.101325,4.656580e-01
450,0.101325,4.656580e-01
475,0.101325,4.656580e-01
500,0.101325,4.656580e-01
525,0.101325,4.656580e-01
550,0.101325,4.656580e-01
575,0.101325,4.656580e-01
600,0.101325,4.656580e-01
625,0.101325,4.656580e-01
650,0.101325,4.656580e-01
675,0.101325,4.656580e-01
700,0.101325,4.656580e-01
725,0.101325,4.656580e-01
750,0.101325,4.656580e-01
775,0.101325,4.656580e-01
800,0.101325,4.656580e-01
825,0.101325,4.656580e-01
850,0.101325,4.656580e-01
875,0.101325,4.656580e-01
900,0.101325,4.656580e-01
925,0.101325,4.656580e-01
950,0.101325,4.656580e-01
975,0.101325,4.656580e-01
1000,0.101325,4.656580e-01
1025,0.101325,4.656580e-01
1050,0.101325,4.656580e-01
1075,0.101325,4.656580e-01
1100,0.101325,4.656580e-01
1125,0.101325,4.656580e-01
1150,0.101325,4.656580e-01
1175,0.101325,4.656580e-01
1200,0.101325,4.656580e-01
1225,0.101325,4.656580e-01
1250,0.101325,4.656580e-01
1275,0.101325,4.656580e-01
1300,0.101325,4.656580e-01
1325,0.101325,4.656580e-01
1350,0.101325,4.656580e-01
1375,0.101325,4.656580e-01
1400,0.101325,4.656580e-01
1425,0.101325,4.656580e-01
1450,0.101325,4.656580e-01
1475,0.101325,4.656590e-01
1500,0.101325,4.656590e-01
1525,0.101325,4.656590e-01
1550,0.101325,4.656590e-01
1575,0.101325,4.656600e-01
1600,0.101325,4.656610e-01
1625,0.101325,4.656620e-01
1650,0.101325,4.656640e-01
1675,0.101325,4.656670e-01
1700,0.101325,4.656720e-01
1725,0.101325,4.656790e-01
1750,0.101325,4.656890e-01
1775,0.101325,4.657030e-01
1800,0.101325,4.657240e-01
1825,0.101325,4.657510e-01
1850,0.101325,4.657900e-01
1875,0.101325,4.658420e-01
1900,0.101325,4.659120e-01
1925,0.101325,4.660050e-01
1950,0.101325,4.661280e-01
1975,0.101325,4.662880e-01
2000,0.101325,4.664960e-01
2025,0.101325,4.667620e-01
2050,0.101325,4.671010e-01
2075,0.101325,4.675280e-01
2100,0.101325,4.680620e-01
2125,0.101325,4.687220e-01
2150,0.101325,4.695330e-01
2175,0.101325,4.705180e-01
2200,0.101325,4.717050e-01
2225,0.101325,4.731210e-01
2250,0.101325,4.747930e-01
2275,0.101325,4.767470e-01
2300,0.101325,4.790060e-01
2325,0.101325,4.815880e-01
2350,0.101325,4.845040e-01
2375,0.101325,4.877600e-01
2400,0.101325,4.913500e-01
2425,0.101325,4.952630e-01
2450,0.101325,4.994790e-01
2475,0.101325,5.039730e-01
2500,0.101325,5.087170e-01
2525,0.101325,5.136800e-01
2550,0.101325,5.188360e-01
2575,0.101325,5.241550e-01
2600,0.101325,5.296130e-01
2625,0.101325,5.351890e-01
2650,0.101325,5.408640e-01
2675,0.101325,5.466190e-01
2700,0.101325,5.524390e-01
2725,0.101325,5.583120e-01
2750,0.101325,5.642240e-01
2775,0.101325,5.701660e-01
2800,0.101325,5.761300e-01
2825,0.101325,5.821100e-01
2850,0.101325,5.881030e-01
2875,0.101325,5.941110e-01
2900,0.101325,6.000300e-01
2925,0.101325,6.053820e-01
2950,0.101325,6.107060e-01
2975,0.101325,6.160130e-01
3000,0.101325,6.213170e-01
3025,0.101325,6.266380e-01
3050,0.101325,6.320000e-01
3075,0.101325,6.374340e-01
3100,0.101325,6.429750e-01
3125,0.101325,6.486640e-01
3150,0.101325,6.545490e-01
3175,0.101325,6.606860e-01
3200,0.101325,6.671360e-01
3225,0.101325,6.739710e-01
3250,0.101325,6.812710e-01
3275,0.101325,6.891230e-01
3300,0.101325,6.976290e-01
3325,0.101325,7.069000e-01
3350,0.101325,7.170600e-01
3375,0.101325,7.282520e-01
3400,0.101325,7.406300e-01
3425,0.101325,7.543730e-01
3450,0.101325,7.696780e-01
3475,0.101325,7.867710e-01
3500,0.101325,8.059040e-01
3525,0.101325,8.273670e-01
3550,0.101325,8.514870e-01
3575,0.101325,8.786410e-01
3600,0.101325,9.092630e-01
3625,0.101325,9.438510e-01
3650,0.101325,9.829860e-01
3675,0.101325,1.027350e+00
3700,0.101325,1.077740e+00
3725,0.101325,1.135100e+00
3750,0.101325,1.200550e+00
3775,0.101325,1.275470e+00
3800,0.101325,1.361490e+00
3825,0.101325,1.460640e+00
3850,0.101325,1.575440e+00
3875,0.101325,1.709050e+00
3900,0.101325,1.865490e+00
3925,0.101325,2.050010e+00
3950,0.101325,2.269500e+00
3975,0.101325,2.533320e+00
4000,0.101325,2.854370e+00
4025,0.101325,3.251110e+00
4050,0.101325,3.750760e+00
4075,0.101325,4.395350e+00
4100,0.101325,5.253290e+00
4125,0.101325,6.444030e+00
4150,0.101325,8.196420e+00
4175,0.101325,1.101130e+01
4200,0.101325,1.623610e+01
4225,0.101325,2.915530e+01
4250,0.101325,1.119270e+02
4275,0.101325,2.000000e+02
4300,0.101325,2.000000e+02
4325,0.101325,2.000000e+02
4350,0.101325,2.000000e+02
4375,0.101325,2.000000e+02
4400,0.101325,2.000000e+02
4425,0.101325,2.000000e+02
4450,0.101325,2.000000e+02
4475,0.101325,2.000000e+02
4500,0.101325,2.000000e+02
4525,0.101325,2.000000e+02
4550,0.101325,2.000000e+02
4575,0.101325,2.000000e+02
4600,0.101325,2.000000e+02
4625,0.101325,2.000000e+02
4650,0.101325,2.000000e+02
4675,0.101325,2.000000e+02
4700,0.101325,2.000000e+02
4725,0.101325,2.000000e+02
4750,0.101325,2.000000e+02
4775,0.101325,2.000000e+02
4800,0.101325,2.000000e+02
4825,0.101325,2.000000e+02
4850,0.101325,2.000000e+02
4875,0.101325,2.000000e+02
4900,0.101325,2.000000e+02
4925,0.101325,2.000000e+02
4950,0.101325,2.000000e+02
4975,0.101325,2.000000e+02
5000,0.101325,2.000000e+02
300,0.180184,4.656580e-01
325,0.180184,4.656580e-01
350,0.180184,4.656580e-01
375,0.180184,4.656580e-01
400,0.180184,4.656580e-01
425,0.180184,4.656580e-01
450,0.180184,4.656580e-01
475,0.180184,4.656580e-01
500,0.180184,4.656580e-01
525,0.180184,4.656580e-01
550,0.180184,4.656580e-01
575,0.180184,4.656580e-01
600,0.180184,4.656580e-01
625,0.180184,4.656580e-01
650,0.180184,4.656580e-01
675,0.180184,4.656580e-01
700,0.180184,4.656580e-01
725,0.180184,4.656580e-01
750,0.180184,4.656580e-01
775,0.180184,4.656580e-01
800,0.180184,4.656580e-01
825,0.180184,4.656580e-01
850,0.180184,4.656580e-01
875,0.180184,4.656580e-01
900,0.180184,4.656580e-01
925,0.180184,4.656580e-01
950,0.180184,4.656580e-01
975,0.180184,4.656580e-01
1000,0.180184,4.656580e-01
1025,0.180184,4.656580e-01
1050,0.180184,4.656580e-01
1075,0.180184,4.656580e-01
1100,0.180184,4.656580e-01
1125,0.180184,4.656580e-01
1150,0.180184,4.656580e-01
1175,0.180184,4.656580e-01
1200,0.180184,4.656580e-01
1225,0.180184,4.656580e-01
1250,0.180184,4.656580e-01
1275,0.180184,4.656580e-01
1300,0.180184,4.656580e-01
1325,0.180184,4.656580e-01
1350,0.180184,4.656580e-01
1375,0.180184,4.656580e-01
1400,0.180184,4.656580e-01
1425,0.180184,4.656580e-01
1450,0.180184,4.656580e-01
1475,0.180184,4.656580e-01
1500,0.180184,4.656590e-01
1525,0.180184,4.656590e-01
1550,0.180184,4.656590e-01
1575,0.180184,4.656590e-01
1600,0.180184,4.656600e-01
1625,0.180184,4.656610e-01
1650,0.180184,4.656620e-01
1675,0.180184,4.656640e-01
1700,0.180184,4.656670e-01
1725,0.180184,4.656710e-01
1750,0.180184,4.656780e-01
1775,0.180184,4.656870e-01
1800,0.180184,4.656990e-01
1825,0.180184,4.657170e-01
1850,0.180184,4.657410e-01
1875,0.180184,4.657740e-01
1900,0.180184,4.658190e-01
1925,0.180184,4.658790e-01
1950,0.180184,4.659580e-01
1975,0.180184,4.660620e-01
2000,0.180184,4.661960e-01
2025,0.180184,4.663700e-01
2050,0.180184,4.665920e-01
2075,0.180184,4.668730e-01
2100,0.180184,4.672260e-01
2125,0.180184,4.676660e-01
2150,0.180184,4.682100e-01
2175,0.180184,4.688770e-01
2200,0.180184,4.696890e-01
2225,0.180184,4.706670e-01
2250,0.180184,4.718370e-01
2275,0.180184,4.732240e-01
2300,0.180184,4.748530e-01
2325,0.180184,4.767480e-01
2350,0.180184,4.789320e-01
2375,0.180184,4.814230e-01
2400,0.180184,4.842340e-01
2425,0.180184,4.873720e-01
2450,0.180184,4.908350e-01
2475,0.180184,4.946150e-01
2500,0.180184,4.986960e-01
2525,0.180184,5.030560e-01
2550,0.180184,5.076660e-01
2575,0.180184,5.124970e-01
2600,0.180184,5.175190e-01
2625,0.180184,5.227030e-01
2650,0.180184,5.280210e-01
2675,0.180184,5.334510e-01
2700,0.180184,5.389700e-01
2725,0.180184,5.445620e-01
2750,0.180184,5.502100e-01
2775,0.180184,5.559030e-01
2800,0.180184,5.616290e-01
2825,0.180184,5.673790e-01
2850,0.180184,5.731460e-01
2875,0.180184,5.789260e-01
2900,0.180184,5.846240e-01
2925,0.180184,5.898190e-01
2950,0.180184,5.949740e-01
2975,0.180184,6.000910e-01
3000,0.180184,6.051750e-01
3025,0.180184,6.102340e-01
3050,0.180184,6.152770e-01
3075,0.180184,6.203190e-01
3100,0.180184,6.253780e-01
3125,0.180184,6.304750e-01
3150,0.180184,6.356350e-01
3175,0.180184,6.408900e-01
3200,0.180184,6.462740e-01
3225,0.180184,6.518260e-01
3250,0.180184,6.575930e-01
3275,0.180184,6.636260e-01
3300,0.180184,6.699800e-01
3325,0.180184,6.767210e-01
3350,0.180184,6.839200e-01
3375,0.180184,6.916540e-01
3400,0.180184,7.000120e-01
3425,0.180184,7.090910e-01
3450,0.180184,7.189990e-01
3475,0.180184,7.298550e-01
3500,0.180184,7.417930e-01
3525,0.180184,7.549620e-01
3550,0.180184,7.695270e-01
3575,0.180184,7.856740e-01
3600,0.180184,8.036130e-01
3625,0.180184,8.235780e-01
3650,0.180184,8.458350e-01
3675,0.180184,8.706850e-01
3700,0.180184,8.984730e-01
3725,0.180184,9.295900e-01
3750,0.180184,9.644880e-01
3775,0.180184,1.003690e+00
3800,0.180184,1.047800e+00
3825,0.180184,1.097520e+00
3850,0.180184,1.153690e+00
3875,0.180184,1.217280e+00
3900,0.180184,1.289470e+00
3925,0.180184,1.371660e+00
3950,0.180184,1.465570e+00
3975,0.180184,1.573290e+00
4000,0.180184,1.697400e+00
4025,0.180184,1.841170e+00
4050,0.180184,2.008740e+00
4075,0.180184,2.205470e+00
4100,0.180184,2.438440e+00
4125,0.180184,2.717150e+00
4150,0.180184,3.054730e+00
4175,0.180184,3.469780e+00
4200,0.180184,3.989640e+00
4225,0.180184,4.656160e+00
4250,0.180184,5.536840e+00
4275,0.180184,6.748000e+00
4300,0.180184,8.508700e+00
4325,0.180184,1.128620e+01
4350,0.180184,1.628590e+01
4375,0.180184,2.785610e+01
4400,0.180184,8.271390e+01
4425,0.180184,2.000000e+02
4450,0.180184,2.000000e+02
4475,0.180184,2.000000e+02
4500,0.180184,2.000000e+02
4525,0.180184,2.000000e+02
4550,0.180184,2.000000e+02
4575,0.180184,2.000000e+02
4600,0.180184,2.000000e+02
4625,0.180184,2.000000e+02
4650,0.180184,2.000000e+02
4675,0.180184,2.000000e+02
4700,0.180184,2.000000e+02
4725,0.180184,2.000000e+02
4750,0.180184,2.000000e+02
4775,0.180184,2.000000e+02
4800,0.180184,2.000000e+02
4825,0.180184,2.000000e+02
4850,0.180184,2.000000e+02
4875,0.180184,2.000000e+02
4900,0.180184,2.000000e+02
4925,0.180184,2.000000e+02
4950,0.180184,2.000000e+02
4975,0.180184,2.000000e+02
5000,0.180184,2.000000e+02
300,0.320418,4.656580e-01
325,0.320418,4.656580e-01
350,0.320418,4.656580e-01
375,0.320418,4.656580e-01
400,0.320418,4.656580e-01
425,0.320418,4.656580e-01
450,0.320418,4.656580e-01
475,0.320418,4.656580e-01
500,0.320418,4.656580e-01
525,0.320418,4.656580e-01
550,0.320418,4.656580e-01
575,0.320418,4.656580e-01
600,0.320418,4.656580e-01
625,0.320418,4.656580e-01
650,0.320418,4.656580e-01
675,0.320418,4.656580e-01
700,0.320418,4.656580e-01
725,0.320418,4.656580e-01
750,0.320418,4.656580e-01
775,0.320418,4.656580e-01
800,0.320418,4.656580e-01
825,0.320418,4.656580e-01
850,0.320418,4.656580e-01
875,0.320418,4.656580e-01
900,0.320418,4.656580e-01
925,0.320418,4.656580e-01
950,0.320418,4.656580e-01
975,0.320418,4.656580e-01
1000,0.320418,4.656580e-01
1025,0.320418,4.656580e-01
1050,0.320418,4.656580e-01
1075,0.320418,4.656580e-01
1100,0.320418,4.656580e-01
1125,0.320418,4.656580e-01
1150,0.320418,4.656580e-01
1175,0.320418,4.656580e-01
1200,0.320418,4.656580e-01
1225,0.320418,4.656580e-01
1250,0.320418,4.656580e-01
1275,0.320418,4.656580e-01
1300,0.320418,4.656580e-01
1325,0.320418,4.656580e-01
1350,0.320418,4.656580e-01
1375,0.320418,4.656580e-01
1400,0.320418,4.656580e-01
1425,0.320418,4.656580e-01
1450,0.320418,4.656580e-01
1475,0.320418,4.656580e-01
1500,0.320418,4.656580e-01
1525,0.320418,4.656590e-01
1550,0.320418,4.656590e-01
1575,0.320418,4.656590e-01
1600,0.320418,4.656590e-01
1625,0.320418,4.656600e-01
1650,0.320418,4.656610e-01
1675,0.320418,4.656620e-01
1700,0.320418,4.656640e-01
1725,0.320418,4.656660e-01
1750,0.320418,4.656700e-01
1775,0.320418,4.656760e-01
1800,0.320418,4.656840e-01
1825,0.320418,4.656950e-01
1850,0.320418,4.657100e-01
1875,0.320418,4.657310e-01
1900,0.320418,4.657590e-01
1925,0.320418,4.657970e-01
1950,0.320418,4.658480e-01
1975,0.320418,4.659140e-01
2000,0.320418,4.660010e-01
2025,0.320418,4.661130e-01
2050,0.320418,4.662570e-01
2075,0.320418,4.664400e-01
2100,0.320418,4.666700e-01
2125,0.320418,4.669590e-01
2150,0.320418,4.673180e-01
2175,0.320418,4.677610e-01
2200,0.320418,4.683040e-01
2225,0.320418,4.689630e-01
2250,0.320418,4.697580e-01
2275,0.320418,4.707100e-01
2300,0.320418,4.718410e-01
2325,0.320418,4.731740e-01
2350,0.320418,4.747330e-01
2375,0.320418,4.765400e-01
2400,0.320418,4.786160e-01
2425,0.320418,4.809810e-01
2450,0.320418,4.836470e-01
2475,0.320418,4.866260e-01
2500,0.320418,4.899190e-01
2525,0.320418,4.935220e-01
2550,0.320418,4.974230e-01
2575,0.320418,5.016040e-01
2600,0.320418,5.060410e-01
2625,0.320418,5.107060e-01
2650,0.320418,5.155670e-01
2675,0.320418,5.205950e-01
2700,0.320418,5.257600e-01
2725,0.320418,5.310360e-01
2750,0.320418,5.363990e-01
2775,0.320418,5.418300e-01
2800,0.320418,5.473130e-01
2825,0.320418,5.528330e-01
2850,0.320418,5.583790e-01
2875,0.320418,5.639430e-01
2900,0.320418,5.694370e-01
2925,0.320418,5.744910e-01
2950,0.320418,5.795050e-01
2975,0.320418,5.844780e-01
3000,0.320418,5.894080e-01
3025,0.320418,5.942980e-01
3050,0.320418,5.991490e-01
3075,0.320418,6.039680e-01
3100,0.320418,6.087610e-01
3125,0.320418,6.135380e-01
3150,0.320418,6.183120e-01
3175,0.320418,6.230990e-01
3200,0.320418,6.279160e-01
3225,0.320418,6.327860e-01
3250,0.320418,6.377340e-01
3275,0.320418,6.427890e-01
3300,0.320418,6.479820e-01
3325,0.320418,6.533520e-01
3350,0.320418,6.589380e-01
3375,0.320418,6.647870e-01
3400,0.320418,6.709480e-01
3425,0.320418,6.774780e-01
3450,0.320418,6.844380e-01
3475,0.320418,6.918940e-01
3500,0.320418,6.999230e-01
3525,0.320418,7.086040e-01
3550,0.320418,7.180300e-01
3575,0.320418,7.282980e-01
3600,0.320418,7.395190e-01
3625,0.320418,7.518140e-01
3650,0.320418,7.653170e-01
3675,0.320418,7.801780e-01
3700,0.320418,7.965630e-01
3725,0.320418,8.146590e-01
3750,0.320418,8.346720e-01
3775,0.320418,8.568370e-01
3800,0.320418,8.814190e-01
3825,0.320418,9.087140e-01
3850,0.320418,9.390630e-01
3875,0.320418,9.728530e-01
3900,0.320418,1.010530e+00
3925,0.320418,1.052590e+00
3950,0.320418,1.099650e+00
3975,0.320418,1.152370e+00
4000,0.320418,1.211580e+00
4025,0.320418,1.278210e+00
4050,0.320418,1.353390e+00
4075,0.320418,1.438460e+00
4100,0.320418,1.535060e+00
4125,0.320418,1.645150e+00
4150,0.320418,1.771180e+00
4175,0.320418,1.916170e+00
4200,0.320418,2.083960e+00
4225,0.320418,2.279460e+00
4250,0.320418,2.509050e+00
4275,0.320418,2.781230e+00
4300,0.320418,3.107540e+00
4325,0.320418,3.504070e+00
4350,0.320418,3.993920e+00
4375,0.320418,4.611570e+00
4400,0.320418,5.410780e+00
4425,0.320418,6.480360e+00
4450,0.320418,7.978170e+00
4475,0.320418,1.021450e+01
4500,0.320418,1.389410e+01
4525,0.320418,2.103440e+01
4550,0.320418,4.066390e+01
4575,0.320418,2.000000e+02
4600,0.320418,2.000000e+02
4625,0.320418,2.000000e+02
4650,0.320418,2.000000e+02
4675,0.320418,2.000000e+02
4700,0.320418,2.000000e+02
4725,0.320418,2.000000e+02
4750,0.320418,2.000000e+02
4775,0.320418,2.000000e+02
4800,0.320418,2.000000e+02
4825,0.320418,2.000000e+02
4850,0.320418,2.000000e+02
4875,0.320418,2.000000e+02
4900,0.320418,2.000000e+02
4925,0.320418,2.000000e+02
4950,0.320418,2.000000e+02
4975,0.320418,2.000000e+02
5000,0.320418,2.000000e+02
300,0.569792,4.656580e-01
325,0.569792,4.656580e-01
350,0.569792,4.656580e-01
375,0.569792,4.656580e-01
400,0.569792,4.656580e-01
425,0.569792,4.656580e-01
450,0.569792,4.656580e-01
475,0.569792,4.656580e-01
500,0.569792,4.656580e-01
525,0.569792,4.656580e-01
550,0.569792,4.656580e-01
575,0.569792,4.656580e-01
600,0.569792,4.656580e-01
625,0.569792,4.656580e-01
650,0.569792,4.656580e-01
675,0.569792,4.656580e-01
700,0.569792,4.656580e-01
725,0.569792,4.656580e-01
750,0.569792,4.656580e-01
775,0.569792,4.656580e-01
800,0.569792,4.656580e-01
825,0.569792,4.656580e-01
850,0.569792,4.656580e-01
875,0.569792,4.656580e-01
900,0.569792,4.656580e-01
925,0.569792,4.656580e-01
950,0.569792,4.656580e-01
975,0.569792,4.656580e-01
1000,0.569792,4.656580e-01
1025,0.569792,4.656580e-01
1050,0.569792,4.656580e-01
1075,0.569792,4.656580e-01
1100,0.569792,4.656580e-01
1125,0.569792,4.656580e-01
1150,0.569792,4.656580e-01
1175,0.569792,4.656580e-01
1200,0.569792,4.656580e-01
1225,0.569792,4.656580e-01
1250,0.569792,4.656580e-01
1275,0.569792,4.656580e-01
1300,0.569792,4.656580e-01
1325,0.569792,4.656580e-01
1350,0.569792,4.656580e-01
1375,0.569792,4.656580e-01
1400,0.569792,4.656580e-01
1425,0.569792,4.656580e-01
1450,0.569792,4.656580e-01
1475,0.569792,4.656580e-01
1500,0.569792,4.656580e-01
1525,0.569792,4.656580e-01
1550,0.569792,4.656590e-01
1575,0.569792,4.656590e-01
1600,0.569792,4.656590e-01
1625,0.569792,4.656590e-01
1650,0.569792,4.656600e-01
1675,0.569792,4.656600e-01
1700,0.569792,4.656610e-01
1725,0.569792,4.656630e-01
1750,0.569792,4.656660e-01
1775,0.569792,4.656690e-01
1800,0.569792,4.656740e-01
1825,0.569792,4.656810e-01
1850,0.569792,4.656900e-01
1875,0.569792,4.657040e-01
1900,0.569792,4.657210e-01
1925,0.569792,4.657450e-01
1950,0.569792,4.657770e-01
1975,0.569792,4.658200e-01
2000,0.569792,4.658750e-01
2025,0.569792,4.659460e-01
2050,0.569792,4.660390e-01
2075,0.569792,4.661560e-01
2100,0.569792,4.663050e-01
2125,0.569792,4.664930e-01
2150,0.569792,4.667260e-01
2175,0.569792,4.670160e-01
2200,0.569792,4.673730e-01
2225,0.569792,4.678090e-01
2250,0.569792,4.683380e-01
2275,0.569792,4.689760e-01
2300,0.569792,4.697400e-01
2325,0.569792,4.706480e-01
2350,0.569792,4.717210e-01
2375,0.569792,4.729800e-01
2400,0.569792,4.744450e-01
2425,0.569792,4.761370e-01
2450,0.569792,4.780770e-01
2475,0.569792,4.802840e-01
2500,0.569792,4.827730e-01
2525,0.569792,4.855550e-01
2550,0.569792,4.886360e-01
2575,0.569792,4.920180e-01
2600,0.569792,4.956930e-01
2625,0.569792,4.996490e-01
2650,0.569792,5.038670e-01
2675,0.569792,5.083220e-01
2700,0.569792,5.129850e-01
2725,0.569792,5.178260e-01
2750,0.569792,5.228160e-01
2775,0.569792,5.279240e-01
2800,0.569792,5.331250e-01
2825,0.569792,5.383960e-01
2850,0.569792,5.437160e-01
2875,0.569792,5.490710e-01
2900,0.569792,5.543770e-01
2925,0.569792,5.593030e-01
2950,0.569792,5.641960e-01
2975,0.569792,5.690490e-01
3000,0.569792,5.738590e-01
3025,0.569792,5.786240e-01
3050,0.569792,5.833430e-01
3075,0.569792,5.880170e-01
3100,0.569792,5.926470e-01
3125,0.569792,5.972370e-01
3150,0.569792,6.017930e-01
3175,0.569792,6.063210e-01
3200,0.569792,6.108300e-01
3225,0.569792,6.153320e-01
3250,0.569792,6.198400e-01
3275,0.569792,6.243690e-01
3300,0.569792,6.289370e-01
3325,0.569792,6.335650e-01
3350,0.569792,6.382760e-01
3375,0.569792,6.430970e-01
3400,0.569792,6.480560e-01
3425,0.569792,6.531870e-01
3450,0.569792,6.585240e-01
3475,0.569792,6.641070e-01
3500,0.569792,6.699800e-01
3525,0.569792,6.761880e-01
3550,0.569792,6.827850e-01
3575,0.569792,6.898250e-01
3600,0.569792,6.973710e-01
3625,0.569792,7.054900e-01
3650,0.569792,7.142540e-01
3675,0.569792,7.237440e-01
3700,0.569792,7.340480e-01
3725,0.569792,7.452630e-01
3750,0.569792,7.574940e-01
3775,0.569792,7.708570e-01
3800,0.569792,7.854830e-01
3825,0.569792,8.015130e-01
3850,0.569792,8.191070e-01
3875,0.569792,8.384400e-01
3900,0.569792,8.597100e-01
3925,0.569792,8.831370e-01
3950,0.569792,9.089690e-01
3975,0.569792,9.374850e-01
4000,0.569792,9.690010e-01
4025,0.569792,1.003880e+00
4050,0.569792,1.042520e+00
4075,0.569792,1.085400e+00
4100,0.569792,1.133060e+00
4125,0.569792,1.186120e+00
4150,0.569792,1.245310e+00
4175,0.569792,1.311470e+00
4200,0.569792,1.385610e+00
4225,0.569792,1.468910e+00
4250,0.569792,1.562790e+00
4275,0.569792,1.668950e+00
4300,0.569792,1.789470e+00
4325,0.569792,1.926920e+00
4350,0.569792,2.084480e+00
4375,0.569792,2.266160e+00
4400,0.569792,2.477100e+00
4425,0.569792,2.723990e+00
4450,0.569792,3.015680e+00
4475,0.569792,3.364190e+00
4500,0.569792,3.786210e+00
4525,0.569792,4.305650e+00
4550,0.569792,4.958030e+00
4575,0.569792,5.798450e+00
4600,0.569792,6.917310e+00
4625,0.569792,8.473850e+00
4650,0.569792,1.077720e+01
4675,0.569792,1.451630e+01
4700,0.569792,2.160110e+01
4725,0.569792,4.000030e+01
4750,0.569792,1.970310e+02
4775,0.569792,2.000000e+02
4800,0.569792,2.000000e+02
4825,0.569792,2.000000e+02
4850,0.569792,2.000000e+02
4875,0.569792,2.000000e+02
4900,0.569792,2.000000e+02
4925,0.569792,2.000000e+02
4950,0.569792,2.000000e+02
4975,0.569792,2.000000e+02
5000,0.569792,2.000000e+02
300,1.01325,4.656580e-01
325,1.01325,4.656580e-01
350,1.01325,4.656580e-01
375,1.01325,4.656580e-01
400,1.01325,4.656580e-01
425,1.01325,4.656580e-01
450,1.01325,4.656580e-01
475,1.01325,4.656580e-01
500,1.01325,4.656580e-01
525,1.01325,4.656580e-01
550,1.01325,4.656580e-01
575,1.01325,4.656580e-01
600,1.01325,4.656580e-01
625,1.01325,4.656580e-01
650,1.01325,4.656580e-01
675,1.01325,4.656580e-01
700,1.01325,4.656580e-01
725,1.01325,4.656580e-01
750,1.01325,4.656580e-01
775,1.01325,4.656580e-01
800,1.01325,4.656580e-01
825,1.01325,4.656580e-01
850,1.01325,4.656580e-01
875,1.01325,4.656580e-01
900,1.01325,4.656580e-01
925,1.01325,4.656580e-01
950,1.01325,4.656580e-01
975,1.01325,4.656580e-01
1000,1.01325,4.656580e-01
1025,1.01325,4.656580e-01
1050,1.01325,4.656580e-01
1075,1.01325,4.656580e-01
1100,1.01325,4.656580e-01
1125,1.01325,4.656580e-01
1150,1.01325,4.656580e-01
1175,1.01325,4.656580e-01
1200,1.01325,4.656580e-01
1225,1.01325,4.656580e-01
1250,1.01325,4.656580e-01
1275,1.01325,4.656580e-01
1300,1.01325,4.656580e-01
1325,1.01325,4.656580e-01
1350,1.01325,4.656580e-01
1375,1.01325,4.656580e-01
1400,1.01325,4.656580e-01
1425,1.01325,4.656580e-01
1450,1.01325,4.656580e-01
1475,1.01325,4.656580e-01
1500,1.01325,4.656580e-01
1525,1.01325,4.656580e-01
1550,1.01325,4.656580e-01
1575,1.01325,4.656590e-01
1600,1.01325,4.656590e-01
1625,1.01325,4.656590e-01
1650,1.01325,4.656590e-01
1675,1.01325,4.656600e-01
1700,1.01325,4.656600e-01
1725,1.01325,4.656610e-01
1750,1.01325,4.656630e-01
1775,1.01325,4.656650e-01
1800,1.01325,4.656680e-01
1825,1.01325,4.656720e-01
1850,1.01325,4.656780e-01
1875,1.01325,4.656860e-01
1900,1.01325,4.656970e-01
1925,1.01325,4.657120e-01
1950,1.01325,4.657320e-01
1975,1.01325,4.657590e-01
2000,1.01325,4.657940e-01
2025,1.01325,4.658390e-01
2050,1.01325,4.658980e-01
2075,1.01325,4.659730e-01
2100,1.01325,4.660680e-01
2125,1.01325,4.661880e-01
2150,1.01325,4.663390e-01
2175,1.01325,4.665260e-01
2200,1.01325,4.667570e-01
2225,1.01325,4.670420e-01
2250,1.01325,4.673880e-01
2275,1.01325,4.678080e-01
2300,1.01325,4.683140e-01
2325,1.01325,4.689190e-01
2350,1.01325,4.696380e-01
2375,1.01325,4.704890e-01
2400,1.01325,4.714880e-01
2425,1.01325,4.726540e-01
2450,1.01325,4.740070e-01
2475,1.01325,4.755650e-01
2500,1.01325,4.773470e-01
2525,1.01325,4.793710e-01
2550,1.01325,4.816530e-01
2575,1.01325,4.842070e-01
2600,1.01325,4.870410e-01
2625,1.01325,4.901610e-01
2650,1.01325,4.935660e-01
2675,1.01325,4.972490e-01
2700,1.01325,5.011960e-01
2725,1.01325,5.053910e-01
2750,1.01325,5.098070e-01
2775,1.01325,5.144190e-01
2800,1.01325,5.191970e-01
2825,1.01325,5.241100e-01
2850,1.01325,5.291300e-01
2875,1.01325,5.342300e-01
2900,1.01325,5.393260e-01
2925,1.01325,5.441220e-01
2950,1.01325,5.489010e-01
2975,1.01325,5.536540e-01
3000,1.01325,5.583700e-01
3025,1.01325,5.630430e-01
3050,1.01325,5.676700e-01
3075,1.01325,5.722470e-01
3100,1.01325,5.767730e-01
3125,1.01325,5.812480e-01
3150,1.01325,5.856740e-01
3175,1.01325,5.900530e-01
3200,1.01325,5.943890e-01
3225,1.01325,5.986870e-01
3250,1.01325,6.029530e-01
3275,1.01325,6.071960e-01
3300,1.01325,6.114240e-01
3325,1.01325,6.156500e-01
3350,1.01325,6.198870e-01
3375,1.01325,6.241480e-01
3400,1.01325,6.284510e-01
3425,1.01325,6.328150e-01
3450,1.01325,6.372600e-01
3475,1.01325,6.418090e-01
3500,1.01325,6.464870e-01
3525,1.01325,6.513240e-01
3550,1.01325,6.563480e-01
3575,1.01325,6.615920e-01
3600,1.01325,6.670940e-01
3625,1.01325,6.728910e-01
3650,1.01325,6.790250e-01
3675,1.01325,6.855430e-01
3700,1.01325,6.924950e-01
3725,1.01325,6.999330e-01
3750,1.01325,7.079150e-01
3775,1.01325,7.165060e-01
3800,1.01325,7.257740e-01
3825,1.01325,7.357940e-01
3850,1.01325,7.466470e-01
3875,1.01325,7.584220e-01
3900,1.01325,7.712170e-01
3925,1.01325,7.851390e-01
3950,1.01325,8.003070e-01
3975,1.01325,8.168480e-01
4000,1.01325,8.349090e-01
4025,1.01325,8.546460e-01
4050,1.01325,8.762380e-01
4075,1.01325,8.998820e-01
4100,1.01325,9.257970e-01
4125,1.01325,9.542320e-01
4150,1.01325,9.854630e-01
4175,1.01325,1.019800e+00
4200,1.01325,1.057610e+00
4225,1.01325,1.099290e+00
4250,1.01325,1.145300e+00
4275,1.01325,1.196170e+00
4300,1.01325,1.252510e+00
4325,1.01325,1.315020e+00
4350,1.01325,1.384540e+00
4375,1.01325,1.462020e+00
4400,1.01325,1.548610e+00
4425,1.01325,1.645660e+00
4450,1.01325,1.754810e+00
4475,1.01325,1.878010e+00
4500,1.01325,2.017670e+00
4525,1.01325,2.176760e+00
4550,1.01325,2.359010e+00
4575,1.01325,2.569110e+00
4600,1.01325,2.813140e+00
4625,1.01325,3.099040e+00
4650,1.01325,3.437400e+00
4675,1.01325,3.842740e+00
4700,1.01325,4.335400e+00
4725,1.01325,4.944910e+00
4750,1.01325,5.715730e+00
4775,1.01325,6.718090e+00
4800,1.01325,8.069870e+00
4825,1.01325,9.985120e+00
4850,1.01325,1.289710e+01
4875,1.01325,1.783490e+01
4900,1.01325,2.797980e+01
4925,1.01325,6.037760e+01
4950,1.01325,2.000000e+02
4975,1.01325,2.000000e+02
5000,1.01325,2.000000e+02
300,1.80184,4.656580e-01
325,1.80184,4.656580e-01
350,1.80184,4.656580e-01
375,1.80184,4.656580e-01
400,1.80184,4.656580e-01
425,1.80184,4.656580e-01
450,1.80184,4.656580e-01
475,1.80184,4.656580e-01
500,1.80184,4.656580e-01
525,1.80184,4.656580e-01
550,1.80184,4.656580e-01
575,1.80184,4.656580e-01
600,1.80184,4.656580e-01
625,1.80184,4.656580e-01
650,1.80184,4.656580e-01
675,1.80184,4.656580e-01
700,1.80184,4.656580e-01
725,1.80184,4.656580e-01
750,1.80184,4.656580e-01
775,1.80184,4.656580e-01
800,1.80184,4.656580e-01
825,1.80184,4.656580e-01
850,1.80184,4.656580e-01
875,1.80184,4.656580e-01
900,1.80184,4.656580e-01
925,1.80184,4.656580e-01
950,1.80184,4.656580e-01
975,1.80184,4.656580e-01
1000,1.80184,4.656580e-01
1025,1.80184,4.656580e-01
1050,1.80184,4.656580e-01
1075,1.80184,4.656580e-01
1100,1.80184,4.656580e-01
1125,1.80184,4.656580e-01
1150,1.80184,4.656580e-01
1175,1.80184,4.656580e-01
1200,1.80184,4.656580e-01
1225,1.80184,4.656580e-01
1250,1.80184,4.656580e-01
1275,1.80184,4.656580e-01
1300,1.80184,4.656580e-01
1325,1.80184,4.656580e-01
1350,1.80184,4.656580e-01
1375,1.80184,4.656580e-01
1400,1.80184,4.656580e-01
1425,1.80184,4.656580e-01
1450,1.80184,4.656580e-01
1475,1.80184,4.656580e-01
1500,1.80184,4.656580e-01
1525,1.80184,4.656580e-01
1550,1.80184,4.656580e-01
1575,1.80184,4.656580e-01
1600,1.80184,4.656590e-01
1625,1.80184,4.656590e-01
1650,1.80184,4.656590e-01
1675,1.80184,4.656590e-01
1700,1.80184,4.656590e-01
1725,1.80184,4.656600e-01
1750,1.80184,4.656610e-01
1775,1.80184,4.656620e-01
1800,1.80184,4.656640e-01
1825,1.80184,4.656660e-01
1850,1.80184,4.656700e-01
1875,1.80184,4.656750e-01
1900,1.80184,4.656820e-01
1925,1.80184,4.656910e-01
1950,1.80184,4.657040e-01
1975,1.80184,4.657200e-01
2000,1.80184,4.657420e-01
2025,1.80184,4.657700e-01
2050,1.80184,4.658070e-01
2075,1.80184,4.658550e-01
2100,1.80184,4.659150e-01
2125,1.80184,4.659910e-01
2150,1.80184,4.660870e-01
2175,1.80184,4.662070e-01
2200,1.80184,4.663560e-01
2225,1.80184,4.665390e-01
2250,1.80184,4.667620e-01
2275,1.80184,4.670350e-01
2300,1.80184,4.673640e-01
2325,1.80184,4.677600e-01
2350,1.80184,4.682340e-01
2375,1.80184,4.687970e-01
2400,1.80184,4.694620e-01
2425,1.80184,4.702440e-01
2450,1.80184,4.711570e-01
2475,1.80184,4.722190e-01
2500,1.80184,4.734450e-01
2525,1.80184,4.748540e-01
2550,1.80184,4.764620e-01
2575,1.80184,4.782860e-01
2600,1.80184,4.803430e-01
2625,1.80184,4.826450e-01
2650,1.80184,4.852040e-01
2675,1.80184,4.880300e-01
2700,1.80184,4.911250e-01
2725,1.80184,4.944900e-01
2750,1.80184,4.981170e-01
2775,1.80184,5.019960e-01
2800,1.80184,5.061090e-01
2825,1.80184,5.104350e-01
2850,1.80184,5.149480e-01
2875,1.80184,5.196190e-01
2900,1.80184,5.243700e-01
2925,1.80184,5.289370e-01
2950,1.80184,5.335410e-01
2975,1.80184,5.381580e-01
3000,1.80184,5.427700e-01
3025,1.80184,5.473610e-01
3050,1.80184,5.519190e-01
3075,1.80184,5.564350e-01
3100,1.80184,5.609020e-01
3125,1.80184,5.653150e-01
3150,1.80184,5.696720e-01
3175,1.80184,5.739730e-01
3200,1.80184,5.782180e-01
3225,1.80184,5.824080e-01
3250,1.80184,5.865470e-01
3275,1.80184,5.906370e-01
3300,1.80184,5.946850e-01
3325,1.80184,5.986960e-01
3350,1.80184,6.026770e-01
3375,1.80184,6.066370e-01
3400,1.80184,6.105840e-01
3425,1.80184,6.145300e-01
3450,1.80184,6.184870e-01
3475,1.80184,6.224680e-01
3500,1.80184,6.264870e-01
3525,1.80184,6.305630e-01
3550,1.80184,6.347120e-01
3575,1.80184,6.389550e-01
3600,1.80184,6.433120e-01
3625,1.80184,6.478070e-01
3650,1.80184,6.524660e-01
3675,1.80184,6.573150e-01
3700,1.80184,6.623830e-01
3725,1.80184,6.677030e-01
3750,1.80184,6.733070e-01
3775,1.80184,6.792330e-01
3800,1.80184,6.855200e-01
3825,1.80184,6.922090e-01
3850,1.80184,6.993470e-01
3875,1.80184,7.069810e-01
3900,1.80184,7.151650e-01
3925,1.80184,7.239560e-01
3950,1.80184,7.334140e-01
3975,1.80184,7.436070e-01
4000,1.80184,7.546080e-01
4025,1.80184,7.664940e-01
4050,1.80184,7.793530e-01
4075,1.80184,7.932760e-01
4100,1.80184,8.083680e-01
4125,1.80184,8.247410e-01
4150,1.80184,8.425190e-01
4175,1.80184,8.618390e-01
4200,1.80184,8.828500e-01
4225,1.80184,9.057220e-01
4250,1.80184,9.306390e-01
4275,1.80184,9.578080e-01
4300,1.80184,9.874620e-01
4325,1.80184,1.019860e+00
4350,1.80184,1.055290e+00
4375,1.80184,1.094080e+00
4400,1.80184,1.136600e+00
4425,1.80184,1.183270e+00
4450,1.80184,1.234590e+00
4475,1.80184,1.291080e+00
4500,1.80184,1.353400e+00
4525,1.80184,1.422260e+00
4550,1.80184,1.498540e+00
4575,1.80184,1.583220e+00
4600,1.80184,1.677480e+00
4625,1.80184,1.782730e+00
4650,1.80184,1.900640e+00
4675,1.80184,2.033240e+00
4700,1.80184,2.182990e+00
4725,1.80184,2.352930e+00
4750,1.80184,2.546860e+00
4775,1.80184,2.769570e+00
4800,1.80184,3.027200e+00
4825,1.80184,3.327780e+00
4850,1.80184,3.681950e+00
4875,1.80184,4.104200e+00
4900,1.80184,4.614710e+00
4925,1.80184,5.242500e+00
4950,1.80184,6.030840e+00
4975,1.80184,7.047230e+00
5000,1.80184,8.403070e+00
300,3.20418,4.656580e-01
325,3.20418,4.656580e-01
350,3.20418,4.656580e-01
375,3.20418,4.656580e-01
400,3.20418,4.656580e-01
425,3.20418,4.656580e-01
450,3.20418,4.656580e-01
475,3.20418,4.656580e-01
500,3.20418,4.656580e-01
525,3.20418,4.656580e-01
550,3.20418,4.656580e-01
575,3.20418,4.656580e-01
600,3.20418,4.656580e-01
625,3.20418,4.656580e-01
650,3.20418,4.656580e-01
675,3.20418,4.656580e-01
700,3.20418,4.656580e-01
725,3.20418,4.656580e-01
750,3.20418,4.656580e-01
775,3.20418,4.656580e-01
800,3.20418,4.656580e-01
825,3.20418,4.656580e-01
850,3.20418,4.656580e-01
875,3.20418,4.656580e-01
900,3.20418,4.656580e-01
925,3.20418,4.656580e-01
950,3.20418,4.656580e-01
975,3.20418,4.656580e-01
1000,3.20418,4.656580e-01
1025,3.20418,4.656580e-01
1050,3.20418,4.656580e-01
1075,3.20418,4.656580e-01
1100,3.20418,4.656580e-01
1125,3.20418,4.656580e-01
1150,3.20418,4.656580e-01
1175,3.20418,4.656580e-01
1200,3.20418,4.656580e-01
1225,3.20418,4.656580e-01
1250,3.20418,4.656580e-01
1275,3.20418,4.656580e-01
1300,3.20418,4.656580e-01
1325,3.20418,4.656580e-01
1350,3.20418,4.656580e-01
1375,3.20418,4.656580e-01
1400,3.20418,4.656580e-01
1425,3.20418,4.656580e-01
1450,3.20418,4.656580e-01
1475,3.20418,4.656580e-01
1500,3.20418,4.656580e-01
1525,3.20418,4.656580e-01
1550,3.20418,4.656580e-01
1575,3.20418,4.656580e-01
1600,3.20418,4.656580e-01
1625,3.20418,4.656580e-01
1650,3.20418,4.656590e-01
1675,3.20418,4.656590e-01
1700,3.20418,4.656590e-01
1725,3.20418,4.656590e-01
1750,3.20418,4.656600e-01
1775,3.20418,4.656600e-01
1800,3.20418,4.656620e-01
1825,3.20418,4.656630e-01
1850,3.20418,4.656650e-01
1875,3.20418,4.656680e-01
1900,3.20418,4.656720e-01
1925,3.20418,4.656780e-01
1950,3.20418,4.656860e-01
1975,3.20418,4.656960e-01
2000,3.20418,4.657090e-01
2025,3.20418,4.657270e-01
2050,3.20418,4.657500e-01
2075,3.20418,4.657800e-01
2100,3.20418,4.658170e-01
2125,3.20418,4.658650e-01
2150,3.20418,4.659260e-01
2175,3.20418,4.660020e-01
2200,3.20418,4.660960e-01
2225,3.20418,4.662120e-01
2250,3.20418,4.663550e-01
2275,3.20418,4.665300e-01
2300,3.20418,4.667420e-01
2325,3.20418,4.669970e-01
2350,3.20418,4.673040e-01
2375,3.20418,4.676700e-01
2400,3.20418,4.681050e-01
2425,3.20418,4.686190e-01
2450,3.20418,4.692220e-01
2475,3.20418,4.699280e-01
2500,3.20418,4.707480e-01
2525,3.20418,4.716980e-01
2550,3.20418,4.727910e-01
2575,3.20418,4.740420e-01
2600,3.20418,4.754670e-01
2625,3.20418,4.770820e-01
2650,3.20418,4.789010e-01
2675,3.20418,4.809380e-01
2700,3.20418,4.832060e-01
2725,3.20418,4.857150e-01
2750,3.20418,4.884730e-01
2775,3.20418,4.914830e-01
2800,3.20418,4.947470e-01
2825,3.20418,4.982590e-01
2850,3.20418,5.020110e-01
2875,3.20418,5.059870e-01
2900,3.20418,5.101290e-01
2925,3.20418,5.142260e-01
2950,3.20418,5.184410e-01
2975,3.20418,5.227490e-01
3000,3.20418,5.271220e-01
3025,3.20418,5.315360e-01
3050,3.20418,5.359670e-01
3075,3.20418,5.403940e-01
3100,3.20418,5.448000e-01
3125,3.20418,5.491720e-01
3150,3.20418,5.534980e-01
3175,3.20418,5.577720e-01
3200,3.20418,5.619880e-01
3225,3.20418,5.661430e-01
3250,3.20418,5.702360e-01
3275,3.20418,5.742670e-01
3300,3.20418,5.782380e-01
3325,3.20418,5.821510e-01
3350,3.20418,5.860110e-01
3375,3.20418,5.898220e-01
3400,3.20418,5.935890e-01
3425,3.20418,5.973190e-01
3450,3.20418,6.010180e-01
3475,3.20418,6.046950e-01
3500,3.20418,6.083590e-01
3525,3.20418,6.120200e-01
3550,3.20418,6.156880e-01
3575,3.20418,6.193760e-01
3600,3.20418,6.230970e-01
3625,3.20418,6.268650e-01
3650,3.20418,6.306940e-01
3675,3.20418,6.346030e-01
3700,3.20418,6.386080e-01
3725,3.20418,6.427280e-01
3750,3.20418,6.469850e-01
3775,3.20418,6.514000e-01
3800,3.20418,6.559970e-01
3825,3.20418,6.608000e-01
3850,3.20418,6.658370e-01
3875,3.20418,6.711360e-01
3900,3.20418,6.767270e-01
3925,3.20418,6.826430e-01
3950,3.20418,6.889200e-01
3975,3.20418,6.955930e-01
4000,3.20418,7.027030e-01
4025,3.20418,7.102920e-01
4050,3.20418,7.184060e-01
4075,3.20418,7.270950e-01
4100,3.20418,7.364110e-01
4125,3.20418,7.464110e-01
4150,3.20418,7.571570e-01
4175,3.20418,7.687150e-01
4200,3.20418,7.811590e-01
4225,3.20418,7.945650e-01
4250,3.20418,8.090210e-01
4275,3.20418,8.246200e-01
4300,3.20418,8.414630e-01
4325,3.20418,8.596620e-01
4350,3.20418,8.793410e-01
4375,3.20418,9.006350e-01
4400,3.20418,9.236920e-01
4425,3.20418,9.486780e-01
4450,3.20418,9.757750e-01
4475,3.20418,1.005190e+00
4500,3.20418,1.037140e+00
4525,3.20418,1.071880e+00
4550,3.20418,1.109700e+00
4575,3.20418,1.150910e+00
4600,3.20418,1.195870e+00
4625,3.20418,1.244990e+00
4650,3.20418,1.298720e+00
4675,3.20418,1.357590e+00
4700,3.20418,1.422210e+00
4725,3.20418,1.493260e+00
4750,3.20418,1.571550e+00
4775,3.20418,1.658020e+00
4800,3.20418,1.753750e+00
4825,3.20418,1.860060e+00
4850,3.20418,1.978460e+00
4875,3.20418,2.110820e+00
4900,3.20418,2.259350e+00
4925,3.20418,2.426790e+00
4950,3.20418,2.616480e+00
4975,3.20418,2.832630e+00
5000,3.20418,3.080540e+00
300,5.69792,4.656580e-01
325,5.69792,4.656580e-01
350,5.69792,4.656580e-01
375,5.69792,4.656580e-01
400,5.69792,4.656580e-01
425,5.69792,4.656580e-01
450,5.69792,4.656580e-01
475,5.69792,4.656580e-01
500,5.69792,4.656580e-01
525,5.69792,4.656580e-01
550,5.69792,4.656580e-01
575,5.69792,4.656580e-01
600,5.69792,4.656580e-01
625,5.69792,4.656580e-01
650,5.69792,4.656580e-01
675,5.69792,4.656580e-01
700,5.69792,4.656580e-01
725,5.69792,4.656580e-01
750,5.69792,4.656580e-01
775,5.69792,4.656580e-01
800,5.69792,4.656580e-01
825,5.69792,4.656580e-01
850,5.69792,4.656580e-01
875,5.69792,4.656580e-01
900,5.69792,4.656580e-01
925,5.69792,4.656580e-01
950,5.69792,4.656580e-01
975,5.69792,4.656580e-01
1000,5.69792,4.656580e-01
1025,5.69792,4.656580e-01
1050,5.69792,4.656580e-01
1075,5.69792,4.656580e-01
1100,5.69792,4.656580e-01
1125,5.69792,4.656580e-01
1150,5.69792,4.656580e-01
1175,5.69792,4.656580e-01
1200,5.69792,4.656580e-01
1225,5.69792,4.656580e-01
1250,5.69792,4.656580e-01
1275,5.69792,4.656580e-01
1300,5.69792,4.656580e-01
1325,5.69792,4.656580e-01
1350,5.69792,4.656580e-01
1375,5.69792,4.656580e-01
1400,5.69792,4.656580e-01
1425,5.69792,4.656580e-01
1450,5.69792,4.656580e-01
1475,5.69792,4.656580e-01
1500,5.69792,4.656580e-01
1525,5.69792,4.656580e-01
1550,5.69792,4.656580e-01
1575,5.69792,4.656580e-01
1600,5.69792,4.656580e-01
1625,5.69792,4.656580e-01
1650,5.69792,4.656580e-01
1675,5.69792,4.656590e-01
1700,5.69792,4.656590e-01
1725,5.69792,4.656590e-01
1750,5.69792,4.656590e-01
1775,5.69792,4.656590e-01
1800,5.69792,4.656600e-01
1825,5.69792,4.656610e-01
1850,5.69792,4.656620e-01
1875,5.69792,4.656640e-01
1900,5.69792,4.656660e-01
1925,5.69792,4.656700e-01
1950,5.69792,4.656740e-01
1975,5.69792,4.656810e-01
2000,5.69792,4.656890e-01
2025,5.69792,4.657000e-01
2050,5.69792,4.657140e-01
2075,5.69792,4.657320e-01
2100,5.69792,4.657550e-01
2125,5.69792,4.657850e-01
2150,5.69792,4.658230e-01
2175,5.69792,4.658700e-01
2200,5.69792,4.659290e-01
2225,5.69792,4.660030e-01
2250,5.69792,4.660930e-01
2275,5.69792,4.662040e-01
2300,5.69792,4.663380e-01
2325,5.69792,4.665010e-01
2350,5.69792,4.666970e-01
2375,5.69792,4.669320e-01
2400,5.69792,4.672120e-01
2425,5.69792,4.675440e-01
2450,5.69792,4.679360e-01
2475,5.69792,4.683960e-01
2500,5.69792,4.689340e-01
2525,5.69792,4.695590e-01
2550,5.69792,4.702830e-01
2575,5.69792,4.711170e-01
2600,5.69792,4.720740e-01
2625,5.69792,4.731660e-01
2650,5.69792,4.744070e-01
2675,5.69792,4.758110e-01
2700,5.69792,4.773910e-01
2725,5.69792,4.791600e-01
2750,5.69792,4.811300e-01
2775,5.69792,4.833130e-01
2800,5.69792,4.857190e-01
2825,5.69792,4.883550e-01
2850,5.69792,4.912260e-01
2875,5.69792,4.943320e-01
2900,5.69792,4.976430e-01
2925,5.69792,5.010060e-01
2950,5.69792,5.045500e-01
2975,5.69792,5.082600e-01
3000,5.69792,5.121150e-01
3025,5.69792,5.160940e-01
3050,5.69792,5.201720e-01
3075,5.69792,5.243250e-01
3100,5.69792,5.285280e-01
3125,5.69792,5.327580e-01
3150,5.69792,5.369930e-01
3175,5.69792,5.412130e-01
3200,5.69792,5.454040e-01
3225,5.69792,5.495520e-01
3250,5.69792,5.536480e-01
3275,5.69792,5.576840e-01
3300,5.69792,5.616550e-01
3325,5.69792,5.655610e-01
3350,5.69792,5.694000e-01
3375,5.69792,5.731720e-01
3400,5.69792,5.768810e-01
3425,5.69792,5.805290e-01
3450,5.69792,5.841210e-01
3475,5.69792,5.876610e-01
3500,5.69792,5.911560e-01
3525,5.69792,5.946110e-01
3550,5.69792,5.980330e-01
3575,5.69792,6.014300e-01
3600,5.69792,6.048100e-01
3625,5.69792,6.081830e-01
3650,5.69792,6.115580e-01
3675,5.69792,6.149450e-01
3700,5.69792,6.183550e-01
3725,5.69792,6.218020e-01
3750,5.69792,6.252960e-01
3775,5.69792,6.288540e-01
3800,5.69792,6.324880e-01
3825,5.69792,6.362140e-01
3850,5.69792,6.400500e-01
3875,5.69792,6.440120e-01
3900,5.69792,6.481190e-01
3925,5.69792,6.523910e-01
3950,5.69792,6.568500e-01
3975,5.69792,6.615160e-01
4000,5.69792,6.664130e-01
4025,5.69792,6.715670e-01
4050,5.69792,6.770030e-01
4075,5.69792,6.827500e-01
4100,5.69792,6.888370e-01
4125,5.69792,6.952970e-01
4150,5.69792,7.021610e-01
4175,5.69792,7.094670e-01
4200,5.69792,7.172530e-01
4225,5.69792,7.255590e-01
4250,5.69792,7.344290e-01
4275,5.69792,7.439100e-01
4300,5.69792,7.540520e-01
4325,5.69792,7.649110e-01
4350,5.69792,7.765440e-01
4375,5.69792,7.890150e-01
4400,5.69792,8.023910e-01
4425,5.69792,8.167490e-01
4450,5.69792,8.321670e-01
4475,5.69792,8.487350e-01
4500,5.69792,8.665470e-01
4525,5.69792,8.857090e-01
4550,5.69792,9.063350e-01
4575,5.69792,9.285500e-01
4600,5.69792,9.524920e-01
4625,5.69792,9.783140e-01
4650,5.69792,1.006180e+00
4675,5.69792,1.036280e+00
4700,5.69792,1.068820e+00
4725,5.69792,1.104020e+00
4750,5.69792,1.142150e+00
4775,5.69792,1.183480e+00
4800,5.69792,1.228330e+00
4825,5.69792,1.277060e+00
4850,5.69792,1.330080e+00
4875,5.69792,1.387850e+00
4900,5.69792,1.450880e+00
4925,5.69792,1.519780e+00
4950,5.69792,1.595230e+00
4975,5.69792,1.678020e+00
5000,5.69792,1.769070e+00
300,10.1325,4.656580e-01
325,10.1325,4.656580e-01
350,10.1325,4.656580e-01
375,10.1325,4.656580e-01
400,10.1325,4.656580e-01
425,10.1325,4.656580e-01
450,10.1325,4.656580e-01
475,10.1325,4.656580e-01
500,10.1325,4.656580e-01
525,10.1325,4.656580e-01
550,10.1325,4.656580e-01
575,10.1325,4.656580e-01
600,10.1325,4.656580e-01
625,10.1325,4.656580e-01
650,10.1325,4.656580e-01
675,10.1325,4.656580e-01
700,10.1325,4.656580e-01
725,10.1325,4.656580e-01
750,10.1325,4.656580e-01
775,10.1325,4.656580e-01
800,10.1325,4.656580e-01
825,10.1325,4.656580e-01
850,10.1325,4.656580e-01
875,10.1325,4.656580e-01
900,10.1325,4.656580e-01
925,10.1325,4.656580e-01
950,10.1325,4.656580e-01
975,10.1325,4.656580e-01
1000,10.1325,4.656580e-01
1025,10.1325,4.656580e-01
1050,10.1325,4.656580e-01
1075,10.1325,4.656580e-01
1100,10.1325,4.656580e-01
1125,10.1325,4.656580e-01
1150,10.1325,4.656580e-01
1175,10.1325,4.656580e-01
1200,10.1325,4.656580e-01
1225,10.1325,4.656580e-01
1250,10.1325,4.656580e-01
1275,10.1325,4.656580e-01
1300,10.1325,4.656580e-01
1325,10.1325,4.656580e-01
1350,10.1325,4.656580e-01
1375,10.1325,4.656580e-01
1400,10.1325,4.656580e-01
1425,10.1325,4.656580e-01
1450,10.1325,4.656580e-01
1475,10.1325,4.656580e-01
1500,10.1325,4.656580e-01
1525,10.1325,4.656580e-01
1550,10.1325,4.656580e-01
1575,10.1325,4.656580e-01
1600,10.1325,4.656580e-01
1625,10.1325,4.656580e-01
1650,10.1325,4.656580e-01
1675,10.1325,4.656580e-01
1700,10.1325,4.656580e-01
1725,10.1325,4.656590e-01
1750,10.1325,4.656590e-01
1775,10.1325,4.656590e-01
1800,10.1325,4.656590e-01
1825,10.1325,4.656600e-01
1850,10.1325,4.656600e-01
1875,10.1325,4.656610e-01
1900,10.1325,4.656630e-01
1925,10.1325,4.656650e-01
1950,10.1325,4.656680e-01
1975,10.1325,4.656710e-01
2000,10.1325,4.656760e-01
2025,10.1325,4.656830e-01
2050,10.1325,4.656910e-01
2075,10.1325,4.657020e-01
2100,10.1325,4.657160e-01
2125,10.1325,4.657350e-01
2150,10.1325,4.657580e-01
2175,10.1325,4.657870e-01
2200,10.1325,4.658240e-01
2225,10.1325,4.658690e-01
2250,10.1325,4.659260e-01
2275,10.1325,4.659950e-01
2300,10.1325,4.660790e-01
2325,10.1325,4.661820e-01
2350,10.1325,4.663060e-01
2375,10.1325,4.664550e-01
2400,10.1325,4.666330e-01
2425,10.1325,4.668440e-01
2450,10.1325,4.670950e-01
2475,10.1325,4.673900e-01
2500,10.1325,4.677360e-01
2525,10.1325,4.681410e-01
2550,10.1325,4.686110e-01
2575,10.1325,4.691550e-01
2600,10.1325,4.697820e-01
2625,10.1325,4.705030e-01
2650,10.1325,4.713260e-01
2675,10.1325,4.722620e-01
2700,10.1325,4.733240e-01
2725,10.1325,4.745230e-01
2750,10.1325,4.758700e-01
2775,10.1325,4.773770e-01
2800,10.1325,4.790560e-01
2825,10.1325,4.809180e-01
2850,10.1325,4.829730e-01
2875,10.1325,4.852290e-01
2900,10.1325,4.876750e-01
2925,10.1325,4.902090e-01
2950,10.1325,4.929310e-01
2975,10.1325,4.958400e-01
3000,10.1325,4.989310e-01
3025,10.1325,5.021940e-01
3050,10.1325,5.056190e-01
3075,10.1325,5.091900e-01
3100,10.1325,5.128900e-01
3125,10.1325,5.167000e-01
3150,10.1325,5.205960e-01
3175,10.1325,5.245580e-01
3200,10.1325,5.285610e-01
3225,10.1325,5.325850e-01
3250,10.1325,5.366090e-01
3275,10.1325,5.406150e-01
3300,10.1325,5.445880e-01
3325,10.1325,5.485140e-01
3350,10.1325,5.523850e-01
3375,10.1325,5.561930e-01
3400,10.1325,5.599320e-01
3425,10.1325,5.636020e-01
3450,10.1325,5.672010e-01
3475,10.1325,5.707310e-01
3500,10.1325,5.741930e-01
3525,10.1325,5.775900e-01
3550,10.1325,5.809280e-01
3575,10.1325,5.842110e-01
3600,10.1325,5.874430e-01
3625,10.1325,5.906330e-01
3650,10.1325,5.937850e-01
3675,10.1325,5.969080e-01
3700,10.1325,6.000080e-01
3725,10.1325,6.030940e-01
3750,10.1325,6.061750e-01
3775,10.1325,6.092590e-01
3800,10.1325,6.123560e-01
3825,10.1325,6.154760e-01
3850,10.1325,6.186310e-01
3875,10.1325,6.218310e-01
3900,10.1325,6.250880e-01
3925,10.1325,6.284150e-01
3950,10.1325,6.318250e-01
3975,10.1325,6.353320e-01
4000,10.1325,6.389520e-01
4025,10.1325,6.426980e-01
4050,10.1325,6.465880e-01
4075,10.1325,6.506390e-01
4100,10.1325,6.548680e-01
4125,10.1325,6.592940e-01
4150,10.1325,6.639380e-01
4175,10.1325,6.688200e-01
4200,10.1325,6.739620e-01
4225,10.1325,6.793880e-01
4250,10.1325,6.851220e-01
4275,10.1325,6.911890e-01
4300,10.1325,6.976190e-01
4325,10.1325,7.044380e-01
4350,10.1325,7.116790e-01
4375,10.1325,7.193740e-01
4400,10.1325,7.275590e-01
4425,10.1325,7.362700e-01
4450,10.1325,7.455470e-01
4475,10.1325,7.554340e-01
4500,10.1325,7.659750e-01
4525,10.1325,7.772200e-01
4550,10.1325,7.892230e-01
4575,10.1325,8.020380e-01
4600,10.1325,8.157300e-01
4625,10.1325,8.303620e-01
4650,10.1325,8.460080e-01
4675,10.1325,8.627460e-01
4700,10.1325,8.806590e-01
4725,10.1325,8.998410e-01
4750,10.1325,9.203900e-01
4775,10.1325,9.424180e-01
4800,10.1325,9.660420e-01
4825,10.1325,9.913950e-01
4850,10.1325,1.018620e+00
4875,10.1325,1.047880e+00
4900,10.1325,1.079330e+00
4925,10.1325,1.113190e+00
4950,10.1325,1.149650e+00
4975,10.1325,1.188970e+00
5000,10.1325,1.231380e+00
300,18.0184,4.656580e-01
325,18.0184,4.656580e-01
350,18.0184,4.656580e-01
375,18.0184,4.656580e-01
400,18.0184,4.656580e-01
425,18.0184,4.656580e-01
450,18.0184,4.656580e-01
475,18.0184,4.656580e-01
500,18.0184,4.656580e-01
525,18.0184,4.656580e-01
550,18.0184,4.656580e-01
575,18.0184,4.656580e-01
600,18.0184,4.656580e-01
625,18.0184,4.656580e-01
650,18.0184,4.656580e-01
675,18.0184,4.656580e-01
700,18.0184,4.656580e-01
725,18.0184,4.656580e-01
750,18.0184,4.656580e-01
775,18.0184,4.656580e-01
800,18.0184,4.656580e-01
825,18.0184,4.656580e-01
850,18.0184,4.656580e-01
875,18.0184,4.656580e-01
900,18.0184,4.656580e-01
925,18.0184,4.656580e-01
950,18.0184,4.656580e-01
975,18.0184,4.656580e-01
1000,18.0184,4.656580e-01
1025,18.0184,4.656580e-01
1050,18.0184,4.656580e-01
1075,18.0184,4.656580e-01
1100,18.0184,4.656580e-01
1125,18.0184,4.656580e-01
1150,18.0184,4.656580e-01
1175,18.0184,4.656580e-01
1200,18.0184,4.656580e-01
1225,18.0184,4.656580e-01
1250,18.0184,4.656580e-01
1275,18.0184,4.656580e-01
1300,18.0184,4.656580e-01
1325,18.0184,4.656580e-01
1350,18.0184,4.656580e-01
1375,18.0184,4.656580e-01
1400,18.0184,4.656580e-01
1425,18.0184,4.656580e-01
1450,18.0184,4.656580e-01
1475,18.0184,4.656580e-01
1500,18.0184,4.656580e-01
1525,18.0184,4.656580e-01
1550,18.0184,4.656580e-01
1575,18.0184,4.656580e-01
1600,18.0184,4.656580e-01
1625,18.0184,4.656580e-01
1650,18.0184,4.656580e-01
1675,18.0184,4.656580e-01
1700,18.0184,4.656580e-01
1725,18.0184,4.656580e-01
1750,18.0184,4.656580e-01
1775,18.0184,4.656590e-01
1800,18.0184,4.656590e-01
1825,18.0184,4.656590e-01
1850,18.0184,4.656590e-01
1875,18.0184,4.656600e-01
1900,18.0184,4.656610e-01
1925,18.0184,4.656620e-01
1950,18.0184,4.656630e-01
1975,18.0184,4.656650e-01
2000,18.0184,4.656680e-01
2025,18.0184,4.656720e-01
2050,18.0184,4.656770e-01
2075,18.0184,4.656840e-01
2100,18.0184,4.656920e-01
2125,18.0184,4.657030e-01
2150,18.0184,4.657170e-01
2175,18.0184,4.657350e-01
2200,18.0184,4.657570e-01
2225,18.0184,4.657850e-01
2250,18.0184,4.658200e-01
2275,18.0184,4.658630e-01
2300,18.0184,4.659150e-01
2325,18.0184,4.659790e-01
2350,18.0184,4.660560e-01
2375,18.0184,4.661490e-01
2400,18.0184,4.662600e-01
2425,18.0184,4.663940e-01
2450,18.0184,4.665520e-01
2475,18.0184,4.667380e-01
2500,18.0184,4.669580e-01
2525,18.0184,4.672160e-01
2550,18.0184,4.675160e-01
2575,18.0184,4.678650e-01
2600,18.0184,4.682690e-01
2625,18.0184,4.687340e-01
2650,18.0184,4.692680e-01
2675,18.0184,4.698790e-01
2700,18.0184,4.705750e-01
2725,18.0184,4.713640e-01
2750,18.0184,4.722570e-01
2775,18.0184,4.732620e-01
2800,18.0184,4.743890e-01
2825,18.0184,4.756500e-01
2850,18.0184,4.770530e-01
2875,18.0184,4.786080e-01
2900,18.0184,4.803120e-01
2925,18.0184,4.821000e-01
2950,18.0184,4.840460e-01
2975,18.0184,4.861560e-01
3000,18.0184,4.884330e-01
3025,18.0184,4.908790e-01
3050,18.0184,4.934940e-01
3075,18.0184,4.962770e-01
3100,18.0184,4.992210e-01
3125,18.0184,5.023210e-01
3150,18.0184,5.055660e-01
3175,18.0184,5.089440e-01
3200,18.0184,5.124390e-01
3225,18.0184,5.160340e-01
3250,18.0184,5.197110e-01
3275,18.0184,5.234490e-01
3300,18.0184,5.272280e-01
3325,18.0184,5.310270e-01
3350,18.0184,5.348290e-01
3375,18.0184,5.386140e-01
3400,18.0184,5.423670e-01
3425,18.0184,5.460770e-01
3450,18.0184,5.497310e-01
3475,18.0184,5.533220e-01
3500,18.0184,5.568450e-01
3525,18.0184,5.602960e-01
3550,18.0184,5.636740e-01
3575,18.0184,5.669790e-01
3600,18.0184,5.702130e-01
3625,18.0184,5.733780e-01
3650,18.0184,5.764800e-01
3675,18.0184,5.795210e-01
3700,18.0184,5.825080e-01
3725,18.0184,5.854460e-01
3750,18.0184,5.883410e-01
3775,18.0184,5.912000e-01
3800,18.0184,5.940300e-01
3825,18.0184,5.968370e-01
3850,18.0184,5.996300e-01
3875,18.0184,6.024170e-01
3900,18.0184,6.052050e-01
3925,18.0184,6.080040e-01
3950,18.0184,6.108220e-01
3975,18.0184,6.136690e-01
4000,18.0184,6.165550e-01
4025,18.0184,6.194890e-01
4050,18.0184,6.224830e-01
4075,18.0184,6.255480e-01
4100,18.0184,6.286960e-01
4125,18.0184,6.319370e-01
4150,18.0184,6.352860e-01
4175,18.0184,6.387550e-01
4200,18.0184,6.423580e-01
4225,18.0184,6.461090e-01
4250,18.0184,6.500230e-01
4275,18.0184,6.541160e-01
4300,18.0184,6.584040e-01
4325,18.0184,6.629050e-01
4350,18.0184,6.676350e-01
4375,18.0184,6.726150e-01
4400,18.0184,6.778630e-01
4425,18.0184,6.834010e-01
4450,18.0184,6.892500e-01
4475,18.0184,6.954340e-01
4500,18.0184,7.019750e-01
4525,18.0184,7.089010e-01
4550,18.0184,7.162380e-01
4575,18.0184,7.240150e-01
4600,18.0184,7.322630e-01
4625,18.0184,7.410130e-01
4650,18.0184,7.503020e-01
4675,18.0184,7.601650e-01
4700,18.0184,7.706420e-01
4725,18.0184,7.817760e-01
4750,18.0184,7.936120e-01
4775,18.0184,8.061980e-01
4800,18.0184,8.195860e-01
4825,18.0184,8.338330e-01
4850,18.0184,8.490000e-01
4875,18.0184,8.651510e-01
4900,18.0184,8.823570e-01
4925,18.0184,9.006950e-01
4950,18.0184,9.202480e-01
4975,18.0184,9.411050e-01
5000,18.0184,9.633630e-01
300,32.0418,4.656580e-01
325,32.0418,4.656580e-01
350,32.0418,4.656580e-01
375,32.0418,4.656580e-01
400,32.0418,4.656580e-01
425,32.0418,4.656580e-01
450,32.0418,4.656580e-01
475,32.0418,4.656580e-01
500,32.0418,4.656580e-01
525,32.0418,4.656580e-01
550,32.0418,4.656580e-01
575,32.0418,4.656580e-01
600,32.0418,4.656580e-01
625,32.0418,4.656580e-01
650,32.0418,4.656580e-01
675,32.0418,4.656580e-01
700,32.0418,4.656580e-01
725,32.0418,4.656580e-01
750,32.0418,4.656580e-01
775,32.0418,4.656580e-01
800,32.0418,4.656580e-01
825,32.0418,4.656580e-01
850,32.0418,4.656580e-01
875,32.0418,4.656580e-01
900,32.0418,4.656580e-01
925,32.0418,4.656580e-01
950,32.0418,4.656580e-01
975,32.0418,4.656580e-01
1000,32.0418,4.656580e-01
1025,32.0418,4.656580e-01
1050,32.0418,4.656580e-01
1075,32.0418,4.656580e-01
1100,32.0418,4.656580e-01
1125,32.0418,4.656580e-01
1150,32.0418,4.656580e-01
1175,32.0418,4.656580e-01
1200,32.0418,4.656580e-01
1225,32.0418,4.656580e-01
1250,32.0418,4.656580e-01
1275,32.0418,4.656580e-01
1300,32.0418,4.656580e-01
1325,32.0418,4.656580e-01
1350,32.0418,4.656580e-01
1375,32.0418,4.656580e-01
1400,32.0418,4.656580e-01
1425,32.0418,4.656580e-01
1450,32.0418,4.656580e-01
1475,32.0418,4.656580e-01
1500,32.0418,4.656580e-01
1525,32.0418,4.656580e-01
1550,32.0418,4.656580e-01
1575,32.0418,4.656580e-01
1600,32.0418,4.656580e-01
1625,32.0418,4.656580e-01
1650,32.0418,4.656580e-01
1675,32.0418,4.656580e-01
1700,32.0418,4.656580e-01
1725,32.0418,4.656580e-01
1750,32.0418,4.656580e-01
1775,32.0418,4.656580e-01
1800,32.0418,4.656580e-01
1825,32.0418,4.656590e-01
1850,32.0418,4.656590e-01
1875,32.0418,4.656590e-01
1900,32.0418,4.656590e-01
1925,32.0418,4.656600e-01
1950,32.0418,4.656610e-01
1975,32.0418,4.656620e-01
2000,32.0418,4.656640e-01
2025,32.0418,4.656660e-01
2050,32.0418,4.656690e-01
2075,32.0418,4.656720e-01
2100,32.0418,4.656770e-01
2125,32.0418,4.656840e-01
2150,32.0418,4.656920e-01
2175,32.0418,4.657030e-01
2200,32.0418,4.657160e-01
2225,32.0418,4.657330e-01
2250,32.0418,4.657540e-01
2275,32.0418,4.657800e-01
2300,32.0418,4.658110e-01
2325,32.0418,4.658500e-01
2350,32.0418,4.658980e-01
2375,32.0418,4.659550e-01
2400,32.0418,4.660240e-01
2425,32.0418,4.661070e-01
2450,32.0418,4.662050e-01
2475,32.0418,4.663210e-01
2500,32.0418,4.664590e-01
2525,32.0418,4.666200e-01
2550,32.0418,4.668090e-01
2575,32.0418,4.670300e-01
2600,32.0418,4.672850e-01
2625,32.0418,4.675810e-01
2650,32.0418,4.679210e-01
2675,32.0418,4.683120e-01
2700,32.0418,4.687590e-01
2725,32.0418,4.692680e-01
2750,32.0418,4.698450e-01
2775,32.0418,4.704990e-01
2800,32.0418,4.712350e-01
2825,32.0418,4.720630e-01
2850,32.0418,4.729900e-01
2875,32.0418,4.740240e-01
2900,32.0418,4.751650e-01
2925,32.0418,4.763690e-01
2950,32.0418,4.776920e-01
2975,32.0418,4.791390e-01
3000,32.0418,4.807160e-01
3025,32.0418,4.824300e-01
3050,32.0418,4.842850e-01
3075,32.0418,4.862850e-01
3100,32.0418,4.884340e-01
3125,32.0418,4.907330e-01
3150,32.0418,4.931820e-01
3175,32.0418,4.957800e-01
3200,32.0418,4.985220e-01
3225,32.0418,5.014040e-01
3250,32.0418,5.044180e-01
3275,32.0418,5.075540e-01
3300,32.0418,5.107990e-01
3325,32.0418,5.141390e-01
3350,32.0418,5.175590e-01
3375,32.0418,5.210420e-01
3400,32.0418,5.245690e-01
3425,32.0418,5.281230e-01
3450,32.0418,5.316860e-01
3475,32.0418,5.352400e-01
3500,32.0418,5.387710e-01
3525,32.0418,5.422640e-01
3550,32.0418,5.457080e-01
3575,32.0418,5.490940e-01
3600,32.0418,5.524140e-01
3625,32.0418,5.556630e-01
3650,32.0418,5.588400e-01
3675,32.0418,5.619420e-01
3700,32.0418,5.649710e-01
3725,32.0418,5.679270e-01
3750,32.0418,5.708150e-01
3775,32.0418,5.736370e-01
3800,32.0418,5.763990e-01
3825,32.0418,5.791050e-01
3850,32.0418,5.817620e-01
3875,32.0418,5.843750e-01
3900,32.0418,5.869500e-01
3925,32.0418,5.894950e-01
3950,32.0418,5.920150e-01
3975,32.0418,5.945180e-01
4000,32.0418,5.970100e-01
4025,32.0418,5.995010e-01
4050,32.0418,6.019970e-01
4075,32.0418,6.045060e-01
4100,32.0418,6.070360e-01
4125,32.0418,6.095960e-01
4150,32.0418,6.121940e-01
4175,32.0418,6.148400e-01
4200,32.0418,6.175430e-01
4225,32.0418,6.203110e-01
4250,32.0418,6.231560e-01
4275,32.0418,6.260880e-01
4300,32.0418,6.291160e-01
4325,32.0418,6.322520e-01
4350,32.0418,6.355080e-01
4375,32.0418,6.388940e-01
4400,32.0418,6.424240e-01
4425,32.0418,6.461100e-01
4450,32.0418,6.499640e-01
4475,32.0418,6.540020e-01
4500,32.0418,6.582360e-01
4525,32.0418,6.626820e-01
4550,32.0418,6.673550e-01
4575,32.0418,6.722720e-01
4600,32.0418,6.774490e-01
4625,32.0418,6.829040e-01
4650,32.0418,6.886550e-01
4675,32.0418,6.947230e-01
4700,32.0418,7.011270e-01
4725,32.0418,7.078900e-01
4750,32.0418,7.150340e-01
4775,32.0418,7.225840e-01
4800,32.0418,7.305640e-01
4825,32.0418,7.390020e-01
4850,32.0418,7.479270e-01
4875,32.0418,7.573690e-01
4900,32.0418,7.673610e-01
4925,32.0418,7.779380e-01
4950,32.0418,7.891360e-01
4975,32.0418,8.009950e-01
5000,32.0418,8.135570e-01
300,56.9792,4.656580e-01
325,56.9792,4.656580e-01
350,56.9792,4.656580e-01
375,56.9792,4.656580e-01
400,56.9792,4.656580e-01
425,56.9792,4.656580e-01
450,56.9792,4.656580e-01
475,56.9792,4.656580e-01
500,56.9792,4.656580e-01
525,56.9792,4.656580e-01
550,56.9792,4.656580e-01
575,56.9792,4.656580e-01
600,56.9792,4.656580e-01
625,56.9792,4.656580e-01
650,56.9792,4.656580e-01
675,56.9792,4.656580e-01
700,56.9792,4.656580e-01
725,56.9792,4.656580e-01
750,56.9792,4.656580e-01
775,56.9792,4.656580e-01
800,56.9792,4.656580e-01
825,56.9792,4.656580e-01
850,56.9792,4.656580e-01
875,56.9792,4.656580e-01
900,56.9792,4.656580e-01
925,56.9792,4.656580e-01
950,56.9792,4.656580e-01
975,56.9792,4.656580e-01
1000,56.9792,4.656580e-01
1025,56.9792,4.656580e-01
1050,56.9792,4.656580e-01
1075,56.9792,4.656580e-01
1100,56.9792,4.656580e-01
1125,56.9792,4.656580e-01
1150,56.9792,4.656580e-01
1175,56.9792,4.656580e-01
1200,56.9792,4.656580e-01
1225,56.9792,4.656580e-01
1250,56.9792,4.656580e-01
1275,56.9792,4.656580e-01
1300,56.9792,4.656580e-01
1325,56.9792,4.656580e-01
1350,56.9792,4.656580e-01
1375,56.9792,4.656580e-01
1400,56.9792,4.656580e-01
1425,56.9792,4.656580e-01
1450,56.9792,4.656580e-01
1475,56.9792,4.656580e-01
1500,56.9792,4.656580e-01
1525,56.9792,4.656580e-01
1550,56.9792,4.656580e-01
1575,56.9792,4.656580e-01
1600,56.9792,4.656580e-01
1625,56.9792,4.656580e-01
1650,56.9792,4.656580e-01
1675,56.9792,4.656580e-01
1700,56.9792,4.656580e-01
1725,56.9792,4.656580e-01
1750,56.9792,4.656580e-01
1775,56.9792,4.656580e-01
1800,56.9792,4.656580e-01
1825,56.9792,4.656580e-01
1850,56.9792,4.656580e-01
1875,56.9792,4.656590e-01
1900,56.9792,4.656590e-01
1925,56.9792,4.656590e-01
1950,56.9792,4.656590e-01
1975,56.9792,4.656600e-01
2000,56.9792,4.656610e-01
2025,56.9792,4.656620e-01
2050,56.9792,4.656630e-01
2075,56.9792,4.656660e-01
2100,56.9792,4.656680e-01
2125,56.9792,4.656720e-01
2150,56.9792,4.656770e-01
2175,56.9792,4.656830e-01
2200,56.9792,4.656910e-01
2225,56.9792,4.657000e-01
2250,56.9792,4.657130e-01
2275,56.9792,4.657280e-01
2300,56.9792,4.657470e-01
2325,56.9792,4.657700e-01
2350,56.9792,4.657990e-01
2375,56.9792,4.658340e-01
2400,56.9792,4.658750e-01
2425,56.9792,4.659260e-01
2450,56.9792,4.659860e-01
2475,56.9792,4.660570e-01
2500,56.9792,4.661420e-01
2525,56.9792,4.662420e-01
2550,56.9792,4.663590e-01
2575,56.9792,4.664950e-01
2600,56.9792,4.666550e-01
2625,56.9792,4.668400e-01
2650,56.9792,4.670530e-01
2675,56.9792,4.672990e-01
2700,56.9792,4.675800e-01
2725,56.9792,4.679020e-01
2750,56.9792,4.682690e-01
2775,56.9792,4.686850e-01
2800,56.9792,4.691560e-01
2825,56.9792,4.696870e-01
2850,56.9792,4.702850e-01
2875,56.9792,4.709540e-01
2900,56.9792,4.716950e-01
2925,56.9792,4.724810e-01
2950,56.9792,4.733480e-01
2975,56.9792,4.743030e-01
3000,56.9792,4.753500e-01
3025,56.9792,4.764960e-01
3050,56.9792,4.777450e-01
3075,56.9792,4.791040e-01
3100,56.9792,4.805780e-01
3125,56.9792,4.821710e-01
3150,56.9792,4.838870e-01
3175,56.9792,4.857290e-01
3200,56.9792,4.877020e-01
3225,56.9792,4.898050e-01
3250,56.9792,4.920400e-01
3275,56.9792,4.944060e-01
3300,56.9792,4.969000e-01
3325,56.9792,4.995190e-01
3350,56.9792,5.022580e-01
3375,56.9792,5.051090e-01
3400,56.9792,5.080630e-01
3425,56.9792,5.111100e-01
3450,56.9792,5.142360e-01
3475,56.9792,5.174290e-01
3500,56.9792,5.206730e-01
3525,56.9792,5.239530e-01
3550,56.9792,5.272540e-01
3575,56.9792,5.305580e-01
3600,56.9792,5.338520e-01
3625,56.9792,5.371210e-01
3650,56.9792,5.403520e-01
3675,56.9792,5.435360e-01
3700,56.9792,5.466620e-01
3725,56.9792,5.497240e-01
3750,56.9792,5.527170e-01
3775,56.9792,5.556370e-01
3800,56.9792,5.584830e-01
3825,56.9792,5.612550e-01
3850,56.9792,5.639560e-01
3875,56.9792,5.665860e-01
3900,56.9792,5.691500e-01
3925,56.9792,5.716510e-01
3950,56.9792,5.740960e-01
3975,56.9792,5.764880e-01
4000,56.9792,5.788340e-01
4025,56.9792,5.811380e-01
4050,56.9792,5.834090e-01
4075,56.9792,5.856510e-01
4100,56.9792,5.878710e-01
4125,56.9792,5.900760e-01
4150,56.9792,5.922730e-01
4175,56.9792,5.944670e-01
4200,56.9792,5.966670e-01
4225,56.9792,5.988800e-01
4250,56.9792,6.011120e-01
4275,56.9792,6.033710e-01
4300,56.9792,6.056650e-01
4325,56.9792,6.080010e-01
4350,56.9792,6.103870e-01
4375,56.9792,6.128310e-01
4400,56.9792,6.153430e-01
4425,56.9792,6.179290e-01
4450,56.9792,6.205990e-01
4475,56.9792,6.233620e-01
4500,56.9792,6.262270e-01
4525,56.9792,6.292040e-01
4550,56.9792,6.323020e-01
4575,56.9792,6.355310e-01
4600,56.9792,6.389030e-01
4625,56.9792,6.424260e-01
4650,56.9792,6.461140e-01
4675,56.9792,6.499770e-01
4700,56.9792,6.540270e-01
4725,56.9792,6.582760e-01
4750,56.9792,6.627380e-01
4775,56.9792,6.674260e-01
4800,56.9792,6.723540e-01
4825,56.9792,6.775370e-01
4850,56.9792,6.829890e-01
4875,56.9792,6.887260e-01
4900,56.9792,6.947660e-01
4925,56.9792,7.011260e-01
4950,56.9792,7.078250e-01
4975,56.9792,7.148820e-01
5000,56.9792,7.223170e-01
300,101.325,4.656580e-01
325,101.325,4.656580e-01
350,101.325,4.656580e-01
375,101.325,4.656580e-01
400,101.325,4.656580e-01
425,101.325,4.656580e-01
450,101.325,4.656580e-01
475,101.325,4.656580e-01
500,101.325,4.656580e-01
525,101.325,4.656580e-01
550,101.325,4.656580e-01
575,101.325,4.656580e-01
600,101.325,4.656580e-01
625,101.325,4.656580e-01
650,101.325,4.656580e-01
675,101.325,4.656580e-01
700,101.325,4.656580e-01
725,101.325,4.656580e-01
750,101.325,4.656580e-01
775,101.325,4.656580e-01
800,101.325,4.656580e-01
825,101.325,4.656580e-01
850,101.325,4.656580e-01
875,101.325,4.656580e-01
900,101.325,4.656580e-01
925,101.325,4.656580e-01
950,101.325,4.656580e-01
975,101.325,4.656580e-01
1000,101.325,4.656580e-01
1025,101.325,4.656580e-01
1050,101.325,4.656580e-01
1075,101.325,4.656580e-01
1100,101.325,4.656580e-01
1125,101.325,4.656580e-01
1150,101.325,4.656580e-01
1175,101.325,4.656580e-01
1200,101.325,4.656580e-01
1225,101.325,4.656580e-01
1250,101.325,4.656580e-01
1275,101.325,4.656580e-01
1300,101.325,4.656580e-01
1325,101.325,4.656580e-01
1350,101.325,4.656580e-01
1375,101.325,4.656580e-01
1400,101.325,4.656580e-01
1425,101.325,4.656580e-01
1450,101.325,4.656580e-01
1475,101.325,4.656580e-01
1500,101.325,4.656580e-01
1525,101.325,4.656580e-01
1550,101.325,4.656580e-01
1575,101.325,4.656580e-01
1600,101.325,4.656580e-01
1625,101.325,4.656580e-01
1650,101.325,4.656580e-01
1675,101.325,4.656580e-01
1700,101.325,4.656580e-01
1725,101.325,4.656580e-01
1750,101.325,4.656580e-01
1775,101.325,4.656580e-01
1800,101.325,4.656580e-01
1825,101.325,4.656580e-01
1850,101.325,4.656580e-01
1875,101.325,4.656580e-01
1900,101.325,4.656580e-01
1925,101.325,4.656580e-01
1950,101.325,4.656590e-01
1975,101.325,4.656590e-01
2000,101.325,4.656590e-01
2025,101.325,4.656600e-01
2050,101.325,4.656610e-01
2075,101.325,4.656620e-01
2100,101.325,4.656630e-01
2125,101.325,4.656650e-01
2150,101.325,4.656680e-01
2175,101.325,4.656710e-01
2200,101.325,4.656750e-01
2225,101.325,4.656810e-01
2250,101.325,4.656880e-01
2275,101.325,4.656970e-01
2300,101.325,4.657080e-01
2325,101.325,4.657210e-01
2350,101.325,4.657380e-01
2375,101.325,4.657580e-01
2400,101.325,4.657830e-01
2425,101.325,4.658130e-01
2450,101.325,4.658490e-01
2475,101.325,4.658920e-01
2500,101.325,4.659430e-01
2525,101.325,4.660030e-01
2550,101.325,4.660750e-01
2575,101.325,4.661580e-01
2600,101.325,4.662560e-01
2625,101.325,4.663690e-01
2650,101.325,4.665000e-01
2675,101.325,4.666520e-01
2700,101.325,4.668260e-01
2725,101.325,4.670260e-01
2750,101.325,4.672550e-01
2775,101.325,4.675150e-01
2800,101.325,4.678110e-01
2825,101.325,4.681450e-01
2850,101.325,4.685210e-01
2875,101.325,4.689450e-01
2900,101.325,4.694160e-01
2925,101.325,4.699160e-01
2950,101.325,4.704690e-01
2975,101.325,4.710800e-01
3000,101.325,4.717540e-01
3025,101.325,4.724940e-01
3050,101.325,4.733060e-01
3075,101.325,4.741930e-01
3100,101.325,4.751610e-01
3125,101.325,4.762130e-01
3150,101.325,4.773550e-01
3175,101.325,4.785910e-01
3200,101.325,4.799250e-01
3225,101.325,4.813600e-01
3250,101.325,4.829000e-01
3275,101.325,4.845490e-01
3300,101.325,4.863090e-01
3325,101.325,4.881800e-01
3350,101.325,4.901660e-01
3375,101.325,4.922640e-01
3400,101.325,4.944760e-01
3425,101.325,4.967970e-01
3450,101.325,4.992260e-01
3475,101.325,5.017570e-01
3500,101.325,5.043840e-01
3525,101.325,5.071010e-01
3550,101.325,5.098970e-01
3575,101.325,5.127630e-01
3600,101.325,5.156870e-01
3625,101.325,5.186580e-01
3650,101.325,5.216620e-01
3675,101.325,5.246850e-01
3700,101.325,5.277140e-01
3725,101.325,5.307360e-01
3750,101.325,5.337380e-01
3775,101.325,5.367070e-01
3800,101.325,5.396340e-01
3825,101.325,5.425090e-01
3850,101.325,5.453250e-01
3875,101.325,5.480770e-01
3900,101.325,5.507590e-01
3925,101.325,5.533700e-01
3950,101.325,5.559090e-01
3975,101.325,5.583760e-01
4000,101.325,5.607720e-01
4025,101.325,5.631010e-01
4050,101.325,5.653660e-01
4075,101.325,5.675700e-01
4100,101.325,5.697190e-01
4125,101.325,5.718170e-01
4150,101.325,5.738700e-01
4175,101.325,5.758840e-01
4200,101.325,5.778640e-01
4225,101.325,5.798150e-01
4250,101.325,5.817450e-01
4275,101.325,5.836590e-01
4300,101.325,5.855630e-01
4325,101.325,5.874630e-01
4350,101.325,5.893660e-01
4375,101.325,5.912790e-01
4400,101.325,5.932060e-01
4425,101.325,5.951550e-01
4450,101.325,5.971330e-01
4475,101.325,5.991450e-01
4500,101.325,6.012000e-01
4525,101.325,6.033020e-01
4550,101.325,6.054600e-01
4575,101.325,6.076800e-01
4600,101.325,6.099700e-01
4625,101.325,6.123370e-01
4650,101.325,6.147870e-01
4675,101.325,6.173300e-01
4700,101.325,6.199720e-01
4725,101.325,6.227220e-01
4750,101.325,6.255880e-01
4775,101.325,6.285780e-01
4800,101.325,6.317010e-01
4825,101.325,6.349650e-01
4850,101.325,6.383800e-01
4875,101.325,6.419550e-01
4900,101.325,6.457000e-01
4925,101.325,6.496250e-01
4950,101.325,6.537410e-01
4975,101.325,6.580570e-01
5000,101.325,6.625850e-01
300,180.184,4.656580e-01
325,180.184,4.656580e-01
350,180.184,4.656580e-01
375,180.184,4.656580e-01
400,180.184,4.656580e-01
425,180.184,4.656580e-01
450,180.184,4.656580e-01
475,180.184,4.656580e-01
500,180.184,4.656580e-01
525,180.184,4.656580e-01
550,180.184,4.656580e-01
575,180.184,4.656580e-01
600,180.184,4.656580e-01
625,180.184,4.656580e-01
650,180.184,4.656580e-01
675,180.184,4.656580e-01
700,180.184,4.656580e-01
725,180.184,4.656580e-01
750,180.184,4.656580e-01
775,180.184,4.656580e-01
800,180.184,4.656580e-01
825,180.184,4.656580e-01
850,180.184,4.656580e-01
875,180.184,4.656580e-01
900,180.184,4.656580e-01
925,180.184,4.656580e-01
950,180.184,4.656580e-01
975,180.184,4.656580e-01
1000,180.184,4.656580e-01
1025,180.184,4.656580e-01
1050,180.184,4.656580e-01
1075,180.184,4.656580e-01
1100,180.184,4.656580e-01
1125,180.184,4.656580e-01
1150,180.184,4.656580e-01
1175,180.184,4.656580e-01
1200,180.184,4.656580e-01
1225,180.184,4.656580e-01
1250,180.184,4.656580e-01
1275,180.184,4.656580e-01
1300,180.184,4.656580e-01
1325,180.184,4.656580e-01
1350,180.184,4.656580e-01
1375,180.184,4.656580e-01
1400,180.184,4.656580e-01
1425,180.184,4.656580e-01
1450,180.184,4.656580e-01
1475,180.184,4.656580e-01
1500,180.184,4.656580e-01
1525,180.184,4.656580e-01
1550,180.184,4.656580e-01
1575,180.184,4.656580e-01
1600,180.184,4.656580e-01
1625,180.184,4.656580e-01
1650,180.184,4.656580e-01
1675,180.184,4.656580e-01
1700,180.184,4.656580e-01
1725,180.184,4.656580e-01
1750,180.184,4.656580e-01
1775,180.184,4.656580e-01
1800,180.184,4.656580e-01
1825,180.184,4.656580e-01
1850,180.184,4.656580e-01
1875,180.184,4.656580e-01
1900,180.184,4.656580e-01
1925,180.184,4.656580e-01
1950,180.184,4.656580e-01
1975,180.184,4.656580e-01
2000,180.184,4.656580e-01
2025,180.184,4.656590e-01
2050,180.184,4.656590e-01
2075,180.184,4.656590e-01
2100,180.184,4.656600e-01
2125,180.184,4.656610e-01
2150,180.184,4.656620e-01
2175,180.184,4.656640e-01
2200,180.184,4.656660e-01
2225,180.184,4.656690e-01
2250,180.184,4.656730e-01
2275,180.184,4.656780e-01
2300,180.184,4.656840e-01
2325,180.184,4.656910e-01
2350,180.184,4.657010e-01
2375,180.184,4.657130e-01
2400,180.184,4.657270e-01
2425,180.184,4.657440e-01
2450,180.184,4.657650e-01
2475,180.184,4.657900e-01
2500,180.184,4.658200e-01
2525,180.184,4.658560e-01
2550,180.184,4.658980e-01
2575,180.184,4.659480e-01
2600,180.184,4.660060e-01
2625,180.184,4.660740e-01
2650,180.184,4.661530e-01
2675,180.184,4.662450e-01
2700,180.184,4.663510e-01
2725,180.184,4.664730e-01
2750,180.184,4.666120e-01
2775,180.184,4.667720e-01
2800,180.184,4.669530e-01
2825,180.184,4.671590e-01
2850,180.184,4.673920e-01
2875,180.184,4.676550e-01
2900,180.184,4.679470e-01
2925,180.184,4.682570e-01
2950,180.184,4.686020e-01
2975,180.184,4.689840e-01
3000,180.184,4.694060e-01
3025,180.184,4.698710e-01
3050,180.184,4.703830e-01
3075,180.184,4.709440e-01
3100,180.184,4.715590e-01
3125,180.184,4.722310e-01
3150,180.184,4.729630e-01
3175,180.184,4.737580e-01
3200,180.184,4.746220e-01
3225,180.184,4.755560e-01
3250,180.184,4.765650e-01
3275,180.184,4.776530e-01
3300,180.184,4.788210e-01
3325,180.184,4.800750e-01
3350,180.184,4.814160e-01
3375,180.184,4.828470e-01
3400,180.184,4.843700e-01
3425,180.184,4.859880e-01
3450,180.184,4.877010e-01
3475,180.184,4.895100e-01
3500,180.184,4.914150e-01
3525,180.184,4.934160e-01
3550,180.184,4.955100e-01
3575,180.184,4.976960e-01
3600,180.184,4.999700e-01
3625,180.184,5.023260e-01
3650,180.184,5.047600e-01
3675,180.184,5.072650e-01
3700,180.184,5.098330e-01
3725,180.184,5.124540e-01
3750,180.184,5.151210e-01
3775,180.184,5.178210e-01
3800,180.184,5.205440e-01
3825,180.184,5.232780e-01
3850,180.184,5.260120e-01
3875,180.184,5.287350e-01
3900,180.184,5.314350e-01
3925,180.184,5.341040e-01
3950,180.184,5.367300e-01
3975,180.184,5.393070e-01
4000,180.184,5.418270e-01
4025,180.184,5.442860e-01
4050,180.184,5.466790e-01
4075,180.184,5.490050e-01
4100,180.184,5.512610e-01
4125,180.184,5.534480e-01
4150,180.184,5.555670e-01
4175,180.184,5.576200e-01
4200,180.184,5.596110e-01
4225,180.184,5.615430e-01
4250,180.184,5.634200e-01
4275,180.184,5.652460e-01
4300,180.184,5.670270e-01
4325,180.184,5.687670e-01
4350,180.184,5.704730e-01
4375,180.184,5.721480e-01
4400,180.184,5.738000e-01
4425,180.184,5.754330e-01
4450,180.184,5.770520e-01
4475,180.184,5.786650e-01
4500,180.184,5.802750e-01
4525,180.184,5.818900e-01
4550,180.184,5.835130e-01
4575,180.184,5.851520e-01
4600,180.184,5.868110e-01
4625,180.184,5.884960e-01
4650,180.184,5.902130e-01
4675,180.184,5.919690e-01
4700,180.184,5.937670e-01
4725,180.184,5.956150e-01
4750,180.184,5.975180e-01
4775,180.184,5.994820e-01
4800,180.184,6.015130e-01
4825,180.184,6.036180e-01
4850,180.184,6.058020e-01
4875,180.184,6.080710e-01
4900,180.184,6.104330e-01
4925,180.184,6.128930e-01
4950,180.184,6.154590e-01
4975,180.184,6.181360e-01
5000,180.184,6.209330e-01
300,320.418,4.656580e-01
325,320.418,4.656580e-01
350,320.418,4.656580e-01
375,320.418,4.656580e-01
400,320.418,4.656580e-01
425,320.418,4.656580e-01
450,320.418,4.656580e-01
475,320.418,4.656580e-01
500,320.418,4.656580e-01
525,320.418,4.656580e-01
550,320.418,4.656580e-01
575,320.418,4.656580e-01
600,320.418,4.656580e-01
625,320.418,4.656580e-01
650,320.418,4.656580e-01
675,320.418,4.656580e-01
700,320.418,4.656580e-01
725,320.418,4.656580e-01
750,320.418,4.656580e-01
775,320.418,4.656580e-01
800,320.418,4.656580e-01
825,320.418,4.656580e-01
850,320.418,4.656580e-01
875,320.418,4.656580e-01
900,320.418,4.656580e-01
925,320.418,4.656580e-01
950,320.418,4.656580e-01
975,320.418,4.656580e-01
1000,320.418,4.656580e-01
1025,320.418,4.656580e-01
1050,320.418,4.656580e-01
1075,320.418,4.656580e-01
1100,320.418,4.656580e-01
1125,320.418,4.656580e-01
1150,320.418,4.656580e-01
1175,320.418,4.656580e-01
1200,320.418,4.656580e-01
1225,320.418,4.656580e-01
1250,320.418,4.656580e-01
1275,320.418,4.656580e-01
1300,320.418,4.656580e-01
1325,320.418,4.656580e-01
1350,320.418,4.656580e-01
1375,320.418,4.656580e-01
1400,320.418,4.656580e-01
1425,320.418,4.656580e-01
1450,320.418,4.656580e-01
1475,320.418,4.656580e-01
1500,320.418,4.656580e-01
1525,320.418,4.656580e-01
1550,320.418,4.656580e-01
1575,320.418,4.656580e-01
1600,320.418,4.656580e-01
1625,320.418,4.656580e-01
1650,320.418,4.656580e-01
1675,320.418,4.656580e-01
1700,320.418,4.656580e-01
1725,320.418,4.656580e-01
1750,320.418,4.656580e-01
1775,320.418,4.656580e-01
1800,320.418,4.656580e-01
1825,320.418,4.656580e-01
1850,320.418,4.656580e-01
1875,320.418,4.656580e-01
1900,320.418,4.656580e-01
1925,320.418,4.656580e-01
1950,320.418,4.656580e-01
1975,320.418,4.656580e-01
2000,320.418,4.656580e-01
2025,320.418,4.656580e-01
2050,320.418,4.656580e-01
2075,320.418,4.656580e-01
2100,320.418,4.656580e-01
2125,320.418,4.656590e-01
2150,320.418,4.656590e-01
2175,320.418,4.656600e-01
2200,320.418,4.656610e-01
2225,320.418,4.656620e-01
2250,320.418,4.656640e-01
2275,320.418,4.656670e-01
2300,320.418,4.656700e-01
2325,320.418,4.656740e-01
2350,320.418,4.656790e-01
2375,320.418,4.656850e-01
2400,320.418,4.656930e-01
2425,320.418,4.657020e-01
2450,320.418,4.657140e-01
2475,320.418,4.657280e-01
2500,320.418,4.657450e-01
2525,320.418,4.657650e-01
2550,320.418,4.657900e-01
2575,320.418,4.658180e-01
2600,320.418,4.658520e-01
2625,320.418,4.658920e-01
2650,320.418,4.659380e-01
2675,320.418,4.659920e-01
2700,320.418,4.660550e-01
2725,320.418,4.661270e-01
2750,320.418,4.662100e-01
2775,320.418,4.663060e-01
2800,320.418,4.664140e-01
2825,320.418,4.665380e-01
2850,320.418,4.666790e-01
2875,320.418,4.668380e-01
2900,320.418,4.670160e-01
2925,320.418,4.672040e-01
2950,320.418,4.674130e-01
2975,320.418,4.676450e-01
3000,320.418,4.679030e-01
3025,320.418,4.681870e-01
3050,320.418,4.685010e-01
3075,320.418,4.688470e-01
3100,320.418,4.692260e-01
3125,320.418,4.696410e-01
3150,320.418,4.700960e-01
3175,320.418,4.705920e-01
3200,320.418,4.711310e-01
3225,320.418,4.717180e-01
3250,320.418,4.723540e-01
3275,320.418,4.730420e-01
3300,320.418,4.737850e-01
3325,320.418,4.745850e-01
3350,320.418,4.754470e-01
3375,320.418,4.763710e-01
3400,320.418,4.773620e-01
3425,320.418,4.784200e-01
3450,320.418,4.795500e-01
3475,320.418,4.807520e-01
3500,320.418,4.820290e-01
3525,320.418,4.833830e-01
3550,320.418,4.848150e-01
3575,320.418,4.863260e-01
3600,320.418,4.879160e-01
3625,320.418,4.895870e-01
3650,320.418,4.913360e-01
3675,320.418,4.931650e-01
3700,320.418,4.950700e-01
3725,320.418,4.970490e-01
3750,320.418,4.991000e-01
3775,320.418,5.012180e-01
3800,320.418,5.033990e-01
3825,320.418,5.056380e-01
3850,320.418,5.079270e-01
3875,320.418,5.102600e-01
3900,320.418,5.126290e-01
3925,320.418,5.150250e-01
3950,320.418,5.174400e-01
3975,320.418,5.198640e-01
4000,320.418,5.222880e-01
4025,320.418,5.247020e-01
4050,320.418,5.270970e-01
4075,320.418,5.294640e-01
4100,320.418,5.317960e-01
4125,320.418,5.340840e-01
4150,320.418,5.363220e-01
4175,320.418,5.385050e-01
4200,320.418,5.406290e-01
4225,320.418,5.426900e-01
4250,320.418,5.446870e-01
4275,320.418,5.466200e-01
4300,320.418,5.484880e-01
4325,320.418,5.502920e-01
4350,320.418,5.520360e-01
4375,320.418,5.537210e-01
4400,320.418,5.553510e-01
4425,320.418,5.569300e-01
4450,320.418,5.584610e-01
4475,320.418,5.599510e-01
4500,320.418,5.614030e-01
4525,320.418,5.628210e-01
4550,320.418,5.642120e-01
4575,320.418,5.655800e-01
4600,320.418,5.669310e-01
4625,320.418,5.682680e-01
4650,320.418,5.695980e-01
4675,320.418,5.709240e-01
4700,320.418,5.722540e-01
4725,320.418,5.735900e-01
4750,320.418,5.749390e-01
4775,320.418,5.763040e-01
4800,320.418,5.776920e-01
4825,320.418,5.791060e-01
4850,320.418,5.805530e-01
4875,320.418,5.820360e-01
4900,320.418,5.835600e-01
4925,320.418,5.851310e-01
4950,320.418,5.867530e-01
4975,320.418,5.884320e-01
5000,320.418,5.901710e-01
300,569.792,4.656580e-01
325,569.792,4.656580e-01
350,569.792,4.656580e-01
375,569.792,4.656580e-01
400,569.792,4.656580e-01
425,569.792,4.656580e-01
450,569.792,4.656580e-01
475,569.792,4.656580e-01
500,569.792,4.656580e-01
525,569.792,4.656580e-01
550,569.792,4.656580e-01
575,569.792,4.656580e-01
600,569.792,4.656580e-01
625,569.792,4.656580e-01
650,569.792,4.656580e-01
675,569.792,4.656580e-01
700,569.792,4.656580e-01
725,569.792,4.656580e-01
750,569.792,4.656580e-01
775,569.792,4.656580e-01
800,569.792,4.656580e-01
825,569.792,4.656580e-01
850,569.792,4.656580e-01
875,569.792,4.656580e-01
900,569.792,4.656580e-01
925,569.792,4.656580e-01
950,569.792,4.656580e-01
975,569.792,4.656580e-01
1000,569.792,4.656580e-01
1025,569.792,4.656580e-01
1050,569.792,4.656580e-01
1075,569.792,4.656580e-01
1100,569.792,4.656580e-01
1125,569.792,4.656580e-01
1150,569.792,4.656580e-01
1175,569.792,4.656580e-01
1200,569.792,4.656580e-01
1225,569.792,4.656580e-01
1250,569.792,4.656580e-01
1275,569.792,4.656580e-01
1300,569.792,4.656580e-01
1325,569.792,4.656580e-01
1350,569.792,4.656580e-01
1375,569.792,4.656580e-01
1400,569.792,4.656580e-01
1425,569.792,4.656580e-01
1450,569.792,4.656580e-01
1475,569.792,4.656580e-01
1500,569.792,4.656580e-01
1525,569.792,4.656580e-01
1550,569.792,4.656580e-01
1575,569.792,4.656580e-01
1600,569.792,4.656580e-01
1625,569.792,4.656580e-01
1650,569.792,4.656580e-01
1675,569.792,4.656580e-01
1700,569.792,4.656580e-01
1725,569.792,4.656580e-01
1750,569.792,4.656580e-01
1775,569.792,4.656580e-01
1800,569.792,4.656580e-01
1825,569.792,4.656580e-01
1850,569.792,4.656580e-01
1875,569.792,4.656580e-01
1900,569.792,4.656580e-01
1925,569.792,4.656580e-01
1950,569.792,4.656580e-01
1975,569.792,4.656580e-01
2000,569.792,4.656580e-01
2025,569.792,4.656580e-01
2050,569.792,4.656580e-01
2075,569.792,4.656580e-01
2100,569.792,4.656570e-01
2125,569.792,4.656580e-01
2150,569.792,4.656580e-01
2175,569.792,4.656580e-01
2200,569.792,4.656580e-01
2225,569.792,4.656590e-01
2250,569.792,4.656590e-01
2275,569.792,4.656600e-01
2300,569.792,4.656620e-01
2325,569.792,4.656640e-01
2350,569.792,4.656660e-01
2375,569.792,4.656690e-01
2400,569.792,4.656730e-01
2425,569.792,4.656780e-01
2450,569.792,4.656840e-01
2475,569.792,4.656910e-01
2500,569.792,4.657000e-01
2525,569.792,4.657110e-01
2550,569.792,4.657240e-01
2575,569.792,4.657400e-01
2600,569.792,4.657590e-01
2625,569.792,4.657810e-01
2650,569.792,4.658070e-01
2675,569.792,4.658380e-01
2700,569.792,4.658740e-01
2725,569.792,4.659150e-01
2750,569.792,4.659630e-01
2775,569.792,4.660180e-01
2800,569.792,4.660810e-01
2825,569.792,4.661540e-01
2850,569.792,4.662360e-01
2875,569.792,4.663300e-01
2900,569.792,4.664350e-01
2925,569.792,4.665450e-01
2950,569.792,4.666680e-01
2975,569.792,4.668050e-01
3000,569.792,4.669570e-01
3025,569.792,4.671260e-01
3050,569.792,4.673130e-01
3075,569.792,4.675190e-01
3100,569.792,4.677460e-01
3125,569.792,4.679950e-01
3150,569.792,4.682680e-01
3175,569.792,4.685670e-01
3200,569.792,4.688930e-01
3225,569.792,4.692490e-01
3250,569.792,4.696350e-01
3275,569.792,4.700550e-01
3300,569.792,4.705100e-01
3325,569.792,4.710010e-01
3350,569.792,4.715320e-01
3375,569.792,4.721040e-01
3400,569.792,4.727190e-01
3425,569.792,4.733800e-01
3450,569.792,4.740880e-01
3475,569.792,4.748450e-01
3500,569.792,4.756540e-01
3525,569.792,4.765160e-01
3550,569.792,4.774330e-01
3575,569.792,4.784070e-01
3600,569.792,4.794400e-01
3625,569.792,4.805340e-01
3650,569.792,4.816890e-01
3675,569.792,4.829060e-01
3700,569.792,4.841870e-01
3725,569.792,4.855320e-01
3750,569.792,4.869420e-01
3775,569.792,4.884160e-01
3800,569.792,4.899550e-01
3825,569.792,4.915560e-01
3850,569.792,4.932190e-01
3875,569.792,4.949420e-01
3900,569.792,4.967230e-01
3925,569.792,4.985580e-01
3950,569.792,5.004440e-01
3975,569.792,5.023780e-01
4000,569.792,5.043530e-01
4025,569.792,5.063660e-01
4050,569.792,5.084090e-01
4075,569.792,5.104780e-01
4100,569.792,5.125640e-01
4125,569.792,5.146600e-01
4150,569.792,5.167590e-01
4175,569.792,5.188540e-01
4200,569.792,5.209360e-01
4225,569.792,5.229990e-01
4250,569.792,5.250350e-01
4275,569.792,5.270370e-01
4300,569.792,5.289990e-01
4325,569.792,5.309150e-01
4350,569.792,5.327820e-01
4375,569.792,5.345950e-01
4400,569.792,5.363520e-01
4425,569.792,5.380500e-01
4450,569.792,5.396890e-01
4475,569.792,5.412690e-01
4500,569.792,5.427900e-01
4525,569.792,5.442550e-01
4550,569.792,5.456650e-01
4575,569.792,5.470230e-01
4600,569.792,5.483330e-01
4625,569.792,5.495980e-01
4650,569.792,5.508220e-01
4675,569.792,5.520090e-01
4700,569.792,5.531630e-01
4725,569.792,5.542890e-01
4750,569.792,5.553920e-01
4775,569.792,5.564760e-01
4800,569.792,5.575450e-01
4825,569.792,5.586050e-01
4850,569.792,5.596590e-01
4875,569.792,5.607110e-01
4900,569.792,5.617680e-01
4925,569.792,5.628320e-01
4950,569.792,5.639080e-01
4975,569.792,5.650000e-01
5000,569.792,5.661130e-01
300,1013.25,4.656580e-01
325,1013.25,4.656580e-01
350,1013.25,4.656580e-01
375,1013.25,4.656580e-01
400,1013.25,4.656580e-01
425,1013.25,4.656580e-01
450,1013.25,4.656580e-01
475,1013.25,4.656580e-01
500,1013.25,4.656580e-01
525,1013.25,4.656580e-01
550,1013.25,4.656580e-01
575,1013.25,4.656580e-01
600,1013.25,4.656580e-01
625,1013.25,4.656580e-01
650,1013.25,4.656580e-01
675,1013.25,4.656580e-01
700,1013.25,4.656580e-01
725,1013.25,4.656580e-01
750,1013.25,4.656580e-01
775,1013.25,4.656580e-01
800,1013.25,4.656580e-01
825,1013.25,4.656580e-01
850,1013.25,4.656580e-01
875,1013.25,4.656580e-01
900,1013.25,4.656580e-01
925,1013.25,4.656580e-01
950,1013.25,4.656580e-01
975,1013.25,4.656580e-01
1000,1013.25,4.656580e-01
1025,1013.25,4.656580e-01
1050,1013.25,4.656580e-01
1075,1013.25,4.656580e-01
1100,1013.25,4.656580e-01
1125,1013.25,4.656580e-01
1150,1013.25,4.656580e-01
1175,1013.25,4.656580e-01
1200,1013.25,4.656580e-01
1225,1013.25,4.656580e-01
1250,1013.25,4.656580e-01
1275,1013.25,4.656580e-01
1300,1013.25,4.656580e-01
1325,1013.25,4.656580e-01
1350,1013.25,4.656580e-01
1375,1013.25,4.656580e-01
1400,1013.25,4.656580e-01
1425,1013.25,4.656580e-01
1450,1013.25,4.656580e-01
1475,1013.25,4.656580e-01
1500,1013.25,4.656580e-01
1525,1013.25,4.656580e-01
1550,1013.25,4.656580e-01
1575,1013.25,4.656580e-01
1600,1013.25,4.656580e-01
1625,1013.25,4.656580e-01
1650,1013.25,4.656580e-01
1675,1013.25,4.656580e-01
1700,1013.25,4.656580e-01
1725,1013.25,4.656580e-01
1750,1013.25,4.656580e-01
1775,1013.25,4.656580e-01
1800,1013.25,4.656580e-01
1825,1013.25,4.656580e-01
1850,1013.25,4.656580e-01
1875,1013.25,4.656580e-01
1900,1013.25,4.656580e-01
1925,1013.25,4.656580e-01
1950,1013.25,4.656580e-01
1975,1013.25,4.656580e-01
2000,1013.25,4.656580e-01
2025,1013.25,4.656580e-01
2050,1013.25,4.656570e-01
2075,1013.25,4.656570e-01
2100,1013.25,4.656570e-01
2125,1013.25,4.656570e-01
2150,1013.25,4.656570e-01
2175,1013.25,4.656570e-01
2200,1013.25,4.656570e-01
2225,1013.25,4.656570e-01
2250,1013.25,4.656570e-01
2275,1013.25,4.656570e-01
2300,1013.25,4.656580e-01
2325,1013.25,4.656580e-01
2350,1013.25,4.656590e-01
2375,1013.25,4.656600e-01
2400,1013.25,4.656620e-01
2425,1013.25,4.656640e-01
2450,1013.25,4.656670e-01
2475,1013.25,4.656700e-01
2500,1013.25,4.656740e-01
2525,1013.25,4.656800e-01
2550,1013.25,4.656860e-01
2575,1013.25,4.656940e-01
2600,1013.25,4.657040e-01
2625,1013.25,4.657160e-01
2650,1013.25,4.657290e-01
2675,1013.25,4.657460e-01
2700,1013.25,4.657650e-01
2725,1013.25,4.657870e-01
2750,1013.25,4.658140e-01
2775,1013.25,4.658440e-01
2800,1013.25,4.658790e-01
2825,1013.25,4.659200e-01
2850,1013.25,4.659660e-01
2875,1013.25,4.660190e-01
2900,1013.25,4.660790e-01
2925,1013.25,4.661400e-01
2950,1013.25,4.662100e-01
2975,1013.25,4.662870e-01
3000,1013.25,4.663740e-01
3025,1013.25,4.664700e-01
3050,1013.25,4.665770e-01
3075,1013.25,4.666950e-01
3100,1013.25,4.668250e-01
3125,1013.25,4.669680e-01
3150,1013.25,4.671260e-01
3175,1013.25,4.672990e-01
3200,1013.25,4.674890e-01
3225,1013.25,4.676960e-01
3250,1013.25,4.679220e-01
3275,1013.25,4.681680e-01
3300,1013.25,4.684350e-01
3325,1013.25,4.687250e-01
3350,1013.25,4.690390e-01
3375,1013.25,4.693780e-01
3400,1013.25,4.697430e-01
3425,1013.25,4.701370e-01
3450,1013.25,4.705610e-01
3475,1013.25,4.710160e-01
3500,1013.25,4.715030e-01
3525,1013.25,4.720250e-01
3550,1013.25,4.725820e-01
3575,1013.25,4.731770e-01
3600,1013.25,4.738100e-01
3625,1013.25,4.744830e-01
3650,1013.25,4.751980e-01
3675,1013.25,4.759550e-01
3700,1013.25,4.767570e-01
3725,1013.25,4.776040e-01
3750,1013.25,4.784980e-01
3775,1013.25,4.794390e-01
3800,1013.25,4.804290e-01
3825,1013.25,4.814680e-01
3850,1013.25,4.825560e-01
3875,1013.25,4.836950e-01
3900,1013.25,4.848850e-01
3925,1013.25,4.861240e-01
3950,1013.25,4.874140e-01
3975,1013.25,4.887530e-01
4000,1013.25,4.901410e-01
4025,1013.25,4.915760e-01
4050,1013.25,4.930560e-01
4075,1013.25,4.945810e-01
4100,1013.25,4.961460e-01
4125,1013.25,4.977500e-01
4150,1013.25,4.993890e-01
4175,1013.25,5.010600e-01
4200,1013.25,5.027590e-01
4225,1013.25,5.044800e-01
4250,1013.25,5.062190e-01
4275,1013.25,5.079710e-01
4300,1013.25,5.097300e-01
4325,1013.25,5.114910e-01
4350,1013.25,5.132480e-01
4375,1013.25,5.149940e-01
4400,1013.25,5.167240e-01
4425,1013.25,5.184310e-01
4450,1013.25,5.201110e-01
4475,1013.25,5.217580e-01
4500,1013.25,5.233680e-01
4525,1013.25,5.249350e-01
4550,1013.25,5.264570e-01
4575,1013.25,5.279310e-01
4600,1013.25,5.293540e-01
4625,1013.25,5.307250e-01
4650,1013.25,5.320430e-01
4675,1013.25,5.333090e-01
4700,1013.25,5.345230e-01
4725,1013.25,5.356860e-01
4750,1013.25,5.368010e-01
4775,1013.25,5.378690e-01
4800,1013.25,5.388940e-01
4825,1013.25,5.398780e-01
4850,1013.25,5.408260e-01
4875,1013.25,5.417410e-01
4900,1013.25,5.426260e-01
4925,1013.25,5.434850e-01
4950,1013.25,5.443230e-01
4975,1013.25,5.451440e-01
5000,1013.25,5.459510e-01
