Tw_K,P_bar,hw_Jkg
300,0.00101325,1.923390e+03
325,0.00101325,2.792160e+04
350,0.00101325,5.393720e+04
375,0.00101325,7.997940e+04
400,0.00101325,1.060590e+05
425,0.00101325,1.321880e+05
450,0.00101325,1.583790e+05
475,0.00101325,1.846450e+05
500,0.00101325,2.109980e+05
525,0.00101325,2.374480e+05
550,0.00101325,2.640080e+05
575,0.00101325,2.906850e+05
600,0.00101325,3.174900e+05
625,0.00101325,3.444280e+05
650,0.00101325,3.715060e+05
675,0.00101325,3.987290e+05
700,0.00101325,4.260990e+05
725,0.00101325,4.536200e+05
750,0.00101325,4.812930e+05
775,0.00101325,5.091190e+05
800,0.00101325,5.370960e+05
825,0.00101325,5.652230e+05
850,0.00101325,5.935000e+05
875,0.00101325,6.219230e+05
900,0.00101325,6.504900e+05
925,0.00101325,6.791980e+05
950,0.00101325,7.080450e+05
975,0.00101325,7.370260e+05
1000,0.00101325,7.661400e+05
1025,0.00101325,7.953830e+05
1050,0.00101325,8.247510e+05
1075,0.00101325,8.542410e+05
1100,0.00101325,8.838490e+05
1125,0.00101325,9.135720e+05
1150,0.00101325,9.434060e+05
1175,0.00101325,9.733470e+05
1200,0.00101325,1.003390e+06
1225,0.00101325,1.033540e+06
1250,0.00101325,1.063780e+06
1275,0.00101325,1.094120e+06
1300,0.00101325,1.124550e+06
1325,0.00101325,1.155060e+06
1350,0.00101325,1.185660e+06
1375,0.00101325,1.216340e+06
1400,0.00101325,1.247080e+06
1425,0.00101325,1.277870e+06
1450,0.00101325,1.308670e+06
1475,0.00101325,1.339450e+06
1500,0.00101325,1.370070e+06
1525,0.00101325,1.400360e+06
1550,0.00101325,1.429960e+06
1575,0.00101325,1.458260e+06
1600,0.00101325,1.484190e+06
1625,0.00101325,1.505900e+06
1650,0.00101325,1.520360e+06
1675,0.00101325,1.522590e+06
1700,0.00101325,1.504830e+06
1725,0.00101325,1.455440e+06
1750,0.00101325,1.358150e+06
1775,0.00101325,1.192660e+06
1800,0.00101325,9.380620e+05
1825,0.00101325,5.806100e+05
1850,0.00101325,1.244820e+05
1875,0.00101325,-1.853200e+05
1900,0.00101325,-1.034590e+05
1925,0.00101325,-2.087060e+04
1950,0.00101325,6.106960e+04
1975,0.00101325,1.411050e+05
2000,0.00101325,2.182920e+05
2025,0.00101325,2.921240e+05
2050,0.00101325,3.625620e+05
2075,0.00101325,4.299580e+05
2100,0.00101325,4.949290e+05
2125,0.00101325,5.582130e+05
2150,0.00101325,6.205610e+05
2175,0.00101325,6.826590e+05
2200,0.00101325,7.450960e+05
2225,0.00101325,8.083510e+05
2250,0.00101325,8.728010e+05
2275,0.00101325,9.387350e+05
2300,0.00101325,1.006380e+06
2325,0.00101325,1.075900e+06
2350,0.00101325,1.147450e+06
2375,0.00101325,1.221170e+06
2400,0.00101325,1.297190e+06
2425,0.00101325,1.375680e+06
2450,0.00101325,1.456850e+06
2475,0.00101325,1.540930e+06
2500,0.00101325,1.628220e+06
2525,0.00101325,1.719080e+06
2550,0.00101325,1.813910e+06
2575,0.00101325,1.913180e+06
2600,0.00101325,2.017380e+06
2625,0.00101325,2.127060e+06
2650,0.00101325,2.242780e+06
2675,0.00101325,2.365110e+06
2700,0.00101325,2.494580e+06
2725,0.00101325,2.631710e+06
2750,0.00101325,2.776930e+06
2775,0.00101325,2.930600e+06
2800,0.00101325,3.092940e+06
2825,0.00101325,3.264070e+06
2850,0.00101325,3.443950e+06
2875,0.00101325,3.632410e+06
2900,0.00101325,3.828790e+06
2925,0.00101325,4.030830e+06
2950,0.00101325,4.239220e+06
2975,0.00101325,4.453180e+06
3000,0.00101325,4.671890e+06
3025,0.00101325,4.894580e+06
3050,0.00101325,5.120470e+06
3075,0.00101325,5.348820e+06
3100,0.00101325,5.578900e+06
3125,0.00101325,5.809880e+06
3150,0.00101325,6.040890e+06
3175,0.00101325,6.270860e+06
3200,0.00101325,6.498580e+06
3225,0.00101325,6.722690e+06
3250,0.00101325,6.941660e+06
3275,0.00101325,7.153920e+06
3300,0.00101325,7.357770e+06
3325,0.00101325,7.550670e+06
3350,0.00101325,7.561810e+06
3375,0.00101325,7.571660e+06
3400,0.00101325,7.581590e+06
3425,0.00101325,7.591570e+06
3450,0.00101325,7.601610e+06
3475,0.00101325,7.611690e+06
3500,0.00101325,7.621810e+06
3525,0.00101325,7.631980e+06
3550,0.00101325,7.642190e+06
3575,0.00101325,7.652450e+06
3600,0.00101325,7.662780e+06
3625,0.00101325,7.673160e+06
3650,0.00101325,7.683630e+06
3675,0.00101325,7.694180e+06
3700,0.00101325,7.704830e+06
3725,0.00101325,7.715580e+06
3750,0.00101325,7.726460e+06
3775,0.00101325,7.737460e+06
3800,0.00101325,7.748610e+06
3825,0.00101325,7.759900e+06
3850,0.00101325,7.771350e+06
3875,0.00101325,7.782970e+06
3900,0.00101325,7.794760e+06
3925,0.00101325,7.806740e+06
3950,0.00101325,7.818910e+06
3975,0.00101325,7.831270e+06
4000,0.00101325,7.843830e+06
4025,0.00101325,7.856590e+06
4050,0.00101325,7.869560e+06
4075,0.00101325,7.882730e+06
4100,0.00101325,7.896110e+06
4125,0.00101325,7.909690e+06
4150,0.00101325,7.923460e+06
4175,0.00101325,7.937420e+06
4200,0.00101325,7.951570e+06
4225,0.00101325,7.965890e+06
4250,0.00101325,7.980370e+06
4275,0.00101325,7.995000e+06
4300,0.00101325,8.009770e+06
4325,0.00101325,8.024650e+06
4350,0.00101325,8.039630e+06
4375,0.00101325,8.054700e+06
4400,0.00101325,8.069830e+06
4425,0.00101325,8.085010e+06
4450,0.00101325,8.100220e+06
4475,0.00101325,8.115440e+06
4500,0.00101325,8.130650e+06
4525,0.00101325,8.145840e+06
4550,0.00101325,8.161000e+06
4575,0.00101325,8.176120e+06
4600,0.00101325,8.191180e+06
4625,0.00101325,8.206180e+06
4650,0.00101325,8.221120e+06
4675,0.00101325,8.236000e+06
4700,0.00101325,8.250810e+06
4725,0.00101325,8.265560e+06
4750,0.00101325,8.280250e+06
4775,0.00101325,8.294880e+06
4800,0.00101325,8.309470e+06
4825,0.00101325,8.324020e+06
4850,0.00101325,8.338540e+06
4875,0.00101325,8.353030e+06
4900,0.00101325,8.367500e+06
4925,0.00101325,8.381970e+06
4950,0.00101325,8.396440e+06
4975,0.00101325,8.410910e+06
5000,0.00101325,8.425390e+06
300,0.00180184,1.923390e+03
325,0.00180184,2.792160e+04
350,0.00180184,5.393720e+04
375,0.00180184,7.997940e+04
400,0.00180184,1.060590e+05
425,0.00180184,1.321880e+05
450,0.00180184,1.583790e+05
475,0.00180184,1.846450e+05
500,0.00180184,2.109980e+05
525,0.00180184,2.374480e+05
550,0.00180184,2.640080e+05
575,0.00180184,2.906850e+05
600,0.00180184,3.174900e+05
625,0.00180184,3.444280e+05
650,0.00180184,3.715060e+05
675,0.00180184,3.987290e+05
700,0.00180184,4.260990e+05
725,0.00180184,4.536200e+05
750,0.00180184,4.812930e+05
775,0.00180184,5.091190e+05
800,0.00180184,5.370960e+05
825,0.00180184,5.652230e+05
850,0.00180184,5.935000e+05
875,0.00180184,6.219230e+05
900,0.00180184,6.504900e+05
925,0.00180184,6.791980e+05
950,0.00180184,7.080450e+05
975,0.00180184,7.370260e+05
1000,0.00180184,7.661400e+05
1025,0.00180184,7.953830e+05
1050,0.00180184,8.247510e+05
1075,0.00180184,8.542410e+05
1100,0.00180184,8.838490e+05
1125,0.00180184,9.135720e+05
1150,0.00180184,9.434060e+05
1175,0.00180184,9.733470e+05
1200,0.00180184,1.003390e+06
1225,0.00180184,1.033540e+06
1250,0.00180184,1.063780e+06
1275,0.00180184,1.094120e+06
1300,0.00180184,1.124550e+06
1325,0.00180184,1.155070e+06
1350,0.00180184,1.185670e+06
1375,0.00180184,1.216340e+06
1400,0.00180184,1.247100e+06
1425,0.00180184,1.277910e+06
1450,0.00180184,1.308770e+06
1475,0.00180184,1.339630e+06
1500,0.00180184,1.370450e+06
1525,0.00180184,1.401100e+06
1550,0.00180184,1.431400e+06
1575,0.00180184,1.460990e+06
1600,0.00180184,1.489270e+06
1625,0.00180184,1.515200e+06
1650,0.00180184,1.537030e+06
1675,0.00180184,1.551910e+06
1700,0.00180184,1.555240e+06
1725,0.00180184,1.539940e+06
1750,0.00180184,1.495460e+06
1775,0.00180184,1.407160e+06
1800,0.00180184,1.256630e+06
1825,0.00180184,1.024290e+06
1850,0.00180184,6.956360e+05
1875,0.00180184,2.704140e+05
1900,0.00180184,-1.992470e+05
1925,0.00180184,-1.200430e+05
1950,0.00180184,-3.909190e+04
1975,0.00180184,4.241830e+04
2000,0.00180184,1.232590e+05
2025,0.00180184,2.023270e+05
2050,0.00180184,2.788010e+05
2075,0.00180184,3.522420e+05
2100,0.00180184,4.226090e+05
2125,0.00180184,4.901990e+05
2150,0.00180184,5.555410e+05
2175,0.00180184,6.192740e+05
2200,0.00180184,6.820590e+05
2225,0.00180184,7.445080e+05
2250,0.00180184,8.071530e+05
2275,0.00180184,8.704320e+05
2300,0.00180184,9.346980e+05
2325,0.00180184,1.000230e+06
2350,0.00180184,1.067240e+06
2375,0.00180184,1.135900e+06
2400,0.00180184,1.206380e+06
2425,0.00180184,1.278790e+06
2450,0.00180184,1.353310e+06
2475,0.00180184,1.430070e+06
2500,0.00180184,1.509290e+06
2525,0.00180184,1.591190e+06
2550,0.00180184,1.676040e+06
2575,0.00180184,1.764160e+06
2600,0.00180184,1.855910e+06
2625,0.00180184,1.951680e+06
2650,0.00180184,2.051920e+06
2675,0.00180184,2.157090e+06
2700,0.00180184,2.267670e+06
2725,0.00180184,2.384140e+06
2750,0.00180184,2.506950e+06
2775,0.00180184,2.636530e+06
2800,0.00180184,2.773250e+06
2825,0.00180184,2.917420e+06
2850,0.00180184,3.069250e+06
2875,0.00180184,3.228830e+06
2900,0.00180184,3.395960e+06
2925,0.00180184,3.569430e+06
2950,0.00180184,3.749760e+06
2975,0.00180184,3.936440e+06
3000,0.00180184,4.128890e+06
3025,0.00180184,4.326470e+06
3050,0.00180184,4.528520e+06
3075,0.00180184,4.734370e+06
3100,0.00180184,4.943400e+06
3125,0.00180184,5.155020e+06
3150,0.00180184,5.368690e+06
3175,0.00180184,5.583840e+06
3200,0.00180184,5.799900e+06
3225,0.00180184,6.016180e+06
3250,0.00180184,6.231900e+06
3275,0.00180184,6.446100e+06
3300,0.00180184,6.657690e+06
3325,0.00180184,6.865450e+06
3350,0.00180184,7.068040e+06
3375,0.00180184,7.264070e+06
3400,0.00180184,7.451940e+06
3425,0.00180184,7.585040e+06
3450,0.00180184,7.595070e+06
3475,0.00180184,7.605190e+06
3500,0.00180184,7.615380e+06
3525,0.00180184,7.625650e+06
3550,0.00180184,7.635980e+06
3575,0.00180184,7.646370e+06
3600,0.00180184,7.656810e+06
3625,0.00180184,7.667310e+06
3650,0.00180184,7.677880e+06
3675,0.00180184,7.688510e+06
3700,0.00180184,7.699210e+06
3725,0.00180184,7.709980e+06
3750,0.00180184,7.720850e+06
3775,0.00180184,7.731810e+06
3800,0.00180184,7.742870e+06
3825,0.00180184,7.754040e+06
3850,0.00180184,7.765340e+06
3875,0.00180184,7.776770e+06
3900,0.00180184,7.788340e+06
3925,0.00180184,7.800060e+06
3950,0.00180184,7.811940e+06
3975,0.00180184,7.823980e+06
4000,0.00180184,7.836190e+06
4025,0.00180184,7.848580e+06
4050,0.00180184,7.861160e+06
4075,0.00180184,7.873920e+06
4100,0.00180184,7.886870e+06
4125,0.00180184,7.900010e+06
4150,0.00180184,7.913350e+06
4175,0.00180184,7.926880e+06
4200,0.00180184,7.940610e+06
4225,0.00180184,7.954520e+06
4250,0.00180184,7.968610e+06
4275,0.00180184,7.982880e+06
4300,0.00180184,7.997330e+06
4325,0.00180184,8.011930e+06
4350,0.00180184,8.026680e+06
4375,0.00180184,8.041570e+06
4400,0.00180184,8.056590e+06
4425,0.00180184,8.071720e+06
4450,0.00180184,8.086940e+06
4475,0.00180184,8.102240e+06
4500,0.00180184,8.117610e+06
4525,0.00180184,8.133020e+06
4550,0.00180184,8.148460e+06
4575,0.00180184,8.163920e+06
4600,0.00180184,8.179380e+06
4625,0.00180184,8.194830e+06
4650,0.00180184,8.210260e+06
4675,0.00180184,8.225650e+06
4700,0.00180184,8.241000e+06
4725,0.00180184,8.256310e+06
4750,0.00180184,8.271560e+06
4775,0.00180184,8.286760e+06
4800,0.00180184,8.301900e+06
4825,0.00180184,8.317000e+06
4850,0.00180184,8.332040e+06
4875,0.00180184,8.347040e+06
4900,0.00180184,8.362000e+06
4925,0.00180184,8.376920e+06
4950,0.00180184,8.391810e+06
4975,0.00180184,8.406680e+06
5000,0.00180184,8.421540e+06
300,0.00320418,1.923390e+03
325,0.00320418,2.792160e+04
350,0.00320418,5.393720e+04
375,0.00320418,7.997940e+04
400,0.00320418,1.060590e+05
425,0.00320418,1.321880e+05
450,0.00320418,1.583790e+05
475,0.00320418,1.846450e+05
500,0.00320418,2.109980e+05
525,0.00320418,2.374480e+05
550,0.00320418,2.640080e+05
575,0.00320418,2.906850e+05
600,0.00320418,3.174900e+05
625,0.00320418,3.444280e+05
650,0.00320418,3.715060e+05
675,0.00320418,3.987290e+05
700,0.00320418,4.260990e+05
725,0.00320418,4.536200e+05
750,0.00320418,4.812930e+05
775,0.00320418,5.091190e+05
800,0.00320418,5.370960e+05
825,0.00320418,5.652230e+05
850,0.00320418,5.935000e+05
875,0.00320418,6.219230e+05
900,0.00320418,6.504900e+05
925,0.00320418,6.791980e+05
950,0.00320418,7.080450e+05
975,0.00320418,7.370260e+05
1000,0.00320418,7.661400e+05
1025,0.00320418,7.953830e+05
1050,0.00320418,8.247510e+05
1075,0.00320418,8.542410e+05
1100,0.00320418,8.838490e+05
1125,0.00320418,9.135720e+05
1150,0.00320418,9.434060e+05
1175,0.00320418,9.733470e+05
1200,0.00320418,1.003390e+06
1225,0.00320418,1.033540e+06
1250,0.00320418,1.063780e+06
1275,0.00320418,1.094120e+06
1300,0.00320418,1.124550e+06
1325,0.00320418,1.155070e+06
1350,0.00320418,1.185670e+06
1375,0.00320418,1.216350e+06
1400,0.00320418,1.247110e+06
1425,0.00320418,1.277930e+06
1450,0.00320418,1.308820e+06
1475,0.00320418,1.339740e+06
1500,0.00320418,1.370660e+06
1525,0.00320418,1.401520e+06
1550,0.00320418,1.432210e+06
1575,0.00320418,1.462530e+06
1600,0.00320418,1.492140e+06
1625,0.00320418,1.520450e+06
1650,0.00320418,1.546460e+06
1675,0.00320418,1.568560e+06
1700,0.00320418,1.584080e+06
1725,0.00320418,1.588860e+06
1750,0.00320418,1.576490e+06
1775,0.00320418,1.537540e+06
1800,0.00320418,1.458970e+06
1825,0.00320418,1.324210e+06
1850,0.00320418,1.115100e+06
1875,0.00320418,8.167340e+05
1900,0.00320418,4.250830e+05
1925,0.00320418,-4.556590e+04
1950,0.00320418,-1.377790e+05
1975,0.00320418,-5.940020e+04
2000,0.00320418,2.058130e+04
2025,0.00320418,1.010930e+05
2050,0.00320418,1.810340e+05
2075,0.00320418,2.594180e+05
2100,0.00320418,3.354980e+05
2125,0.00320418,4.088530e+05
2150,0.00320418,4.794060e+05
2175,0.00320418,5.473780e+05
2200,0.00320418,6.132050e+05
2225,0.00320418,6.774320e+05
2250,0.00320418,7.406390e+05
2275,0.00320418,8.033750e+05
2300,0.00320418,8.661280e+05
2325,0.00320418,9.293080e+05
2350,0.00320418,9.932530e+05
2375,0.00320418,1.058230e+06
2400,0.00320418,1.124460e+06
2425,0.00320418,1.192130e+06
2450,0.00320418,1.261380e+06
2475,0.00320418,1.332360e+06
2500,0.00320418,1.405220e+06
2525,0.00320418,1.480130e+06
2550,0.00320418,1.557260e+06
2575,0.00320418,1.636830e+06
2600,0.00320418,1.719090e+06
2625,0.00320418,1.804300e+06
2650,0.00320418,1.892800e+06
2675,0.00320418,1.984920e+06
2700,0.00320418,2.081040e+06
2725,0.00320418,2.181560e+06
2750,0.00320418,2.286880e+06
2775,0.00320418,2.397400e+06
2800,0.00320418,2.513510e+06
2825,0.00320418,2.635570e+06
2850,0.00320418,2.763900e+06
2875,0.00320418,2.898760e+06
2900,0.00320418,3.040200e+06
2925,0.00320418,3.187630e+06
2950,0.00320418,3.341640e+06
2975,0.00320418,3.502050e+06
3000,0.00320418,3.668570e+06
3025,0.00320418,3.840800e+06
3050,0.00320418,4.018280e+06
3075,0.00320418,4.200480e+06
3100,0.00320418,4.386830e+06
3125,0.00320418,4.576790e+06
3150,0.00320418,4.769820e+06
3175,0.00320418,4.965420e+06
3200,0.00320418,5.163150e+06
3225,0.00320418,5.362600e+06
3250,0.00320418,5.563380e+06
3275,0.00320418,5.765060e+06
3300,0.00320418,5.967170e+06
3325,0.00320418,6.169120e+06
3350,0.00320418,6.370220e+06
3375,0.00320418,6.569640e+06
3400,0.00320418,6.766410e+06
3425,0.00320418,6.959450e+06
3450,0.00320418,7.147620e+06
3475,0.00320418,7.329670e+06
3500,0.00320418,7.504120e+06
3525,0.00320418,7.618960e+06
3550,0.00320418,7.629260e+06
3575,0.00320418,7.639660e+06
3600,0.00320418,7.650140e+06
3625,0.00320418,7.660710e+06
3650,0.00320418,7.671350e+06
3675,0.00320418,7.682070e+06
3700,0.00320418,7.692860e+06
3725,0.00320418,7.703720e+06
3750,0.00320418,7.714650e+06
3775,0.00320418,7.725660e+06
3800,0.00320418,7.736750e+06
3825,0.00320418,7.747930e+06
3850,0.00320418,7.759200e+06
3875,0.00320418,7.770570e+06
3900,0.00320418,7.782050e+06
3925,0.00320418,7.793640e+06
3950,0.00320418,7.805360e+06
3975,0.00320418,7.817220e+06
4000,0.00320418,7.829210e+06
4025,0.00320418,7.841350e+06
4050,0.00320418,7.853640e+06
4075,0.00320418,7.866090e+06
4100,0.00320418,7.878710e+06
4125,0.00320418,7.891500e+06
4150,0.00320418,7.904470e+06
4175,0.00320418,7.917610e+06
4200,0.00320418,7.930930e+06
4225,0.00320418,7.944440e+06
4250,0.00320418,7.958130e+06
4275,0.00320418,7.972000e+06
4300,0.00320418,7.986050e+06
4325,0.00320418,8.000280e+06
4350,0.00320418,8.014680e+06
4375,0.00320418,8.029250e+06
4400,0.00320418,8.043970e+06
4425,0.00320418,8.058850e+06
4450,0.00320418,8.073870e+06
4475,0.00320418,8.089020e+06
4500,0.00320418,8.104280e+06
4525,0.00320418,8.119660e+06
4550,0.00320418,8.135120e+06
4575,0.00320418,8.150660e+06
4600,0.00320418,8.166270e+06
4625,0.00320418,8.181930e+06
4650,0.00320418,8.197620e+06
4675,0.00320418,8.213330e+06
4700,0.00320418,8.229060e+06
4725,0.00320418,8.244780e+06
4750,0.00320418,8.260490e+06
4775,0.00320418,8.276180e+06
4800,0.00320418,8.291840e+06
4825,0.00320418,8.307460e+06
4850,0.00320418,8.323040e+06
4875,0.00320418,8.338580e+06
4900,0.00320418,8.354070e+06
4925,0.00320418,8.369520e+06
4950,0.00320418,8.384930e+06
4975,0.00320418,8.400300e+06
5000,0.00320418,8.415630e+06
300,0.00569792,1.923390e+03
325,0.00569792,2.792160e+04
350,0.00569792,5.393720e+04
375,0.00569792,7.997940e+04
400,0.00569792,1.060590e+05
425,0.00569792,1.321880e+05
450,0.00569792,1.583790e+05
475,0.00569792,1.846450e+05
500,0.00569792,2.109980e+05
525,0.00569792,2.374480e+05
550,0.00569792,2.640080e+05
575,0.00569792,2.906850e+05
600,0.00569792,3.174900e+05
625,0.00569792,3.444280e+05
650,0.00569792,3.715060e+05
675,0.00569792,3.987290e+05
700,0.00569792,4.260990e+05
725,0.00569792,4.536200e+05
750,0.00569792,4.812930e+05
775,0.00569792,5.091190e+05
800,0.00569792,5.370960e+05
825,0.00569792,5.652230e+05
850,0.00569792,5.935000e+05
875,0.00569792,6.219230e+05
900,0.00569792,6.504900e+05
925,0.00569792,6.791980e+05
950,0.00569792,7.080450e+05
975,0.00569792,7.370260e+05
1000,0.00569792,7.661400e+05
1025,0.00569792,7.953830e+05
1050,0.00569792,8.247510e+05
1075,0.00569792,8.542410e+05
1100,0.00569792,8.838490e+05
1125,0.00569792,9.135720e+05
1150,0.00569792,9.434060e+05
1175,0.00569792,9.733470e+05
1200,0.00569792,1.003390e+06
1225,0.00569792,1.033540e+06
1250,0.00569792,1.063780e+06
1275,0.00569792,1.094120e+06
1300,0.00569792,1.124550e+06
1325,0.00569792,1.155070e+06
1350,0.00569792,1.185670e+06
1375,0.00569792,1.216350e+06
1400,0.00569792,1.247110e+06
1425,0.00569792,1.277950e+06
1450,0.00569792,1.308840e+06
1475,0.00569792,1.339800e+06
1500,0.00569792,1.370780e+06
1525,0.00569792,1.401760e+06
1550,0.00569792,1.432670e+06
1575,0.00569792,1.463400e+06
1600,0.00569792,1.493750e+06
1625,0.00569792,1.523400e+06
1650,0.00569792,1.551790e+06
1675,0.00569792,1.577980e+06
1700,0.00569792,1.600460e+06
1725,0.00569792,1.616840e+06
1750,0.00569792,1.623330e+06
1775,0.00569792,1.614250e+06
1800,0.00569792,1.581260e+06
1825,0.00569792,1.512840e+06
1850,0.00569792,1.394240e+06
1875,0.00569792,1.208840e+06
1900,0.00569792,9.417240e+05
1925,0.00569792,5.858500e+05
1950,0.00569792,1.489680e+05
1975,0.00569792,-1.558020e+05
2000,0.00569792,-8.080850e+04
2025,0.00569792,-3.407200e+03
2050,0.00569792,7.556300e+04
2075,0.00569792,1.551410e+05
2100,0.00569792,2.343390e+05
2125,0.00569792,3.122530e+05
2150,0.00569792,3.881770e+05
2175,0.00569792,4.616770e+05
2200,0.00569792,5.326160e+05
2225,0.00569792,6.011260e+05
2250,0.00569792,6.675430e+05
2275,0.00569792,7.323220e+05
2300,0.00569792,7.959650e+05
2325,0.00569792,8.589670e+05
2350,0.00569792,9.217800e+05
2375,0.00569792,9.847930e+05
2400,0.00569792,1.048330e+06
2425,0.00569792,1.112670e+06
2450,0.00569792,1.178030e+06
2475,0.00569792,1.244600e+06
2500,0.00569792,1.312530e+06
2525,0.00569792,1.381990e+06
2550,0.00569792,1.453110e+06
2575,0.00569792,1.526060e+06
2600,0.00569792,1.601000e+06
2625,0.00569792,1.678140e+06
2650,0.00569792,1.757700e+06
2675,0.00569792,1.839910e+06
2700,0.00569792,1.925060e+06
2725,0.00569792,2.013430e+06
2750,0.00569792,2.105360e+06
2775,0.00569792,2.201170e+06
2800,0.00569792,2.301200e+06
2825,0.00569792,2.405800e+06
2850,0.00569792,2.515290e+06
2875,0.00569792,2.629980e+06
2900,0.00569792,2.750010e+06
2925,0.00569792,2.875100e+06
2950,0.00569792,3.005980e+06
2975,0.00569792,3.142680e+06
3000,0.00569792,3.285160e+06
3025,0.00569792,3.433300e+06
3050,0.00569792,3.586870e+06
3075,0.00569792,3.745590e+06
3100,0.00569792,3.909070e+06
3125,0.00569792,4.076890e+06
3150,0.00569792,4.248580e+06
3175,0.00569792,4.423660e+06
3200,0.00569792,4.601670e+06
3225,0.00569792,4.782170e+06
3250,0.00569792,4.964770e+06
3275,0.00569792,5.149130e+06
3300,0.00569792,5.334940e+06
3325,0.00569792,5.521920e+06
3350,0.00569792,5.709790e+06
3375,0.00569792,5.898220e+06
3400,0.00569792,6.086820e+06
3425,0.00569792,6.275110e+06
3450,0.00569792,6.462480e+06
3475,0.00569792,6.648220e+06
3500,0.00569792,6.831500e+06
3525,0.00569792,7.011410e+06
3550,0.00569792,7.186950e+06
3575,0.00569792,7.357050e+06
3600,0.00569792,7.520410e+06
3625,0.00569792,7.653850e+06
3650,0.00569792,7.664430e+06
3675,0.00569792,7.675120e+06
3700,0.00569792,7.685920e+06
3725,0.00569792,7.696800e+06
3750,0.00569792,7.707780e+06
3775,0.00569792,7.718840e+06
3800,0.00569792,7.729980e+06
3825,0.00569792,7.741210e+06
3850,0.00569792,7.752520e+06
3875,0.00569792,7.763920e+06
3900,0.00569792,7.775400e+06
3925,0.00569792,7.786980e+06
3950,0.00569792,7.798670e+06
3975,0.00569792,7.810450e+06
4000,0.00569792,7.822350e+06
4025,0.00569792,7.834360e+06
4050,0.00569792,7.846500e+06
4075,0.00569792,7.858770e+06
4100,0.00569792,7.871180e+06
4125,0.00569792,7.883730e+06
4150,0.00569792,7.896430e+06
4175,0.00569792,7.909280e+06
4200,0.00569792,7.922290e+06
4225,0.00569792,7.935460e+06
4250,0.00569792,7.948810e+06
4275,0.00569792,7.962320e+06
4300,0.00569792,7.976000e+06
4325,0.00569792,7.989850e+06
4350,0.00569792,8.003880e+06
4375,0.00569792,8.018080e+06
4400,0.00569792,8.032440e+06
4425,0.00569792,8.046980e+06
4450,0.00569792,8.061670e+06
4475,0.00569792,8.076520e+06
4500,0.00569792,8.091520e+06
4525,0.00569792,8.106670e+06
4550,0.00569792,8.121940e+06
4575,0.00569792,8.137350e+06
4600,0.00569792,8.152860e+06
4625,0.00569792,8.168480e+06
4650,0.00569792,8.184190e+06
4675,0.00569792,8.199980e+06
4700,0.00569792,8.215840e+06
4725,0.00569792,8.231750e+06
4750,0.00569792,8.247700e+06
4775,0.00569792,8.263680e+06
4800,0.00569792,8.279680e+06
4825,0.00569792,8.295680e+06
4850,0.00569792,8.311690e+06
4875,0.00569792,8.327680e+06
4900,0.00569792,8.343650e+06
4925,0.00569792,8.359600e+06
4950,0.00569792,8.375520e+06
4975,0.00569792,8.391410e+06
5000,0.00569792,8.407260e+06
300,0.0101325,1.923390e+03
325,0.0101325,2.792160e+04
350,0.0101325,5.393720e+04
375,0.0101325,7.997940e+04
400,0.0101325,1.060590e+05
425,0.0101325,1.321880e+05
450,0.0101325,1.583790e+05
475,0.0101325,1.846450e+05
500,0.0101325,2.109980e+05
525,0.0101325,2.374480e+05
550,0.0101325,2.640080e+05
575,0.0101325,2.906850e+05
600,0.0101325,3.174900e+05
625,0.0101325,3.444280e+05
650,0.0101325,3.715060e+05
675,0.0101325,3.987290e+05
700,0.0101325,4.260990e+05
725,0.0101325,4.536200e+05
750,0.0101325,4.812930e+05
775,0.0101325,5.091190e+05
800,0.0101325,5.370960e+05
825,0.0101325,5.652230e+05
850,0.0101325,5.935000e+05
875,0.0101325,6.219230e+05
900,0.0101325,6.504900e+05
925,0.0101325,6.791980e+05
950,0.0101325,7.080450e+05
975,0.0101325,7.370260e+05
1000,0.0101325,7.661400e+05
1025,0.0101325,7.953830e+05
1050,0.0101325,8.247510e+05
1075,0.0101325,8.542410e+05
1100,0.0101325,8.838490e+05
1125,0.0101325,9.135720e+05
1150,0.0101325,9.434060e+05
1175,0.0101325,9.733470e+05
1200,0.0101325,1.003390e+06
1225,0.0101325,1.033540e+06
1250,0.0101325,1.063780e+06
1275,0.0101325,1.094120e+06
1300,0.0101325,1.124550e+06
1325,0.0101325,1.155070e+06
1350,0.0101325,1.185670e+06
1375,0.0101325,1.216350e+06
1400,0.0101325,1.247120e+06
1425,0.0101325,1.277950e+06
1450,0.0101325,1.308860e+06
1475,0.0101325,1.339830e+06
1500,0.0101325,1.370840e+06
1525,0.0101325,1.401890e+06
1550,0.0101325,1.432920e+06
1575,0.0101325,1.463880e+06
1600,0.0101325,1.494660e+06
1625,0.0101325,1.525060e+06
1650,0.0101325,1.554780e+06
1675,0.0101325,1.583290e+06
1700,0.0101325,1.609720e+06
1725,0.0101325,1.632710e+06
1750,0.0101325,1.650090e+06
1775,0.0101325,1.658510e+06
1800,0.0101325,1.652960e+06
1825,0.0101325,1.626150e+06
1850,0.0101325,1.568030e+06
1875,0.0101325,1.465630e+06
1900,0.0101325,1.303910e+06
1925,0.0101325,1.068380e+06
1950,0.0101325,7.498360e+05
1975,0.0101325,3.504660e+05
2000,0.0101325,-1.119160e+05
2025,0.0101325,-1.022750e+05
2050,0.0101325,-2.835180e+04
2075,0.0101325,4.792970e+04
2100,0.0101325,1.258310e+05
2125,0.0101325,2.044980e+05
2150,0.0101325,2.830390e+05
2175,0.0101325,3.606160e+05
2200,0.0101325,4.365430e+05
2225,0.0101325,5.103520e+05
2250,0.0101325,5.818320e+05
2275,0.0101325,6.510170e+05
2300,0.0101325,7.181350e+05
2325,0.0101325,7.835480e+05
2350,0.0101325,8.476850e+05
2375,0.0101325,9.109850e+05
2400,0.0101325,9.738670e+05
2425,0.0101325,1.036710e+06
2450,0.0101325,1.099820e+06
2475,0.0101325,1.163490e+06
2500,0.0101325,1.227950e+06
2525,0.0101325,1.293370e+06
2550,0.0101325,1.359950e+06
2575,0.0101325,1.427820e+06
2600,0.0101325,1.497150e+06
2625,0.0101325,1.568080e+06
2650,0.0101325,1.640790e+06
2675,0.0101325,1.715450e+06
2700,0.0101325,1.792250e+06
2725,0.0101325,1.871410e+06
2750,0.0101325,1.953160e+06
2775,0.0101325,2.037770e+06
2800,0.0101325,2.125490e+06
2825,0.0101325,2.216620e+06
2850,0.0101325,2.311440e+06
2875,0.0101325,2.410230e+06
2900,0.0101325,2.513150e+06
2925,0.0101325,2.619980e+06
2950,0.0101325,2.731570e+06
2975,0.0101325,2.848070e+06
3000,0.0101325,2.969600e+06
3025,0.0101325,3.096220e+06
3050,0.0101325,3.227900e+06
3075,0.0101325,3.364570e+06
3100,0.0101325,3.506080e+06
3125,0.0101325,3.652200e+06
3150,0.0101325,3.802650e+06
3175,0.0101325,3.957080e+06
3200,0.0101325,4.115120e+06
3225,0.0101325,4.276360e+06
3250,0.0101325,4.440380e+06
3275,0.0101325,4.606810e+06
3300,0.0101325,4.775260e+06
3325,0.0101325,4.945430e+06
3350,0.0101325,5.117040e+06
3375,0.0101325,5.289870e+06
3400,0.0101325,5.463710e+06
3425,0.0101325,5.638370e+06
3450,0.0101325,5.813650e+06
3475,0.0101325,5.989310e+06
3500,0.0101325,6.165030e+06
3525,0.0101325,6.340410e+06
3550,0.0101325,6.514960e+06
3575,0.0101325,6.688090e+06
3600,0.0101325,6.859100e+06
3625,0.0101325,7.027240e+06
3650,0.0101325,7.191670e+06
3675,0.0101325,7.351480e+06
3700,0.0101325,7.505610e+06
3725,0.0101325,7.652280e+06
3750,0.0101325,7.700650e+06
3775,0.0101325,7.711640e+06
3800,0.0101325,7.722750e+06
3825,0.0101325,7.733960e+06
3850,0.0101325,7.745270e+06
3875,0.0101325,7.756680e+06
3900,0.0101325,7.768180e+06
3925,0.0101325,7.779780e+06
3950,0.0101325,7.791480e+06
3975,0.0101325,7.803260e+06
4000,0.0101325,7.815150e+06
4025,0.0101325,7.827140e+06
4050,0.0101325,7.839230e+06
4075,0.0101325,7.851430e+06
4100,0.0101325,7.863740e+06
4125,0.0101325,7.876170e+06
4150,0.0101325,7.888720e+06
4175,0.0101325,7.901400e+06
4200,0.0101325,7.914210e+06
4225,0.0101325,7.927160e+06
4250,0.0101325,7.940260e+06
4275,0.0101325,7.953500e+06
4300,0.0101325,7.966890e+06
4325,0.0101325,7.980440e+06
4350,0.0101325,7.994150e+06
4375,0.0101325,8.008020e+06
4400,0.0101325,8.022040e+06
4425,0.0101325,8.036230e+06
4450,0.0101325,8.050590e+06
4475,0.0101325,8.065100e+06
4500,0.0101325,8.079770e+06
4525,0.0101325,8.094600e+06
4550,0.0101325,8.109580e+06
4575,0.0101325,8.124710e+06
4600,0.0101325,8.139980e+06
4625,0.0101325,8.155380e+06
4650,0.0101325,8.170920e+06
4675,0.0101325,8.186570e+06
4700,0.0101325,8.202340e+06
4725,0.0101325,8.218200e+06
4750,0.0101325,8.234160e+06
4775,0.0101325,8.250200e+06
4800,0.0101325,8.266310e+06
4825,0.0101325,8.282480e+06
4850,0.0101325,8.298690e+06
4875,0.0101325,8.314940e+06
4900,0.0101325,8.331220e+06
4925,0.0101325,8.347510e+06
4950,0.0101325,8.363820e+06
4975,0.0101325,8.380120e+06
5000,0.0101325,8.396410e+06
300,0.0180184,1.923390e+03
325,0.0180184,2.792160e+04
350,0.0180184,5.393720e+04
375,0.0180184,7.997940e+04
400,0.0180184,1.060590e+05
425,0.0180184,1.321880e+05
450,0.0180184,1.583790e+05
475,0.0180184,1.846450e+05
500,0.0180184,2.109980e+05
525,0.0180184,2.374480e+05
550,0.0180184,2.640080e+05
575,0.0180184,2.906850e+05
600,0.0180184,3.174900e+05
625,0.0180184,3.444280e+05
650,0.0180184,3.715060e+05
675,0.0180184,3.987290e+05
700,0.0180184,4.260990e+05
725,0.0180184,4.536200e+05
750,0.0180184,4.812930e+05
775,0.0180184,5.091190e+05
800,0.0180184,5.370960e+05
825,0.0180184,5.652230e+05
850,0.0180184,5.935000e+05
875,0.0180184,6.219230e+05
900,0.0180184,6.504900e+05
925,0.0180184,6.791980e+05
950,0.0180184,7.080450e+05
975,0.0180184,7.370260e+05
1000,0.0180184,7.661400e+05
1025,0.0180184,7.953830e+05
1050,0.0180184,8.247510e+05
1075,0.0180184,8.542410e+05
1100,0.0180184,8.838490e+05
1125,0.0180184,9.135720e+05
1150,0.0180184,9.434060e+05
1175,0.0180184,9.733470e+05
1200,0.0180184,1.003390e+06
1225,0.0180184,1.033540e+06
1250,0.0180184,1.063780e+06
1275,0.0180184,1.094120e+06
1300,0.0180184,1.124550e+06
1325,0.0180184,1.155070e+06
1350,0.0180184,1.185670e+06
1375,0.0180184,1.216350e+06
1400,0.0180184,1.247120e+06
1425,0.0180184,1.277960e+06
1450,0.0180184,1.308870e+06
1475,0.0180184,1.339850e+06
1500,0.0180184,1.370880e+06
1525,0.0180184,1.401960e+06
1550,0.0180184,1.433070e+06
1575,0.0180184,1.464160e+06
1600,0.0180184,1.495170e+06
1625,0.0180184,1.526000e+06
1650,0.0180184,1.556470e+06
1675,0.0180184,1.586280e+06
1700,0.0180184,1.614950e+06
1725,0.0180184,1.641690e+06
1750,0.0180184,1.665270e+06
1775,0.0180184,1.683770e+06
1800,0.0180184,1.694250e+06
1825,0.0180184,1.692350e+06
1850,0.0180184,1.671770e+06
1875,0.0180184,1.623860e+06
1900,0.0180184,1.537320e+06
1925,0.0180184,1.398780e+06
1950,0.0180184,1.194520e+06
1975,0.0180184,9.140630e+05
2000,0.0180184,5.551540e+05
2025,0.0180184,1.283500e+05
2050,0.0180184,-1.227970e+05
2075,0.0180184,-5.302220e+04
2100,0.0180184,1.961420e+04
2125,0.0180184,9.461770e+04
2150,0.0180184,1.713500e+05
2175,0.0180184,2.490620e+05
2200,0.0180184,3.269510e+05
2225,0.0180184,4.042370e+05
2250,0.0180184,4.802400e+05
2275,0.0180184,5.544560e+05
2300,0.0180184,6.265900e+05
2325,0.0180184,6.965680e+05
2350,0.0180184,7.645090e+05
2375,0.0180184,8.306720e+05
2400,0.0180184,8.954060e+05
2425,0.0180184,9.590940e+05
2450,0.0180184,1.022120e+06
2475,0.0180184,1.084850e+06
2500,0.0180184,1.147590e+06
2525,0.0180184,1.210620e+06
2550,0.0180184,1.274190e+06
2575,0.0180184,1.338490e+06
2600,0.0180184,1.403710e+06
2625,0.0180184,1.470000e+06
2650,0.0180184,1.537530e+06
2675,0.0180184,1.606450e+06
2700,0.0180184,1.676910e+06
2725,0.0180184,1.749070e+06
2750,0.0180184,1.823110e+06
2775,0.0180184,1.899220e+06
2800,0.0180184,1.977600e+06
2825,0.0180184,2.058470e+06
2850,0.0180184,2.142060e+06
2875,0.0180184,2.228600e+06
2900,0.0180184,2.318210e+06
2925,0.0180184,2.410630e+06
2950,0.0180184,2.506770e+06
2975,0.0180184,2.606840e+06
3000,0.0180184,2.711020e+06
3025,0.0180184,2.819440e+06
3050,0.0180184,2.932220e+06
3075,0.0180184,3.049420e+06
3100,0.0180184,3.171050e+06
3125,0.0180184,3.297070e+06
3150,0.0180184,3.427370e+06
3175,0.0180184,3.561810e+06
3200,0.0180184,3.700170e+06
3225,0.0180184,3.842180e+06
3250,0.0180184,3.987550e+06
3275,0.0180184,4.135930e+06
3300,0.0180184,4.286980e+06
3325,0.0180184,4.440350e+06
3350,0.0180184,4.595690e+06
3375,0.0180184,4.752710e+06
3400,0.0180184,4.911130e+06
3425,0.0180184,5.070720e+06
3450,0.0180184,5.231300e+06
3475,0.0180184,5.392730e+06
3500,0.0180184,5.554880e+06
3525,0.0180184,5.717610e+06
3550,0.0180184,5.880800e+06
3575,0.0180184,6.044270e+06
3600,0.0180184,6.207770e+06
3625,0.0180184,6.371010e+06
3650,0.0180184,6.533590e+06
3675,0.0180184,6.695030e+06
3700,0.0180184,6.854800e+06
3725,0.0180184,7.012260e+06
3750,0.0180184,7.166720e+06
3775,0.0180184,7.317450e+06
3800,0.0180184,7.463600e+06
3825,0.0180184,7.604110e+06
3850,0.0180184,7.736120e+06
3875,0.0180184,7.749250e+06
3900,0.0180184,7.760670e+06
3925,0.0180184,7.772210e+06
3950,0.0180184,7.783860e+06
3975,0.0180184,7.795620e+06
4000,0.0180184,7.807480e+06
4025,0.0180184,7.819450e+06
4050,0.0180184,7.831520e+06
4075,0.0180184,7.843700e+06
4100,0.0180184,7.855980e+06
4125,0.0180184,7.868360e+06
4150,0.0180184,7.880860e+06
4175,0.0180184,7.893460e+06
4200,0.0180184,7.906180e+06
4225,0.0180184,7.919020e+06
4250,0.0180184,7.931980e+06
4275,0.0180184,7.945060e+06
4300,0.0180184,7.958270e+06
4325,0.0180184,7.971620e+06
4350,0.0180184,7.985100e+06
4375,0.0180184,7.998730e+06
4400,0.0180184,8.012490e+06
4425,0.0180184,8.026410e+06
4450,0.0180184,8.040470e+06
4475,0.0180184,8.054680e+06
4500,0.0180184,8.069050e+06
4525,0.0180184,8.083560e+06
4550,0.0180184,8.098230e+06
4575,0.0180184,8.113050e+06
4600,0.0180184,8.128020e+06
4625,0.0180184,8.143140e+06
4650,0.0180184,8.158400e+06
4675,0.0180184,8.173800e+06
4700,0.0180184,8.189330e+06
4725,0.0180184,8.205000e+06
4750,0.0180184,8.220790e+06
4775,0.0180184,8.236690e+06
4800,0.0180184,8.252700e+06
4825,0.0180184,8.268820e+06
4850,0.0180184,8.285020e+06
4875,0.0180184,8.301310e+06
4900,0.0180184,8.317670e+06
4925,0.0180184,8.334090e+06
4950,0.0180184,8.350570e+06
4975,0.0180184,8.367090e+06
5000,0.0180184,8.383650e+06
300,0.0320418,1.923390e+03
325,0.0320418,2.792160e+04
350,0.0320418,5.393720e+04
375,0.0320418,7.997940e+04
400,0.0320418,1.060590e+05
425,0.0320418,1.321880e+05
450,0.0320418,1.583790e+05
475,0.0320418,1.846450e+05
500,0.0320418,2.109980e+05
525,0.0320418,2.374480e+05
550,0.0320418,2.640080e+05
575,0.0320418,2.906850e+05
600,0.0320418,3.174900e+05
625,0.0320418,3.444280e+05
650,0.0320418,3.715060e+05
675,0.0320418,3.987290e+05
700,0.0320418,4.260990e+05
725,0.0320418,4.536200e+05
750,0.0320418,4.812930e+05
775,0.0320418,5.091190e+05
800,0.0320418,5.370960e+05
825,0.0320418,5.652230e+05
850,0.0320418,5.935000e+05
875,0.0320418,6.219230e+05
900,0.0320418,6.504900e+05
925,0.0320418,6.791980e+05
950,0.0320418,7.080450e+05
975,0.0320418,7.370260e+05
1000,0.0320418,7.661400e+05
1025,0.0320418,7.953830e+05
1050,0.0320418,8.247510e+05
1075,0.0320418,8.542410e+05
1100,0.0320418,8.838490e+05
1125,0.0320418,9.135720e+05
1150,0.0320418,9.434060e+05
1175,0.0320418,9.733470e+05
1200,0.0320418,1.003390e+06
1225,0.0320418,1.033540e+06
1250,0.0320418,1.063780e+06
1275,0.0320418,1.094120e+06
1300,0.0320418,1.124550e+06
1325,0.0320418,1.155070e+06
1350,0.0320418,1.185670e+06
1375,0.0320418,1.216360e+06
1400,0.0320418,1.247120e+06
1425,0.0320418,1.277960e+06
1450,0.0320418,1.308870e+06
1475,0.0320418,1.339860e+06
1500,0.0320418,1.370900e+06
1525,0.0320418,1.402000e+06
1550,0.0320418,1.433150e+06
1575,0.0320418,1.464310e+06
1600,0.0320418,1.495460e+06
1625,0.0320418,1.526530e+06
1650,0.0320418,1.557420e+06
1675,0.0320418,1.587960e+06
1700,0.0320418,1.617890e+06
1725,0.0320418,1.646750e+06
1750,0.0320418,1.673850e+06
1775,0.0320418,1.698090e+06
1800,0.0320418,1.717790e+06
1825,0.0320418,1.730390e+06
1850,0.0320418,1.732150e+06
1875,0.0320418,1.717720e+06
1900,0.0320418,1.679680e+06
1925,0.0320418,1.608370e+06
1950,0.0320418,1.492070e+06
1975,0.0320418,1.318150e+06
2000,0.0320418,1.075620e+06
2025,0.0320418,7.590410e+05
2050,0.0320418,3.727920e+05
2075,0.0320418,-6.648840e+04
2100,0.0320418,-7.627730e+04
2125,0.0320418,-7.967650e+03
2150,0.0320418,6.315810e+04
2175,0.0320418,1.366940e+05
2200,0.0320418,2.121020e+05
2225,0.0320418,2.887380e+05
2250,0.0320418,3.658870e+05
2275,0.0320418,4.428260e+05
2300,0.0320418,5.188880e+05
2325,0.0320418,5.935300e+05
2350,0.0320418,6.663760e+05
2375,0.0320418,7.372430e+05
2400,0.0320418,8.061290e+05
2425,0.0320418,8.731840e+05
2450,0.0320418,9.386660e+05
2475,0.0320418,1.002890e+06
2500,0.0320418,1.066210e+06
2525,0.0320418,1.128950e+06
2550,0.0320418,1.191430e+06
2575,0.0320418,1.253930e+06
2600,0.0320418,1.316700e+06
2625,0.0320418,1.379950e+06
2650,0.0320418,1.443880e+06
2675,0.0320418,1.508660e+06
2700,0.0320418,1.574440e+06
2725,0.0320418,1.641370e+06
2750,0.0320418,1.709620e+06
2775,0.0320418,1.779330e+06
2800,0.0320418,1.850650e+06
2825,0.0320418,1.923770e+06
2850,0.0320418,1.998850e+06
2875,0.0320418,2.076070e+06
2900,0.0320418,2.155500e+06
2925,0.0320418,2.236790e+06
2950,0.0320418,2.320900e+06
2975,0.0320418,2.408030e+06
3000,0.0320418,2.498360e+06
3025,0.0320418,2.592060e+06
3050,0.0320418,2.689290e+06
3075,0.0320418,2.790170e+06
3100,0.0320418,2.894810e+06
3125,0.0320418,3.003280e+06
3150,0.0320418,3.115600e+06
3175,0.0320418,3.231770e+06
3200,0.0320418,3.351720e+06
3225,0.0320418,3.475360e+06
3250,0.0320418,3.602540e+06
3275,0.0320418,3.733060e+06
3300,0.0320418,3.866690e+06
3325,0.0320418,4.003170e+06
3350,0.0320418,4.142190e+06
3375,0.0320418,4.283470e+06
3400,0.0320418,4.426690e+06
3425,0.0320418,4.571570e+06
3450,0.0320418,4.717830e+06
3475,0.0320418,4.865250e+06
3500,0.0320418,5.013620e+06
3525,0.0320418,5.162780e+06
3550,0.0320418,5.312610e+06
3575,0.0320418,5.463020e+06
3600,0.0320418,5.613930e+06
3625,0.0320418,5.765270e+06
3650,0.0320418,5.916960e+06
3675,0.0320418,6.068860e+06
3700,0.0320418,6.220820e+06
3725,0.0320418,6.372620e+06
3750,0.0320418,6.523960e+06
3775,0.0320418,6.674490e+06
3800,0.0320418,6.823780e+06
3825,0.0320418,6.971340e+06
3850,0.0320418,7.116630e+06
3875,0.0320418,7.259050e+06
3900,0.0320418,7.397960e+06
3925,0.0320418,7.532590e+06
3950,0.0320418,7.661920e+06
3975,0.0320418,7.783110e+06
4000,0.0320418,7.799730e+06
4025,0.0320418,7.811590e+06
4050,0.0320418,7.823570e+06
4075,0.0320418,7.835670e+06
4100,0.0320418,7.847890e+06
4125,0.0320418,7.860210e+06
4150,0.0320418,7.872660e+06
4175,0.0320418,7.885210e+06
4200,0.0320418,7.897870e+06
4225,0.0320418,7.910650e+06
4250,0.0320418,7.923540e+06
4275,0.0320418,7.936540e+06
4300,0.0320418,7.949660e+06
4325,0.0320418,7.962890e+06
4350,0.0320418,7.976240e+06
4375,0.0320418,7.989720e+06
4400,0.0320418,8.003320e+06
4425,0.0320418,8.017060e+06
4450,0.0320418,8.030920e+06
4475,0.0320418,8.044910e+06
4500,0.0320418,8.059050e+06
4525,0.0320418,8.073320e+06
4550,0.0320418,8.087730e+06
4575,0.0320418,8.102280e+06
4600,0.0320418,8.116970e+06
4625,0.0320418,8.131810e+06
4650,0.0320418,8.146790e+06
4675,0.0320418,8.161910e+06
4700,0.0320418,8.177170e+06
4725,0.0320418,8.192570e+06
4750,0.0320418,8.208110e+06
4775,0.0320418,8.223780e+06
4800,0.0320418,8.239570e+06
4825,0.0320418,8.255490e+06
4850,0.0320418,8.271530e+06
4875,0.0320418,8.287680e+06
4900,0.0320418,8.303940e+06
4925,0.0320418,8.320300e+06
4950,0.0320418,8.336750e+06
4975,0.0320418,8.353280e+06
5000,0.0320418,8.369890e+06
300,0.0569792,1.923390e+03
325,0.0569792,2.792160e+04
350,0.0569792,5.393720e+04
375,0.0569792,7.997940e+04
400,0.0569792,1.060590e+05
425,0.0569792,1.321880e+05
450,0.0569792,1.583790e+05
475,0.0569792,1.846450e+05
500,0.0569792,2.109980e+05
525,0.0569792,2.374480e+05
550,0.0569792,2.640080e+05
575,0.0569792,2.906850e+05
600,0.0569792,3.174900e+05
625,0.0569792,3.444280e+05
650,0.0569792,3.715060e+05
675,0.0569792,3.987290e+05
700,0.0569792,4.260990e+05
725,0.0569792,4.536200e+05
750,0.0569792,4.812930e+05
775,0.0569792,5.091190e+05
800,0.0569792,5.370960e+05
825,0.0569792,5.652230e+05
850,0.0569792,5.935000e+05
875,0.0569792,6.219230e+05
900,0.0569792,6.504900e+05
925,0.0569792,6.791980e+05
950,0.0569792,7.080450e+05
975,0.0569792,7.370260e+05
1000,0.0569792,7.661400e+05
1025,0.0569792,7.953830e+05
1050,0.0569792,8.247510e+05
1075,0.0569792,8.542410e+05
1100,0.0569792,8.838490e+05
1125,0.0569792,9.135720e+05
1150,0.0569792,9.434060e+05
1175,0.0569792,9.733470e+05
1200,0.0569792,1.003390e+06
1225,0.0569792,1.033540e+06
1250,0.0569792,1.063780e+06
1275,0.0569792,1.094120e+06
1300,0.0569792,1.124550e+06
1325,0.0569792,1.155070e+06
1350,0.0569792,1.185670e+06
1375,0.0569792,1.216360e+06
1400,0.0569792,1.247120e+06
1425,0.0569792,1.277960e+06
1450,0.0569792,1.308880e+06
1475,0.0569792,1.339860e+06
1500,0.0569792,1.370920e+06
1525,0.0569792,1.402030e+06
1550,0.0569792,1.433190e+06
1575,0.0569792,1.464400e+06
1600,0.0569792,1.495620e+06
1625,0.0569792,1.526820e+06
1650,0.0569792,1.557950e+06
1675,0.0569792,1.588910e+06
1700,0.0569792,1.619550e+06
1725,0.0569792,1.649600e+06
1750,0.0569792,1.678690e+06
1775,0.0569792,1.706190e+06
1800,0.0569792,1.731120e+06
1825,0.0569792,1.752050e+06
1850,0.0569792,1.766780e+06
1875,0.0569792,1.772140e+06
1900,0.0569792,1.763600e+06
1925,0.0569792,1.734940e+06
1950,0.0569792,1.677970e+06
1975,0.0569792,1.582590e+06
2000,0.0569792,1.437500e+06
2025,0.0569792,1.231850e+06
2050,0.0569792,9.581990e+05
2075,0.0569792,6.161080e+05
2100,0.0569792,2.151600e+05
2125,0.0569792,-9.715980e+04
2150,0.0569792,-3.355540e+04
2175,0.0569792,3.303590e+04
2200,0.0569792,1.024110e+05
2225,0.0569792,1.742510e+05
2250,0.0569792,2.481200e+05
2275,0.0569792,3.234750e+05
2300,0.0569792,3.996970e+05
2325,0.0569792,4.761270e+05
2350,0.0569792,5.521220e+05
2375,0.0569792,6.271130e+05
2400,0.0569792,7.006530e+05
2425,0.0569792,7.724530e+05
2450,0.0569792,8.423890e+05
2475,0.0569792,9.104900e+05
2500,0.0569792,9.769080e+05
2525,0.0569792,1.041880e+06
2550,0.0569792,1.105700e+06
2575,0.0569792,1.168670e+06
2600,0.0569792,1.231080e+06
2625,0.0569792,1.293230e+06
2650,0.0569792,1.355370e+06
2675,0.0569792,1.417710e+06
2700,0.0569792,1.480480e+06
2725,0.0569792,1.543850e+06
2750,0.0569792,1.607980e+06
2775,0.0569792,1.673030e+06
2800,0.0569792,1.739160e+06
2825,0.0569792,1.806500e+06
2850,0.0569792,1.875210e+06
2875,0.0569792,1.945430e+06
2900,0.0569792,2.017170e+06
2925,0.0569792,2.090000e+06
2950,0.0569792,2.164900e+06
2975,0.0569792,2.242060e+06
3000,0.0569792,2.321620e+06
3025,0.0569792,2.403770e+06
3050,0.0569792,2.488650e+06
3075,0.0569792,2.576400e+06
3100,0.0569792,2.667170e+06
3125,0.0569792,2.761060e+06
3150,0.0569792,2.858190e+06
3175,0.0569792,2.958600e+06
3200,0.0569792,3.062360e+06
3225,0.0569792,3.169470e+06
3250,0.0569792,3.279910e+06
3275,0.0569792,3.393620e+06
3300,0.0569792,3.510510e+06
3325,0.0569792,3.630420e+06
3350,0.0569792,3.753210e+06
3375,0.0569792,3.878660e+06
3400,0.0569792,4.006540e+06
3425,0.0569792,4.136610e+06
3450,0.0569792,4.268610e+06
3475,0.0569792,4.402280e+06
3500,0.0569792,4.537350e+06
3525,0.0569792,4.673590e+06
3550,0.0569792,4.810800e+06
3575,0.0569792,4.948780e+06
3600,0.0569792,5.087380e+06
3625,0.0569792,5.226500e+06
3650,0.0569792,5.366060e+06
3675,0.0569792,5.505980e+06
3700,0.0569792,5.646250e+06
3725,0.0569792,5.786810e+06
3750,0.0569792,5.927620e+06
3775,0.0569792,6.068610e+06
3800,0.0569792,6.209680e+06
3825,0.0569792,6.350690e+06
3850,0.0569792,6.491430e+06
3875,0.0569792,6.631650e+06
3900,0.0569792,6.771040e+06
3925,0.0569792,6.909240e+06
3950,0.0569792,7.045840e+06
3975,0.0569792,7.180360e+06
4000,0.0569792,7.312310e+06
4025,0.0569792,7.441130e+06
4050,0.0569792,7.566180e+06
4075,0.0569792,7.686620e+06
4100,0.0569792,7.800720e+06
4125,0.0569792,7.852140e+06
4150,0.0569792,7.864440e+06
4175,0.0569792,7.876870e+06
4200,0.0569792,7.889420e+06
4225,0.0569792,7.902090e+06
4250,0.0569792,7.914890e+06
4275,0.0569792,7.927800e+06
4300,0.0569792,7.940840e+06
4325,0.0569792,7.953990e+06
4350,0.0569792,7.967250e+06
4375,0.0569792,7.980630e+06
4400,0.0569792,7.994130e+06
4425,0.0569792,8.007750e+06
4450,0.0569792,8.021490e+06
4475,0.0569792,8.035350e+06
4500,0.0569792,8.049330e+06
4525,0.0569792,8.063440e+06
4550,0.0569792,8.077670e+06
4575,0.0569792,8.092030e+06
4600,0.0569792,8.106520e+06
4625,0.0569792,8.121140e+06
4650,0.0569792,8.135890e+06
4675,0.0569792,8.150770e+06
4700,0.0569792,8.165790e+06
4725,0.0569792,8.180940e+06
4750,0.0569792,8.196230e+06
4775,0.0569792,8.211650e+06
4800,0.0569792,8.227190e+06
4825,0.0569792,8.242870e+06
4850,0.0569792,8.258680e+06
4875,0.0569792,8.274610e+06
4900,0.0569792,8.290670e+06
4925,0.0569792,8.306840e+06
4950,0.0569792,8.323130e+06
4975,0.0569792,8.339520e+06
5000,0.0569792,8.356020e+06
300,0.101325,1.923390e+03
325,0.101325,2.792160e+04
350,0.101325,5.393720e+04
375,0.101325,7.997940e+04
400,0.101325,1.060590e+05
425,0.101325,1.321880e+05
450,0.101325,1.583790e+05
475,0.101325,1.846450e+05
500,0.101325,2.109980e+05
525,0.101325,2.374480e+05
550,0.101325,2.640080e+05
575,0.101325,2.906850e+05
600,0.101325,3.174900e+05
625,0.101325,3.444280e+05
650,0.101325,3.715060e+05
675,0.101325,3.987290e+05
700,0.101325,4.260990e+05
725,0.101325,4.536200e+05
750,0.101325,4.812930e+05
775,0.101325,5.091190e+05
800,0.101325,5.370960e+05
825,0.101325,5.652230e+05
850,0.101325,5.935000e+05
875,0.101325,6.219230e+05
900,0.101325,6.504900e+05
925,0.101325,6.791980e+05
950,0.101325,7.080450e+05
975,0.101325,7.370260e+05
1000,0.101325,7.661400e+05
1025,0.101325,7.953830e+05
1050,0.101325,8.247510e+05
1075,0.101325,8.542410e+05
1100,0.101325,8.838490e+05
1125,0.101325,9.135720e+05
1150,0.101325,9.434060e+05
1175,0.101325,9.733470e+05
1200,0.101325,1.003390e+06
1225,0.101325,1.033540e+06
1250,0.101325,1.063780e+06
1275,0.101325,1.094120e+06
1300,0.101325,1.124550e+06
1325,0.101325,1.155070e+06
1350,0.101325,1.185670e+06
1375,0.101325,1.216360e+06
1400,0.101325,1.247120e+06
1425,0.101325,1.277960e+06
1450,0.101325,1.308880e+06
1475,0.101325,1.339870e+06
1500,0.101325,1.370920e+06
1525,0.101325,1.402040e+06
1550,0.101325,1.433220e+06
1575,0.101325,1.464440e+06
1600,0.101325,1.495710e+06
1625,0.101325,1.526990e+06
1650,0.101325,1.558250e+06
1675,0.101325,1.589440e+06
1700,0.101325,1.620480e+06
1725,0.101325,1.651210e+06
1750,0.101325,1.681420e+06
1775,0.101325,1.710750e+06
1800,0.101325,1.738660e+06
1825,0.101325,1.764310e+06
1850,0.101325,1.786470e+06
1875,0.101325,1.803290e+06
1900,0.101325,1.812090e+06
1925,0.101325,1.809110e+06
1950,0.101325,1.789180e+06
1975,0.101325,1.745450e+06
2000,0.101325,1.669400e+06
2025,0.101325,1.551130e+06
2050,0.101325,1.380490e+06
2075,0.101325,1.149050e+06
2100,0.101325,8.530140e+05
2125,0.101325,4.960860e+05
2150,0.101325,9.115440e+04
2175,0.101325,-5.614710e+04
2200,0.101325,5.592130e+03
2225,0.101325,7.021530e+04
2250,0.101325,1.375850e+05
2275,0.101325,2.074680e+05
2300,0.101325,2.795250e+05
2325,0.101325,3.533190e+05
2350,0.101325,4.283290e+05
2375,0.101325,5.039730e+05
2400,0.101325,5.796520e+05
2425,0.101325,6.547940e+05
2450,0.101325,7.289020e+05
2475,0.101325,8.015940e+05
2500,0.101325,8.726270e+05
2525,0.101325,9.419030e+05
2550,0.101325,1.009450e+06
2575,0.101325,1.075420e+06
2600,0.101325,1.140010e+06
2625,0.101325,1.203480e+06
2650,0.101325,1.266110e+06
2675,0.101325,1.328170e+06
2700,0.101325,1.389920e+06
2725,0.101325,1.451590e+06
2750,0.101325,1.513400e+06
2775,0.101325,1.575550e+06
2800,0.101325,1.638200e+06
2825,0.101325,1.701530e+06
2850,0.101325,1.765690e+06
2875,0.101325,1.830810e+06
2900,0.101325,1.896890e+06
2925,0.101325,1.963400e+06
2950,0.101325,2.031390e+06
2975,0.101325,2.101000e+06
3000,0.101325,2.172370e+06
3025,0.101325,2.245640e+06
3050,0.101325,2.320950e+06
3075,0.101325,2.398440e+06
3100,0.101325,2.478250e+06
3125,0.101325,2.560510e+06
3150,0.101325,2.645310e+06
3175,0.101325,2.732790e+06
3200,0.101325,2.823010e+06
3225,0.101325,2.916060e+06
3250,0.101325,3.011990e+06
3275,0.101325,3.110820e+06
3300,0.101325,3.212560e+06
3325,0.101325,3.317170e+06
3350,0.101325,3.424610e+06
3375,0.101325,3.534790e+06
3400,0.101325,3.647580e+06
3425,0.101325,3.762850e+06
3450,0.101325,3.880430e+06
3475,0.101325,4.000110e+06
3500,0.101325,4.121700e+06
3525,0.101325,4.244960e+06
3550,0.101325,4.369670e+06
3575,0.101325,4.495620e+06
3600,0.101325,4.622580e+06
3625,0.101325,4.750360e+06
3650,0.101325,4.878790e+06
3675,0.101325,5.007720e+06
3700,0.101325,5.137040e+06
3725,0.101325,5.266670e+06
3750,0.101325,5.396540e+06
3775,0.101325,5.526630e+06
3800,0.101325,5.656910e+06
3825,0.101325,5.787360e+06
3850,0.101325,5.917980e+06
3875,0.101325,6.048740e+06
3900,0.101325,6.179570e+06
3925,0.101325,6.310410e+06
3950,0.101325,6.441130e+06
3975,0.101325,6.571560e+06
4000,0.101325,6.701500e+06
4025,0.101325,6.830700e+06
4050,0.101325,6.958850e+06
4075,0.101325,7.085610e+06
4100,0.101325,7.210610e+06
4125,0.101325,7.333440e+06
4150,0.101325,7.453640e+06
4175,0.101325,7.570690e+06
4200,0.101325,7.683970e+06
4225,0.101325,7.792510e+06
4250,0.101325,7.893640e+06
4275,0.101325,7.919240e+06
4300,0.101325,7.932110e+06
4325,0.101325,7.945110e+06
4350,0.101325,7.958240e+06
4375,0.101325,7.971500e+06
4400,0.101325,7.984880e+06
4425,0.101325,7.998380e+06
4450,0.101325,8.012000e+06
4475,0.101325,8.025740e+06
4500,0.101325,8.039610e+06
4525,0.101325,8.053590e+06
4550,0.101325,8.067700e+06
4575,0.101325,8.081920e+06
4600,0.101325,8.096260e+06
4625,0.101325,8.110730e+06
4650,0.101325,8.125320e+06
4675,0.101325,8.140030e+06
4700,0.101325,8.154870e+06
4725,0.101325,8.169820e+06
4750,0.101325,8.184910e+06
4775,0.101325,8.200120e+06
4800,0.101325,8.215450e+06
4825,0.101325,8.230910e+06
4850,0.101325,8.246500e+06
4875,0.101325,8.262210e+06
4900,0.101325,8.278040e+06
4925,0.101325,8.294000e+06
4950,0.101325,8.310070e+06
4975,0.101325,8.326270e+06
5000,0.101325,8.342580e+06
300,0.180184,1.923390e+03
325,0.180184,2.792160e+04
350,0.180184,5.393720e+04
375,0.180184,7.997940e+04
400,0.180184,1.060590e+05
425,0.180184,1.321880e+05
450,0.180184,1.583790e+05
475,0.180184,1.846450e+05
500,0.180184,2.109980e+05
525,0.180184,2.374480e+05
550,0.180184,2.640080e+05
575,0.180184,2.906850e+05
600,0.180184,3.174900e+05
625,0.180184,3.444280e+05
650,0.180184,3.715060e+05
675,0.180184,3.987290e+05
700,0.180184,4.260990e+05
725,0.180184,4.536200e+05
750,0.180184,4.812930e+05
775,0.180184,5.091190e+05
800,0.180184,5.370960e+05
825,0.180184,5.652230e+05
850,0.180184,5.935000e+05
875,0.180184,6.219230e+05
900,0.180184,6.504900e+05
925,0.180184,6.791980e+05
950,0.180184,7.080450e+05
975,0.180184,7.370260e+05
1000,0.180184,7.661400e+05
1025,0.180184,7.953830e+05
1050,0.180184,8.247510e+05
1075,0.180184,8.542410e+05
1100,0.180184,8.838490e+05
1125,0.180184,9.135720e+05
1150,0.180184,9.434060e+05
1175,0.180184,9.733470e+05
1200,0.180184,1.003390e+06
1225,0.180184,1.033540e+06
1250,0.180184,1.063780e+06
1275,0.180184,1.094120e+06
1300,0.180184,1.124550e+06
1325,0.180184,1.155070e+06
1350,0.180184,1.185670e+06
1375,0.180184,1.216360e+06
1400,0.180184,1.247120e+06
1425,0.180184,1.277960e+06
1450,0.180184,1.308880e+06
1475,0.180184,1.339870e+06
1500,0.180184,1.370930e+06
1525,0.180184,1.402050e+06
1550,0.180184,1.433230e+06
1575,0.180184,1.464470e+06
1600,0.180184,1.495760e+06
1625,0.180184,1.527080e+06
1650,0.180184,1.558420e+06
1675,0.180184,1.589740e+06
1700,0.180184,1.621000e+06
1725,0.180184,1.652110e+06
1750,0.180184,1.682950e+06
1775,0.180184,1.713320e+06
1800,0.180184,1.742900e+06
1825,0.180184,1.771240e+06
1850,0.180184,1.797610e+06
1875,0.180184,1.820970e+06
1900,0.180184,1.839780e+06
1925,0.180184,1.851820e+06
1950,0.180184,1.853990e+06
1975,0.180184,1.842040e+06
2000,0.180184,1.810350e+06
2025,0.180184,1.751820e+06
2050,0.180184,1.658010e+06
2075,0.180184,1.519790e+06
2100,0.180184,1.328640e+06
2125,0.180184,1.078700e+06
2150,0.180184,7.693250e+05
2175,0.180184,4.070920e+05
2200,0.180184,6.393550e+03
2225,0.180184,-1.817400e+04
2250,0.180184,4.147270e+04
2275,0.180184,1.038880e+05
2300,0.180184,1.689940e+05
2325,0.180184,2.366350e+05
2350,0.180184,3.065670e+05
2375,0.180184,3.784550e+05
2400,0.180184,4.518800e+05
2425,0.180184,5.263520e+05
2450,0.180184,6.013370e+05
2475,0.180184,6.762900e+05
2500,0.180184,7.506940e+05
2525,0.180184,8.241030e+05
2550,0.180184,8.961700e+05
2575,0.180184,9.666720e+05
2600,0.180184,1.035510e+06
2625,0.180184,1.102710e+06
2650,0.180184,1.168380e+06
2675,0.180184,1.232700e+06
2700,0.180184,1.295900e+06
2725,0.180184,1.358230e+06
2750,0.180184,1.419930e+06
2775,0.180184,1.481240e+06
2800,0.180184,1.542390e+06
2825,0.180184,1.603590e+06
2850,0.180184,1.665020e+06
2875,0.180184,1.726860e+06
2900,0.180184,1.789100e+06
2925,0.180184,1.851190e+06
2950,0.180184,1.914210e+06
2975,0.180184,1.978300e+06
3000,0.180184,2.043590e+06
3025,0.180184,2.110210e+06
3050,0.180184,2.178300e+06
3075,0.180184,2.247960e+06
3100,0.180184,2.319340e+06
3125,0.180184,2.392540e+06
3150,0.180184,2.467690e+06
3175,0.180184,2.544900e+06
3200,0.180184,2.624250e+06
3225,0.180184,2.705860e+06
3250,0.180184,2.789810e+06
3275,0.180184,2.876160e+06
3300,0.180184,2.964970e+06
3325,0.180184,3.056270e+06
3350,0.180184,3.150100e+06
3375,0.180184,3.246430e+06
3400,0.180184,3.345260e+06
3425,0.180184,3.446530e+06
3450,0.180184,3.550160e+06
3475,0.180184,3.656070e+06
3500,0.180184,3.764120e+06
3525,0.180184,3.874190e+06
3550,0.180184,3.986110e+06
3575,0.180184,4.099700e+06
3600,0.180184,4.214770e+06
3625,0.180184,4.331140e+06
3650,0.180184,4.448620e+06
3675,0.180184,4.567000e+06
3700,0.180184,4.686120e+06
3725,0.180184,4.805800e+06
3750,0.180184,4.925920e+06
3775,0.180184,5.046340e+06
3800,0.180184,5.166970e+06
3825,0.180184,5.287760e+06
3850,0.180184,5.408640e+06
3875,0.180184,5.529590e+06
3900,0.180184,5.650620e+06
3925,0.180184,5.771710e+06
3950,0.180184,5.892870e+06
3975,0.180184,6.014100e+06
4000,0.180184,6.135380e+06
4025,0.180184,6.256690e+06
4050,0.180184,6.377950e+06
4075,0.180184,6.499090e+06
4100,0.180184,6.619980e+06
4125,0.180184,6.740450e+06
4150,0.180184,6.860310e+06
4175,0.180184,6.979330e+06
4200,0.180184,7.097240e+06
4225,0.180184,7.213740e+06
4250,0.180184,7.328510e+06
4275,0.180184,7.441180e+06
4300,0.180184,7.551360e+06
4325,0.180184,7.658590e+06
4350,0.180184,7.762290e+06
4375,0.180184,7.861570e+06
4400,0.180184,7.954120e+06
4425,0.180184,7.989320e+06
4450,0.180184,8.002760e+06
4475,0.180184,8.016330e+06
4500,0.180184,8.030030e+06
4525,0.180184,8.043850e+06
4550,0.180184,8.057810e+06
4575,0.180184,8.071880e+06
4600,0.180184,8.086080e+06
4625,0.180184,8.100410e+06
4650,0.180184,8.114850e+06
4675,0.180184,8.129420e+06
4700,0.180184,8.144110e+06
4725,0.180184,8.158920e+06
4750,0.180184,8.173840e+06
4775,0.180184,8.188890e+06
4800,0.180184,8.204050e+06
4825,0.180184,8.219340e+06
4850,0.180184,8.234740e+06
4875,0.180184,8.250270e+06
4900,0.180184,8.265910e+06
4925,0.180184,8.281670e+06
4950,0.180184,8.297550e+06
4975,0.180184,8.313550e+06
5000,0.180184,8.329660e+06
300,0.320418,1.923390e+03
325,0.320418,2.792160e+04
350,0.320418,5.393720e+04
375,0.320418,7.997940e+04
400,0.320418,1.060590e+05
425,0.320418,1.321880e+05
450,0.320418,1.583790e+05
475,0.320418,1.846450e+05
500,0.320418,2.109980e+05
525,0.320418,2.374480e+05
550,0.320418,2.640080e+05
575,0.320418,2.906850e+05
600,0.320418,3.174900e+05
625,0.320418,3.444280e+05
650,0.320418,3.715060e+05
675,0.320418,3.987290e+05
700,0.320418,4.260990e+05
725,0.320418,4.536200e+05
750,0.320418,4.812930e+05
775,0.320418,5.091190e+05
800,0.320418,5.370960e+05
825,0.320418,5.652230e+05
850,0.320418,5.935000e+05
875,0.320418,6.219230e+05
900,0.320418,6.504900e+05
925,0.320418,6.791980e+05
950,0.320418,7.080450e+05
975,0.320418,7.370260e+05
1000,0.320418,7.661400e+05
1025,0.320418,7.953830e+05
1050,0.320418,8.247510e+05
1075,0.320418,8.542410e+05
1100,0.320418,8.838490e+05
1125,0.320418,9.135720e+05
1150,0.320418,9.434060e+05
1175,0.320418,9.733470e+05
1200,0.320418,1.003390e+06
1225,0.320418,1.033540e+06
1250,0.320418,1.063780e+06
1275,0.320418,1.094120e+06
1300,0.320418,1.124550e+06
1325,0.320418,1.155070e+06
1350,0.320418,1.185670e+06
1375,0.320418,1.216360e+06
1400,0.320418,1.247120e+06
1425,0.320418,1.277960e+06
1450,0.320418,1.308880e+06
1475,0.320418,1.339870e+06
1500,0.320418,1.370930e+06
1525,0.320418,1.402050e+06
1550,0.320418,1.433240e+06
1575,0.320418,1.464490e+06
1600,0.320418,1.495790e+06
1625,0.320418,1.527130e+06
1650,0.320418,1.558520e+06
1675,0.320418,1.589910e+06
1700,0.320418,1.621300e+06
1725,0.320418,1.652620e+06
1750,0.320418,1.683810e+06
1775,0.320418,1.714760e+06
1800,0.320418,1.745290e+06
1825,0.320418,1.775140e+06
1850,0.320418,1.803900e+06
1875,0.320418,1.830970e+06
1900,0.320418,1.855480e+06
1925,0.320418,1.876160e+06
1950,0.320418,1.891180e+06
1975,0.320418,1.898030e+06
2000,0.320418,1.893260e+06
2025,0.320418,1.872320e+06
2050,0.320418,1.829390e+06
2075,0.320418,1.757460e+06
2100,0.320418,1.648590e+06
2125,0.320418,1.494760e+06
2150,0.320418,1.289260e+06
2175,0.320418,1.028530e+06
2200,0.320418,7.142560e+05
2225,0.320418,3.545640e+05
2250,0.320418,-3.605980e+04
2275,0.320418,1.712140e+04
2300,0.320418,7.447720e+04
2325,0.320418,1.344650e+05
2350,0.320418,1.970600e+05
2375,0.320418,2.621730e+05
2400,0.320418,3.296470e+05
2425,0.320418,3.992440e+05
2450,0.320418,4.706480e+05
2475,0.320418,5.434710e+05
2500,0.320418,6.172640e+05
2525,0.320418,6.915380e+05
2550,0.320418,7.657970e+05
2575,0.320418,8.395660e+05
2600,0.320418,9.124300e+05
2625,0.320418,9.840610e+05
2650,0.320418,1.054230e+06
2675,0.320418,1.122840e+06
2700,0.320418,1.189860e+06
2725,0.320418,1.255390e+06
2750,0.320418,1.319570e+06
2775,0.320418,1.382590e+06
2800,0.320418,1.444680e+06
2825,0.320418,1.506060e+06
2850,0.320418,1.566950e+06
2875,0.320418,1.627580e+06
2900,0.320418,1.687970e+06
2925,0.320418,1.747580e+06
2950,0.320418,1.807540e+06
2975,0.320418,1.868020e+06
3000,0.320418,1.929150e+06
3025,0.320418,1.991080e+06
3050,0.320418,2.053940e+06
3075,0.320418,2.117860e+06
3100,0.320418,2.182960e+06
3125,0.320418,2.249340e+06
3150,0.320418,2.317130e+06
3175,0.320418,2.386430e+06
3200,0.320418,2.457340e+06
3225,0.320418,2.529960e+06
3250,0.320418,2.604380e+06
3275,0.320418,2.680680e+06
3300,0.320418,2.758950e+06
3325,0.320418,2.839250e+06
3350,0.320418,2.921630e+06
3375,0.320418,3.006140e+06
3400,0.320418,3.092820e+06
3425,0.320418,3.181660e+06
3450,0.320418,3.272680e+06
3475,0.320418,3.365850e+06
3500,0.320418,3.461140e+06
3525,0.320418,3.558470e+06
3550,0.320418,3.657790e+06
3575,0.320418,3.758980e+06
3600,0.320418,3.861950e+06
3625,0.320418,3.966540e+06
3650,0.320418,4.072640e+06
3675,0.320418,4.180070e+06
3700,0.320418,4.288670e+06
3725,0.320418,4.398290e+06
3750,0.320418,4.508760e+06
3775,0.320418,4.619910e+06
3800,0.320418,4.731590e+06
3825,0.320418,4.843670e+06
3850,0.320418,4.956030e+06
3875,0.320418,5.068550e+06
3900,0.320418,5.181170e+06
3925,0.320418,5.293810e+06
3950,0.320418,5.406440e+06
3975,0.320418,5.519030e+06
4000,0.320418,5.631580e+06
4025,0.320418,5.744100e+06
4050,0.320418,5.856580e+06
4075,0.320418,5.969060e+06
4100,0.320418,6.081530e+06
4125,0.320418,6.193990e+06
4150,0.320418,6.306430e+06
4175,0.320418,6.418810e+06
4200,0.320418,6.531080e+06
4225,0.320418,6.643150e+06
4250,0.320418,6.754900e+06
4275,0.320418,6.866200e+06
4300,0.320418,6.976860e+06
4325,0.320418,7.086700e+06
4350,0.320418,7.195480e+06
4375,0.320418,7.302960e+06
4400,0.320418,7.408860e+06
4425,0.320418,7.512880e+06
4450,0.320418,7.614680e+06
4475,0.320418,7.713890e+06
4500,0.320418,7.810040e+06
4525,0.320418,7.902450e+06
4550,0.320418,7.989850e+06
4575,0.320418,8.062360e+06
4600,0.320418,8.076340e+06
4625,0.320418,8.090460e+06
4650,0.320418,8.104710e+06
4675,0.320418,8.119090e+06
4700,0.320418,8.133600e+06
4725,0.320418,8.148230e+06
4750,0.320418,8.162990e+06
4775,0.320418,8.177870e+06
4800,0.320418,8.192870e+06
4825,0.320418,8.207990e+06
4850,0.320418,8.223230e+06
4875,0.320418,8.238590e+06
4900,0.320418,8.254070e+06
4925,0.320418,8.269660e+06
4950,0.320418,8.285370e+06
4975,0.320418,8.301190e+06
5000,0.320418,8.317120e+06
300,0.569792,1.923390e+03
325,0.569792,2.792160e+04
350,0.569792,5.393720e+04
375,0.569792,7.997940e+04
400,0.569792,1.060590e+05
425,0.569792,1.321880e+05
450,0.569792,1.583790e+05
475,0.569792,1.846450e+05
500,0.569792,2.109980e+05
525,0.569792,2.374480e+05
550,0.569792,2.640080e+05
575,0.569792,2.906850e+05
600,0.569792,3.174900e+05
625,0.569792,3.444280e+05
650,0.569792,3.715060e+05
675,0.569792,3.987290e+05
700,0.569792,4.260990e+05
725,0.569792,4.536200e+05
750,0.569792,4.812930e+05
775,0.569792,5.091190e+05
800,0.569792,5.370960e+05
825,0.569792,5.652230e+05
850,0.569792,5.935000e+05
875,0.569792,6.219230e+05
900,0.569792,6.504900e+05
925,0.569792,6.791980e+05
950,0.569792,7.080450e+05
975,0.569792,7.370260e+05
1000,0.569792,7.661400e+05
1025,0.569792,7.953830e+05
1050,0.569792,8.247510e+05
1075,0.569792,8.542410e+05
1100,0.569792,8.838490e+05
1125,0.569792,9.135720e+05
1150,0.569792,9.434060e+05
1175,0.569792,9.733470e+05
1200,0.569792,1.003390e+06
1225,0.569792,1.033540e+06
1250,0.569792,1.063780e+06
1275,0.569792,1.094120e+06
1300,0.569792,1.124550e+06
1325,0.569792,1.155070e+06
1350,0.569792,1.185670e+06
1375,0.569792,1.216360e+06
1400,0.569792,1.247120e+06
1425,0.569792,1.277960e+06
1450,0.569792,1.308880e+06
1475,0.569792,1.339870e+06
1500,0.569792,1.370930e+06
1525,0.569792,1.402050e+06
1550,0.569792,1.433240e+06
1575,0.569792,1.464500e+06
1600,0.569792,1.495800e+06
1625,0.569792,1.527160e+06
1650,0.569792,1.558570e+06
1675,0.569792,1.590010e+06
1700,0.569792,1.621460e+06
1725,0.569792,1.652900e+06
1750,0.569792,1.684300e+06
1775,0.569792,1.715570e+06
1800,0.569792,1.746640e+06
1825,0.569792,1.777330e+06
1850,0.569792,1.807440e+06
1875,0.569792,1.836610e+06
1900,0.569792,1.864360e+06
1925,0.569792,1.889950e+06
1950,0.569792,1.912340e+06
1975,0.569792,1.930070e+06
2000,0.569792,1.941100e+06
2025,0.569792,1.942690e+06
2050,0.569792,1.931190e+06
2075,0.569792,1.901930e+06
2100,0.569792,1.849190e+06
2125,0.569792,1.766290e+06
2150,0.569792,1.646110e+06
2175,0.569792,1.481900e+06
2200,0.569792,1.268620e+06
2225,0.569792,1.004510e+06
2250,0.569792,6.926580e+05
2275,0.569792,3.416670e+05
2300,0.569792,-2.321250e+03
2325,0.569792,5.016760e+04
2350,0.569792,1.050730e+05
2375,0.569792,1.624490e+05
2400,0.569792,2.223140e+05
2425,0.569792,2.846360e+05
2450,0.569792,3.493300e+05
2475,0.569792,4.162460e+05
2500,0.569792,4.851670e+05
2525,0.569792,5.558080e+05
2550,0.569792,6.278190e+05
2575,0.569792,7.007940e+05
2600,0.569792,7.742930e+05
2625,0.569792,8.478610e+05
2650,0.569792,9.210600e+05
2675,0.569792,9.934930e+05
2700,0.569792,1.064830e+06
2725,0.569792,1.134850e+06
2750,0.569792,1.203390e+06
2775,0.569792,1.270420e+06
2800,0.569792,1.335970e+06
2825,0.569792,1.400160e+06
2850,0.569792,1.463140e+06
2875,0.569792,1.525110e+06
2900,0.569792,1.586080e+06
2925,0.569792,1.645550e+06
2950,0.569792,1.704670e+06
2975,0.569792,1.763640e+06
3000,0.569792,1.822660e+06
3025,0.569792,1.881900e+06
3050,0.569792,1.941510e+06
3075,0.569792,2.001640e+06
3100,0.569792,2.062420e+06
3125,0.569792,2.123990e+06
3150,0.569792,2.186450e+06
3175,0.569792,2.249930e+06
3200,0.569792,2.314520e+06
3225,0.569792,2.380320e+06
3250,0.569792,2.447430e+06
3275,0.569792,2.515940e+06
3300,0.569792,2.585940e+06
3325,0.569792,2.657490e+06
3350,0.569792,2.730670e+06
3375,0.569792,2.805550e+06
3400,0.569792,2.882170e+06
3425,0.569792,2.960600e+06
3450,0.569792,3.040860e+06
3475,0.569792,3.122980e+06
3500,0.569792,3.206970e+06
3525,0.569792,3.292840e+06
3550,0.569792,3.380560e+06
3575,0.569792,3.470110e+06
3600,0.569792,3.561450e+06
3625,0.569792,3.654520e+06
3650,0.569792,3.749230e+06
3675,0.569792,3.845510e+06
3700,0.569792,3.943240e+06
3725,0.569792,4.042320e+06
3750,0.569792,4.142620e+06
3775,0.569792,4.244010e+06
3800,0.569792,4.346340e+06
3825,0.569792,4.449490e+06
3850,0.569792,4.553300e+06
3875,0.569792,4.657640e+06
3900,0.569792,4.762380e+06
3925,0.569792,4.867400e+06
3950,0.569792,4.972600e+06
3975,0.569792,5.077870e+06
4000,0.569792,5.183160e+06
4025,0.569792,5.288390e+06
4050,0.569792,5.393530e+06
4075,0.569792,5.498540e+06
4100,0.569792,5.603430e+06
4125,0.569792,5.708190e+06
4150,0.569792,5.812830e+06
4175,0.569792,5.917360e+06
4200,0.569792,6.021820e+06
4225,0.569792,6.126210e+06
4250,0.569792,6.230540e+06
4275,0.569792,6.334810e+06
4300,0.569792,6.439010e+06
4325,0.569792,6.543110e+06
4350,0.569792,6.647050e+06
4375,0.569792,6.750760e+06
4400,0.569792,6.854160e+06
4425,0.569792,6.957120e+06
4450,0.569792,7.059500e+06
4475,0.569792,7.161150e+06
4500,0.569792,7.261870e+06
4525,0.569792,7.361470e+06
4550,0.569792,7.459730e+06
4575,0.569792,7.556390e+06
4600,0.569792,7.651200e+06
4625,0.569792,7.743860e+06
4650,0.569792,7.834010e+06
4675,0.569792,7.921220e+06
4700,0.569792,8.004820e+06
4725,0.569792,8.083550e+06
4750,0.569792,8.152630e+06
4775,0.569792,8.167450e+06
4800,0.569792,8.182220e+06
4825,0.569792,8.197130e+06
4850,0.569792,8.212160e+06
4875,0.569792,8.227320e+06
4900,0.569792,8.242600e+06
4925,0.569792,8.258000e+06
4950,0.569792,8.273520e+06
4975,0.569792,8.289160e+06
5000,0.569792,8.304910e+06
300,1.01325,1.923390e+03
325,1.01325,2.792160e+04
350,1.01325,5.393720e+04
375,1.01325,7.997940e+04
400,1.01325,1.060590e+05
425,1.01325,1.321880e+05
450,1.01325,1.583790e+05
475,1.01325,1.846450e+05
500,1.01325,2.109980e+05
525,1.01325,2.374480e+05
550,1.01325,2.640080e+05
575,1.01325,2.906850e+05
600,1.01325,3.174900e+05
625,1.01325,3.444280e+05
650,1.01325,3.715060e+05
675,1.01325,3.987290e+05
700,1.01325,4.260990e+05
725,1.01325,4.536200e+05
750,1.01325,4.812930e+05
775,1.01325,5.091190e+05
800,1.01325,5.370960e+05
825,1.01325,5.652230e+05
850,1.01325,5.935000e+05
875,1.01325,6.219230e+05
900,1.01325,6.504900e+05
925,1.01325,6.791980e+05
950,1.01325,7.080450e+05
975,1.01325,7.370260e+05
1000,1.01325,7.661400e+05
1025,1.01325,7.953830e+05
1050,1.01325,8.247510e+05
1075,1.01325,8.542410e+05
1100,1.01325,8.838490e+05
1125,1.01325,9.135720e+05
1150,1.01325,9.434060e+05
1175,1.01325,9.733470e+05
1200,1.01325,1.003390e+06
1225,1.01325,1.033540e+06
1250,1.01325,1.063780e+06
1275,1.01325,1.094120e+06
1300,1.01325,1.124550e+06
1325,1.01325,1.155070e+06
1350,1.01325,1.185670e+06
1375,1.01325,1.216360e+06
1400,1.01325,1.247120e+06
1425,1.01325,1.277960e+06
1450,1.01325,1.308880e+06
1475,1.01325,1.339870e+06
1500,1.01325,1.370930e+06
1525,1.01325,1.402060e+06
1550,1.01325,1.433250e+06
1575,1.01325,1.464500e+06
1600,1.01325,1.495810e+06
1625,1.01325,1.527180e+06
1650,1.01325,1.558600e+06
1675,1.01325,1.590060e+06
1700,1.01325,1.621550e+06
1725,1.01325,1.653070e+06
1750,1.01325,1.684570e+06
1775,1.01325,1.716030e+06
1800,1.01325,1.747390e+06
1825,1.01325,1.778570e+06
1850,1.01325,1.809430e+06
1875,1.01325,1.839790e+06
1900,1.01325,1.869360e+06
1925,1.01325,1.897730e+06
1950,1.01325,1.924310e+06
1975,1.01325,1.948260e+06
2000,1.01325,1.968410e+06
2025,1.01325,1.983130e+06
2050,1.01325,1.990270e+06
2075,1.01325,1.986940e+06
2100,1.01325,1.969450e+06
2125,1.01325,1.933220e+06
2150,1.01325,1.872830e+06
2175,1.01325,1.782200e+06
2200,1.01325,1.655120e+06
2225,1.01325,1.486090e+06
2250,1.01325,1.271440e+06
2275,1.01325,1.010640e+06
2300,1.01325,7.073520e+05
2325,1.01325,3.698420e+05
2350,1.01325,3.131380e+04
2375,1.01325,8.144410e+04
2400,1.01325,1.337870e+05
2425,1.01325,1.884170e+05
2450,1.01325,2.453820e+05
2475,1.01325,3.046940e+05
2500,1.01325,3.663280e+05
2525,1.01325,4.302070e+05
2550,1.01325,4.962020e+05
2575,1.01325,5.641250e+05
2600,1.01325,6.337280e+05
2625,1.01325,7.047040e+05
2650,1.01325,7.766970e+05
2675,1.01325,8.493130e+05
2700,1.01325,9.221400e+05
2725,1.01325,9.947700e+05
2750,1.01325,1.066820e+06
2775,1.01325,1.137970e+06
2800,1.01325,1.207950e+06
2825,1.01325,1.276580e+06
2850,1.01325,1.343790e+06
2875,1.01325,1.409550e+06
2900,1.01325,1.473760e+06
2925,1.01325,1.535770e+06
2950,1.01325,1.596710e+06
2975,1.01325,1.656770e+06
3000,1.01325,1.716160e+06
3025,1.01325,1.775070e+06
3050,1.01325,1.833690e+06
3075,1.01325,1.892200e+06
3100,1.01325,1.950780e+06
3125,1.01325,2.009570e+06
3150,1.01325,2.068720e+06
3175,1.01325,2.128370e+06
3200,1.01325,2.188640e+06
3225,1.01325,2.249630e+06
3250,1.01325,2.311460e+06
3275,1.01325,2.374230e+06
3300,1.01325,2.438010e+06
3325,1.01325,2.502910e+06
3350,1.01325,2.569000e+06
3375,1.01325,2.636350e+06
3400,1.01325,2.705030e+06
3425,1.01325,2.775100e+06
3450,1.01325,2.846630e+06
3475,1.01325,2.919650e+06
3500,1.01325,2.994210e+06
3525,1.01325,3.070340e+06
3550,1.01325,3.148060e+06
3575,1.01325,3.227390e+06
3600,1.01325,3.308330e+06
3625,1.01325,3.390870e+06
3650,1.01325,3.474990e+06
3675,1.01325,3.560670e+06
3700,1.01325,3.647850e+06
3725,1.01325,3.736480e+06
3750,1.01325,3.826500e+06
3775,1.01325,3.917820e+06
3800,1.01325,4.010360e+06
3825,1.01325,4.104010e+06
3850,1.01325,4.198680e+06
3875,1.01325,4.294260e+06
3900,1.01325,4.390610e+06
3925,1.01325,4.487630e+06
3950,1.01325,4.585190e+06
3975,1.01325,4.683190e+06
4000,1.01325,4.781500e+06
4025,1.01325,4.880020e+06
4050,1.01325,4.978660e+06
4075,1.01325,5.077340e+06
4100,1.01325,5.175970e+06
4125,1.01325,5.274510e+06
4150,1.01325,5.372910e+06
4175,1.01325,5.471130e+06
4200,1.01325,5.569160e+06
4225,1.01325,5.666990e+06
4250,1.01325,5.764620e+06
4275,1.01325,5.862080e+06
4300,1.01325,5.959360e+06
4325,1.01325,6.056510e+06
4350,1.01325,6.153530e+06
4375,1.01325,6.250440e+06
4400,1.01325,6.347260e+06
4425,1.01325,6.443980e+06
4450,1.01325,6.540600e+06
4475,1.01325,6.637090e+06
4500,1.01325,6.733420e+06
4525,1.01325,6.829530e+06
4550,1.01325,6.925350e+06
4575,1.01325,7.020790e+06
4600,1.01325,7.115750e+06
4625,1.01325,7.210100e+06
4650,1.01325,7.303700e+06
4675,1.01325,7.396390e+06
4700,1.01325,7.488000e+06
4725,1.01325,7.578340e+06
4750,1.01325,7.667210e+06
4775,1.01325,7.754380e+06
4800,1.01325,7.839600e+06
4825,1.01325,7.922560e+06
4850,1.01325,8.002920e+06
4875,1.01325,8.080150e+06
4900,1.01325,8.153410e+06
4925,1.01325,8.220700e+06
4950,1.01325,8.262450e+06
4975,1.01325,8.277850e+06
5000,1.01325,8.293360e+06
300,1.80184,1.923390e+03
325,1.80184,2.792160e+04
350,1.80184,5.393720e+04
375,1.80184,7.997940e+04
400,1.80184,1.060590e+05
425,1.80184,1.321880e+05
450,1.80184,1.583790e+05
475,1.80184,1.846450e+05
500,1.80184,2.109980e+05
525,1.80184,2.374480e+05
550,1.80184,2.640080e+05
575,1.80184,2.906850e+05
600,1.80184,3.174900e+05
625,1.80184,3.444280e+05
650,1.80184,3.715060e+05
675,1.80184,3.987290e+05
700,1.80184,4.260990e+05
725,1.80184,4.536200e+05
750,1.80184,4.812930e+05
775,1.80184,5.091190e+05
800,1.80184,5.370960e+05
825,1.80184,5.652230e+05
850,1.80184,5.935000e+05
875,1.80184,6.219230e+05
900,1.80184,6.504900e+05
925,1.80184,6.791980e+05
950,1.80184,7.080450e+05
975,1.80184,7.370260e+05
1000,1.80184,7.661400e+05
1025,1.80184,7.953830e+05
1050,1.80184,8.247510e+05
1075,1.80184,8.542410e+05
1100,1.80184,8.838490e+05
1125,1.80184,9.135720e+05
1150,1.80184,9.434060e+05
1175,1.80184,9.733470e+05
1200,1.80184,1.003390e+06
1225,1.80184,1.033540e+06
1250,1.80184,1.063780e+06
1275,1.80184,1.094120e+06
1300,1.80184,1.124550e+06
1325,1.80184,1.155070e+06
1350,1.80184,1.185670e+06
1375,1.80184,1.216360e+06
1400,1.80184,1.247120e+06
1425,1.80184,1.277960e+06
1450,1.80184,1.308880e+06
1475,1.80184,1.339870e+06
1500,1.80184,1.370930e+06
1525,1.80184,1.402060e+06
1550,1.80184,1.433250e+06
1575,1.80184,1.464500e+06
1600,1.80184,1.495820e+06
1625,1.80184,1.527190e+06
1650,1.80184,1.558620e+06
1675,1.80184,1.590090e+06
1700,1.80184,1.621610e+06
1725,1.80184,1.653160e+06
1750,1.80184,1.684720e+06
1775,1.80184,1.716290e+06
1800,1.80184,1.747820e+06
1825,1.80184,1.779260e+06
1850,1.80184,1.810550e+06
1875,1.80184,1.841580e+06
1900,1.80184,1.872180e+06
1925,1.80184,1.902120e+06
1950,1.80184,1.931070e+06
1975,1.80184,1.958550e+06
2000,1.80184,1.983880e+06
2025,1.80184,2.006150e+06
2050,1.80184,2.024090e+06
2075,1.80184,2.035990e+06
2100,1.80184,2.039620e+06
2125,1.80184,2.032110e+06
2150,1.80184,2.009870e+06
2175,1.80184,1.968580e+06
2200,1.80184,1.903280e+06
2225,1.80184,1.808590e+06
2250,1.80184,1.679260e+06
2275,1.80184,1.510860e+06
2300,1.80184,1.300740e+06
2325,1.80184,1.049030e+06
2350,1.80184,7.593830e+05
2375,1.80184,4.391780e+05
2400,1.80184,9.896130e+04
2425,1.80184,1.114610e+05
2450,1.80184,1.611860e+05
2475,1.80184,2.129930e+05
2500,1.80184,2.669510e+05
2525,1.80184,3.231040e+05
2550,1.80184,3.814680e+05
2575,1.80184,4.420260e+05
2600,1.80184,5.047190e+05
2625,1.80184,5.694440e+05
2650,1.80184,6.360450e+05
2675,1.80184,7.043170e+05
2700,1.80184,7.740010e+05
2725,1.80184,8.447940e+05
2750,1.80184,9.163530e+05
2775,1.80184,9.883080e+05
2800,1.80184,1.060280e+06
2825,1.80184,1.131920e+06
2850,1.80184,1.202880e+06
2875,1.80184,1.272890e+06
2900,1.80184,1.341550e+06
2925,1.80184,1.407960e+06
2950,1.80184,1.473020e+06
2975,1.80184,1.536740e+06
3000,1.80184,1.599200e+06
3025,1.80184,1.660530e+06
3050,1.80184,1.720880e+06
3075,1.80184,1.780420e+06
3100,1.80184,1.839330e+06
3125,1.80184,1.897780e+06
3150,1.80184,1.955960e+06
3175,1.80184,2.014020e+06
3200,1.80184,2.072130e+06
3225,1.80184,2.130410e+06
3250,1.80184,2.189020e+06
3275,1.80184,2.248060e+06
3300,1.80184,2.307640e+06
3325,1.80184,2.367880e+06
3350,1.80184,2.428870e+06
3375,1.80184,2.490680e+06
3400,1.80184,2.553410e+06
3425,1.80184,2.617130e+06
3450,1.80184,2.681900e+06
3475,1.80184,2.747790e+06
3500,1.80184,2.814850e+06
3525,1.80184,2.883130e+06
3550,1.80184,2.952680e+06
3575,1.80184,3.023540e+06
3600,1.80184,3.095720e+06
3625,1.80184,3.169260e+06
3650,1.80184,3.244170e+06
3675,1.80184,3.320460e+06
3700,1.80184,3.398130e+06
3725,1.80184,3.477160e+06
3750,1.80184,3.557530e+06
3775,1.80184,3.639210e+06
3800,1.80184,3.722170e+06
3825,1.80184,3.806360e+06
3850,1.80184,3.891710e+06
3875,1.80184,3.978170e+06
3900,1.80184,4.065650e+06
3925,1.80184,4.154070e+06
3950,1.80184,4.243360e+06
3975,1.80184,4.333400e+06
4000,1.80184,4.424120e+06
4025,1.80184,4.515400e+06
4050,1.80184,4.607140e+06
4075,1.80184,4.699260e+06
4100,1.80184,4.791640e+06
4125,1.80184,4.884210e+06
4150,1.80184,4.976870e+06
4175,1.80184,5.069540e+06
4200,1.80184,5.162170e+06
4225,1.80184,5.254690e+06
4250,1.80184,5.347040e+06
4275,1.80184,5.439200e+06
4300,1.80184,5.531140e+06
4325,1.80184,5.622840e+06
4350,1.80184,5.714300e+06
4375,1.80184,5.805510e+06
4400,1.80184,5.896490e+06
4425,1.80184,5.987260e+06
4450,1.80184,6.077820e+06
4475,1.80184,6.168210e+06
4500,1.80184,6.258440e+06
4525,1.80184,6.348530e+06
4550,1.80184,6.438500e+06
4575,1.80184,6.528340e+06
4600,1.80184,6.618060e+06
4625,1.80184,6.707650e+06
4650,1.80184,6.797080e+06
4675,1.80184,6.886310e+06
4700,1.80184,6.975290e+06
4725,1.80184,7.063970e+06
4750,1.80184,7.152270e+06
4775,1.80184,7.240100e+06
4800,1.80184,7.327350e+06
4825,1.80184,7.413900e+06
4850,1.80184,7.499640e+06
4875,1.80184,7.584420e+06
4900,1.80184,7.668080e+06
4925,1.80184,7.750460e+06
4950,1.80184,7.831380e+06
4975,1.80184,7.910630e+06
5000,1.80184,7.987990e+06
300,3.20418,1.923390e+03
325,3.20418,2.792160e+04
350,3.20418,5.393720e+04
375,3.20418,7.997940e+04
400,3.20418,1.060590e+05
425,3.20418,1.321880e+05
450,3.20418,1.583790e+05
475,3.20418,1.846450e+05
500,3.20418,2.109980e+05
525,3.20418,2.374480e+05
550,3.20418,2.640080e+05
575,3.20418,2.906850e+05
600,3.20418,3.174900e+05
625,3.20418,3.444280e+05
650,3.20418,3.715060e+05
675,3.20418,3.987290e+05
700,3.20418,4.260990e+05
725,3.20418,4.536200e+05
750,3.20418,4.812930e+05
775,3.20418,5.091190e+05
800,3.20418,5.370960e+05
825,3.20418,5.652230e+05
850,3.20418,5.935000e+05
875,3.20418,6.219230e+05
900,3.20418,6.504900e+05
925,3.20418,6.791980e+05
950,3.20418,7.080450e+05
975,3.20418,7.370260e+05
1000,3.20418,7.661400e+05
1025,3.20418,7.953830e+05
1050,3.20418,8.247510e+05
1075,3.20418,8.542410e+05
1100,3.20418,8.838490e+05
1125,3.20418,9.135720e+05
1150,3.20418,9.434060e+05
1175,3.20418,9.733470e+05
1200,3.20418,1.003390e+06
1225,3.20418,1.033540e+06
1250,3.20418,1.063780e+06
1275,3.20418,1.094120e+06
1300,3.20418,1.124550e+06
1325,3.20418,1.155070e+06
1350,3.20418,1.185670e+06
1375,3.20418,1.216360e+06
1400,3.20418,1.247120e+06
1425,3.20418,1.277960e+06
1450,3.20418,1.308880e+06
1475,3.20418,1.339870e+06
1500,3.20418,1.370930e+06
1525,3.20418,1.402060e+06
1550,3.20418,1.433250e+06
1575,3.20418,1.464500e+06
1600,3.20418,1.495820e+06
1625,3.20418,1.527200e+06
1650,3.20418,1.558630e+06
1675,3.20418,1.590110e+06
1700,3.20418,1.621640e+06
1725,3.20418,1.653210e+06
1750,3.20418,1.684810e+06
1775,3.20418,1.716430e+06
1800,3.20418,1.748060e+06
1825,3.20418,1.779650e+06
1850,3.20418,1.811180e+06
1875,3.20418,1.842580e+06
1900,3.20418,1.873760e+06
1925,3.20418,1.904590e+06
1950,3.20418,1.934870e+06
1975,3.20418,1.964350e+06
2000,3.20418,1.992630e+06
2025,3.20418,2.019190e+06
2050,3.20418,2.043300e+06
2075,3.20418,2.063980e+06
2100,3.20418,2.079920e+06
2125,3.20418,2.089400e+06
2150,3.20418,2.090230e+06
2175,3.20418,2.079640e+06
2200,3.20418,2.054270e+06
2225,3.20418,2.010180e+06
2250,3.20418,1.942970e+06
2275,3.20418,1.848020e+06
2300,3.20418,1.720940e+06
2325,3.20418,1.558170e+06
2350,3.20418,1.357760e+06
2375,3.20418,1.120040e+06
2400,3.20418,8.482570e+05
2425,3.20418,5.486020e+05
2450,3.20418,2.298490e+05
2475,3.20418,1.407350e+05
2500,3.20418,1.878440e+05
2525,3.20418,2.368180e+05
2550,3.20418,2.877360e+05
2575,3.20418,3.406600e+05
2600,3.20418,3.956370e+05
2625,3.20418,4.526890e+05
2650,3.20418,5.118100e+05
2675,3.20418,5.729630e+05
2700,3.20418,6.360720e+05
2725,3.20418,7.010180e+05
2750,3.20418,7.676410e+05
2775,3.20418,8.357320e+05
2800,3.20418,9.050430e+05
2825,3.20418,9.752840e+05
2850,3.20418,1.046140e+06
2875,3.20418,1.117270e+06
2900,3.20418,1.188170e+06
2925,3.20418,1.257790e+06
2950,3.20418,1.326690e+06
2975,3.20418,1.394660e+06
3000,3.20418,1.461520e+06
3025,3.20418,1.527170e+06
3050,3.20418,1.591560e+06
3075,3.20418,1.654720e+06
3100,3.20418,1.716710e+06
3125,3.20418,1.777630e+06
3150,3.20418,1.837610e+06
3175,3.20418,1.896810e+06
3200,3.20418,1.955380e+06
3225,3.20418,2.013490e+06
3250,3.20418,2.071290e+06
3275,3.20418,2.128930e+06
3300,3.20418,2.186550e+06
3325,3.20418,2.244290e+06
3350,3.20418,2.302280e+06
3375,3.20418,2.360610e+06
3400,3.20418,2.419400e+06
3425,3.20418,2.478750e+06
3450,3.20418,2.538720e+06
3475,3.20418,2.599420e+06
3500,3.20418,2.660900e+06
3525,3.20418,2.723230e+06
3550,3.20418,2.786480e+06
3575,3.20418,2.850690e+06
3600,3.20418,2.915910e+06
3625,3.20418,2.982190e+06
3650,3.20418,3.049550e+06
3675,3.20418,3.118030e+06
3700,3.20418,3.187660e+06
3725,3.20418,3.258440e+06
3750,3.20418,3.330390e+06
3775,3.20418,3.403520e+06
3800,3.20418,3.477810e+06
3825,3.20418,3.553270e+06
3850,3.20418,3.629860e+06
3875,3.20418,3.707560e+06
3900,3.20418,3.786350e+06
3925,3.20418,3.866180e+06
3950,3.20418,3.947000e+06
3975,3.20418,4.028750e+06
4000,3.20418,4.111390e+06
4025,3.20418,4.194830e+06
4050,3.20418,4.279010e+06
4075,3.20418,4.363860e+06
4100,3.20418,4.449280e+06
4125,3.20418,4.535210e+06
4150,3.20418,4.621550e+06
4175,3.20418,4.708230e+06
4200,3.20418,4.795160e+06
4225,3.20418,4.882270e+06
4250,3.20418,4.969470e+06
4275,3.20418,5.056700e+06
4300,3.20418,5.143890e+06
4325,3.20418,5.230990e+06
4350,3.20418,5.317940e+06
4375,3.20418,5.404700e+06
4400,3.20418,5.491240e+06
4425,3.20418,5.577530e+06
4450,3.20418,5.663570e+06
4475,3.20418,5.749330e+06
4500,3.20418,5.834820e+06
4525,3.20418,5.920040e+06
4550,3.20418,6.005000e+06
4575,3.20418,6.089730e+06
4600,3.20418,6.174230e+06
4625,3.20418,6.258530e+06
4650,3.20418,6.342640e+06
4675,3.20418,6.426590e+06
4700,3.20418,6.510380e+06
4725,3.20418,6.594030e+06
4750,3.20418,6.677540e+06
4775,3.20418,6.760910e+06
4800,3.20418,6.844130e+06
4825,3.20418,6.927170e+06
4850,3.20418,7.010010e+06
4875,3.20418,7.092610e+06
4900,3.20418,7.174920e+06
4925,3.20418,7.256890e+06
4950,3.20418,7.338420e+06
4975,3.20418,7.419460e+06
5000,3.20418,7.499910e+06
300,5.69792,1.923390e+03
325,5.69792,2.792160e+04
350,5.69792,5.393720e+04
375,5.69792,7.997940e+04
400,5.69792,1.060590e+05
425,5.69792,1.321880e+05
450,5.69792,1.583790e+05
475,5.69792,1.846450e+05
500,5.69792,2.109980e+05
525,5.69792,2.374480e+05
550,5.69792,2.640080e+05
575,5.69792,2.906850e+05
600,5.69792,3.174900e+05
625,5.69792,3.444280e+05
650,5.69792,3.715060e+05
675,5.69792,3.987290e+05
700,5.69792,4.260990e+05
725,5.69792,4.536200e+05
750,5.69792,4.812930e+05
775,5.69792,5.091190e+05
800,5.69792,5.370960e+05
825,5.69792,5.652230e+05
850,5.69792,5.935000e+05
875,5.69792,6.219230e+05
900,5.69792,6.504900e+05
925,5.69792,6.791980e+05
950,5.69792,7.080450e+05
975,5.69792,7.370260e+05
1000,5.69792,7.661400e+05
1025,5.69792,7.953830e+05
1050,5.69792,8.247510e+05
1075,5.69792,8.542410e+05
1100,5.69792,8.838490e+05
1125,5.69792,9.135720e+05
1150,5.69792,9.434060e+05
1175,5.69792,9.733470e+05
1200,5.69792,1.003390e+06
1225,5.69792,1.033540e+06
1250,5.69792,1.063780e+06
1275,5.69792,1.094120e+06
1300,5.69792,1.124550e+06
1325,5.69792,1.155070e+06
1350,5.69792,1.185670e+06
1375,5.69792,1.216360e+06
1400,5.69792,1.247120e+06
1425,5.69792,1.277960e+06
1450,5.69792,1.308880e+06
1475,5.69792,1.339870e+06
1500,5.69792,1.370930e+06
1525,5.69792,1.402060e+06
1550,5.69792,1.433250e+06
1575,5.69792,1.464510e+06
1600,5.69792,1.495820e+06
1625,5.69792,1.527200e+06
1650,5.69792,1.558630e+06
1675,5.69792,1.590120e+06
1700,5.69792,1.621650e+06
1725,5.69792,1.653230e+06
1750,5.69792,1.684860e+06
1775,5.69792,1.716510e+06
1800,5.69792,1.748190e+06
1825,5.69792,1.779870e+06
1850,5.69792,1.811540e+06
1875,5.69792,1.843150e+06
1900,5.69792,1.874650e+06
1925,5.69792,1.905980e+06
1950,5.69792,1.937020e+06
1975,5.69792,1.967610e+06
2000,5.69792,1.997560e+06
2025,5.69792,2.026540e+06
2050,5.69792,2.054160e+06
2075,5.69792,2.079850e+06
2100,5.69792,2.102850e+06
2125,5.69792,2.122170e+06
2150,5.69792,2.136510e+06
2175,5.69792,2.144200e+06
2200,5.69792,2.143150e+06
2225,5.69792,2.130820e+06
2250,5.69792,2.104160e+06
2275,5.69792,2.059680e+06
2300,5.69792,1.993590e+06
2325,5.69792,1.901980e+06
2350,5.69792,1.781220e+06
2375,5.69792,1.628440e+06
2400,5.69792,1.442080e+06
2425,5.69792,1.222430e+06
2450,5.69792,9.720580e+05
2475,5.69792,6.958790e+05
2500,5.69792,4.008990e+05
2525,5.69792,1.697630e+05
2550,5.69792,2.143160e+05
2575,5.69792,2.605120e+05
2600,5.69792,3.084300e+05
2625,5.69792,3.581440e+05
2650,5.69792,4.097150e+05
2675,5.69792,4.631910e+05
2700,5.69792,5.186030e+05
2725,5.69792,5.759570e+05
2750,5.69792,6.352360e+05
2775,5.69792,6.963920e+05
2800,5.69792,7.593450e+05
2825,5.69792,8.239760e+05
2850,5.69792,8.901300e+05
2875,5.69792,9.576110e+05
2900,5.69792,1.026050e+06
2925,5.69792,1.094560e+06
2950,5.69792,1.163530e+06
2975,5.69792,1.232690e+06
3000,5.69792,1.301750e+06
3025,5.69792,1.370430e+06
3050,5.69792,1.438510e+06
3075,5.69792,1.505760e+06
3100,5.69792,1.572030e+06
3125,5.69792,1.637220e+06
3150,5.69792,1.701260e+06
3175,5.69792,1.764160e+06
3200,5.69792,1.825960e+06
3225,5.69792,1.886720e+06
3250,5.69792,1.946570e+06
3275,5.69792,2.005630e+06
3300,5.69792,2.064020e+06
3325,5.69792,2.121910e+06
3350,5.69792,2.179420e+06
3375,5.69792,2.236700e+06
3400,5.69792,2.293890e+06
3425,5.69792,2.351090e+06
3450,5.69792,2.408440e+06
3475,5.69792,2.466030e+06
3500,5.69792,2.523970e+06
3525,5.69792,2.582340e+06
3550,5.69792,2.641220e+06
3575,5.69792,2.700690e+06
3600,5.69792,2.760800e+06
3625,5.69792,2.821630e+06
3650,5.69792,2.883230e+06
3675,5.69792,2.945640e+06
3700,5.69792,3.008900e+06
3725,5.69792,3.073050e+06
3750,5.69792,3.138120e+06
3775,5.69792,3.204140e+06
3800,5.69792,3.271120e+06
3825,5.69792,3.339090e+06
3850,5.69792,3.408040e+06
3875,5.69792,3.477990e+06
3900,5.69792,3.548920e+06
3925,5.69792,3.620840e+06
3950,5.69792,3.693720e+06
3975,5.69792,3.767540e+06
4000,5.69792,3.842290e+06
4025,5.69792,3.917910e+06
4050,5.69792,3.994390e+06
4075,5.69792,4.071670e+06
4100,5.69792,4.149710e+06
4125,5.69792,4.228450e+06
4150,5.69792,4.307840e+06
4175,5.69792,4.387810e+06
4200,5.69792,4.468310e+06
4225,5.69792,4.549260e+06
4250,5.69792,4.630590e+06
4275,5.69792,4.712250e+06
4300,5.69792,4.794150e+06
4325,5.69792,4.876240e+06
4350,5.69792,4.958440e+06
4375,5.69792,5.040700e+06
4400,5.69792,5.122950e+06
4425,5.69792,5.205140e+06
4450,5.69792,5.287220e+06
4475,5.69792,5.369150e+06
4500,5.69792,5.450890e+06
4525,5.69792,5.532400e+06
4550,5.69792,5.613670e+06
4575,5.69792,5.694660e+06
4600,5.69792,5.775380e+06
4625,5.69792,5.855820e+06
4650,5.69792,5.935970e+06
4675,5.69792,6.015840e+06
4700,5.69792,6.095440e+06
4725,5.69792,6.174780e+06
4750,5.69792,6.253890e+06
4775,5.69792,6.332760e+06
4800,5.69792,6.411430e+06
4825,5.69792,6.489910e+06
4850,5.69792,6.568210e+06
4875,5.69792,6.646340e+06
4900,5.69792,6.724320e+06
4925,5.69792,6.802150e+06
4950,5.69792,6.879830e+06
4975,5.69792,6.957350e+06
5000,5.69792,7.034700e+06
300,10.1325,1.923390e+03
325,10.1325,2.792160e+04
350,10.1325,5.393720e+04
375,10.1325,7.997940e+04
400,10.1325,1.060590e+05
425,10.1325,1.321880e+05
450,10.1325,1.583790e+05
475,10.1325,1.846450e+05
500,10.1325,2.109980e+05
525,10.1325,2.374480e+05
550,10.1325,2.640080e+05
575,10.1325,2.906850e+05
600,10.1325,3.174900e+05
625,10.1325,3.444280e+05
650,10.1325,3.715060e+05
675,10.1325,3.987290e+05
700,10.1325,4.260990e+05
725,10.1325,4.536200e+05
750,10.1325,4.812930e+05
775,10.1325,5.091190e+05
800,10.1325,5.370960e+05
825,10.1325,5.652230e+05
850,10.1325,5.935000e+05
875,10.1325,6.219230e+05
900,10.1325,6.504900e+05
925,10.1325,6.791980e+05
950,10.1325,7.080450e+05
975,10.1325,7.370260e+05
1000,10.1325,7.661400e+05
1025,10.1325,7.953830e+05
1050,10.1325,8.247510e+05
1075,10.1325,8.542410e+05
1100,10.1325,8.838490e+05
1125,10.1325,9.135720e+05
1150,10.1325,9.434060e+05
1175,10.1325,9.733470e+05
1200,10.1325,1.003390e+06
1225,10.1325,1.033540e+06
1250,10.1325,1.063780e+06
1275,10.1325,1.094120e+06
1300,10.1325,1.124550e+06
1325,10.1325,1.155070e+06
1350,10.1325,1.185670e+06
1375,10.1325,1.216360e+06
1400,10.1325,1.247120e+06
1425,10.1325,1.277960e+06
1450,10.1325,1.308880e+06
1475,10.1325,1.339870e+06
1500,10.1325,1.370930e+06
1525,10.1325,1.402060e+06
1550,10.1325,1.433250e+06
1575,10.1325,1.464510e+06
1600,10.1325,1.495820e+06
1625,10.1325,1.527200e+06
1650,10.1325,1.558630e+06
1675,10.1325,1.590120e+06
1700,10.1325,1.621660e+06
1725,10.1325,1.653250e+06
1750,10.1325,1.684880e+06
1775,10.1325,1.716560e+06
1800,10.1325,1.748270e+06
1825,10.1325,1.780000e+06
1850,10.1325,1.811740e+06
1875,10.1325,1.843470e+06
1900,10.1325,1.875150e+06
1925,10.1325,1.906760e+06
1950,10.1325,1.938220e+06
1975,10.1325,1.969450e+06
2000,10.1325,2.000330e+06
2025,10.1325,2.030690e+06
2050,10.1325,2.060290e+06
2075,10.1325,2.088810e+06
2100,10.1325,2.115830e+06
2125,10.1325,2.140770e+06
2150,10.1325,2.162880e+06
2175,10.1325,2.181190e+06
2200,10.1325,2.194460e+06
2225,10.1325,2.201130e+06
2250,10.1325,2.199300e+06
2275,10.1325,2.186670e+06
2300,10.1325,2.160590e+06
2325,10.1325,2.118060e+06
2350,10.1325,2.055870e+06
2375,10.1325,1.970780e+06
2400,10.1325,1.859800e+06
2425,10.1325,1.720580e+06
2450,10.1325,1.551760e+06
2475,10.1325,1.353450e+06
2500,10.1325,1.127470e+06
2525,10.1325,8.774580e+05
2550,10.1325,6.087610e+05
2575,10.1325,3.279790e+05
2600,10.1325,2.411090e+05
2625,10.1325,2.846400e+05
2650,10.1325,3.296710e+05
2675,10.1325,3.762750e+05
2700,10.1325,4.245200e+05
2725,10.1325,4.744670e+05
2750,10.1325,5.261660e+05
2775,10.1325,5.796520e+05
2800,10.1325,6.349450e+05
2825,10.1325,6.920480e+05
2850,10.1325,7.509370e+05
2875,10.1325,8.115660e+05
2900,10.1325,8.737510e+05
2925,10.1325,9.368860e+05
2950,10.1325,1.001340e+06
2975,10.1325,1.066950e+06
3000,10.1325,1.133510e+06
3025,10.1325,1.200820e+06
3050,10.1325,1.268640e+06
3075,10.1325,1.336710e+06
3100,10.1325,1.404800e+06
3125,10.1325,1.472650e+06
3150,10.1325,1.540040e+06
3175,10.1325,1.606770e+06
3200,10.1325,1.672680e+06
3225,10.1325,1.737650e+06
3250,10.1325,1.801610e+06
3275,10.1325,1.864510e+06
3300,10.1325,1.926380e+06
3325,10.1325,1.987260e+06
3350,10.1325,2.047210e+06
3375,10.1325,2.106350e+06
3400,10.1325,2.164770e+06
3425,10.1325,2.222620e+06
3450,10.1325,2.280010e+06
3475,10.1325,2.337060e+06
3500,10.1325,2.393910e+06
3525,10.1325,2.450660e+06
3550,10.1325,2.507430e+06
3575,10.1325,2.564320e+06
3600,10.1325,2.621420e+06
3625,10.1325,2.678820e+06
3650,10.1325,2.736600e+06
3675,10.1325,2.794820e+06
3700,10.1325,2.853550e+06
3725,10.1325,2.912840e+06
3750,10.1325,2.972760e+06
3775,10.1325,3.033330e+06
3800,10.1325,3.094600e+06
3825,10.1325,3.156610e+06
3850,10.1325,3.219380e+06
3875,10.1325,3.282940e+06
3900,10.1325,3.347300e+06
3925,10.1325,3.412480e+06
3950,10.1325,3.478480e+06
3975,10.1325,3.545320e+06
4000,10.1325,3.612990e+06
4025,10.1325,3.681480e+06
4050,10.1325,3.750790e+06
4075,10.1325,3.820900e+06
4100,10.1325,3.891790e+06
4125,10.1325,3.963430e+06
4150,10.1325,4.035800e+06
4175,10.1325,4.108870e+06
4200,10.1325,4.182590e+06
4225,10.1325,4.256930e+06
4250,10.1325,4.331840e+06
4275,10.1325,4.407270e+06
4300,10.1325,4.483180e+06
4325,10.1325,4.559500e+06
4350,10.1325,4.636200e+06
4375,10.1325,4.713200e+06
4400,10.1325,4.790470e+06
4425,10.1325,4.867920e+06
4450,10.1325,4.945530e+06
4475,10.1325,5.023220e+06
4500,10.1325,5.100950e+06
4525,10.1325,5.178670e+06
4550,10.1325,5.256320e+06
4575,10.1325,5.333880e+06
4600,10.1325,5.411290e+06
4625,10.1325,5.488520e+06
4650,10.1325,5.565550e+06
4675,10.1325,5.642350e+06
4700,10.1325,5.718890e+06
4725,10.1325,5.795160e+06
4750,10.1325,5.871160e+06
4775,10.1325,5.946870e+06
4800,10.1325,6.022300e+06
4825,10.1325,6.097450e+06
4850,10.1325,6.172320e+06
4875,10.1325,6.246930e+06
4900,10.1325,6.321280e+06
4925,10.1325,6.395390e+06
4950,10.1325,6.469270e+06
4975,10.1325,6.542940e+06
5000,10.1325,6.616420e+06
300,18.0184,1.923390e+03
325,18.0184,2.792160e+04
350,18.0184,5.393720e+04
375,18.0184,7.997940e+04
400,18.0184,1.060590e+05
425,18.0184,1.321880e+05
450,18.0184,1.583790e+05
475,18.0184,1.846450e+05
500,18.0184,2.109980e+05
525,18.0184,2.374480e+05
550,18.0184,2.640080e+05
575,18.0184,2.906850e+05
600,18.0184,3.174900e+05
625,18.0184,3.444280e+05
650,18.0184,3.715060e+05
675,18.0184,3.987290e+05
700,18.0184,4.260990e+05
725,18.0184,4.536200e+05
750,18.0184,4.812930e+05
775,18.0184,5.091190e+05
800,18.0184,5.370960e+05
825,18.0184,5.652230e+05
850,18.0184,5.935000e+05
875,18.0184,6.219230e+05
900,18.0184,6.504900e+05
925,18.0184,6.791980e+05
950,18.0184,7.080450e+05
975,18.0184,7.370260e+05
1000,18.0184,7.661400e+05
1025,18.0184,7.953830e+05
1050,18.0184,8.247510e+05
1075,18.0184,8.542410e+05
1100,18.0184,8.838490e+05
1125,18.0184,9.135720e+05
1150,18.0184,9.434060e+05
1175,18.0184,9.733470e+05
1200,18.0184,1.003390e+06
1225,18.0184,1.033540e+06
1250,18.0184,1.063780e+06
1275,18.0184,1.094120e+06
1300,18.0184,1.124550e+06
1325,18.0184,1.155070e+06
1350,18.0184,1.185670e+06
1375,18.0184,1.216360e+06
1400,18.0184,1.247120e+06
1425,18.0184,1.277960e+06
1450,18.0184,1.308880e+06
1475,18.0184,1.339870e+06
1500,18.0184,1.370930e+06
1525,18.0184,1.402060e+06
1550,18.0184,1.433250e+06
1575,18.0184,1.464510e+06
1600,18.0184,1.495820e+06
1625,18.0184,1.527200e+06
1650,18.0184,1.558630e+06
1675,18.0184,1.590120e+06
1700,18.0184,1.621670e+06
1725,18.0184,1.653260e+06
1750,18.0184,1.684900e+06
1775,18.0184,1.716580e+06
1800,18.0184,1.748310e+06
1825,18.0184,1.780070e+06
1850,18.0184,1.811850e+06
1875,18.0184,1.843640e+06
1900,18.0184,1.875440e+06
1925,18.0184,1.907200e+06
1950,18.0184,1.938900e+06
1975,18.0184,1.970490e+06
2000,18.0184,2.001890e+06
2025,18.0184,2.033020e+06
2050,18.0184,2.063740e+06
2075,18.0184,2.093860e+06
2100,18.0184,2.123150e+06
2125,18.0184,2.151280e+06
2150,18.0184,2.177830e+06
2175,18.0184,2.202220e+06
2200,18.0184,2.223740e+06
2225,18.0184,2.241480e+06
2250,18.0184,2.254300e+06
2275,18.0184,2.260800e+06
2300,18.0184,2.259290e+06
2325,18.0184,2.247800e+06
2350,18.0184,2.224050e+06
2375,18.0184,2.185530e+06
2400,18.0184,2.129610e+06
2425,18.0184,2.053620e+06
2450,18.0184,1.955130e+06
2475,18.0184,1.832150e+06
2500,18.0184,1.683490e+06
2525,18.0184,1.508990e+06
2550,18.0184,1.309760e+06
2575,18.0184,1.088310e+06
2600,18.0184,8.484630e+05
2625,18.0184,5.951470e+05
2650,18.0184,3.340010e+05
2675,18.0184,3.096900e+05
2700,18.0184,3.520040e+05
2725,18.0184,3.956700e+05
2750,18.0184,4.407540e+05
2775,18.0184,4.873220e+05
2800,18.0184,5.354290e+05
2825,18.0184,5.851270e+05
2850,18.0184,6.364570e+05
2875,18.0184,6.894490e+05
2900,18.0184,7.440440e+05
2925,18.0184,7.998740e+05
2950,18.0184,8.572750e+05
2975,18.0184,9.162050e+05
3000,18.0184,9.765990e+05
3025,18.0184,1.038370e+06
3050,18.0184,1.101410e+06
3075,18.0184,1.165570e+06
3100,18.0184,1.230710e+06
3125,18.0184,1.296640e+06
3150,18.0184,1.363160e+06
3175,18.0184,1.430070e+06
3200,18.0184,1.497130e+06
3225,18.0184,1.564150e+06
3250,18.0184,1.630900e+06
3275,18.0184,1.697200e+06
3300,18.0184,1.762880e+06
3325,18.0184,1.827800e+06
3350,18.0184,1.891860e+06
3375,18.0184,1.955000e+06
3400,18.0184,2.017170e+06
3425,18.0184,2.078410e+06
3450,18.0184,2.138730e+06
3475,18.0184,2.198210e+06
3500,18.0184,2.256920e+06
3525,18.0184,2.314970e+06
3550,18.0184,2.372460e+06
3575,18.0184,2.429510e+06
3600,18.0184,2.486210e+06
3625,18.0184,2.542690e+06
3650,18.0184,2.599040e+06
3675,18.0184,2.655360e+06
3700,18.0184,2.711750e+06
3725,18.0184,2.768290e+06
3750,18.0184,2.825050e+06
3775,18.0184,2.882110e+06
3800,18.0184,2.939520e+06
3825,18.0184,2.997350e+06
3850,18.0184,3.055650e+06
3875,18.0184,3.114450e+06
3900,18.0184,3.173810e+06
3925,18.0184,3.233740e+06
3950,18.0184,3.294290e+06
3975,18.0184,3.355470e+06
4000,18.0184,3.417310e+06
4025,18.0184,3.479820e+06
4050,18.0184,3.543010e+06
4075,18.0184,3.606880e+06
4100,18.0184,3.671450e+06
4125,18.0184,3.736700e+06
4150,18.0184,3.802640e+06
4175,18.0184,3.869250e+06
4200,18.0184,3.936520e+06
4225,18.0184,4.004430e+06
4250,18.0184,4.072960e+06
4275,18.0184,4.142100e+06
4300,18.0184,4.211800e+06
4325,18.0184,4.282040e+06
4350,18.0184,4.352800e+06
4375,18.0184,4.424020e+06
4400,18.0184,4.495670e+06
4425,18.0184,4.567720e+06
4450,18.0184,4.640110e+06
4475,18.0184,4.712820e+06
4500,18.0184,4.785780e+06
4525,18.0184,4.858960e+06
4550,18.0184,4.932310e+06
4575,18.0184,5.005790e+06
4600,18.0184,5.079340e+06
4625,18.0184,5.152940e+06
4650,18.0184,5.226530e+06
4675,18.0184,5.300070e+06
4700,18.0184,5.373530e+06
4725,18.0184,5.446880e+06
4750,18.0184,5.520080e+06
4775,18.0184,5.593100e+06
4800,18.0184,5.665920e+06
4825,18.0184,5.738510e+06
4850,18.0184,5.810860e+06
4875,18.0184,5.882960e+06
4900,18.0184,5.954800e+06
4925,18.0184,6.026360e+06
4950,18.0184,6.097640e+06
4975,18.0184,6.168650e+06
5000,18.0184,6.239400e+06
300,32.0418,1.923390e+03
325,32.0418,2.792160e+04
350,32.0418,5.393720e+04
375,32.0418,7.997940e+04
400,32.0418,1.060590e+05
425,32.0418,1.321880e+05
450,32.0418,1.583790e+05
475,32.0418,1.846450e+05
500,32.0418,2.109980e+05
525,32.0418,2.374480e+05
550,32.0418,2.640080e+05
575,32.0418,2.906850e+05
600,32.0418,3.174900e+05
625,32.0418,3.444280e+05
650,32.0418,3.715060e+05
675,32.0418,3.987290e+05
700,32.0418,4.260990e+05
725,32.0418,4.536200e+05
750,32.0418,4.812930e+05
775,32.0418,5.091190e+05
800,32.0418,5.370960e+05
825,32.0418,5.652230e+05
850,32.0418,5.935000e+05
875,32.0418,6.219230e+05
900,32.0418,6.504900e+05
925,32.0418,6.791980e+05
950,32.0418,7.080450e+05
975,32.0418,7.370260e+05
1000,32.0418,7.661400e+05
1025,32.0418,7.953830e+05
1050,32.0418,8.247510e+05
1075,32.0418,8.542410e+05
1100,32.0418,8.838490e+05
1125,32.0418,9.135720e+05
1150,32.0418,9.434060e+05
1175,32.0418,9.733470e+05
1200,32.0418,1.003390e+06
1225,32.0418,1.033540e+06
1250,32.0418,1.063780e+06
1275,32.0418,1.094120e+06
1300,32.0418,1.124550e+06
1325,32.0418,1.155070e+06
1350,32.0418,1.185670e+06
1375,32.0418,1.216360e+06
1400,32.0418,1.247120e+06
1425,32.0418,1.277960e+06
1450,32.0418,1.308880e+06
1475,32.0418,1.339870e+06
1500,32.0418,1.370930e+06
1525,32.0418,1.402060e+06
1550,32.0418,1.433250e+06
1575,32.0418,1.464510e+06
1600,32.0418,1.495820e+06
1625,32.0418,1.527200e+06
1650,32.0418,1.558640e+06
1675,32.0418,1.590130e+06
1700,32.0418,1.621670e+06
1725,32.0418,1.653260e+06
1750,32.0418,1.684910e+06
1775,32.0418,1.716600e+06
1800,32.0418,1.748330e+06
1825,32.0418,1.780110e+06
1850,32.0418,1.811910e+06
1875,32.0418,1.843740e+06
1900,32.0418,1.875590e+06
1925,32.0418,1.907450e+06
1950,32.0418,1.939280e+06
1975,32.0418,1.971070e+06
2000,32.0418,2.002770e+06
2025,32.0418,2.034330e+06
2050,32.0418,2.065680e+06
2075,32.0418,2.096710e+06
2100,32.0418,2.127280e+06
2125,32.0418,2.157210e+06
2150,32.0418,2.186260e+06
2175,32.0418,2.214110e+06
2200,32.0418,2.240340e+06
2225,32.0418,2.264440e+06
2250,32.0418,2.285730e+06
2275,32.0418,2.303380e+06
2300,32.0418,2.316400e+06
2325,32.0418,2.323560e+06
2350,32.0418,2.323430e+06
2375,32.0418,2.314330e+06
2400,32.0418,2.294400e+06
2425,32.0418,2.261590e+06
2450,32.0418,2.213750e+06
2475,32.0418,2.148750e+06
2500,32.0418,2.064610e+06
2525,32.0418,1.959680e+06
2550,32.0418,1.832840e+06
2575,32.0418,1.683740e+06
2600,32.0418,1.512900e+06
2625,32.0418,1.321860e+06
2650,32.0418,1.113170e+06
2675,32.0418,8.902750e+05
2700,32.0418,6.573150e+05
2725,32.0418,4.188260e+05
2750,32.0418,3.758610e+05
2775,32.0418,4.168140e+05
2800,32.0418,4.589710e+05
2825,32.0418,5.023890e+05
2850,32.0418,5.471290e+05
2875,32.0418,5.932440e+05
2900,32.0418,6.407330e+05
2925,32.0418,6.893840e+05
2950,32.0418,7.394730e+05
2975,32.0418,7.910220e+05
3000,32.0418,8.440420e+05
3025,32.0418,8.985340e+05
3050,32.0418,9.544830e+05
3075,32.0418,1.011860e+06
3100,32.0418,1.070620e+06
3125,32.0418,1.130700e+06
3150,32.0418,1.192010e+06
3175,32.0418,1.254450e+06
3200,32.0418,1.317890e+06
3225,32.0418,1.382200e+06
3250,32.0418,1.447220e+06
3275,32.0418,1.512770e+06
3300,32.0418,1.578660e+06
3325,32.0418,1.644710e+06
3350,32.0418,1.710740e+06
3375,32.0418,1.776550e+06
3400,32.0418,1.841980e+06
3425,32.0418,1.906880e+06
3450,32.0418,1.971120e+06
3475,32.0418,2.034600e+06
3500,32.0418,2.097270e+06
3525,32.0418,2.159070e+06
3550,32.0418,2.220010e+06
3575,32.0418,2.280110e+06
3600,32.0418,2.339410e+06
3625,32.0418,2.397970e+06
3650,32.0418,2.455880e+06
3675,32.0418,2.513220e+06
3700,32.0418,2.570080e+06
3725,32.0418,2.626570e+06
3750,32.0418,2.682780e+06
3775,32.0418,2.738790e+06
3800,32.0418,2.794710e+06
3825,32.0418,2.850610e+06
3850,32.0418,2.906560e+06
3875,32.0418,2.962650e+06
3900,32.0418,3.018940e+06
3925,32.0418,3.075490e+06
3950,32.0418,3.132340e+06
3975,32.0418,3.189540e+06
4000,32.0418,3.247140e+06
4025,32.0418,3.305180e+06
4050,32.0418,3.363680e+06
4075,32.0418,3.422660e+06
4100,32.0418,3.482160e+06
4125,32.0418,3.542190e+06
4150,32.0418,3.602770e+06
4175,32.0418,3.663890e+06
4200,32.0418,3.725580e+06
4225,32.0418,3.787830e+06
4250,32.0418,3.850650e+06
4275,32.0418,3.914020e+06
4300,32.0418,3.977950e+06
4325,32.0418,4.042410e+06
4350,32.0418,4.107410e+06
4375,32.0418,4.172910e+06
4400,32.0418,4.238910e+06
4425,32.0418,4.305380e+06
4450,32.0418,4.372300e+06
4475,32.0418,4.439640e+06
4500,32.0418,4.507380e+06
4525,32.0418,4.575470e+06
4550,32.0418,4.643900e+06
4575,32.0418,4.712630e+06
4600,32.0418,4.781610e+06
4625,32.0418,4.850830e+06
4650,32.0418,4.920240e+06
4675,32.0418,4.989810e+06
4700,32.0418,5.059490e+06
4725,32.0418,5.129260e+06
4750,32.0418,5.199070e+06
4775,32.0418,5.268900e+06
4800,32.0418,5.338700e+06
4825,32.0418,5.408460e+06
4850,32.0418,5.478130e+06
4875,32.0418,5.547680e+06
4900,32.0418,5.617100e+06
4925,32.0418,5.686360e+06
4950,32.0418,5.755430e+06
4975,32.0418,5.824300e+06
5000,32.0418,5.892950e+06
300,56.9792,1.923390e+03
325,56.9792,2.792160e+04
350,56.9792,5.393720e+04
375,56.9792,7.997940e+04
400,56.9792,1.060590e+05
425,56.9792,1.321880e+05
450,56.9792,1.583790e+05
475,56.9792,1.846450e+05
500,56.9792,2.109980e+05
525,56.9792,2.374480e+05
550,56.9792,2.640080e+05
575,56.9792,2.906850e+05
600,56.9792,3.174900e+05
625,56.9792,3.444280e+05
650,56.9792,3.715060e+05
675,56.9792,3.987290e+05
700,56.9792,4.260990e+05
725,56.9792,4.536200e+05
750,56.9792,4.812930e+05
775,56.9792,5.091190e+05
800,56.9792,5.370960e+05
825,56.9792,5.652230e+05
850,56.9792,5.935000e+05
875,56.9792,6.219230e+05
900,56.9792,6.504900e+05
925,56.9792,6.791980e+05
950,56.9792,7.080450e+05
975,56.9792,7.370260e+05
1000,56.9792,7.661400e+05
1025,56.9792,7.953830e+05
1050,56.9792,8.247510e+05
1075,56.9792,8.542410e+05
1100,56.9792,8.838490e+05
1125,56.9792,9.135720e+05
1150,56.9792,9.434060e+05
1175,56.9792,9.733470e+05
1200,56.9792,1.003390e+06
1225,56.9792,1.033540e+06
1250,56.9792,1.063780e+06
1275,56.9792,1.094120e+06
1300,56.9792,1.124550e+06
1325,56.9792,1.155070e+06
1350,56.9792,1.185670e+06
1375,56.9792,1.216360e+06
1400,56.9792,1.247120e+06
1425,56.9792,1.277960e+06
1450,56.9792,1.308880e+06
1475,56.9792,1.339870e+06
1500,56.9792,1.370930e+06
1525,56.9792,1.402060e+06
1550,56.9792,1.433250e+06
1575,56.9792,1.464510e+06
1600,56.9792,1.495820e+06
1625,56.9792,1.527200e+06
1650,56.9792,1.558640e+06
1675,56.9792,1.590130e+06
1700,56.9792,1.621670e+06
1725,56.9792,1.653270e+06
1750,56.9792,1.684910e+06
1775,56.9792,1.716610e+06
1800,56.9792,1.748350e+06
1825,56.9792,1.780130e+06
1850,56.9792,1.811950e+06
1875,56.9792,1.843800e+06
1900,56.9792,1.875680e+06
1925,56.9792,1.907580e+06
1950,56.9792,1.939490e+06
1975,56.9792,1.971390e+06
2000,56.9792,2.003260e+06
2025,56.9792,2.035070e+06
2050,56.9792,2.066770e+06
2075,56.9792,2.098310e+06
2100,56.9792,2.129600e+06
2125,56.9792,2.160550e+06
2150,56.9792,2.191020e+06
2175,56.9792,2.220820e+06
2200,56.9792,2.249720e+06
2225,56.9792,2.277430e+06
2250,56.9792,2.303550e+06
2275,56.9792,2.327620e+06
2300,56.9792,2.349040e+06
2325,56.9792,2.367100e+06
2350,56.9792,2.380920e+06
2375,56.9792,2.389490e+06
2400,56.9792,2.391620e+06
2425,56.9792,2.385950e+06
2450,56.9792,2.370970e+06
2475,56.9792,2.345060e+06
2500,56.9792,2.306520e+06
2525,56.9792,2.253660e+06
2550,56.9792,2.184890e+06
2575,56.9792,2.098870e+06
2600,56.9792,1.994570e+06
2625,56.9792,1.871510e+06
2650,56.9792,1.729780e+06
2675,56.9792,1.570190e+06
2700,56.9792,1.394270e+06
2725,56.9792,1.204240e+06
2750,56.9792,1.002940e+06
2775,56.9792,7.936260e+05
2800,56.9792,5.797900e+05
2825,56.9792,4.400570e+05
2850,56.9792,4.795610e+05
2875,56.9792,5.201200e+05
2900,56.9792,5.617520e+05
2925,56.9792,6.043410e+05
2950,56.9792,6.480920e+05
2975,56.9792,6.930470e+05
3000,56.9792,7.392460e+05
3025,56.9792,7.867240e+05
3050,56.9792,8.355100e+05
3075,56.9792,8.856290e+05
3100,56.9792,9.370940e+05
3125,56.9792,9.899120e+05
3150,56.9792,1.044080e+06
3175,56.9792,1.099580e+06
3200,56.9792,1.156390e+06
3225,56.9792,1.214460e+06
3250,56.9792,1.273730e+06
3275,56.9792,1.334140e+06
3300,56.9792,1.395600e+06
3325,56.9792,1.457990e+06
3350,56.9792,1.521200e+06
3375,56.9792,1.585100e+06
3400,56.9792,1.649530e+06
3425,56.9792,1.714350e+06
3450,56.9792,1.779380e+06
3475,56.9792,1.844460e+06
3500,56.9792,1.909440e+06
3525,56.9792,1.974160e+06
3550,56.9792,2.038480e+06
3575,56.9792,2.102280e+06
3600,56.9792,2.165450e+06
3625,56.9792,2.227930e+06
3650,56.9792,2.289650e+06
3675,56.9792,2.350590e+06
3700,56.9792,2.410760e+06
3725,56.9792,2.470160e+06
3750,56.9792,2.528840e+06
3775,56.9792,2.586860e+06
3800,56.9792,2.644290e+06
3825,56.9792,2.701190e+06
3850,56.9792,2.757640e+06
3875,56.9792,2.813750e+06
3900,56.9792,2.869570e+06
3925,56.9792,2.925200e+06
3950,56.9792,2.980710e+06
3975,56.9792,3.036170e+06
4000,56.9792,3.091650e+06
4025,56.9792,3.147220e+06
4050,56.9792,3.202920e+06
4075,56.9792,3.258820e+06
4100,56.9792,3.314950e+06
4125,56.9792,3.371360e+06
4150,56.9792,3.428080e+06
4175,56.9792,3.485140e+06
4200,56.9792,3.542570e+06
4225,56.9792,3.600400e+06
4250,56.9792,3.658640e+06
4275,56.9792,3.717300e+06
4300,56.9792,3.776400e+06
4325,56.9792,3.835940e+06
4350,56.9792,3.895940e+06
4375,56.9792,3.956380e+06
4400,56.9792,4.017280e+06
4425,56.9792,4.078620e+06
4450,56.9792,4.140400e+06
4475,56.9792,4.202610e+06
4500,56.9792,4.265240e+06
4525,56.9792,4.328270e+06
4550,56.9792,4.391700e+06
4575,56.9792,4.455490e+06
4600,56.9792,4.519640e+06
4625,56.9792,4.584120e+06
4650,56.9792,4.648910e+06
4675,56.9792,4.713980e+06
4700,56.9792,4.779310e+06
4725,56.9792,4.844870e+06
4750,56.9792,4.910630e+06
4775,56.9792,4.976570e+06
4800,56.9792,5.042660e+06
4825,56.9792,5.108860e+06
4850,56.9792,5.175160e+06
4875,56.9792,5.241510e+06
4900,56.9792,5.307900e+06
4925,56.9792,5.374290e+06
4950,56.9792,5.440660e+06
4975,56.9792,5.506990e+06
5000,56.9792,5.573240e+06
300,101.325,1.923390e+03
325,101.325,2.792160e+04
350,101.325,5.393720e+04
375,101.325,7.997940e+04
400,101.325,1.060590e+05
425,101.325,1.321880e+05
450,101.325,1.583790e+05
475,101.325,1.846450e+05
500,101.325,2.109980e+05
525,101.325,2.374480e+05
550,101.325,2.640080e+05
575,101.325,2.906850e+05
600,101.325,3.174900e+05
625,101.325,3.444280e+05
650,101.325,3.715060e+05
675,101.325,3.987290e+05
700,101.325,4.260990e+05
725,101.325,4.536200e+05
750,101.325,4.812930e+05
775,101.325,5.091190e+05
800,101.325,5.370960e+05
825,101.325,5.652230e+05
850,101.325,5.935000e+05
875,101.325,6.219230e+05
900,101.325,6.504900e+05
925,101.325,6.791980e+05
950,101.325,7.080450e+05
975,101.325,7.370260e+05
1000,101.325,7.661400e+05
1025,101.325,7.953830e+05
1050,101.325,8.247510e+05
1075,101.325,8.542410e+05
1100,101.325,8.838490e+05
1125,101.325,9.135720e+05
1150,101.325,9.434060e+05
1175,101.325,9.733470e+05
1200,101.325,1.003390e+06
1225,101.325,1.033540e+06
1250,101.325,1.063780e+06
1275,101.325,1.094120e+06
1300,101.325,1.124550e+06
1325,101.325,1.155070e+06
1350,101.325,1.185670e+06
1375,101.325,1.216360e+06
1400,101.325,1.247120e+06
1425,101.325,1.277960e+06
1450,101.325,1.308880e+06
1475,101.325,1.339870e+06
1500,101.325,1.370930e+06
1525,101.325,1.402060e+06
1550,101.325,1.433250e+06
1575,101.325,1.464510e+06
1600,101.325,1.495820e+06
1625,101.325,1.527200e+06
1650,101.325,1.558640e+06
1675,101.325,1.590130e+06
1700,101.325,1.621670e+06
1725,101.325,1.653270e+06
1750,101.325,1.684920e+06
1775,101.325,1.716610e+06
1800,101.325,1.748350e+06
1825,101.325,1.780140e+06
1850,101.325,1.811970e+06
1875,101.325,1.843830e+06
1900,101.325,1.875730e+06
1925,101.325,1.907660e+06
1950,101.325,1.939610e+06
1975,101.325,1.971580e+06
2000,101.325,2.003540e+06
2025,101.325,2.035480e+06
2050,101.325,2.067380e+06
2075,101.325,2.099200e+06
2100,101.325,2.130910e+06
2125,101.325,2.162430e+06
2150,101.325,2.193690e+06
2175,101.325,2.224600e+06
2200,101.325,2.255010e+06
2225,101.325,2.284750e+06
2250,101.325,2.313620e+06
2275,101.325,2.341330e+06
2300,101.325,2.367560e+06
2325,101.325,2.391870e+06
2350,101.325,2.413780e+06
2375,101.325,2.432660e+06
2400,101.325,2.447820e+06
2425,101.325,2.458400e+06
2450,101.325,2.463470e+06
2475,101.325,2.461940e+06
2500,101.325,2.452650e+06
2525,101.325,2.434330e+06
2550,101.325,2.405670e+06
2575,101.325,2.365380e+06
2600,101.325,2.312200e+06
2625,101.325,2.245050e+06
2650,101.325,2.163060e+06
2675,101.325,2.065670e+06
2700,101.325,1.952730e+06
2725,101.325,1.824530e+06
2750,101.325,1.681890e+06
2775,101.325,1.526090e+06
2800,101.325,1.358910e+06
2825,101.325,1.182500e+06
2850,101.325,9.993080e+05
2875,101.325,8.119300e+05
2900,101.325,6.189090e+05
2925,101.325,5.406020e+05
2950,101.325,5.793450e+05
2975,101.325,6.190090e+05
3000,101.325,6.596370e+05
3025,101.325,7.012710e+05
3050,101.325,7.439490e+05
3075,101.325,7.877100e+05
3100,101.325,8.325900e+05
3125,101.325,8.786210e+05
3150,101.325,9.258320e+05
3175,101.325,9.742470e+05
3200,101.325,1.023880e+06
3225,101.325,1.074760e+06
3250,101.325,1.126870e+06
3275,101.325,1.180220e+06
3300,101.325,1.234800e+06
3325,101.325,1.290580e+06
3350,101.325,1.347530e+06
3375,101.325,1.405600e+06
3400,101.325,1.464740e+06
3425,101.325,1.524880e+06
3450,101.325,1.585920e+06
3475,101.325,1.647780e+06
3500,101.325,1.710350e+06
3525,101.325,1.773510e+06
3550,101.325,1.837120e+06
3575,101.325,1.901050e+06
3600,101.325,1.965160e+06
3625,101.325,2.029310e+06
3650,101.325,2.093370e+06
3675,101.325,2.157190e+06
3700,101.325,2.220660e+06
3725,101.325,2.283680e+06
3750,101.325,2.346140e+06
3775,101.325,2.407990e+06
3800,101.325,2.469170e+06
3825,101.325,2.529650e+06
3850,101.325,2.589430e+06
3875,101.325,2.648510e+06
3900,101.325,2.706920e+06
3925,101.325,2.764710e+06
3950,101.325,2.821920e+06
3975,101.325,2.878620e+06
4000,101.325,2.934880e+06
4025,101.325,2.990750e+06
4050,101.325,3.046320e+06
4075,101.325,3.101660e+06
4100,101.325,3.156820e+06
4125,101.325,3.211880e+06
4150,101.325,3.266890e+06
4175,101.325,3.321910e+06
4200,101.325,3.377000e+06
4225,101.325,3.432190e+06
4250,101.325,3.487530e+06
4275,101.325,3.543060e+06
4300,101.325,3.598810e+06
4325,101.325,3.654810e+06
4350,101.325,3.711080e+06
4375,101.325,3.767640e+06
4400,101.325,3.824520e+06
4425,101.325,3.881720e+06
4450,101.325,3.939250e+06
4475,101.325,3.997130e+06
4500,101.325,4.055360e+06
4525,101.325,4.113940e+06
4550,101.325,4.172870e+06
4575,101.325,4.232150e+06
4600,101.325,4.291780e+06
4625,101.325,4.351740e+06
4650,101.325,4.412030e+06
4675,101.325,4.472640e+06
4700,101.325,4.533550e+06
4725,101.325,4.594760e+06
4750,101.325,4.656240e+06
4775,101.325,4.717990e+06
4800,101.325,4.779970e+06
4825,101.325,4.842190e+06
4850,101.325,4.904600e+06
4875,101.325,4.967200e+06
4900,101.325,5.029960e+06
4925,101.325,5.092870e+06
4950,101.325,5.155890e+06
4975,101.325,5.219000e+06
5000,101.325,5.282190e+06
300,180.184,1.923390e+03
325,180.184,2.792160e+04
350,180.184,5.393720e+04
375,180.184,7.997940e+04
400,180.184,1.060590e+05
425,180.184,1.321880e+05
450,180.184,1.583790e+05
475,180.184,1.846450e+05
500,180.184,2.109980e+05
525,180.184,2.374480e+05
550,180.184,2.640080e+05
575,180.184,2.906850e+05
600,180.184,3.174900e+05
625,180.184,3.444280e+05
650,180.184,3.715060e+05
675,180.184,3.987290e+05
700,180.184,4.260990e+05
725,180.184,4.536200e+05
750,180.184,4.812930e+05
775,180.184,5.091190e+05
800,180.184,5.370960e+05
825,180.184,5.652230e+05
850,180.184,5.935000e+05
875,180.184,6.219230e+05
900,180.184,6.504900e+05
925,180.184,6.791980e+05
950,180.184,7.080450e+05
975,180.184,7.370260e+05
1000,180.184,7.661400e+05
1025,180.184,7.953830e+05
1050,180.184,8.247510e+05
1075,180.184,8.542410e+05
1100,180.184,8.838490e+05
1125,180.184,9.135720e+05
1150,180.184,9.434060e+05
1175,180.184,9.733470e+05
1200,180.184,1.003390e+06
1225,180.184,1.033540e+06
1250,180.184,1.063780e+06
1275,180.184,1.094120e+06
1300,180.184,1.124550e+06
1325,180.184,1.155070e+06
1350,180.184,1.185670e+06
1375,180.184,1.216360e+06
1400,180.184,1.247120e+06
1425,180.184,1.277960e+06
1450,180.184,1.308880e+06
1475,180.184,1.339870e+06
1500,180.184,1.370930e+06
1525,180.184,1.402060e+06
1550,180.184,1.433250e+06
1575,180.184,1.464510e+06
1600,180.184,1.495820e+06
1625,180.184,1.527200e+06
1650,180.184,1.558640e+06
1675,180.184,1.590130e+06
1700,180.184,1.621670e+06
1725,180.184,1.653270e+06
1750,180.184,1.684920e+06
1775,180.184,1.716610e+06
1800,180.184,1.748360e+06
1825,180.184,1.780150e+06
1850,180.184,1.811980e+06
1875,180.184,1.843850e+06
1900,180.184,1.875760e+06
1925,180.184,1.907710e+06
1950,180.184,1.939680e+06
1975,180.184,1.971680e+06
2000,180.184,2.003690e+06
2025,180.184,2.035710e+06
2050,180.184,2.067730e+06
2075,180.184,2.099710e+06
2100,180.184,2.131640e+06
2125,180.184,2.163490e+06
2150,180.184,2.195200e+06
2175,180.184,2.226720e+06
2200,180.184,2.257980e+06
2225,180.184,2.288880e+06
2250,180.184,2.319300e+06
2275,180.184,2.349070e+06
2300,180.184,2.378020e+06
2325,180.184,2.405900e+06
2350,180.184,2.432410e+06
2375,180.184,2.457220e+06
2400,180.184,2.479910e+06
2425,180.184,2.499970e+06
2450,180.184,2.516840e+06
2475,180.184,2.529860e+06
2500,180.184,2.538300e+06
2525,180.184,2.541320e+06
2550,180.184,2.538050e+06
2575,180.184,2.527520e+06
2600,180.184,2.508770e+06
2625,180.184,2.480810e+06
2650,180.184,2.442700e+06
2675,180.184,2.393600e+06
2700,180.184,2.332780e+06
2725,180.184,2.259720e+06
2750,180.184,2.174150e+06
2775,180.184,2.076080e+06
2800,180.184,1.965840e+06
2825,180.184,1.844090e+06
2850,180.184,1.711830e+06
2875,180.184,1.570370e+06
2900,180.184,1.417830e+06
2925,180.184,1.293500e+06
2950,180.184,1.313030e+06
2975,180.184,1.332510e+06
3000,180.184,1.351880e+06
3025,180.184,1.371100e+06
3050,180.184,1.390120e+06
3075,180.184,1.408910e+06
3100,180.184,1.427410e+06
3125,180.184,1.445590e+06
3150,180.184,1.463400e+06
3175,180.184,1.480820e+06
3200,180.184,1.497800e+06
3225,180.184,1.514310e+06
3250,180.184,1.530330e+06
3275,180.184,1.545820e+06
3300,180.184,1.560750e+06
3325,180.184,1.575110e+06
3350,180.184,1.588870e+06
3375,180.184,1.602020e+06
3400,180.184,1.614540e+06
3425,180.184,1.626420e+06
3450,180.184,1.637650e+06
3475,180.184,1.648240e+06
3500,180.184,1.658170e+06
3525,180.184,1.667450e+06
3550,180.184,1.676090e+06
3575,180.184,1.702090e+06
3600,180.184,1.762320e+06
3625,180.184,1.823310e+06
3650,180.184,1.884960e+06
3675,180.184,1.947150e+06
3700,180.184,2.009800e+06
3725,180.184,2.072770e+06
3750,180.184,2.135960e+06
3775,180.184,2.199240e+06
3800,180.184,2.262480e+06
3825,180.184,2.325580e+06
3850,180.184,2.388420e+06
3875,180.184,2.450900e+06
3900,180.184,2.512950e+06
3925,180.184,2.574480e+06
3950,180.184,2.635440e+06
3975,180.184,2.695790e+06
4000,180.184,2.755510e+06
4025,180.184,2.814590e+06
4050,180.184,2.873040e+06
4075,180.184,2.930900e+06
4100,180.184,2.988180e+06
4125,180.184,3.044930e+06
4150,180.184,3.101220e+06
4175,180.184,3.157080e+06
4200,180.184,3.212580e+06
4225,180.184,3.267780e+06
4250,180.184,3.322740e+06
4275,180.184,3.377510e+06
4300,180.184,3.432150e+06
4325,180.184,3.486710e+06
4350,180.184,3.541240e+06
4375,180.184,3.595780e+06
4400,180.184,3.650370e+06
4425,180.184,3.705050e+06
4450,180.184,3.759860e+06
4475,180.184,3.814810e+06
4500,180.184,3.869930e+06
4525,180.184,3.925250e+06
4550,180.184,3.980780e+06
4575,180.184,4.036540e+06
4600,180.184,4.092540e+06
4625,180.184,4.148790e+06
4650,180.184,4.205300e+06
4675,180.184,4.262060e+06
4700,180.184,4.319090e+06
4725,180.184,4.376390e+06
4750,180.184,4.433940e+06
4775,180.184,4.491750e+06
4800,180.184,4.549820e+06
4825,180.184,4.608130e+06
4850,180.184,4.666670e+06
4875,180.184,4.725450e+06
4900,180.184,4.784440e+06
4925,180.184,4.843630e+06
4950,180.184,4.903020e+06
4975,180.184,4.962580e+06
5000,180.184,5.022310e+06
300,320.418,1.923390e+03
325,320.418,2.792160e+04
350,320.418,5.393720e+04
375,320.418,7.997940e+04
400,320.418,1.060590e+05
425,320.418,1.321880e+05
450,320.418,1.583790e+05
475,320.418,1.846450e+05
500,320.418,2.109980e+05
525,320.418,2.374480e+05
550,320.418,2.640080e+05
575,320.418,2.906850e+05
600,320.418,3.174900e+05
625,320.418,3.444280e+05
650,320.418,3.715060e+05
675,320.418,3.987290e+05
700,320.418,4.260990e+05
725,320.418,4.536200e+05
750,320.418,4.812930e+05
775,320.418,5.091190e+05
800,320.418,5.370960e+05
825,320.418,5.652230e+05
850,320.418,5.935000e+05
875,320.418,6.219230e+05
900,320.418,6.504900e+05
925,320.418,6.791980e+05
950,320.418,7.080450e+05
975,320.418,7.370260e+05
1000,320.418,7.661400e+05
1025,320.418,7.953830e+05
1050,320.418,8.247510e+05
1075,320.418,8.542410e+05
1100,320.418,8.838490e+05
1125,320.418,9.135720e+05
1150,320.418,9.434060e+05
1175,320.418,9.733470e+05
1200,320.418,1.003390e+06
1225,320.418,1.033540e+06
1250,320.418,1.063780e+06
1275,320.418,1.094120e+06
1300,320.418,1.124550e+06
1325,320.418,1.155070e+06
1350,320.418,1.185670e+06
1375,320.418,1.216360e+06
1400,320.418,1.247120e+06
1425,320.418,1.277960e+06
1450,320.418,1.308880e+06
1475,320.418,1.339870e+06
1500,320.418,1.370930e+06
1525,320.418,1.402060e+06
1550,320.418,1.433250e+06
1575,320.418,1.464510e+06
1600,320.418,1.495820e+06
1625,320.418,1.527200e+06
1650,320.418,1.558640e+06
1675,320.418,1.590130e+06
1700,320.418,1.621670e+06
1725,320.418,1.653270e+06
1750,320.418,1.684920e+06
1775,320.418,1.716610e+06
1800,320.418,1.748360e+06
1825,320.418,1.780150e+06
1850,320.418,1.811980e+06
1875,320.418,1.843860e+06
1900,320.418,1.875780e+06
1925,320.418,1.907730e+06
1950,320.418,1.939720e+06
1975,320.418,1.971740e+06
2000,320.418,2.003780e+06
2025,320.418,2.035850e+06
2050,320.418,2.067920e+06
2075,320.418,2.099990e+06
2100,320.418,2.132050e+06
2125,320.418,2.164080e+06
2150,320.418,2.196040e+06
2175,320.418,2.227920e+06
2200,320.418,2.259650e+06
2225,320.418,2.291200e+06
2250,320.418,2.322490e+06
2275,320.418,2.353430e+06
2300,320.418,2.383920e+06
2325,320.418,2.413810e+06
2350,320.418,2.442950e+06
2375,320.418,2.471130e+06
2400,320.418,2.498110e+06
2425,320.418,2.523610e+06
2450,320.418,2.547290e+06
2475,320.418,2.568770e+06
2500,320.418,2.587610e+06
2525,320.418,2.603300e+06
2550,320.418,2.615280e+06
2575,320.418,2.622960e+06
2600,320.418,2.625670e+06
2625,320.418,2.622720e+06
2650,320.418,2.613400e+06
2675,320.418,2.597010e+06
2700,320.418,2.572850e+06
2725,320.418,2.540300e+06
2750,320.418,2.498790e+06
2775,320.418,2.447890e+06
2800,320.418,2.387310e+06
2825,320.418,2.316920e+06
2850,320.418,2.236800e+06
2875,320.418,2.147230e+06
2900,320.418,2.046230e+06
2925,320.418,1.962530e+06
2950,320.418,1.985400e+06
2975,320.418,2.008170e+06
3000,320.418,2.030800e+06
3025,320.418,2.053260e+06
3050,320.418,2.075500e+06
3075,320.418,2.097500e+06
3100,320.418,2.119200e+06
3125,320.418,2.140580e+06
3150,320.418,2.161590e+06
3175,320.418,2.182210e+06
3200,320.418,2.202400e+06
3225,320.418,2.222130e+06
3250,320.418,2.241360e+06
3275,320.418,2.260070e+06
3300,320.418,2.278220e+06
3325,320.418,2.295800e+06
3350,320.418,2.312770e+06
3375,320.418,2.329120e+06
3400,320.418,2.344810e+06
3425,320.418,2.359840e+06
3450,320.418,2.374190e+06
3475,320.418,2.387830e+06
3500,320.418,2.400760e+06
3525,320.418,2.412970e+06
3550,320.418,2.424460e+06
3575,320.418,2.435210e+06
3600,320.418,2.445220e+06
3625,320.418,2.454500e+06
3650,320.418,2.463040e+06
3675,320.418,2.470860e+06
3700,320.418,2.477960e+06
3725,320.418,2.484360e+06
3750,320.418,2.490060e+06
3775,320.418,2.495080e+06
3800,320.418,2.499450e+06
3825,320.418,2.503170e+06
3850,320.418,2.506280e+06
3875,320.418,2.508800e+06
3900,320.418,2.510760e+06
3925,320.418,2.512180e+06
3950,320.418,2.513090e+06
3975,320.418,2.513530e+06
4000,320.418,2.541300e+06
4025,320.418,2.603400e+06
4050,320.418,2.665190e+06
4075,320.418,2.726600e+06
4100,320.418,2.787560e+06
4125,320.418,2.848020e+06
4150,320.418,2.907950e+06
4175,320.418,2.967310e+06
4200,320.418,3.026090e+06
4225,320.418,3.084300e+06
4250,320.418,3.141950e+06
4275,320.418,3.199060e+06
4300,320.418,3.255670e+06
4325,320.418,3.311800e+06
4350,320.418,3.367510e+06
4375,320.418,3.422840e+06
4400,320.418,3.477850e+06
4425,320.418,3.532570e+06
4450,320.418,3.587060e+06
4475,320.418,3.641370e+06
4500,320.418,3.695540e+06
4525,320.418,3.749610e+06
4550,320.418,3.803630e+06
4575,320.418,3.857620e+06
4600,320.418,3.911630e+06
4625,320.418,3.965680e+06
4650,320.418,4.019810e+06
4675,320.418,4.074020e+06
4700,320.418,4.128350e+06
4725,320.418,4.182810e+06
4750,320.418,4.237410e+06
4775,320.418,4.292170e+06
4800,320.418,4.347100e+06
4825,320.418,4.402210e+06
4850,320.418,4.457490e+06
4875,320.418,4.512960e+06
4900,320.418,4.568620e+06
4925,320.418,4.624460e+06
4950,320.418,4.680480e+06
4975,320.418,4.736690e+06
5000,320.418,4.793070e+06
300,569.792,1.923390e+03
325,569.792,2.792160e+04
350,569.792,5.393720e+04
375,569.792,7.997940e+04
400,569.792,1.060590e+05
425,569.792,1.321880e+05
450,569.792,1.583790e+05
475,569.792,1.846450e+05
500,569.792,2.109980e+05
525,569.792,2.374480e+05
550,569.792,2.640080e+05
575,569.792,2.906850e+05
600,569.792,3.174900e+05
625,569.792,3.444280e+05
650,569.792,3.715060e+05
675,569.792,3.987290e+05
700,569.792,4.260990e+05
725,569.792,4.536200e+05
750,569.792,4.812930e+05
775,569.792,5.091190e+05
800,569.792,5.370960e+05
825,569.792,5.652230e+05
850,569.792,5.935000e+05
875,569.792,6.219230e+05
900,569.792,6.504900e+05
925,569.792,6.791980e+05
950,569.792,7.080450e+05
975,569.792,7.370260e+05
1000,569.792,7.661400e+05
1025,569.792,7.953830e+05
1050,569.792,8.247510e+05
1075,569.792,8.542410e+05
1100,569.792,8.838490e+05
1125,569.792,9.135720e+05
1150,569.792,9.434060e+05
1175,569.792,9.733470e+05
1200,569.792,1.003390e+06
1225,569.792,1.033540e+06
1250,569.792,1.063780e+06
1275,569.792,1.094120e+06
1300,569.792,1.124550e+06
1325,569.792,1.155070e+06
1350,569.792,1.185670e+06
1375,569.792,1.216360e+06
1400,569.792,1.247120e+06
1425,569.792,1.277960e+06
1450,569.792,1.308880e+06
1475,569.792,1.339870e+06
1500,569.792,1.370930e+06
1525,569.792,1.402060e+06
1550,569.792,1.433250e+06
1575,569.792,1.464510e+06
1600,569.792,1.495820e+06
1625,569.792,1.527200e+06
1650,569.792,1.558640e+06
1675,569.792,1.590130e+06
1700,569.792,1.621670e+06
1725,569.792,1.653270e+06
1750,569.792,1.684920e+06
1775,569.792,1.716620e+06
1800,569.792,1.748360e+06
1825,569.792,1.780150e+06
1850,569.792,1.811990e+06
1875,569.792,1.843870e+06
1900,569.792,1.875790e+06
1925,569.792,1.907740e+06
1950,569.792,1.939740e+06
1975,569.792,1.971770e+06
2000,569.792,2.003830e+06
2025,569.792,2.035920e+06
2050,569.792,2.068030e+06
2075,569.792,2.100150e+06
2100,569.792,2.132280e+06
2125,569.792,2.164410e+06
2150,569.792,2.196520e+06
2175,569.792,2.228590e+06
2200,569.792,2.260600e+06
2225,569.792,2.292510e+06
2250,569.792,2.324290e+06
2275,569.792,2.355880e+06
2300,569.792,2.387240e+06
2325,569.792,2.418270e+06
2350,569.792,2.448880e+06
2375,569.792,2.478970e+06
2400,569.792,2.508390e+06
2425,569.792,2.536980e+06
2450,569.792,2.564550e+06
2475,569.792,2.590880e+06
2500,569.792,2.615700e+06
2525,569.792,2.638730e+06
2550,569.792,2.659640e+06
2575,569.792,2.678040e+06
2600,569.792,2.693550e+06
2625,569.792,2.705710e+06
2650,569.792,2.714080e+06
2675,569.792,2.718150e+06
2700,569.792,2.717440e+06
2725,569.792,2.711450e+06
2750,569.792,2.699700e+06
2775,569.792,2.681730e+06
2800,569.792,2.657160e+06
2825,569.792,2.625630e+06
2850,569.792,2.586910e+06
2875,569.792,2.540850e+06
2900,569.792,2.485750e+06
2925,569.792,2.440600e+06
2950,569.792,2.466760e+06
2975,569.792,2.492840e+06
3000,569.792,2.518810e+06
3025,569.792,2.544630e+06
3050,569.792,2.570290e+06
3075,569.792,2.595750e+06
3100,569.792,2.620980e+06
3125,569.792,2.645970e+06
3150,569.792,2.670670e+06
3175,569.792,2.695070e+06
3200,569.792,2.719130e+06
3225,569.792,2.742830e+06
3250,569.792,2.766150e+06
3275,569.792,2.789060e+06
3300,569.792,2.811530e+06
3325,569.792,2.833540e+06
3350,569.792,2.855070e+06
3375,569.792,2.876090e+06
3400,569.792,2.896590e+06
3425,569.792,2.916540e+06
3450,569.792,2.935930e+06
3475,569.792,2.954730e+06
3500,569.792,2.972940e+06
3525,569.792,2.990520e+06
3550,569.792,3.007480e+06
3575,569.792,3.023790e+06
3600,569.792,3.039450e+06
3625,569.792,3.054450e+06
3650,569.792,3.068770e+06
3675,569.792,3.082410e+06
3700,569.792,3.095370e+06
3725,569.792,3.107650e+06
3750,569.792,3.119230e+06
3775,569.792,3.130130e+06
3800,569.792,3.140340e+06
3825,569.792,3.149870e+06
3850,569.792,3.158720e+06
3875,569.792,3.166910e+06
3900,569.792,3.174430e+06
3925,569.792,3.181310e+06
3950,569.792,3.187550e+06
3975,569.792,3.193170e+06
4000,569.792,3.198180e+06
4025,569.792,3.202610e+06
4050,569.792,3.206460e+06
4075,569.792,3.209770e+06
4100,569.792,3.212550e+06
4125,569.792,3.214820e+06
4150,569.792,3.216610e+06
4175,569.792,3.217950e+06
4200,569.792,3.218850e+06
4225,569.792,3.219350e+06
4250,569.792,3.219480e+06
4275,569.792,3.219250e+06
4300,569.792,3.218700e+06
4325,569.792,3.217850e+06
4350,569.792,3.216740e+06
4375,569.792,3.223260e+06
4400,569.792,3.281560e+06
4425,569.792,3.339340e+06
4450,569.792,3.396590e+06
4475,569.792,3.453350e+06
4500,569.792,3.509630e+06
4525,569.792,3.565460e+06
4550,569.792,3.620880e+06
4575,569.792,3.675930e+06
4600,569.792,3.730640e+06
4625,569.792,3.785050e+06
4650,569.792,3.839210e+06
4675,569.792,3.893160e+06
4700,569.792,3.946930e+06
4725,569.792,4.000560e+06
4750,569.792,4.054090e+06
4775,569.792,4.107540e+06
4800,569.792,4.160950e+06
4825,569.792,4.214340e+06
4850,569.792,4.267740e+06
4875,569.792,4.321170e+06
4900,569.792,4.374640e+06
4925,569.792,4.428170e+06
4950,569.792,4.481780e+06
4975,569.792,4.535480e+06
5000,569.792,4.589280e+06
300,1013.25,1.923390e+03
325,1013.25,2.792160e+04
350,1013.25,5.393720e+04
375,1013.25,7.997940e+04
400,1013.25,1.060590e+05
425,1013.25,1.321880e+05
450,1013.25,1.583790e+05
475,1013.25,1.846450e+05
500,1013.25,2.109980e+05
525,1013.25,2.374480e+05
550,1013.25,2.640080e+05
575,1013.25,2.906850e+05
600,1013.25,3.174900e+05
625,1013.25,3.444280e+05
650,1013.25,3.715060e+05
675,1013.25,3.987290e+05
700,1013.25,4.260990e+05
725,1013.25,4.536200e+05
750,1013.25,4.812930e+05
775,1013.25,5.091190e+05
800,1013.25,5.370960e+05
825,1013.25,5.652230e+05
850,1013.25,5.935000e+05
875,1013.25,6.219230e+05
900,1013.25,6.504900e+05
925,1013.25,6.791980e+05
950,1013.25,7.080450e+05
975,1013.25,7.370260e+05
1000,1013.25,7.661400e+05
1025,1013.25,7.953830e+05
1050,1013.25,8.247510e+05
1075,1013.25,8.542410e+05
1100,1013.25,8.838490e+05
1125,1013.25,9.135720e+05
1150,1013.25,9.434060e+05
1175,1013.25,9.733470e+05
1200,1013.25,1.003390e+06
1225,1013.25,1.033540e+06
1250,1013.25,1.063780e+06
1275,1013.25,1.094120e+06
1300,1013.25,1.124550e+06
1325,1013.25,1.155070e+06
1350,1013.25,1.185670e+06
1375,1013.25,1.216360e+06
1400,1013.25,1.247120e+06
1425,1013.25,1.277960e+06
1450,1013.25,1.308880e+06
1475,1013.25,1.339870e+06
1500,1013.25,1.370930e+06
1525,1013.25,1.402060e+06
1550,1013.25,1.433250e+06
1575,1013.25,1.464510e+06
1600,1013.25,1.495820e+06
1625,1013.25,1.527200e+06
1650,1013.25,1.558640e+06
1675,1013.25,1.590130e+06
1700,1013.25,1.621670e+06
1725,1013.25,1.653270e+06
1750,1013.25,1.684920e+06
1775,1013.25,1.716620e+06
1800,1013.25,1.748360e+06
1825,1013.25,1.780150e+06
1850,1013.25,1.811990e+06
1875,1013.25,1.843870e+06
1900,1013.25,1.875790e+06
1925,1013.25,1.907750e+06
1950,1013.25,1.939750e+06
1975,1013.25,1.971790e+06
2000,1013.25,2.003860e+06
2025,1013.25,2.035960e+06
2050,1013.25,2.068090e+06
2075,1013.25,2.100240e+06
2100,1013.25,2.132410e+06
2125,1013.25,2.164600e+06
2150,1013.25,2.196790e+06
2175,1013.25,2.228970e+06
2200,1013.25,2.261120e+06
2225,1013.25,2.293240e+06
2250,1013.25,2.325300e+06
2275,1013.25,2.357260e+06
2300,1013.25,2.389100e+06
2325,1013.25,2.420770e+06
2350,1013.25,2.452220e+06
2375,1013.25,2.483390e+06
2400,1013.25,2.514180e+06
2425,1013.25,2.544520e+06
2450,1013.25,2.574300e+06
2475,1013.25,2.603380e+06
2500,1013.25,2.631620e+06
2525,1013.25,2.658840e+06
2550,1013.25,2.684870e+06
2575,1013.25,2.709470e+06
2600,1013.25,2.732410e+06
2625,1013.25,2.753430e+06
2650,1013.25,2.772250e+06
2675,1013.25,2.788550e+06
2700,1013.25,2.802030e+06
2725,1013.25,2.812350e+06
2750,1013.25,2.819180e+06
2775,1013.25,2.822180e+06
2800,1013.25,2.821050e+06
2825,1013.25,2.815470e+06
2850,1013.25,2.805170e+06
2875,1013.25,2.789930e+06
2900,1013.25,2.768530e+06
2925,1013.25,2.752700e+06
2950,1013.25,2.781420e+06
2975,1013.25,2.810080e+06
3000,1013.25,2.838680e+06
3025,1013.25,2.867180e+06
3050,1013.25,2.895570e+06
3075,1013.25,2.923830e+06
3100,1013.25,2.951950e+06
3125,1013.25,2.979900e+06
3150,1013.25,3.007660e+06
3175,1013.25,3.035230e+06
3200,1013.25,3.062570e+06
3225,1013.25,3.089670e+06
3250,1013.25,3.116510e+06
3275,1013.25,3.143070e+06
3300,1013.25,3.169340e+06
3325,1013.25,3.195300e+06
3350,1013.25,3.220930e+06
3375,1013.25,3.246220e+06
3400,1013.25,3.271140e+06
3425,1013.25,3.295680e+06
3450,1013.25,3.319820e+06
3475,1013.25,3.343560e+06
3500,1013.25,3.366860e+06
3525,1013.25,3.389730e+06
3550,1013.25,3.412140e+06
3575,1013.25,3.434090e+06
3600,1013.25,3.455550e+06
3625,1013.25,3.476520e+06
3650,1013.25,3.496990e+06
3675,1013.25,3.516940e+06
3700,1013.25,3.536370e+06
3725,1013.25,3.555260e+06
3750,1013.25,3.573610e+06
3775,1013.25,3.591420e+06
3800,1013.25,3.608660e+06
3825,1013.25,3.625350e+06
3850,1013.25,3.641470e+06
3875,1013.25,3.657020e+06
3900,1013.25,3.672010e+06
3925,1013.25,3.686420e+06
3950,1013.25,3.700260e+06
3975,1013.25,3.713520e+06
4000,1013.25,3.726220e+06
4025,1013.25,3.738350e+06
4050,1013.25,3.749920e+06
4075,1013.25,3.760930e+06
4100,1013.25,3.771390e+06
4125,1013.25,3.781310e+06
4150,1013.25,3.790690e+06
4175,1013.25,3.799540e+06
4200,1013.25,3.807880e+06
4225,1013.25,3.815710e+06
4250,1013.25,3.823050e+06
4275,1013.25,3.829910e+06
4300,1013.25,3.836310e+06
4325,1013.25,3.842250e+06
4350,1013.25,3.847750e+06
4375,1013.25,3.852840e+06
4400,1013.25,3.857520e+06
4425,1013.25,3.861820e+06
4450,1013.25,3.865740e+06
4475,1013.25,3.869320e+06
4500,1013.25,3.872570e+06
4525,1013.25,3.875500e+06
4550,1013.25,3.878130e+06
4575,1013.25,3.880500e+06
4600,1013.25,3.882610e+06
4625,1013.25,3.884480e+06
4650,1013.25,3.886140e+06
4675,1013.25,3.887600e+06
4700,1013.25,3.888890e+06
4725,1013.25,3.890020e+06
4750,1013.25,3.891010e+06
4775,1013.25,3.915890e+06
4800,1013.25,3.970560e+06
4825,1013.25,4.024890e+06
4850,1013.25,4.078920e+06
4875,1013.25,4.132690e+06
4900,1013.25,4.186220e+06
4925,1013.25,4.239560e+06
4950,1013.25,4.292720e+06
4975,1013.25,4.345740e+06
5000,1013.25,4.398650e+06
