Tw_K,P_atm,Bg,Bc
300,0.001,0,8.742740e-02
325,0.001,0,8.742740e-02
350,0.001,0,8.742740e-02
375,0.001,0,8.742750e-02
400,0.001,0,8.742810e-02
425,0.001,0,8.743050e-02
450,0.001,0,8.743950e-02
475,0.001,0,8.746820e-02
500,0.001,0,8.754990e-02
525,0.001,0,8.775820e-02
550,0.001,0,8.824230e-02
575,0.001,0,8.927820e-02
600,0.001,0,9.133150e-02
625,0.001,0,9.510760e-02
650,0.001,0,1.015200e-01
675,0.001,0,1.114260e-01
700,0.001,0,1.249220e-01
725,0.001,0,1.403370e-01
750,0.001,0,1.542730e-01
775,0.001,0,1.640120e-01
800,0.001,0,1.695160e-01
825,0.001,0,1.722670e-01
850,0.001,0,1.735820e-01
875,0.001,0,1.742110e-01
900,0.001,0,1.745180e-01
925,0.001,0,1.746730e-01
950,0.001,0,1.747530e-01
975,0.001,0,1.747970e-01
1000,0.001,0,1.748200e-01
1025,0.001,0,1.748340e-01
1050,0.001,0,1.748420e-01
1075,0.001,0,1.748470e-01
1100,0.001,0,1.748490e-01
1125,0.001,0,1.748510e-01
1150,0.001,0,1.748520e-01
1175,0.001,0,1.748530e-01
1200,0.001,0,1.748540e-01
1225,0.001,0,1.748540e-01
1250,0.001,0,1.748540e-01
1275,0.001,0,1.748540e-01
1300,0.001,0,1.748550e-01
1325,0.001,0,1.748550e-01
1350,0.001,0,1.748550e-01
1375,0.001,0,1.748550e-01
1400,0.001,0,1.748550e-01
1425,0.001,0,1.748550e-01
1450,0.001,0,1.748550e-01
1475,0.001,0,1.748550e-01
1500,0.001,0,1.748550e-01
1525,0.001,0,1.748550e-01
1550,0.001,0,1.748550e-01
1575,0.001,0,1.748550e-01
1600,0.001,0,1.748550e-01
1625,0.001,0,1.748550e-01
1650,0.001,0,1.748550e-01
1675,0.001,0,1.748550e-01
1700,0.001,0,1.748550e-01
1725,0.001,0,1.748550e-01
1750,0.001,0,1.748550e-01
1775,0.001,0,1.748550e-01
1800,0.001,0,1.748550e-01
1825,0.001,0,1.748550e-01
1850,0.001,0,1.748560e-01
1875,0.001,0,1.748560e-01
1900,0.001,0,1.748570e-01
1925,0.001,0,1.748580e-01
1950,0.001,0,1.748590e-01
1975,0.001,0,1.748610e-01
2000,0.001,0,1.748630e-01
2025,0.001,0,1.748660e-01
2050,0.001,0,1.748700e-01
2075,0.001,0,1.748760e-01
2100,0.001,0,1.748830e-01
2125,0.001,0,1.748930e-01
2150,0.001,0,1.749060e-01
2175,0.001,0,1.749220e-01
2200,0.001,0,1.749440e-01
2225,0.001,0,1.749730e-01
2250,0.001,0,1.750100e-01
2275,0.001,0,1.750580e-01
2300,0.001,0,1.751210e-01
2325,0.001,0,1.752030e-01
2350,0.001,0,1.753090e-01
2375,0.001,0,1.754480e-01
2400,0.001,0,1.756290e-01
2425,0.001,0,1.758670e-01
2450,0.001,0,1.761780e-01
2475,0.001,0,1.765880e-01
2500,0.001,0,1.771300e-01
2525,0.001,0,1.778460e-01
2550,0.001,0,1.787970e-01
2575,0.001,0,1.800590e-01
2600,0.001,0,1.817390e-01
2625,0.001,0,1.839760e-01
2650,0.001,0,1.869590e-01
2675,0.001,0,1.909380e-01
2700,0.001,0,1.962480e-01
2725,0.001,0,2.033400e-01
2750,0.001,0,2.128210e-01
2775,0.001,0,2.255150e-01
2800,0.001,0,2.425530e-01
2825,0.001,0,2.655120e-01
2850,0.001,0,2.966310e-01
2875,0.001,0,3.391820e-01
2900,0.001,0,3.981100e-01
2925,0.001,0,4.812440e-01
2950,0.001,0,6.017440e-01
2975,0.001,0,7.835780e-01
3000,0.001,0,1.075510e+00
3025,0.001,0,1.594380e+00
3050,0.001,0,2.706670e+00
3075,0.001,0,6.433390e+00
3100,0.001,0,2.000000e+02
3125,0.001,0,2.000000e+02
3150,0.001,0,2.000000e+02
3175,0.001,0,2.000000e+02
3200,0.001,0,2.000000e+02
3225,0.001,0,2.000000e+02
3250,0.001,0,2.000000e+02
3275,0.001,0,2.000000e+02
3300,0.001,0,2.000000e+02
3325,0.001,0,2.000000e+02
3350,0.001,0,2.000000e+02
3375,0.001,0,2.000000e+02
3400,0.001,0,2.000000e+02
3425,0.001,0,2.000000e+02
3450,0.001,0,2.000000e+02
3475,0.001,0,2.000000e+02
3500,0.001,0,2.000000e+02
3525,0.001,0,2.000000e+02
3550,0.001,0,2.000000e+02
3575,0.001,0,2.000000e+02
3600,0.001,0,2.000000e+02
3625,0.001,0,2.000000e+02
3650,0.001,0,2.000000e+02
3675,0.001,0,2.000000e+02
3700,0.001,0,2.000000e+02
3725,0.001,0,2.000000e+02
3750,0.001,0,2.000000e+02
3775,0.001,0,2.000000e+02
3800,0.001,0,2.000000e+02
3825,0.001,0,2.000000e+02
3850,0.001,0,2.000000e+02
3875,0.001,0,2.000000e+02
3900,0.001,0,2.000000e+02
3925,0.001,0,2.000000e+02
3950,0.001,0,2.000000e+02
3975,0.001,0,2.000000e+02
4000,0.001,0,2.000000e+02
4025,0.001,0,2.000000e+02
4050,0.001,0,2.000000e+02
4075,0.001,0,2.000000e+02
4100,0.001,0,2.000000e+02
4125,0.001,0,2.000000e+02
4150,0.001,0,2.000000e+02
4175,0.001,0,2.000000e+02
4200,0.001,0,2.000000e+02
4225,0.001,0,2.000000e+02
4250,0.001,0,2.000000e+02
4275,0.001,0,2.000000e+02
4300,0.001,0,2.000000e+02
4325,0.001,0,2.000000e+02
4350,0.001,0,2.000000e+02
4375,0.001,0,2.000000e+02
4400,0.001,0,2.000000e+02
4425,0.001,0,2.000000e+02
4450,0.001,0,2.000000e+02
4475,0.001,0,2.000000e+02
4500,0.001,0,2.000000e+02
4525,0.001,0,2.000000e+02
4550,0.001,0,2.000000e+02
4575,0.001,0,2.000000e+02
4600,0.001,0,2.000000e+02
4625,0.001,0,2.000000e+02
4650,0.001,0,2.000000e+02
4675,0.001,0,2.000000e+02
4700,0.001,0,2.000000e+02
4725,0.001,0,2.000000e+02
4750,0.001,0,2.000000e+02
4775,0.001,0,2.000000e+02
4800,0.001,0,2.000000e+02
4825,0.001,0,2.000000e+02
4850,0.001,0,2.000000e+02
4875,0.001,0,2.000000e+02
4900,0.001,0,2.000000e+02
4925,0.001,0,2.000000e+02
4950,0.001,0,2.000000e+02
4975,0.001,0,2.000000e+02
5000,0.001,0,2.000000e+02
300,0.00177828,0,8.742740e-02
325,0.00177828,0,8.742740e-02
350,0.00177828,0,8.742740e-02
375,0.00177828,0,8.742750e-02
400,0.00177828,0,8.742790e-02
425,0.00177828,0,8.742970e-02
450,0.00177828,0,8.743640e-02
475,0.00177828,0,8.745800e-02
500,0.00177828,0,8.751930e-02
525,0.00177828,0,8.767550e-02
550,0.00177828,0,8.803910e-02
575,0.00177828,0,8.881830e-02
600,0.00177828,0,9.036850e-02
625,0.00177828,0,9.324090e-02
650,0.00177828,0,9.819090e-02
675,0.00177828,0,1.060560e-01
700,0.00177828,0,1.173480e-01
725,0.00177828,0,1.314820e-01
750,0.00177828,0,1.461380e-01
775,0.00177828,0,1.581940e-01
800,0.00177828,0,1.660790e-01
825,0.00177828,0,1.704340e-01
850,0.00177828,0,1.726370e-01
875,0.00177828,0,1.737220e-01
900,0.00177828,0,1.742600e-01
925,0.00177828,0,1.745330e-01
950,0.00177828,0,1.746750e-01
975,0.00177828,0,1.747510e-01
1000,0.00177828,0,1.747940e-01
1025,0.00177828,0,1.748180e-01
1050,0.00177828,0,1.748320e-01
1075,0.00177828,0,1.748400e-01
1100,0.00177828,0,1.748450e-01
1125,0.00177828,0,1.748490e-01
1150,0.00177828,0,1.748510e-01
1175,0.00177828,0,1.748520e-01
1200,0.00177828,0,1.748530e-01
1225,0.00177828,0,1.748530e-01
1250,0.00177828,0,1.748540e-01
1275,0.00177828,0,1.748540e-01
1300,0.00177828,0,1.748540e-01
1325,0.00177828,0,1.748540e-01
1350,0.00177828,0,1.748550e-01
1375,0.00177828,0,1.748550e-01
1400,0.00177828,0,1.748550e-01
1425,0.00177828,0,1.748550e-01
1450,0.00177828,0,1.748550e-01
1475,0.00177828,0,1.748550e-01
1500,0.00177828,0,1.748550e-01
1525,0.00177828,0,1.748550e-01
1550,0.00177828,0,1.748550e-01
1575,0.00177828,0,1.748550e-01
1600,0.00177828,0,1.748550e-01
1625,0.00177828,0,1.748550e-01
1650,0.00177828,0,1.748550e-01
1675,0.00177828,0,1.748550e-01
1700,0.00177828,0,1.748550e-01
1725,0.00177828,0,1.748550e-01
1750,0.00177828,0,1.748550e-01
1775,0.00177828,0,1.748550e-01
1800,0.00177828,0,1.748550e-01
1825,0.00177828,0,1.748550e-01
1850,0.00177828,0,1.748560e-01
1875,0.00177828,0,1.748560e-01
1900,0.00177828,0,1.748560e-01
1925,0.00177828,0,1.748570e-01
1950,0.00177828,0,1.748580e-01
1975,0.00177828,0,1.748590e-01
2000,0.00177828,0,1.748610e-01
2025,0.00177828,0,1.748630e-01
2050,0.00177828,0,1.748660e-01
2075,0.00177828,0,1.748700e-01
2100,0.00177828,0,1.748760e-01
2125,0.00177828,0,1.748830e-01
2150,0.00177828,0,1.748930e-01
2175,0.00177828,0,1.749050e-01
2200,0.00177828,0,1.749210e-01
2225,0.00177828,0,1.749420e-01
2250,0.00177828,0,1.749690e-01
2275,0.00177828,0,1.750040e-01
2300,0.00177828,0,1.750490e-01
2325,0.00177828,0,1.751070e-01
2350,0.00177828,0,1.751820e-01
2375,0.00177828,0,1.752790e-01
2400,0.00177828,0,1.754040e-01
2425,0.00177828,0,1.755660e-01
2450,0.00177828,0,1.757750e-01
2475,0.00177828,0,1.760480e-01
2500,0.00177828,0,1.764030e-01
2525,0.00177828,0,1.768670e-01
2550,0.00177828,0,1.774740e-01
2575,0.00177828,0,1.782700e-01
2600,0.00177828,0,1.793170e-01
2625,0.00177828,0,1.806960e-01
2650,0.00177828,0,1.825120e-01
2675,0.00177828,0,1.849080e-01
2700,0.00177828,0,1.880710e-01
2725,0.00177828,0,1.922480e-01
2750,0.00177828,0,1.977680e-01
2775,0.00177828,0,2.050650e-01
2800,0.00177828,0,2.147240e-01
2825,0.00177828,0,2.275250e-01
2850,0.00177828,0,2.445340e-01
2875,0.00177828,0,2.672180e-01
2900,0.00177828,0,2.976360e-01
2925,0.00177828,0,3.387620e-01
2950,0.00177828,0,3.950180e-01
2975,0.00177828,0,4.732750e-01
3000,0.00177828,0,5.848060e-01
3025,0.00177828,0,7.494830e-01
3050,0.00177828,0,1.005940e+00
3075,0.00177828,0,1.440570e+00
3100,0.00177828,0,2.293950e+00
3125,0.00177828,0,4.574630e+00
3150,0.00177828,0,2.386250e+01
3175,0.00177828,0,2.000000e+02
3200,0.00177828,0,2.000000e+02
3225,0.00177828,0,2.000000e+02
3250,0.00177828,0,2.000000e+02
3275,0.00177828,0,2.000000e+02
3300,0.00177828,0,2.000000e+02
3325,0.00177828,0,2.000000e+02
3350,0.00177828,0,2.000000e+02
3375,0.00177828,0,2.000000e+02
3400,0.00177828,0,2.000000e+02
3425,0.00177828,0,2.000000e+02
3450,0.00177828,0,2.000000e+02
3475,0.00177828,0,2.000000e+02
3500,0.00177828,0,2.000000e+02
3525,0.00177828,0,2.000000e+02
3550,0.00177828,0,2.000000e+02
3575,0.00177828,0,2.000000e+02
3600,0.00177828,0,2.000000e+02
3625,0.00177828,0,2.000000e+02
3650,0.00177828,0,2.000000e+02
3675,0.00177828,0,2.000000e+02
3700,0.00177828,0,2.000000e+02
3725,0.00177828,0,2.000000e+02
3750,0.00177828,0,2.000000e+02
3775,0.00177828,0,2.000000e+02
3800,0.00177828,0,2.000000e+02
3825,0.00177828,0,2.000000e+02
3850,0.00177828,0,2.000000e+02
3875,0.00177828,0,2.000000e+02
3900,0.00177828,0,2.000000e+02
3925,0.00177828,0,2.000000e+02
3950,0.00177828,0,2.000000e+02
3975,0.00177828,0,2.000000e+02
4000,0.00177828,0,2.000000e+02
4025,0.00177828,0,2.000000e+02
4050,0.00177828,0,2.000000e+02
4075,0.00177828,0,2.000000e+02
4100,0.00177828,0,2.000000e+02
4125,0.00177828,0,2.000000e+02
4150,0.00177828,0,2.000000e+02
4175,0.00177828,0,2.000000e+02
4200,0.00177828,0,2.000000e+02
4225,0.00177828,0,2.000000e+02
4250,0.00177828,0,2.000000e+02
4275,0.00177828,0,2.000000e+02
4300,0.00177828,0,2.000000e+02
4325,0.00177828,0,2.000000e+02
4350,0.00177828,0,2.000000e+02
4375,0.00177828,0,2.000000e+02
4400,0.00177828,0,2.000000e+02
4425,0.00177828,0,2.000000e+02
4450,0.00177828,0,2.000000e+02
4475,0.00177828,0,2.000000e+02
4500,0.00177828,0,2.000000e+02
4525,0.00177828,0,2.000000e+02
4550,0.00177828,0,2.000000e+02
4575,0.00177828,0,2.000000e+02
4600,0.00177828,0,2.000000e+02
4625,0.00177828,0,2.000000e+02
4650,0.00177828,0,2.000000e+02
4675,0.00177828,0,2.000000e+02
4700,0.00177828,0,2.000000e+02
4725,0.00177828,0,2.000000e+02
4750,0.00177828,0,2.000000e+02
4775,0.00177828,0,2.000000e+02
4800,0.00177828,0,2.000000e+02
4825,0.00177828,0,2.000000e+02
4850,0.00177828,0,2.000000e+02
4875,0.00177828,0,2.000000e+02
4900,0.00177828,0,2.000000e+02
4925,0.00177828,0,2.000000e+02
4950,0.00177828,0,2.000000e+02
4975,0.00177828,0,2.000000e+02
5000,0.00177828,0,2.000000e+02
300,0.00316228,0,8.742740e-02
325,0.00316228,0,8.742740e-02
350,0.00316228,0,8.742740e-02
375,0.00316228,0,8.742750e-02
400,0.00316228,0,8.742780e-02
425,0.00316228,0,8.742910e-02
450,0.00316228,0,8.743420e-02
475,0.00316228,0,8.745040e-02
500,0.00316228,0,8.749630e-02
525,0.00316228,0,8.761350e-02
550,0.00316228,0,8.788640e-02
575,0.00316228,0,8.847210e-02
600,0.00316228,0,8.964050e-02
625,0.00316228,0,9.181740e-02
650,0.00316228,0,9.560880e-02
675,0.00316228,0,1.017550e-01
700,0.00316228,0,1.109150e-01
725,0.00316228,0,1.231650e-01
750,0.00316228,0,1.373030e-01
775,0.00316228,0,1.507590e-01
800,0.00316228,0,1.610430e-01
825,0.00316228,0,1.674970e-01
850,0.00316228,0,1.710450e-01
875,0.00316228,0,1.728760e-01
900,0.00316228,0,1.738070e-01
925,0.00316228,0,1.742850e-01
950,0.00316228,0,1.745360e-01
975,0.00316228,0,1.746710e-01
1000,0.00316228,0,1.747460e-01
1025,0.00316228,0,1.747890e-01
1050,0.00316228,0,1.748140e-01
1075,0.00316228,0,1.748290e-01
1100,0.00316228,0,1.748380e-01
1125,0.00316228,0,1.748440e-01
1150,0.00316228,0,1.748470e-01
1175,0.00316228,0,1.748500e-01
1200,0.00316228,0,1.748510e-01
1225,0.00316228,0,1.748520e-01
1250,0.00316228,0,1.748530e-01
1275,0.00316228,0,1.748530e-01
1300,0.00316228,0,1.748540e-01
1325,0.00316228,0,1.748540e-01
1350,0.00316228,0,1.748540e-01
1375,0.00316228,0,1.748540e-01
1400,0.00316228,0,1.748540e-01
1425,0.00316228,0,1.748550e-01
1450,0.00316228,0,1.748550e-01
1475,0.00316228,0,1.748550e-01
1500,0.00316228,0,1.748550e-01
1525,0.00316228,0,1.748550e-01
1550,0.00316228,0,1.748550e-01
1575,0.00316228,0,1.748550e-01
1600,0.00316228,0,1.748550e-01
1625,0.00316228,0,1.748550e-01
1650,0.00316228,0,1.748550e-01
1675,0.00316228,0,1.748550e-01
1700,0.00316228,0,1.748550e-01
1725,0.00316228,0,1.748550e-01
1750,0.00316228,0,1.748550e-01
1775,0.00316228,0,1.748550e-01
1800,0.00316228,0,1.748550e-01
1825,0.00316228,0,1.748550e-01
1850,0.00316228,0,1.748550e-01
1875,0.00316228,0,1.748560e-01
1900,0.00316228,0,1.748560e-01
1925,0.00316228,0,1.748560e-01
1950,0.00316228,0,1.748570e-01
1975,0.00316228,0,1.748580e-01
2000,0.00316228,0,1.748590e-01
2025,0.00316228,0,1.748610e-01
2050,0.00316228,0,1.748630e-01
2075,0.00316228,0,1.748660e-01
2100,0.00316228,0,1.748710e-01
2125,0.00316228,0,1.748760e-01
2150,0.00316228,0,1.748830e-01
2175,0.00316228,0,1.748920e-01
2200,0.00316228,0,1.749040e-01
2225,0.00316228,0,1.749190e-01
2250,0.00316228,0,1.749390e-01
2275,0.00316228,0,1.749650e-01
2300,0.00316228,0,1.749970e-01
2325,0.00316228,0,1.750390e-01
2350,0.00316228,0,1.750930e-01
2375,0.00316228,0,1.751610e-01
2400,0.00316228,0,1.752490e-01
2425,0.00316228,0,1.753610e-01
2450,0.00316228,0,1.755050e-01
2475,0.00316228,0,1.756890e-01
2500,0.00316228,0,1.759270e-01
2525,0.00316228,0,1.762340e-01
2550,0.00316228,0,1.766300e-01
2575,0.00316228,0,1.771430e-01
2600,0.00316228,0,1.778100e-01
2625,0.00316228,0,1.786760e-01
2650,0.00316228,0,1.798050e-01
2675,0.00316228,0,1.812770e-01
2700,0.00316228,0,1.831990e-01
2725,0.00316228,0,1.857110e-01
2750,0.00316228,0,1.889930e-01
2775,0.00316228,0,1.932870e-01
2800,0.00316228,0,1.989040e-01
2825,0.00316228,0,2.062580e-01
2850,0.00316228,0,2.158930e-01
2875,0.00316228,0,2.285370e-01
2900,0.00316228,0,2.451670e-01
2925,0.00316228,0,2.671130e-01
2950,0.00316228,0,2.962240e-01
2975,0.00316228,0,3.351230e-01
3000,0.00316228,0,3.876510e-01
3025,0.00316228,0,4.596440e-01
3050,0.00316228,0,5.604220e-01
3075,0.00316228,0,7.058350e-01
3100,0.00316228,0,9.252230e-01
3125,0.00316228,0,1.279660e+00
3150,0.00316228,0,1.920630e+00
3175,0.00316228,0,3.353630e+00
3200,0.00316228,0,8.857300e+00
3225,0.00316228,0,2.000000e+02
3250,0.00316228,0,2.000000e+02
3275,0.00316228,0,2.000000e+02
3300,0.00316228,0,2.000000e+02
3325,0.00316228,0,2.000000e+02
3350,0.00316228,0,2.000000e+02
3375,0.00316228,0,2.000000e+02
3400,0.00316228,0,2.000000e+02
3425,0.00316228,0,2.000000e+02
3450,0.00316228,0,2.000000e+02
3475,0.00316228,0,2.000000e+02
3500,0.00316228,0,2.000000e+02
3525,0.00316228,0,2.000000e+02
3550,0.00316228,0,2.000000e+02
3575,0.00316228,0,2.000000e+02
3600,0.00316228,0,2.000000e+02
3625,0.00316228,0,2.000000e+02
3650,0.00316228,0,2.000000e+02
3675,0.00316228,0,2.000000e+02
3700,0.00316228,0,2.000000e+02
3725,0.00316228,0,2.000000e+02
3750,0.00316228,0,2.000000e+02
3775,0.00316228,0,2.000000e+02
3800,0.00316228,0,2.000000e+02
3825,0.00316228,0,2.000000e+02
3850,0.00316228,0,2.000000e+02
3875,0.00316228,0,2.000000e+02
3900,0.00316228,0,2.000000e+02
3925,0.00316228,0,2.000000e+02
3950,0.00316228,0,2.000000e+02
3975,0.00316228,0,2.000000e+02
4000,0.00316228,0,2.000000e+02
4025,0.00316228,0,2.000000e+02
4050,0.00316228,0,2.000000e+02
4075,0.00316228,0,2.000000e+02
4100,0.00316228,0,2.000000e+02
4125,0.00316228,0,2.000000e+02
4150,0.00316228,0,2.000000e+02
4175,0.00316228,0,2.000000e+02
4200,0.00316228,0,2.000000e+02
4225,0.00316228,0,2.000000e+02
4250,0.00316228,0,2.000000e+02
4275,0.00316228,0,2.000000e+02
4300,0.00316228,0,2.000000e+02
4325,0.00316228,0,2.000000e+02
4350,0.00316228,0,2.000000e+02
4375,0.00316228,0,2.000000e+02
4400,0.00316228,0,2.000000e+02
4425,0.00316228,0,2.000000e+02
4450,0.00316228,0,2.000000e+02
4475,0.00316228,0,2.000000e+02
4500,0.00316228,0,2.000000e+02
4525,0.00316228,0,2.000000e+02
4550,0.00316228,0,2.000000e+02
4575,0.00316228,0,2.000000e+02
4600,0.00316228,0,2.000000e+02
4625,0.00316228,0,2.000000e+02
4650,0.00316228,0,2.000000e+02
4675,0.00316228,0,2.000000e+02
4700,0.00316228,0,2.000000e+02
4725,0.00316228,0,2.000000e+02
4750,0.00316228,0,2.000000e+02
4775,0.00316228,0,2.000000e+02
4800,0.00316228,0,2.000000e+02
4825,0.00316228,0,2.000000e+02
4850,0.00316228,0,2.000000e+02
4875,0.00316228,0,2.000000e+02
4900,0.00316228,0,2.000000e+02
4925,0.00316228,0,2.000000e+02
4950,0.00316228,0,2.000000e+02
4975,0.00316228,0,2.000000e+02
5000,0.00316228,0,2.000000e+02
300,0.00562341,0,8.742740e-02
325,0.00562341,0,8.742740e-02
350,0.00562341,0,8.742740e-02
375,0.00562341,0,8.742750e-02
400,0.00562341,0,8.742770e-02
425,0.00562341,0,8.742870e-02
450,0.00562341,0,8.743250e-02
475,0.00562341,0,8.744460e-02
500,0.00562341,0,8.747910e-02
525,0.00562341,0,8.756700e-02
550,0.00562341,0,8.777180e-02
575,0.00562341,0,8.821170e-02
600,0.00562341,0,8.909120e-02
625,0.00562341,0,9.073650e-02
650,0.00562341,0,9.362440e-02
675,0.00562341,0,9.837420e-02
700,0.00562341,0,1.056430e-01
725,0.00562341,0,1.158310e-01
750,0.00562341,0,1.285630e-01
775,0.00562341,0,1.422110e-01
800,0.00562341,0,1.543030e-01
825,0.00562341,0,1.630720e-01
850,0.00562341,0,1.684590e-01
875,0.00562341,0,1.714430e-01
900,0.00562341,0,1.730220e-01
925,0.00562341,0,1.738500e-01
950,0.00562341,0,1.742900e-01
975,0.00562341,0,1.745290e-01
1000,0.00562341,0,1.746620e-01
1025,0.00562341,0,1.747380e-01
1050,0.00562341,0,1.747820e-01
1075,0.00562341,0,1.748080e-01
1100,0.00562341,0,1.748250e-01
1125,0.00562341,0,1.748350e-01
1150,0.00562341,0,1.748410e-01
1175,0.00562341,0,1.748460e-01
1200,0.00562341,0,1.748480e-01
1225,0.00562341,0,1.748500e-01
1250,0.00562341,0,1.748520e-01
1275,0.00562341,0,1.748520e-01
1300,0.00562341,0,1.748530e-01
1325,0.00562341,0,1.748540e-01
1350,0.00562341,0,1.748540e-01
1375,0.00562341,0,1.748540e-01
1400,0.00562341,0,1.748540e-01
1425,0.00562341,0,1.748540e-01
1450,0.00562341,0,1.748540e-01
1475,0.00562341,0,1.748550e-01
1500,0.00562341,0,1.748550e-01
1525,0.00562341,0,1.748550e-01
1550,0.00562341,0,1.748550e-01
1575,0.00562341,0,1.748550e-01
1600,0.00562341,0,1.748550e-01
1625,0.00562341,0,1.748550e-01
1650,0.00562341,0,1.748550e-01
1675,0.00562341,0,1.748550e-01
1700,0.00562341,0,1.748550e-01
1725,0.00562341,0,1.748550e-01
1750,0.00562341,0,1.748550e-01
1775,0.00562341,0,1.748550e-01
1800,0.00562341,0,1.748550e-01
1825,0.00562341,0,1.748550e-01
1850,0.00562341,0,1.748550e-01
1875,0.00562341,0,1.748550e-01
1900,0.00562341,0,1.748560e-01
1925,0.00562341,0,1.748560e-01
1950,0.00562341,0,1.748570e-01
1975,0.00562341,0,1.748570e-01
2000,0.00562341,0,1.748580e-01
2025,0.00562341,0,1.748590e-01
2050,0.00562341,0,1.748610e-01
2075,0.00562341,0,1.748640e-01
2100,0.00562341,0,1.748670e-01
2125,0.00562341,0,1.748710e-01
2150,0.00562341,0,1.748760e-01
2175,0.00562341,0,1.748830e-01
2200,0.00562341,0,1.748910e-01
2225,0.00562341,0,1.749030e-01
2250,0.00562341,0,1.749170e-01
2275,0.00562341,0,1.749360e-01
2300,0.00562341,0,1.749600e-01
2325,0.00562341,0,1.749900e-01
2350,0.00562341,0,1.750290e-01
2375,0.00562341,0,1.750780e-01
2400,0.00562341,0,1.751400e-01
2425,0.00562341,0,1.752190e-01
2450,0.00562341,0,1.753200e-01
2475,0.00562341,0,1.754470e-01
2500,0.00562341,0,1.756090e-01
2525,0.00562341,0,1.758160e-01
2550,0.00562341,0,1.760800e-01
2575,0.00562341,0,1.764180e-01
2600,0.00562341,0,1.768510e-01
2625,0.00562341,0,1.774080e-01
2650,0.00562341,0,1.781240e-01
2675,0.00562341,0,1.790480e-01
2700,0.00562341,0,1.802400e-01
2725,0.00562341,0,1.817800e-01
2750,0.00562341,0,1.837730e-01
2775,0.00562341,0,1.863510e-01
2800,0.00562341,0,1.896900e-01
2825,0.00562341,0,1.940140e-01
2850,0.00562341,0,1.996170e-01
2875,0.00562341,0,2.068810e-01
2900,0.00562341,0,2.163050e-01
2925,0.00562341,0,2.285500e-01
2950,0.00562341,0,2.444910e-01
2975,0.00562341,0,2.653090e-01
3000,0.00562341,0,2.926190e-01
3025,0.00562341,0,3.286800e-01
3050,0.00562341,0,3.767340e-01
3075,0.00562341,0,4.415980e-01
3100,0.00562341,0,5.307390e-01
3125,0.00562341,0,6.563910e-01
3150,0.00562341,0,8.400890e-01
3175,0.00562341,0,1.123600e+00
3200,0.00562341,0,1.599930e+00
3225,0.00562341,0,2.526180e+00
3250,0.00562341,0,4.962060e+00
3275,0.00562341,0,2.380580e+01
3300,0.00562341,0,2.000000e+02
3325,0.00562341,0,2.000000e+02
3350,0.00562341,0,2.000000e+02
3375,0.00562341,0,2.000000e+02
3400,0.00562341,0,2.000000e+02
3425,0.00562341,0,2.000000e+02
3450,0.00562341,0,2.000000e+02
3475,0.00562341,0,2.000000e+02
3500,0.00562341,0,2.000000e+02
3525,0.00562341,0,2.000000e+02
3550,0.00562341,0,2.000000e+02
3575,0.00562341,0,2.000000e+02
3600,0.00562341,0,2.000000e+02
3625,0.00562341,0,2.000000e+02
3650,0.00562341,0,2.000000e+02
3675,0.00562341,0,2.000000e+02
3700,0.00562341,0,2.000000e+02
3725,0.00562341,0,2.000000e+02
3750,0.00562341,0,2.000000e+02
3775,0.00562341,0,2.000000e+02
3800,0.00562341,0,2.000000e+02
3825,0.00562341,0,2.000000e+02
3850,0.00562341,0,2.000000e+02
3875,0.00562341,0,2.000000e+02
3900,0.00562341,0,2.000000e+02
3925,0.00562341,0,2.000000e+02
3950,0.00562341,0,2.000000e+02
3975,0.00562341,0,2.000000e+02
4000,0.00562341,0,2.000000e+02
4025,0.00562341,0,2.000000e+02
4050,0.00562341,0,2.000000e+02
4075,0.00562341,0,2.000000e+02
4100,0.00562341,0,2.000000e+02
4125,0.00562341,0,2.000000e+02
4150,0.00562341,0,2.000000e+02
4175,0.00562341,0,2.000000e+02
4200,0.00562341,0,2.000000e+02
4225,0.00562341,0,2.000000e+02
4250,0.00562341,0,2.000000e+02
4275,0.00562341,0,2.000000e+02
4300,0.00562341,0,2.000000e+02
4325,0.00562341,0,2.000000e+02
4350,0.00562341,0,2.000000e+02
4375,0.00562341,0,2.000000e+02
4400,0.00562341,0,2.000000e+02
4425,0.00562341,0,2.000000e+02
4450,0.00562341,0,2.000000e+02
4475,0.00562341,0,2.000000e+02
4500,0.00562341,0,2.000000e+02
4525,0.00562341,0,2.000000e+02
4550,0.00562341,0,2.000000e+02
4575,0.00562341,0,2.000000e+02
4600,0.00562341,0,2.000000e+02
4625,0.00562341,0,2.000000e+02
4650,0.00562341,0,2.000000e+02
4675,0.00562341,0,2.000000e+02
4700,0.00562341,0,2.000000e+02
4725,0.00562341,0,2.000000e+02
4750,0.00562341,0,2.000000e+02
4775,0.00562341,0,2.000000e+02
4800,0.00562341,0,2.000000e+02
4825,0.00562341,0,2.000000e+02
4850,0.00562341,0,2.000000e+02
4875,0.00562341,0,2.000000e+02
4900,0.00562341,0,2.000000e+02
4925,0.00562341,0,2.000000e+02
4950,0.00562341,0,2.000000e+02
4975,0.00562341,0,2.000000e+02
5000,0.00562341,0,2.000000e+02
300,0.01,0,8.742740e-02
325,0.01,0,8.742740e-02
350,0.01,0,8.742740e-02
375,0.01,0,8.742740e-02
400,0.01,0,8.742760e-02
425,0.01,0,8.742840e-02
450,0.01,0,8.743120e-02
475,0.01,0,8.744030e-02
500,0.01,0,8.746620e-02
525,0.01,0,8.753210e-02
550,0.01,0,8.768580e-02
575,0.01,0,8.801610e-02
600,0.01,0,8.867750e-02
625,0.01,0,8.991850e-02
650,0.01,0,9.210920e-02
675,0.01,0,9.575030e-02
700,0.01,0,1.014280e-01
725,0.01,0,1.096580e-01
750,0.01,0,1.205450e-01
775,0.01,0,1.333250e-01
800,0.01,0,1.461720e-01
825,0.01,0,1.569380e-01
850,0.01,0,1.644860e-01
875,0.01,0,1.690950e-01
900,0.01,0,1.716880e-01
925,0.01,0,1.730970e-01
950,0.01,0,1.738600e-01
975,0.01,0,1.742790e-01
1000,0.01,0,1.745130e-01
1025,0.01,0,1.746470e-01
1050,0.01,0,1.747250e-01
1075,0.01,0,1.747720e-01
1100,0.01,0,1.748010e-01
1125,0.01,0,1.748190e-01
1150,0.01,0,1.748310e-01
1175,0.01,0,1.748380e-01
1200,0.01,0,1.748430e-01
1225,0.01,0,1.748470e-01
1250,0.01,0,1.748490e-01
1275,0.01,0,1.748510e-01
1300,0.01,0,1.748520e-01
1325,0.01,0,1.748520e-01
1350,0.01,0,1.748530e-01
1375,0.01,0,1.748530e-01
1400,0.01,0,1.748540e-01
1425,0.01,0,1.748540e-01
1450,0.01,0,1.748540e-01
1475,0.01,0,1.748540e-01
1500,0.01,0,1.748540e-01
1525,0.01,0,1.748540e-01
1550,0.01,0,1.748550e-01
1575,0.01,0,1.748550e-01
1600,0.01,0,1.748550e-01
1625,0.01,0,1.748550e-01
1650,0.01,0,1.748550e-01
1675,0.01,0,1.748550e-01
1700,0.01,0,1.748550e-01
1725,0.01,0,1.748550e-01
1750,0.01,0,1.748550e-01
1775,0.01,0,1.748550e-01
1800,0.01,0,1.748550e-01
1825,0.01,0,1.748550e-01
1850,0.01,0,1.748550e-01
1875,0.01,0,1.748550e-01
1900,0.01,0,1.748550e-01
1925,0.01,0,1.748560e-01
1950,0.01,0,1.748560e-01
1975,0.01,0,1.748570e-01
2000,0.01,0,1.748570e-01
2025,0.01,0,1.748580e-01
2050,0.01,0,1.748600e-01
2075,0.01,0,1.748610e-01
2100,0.01,0,1.748640e-01
2125,0.01,0,1.748670e-01
2150,0.01,0,1.748710e-01
2175,0.01,0,1.748760e-01
2200,0.01,0,1.748820e-01
2225,0.01,0,1.748910e-01
2250,0.01,0,1.749010e-01
2275,0.01,0,1.749150e-01
2300,0.01,0,1.749330e-01
2325,0.01,0,1.749550e-01
2350,0.01,0,1.749830e-01
2375,0.01,0,1.750190e-01
2400,0.01,0,1.750630e-01
2425,0.01,0,1.751200e-01
2450,0.01,0,1.751910e-01
2475,0.01,0,1.752800e-01
2500,0.01,0,1.753920e-01
2525,0.01,0,1.755350e-01
2550,0.01,0,1.757140e-01
2575,0.01,0,1.759410e-01
2600,0.01,0,1.762290e-01
2625,0.01,0,1.765940e-01
2650,0.01,0,1.770580e-01
2675,0.01,0,1.776500e-01
2700,0.01,0,1.784050e-01
2725,0.01,0,1.793700e-01
2750,0.01,0,1.806040e-01
2775,0.01,0,1.821850e-01
2800,0.01,0,1.842100e-01
2825,0.01,0,1.868070e-01
2850,0.01,0,1.901370e-01
2875,0.01,0,1.944100e-01
2900,0.01,0,1.998930e-01
2925,0.01,0,2.069340e-01
2950,0.01,0,2.159810e-01
2975,0.01,0,2.276210e-01
3000,0.01,0,2.426210e-01
3025,0.01,0,2.620070e-01
3050,0.01,0,2.871590e-01
3075,0.01,0,3.199740e-01
3100,0.01,0,3.631250e-01
3125,0.01,0,4.204830e-01
3150,0.01,0,4.978780e-01
3175,0.01,0,6.045010e-01
3200,0.01,0,7.557510e-01
3225,0.01,0,9.795390e-01
3250,0.01,0,1.332250e+00
3275,0.01,0,1.947370e+00
3300,0.01,0,3.234020e+00
3325,0.01,0,7.316760e+00
3350,0.01,0,2.000000e+02
3375,0.01,0,2.000000e+02
3400,0.01,0,2.000000e+02
3425,0.01,0,2.000000e+02
3450,0.01,0,2.000000e+02
3475,0.01,0,2.000000e+02
3500,0.01,0,2.000000e+02
3525,0.01,0,2.000000e+02
3550,0.01,0,2.000000e+02
3575,0.01,0,2.000000e+02
3600,0.01,0,2.000000e+02
3625,0.01,0,2.000000e+02
3650,0.01,0,2.000000e+02
3675,0.01,0,2.000000e+02
3700,0.01,0,2.000000e+02
3725,0.01,0,2.000000e+02
3750,0.01,0,2.000000e+02
3775,0.01,0,2.000000e+02
3800,0.01,0,2.000000e+02
3825,0.01,0,2.000000e+02
3850,0.01,0,2.000000e+02
3875,0.01,0,2.000000e+02
3900,0.01,0,2.000000e+02
3925,0.01,0,2.000000e+02
3950,0.01,0,2.000000e+02
3975,0.01,0,2.000000e+02
4000,0.01,0,2.000000e+02
4025,0.01,0,2.000000e+02
4050,0.01,0,2.000000e+02
4075,0.01,0,2.000000e+02
4100,0.01,0,2.000000e+02
4125,0.01,0,2.000000e+02
4150,0.01,0,2.000000e+02
4175,0.01,0,2.000000e+02
4200,0.01,0,2.000000e+02
4225,0.01,0,2.000000e+02
4250,0.01,0,2.000000e+02
4275,0.01,0,2.000000e+02
4300,0.01,0,2.000000e+02
4325,0.01,0,2.000000e+02
4350,0.01,0,2.000000e+02
4375,0.01,0,2.000000e+02
4400,0.01,0,2.000000e+02
4425,0.01,0,2.000000e+02
4450,0.01,0,2.000000e+02
4475,0.01,0,2.000000e+02
4500,0.01,0,2.000000e+02
4525,0.01,0,2.000000e+02
4550,0.01,0,2.000000e+02
4575,0.01,0,2.000000e+02
4600,0.01,0,2.000000e+02
4625,0.01,0,2.000000e+02
4650,0.01,0,2.000000e+02
4675,0.01,0,2.000000e+02
4700,0.01,0,2.000000e+02
4725,0.01,0,2.000000e+02
4750,0.01,0,2.000000e+02
4775,0.01,0,2.000000e+02
4800,0.01,0,2.000000e+02
4825,0.01,0,2.000000e+02
4850,0.01,0,2.000000e+02
4875,0.01,0,2.000000e+02
4900,0.01,0,2.000000e+02
4925,0.01,0,2.000000e+02
4950,0.01,0,2.000000e+02
4975,0.01,0,2.000000e+02
5000,0.01,0,2.000000e+02
300,0.0177828,0,8.742740e-02
325,0.0177828,0,8.742740e-02
350,0.0177828,0,8.742740e-02
375,0.0177828,0,8.742740e-02
400,0.0177828,0,8.742760e-02
425,0.0177828,0,8.742810e-02
450,0.0177828,0,8.743030e-02
475,0.0177828,0,8.743710e-02
500,0.0177828,0,8.745650e-02
525,0.0177828,0,8.750590e-02
550,0.0177828,0,8.762120e-02
575,0.0177828,0,8.786920e-02
600,0.0177828,0,8.836620e-02
625,0.0177828,0,8.930090e-02
650,0.0177828,0,9.095780e-02
675,0.0177828,0,9.373280e-02
700,0.0177828,0,9.811920e-02
725,0.0177828,0,1.046290e-01
750,0.0177828,0,1.135980e-01
775,0.0177828,0,1.248480e-01
800,0.0177828,0,1.373380e-01
825,0.0177828,0,1.492480e-01
850,0.0177828,0,1.588380e-01
875,0.0177828,0,1.654400e-01
900,0.0177828,0,1.694890e-01
925,0.0177828,0,1.718140e-01
950,0.0177828,0,1.731140e-01
975,0.0177828,0,1.738400e-01
1000,0.0177828,0,1.742500e-01
1025,0.0177828,0,1.744860e-01
1050,0.0177828,0,1.746250e-01
1075,0.0177828,0,1.747090e-01
1100,0.0177828,0,1.747600e-01
1125,0.0177828,0,1.747920e-01
1150,0.0177828,0,1.748120e-01
1175,0.0177828,0,1.748260e-01
1200,0.0177828,0,1.748340e-01
1225,0.0177828,0,1.748400e-01
1250,0.0177828,0,1.748440e-01
1275,0.0177828,0,1.748470e-01
1300,0.0177828,0,1.748490e-01
1325,0.0177828,0,1.748510e-01
1350,0.0177828,0,1.748520e-01
1375,0.0177828,0,1.748520e-01
1400,0.0177828,0,1.748530e-01
1425,0.0177828,0,1.748530e-01
1450,0.0177828,0,1.748540e-01
1475,0.0177828,0,1.748540e-01
1500,0.0177828,0,1.748540e-01
1525,0.0177828,0,1.748540e-01
1550,0.0177828,0,1.748540e-01
1575,0.0177828,0,1.748540e-01
1600,0.0177828,0,1.748550e-01
1625,0.0177828,0,1.748550e-01
1650,0.0177828,0,1.748550e-01
1675,0.0177828,0,1.748550e-01
1700,0.0177828,0,1.748550e-01
1725,0.0177828,0,1.748550e-01
1750,0.0177828,0,1.748550e-01
1775,0.0177828,0,1.748550e-01
1800,0.0177828,0,1.748550e-01
1825,0.0177828,0,1.748550e-01
1850,0.0177828,0,1.748550e-01
1875,0.0177828,0,1.748550e-01
1900,0.0177828,0,1.748550e-01
1925,0.0177828,0,1.748550e-01
1950,0.0177828,0,1.748560e-01
1975,0.0177828,0,1.748560e-01
2000,0.0177828,0,1.748570e-01
2025,0.0177828,0,1.748570e-01
2050,0.0177828,0,1.748580e-01
2075,0.0177828,0,1.748600e-01
2100,0.0177828,0,1.748610e-01
2125,0.0177828,0,1.748640e-01
2150,0.0177828,0,1.748670e-01
2175,0.0177828,0,1.748700e-01
2200,0.0177828,0,1.748750e-01
2225,0.0177828,0,1.748810e-01
2250,0.0177828,0,1.748900e-01
2275,0.0177828,0,1.749000e-01
2300,0.0177828,0,1.749130e-01
2325,0.0177828,0,1.749290e-01
2350,0.0177828,0,1.749500e-01
2375,0.0177828,0,1.749760e-01
2400,0.0177828,0,1.750080e-01
2425,0.0177828,0,1.750490e-01
2450,0.0177828,0,1.750990e-01
2475,0.0177828,0,1.751630e-01
2500,0.0177828,0,1.752420e-01
2525,0.0177828,0,1.753420e-01
2550,0.0177828,0,1.754660e-01
2575,0.0177828,0,1.756210e-01
2600,0.0177828,0,1.758160e-01
2625,0.0177828,0,1.760600e-01
2650,0.0177828,0,1.763680e-01
2675,0.0177828,0,1.767550e-01
2700,0.0177828,0,1.772440e-01
2725,0.0177828,0,1.778610e-01
2750,0.0177828,0,1.786420e-01
2775,0.0177828,0,1.796310e-01
2800,0.0177828,0,1.808860e-01
2825,0.0177828,0,1.824770e-01
2850,0.0177828,0,1.844980e-01
2875,0.0177828,0,1.870640e-01
2900,0.0177828,0,1.903260e-01
2925,0.0177828,0,1.944720e-01
2950,0.0177828,0,1.997430e-01
2975,0.0177828,0,2.064480e-01
3000,0.0177828,0,2.149820e-01
3025,0.0177828,0,2.258550e-01
3050,0.0177828,0,2.397290e-01
3075,0.0177828,0,2.574740e-01
3100,0.0177828,0,2.802460e-01
3125,0.0177828,0,3.096050e-01
3150,0.0177828,0,3.477060e-01
3175,0.0177828,0,3.975950e-01
3200,0.0177828,0,4.637250e-01
3225,0.0177828,0,5.528560e-01
3250,0.0177828,0,6.757900e-01
3275,0.0177828,0,8.509160e-01
3300,0.0177828,0,1.112300e+00
3325,0.0177828,0,1.530910e+00
3350,0.0177828,0,2.282770e+00
3375,0.0177828,0,3.954580e+00
3400,0.0177828,0,1.032680e+01
3425,0.0177828,0,2.000000e+02
3450,0.0177828,0,2.000000e+02
3475,0.0177828,0,2.000000e+02
3500,0.0177828,0,2.000000e+02
3525,0.0177828,0,2.000000e+02
3550,0.0177828,0,2.000000e+02
3575,0.0177828,0,2.000000e+02
3600,0.0177828,0,2.000000e+02
3625,0.0177828,0,2.000000e+02
3650,0.0177828,0,2.000000e+02
3675,0.0177828,0,2.000000e+02
3700,0.0177828,0,2.000000e+02
3725,0.0177828,0,2.000000e+02
3750,0.0177828,0,2.000000e+02
3775,0.0177828,0,2.000000e+02
3800,0.0177828,0,2.000000e+02
3825,0.0177828,0,2.000000e+02
3850,0.0177828,0,2.000000e+02
3875,0.0177828,0,2.000000e+02
3900,0.0177828,0,2.000000e+02
3925,0.0177828,0,2.000000e+02
3950,0.0177828,0,2.000000e+02
3975,0.0177828,0,2.000000e+02
4000,0.0177828,0,2.000000e+02
4025,0.0177828,0,2.000000e+02
4050,0.0177828,0,2.000000e+02
4075,0.0177828,0,2.000000e+02
4100,0.0177828,0,2.000000e+02
4125,0.0177828,0,2.000000e+02
4150,0.0177828,0,2.000000e+02
4175,0.0177828,0,2.000000e+02
4200,0.0177828,0,2.000000e+02
4225,0.0177828,0,2.000000e+02
4250,0.0177828,0,2.000000e+02
4275,0.0177828,0,2.000000e+02
4300,0.0177828,0,2.000000e+02
4325,0.0177828,0,2.000000e+02
4350,0.0177828,0,2.000000e+02
4375,0.0177828,0,2.000000e+02
4400,0.0177828,0,2.000000e+02
4425,0.0177828,0,2.000000e+02
4450,0.0177828,0,2.000000e+02
4475,0.0177828,0,2.000000e+02
4500,0.0177828,0,2.000000e+02
4525,0.0177828,0,2.000000e+02
4550,0.0177828,0,2.000000e+02
4575,0.0177828,0,2.000000e+02
4600,0.0177828,0,2.000000e+02
4625,0.0177828,0,2.000000e+02
4650,0.0177828,0,2.000000e+02
4675,0.0177828,0,2.000000e+02
4700,0.0177828,0,2.000000e+02
4725,0.0177828,0,2.000000e+02
4750,0.0177828,0,2.000000e+02
4775,0.0177828,0,2.000000e+02
4800,0.0177828,0,2.000000e+02
4825,0.0177828,0,2.000000e+02
4850,0.0177828,0,2.000000e+02
4875,0.0177828,0,2.000000e+02
4900,0.0177828,0,2.000000e+02
4925,0.0177828,0,2.000000e+02
4950,0.0177828,0,2.000000e+02
4975,0.0177828,0,2.000000e+02
5000,0.0177828,0,2.000000e+02
300,0.0316228,0,8.742740e-02
325,0.0316228,0,8.742740e-02
350,0.0316228,0,8.742740e-02
375,0.0316228,0,8.742740e-02
400,0.0316228,0,8.742750e-02
425,0.0316228,0,8.742800e-02
450,0.0316228,0,8.742960e-02
475,0.0316228,0,8.743470e-02
500,0.0316228,0,8.744920e-02
525,0.0316228,0,8.748630e-02
550,0.0316228,0,8.757280e-02
575,0.0316228,0,8.775880e-02
600,0.0316228,0,8.813210e-02
625,0.0316228,0,8.883530e-02
650,0.0316228,0,9.008580e-02
675,0.0316228,0,9.219170e-02
700,0.0316228,0,9.555350e-02
725,0.0316228,0,1.006280e-01
750,0.0316228,0,1.078230e-01
775,0.0316228,0,1.172840e-01
800,0.0316228,0,1.285960e-01
825,0.0316228,0,1.405760e-01
850,0.0316228,0,1.515440e-01
875,0.0316228,0,1.601490e-01
900,0.0316228,0,1.660380e-01
925,0.0316228,0,1.696940e-01
950,0.0316228,0,1.718430e-01
975,0.0316228,0,1.730790e-01
1000,0.0316228,0,1.737900e-01
1025,0.0316228,0,1.742030e-01
1050,0.0316228,0,1.744480e-01
1075,0.0316228,0,1.745950e-01
1100,0.0316228,0,1.746860e-01
1125,0.0316228,0,1.747430e-01
1150,0.0316228,0,1.747790e-01
1175,0.0316228,0,1.748030e-01
1200,0.0316228,0,1.748190e-01
1225,0.0316228,0,1.748290e-01
1250,0.0316228,0,1.748360e-01
1275,0.0316228,0,1.748410e-01
1300,0.0316228,0,1.748450e-01
1325,0.0316228,0,1.748470e-01
1350,0.0316228,0,1.748490e-01
1375,0.0316228,0,1.748510e-01
1400,0.0316228,0,1.748520e-01
1425,0.0316228,0,1.748520e-01
1450,0.0316228,0,1.748530e-01
1475,0.0316228,0,1.748530e-01
1500,0.0316228,0,1.748540e-01
1525,0.0316228,0,1.748540e-01
1550,0.0316228,0,1.748540e-01
1575,0.0316228,0,1.748540e-01
1600,0.0316228,0,1.748540e-01
1625,0.0316228,0,1.748540e-01
1650,0.0316228,0,1.748540e-01
1675,0.0316228,0,1.748550e-01
1700,0.0316228,0,1.748550e-01
1725,0.0316228,0,1.748550e-01
1750,0.0316228,0,1.748550e-01
1775,0.0316228,0,1.748550e-01
1800,0.0316228,0,1.748550e-01
1825,0.0316228,0,1.748550e-01
1850,0.0316228,0,1.748550e-01
1875,0.0316228,0,1.748550e-01
1900,0.0316228,0,1.748550e-01
1925,0.0316228,0,1.748550e-01
1950,0.0316228,0,1.748550e-01
1975,0.0316228,0,1.748560e-01
2000,0.0316228,0,1.748560e-01
2025,0.0316228,0,1.748570e-01
2050,0.0316228,0,1.748570e-01
2075,0.0316228,0,1.748580e-01
2100,0.0316228,0,1.748600e-01
2125,0.0316228,0,1.748610e-01
2150,0.0316228,0,1.748640e-01
2175,0.0316228,0,1.748660e-01
2200,0.0316228,0,1.748700e-01
2225,0.0316228,0,1.748750e-01
2250,0.0316228,0,1.748810e-01
2275,0.0316228,0,1.748880e-01
2300,0.0316228,0,1.748980e-01
2325,0.0316228,0,1.749100e-01
2350,0.0316228,0,1.749250e-01
2375,0.0316228,0,1.749440e-01
2400,0.0316228,0,1.749680e-01
2425,0.0316228,0,1.749970e-01
2450,0.0316228,0,1.750340e-01
2475,0.0316228,0,1.750800e-01
2500,0.0316228,0,1.751370e-01
2525,0.0316228,0,1.752070e-01
2550,0.0316228,0,1.752940e-01
2575,0.0316228,0,1.754020e-01
2600,0.0316228,0,1.755370e-01
2625,0.0316228,0,1.757040e-01
2650,0.0316228,0,1.759110e-01
2675,0.0316228,0,1.761700e-01
2700,0.0316228,0,1.764930e-01
2725,0.0316228,0,1.768960e-01
2750,0.0316228,0,1.774010e-01
2775,0.0316228,0,1.780340e-01
2800,0.0316228,0,1.788270e-01
2825,0.0316228,0,1.798230e-01
2850,0.0316228,0,1.810750e-01
2875,0.0316228,0,1.826490e-01
2900,0.0316228,0,1.846300e-01
2925,0.0316228,0,1.871240e-01
2950,0.0316228,0,1.902640e-01
2975,0.0316228,0,1.942190e-01
3000,0.0316228,0,1.992020e-01
3025,0.0316228,0,2.054820e-01
3050,0.0316228,0,2.134000e-01
3075,0.0316228,0,2.233930e-01
3100,0.0316228,0,2.360200e-01
3125,0.0316228,0,2.520070e-01
3150,0.0316228,0,2.723030e-01
3175,0.0316228,0,2.981690e-01
3200,0.0316228,0,3.313080e-01
3225,0.0316228,0,3.740760e-01
3250,0.0316228,0,4.298120e-01
3275,0.0316228,0,5.034130e-01
3300,0.0316228,0,6.023570e-01
3325,0.0316228,0,7.386700e-01
3350,0.0316228,0,9.329990e-01
3375,0.0316228,0,1.224040e+00
3400,0.0316228,0,1.693690e+00
3425,0.0316228,0,2.550300e+00
3450,0.0316228,0,4.520990e+00
3475,0.0316228,0,1.296060e+01
3500,0.0316228,0,2.000000e+02
3525,0.0316228,0,2.000000e+02
3550,0.0316228,0,2.000000e+02
3575,0.0316228,0,2.000000e+02
3600,0.0316228,0,2.000000e+02
3625,0.0316228,0,2.000000e+02
3650,0.0316228,0,2.000000e+02
3675,0.0316228,0,2.000000e+02
3700,0.0316228,0,2.000000e+02
3725,0.0316228,0,2.000000e+02
3750,0.0316228,0,2.000000e+02
3775,0.0316228,0,2.000000e+02
3800,0.0316228,0,2.000000e+02
3825,0.0316228,0,2.000000e+02
3850,0.0316228,0,2.000000e+02
3875,0.0316228,0,2.000000e+02
3900,0.0316228,0,2.000000e+02
3925,0.0316228,0,2.000000e+02
3950,0.0316228,0,2.000000e+02
3975,0.0316228,0,2.000000e+02
4000,0.0316228,0,2.000000e+02
4025,0.0316228,0,2.000000e+02
4050,0.0316228,0,2.000000e+02
4075,0.0316228,0,2.000000e+02
4100,0.0316228,0,2.000000e+02
4125,0.0316228,0,2.000000e+02
4150,0.0316228,0,2.000000e+02
4175,0.0316228,0,2.000000e+02
4200,0.0316228,0,2.000000e+02
4225,0.0316228,0,2.000000e+02
4250,0.0316228,0,2.000000e+02
4275,0.0316228,0,2.000000e+02
4300,0.0316228,0,2.000000e+02
4325,0.0316228,0,2.000000e+02
4350,0.0316228,0,2.000000e+02
4375,0.0316228,0,2.000000e+02
4400,0.0316228,0,2.000000e+02
4425,0.0316228,0,2.000000e+02
4450,0.0316228,0,2.000000e+02
4475,0.0316228,0,2.000000e+02
4500,0.0316228,0,2.000000e+02
4525,0.0316228,0,2.000000e+02
4550,0.0316228,0,2.000000e+02
4575,0.0316228,0,2.000000e+02
4600,0.0316228,0,2.000000e+02
4625,0.0316228,0,2.000000e+02
4650,0.0316228,0,2.000000e+02
4675,0.0316228,0,2.000000e+02
4700,0.0316228,0,2.000000e+02
4725,0.0316228,0,2.000000e+02
4750,0.0316228,0,2.000000e+02
4775,0.0316228,0,2.000000e+02
4800,0.0316228,0,2.000000e+02
4825,0.0316228,0,2.000000e+02
4850,0.0316228,0,2.000000e+02
4875,0.0316228,0,2.000000e+02
4900,0.0316228,0,2.000000e+02
4925,0.0316228,0,2.000000e+02
4950,0.0316228,0,2.000000e+02
4975,0.0316228,0,2.000000e+02
5000,0.0316228,0,2.000000e+02
300,0.0562341,0,8.742740e-02
325,0.0562341,0,8.742740e-02
350,0.0562341,0,8.742740e-02
375,0.0562341,0,8.742740e-02
400,0.0562341,0,8.742750e-02
425,0.0562341,0,8.742780e-02
450,0.0562341,0,8.742900e-02
475,0.0562341,0,8.743290e-02
500,0.0562341,0,8.744380e-02
525,0.0562341,0,8.747160e-02
550,0.0562341,0,8.753640e-02
575,0.0562341,0,8.767600e-02
600,0.0562341,0,8.795630e-02
625,0.0562341,0,8.848490e-02
650,0.0562341,0,8.942710e-02
675,0.0562341,0,9.102040e-02
700,0.0562341,0,9.358210e-02
725,0.0562341,0,9.749620e-02
750,0.0562341,0,1.031600e-01
775,0.0562341,0,1.108620e-01
800,0.0562341,0,1.205750e-01
825,0.0562341,0,1.317150e-01
850,0.0562341,0,1.430720e-01
875,0.0562341,0,1.531720e-01
900,0.0562341,0,1.609850e-01
925,0.0562341,0,1.663510e-01
950,0.0562341,0,1.697410e-01
975,0.0562341,0,1.717840e-01
1000,0.0562341,0,1.729930e-01
1025,0.0562341,0,1.737090e-01
1050,0.0562341,0,1.741360e-01
1075,0.0562341,0,1.743950e-01
1100,0.0562341,0,1.745550e-01
1125,0.0562341,0,1.746560e-01
1150,0.0562341,0,1.747210e-01
1175,0.0562341,0,1.747630e-01
1200,0.0562341,0,1.747900e-01
1225,0.0562341,0,1.748090e-01
1250,0.0562341,0,1.748220e-01
1275,0.0562341,0,1.748310e-01
1300,0.0562341,0,1.748370e-01
1325,0.0562341,0,1.748420e-01
1350,0.0562341,0,1.748450e-01
1375,0.0562341,0,1.748470e-01
1400,0.0562341,0,1.748490e-01
1425,0.0562341,0,1.748500e-01
1450,0.0562341,0,1.748510e-01
1475,0.0562341,0,1.748520e-01
1500,0.0562341,0,1.748530e-01
1525,0.0562341,0,1.748530e-01
1550,0.0562341,0,1.748530e-01
1575,0.0562341,0,1.748540e-01
1600,0.0562341,0,1.748540e-01
1625,0.0562341,0,1.748540e-01
1650,0.0562341,0,1.748540e-01
1675,0.0562341,0,1.748540e-01
1700,0.0562341,0,1.748540e-01
1725,0.0562341,0,1.748540e-01
1750,0.0562341,0,1.748540e-01
1775,0.0562341,0,1.748550e-01
1800,0.0562341,0,1.748550e-01
1825,0.0562341,0,1.748550e-01
1850,0.0562341,0,1.748550e-01
1875,0.0562341,0,1.748550e-01
1900,0.0562341,0,1.748550e-01
1925,0.0562341,0,1.748550e-01
1950,0.0562341,0,1.748550e-01
1975,0.0562341,0,1.748550e-01
2000,0.0562341,0,1.748560e-01
2025,0.0562341,0,1.748560e-01
2050,0.0562341,0,1.748570e-01
2075,0.0562341,0,1.748580e-01
2100,0.0562341,0,1.748580e-01
2125,0.0562341,0,1.748600e-01
2150,0.0562341,0,1.748610e-01
2175,0.0562341,0,1.748630e-01
2200,0.0562341,0,1.748660e-01
2225,0.0562341,0,1.748700e-01
2250,0.0562341,0,1.748740e-01
2275,0.0562341,0,1.748800e-01
2300,0.0562341,0,1.748870e-01
2325,0.0562341,0,1.748960e-01
2350,0.0562341,0,1.749070e-01
2375,0.0562341,0,1.749210e-01
2400,0.0562341,0,1.749390e-01
2425,0.0562341,0,1.749600e-01
2450,0.0562341,0,1.749870e-01
2475,0.0562341,0,1.750200e-01
2500,0.0562341,0,1.750610e-01
2525,0.0562341,0,1.751120e-01
2550,0.0562341,0,1.751740e-01
2575,0.0562341,0,1.752500e-01
2600,0.0562341,0,1.753440e-01
2625,0.0562341,0,1.754600e-01
2650,0.0562341,0,1.756030e-01
2675,0.0562341,0,1.757790e-01
2700,0.0562341,0,1.759970e-01
2725,0.0562341,0,1.762660e-01
2750,0.0562341,0,1.766000e-01
2775,0.0562341,0,1.770130e-01
2800,0.0562341,0,1.775250e-01
2825,0.0562341,0,1.781620e-01
2850,0.0562341,0,1.789540e-01
2875,0.0562341,0,1.799400e-01
2900,0.0562341,0,1.811680e-01
2925,0.0562341,0,1.827000e-01
2950,0.0562341,0,1.846100e-01
2975,0.0562341,0,1.869940e-01
3000,0.0562341,0,1.899680e-01
3025,0.0562341,0,1.936820e-01
3050,0.0562341,0,1.983190e-01
3075,0.0562341,0,2.041090e-01
3100,0.0562341,0,2.113450e-01
3125,0.0562341,0,2.203920e-01
3150,0.0562341,0,2.317150e-01
3175,0.0562341,0,2.459100e-01
3200,0.0562341,0,2.637420e-01
3225,0.0562341,0,2.862150e-01
3250,0.0562341,0,3.146550e-01
3275,0.0562341,0,3.508550e-01
3300,0.0562341,0,3.972880e-01
3325,0.0562341,0,4.574580e-01
3350,0.0562341,0,5.365040e-01
3375,0.0562341,0,6.422730e-01
3400,0.0562341,0,7.873770e-01
3425,0.0562341,0,9.934620e-01
3450,0.0562341,0,1.301070e+00
3475,0.0562341,0,1.795880e+00
3500,0.0562341,0,2.695350e+00
3525,0.0562341,0,4.754700e+00
3550,0.0562341,0,1.344630e+01
3575,0.0562341,0,2.000000e+02
3600,0.0562341,0,2.000000e+02
3625,0.0562341,0,2.000000e+02
3650,0.0562341,0,2.000000e+02
3675,0.0562341,0,2.000000e+02
3700,0.0562341,0,2.000000e+02
3725,0.0562341,0,2.000000e+02
3750,0.0562341,0,2.000000e+02
3775,0.0562341,0,2.000000e+02
3800,0.0562341,0,2.000000e+02
3825,0.0562341,0,2.000000e+02
3850,0.0562341,0,2.000000e+02
3875,0.0562341,0,2.000000e+02
3900,0.0562341,0,2.000000e+02
3925,0.0562341,0,2.000000e+02
3950,0.0562341,0,2.000000e+02
3975,0.0562341,0,2.000000e+02
4000,0.0562341,0,2.000000e+02
4025,0.0562341,0,2.000000e+02
4050,0.0562341,0,2.000000e+02
4075,0.0562341,0,2.000000e+02
4100,0.0562341,0,2.000000e+02
4125,0.0562341,0,2.000000e+02
4150,0.0562341,0,2.000000e+02
4175,0.0562341,0,2.000000e+02
4200,0.0562341,0,2.000000e+02
4225,0.0562341,0,2.000000e+02
4250,0.0562341,0,2.000000e+02
4275,0.0562341,0,2.000000e+02
4300,0.0562341,0,2.000000e+02
4325,0.0562341,0,2.000000e+02
4350,0.0562341,0,2.000000e+02
4375,0.0562341,0,2.000000e+02
4400,0.0562341,0,2.000000e+02
4425,0.0562341,0,2.000000e+02
4450,0.0562341,0,2.000000e+02
4475,0.0562341,0,2.000000e+02
4500,0.0562341,0,2.000000e+02
4525,0.0562341,0,2.000000e+02
4550,0.0562341,0,2.000000e+02
4575,0.0562341,0,2.000000e+02
4600,0.0562341,0,2.000000e+02
4625,0.0562341,0,2.000000e+02
4650,0.0562341,0,2.000000e+02
4675,0.0562341,0,2.000000e+02
4700,0.0562341,0,2.000000e+02
4725,0.0562341,0,2.000000e+02
4750,0.0562341,0,2.000000e+02
4775,0.0562341,0,2.000000e+02
4800,0.0562341,0,2.000000e+02
4825,0.0562341,0,2.000000e+02
4850,0.0562341,0,2.000000e+02
4875,0.0562341,0,2.000000e+02
4900,0.0562341,0,2.000000e+02
4925,0.0562341,0,2.000000e+02
4950,0.0562341,0,2.000000e+02
4975,0.0562341,0,2.000000e+02
5000,0.0562341,0,2.000000e+02
300,0.1,0,8.742740e-02
325,0.1,0,8.742740e-02
350,0.1,0,8.742740e-02
375,0.1,0,8.742740e-02
400,0.1,0,8.742750e-02
425,0.1,0,8.742770e-02
450,0.1,0,8.742860e-02
475,0.1,0,8.743150e-02
500,0.1,0,8.743970e-02
525,0.1,0,8.746050e-02
550,0.1,0,8.750920e-02
575,0.1,0,8.761390e-02
600,0.1,0,8.782430e-02
625,0.1,0,8.822140e-02
650,0.1,0,8.893040e-02
675,0.1,0,9.013310e-02
700,0.1,0,9.207700e-02
725,0.1,0,9.507340e-02
750,0.1,0,9.947300e-02
775,0.1,0,1.055990e-01
800,0.1,0,1.136230e-01
825,0.1,0,1.233770e-01
850,0.1,0,1.341840e-01
875,0.1,0,1.448870e-01
900,0.1,0,1.542290e-01
925,0.1,0,1.614270e-01
950,0.1,0,1.664230e-01
975,0.1,0,1.696450e-01
1000,0.1,0,1.716400e-01
1025,0.1,0,1.728530e-01
1050,0.1,0,1.735910e-01
1075,0.1,0,1.740440e-01
1100,0.1,0,1.743250e-01
1125,0.1,0,1.745020e-01
1150,0.1,0,1.746160e-01
1175,0.1,0,1.746910e-01
1200,0.1,0,1.747400e-01
1225,0.1,0,1.747740e-01
1250,0.1,0,1.747960e-01
1275,0.1,0,1.748120e-01
1300,0.1,0,1.748230e-01
1325,0.1,0,1.748310e-01
1350,0.1,0,1.748370e-01
1375,0.1,0,1.748410e-01
1400,0.1,0,1.748440e-01
1425,0.1,0,1.748470e-01
1450,0.1,0,1.748480e-01
1475,0.1,0,1.748500e-01
1500,0.1,0,1.748510e-01
1525,0.1,0,1.748520e-01
1550,0.1,0,1.748520e-01
1575,0.1,0,1.748530e-01
1600,0.1,0,1.748530e-01
1625,0.1,0,1.748530e-01
1650,0.1,0,1.748540e-01
1675,0.1,0,1.748540e-01
1700,0.1,0,1.748540e-01
1725,0.1,0,1.748540e-01
1750,0.1,0,1.748540e-01
1775,0.1,0,1.748540e-01
1800,0.1,0,1.748540e-01
1825,0.1,0,1.748540e-01
1850,0.1,0,1.748550e-01
1875,0.1,0,1.748550e-01
1900,0.1,0,1.748550e-01
1925,0.1,0,1.748550e-01
1950,0.1,0,1.748550e-01
1975,0.1,0,1.748550e-01
2000,0.1,0,1.748550e-01
2025,0.1,0,1.748560e-01
2050,0.1,0,1.748560e-01
2075,0.1,0,1.748570e-01
2100,0.1,0,1.748570e-01
2125,0.1,0,1.748580e-01
2150,0.1,0,1.748600e-01
2175,0.1,0,1.748610e-01
2200,0.1,0,1.748630e-01
2225,0.1,0,1.748660e-01
2250,0.1,0,1.748690e-01
2275,0.1,0,1.748730e-01
2300,0.1,0,1.748790e-01
2325,0.1,0,1.748850e-01
2350,0.1,0,1.748940e-01
2375,0.1,0,1.749040e-01
2400,0.1,0,1.749170e-01
2425,0.1,0,1.749330e-01
2450,0.1,0,1.749530e-01
2475,0.1,0,1.749770e-01
2500,0.1,0,1.750070e-01
2525,0.1,0,1.750430e-01
2550,0.1,0,1.750880e-01
2575,0.1,0,1.751430e-01
2600,0.1,0,1.752100e-01
2625,0.1,0,1.752910e-01
2650,0.1,0,1.753910e-01
2675,0.1,0,1.755140e-01
2700,0.1,0,1.756630e-01
2725,0.1,0,1.758460e-01
2750,0.1,0,1.760710e-01
2775,0.1,0,1.763460e-01
2800,0.1,0,1.766840e-01
2825,0.1,0,1.771000e-01
2850,0.1,0,1.776120e-01
2875,0.1,0,1.782430e-01
2900,0.1,0,1.790210e-01
2925,0.1,0,1.799820e-01
2950,0.1,0,1.811690e-01
2975,0.1,0,1.826350e-01
3000,0.1,0,1.844490e-01
3025,0.1,0,1.866930e-01
3050,0.1,0,1.894680e-01
3075,0.1,0,1.929040e-01
3100,0.1,0,1.971550e-01
3125,0.1,0,2.024190e-01
3150,0.1,0,2.089370e-01
3175,0.1,0,2.170140e-01
3200,0.1,0,2.270300e-01
3225,0.1,0,2.394660e-01
3250,0.1,0,2.549320e-01
3275,0.1,0,2.742130e-01
3300,0.1,0,2.983320e-01
3325,0.1,0,3.286350e-01
3350,0.1,0,3.669340e-01
3375,0.1,0,4.157220e-01
3400,0.1,0,4.785140e-01
3425,0.1,0,5.604400e-01
3450,0.1,0,6.692880e-01
3475,0.1,0,8.174790e-01
3500,0.1,0,1.026130e+00
3525,0.1,0,1.334240e+00
3550,0.1,0,1.822700e+00
3575,0.1,0,2.690520e+00
3600,0.1,0,4.590490e+00
3625,0.1,0,1.153700e+01
3650,0.1,0,2.000000e+02
3675,0.1,0,2.000000e+02
3700,0.1,0,2.000000e+02
3725,0.1,0,2.000000e+02
3750,0.1,0,2.000000e+02
3775,0.1,0,2.000000e+02
3800,0.1,0,2.000000e+02
3825,0.1,0,2.000000e+02
3850,0.1,0,2.000000e+02
3875,0.1,0,2.000000e+02
3900,0.1,0,2.000000e+02
3925,0.1,0,2.000000e+02
3950,0.1,0,2.000000e+02
3975,0.1,0,2.000000e+02
4000,0.1,0,2.000000e+02
4025,0.1,0,2.000000e+02
4050,0.1,0,2.000000e+02
4075,0.1,0,2.000000e+02
4100,0.1,0,2.000000e+02
4125,0.1,0,2.000000e+02
4150,0.1,0,2.000000e+02
4175,0.1,0,2.000000e+02
4200,0.1,0,2.000000e+02
4225,0.1,0,2.000000e+02
4250,0.1,0,2.000000e+02
4275,0.1,0,2.000000e+02
4300,0.1,0,2.000000e+02
4325,0.1,0,2.000000e+02
4350,0.1,0,2.000000e+02
4375,0.1,0,2.000000e+02
4400,0.1,0,2.000000e+02
4425,0.1,0,2.000000e+02
4450,0.1,0,2.000000e+02
4475,0.1,0,2.000000e+02
4500,0.1,0,2.000000e+02
4525,0.1,0,2.000000e+02
4550,0.1,0,2.000000e+02
4575,0.1,0,2.000000e+02
4600,0.1,0,2.000000e+02
4625,0.1,0,2.000000e+02
4650,0.1,0,2.000000e+02
4675,0.1,0,2.000000e+02
4700,0.1,0,2.000000e+02
4725,0.1,0,2.000000e+02
4750,0.1,0,2.000000e+02
4775,0.1,0,2.000000e+02
4800,0.1,0,2.000000e+02
4825,0.1,0,2.000000e+02
4850,0.1,0,2.000000e+02
4875,0.1,0,2.000000e+02
4900,0.1,0,2.000000e+02
4925,0.1,0,2.000000e+02
4950,0.1,0,2.000000e+02
4975,0.1,0,2.000000e+02
5000,0.1,0,2.000000e+02
300,0.177828,0,8.742740e-02
325,0.177828,0,8.742740e-02
350,0.177828,0,8.742740e-02
375,0.177828,0,8.742740e-02
400,0.177828,0,8.742750e-02
425,0.177828,0,8.742760e-02
450,0.177828,0,8.742830e-02
475,0.177828,0,8.743050e-02
500,0.177828,0,8.743660e-02
525,0.177828,0,8.745220e-02
550,0.177828,0,8.748870e-02
575,0.177828,0,8.756730e-02
600,0.177828,0,8.772510e-02
625,0.177828,0,8.802330e-02
650,0.177828,0,8.855640e-02
675,0.177828,0,8.946280e-02
700,0.177828,0,9.093330e-02
725,0.177828,0,9.321480e-02
750,0.177828,0,9.660000e-02
775,0.177828,0,1.013940e-01
800,0.177828,0,1.078430e-01
825,0.177828,0,1.160140e-01
850,0.177828,0,1.256400e-01
875,0.177828,0,1.360180e-01
900,0.177828,0,1.460870e-01
925,0.177828,0,1.547950e-01
950,0.177828,0,1.615290e-01
975,0.177828,0,1.662770e-01
1000,0.177828,0,1.694120e-01
1025,0.177828,0,1.714050e-01
1050,0.177828,0,1.726520e-01
1075,0.177828,0,1.734310e-01
1100,0.177828,0,1.739200e-01
1125,0.177828,0,1.742320e-01
1150,0.177828,0,1.744330e-01
1175,0.177828,0,1.745640e-01
1200,0.177828,0,1.746520e-01
1225,0.177828,0,1.747110e-01
1250,0.177828,0,1.747510e-01
1275,0.177828,0,1.747790e-01
1300,0.177828,0,1.747990e-01
1325,0.177828,0,1.748130e-01
1350,0.177828,0,1.748230e-01
1375,0.177828,0,1.748310e-01
1400,0.177828,0,1.748360e-01
1425,0.177828,0,1.748400e-01
1450,0.177828,0,1.748430e-01
1475,0.177828,0,1.748460e-01
1500,0.177828,0,1.748480e-01
1525,0.177828,0,1.748490e-01
1550,0.177828,0,1.748500e-01
1575,0.177828,0,1.748510e-01
1600,0.177828,0,1.748520e-01
1625,0.177828,0,1.748520e-01
1650,0.177828,0,1.748530e-01
1675,0.177828,0,1.748530e-01
1700,0.177828,0,1.748530e-01
1725,0.177828,0,1.748540e-01
1750,0.177828,0,1.748540e-01
1775,0.177828,0,1.748540e-01
1800,0.177828,0,1.748540e-01
1825,0.177828,0,1.748540e-01
1850,0.177828,0,1.748540e-01
1875,0.177828,0,1.748540e-01
1900,0.177828,0,1.748550e-01
1925,0.177828,0,1.748550e-01
1950,0.177828,0,1.748550e-01
1975,0.177828,0,1.748550e-01
2000,0.177828,0,1.748550e-01
2025,0.177828,0,1.748550e-01
2050,0.177828,0,1.748560e-01
2075,0.177828,0,1.748560e-01
2100,0.177828,0,1.748570e-01
2125,0.177828,0,1.748570e-01
2150,0.177828,0,1.748580e-01
2175,0.177828,0,1.748600e-01
2200,0.177828,0,1.748610e-01
2225,0.177828,0,1.748630e-01
2250,0.177828,0,1.748660e-01
2275,0.177828,0,1.748690e-01
2300,0.177828,0,1.748730e-01
2325,0.177828,0,1.748780e-01
2350,0.177828,0,1.748840e-01
2375,0.177828,0,1.748920e-01
2400,0.177828,0,1.749010e-01
2425,0.177828,0,1.749130e-01
2450,0.177828,0,1.749270e-01
2475,0.177828,0,1.749450e-01
2500,0.177828,0,1.749670e-01
2525,0.177828,0,1.749940e-01
2550,0.177828,0,1.750260e-01
2575,0.177828,0,1.750660e-01
2600,0.177828,0,1.751140e-01
2625,0.177828,0,1.751720e-01
2650,0.177828,0,1.752430e-01
2675,0.177828,0,1.753290e-01
2700,0.177828,0,1.754340e-01
2725,0.177828,0,1.755610e-01
2750,0.177828,0,1.757150e-01
2775,0.177828,0,1.759020e-01
2800,0.177828,0,1.761300e-01
2825,0.177828,0,1.764070e-01
2850,0.177828,0,1.767450e-01
2875,0.177828,0,1.771580e-01
2900,0.177828,0,1.776610e-01
2925,0.177828,0,1.782770e-01
2950,0.177828,0,1.790300e-01
2975,0.177828,0,1.799520e-01
3000,0.177828,0,1.810810e-01
3025,0.177828,0,1.824660e-01
3050,0.177828,0,1.841630e-01
3075,0.177828,0,1.862450e-01
3100,0.177828,0,1.887990e-01
3125,0.177828,0,1.919330e-01
3150,0.177828,0,1.957790e-01
3175,0.177828,0,2.005000e-01
3200,0.177828,0,2.062960e-01
3225,0.177828,0,2.134150e-01
3250,0.177828,0,2.221640e-01
3275,0.177828,0,2.329270e-01
3300,0.177828,0,2.461830e-01
3325,0.177828,0,2.625420e-01
3350,0.177828,0,2.827800e-01
3375,0.177828,0,3.079010e-01
3400,0.177828,0,3.392250e-01
3425,0.177828,0,3.785130e-01
3450,0.177828,0,4.281720e-01
3475,0.177828,0,4.915700e-01
3500,0.177828,0,5.735770e-01
3525,0.177828,0,6.814990e-01
3550,0.177828,0,8.268240e-01
3575,0.177828,0,1.028720e+00
3600,0.177828,0,1.321720e+00
3625,0.177828,0,1.774910e+00
3650,0.177828,0,2.549250e+00
3675,0.177828,0,4.123790e+00
3700,0.177828,0,8.810950e+00
3725,0.177828,0,1.250090e+02
3750,0.177828,0,2.000000e+02
3775,0.177828,0,2.000000e+02
3800,0.177828,0,2.000000e+02
3825,0.177828,0,2.000000e+02
3850,0.177828,0,2.000000e+02
3875,0.177828,0,2.000000e+02
3900,0.177828,0,2.000000e+02
3925,0.177828,0,2.000000e+02
3950,0.177828,0,2.000000e+02
3975,0.177828,0,2.000000e+02
4000,0.177828,0,2.000000e+02
4025,0.177828,0,2.000000e+02
4050,0.177828,0,2.000000e+02
4075,0.177828,0,2.000000e+02
4100,0.177828,0,2.000000e+02
4125,0.177828,0,2.000000e+02
4150,0.177828,0,2.000000e+02
4175,0.177828,0,2.000000e+02
4200,0.177828,0,2.000000e+02
4225,0.177828,0,2.000000e+02
4250,0.177828,0,2.000000e+02
4275,0.177828,0,2.000000e+02
4300,0.177828,0,2.000000e+02
4325,0.177828,0,2.000000e+02
4350,0.177828,0,2.000000e+02
4375,0.177828,0,2.000000e+02
4400,0.177828,0,2.000000e+02
4425,0.177828,0,2.000000e+02
4450,0.177828,0,2.000000e+02
4475,0.177828,0,2.000000e+02
4500,0.177828,0,2.000000e+02
4525,0.177828,0,2.000000e+02
4550,0.177828,0,2.000000e+02
4575,0.177828,0,2.000000e+02
4600,0.177828,0,2.000000e+02
4625,0.177828,0,2.000000e+02
4650,0.177828,0,2.000000e+02
4675,0.177828,0,2.000000e+02
4700,0.177828,0,2.000000e+02
4725,0.177828,0,2.000000e+02
4750,0.177828,0,2.000000e+02
4775,0.177828,0,2.000000e+02
4800,0.177828,0,2.000000e+02
4825,0.177828,0,2.000000e+02
4850,0.177828,0,2.000000e+02
4875,0.177828,0,2.000000e+02
4900,0.177828,0,2.000000e+02
4925,0.177828,0,2.000000e+02
4950,0.177828,0,2.000000e+02
4975,0.177828,0,2.000000e+02
5000,0.177828,0,2.000000e+02
300,0.316228,0,8.742740e-02
325,0.316228,0,8.742740e-02
350,0.316228,0,8.742740e-02
375,0.316228,0,8.742740e-02
400,0.316228,0,8.742740e-02
425,0.316228,0,8.742760e-02
450,0.316228,0,8.742810e-02
475,0.316228,0,8.742970e-02
500,0.316228,0,8.743430e-02
525,0.316228,0,8.744600e-02
550,0.316228,0,8.747340e-02
575,0.316228,0,8.753230e-02
600,0.316228,0,8.765080e-02
625,0.316228,0,8.787460e-02
650,0.316228,0,8.827520e-02
675,0.316228,0,8.895730e-02
700,0.316228,0,9.006730e-02
725,0.316228,0,9.179750e-02
750,0.316228,0,9.438440e-02
775,0.316228,0,9.809260e-02
800,0.316228,0,1.031760e-01
825,0.316228,0,1.098080e-01
850,0.316228,0,1.179730e-01
875,0.316228,0,1.273490e-01
900,0.316228,0,1.372500e-01
925,0.316228,0,1.467370e-01
950,0.316228,0,1.549250e-01
975,0.316228,0,1.613220e-01
1000,0.316228,0,1.659200e-01
1025,0.316228,0,1.690340e-01
1050,0.316228,0,1.710700e-01
1075,0.316228,0,1.723790e-01
1100,0.316228,0,1.732180e-01
1125,0.316228,0,1.737580e-01
1150,0.316228,0,1.741090e-01
1175,0.316228,0,1.743400e-01
1200,0.316228,0,1.744950e-01
1225,0.316228,0,1.745990e-01
1250,0.316228,0,1.746710e-01
1275,0.316228,0,1.747210e-01
1300,0.316228,0,1.747560e-01
1325,0.316228,0,1.747810e-01
1350,0.316228,0,1.747990e-01
1375,0.316228,0,1.748120e-01
1400,0.316228,0,1.748220e-01
1425,0.316228,0,1.748290e-01
1450,0.316228,0,1.748350e-01
1475,0.316228,0,1.748390e-01
1500,0.316228,0,1.748420e-01
1525,0.316228,0,1.748450e-01
1550,0.316228,0,1.748460e-01
1575,0.316228,0,1.748480e-01
1600,0.316228,0,1.748490e-01
1625,0.316228,0,1.748500e-01
1650,0.316228,0,1.748510e-01
1675,0.316228,0,1.748520e-01
1700,0.316228,0,1.748520e-01
1725,0.316228,0,1.748530e-01
1750,0.316228,0,1.748530e-01
1775,0.316228,0,1.748530e-01
1800,0.316228,0,1.748530e-01
1825,0.316228,0,1.748540e-01
1850,0.316228,0,1.748540e-01
1875,0.316228,0,1.748540e-01
1900,0.316228,0,1.748540e-01
1925,0.316228,0,1.748540e-01
1950,0.316228,0,1.748540e-01
1975,0.316228,0,1.748550e-01
2000,0.316228,0,1.748550e-01
2025,0.316228,0,1.748550e-01
2050,0.316228,0,1.748550e-01
2075,0.316228,0,1.748560e-01
2100,0.316228,0,1.748560e-01
2125,0.316228,0,1.748570e-01
2150,0.316228,0,1.748570e-01
2175,0.316228,0,1.748580e-01
2200,0.316228,0,1.748590e-01
2225,0.316228,0,1.748610e-01
2250,0.316228,0,1.748630e-01
2275,0.316228,0,1.748650e-01
2300,0.316228,0,1.748680e-01
2325,0.316228,0,1.748720e-01
2350,0.316228,0,1.748760e-01
2375,0.316228,0,1.748820e-01
2400,0.316228,0,1.748890e-01
2425,0.316228,0,1.748980e-01
2450,0.316228,0,1.749090e-01
2475,0.316228,0,1.749220e-01
2500,0.316228,0,1.749380e-01
2525,0.316228,0,1.749580e-01
2550,0.316228,0,1.749810e-01
2575,0.316228,0,1.750100e-01
2600,0.316228,0,1.750450e-01
2625,0.316228,0,1.750870e-01
2650,0.316228,0,1.751380e-01
2675,0.316228,0,1.752000e-01
2700,0.316228,0,1.752740e-01
2725,0.316228,0,1.753630e-01
2750,0.316228,0,1.754700e-01
2775,0.316228,0,1.756000e-01
2800,0.316228,0,1.757560e-01
2825,0.316228,0,1.759450e-01
2850,0.316228,0,1.761730e-01
2875,0.316228,0,1.764480e-01
2900,0.316228,0,1.767810e-01
2925,0.316228,0,1.771840e-01
2950,0.316228,0,1.776720e-01
2975,0.316228,0,1.782640e-01
3000,0.316228,0,1.789830e-01
3025,0.316228,0,1.798550e-01
3050,0.316228,0,1.809160e-01
3075,0.316228,0,1.822040e-01
3100,0.316228,0,1.837720e-01
3125,0.316228,0,1.856780e-01
3150,0.316228,0,1.879980e-01
3175,0.316228,0,1.908210e-01
3200,0.316228,0,1.942560e-01
3225,0.316228,0,1.984390e-01
3250,0.316228,0,2.035310e-01
3275,0.316228,0,2.097320e-01
3300,0.316228,0,2.172880e-01
3325,0.316228,0,2.265000e-01
3350,0.316228,0,2.377430e-01
3375,0.316228,0,2.514830e-01
3400,0.316228,0,2.683050e-01
3425,0.316228,0,2.889550e-01
3450,0.316228,0,3.143850e-01
3475,0.316228,0,3.458420e-01
3500,0.316228,0,3.849720e-01
3525,0.316228,0,4.340040e-01
3550,0.316228,0,4.960240e-01
3575,0.316228,0,5.754320e-01
3600,0.316228,0,6.787210e-01
3625,0.316228,0,8.158980e-01
3650,0.316228,0,1.003220e+00
3675,0.316228,0,1.269000e+00
3700,0.316228,0,1.667240e+00
3725,0.316228,0,2.315080e+00
3750,0.316228,0,3.522240e+00
3775,0.316228,0,6.450700e+00
3800,0.316228,0,2.191050e+01
3825,0.316228,0,2.000000e+02
3850,0.316228,0,2.000000e+02
3875,0.316228,0,2.000000e+02
3900,0.316228,0,2.000000e+02
3925,0.316228,0,2.000000e+02
3950,0.316228,0,2.000000e+02
3975,0.316228,0,2.000000e+02
4000,0.316228,0,2.000000e+02
4025,0.316228,0,2.000000e+02
4050,0.316228,0,2.000000e+02
4075,0.316228,0,2.000000e+02
4100,0.316228,0,2.000000e+02
4125,0.316228,0,2.000000e+02
4150,0.316228,0,2.000000e+02
4175,0.316228,0,2.000000e+02
4200,0.316228,0,2.000000e+02
4225,0.316228,0,2.000000e+02
4250,0.316228,0,2.000000e+02
4275,0.316228,0,2.000000e+02
4300,0.316228,0,2.000000e+02
4325,0.316228,0,2.000000e+02
4350,0.316228,0,2.000000e+02
4375,0.316228,0,2.000000e+02
4400,0.316228,0,2.000000e+02
4425,0.316228,0,2.000000e+02
4450,0.316228,0,2.000000e+02
4475,0.316228,0,2.000000e+02
4500,0.316228,0,2.000000e+02
4525,0.316228,0,2.000000e+02
4550,0.316228,0,2.000000e+02
4575,0.316228,0,2.000000e+02
4600,0.316228,0,2.000000e+02
4625,0.316228,0,2.000000e+02
4650,0.316228,0,2.000000e+02
4675,0.316228,0,2.000000e+02
4700,0.316228,0,2.000000e+02
4725,0.316228,0,2.000000e+02
4750,0.316228,0,2.000000e+02
4775,0.316228,0,2.000000e+02
4800,0.316228,0,2.000000e+02
4825,0.316228,0,2.000000e+02
4850,0.316228,0,2.000000e+02
4875,0.316228,0,2.000000e+02
4900,0.316228,0,2.000000e+02
4925,0.316228,0,2.000000e+02
4950,0.316228,0,2.000000e+02
4975,0.316228,0,2.000000e+02
5000,0.316228,0,2.000000e+02
300,0.562341,0,8.742740e-02
325,0.562341,0,8.742740e-02
350,0.562341,0,8.742740e-02
375,0.562341,0,8.742740e-02
400,0.562341,0,8.742740e-02
425,0.562341,0,8.742750e-02
450,0.562341,0,8.742790e-02
475,0.562341,0,8.742910e-02
500,0.562341,0,8.743260e-02
525,0.562341,0,8.744140e-02
550,0.562341,0,8.746190e-02
575,0.562341,0,8.750610e-02
600,0.562341,0,8.759490e-02
625,0.562341,0,8.776290e-02
650,0.562341,0,8.806370e-02
675,0.562341,0,8.857670e-02
700,0.562341,0,8.941310e-02
725,0.562341,0,9.072140e-02
750,0.562341,0,9.268850e-02
775,0.562341,0,9.553300e-02
800,0.562341,0,9.948580e-02
825,0.562341,0,1.047500e-01
850,0.562341,0,1.114360e-01
875,0.562341,0,1.194710e-01
900,0.562341,0,1.285130e-01
925,0.562341,0,1.379240e-01
950,0.562341,0,1.468880e-01
975,0.562341,0,1.546590e-01
1000,0.562341,0,1.608190e-01
1025,0.562341,0,1.653480e-01
1050,0.562341,0,1.684990e-01
1075,0.562341,0,1.706180e-01
1100,0.562341,0,1.720180e-01
1125,0.562341,0,1.729380e-01
1150,0.562341,0,1.735450e-01
1175,0.562341,0,1.739470e-01
1200,0.562341,0,1.742180e-01
1225,0.562341,0,1.744020e-01
1250,0.562341,0,1.745280e-01
1275,0.562341,0,1.746170e-01
1300,0.562341,0,1.746790e-01
1325,0.562341,0,1.747230e-01
1350,0.562341,0,1.747550e-01
1375,0.562341,0,1.747790e-01
1400,0.562341,0,1.747960e-01
1425,0.562341,0,1.748090e-01
1450,0.562341,0,1.748190e-01
1475,0.562341,0,1.748260e-01
1500,0.562341,0,1.748320e-01
1525,0.562341,0,1.748370e-01
1550,0.562341,0,1.748400e-01
1575,0.562341,0,1.748430e-01
1600,0.562341,0,1.748450e-01
1625,0.562341,0,1.748470e-01
1650,0.562341,0,1.748480e-01
1675,0.562341,0,1.748490e-01
1700,0.562341,0,1.748500e-01
1725,0.562341,0,1.748510e-01
1750,0.562341,0,1.748510e-01
1775,0.562341,0,1.748520e-01
1800,0.562341,0,1.748520e-01
1825,0.562341,0,1.748530e-01
1850,0.562341,0,1.748530e-01
1875,0.562341,0,1.748530e-01
1900,0.562341,0,1.748530e-01
1925,0.562341,0,1.748540e-01
1950,0.562341,0,1.748540e-01
1975,0.562341,0,1.748540e-01
2000,0.562341,0,1.748540e-01
2025,0.562341,0,1.748550e-01
2050,0.562341,0,1.748550e-01
2075,0.562341,0,1.748550e-01
2100,0.562341,0,1.748550e-01
2125,0.562341,0,1.748560e-01
2150,0.562341,0,1.748560e-01
2175,0.562341,0,1.748570e-01
2200,0.562341,0,1.748580e-01
2225,0.562341,0,1.748590e-01
2250,0.562341,0,1.748610e-01
2275,0.562341,0,1.748620e-01
2300,0.562341,0,1.748650e-01
2325,0.562341,0,1.748670e-01
2350,0.562341,0,1.748710e-01
2375,0.562341,0,1.748750e-01
2400,0.562341,0,1.748800e-01
2425,0.562341,0,1.748870e-01
2450,0.562341,0,1.748950e-01
2475,0.562341,0,1.749050e-01
2500,0.562341,0,1.749170e-01
2525,0.562341,0,1.749310e-01
2550,0.562341,0,1.749490e-01
2575,0.562341,0,1.749700e-01
2600,0.562341,0,1.749950e-01
2625,0.562341,0,1.750260e-01
2650,0.562341,0,1.750630e-01
2675,0.562341,0,1.751070e-01
2700,0.562341,0,1.751600e-01
2725,0.562341,0,1.752240e-01
2750,0.562341,0,1.753000e-01
2775,0.562341,0,1.753910e-01
2800,0.562341,0,1.755000e-01
2825,0.562341,0,1.756310e-01
2850,0.562341,0,1.757870e-01
2875,0.562341,0,1.759750e-01
2900,0.562341,0,1.761990e-01
2925,0.562341,0,1.764680e-01
2950,0.562341,0,1.767920e-01
2975,0.562341,0,1.771800e-01
3000,0.562341,0,1.776470e-01
3025,0.562341,0,1.782090e-01
3050,0.562341,0,1.788860e-01
3075,0.562341,0,1.797010e-01
3100,0.562341,0,1.806840e-01
3125,0.562341,0,1.818680e-01
3150,0.562341,0,1.832980e-01
3175,0.562341,0,1.850220e-01
3200,0.562341,0,1.871040e-01
3225,0.562341,0,1.896170e-01
3250,0.562341,0,1.926510e-01
3275,0.562341,0,1.963140e-01
3300,0.562341,0,2.007390e-01
3325,0.562341,0,2.060830e-01
3350,0.562341,0,2.125410e-01
3375,0.562341,0,2.203480e-01
3400,0.562341,0,2.297920e-01
3425,0.562341,0,2.412280e-01
3450,0.562341,0,2.550950e-01
3475,0.562341,0,2.719410e-01
3500,0.562341,0,2.924550e-01
3525,0.562341,0,3.175160e-01
3550,0.562341,0,3.482550e-01
3575,0.562341,0,3.861590e-01
3600,0.562341,0,4.332100e-01
3625,0.562341,0,4.921170e-01
3650,0.562341,0,5.666750e-01
3675,0.562341,0,6.623760e-01
3700,0.562341,0,7.874690e-01
3725,0.562341,0,9.549490e-01
3750,0.562341,0,1.186530e+00
3775,0.562341,0,1.521400e+00
3800,0.562341,0,2.038160e+00
3825,0.562341,0,2.920520e+00
3850,0.562341,0,4.717700e+00
3875,0.562341,0,1.010640e+01
3900,0.562341,0,1.595780e+02
3925,0.562341,0,2.000000e+02
3950,0.562341,0,2.000000e+02
3975,0.562341,0,2.000000e+02
4000,0.562341,0,2.000000e+02
4025,0.562341,0,2.000000e+02
4050,0.562341,0,2.000000e+02
4075,0.562341,0,2.000000e+02
4100,0.562341,0,2.000000e+02
4125,0.562341,0,2.000000e+02
4150,0.562341,0,2.000000e+02
4175,0.562341,0,2.000000e+02
4200,0.562341,0,2.000000e+02
4225,0.562341,0,2.000000e+02
4250,0.562341,0,2.000000e+02
4275,0.562341,0,2.000000e+02
4300,0.562341,0,2.000000e+02
4325,0.562341,0,2.000000e+02
4350,0.562341,0,2.000000e+02
4375,0.562341,0,2.000000e+02
4400,0.562341,0,2.000000e+02
4425,0.562341,0,2.000000e+02
4450,0.562341,0,2.000000e+02
4475,0.562341,0,2.000000e+02
4500,0.562341,0,2.000000e+02
4525,0.562341,0,2.000000e+02
4550,0.562341,0,2.000000e+02
4575,0.562341,0,2.000000e+02
4600,0.562341,0,2.000000e+02
4625,0.562341,0,2.000000e+02
4650,0.562341,0,2.000000e+02
4675,0.562341,0,2.000000e+02
4700,0.562341,0,2.000000e+02
4725,0.562341,0,2.000000e+02
4750,0.562341,0,2.000000e+02
4775,0.562341,0,2.000000e+02
4800,0.562341,0,2.000000e+02
4825,0.562341,0,2.000000e+02
4850,0.562341,0,2.000000e+02
4875,0.562341,0,2.000000e+02
4900,0.562341,0,2.000000e+02
4925,0.562341,0,2.000000e+02
4950,0.562341,0,2.000000e+02
4975,0.562341,0,2.000000e+02
5000,0.562341,0,2.000000e+02
300,1,0,8.742740e-02
325,1,0,8.742740e-02
350,1,0,8.742740e-02
375,1,0,8.742740e-02
400,1,0,8.742740e-02
425,1,0,8.742750e-02
450,1,0,8.742780e-02
475,1,0,8.742870e-02
500,1,0,8.743130e-02
525,1,0,8.743790e-02
550,1,0,8.745330e-02
575,1,0,8.748640e-02
600,1,0,8.755310e-02
625,1,0,8.767910e-02
650,1,0,8.790490e-02
675,1,0,8.829040e-02
700,1,0,8.891990e-02
725,1,0,8.990710e-02
750,1,0,9.139750e-02
775,1,0,9.356630e-02
800,1,0,9.660980e-02
825,1,0,1.007230e-01
850,1,0,1.060640e-01
875,1,0,1.126920e-01
900,1,0,1.205010e-01
925,1,0,1.291540e-01
950,1,0,1.380810e-01
975,1,0,1.465810e-01
1000,1,0,1.540180e-01
1025,1,0,1.600210e-01
1050,1,0,1.645470e-01
1075,1,0,1.677850e-01
1100,1,0,1.700260e-01
1125,1,0,1.715470e-01
1150,1,0,1.725730e-01
1175,1,0,1.732640e-01
1200,1,0,1.737340e-01
1225,1,0,1.740550e-01
1250,1,0,1.742770e-01
1275,1,0,1.744330e-01
1300,1,0,1.745430e-01
1325,1,0,1.746210e-01
1350,1,0,1.746780e-01
1375,1,0,1.747200e-01
1400,1,0,1.747510e-01
1425,1,0,1.747740e-01
1450,1,0,1.747910e-01
1475,1,0,1.748040e-01
1500,1,0,1.748150e-01
1525,1,0,1.748220e-01
1550,1,0,1.748290e-01
1575,1,0,1.748330e-01
1600,1,0,1.748370e-01
1625,1,0,1.748400e-01
1650,1,0,1.748430e-01
1675,1,0,1.748450e-01
1700,1,0,1.748460e-01
1725,1,0,1.748480e-01
1750,1,0,1.748490e-01
1775,1,0,1.748500e-01
1800,1,0,1.748500e-01
1825,1,0,1.748510e-01
1850,1,0,1.748510e-01
1875,1,0,1.748520e-01
1900,1,0,1.748520e-01
1925,1,0,1.748530e-01
1950,1,0,1.748530e-01
1975,1,0,1.748530e-01
2000,1,0,1.748540e-01
2025,1,0,1.748540e-01
2050,1,0,1.748540e-01
2075,1,0,1.748540e-01
2100,1,0,1.748550e-01
2125,1,0,1.748550e-01
2150,1,0,1.748560e-01
2175,1,0,1.748560e-01
2200,1,0,1.748570e-01
2225,1,0,1.748580e-01
2250,1,0,1.748590e-01
2275,1,0,1.748600e-01
2300,1,0,1.748620e-01
2325,1,0,1.748640e-01
2350,1,0,1.748670e-01
2375,1,0,1.748700e-01
2400,1,0,1.748740e-01
2425,1,0,1.748790e-01
2450,1,0,1.748850e-01
2475,1,0,1.748920e-01
2500,1,0,1.749010e-01
2525,1,0,1.749120e-01
2550,1,0,1.749240e-01
2575,1,0,1.749400e-01
2600,1,0,1.749590e-01
2625,1,0,1.749810e-01
2650,1,0,1.750080e-01
2675,1,0,1.750410e-01
2700,1,0,1.750790e-01
2725,1,0,1.751250e-01
2750,1,0,1.751790e-01
2775,1,0,1.752440e-01
2800,1,0,1.753220e-01
2825,1,0,1.754130e-01
2850,1,0,1.755220e-01
2875,1,0,1.756520e-01
2900,1,0,1.758070e-01
2925,1,0,1.759900e-01
2950,1,0,1.762090e-01
2975,1,0,1.764690e-01
3000,1,0,1.767790e-01
3025,1,0,1.771490e-01
3050,1,0,1.775900e-01
3075,1,0,1.781170e-01
3100,1,0,1.787460e-01
3125,1,0,1.794980e-01
3150,1,0,1.803980e-01
3175,1,0,1.814750e-01
3200,1,0,1.827630e-01
3225,1,0,1.843060e-01
3250,1,0,1.861540e-01
3275,1,0,1.883670e-01
3300,1,0,1.910180e-01
3325,1,0,1.941940e-01
3350,1,0,1.980000e-01
3375,1,0,2.025620e-01
3400,1,0,2.080290e-01
3425,1,0,2.145850e-01
3450,1,0,2.224500e-01
3475,1,0,2.318920e-01
3500,1,0,2.432380e-01
3525,1,0,2.568900e-01
3550,1,0,2.733450e-01
3575,1,0,2.932230e-01
3600,1,0,3.173050e-01
3625,1,0,3.465910e-01
3650,1,0,3.823710e-01
3675,1,0,4.263480e-01
3700,1,0,4.808070e-01
3725,1,0,5.488900e-01
3750,1,0,6.350380e-01
3775,1,0,7.457390e-01
3800,1,0,8.908620e-01
3825,1,0,1.086190e+00
3850,1,0,1.358590e+00
3875,1,0,1.757870e+00
3900,1,0,2.387550e+00
3925,1,0,3.503250e+00
3950,1,0,5.947470e+00
3975,1,0,1.494910e+01
4000,1,0,2.000000e+02
4025,1,0,2.000000e+02
4050,1,0,2.000000e+02
4075,1,0,2.000000e+02
4100,1,0,2.000000e+02
4125,1,0,2.000000e+02
4150,1,0,2.000000e+02
4175,1,0,2.000000e+02
4200,1,0,2.000000e+02
4225,1,0,2.000000e+02
4250,1,0,2.000000e+02
4275,1,0,2.000000e+02
4300,1,0,2.000000e+02
4325,1,0,2.000000e+02
4350,1,0,2.000000e+02
4375,1,0,2.000000e+02
4400,1,0,2.000000e+02
4425,1,0,2.000000e+02
4450,1,0,2.000000e+02
4475,1,0,2.000000e+02
4500,1,0,2.000000e+02
4525,1,0,2.000000e+02
4550,1,0,2.000000e+02
4575,1,0,2.000000e+02
4600,1,0,2.000000e+02
4625,1,0,2.000000e+02
4650,1,0,2.000000e+02
4675,1,0,2.000000e+02
4700,1,0,2.000000e+02
4725,1,0,2.000000e+02
4750,1,0,2.000000e+02
4775,1,0,2.000000e+02
4800,1,0,2.000000e+02
4825,1,0,2.000000e+02
4850,1,0,2.000000e+02
4875,1,0,2.000000e+02
4900,1,0,2.000000e+02
4925,1,0,2.000000e+02
4950,1,0,2.000000e+02
4975,1,0,2.000000e+02
5000,1,0,2.000000e+02
300,1.77828,0,8.742740e-02
325,1.77828,0,8.742740e-02
350,1.77828,0,8.742740e-02
375,1.77828,0,8.742740e-02
400,1.77828,0,8.742740e-02
425,1.77828,0,8.742750e-02
450,1.77828,0,8.742770e-02
475,1.77828,0,8.742840e-02
500,1.77828,0,8.743030e-02
525,1.77828,0,8.743530e-02
550,1.77828,0,8.744680e-02
575,1.77828,0,8.747170e-02
600,1.77828,0,8.752160e-02
625,1.77828,0,8.761620e-02
650,1.77828,0,8.778570e-02
675,1.77828,0,8.807520e-02
700,1.77828,0,8.854850e-02
725,1.77828,0,8.929230e-02
750,1.77828,0,9.041850e-02
775,1.77828,0,9.206500e-02
800,1.77828,0,9.439190e-02
825,1.77828,0,9.757040e-02
850,1.77828,0,1.017620e-01
875,1.77828,0,1.070830e-01
900,1.77828,0,1.135610e-01
925,1.77828,0,1.210720e-01
950,1.77828,0,1.293040e-01
975,1.77828,0,1.377620e-01
1000,1.77828,0,1.458460e-01
1025,1.77828,0,1.530120e-01
1050,1.77828,0,1.589200e-01
1075,1.77828,0,1.634920e-01
1100,1.77828,0,1.668620e-01
1125,1.77828,0,1.692620e-01
1150,1.77828,0,1.709380e-01
1175,1.77828,0,1.720970e-01
1200,1.77828,0,1.728970e-01
1225,1.77828,0,1.734510e-01
1250,1.77828,0,1.738370e-01
1275,1.77828,0,1.741090e-01
1300,1.77828,0,1.743030e-01
1325,1.77828,0,1.744410e-01
1350,1.77828,0,1.745420e-01
1375,1.77828,0,1.746160e-01
1400,1.77828,0,1.746700e-01
1425,1.77828,0,1.747110e-01
1450,1.77828,0,1.747420e-01
1475,1.77828,0,1.747650e-01
1500,1.77828,0,1.747830e-01
1525,1.77828,0,1.747970e-01
1550,1.77828,0,1.748080e-01
1575,1.77828,0,1.748170e-01
1600,1.77828,0,1.748230e-01
1625,1.77828,0,1.748290e-01
1650,1.77828,0,1.748330e-01
1675,1.77828,0,1.748370e-01
1700,1.77828,0,1.748400e-01
1725,1.77828,0,1.748420e-01
1750,1.77828,0,1.748440e-01
1775,1.77828,0,1.748450e-01
1800,1.77828,0,1.748470e-01
1825,1.77828,0,1.748480e-01
1850,1.77828,0,1.748490e-01
1875,1.77828,0,1.748500e-01
1900,1.77828,0,1.748500e-01
1925,1.77828,0,1.748510e-01
1950,1.77828,0,1.748510e-01
1975,1.77828,0,1.748520e-01
2000,1.77828,0,1.748520e-01
2025,1.77828,0,1.748530e-01
2050,1.77828,0,1.748530e-01
2075,1.77828,0,1.748530e-01
2100,1.77828,0,1.748540e-01
2125,1.77828,0,1.748540e-01
2150,1.77828,0,1.748550e-01
2175,1.77828,0,1.748550e-01
2200,1.77828,0,1.748560e-01
2225,1.77828,0,1.748560e-01
2250,1.77828,0,1.748570e-01
2275,1.77828,0,1.748580e-01
2300,1.77828,0,1.748600e-01
2325,1.77828,0,1.748610e-01
2350,1.77828,0,1.748630e-01
2375,1.77828,0,1.748660e-01
2400,1.77828,0,1.748690e-01
2425,1.77828,0,1.748720e-01
2450,1.77828,0,1.748770e-01
2475,1.77828,0,1.748820e-01
2500,1.77828,0,1.748890e-01
2525,1.77828,0,1.748970e-01
2550,1.77828,0,1.749070e-01
2575,1.77828,0,1.749180e-01
2600,1.77828,0,1.749320e-01
2625,1.77828,0,1.749490e-01
2650,1.77828,0,1.749680e-01
2675,1.77828,0,1.749920e-01
2700,1.77828,0,1.750200e-01
2725,1.77828,0,1.750530e-01
2750,1.77828,0,1.750930e-01
2775,1.77828,0,1.751400e-01
2800,1.77828,0,1.751950e-01
2825,1.77828,0,1.752600e-01
2850,1.77828,0,1.753380e-01
2875,1.77828,0,1.754290e-01
2900,1.77828,0,1.755370e-01
2925,1.77828,0,1.756640e-01
2950,1.77828,0,1.758150e-01
2975,1.77828,0,1.759920e-01
3000,1.77828,0,1.762020e-01
3025,1.77828,0,1.764510e-01
3050,1.77828,0,1.767440e-01
3075,1.77828,0,1.770920e-01
3100,1.77828,0,1.775040e-01
3125,1.77828,0,1.779920e-01
3150,1.77828,0,1.785710e-01
3175,1.77828,0,1.792580e-01
3200,1.77828,0,1.800730e-01
3225,1.77828,0,1.810410e-01
3250,1.77828,0,1.821900e-01
3275,1.77828,0,1.835570e-01
3300,1.77828,0,1.851800e-01
3325,1.77828,0,1.871100e-01
3350,1.77828,0,1.894050e-01
3375,1.77828,0,1.921330e-01
3400,1.77828,0,1.953770e-01
3425,1.77828,0,1.992360e-01
3450,1.77828,0,2.038260e-01
3475,1.77828,0,2.092870e-01
3500,1.77828,0,2.157870e-01
3525,1.77828,0,2.235260e-01
3550,1.77828,0,2.327480e-01
3575,1.77828,0,2.437470e-01
3600,1.77828,0,2.568790e-01
3625,1.77828,0,2.725840e-01
3650,1.77828,0,2.914040e-01
3675,1.77828,0,3.140160e-01
3700,1.77828,0,3.412710e-01
3725,1.77828,0,3.742600e-01
3750,1.77828,0,4.143950e-01
3775,1.77828,0,4.635390e-01
3800,1.77828,0,5.242000e-01
3825,1.77828,0,5.998380e-01
3850,1.77828,0,6.953580e-01
3875,1.77828,0,8.179590e-01
3900,1.77828,0,9.786450e-01
3925,1.77828,0,1.195120e+00
3950,1.77828,0,1.497810e+00
3975,1.77828,0,1.943650e+00
4000,1.77828,0,2.652840e+00
4025,1.77828,0,3.929290e+00
4050,1.77828,0,6.818880e+00
4075,1.77828,0,1.864430e+01
4100,1.77828,0,2.000000e+02
4125,1.77828,0,2.000000e+02
4150,1.77828,0,2.000000e+02
4175,1.77828,0,2.000000e+02
4200,1.77828,0,2.000000e+02
4225,1.77828,0,2.000000e+02
4250,1.77828,0,2.000000e+02
4275,1.77828,0,2.000000e+02
4300,1.77828,0,2.000000e+02
4325,1.77828,0,2.000000e+02
4350,1.77828,0,2.000000e+02
4375,1.77828,0,2.000000e+02
4400,1.77828,0,2.000000e+02
4425,1.77828,0,2.000000e+02
4450,1.77828,0,2.000000e+02
4475,1.77828,0,2.000000e+02
4500,1.77828,0,2.000000e+02
4525,1.77828,0,2.000000e+02
4550,1.77828,0,2.000000e+02
4575,1.77828,0,2.000000e+02
4600,1.77828,0,2.000000e+02
4625,1.77828,0,2.000000e+02
4650,1.77828,0,2.000000e+02
4675,1.77828,0,2.000000e+02
4700,1.77828,0,2.000000e+02
4725,1.77828,0,2.000000e+02
4750,1.77828,0,2.000000e+02
4775,1.77828,0,2.000000e+02
4800,1.77828,0,2.000000e+02
4825,1.77828,0,2.000000e+02
4850,1.77828,0,2.000000e+02
4875,1.77828,0,2.000000e+02
4900,1.77828,0,2.000000e+02
4925,1.77828,0,2.000000e+02
4950,1.77828,0,2.000000e+02
4975,1.77828,0,2.000000e+02
5000,1.77828,0,2.000000e+02
300,3.16228,0,8.742740e-02
325,3.16228,0,8.742740e-02
350,3.16228,0,8.742740e-02
375,3.16228,0,8.742740e-02
400,3.16228,0,8.742740e-02
425,3.16228,0,8.742750e-02
450,3.16228,0,8.742760e-02
475,3.16228,0,8.742810e-02
500,3.16228,0,8.742960e-02
525,3.16228,0,8.743330e-02
550,3.16228,0,8.744200e-02
575,3.16228,0,8.746060e-02
600,3.16228,0,8.749810e-02
625,3.16228,0,8.756900e-02
650,3.16228,0,8.769620e-02
675,3.16228,0,8.791350e-02
700,3.16228,0,8.826920e-02
725,3.16228,0,8.882890e-02
750,3.16228,0,8.967820e-02
775,3.16228,0,9.092430e-02
800,3.16228,0,9.269430e-02
825,3.16228,0,9.513060e-02
850,3.16228,0,9.837930e-02
875,3.16228,0,1.025710e-01
900,3.16228,0,1.077920e-01
925,3.16228,0,1.140440e-01
950,3.16228,0,1.212060e-01
975,3.16228,0,1.289990e-01
1000,3.16228,0,1.370010e-01
1025,3.16228,0,1.447070e-01
1050,3.16228,0,1.516450e-01
1075,3.16228,0,1.574970e-01
1100,3.16228,0,1.621550e-01
1125,3.16228,0,1.656930e-01
1150,3.16228,0,1.682900e-01
1175,3.16228,0,1.701540e-01
1200,3.16228,0,1.714780e-01
1225,3.16228,0,1.724130e-01
1250,3.16228,0,1.730750e-01
1275,3.16228,0,1.735450e-01
1300,3.16228,0,1.738810e-01
1325,3.16228,0,1.741240e-01
1350,3.16228,0,1.743010e-01
1375,3.16228,0,1.744310e-01
1400,3.16228,0,1.745270e-01
1425,3.16228,0,1.746000e-01
1450,3.16228,0,1.746540e-01
1475,3.16228,0,1.746960e-01
1500,3.16228,0,1.747280e-01
1525,3.16228,0,1.747520e-01
1550,3.16228,0,1.747720e-01
1575,3.16228,0,1.747870e-01
1600,3.16228,0,1.747990e-01
1625,3.16228,0,1.748090e-01
1650,3.16228,0,1.748160e-01
1675,3.16228,0,1.748230e-01
1700,3.16228,0,1.748280e-01
1725,3.16228,0,1.748320e-01
1750,3.16228,0,1.748350e-01
1775,3.16228,0,1.748380e-01
1800,3.16228,0,1.748400e-01
1825,3.16228,0,1.748420e-01
1850,3.16228,0,1.748440e-01
1875,3.16228,0,1.748460e-01
1900,3.16228,0,1.748470e-01
1925,3.16228,0,1.748480e-01
1950,3.16228,0,1.748490e-01
1975,3.16228,0,1.748490e-01
2000,3.16228,0,1.748500e-01
2025,3.16228,0,1.748510e-01
2050,3.16228,0,1.748510e-01
2075,3.16228,0,1.748520e-01
2100,3.16228,0,1.748520e-01
2125,3.16228,0,1.748530e-01
2150,3.16228,0,1.748530e-01
2175,3.16228,0,1.748540e-01
2200,3.16228,0,1.748540e-01
2225,3.16228,0,1.748550e-01
2250,3.16228,0,1.748560e-01
2275,3.16228,0,1.748570e-01
2300,3.16228,0,1.748580e-01
2325,3.16228,0,1.748590e-01
2350,3.16228,0,1.748600e-01
2375,3.16228,0,1.748620e-01
2400,3.16228,0,1.748650e-01
2425,3.16228,0,1.748670e-01
2450,3.16228,0,1.748710e-01
2475,3.16228,0,1.748750e-01
2500,3.16228,0,1.748800e-01
2525,3.16228,0,1.748860e-01
2550,3.16228,0,1.748930e-01
2575,3.16228,0,1.749020e-01
2600,3.16228,0,1.749120e-01
2625,3.16228,0,1.749240e-01
2650,3.16228,0,1.749390e-01
2675,3.16228,0,1.749560e-01
2700,3.16228,0,1.749770e-01
2725,3.16228,0,1.750010e-01
2750,3.16228,0,1.750300e-01
2775,3.16228,0,1.750640e-01
2800,3.16228,0,1.751040e-01
2825,3.16228,0,1.751510e-01
2850,3.16228,0,1.752070e-01
2875,3.16228,0,1.752720e-01
2900,3.16228,0,1.753480e-01
2925,3.16228,0,1.754380e-01
2950,3.16228,0,1.755430e-01
2975,3.16228,0,1.756670e-01
3000,3.16228,0,1.758120e-01
3025,3.16228,0,1.759820e-01
3050,3.16228,0,1.761810e-01
3075,3.16228,0,1.764150e-01
3100,3.16228,0,1.766910e-01
3125,3.16228,0,1.770140e-01
3150,3.16228,0,1.773950e-01
3175,3.16228,0,1.778420e-01
3200,3.16228,0,1.783690e-01
3225,3.16228,0,1.789900e-01
3250,3.16228,0,1.797210e-01
3275,3.16228,0,1.805820e-01
3300,3.16228,0,1.815980e-01
3325,3.16228,0,1.827970e-01
3350,3.16228,0,1.842110e-01
3375,3.16228,0,1.858790e-01
3400,3.16228,0,1.878480e-01
3425,3.16228,0,1.901720e-01
3450,3.16228,0,1.929150e-01
3475,3.16228,0,1.961540e-01
3500,3.16228,0,1.999780e-01
3525,3.16228,0,2.044940e-01
3550,3.16228,0,2.098280e-01
3575,3.16228,0,2.161320e-01
3600,3.16228,0,2.235830e-01
3625,3.16228,0,2.323970e-01
3650,3.16228,0,2.428310e-01
3675,3.16228,0,2.551950e-01
3700,3.16228,0,2.698690e-01
3725,3.16228,0,2.873120e-01
3750,3.16228,0,3.080960e-01
3775,3.16228,0,3.329290e-01
3800,3.16228,0,3.627050e-01
3825,3.16228,0,3.985620e-01
3850,3.16228,0,4.419750e-01
3875,3.16228,0,4.948870e-01
3900,3.16228,0,5.599110e-01
3925,3.16228,0,6.406430e-01
3950,3.16228,0,7.421740e-01
3975,3.16228,0,8.719600e-01
4000,3.16228,0,1.041360e+00
4025,3.16228,0,1.268610e+00
4050,3.16228,0,1.584830e+00
4075,3.16228,0,2.047950e+00
4100,3.16228,0,2.779070e+00
4125,3.16228,0,4.079720e+00
4150,3.16228,0,6.958270e+00
4175,3.16228,0,1.791590e+01
4200,3.16228,0,2.000000e+02
4225,3.16228,0,2.000000e+02
4250,3.16228,0,2.000000e+02
4275,3.16228,0,2.000000e+02
4300,3.16228,0,2.000000e+02
4325,3.16228,0,2.000000e+02
4350,3.16228,0,2.000000e+02
4375,3.16228,0,2.000000e+02
4400,3.16228,0,2.000000e+02
4425,3.16228,0,2.000000e+02
4450,3.16228,0,2.000000e+02
4475,3.16228,0,2.000000e+02
4500,3.16228,0,2.000000e+02
4525,3.16228,0,2.000000e+02
4550,3.16228,0,2.000000e+02
4575,3.16228,0,2.000000e+02
4600,3.16228,0,2.000000e+02
4625,3.16228,0,2.000000e+02
4650,3.16228,0,2.000000e+02
4675,3.16228,0,2.000000e+02
4700,3.16228,0,2.000000e+02
4725,3.16228,0,2.000000e+02
4750,3.16228,0,2.000000e+02
4775,3.16228,0,2.000000e+02
4800,3.16228,0,2.000000e+02
4825,3.16228,0,2.000000e+02
4850,3.16228,0,2.000000e+02
4875,3.16228,0,2.000000e+02
4900,3.16228,0,2.000000e+02
4925,3.16228,0,2.000000e+02
4950,3.16228,0,2.000000e+02
4975,3.16228,0,2.000000e+02
5000,3.16228,0,2.000000e+02
300,5.62341,0,8.742740e-02
325,5.62341,0,8.742740e-02
350,5.62341,0,8.742740e-02
375,5.62341,0,8.742740e-02
400,5.62341,0,8.742740e-02
425,5.62341,0,8.742750e-02
450,5.62341,0,8.742760e-02
475,5.62341,0,8.742800e-02
500,5.62341,0,8.742900e-02
525,5.62341,0,8.743180e-02
550,5.62341,0,8.743830e-02
575,5.62341,0,8.745230e-02
600,5.62341,0,8.748040e-02
625,5.62341,0,8.753360e-02
650,5.62341,0,8.762900e-02
675,5.62341,0,8.779210e-02
700,5.62341,0,8.805930e-02
725,5.62341,0,8.848000e-02
750,5.62341,0,8.911970e-02
775,5.62341,0,9.006040e-02
800,5.62341,0,9.140190e-02
825,5.62341,0,9.325850e-02
850,5.62341,0,9.575430e-02
875,5.62341,0,9.901180e-02
900,5.62341,0,1.031360e-01
925,5.62341,0,1.081880e-01
950,5.62341,0,1.141580e-01
975,5.62341,0,1.209340e-01
1000,5.62341,0,1.282770e-01
1025,5.62341,0,1.358350e-01
1050,5.62341,0,1.431830e-01
1075,5.62341,0,1.499170e-01
1100,5.62341,0,1.557350e-01
1125,5.62341,0,1.605010e-01
1150,5.62341,0,1.642350e-01
1175,5.62341,0,1.670610e-01
1200,5.62341,0,1.691510e-01
1225,5.62341,0,1.706740e-01
1250,5.62341,0,1.717770e-01
1275,5.62341,0,1.725730e-01
1300,5.62341,0,1.731510e-01
1325,5.62341,0,1.735710e-01
1350,5.62341,0,1.738790e-01
1375,5.62341,0,1.741060e-01
1400,5.62341,0,1.742760e-01
1425,5.62341,0,1.744030e-01
1450,5.62341,0,1.744990e-01
1475,5.62341,0,1.745720e-01
1500,5.62341,0,1.746290e-01
1525,5.62341,0,1.746730e-01
1550,5.62341,0,1.747070e-01
1575,5.62341,0,1.747340e-01
1600,5.62341,0,1.747560e-01
1625,5.62341,0,1.747730e-01
1650,5.62341,0,1.747860e-01
1675,5.62341,0,1.747980e-01
1700,5.62341,0,1.748070e-01
1725,5.62341,0,1.748140e-01
1750,5.62341,0,1.748200e-01
1775,5.62341,0,1.748250e-01
1800,5.62341,0,1.748290e-01
1825,5.62341,0,1.748330e-01
1850,5.62341,0,1.748360e-01
1875,5.62341,0,1.748380e-01
1900,5.62341,0,1.748400e-01
1925,5.62341,0,1.748420e-01
1950,5.62341,0,1.748440e-01
1975,5.62341,0,1.748450e-01
2000,5.62341,0,1.748460e-01
2025,5.62341,0,1.748470e-01
2050,5.62341,0,1.748480e-01
2075,5.62341,0,1.748490e-01
2100,5.62341,0,1.748500e-01
2125,5.62341,0,1.748500e-01
2150,5.62341,0,1.748510e-01
2175,5.62341,0,1.748520e-01
2200,5.62341,0,1.748520e-01
2225,5.62341,0,1.748530e-01
2250,5.62341,0,1.748540e-01
2275,5.62341,0,1.748550e-01
2300,5.62341,0,1.748550e-01
2325,5.62341,0,1.748570e-01
2350,5.62341,0,1.748580e-01
2375,5.62341,0,1.748590e-01
2400,5.62341,0,1.748610e-01
2425,5.62341,0,1.748630e-01
2450,5.62341,0,1.748660e-01
2475,5.62341,0,1.748690e-01
2500,5.62341,0,1.748730e-01
2525,5.62341,0,1.748770e-01
2550,5.62341,0,1.748830e-01
2575,5.62341,0,1.748890e-01
2600,5.62341,0,1.748970e-01
2625,5.62341,0,1.749060e-01
2650,5.62341,0,1.749170e-01
2675,5.62341,0,1.749300e-01
2700,5.62341,0,1.749450e-01
2725,5.62341,0,1.749630e-01
2750,5.62341,0,1.749840e-01
2775,5.62341,0,1.750090e-01
2800,5.62341,0,1.750380e-01
2825,5.62341,0,1.750730e-01
2850,5.62341,0,1.751130e-01
2875,5.62341,0,1.751600e-01
2900,5.62341,0,1.752150e-01
2925,5.62341,0,1.752790e-01
2950,5.62341,0,1.753530e-01
2975,5.62341,0,1.754400e-01
3000,5.62341,0,1.755420e-01
3025,5.62341,0,1.756600e-01
3050,5.62341,0,1.757980e-01
3075,5.62341,0,1.759590e-01
3100,5.62341,0,1.761470e-01
3125,5.62341,0,1.763650e-01
3150,5.62341,0,1.766210e-01
3175,5.62341,0,1.769190e-01
3200,5.62341,0,1.772670e-01
3225,5.62341,0,1.776730e-01
3250,5.62341,0,1.781480e-01
3275,5.62341,0,1.787040e-01
3300,5.62341,0,1.793540e-01
3325,5.62341,0,1.801140e-01
3350,5.62341,0,1.810040e-01
3375,5.62341,0,1.820470e-01
3400,5.62341,0,1.832680e-01
3425,5.62341,0,1.846980e-01
3450,5.62341,0,1.863750e-01
3475,5.62341,0,1.883390e-01
3500,5.62341,0,1.906420e-01
3525,5.62341,0,1.933410e-01
3550,5.62341,0,1.965060e-01
3575,5.62341,0,2.002170e-01
3600,5.62341,0,2.045680e-01
3625,5.62341,0,2.096730e-01
3650,5.62341,0,2.156620e-01
3675,5.62341,0,2.226920e-01
3700,5.62341,0,2.309490e-01
3725,5.62341,0,2.406530e-01
3750,5.62341,0,2.520670e-01
3775,5.62341,0,2.655110e-01
3800,5.62341,0,2.813690e-01
3825,5.62341,0,3.001090e-01
3850,5.62341,0,3.223060e-01
3875,5.62341,0,3.486770e-01
3900,5.62341,0,3.801160e-01
3925,5.62341,0,4.177640e-01
3950,5.62341,0,4.630890e-01
3975,5.62341,0,5.180160e-01
4000,5.62341,0,5.851230e-01
4025,5.62341,0,6.679330e-01
4050,5.62341,0,7.714000e-01
4075,5.62341,0,9.027120e-01
4100,5.62341,0,1.072710e+00
4125,5.62341,0,1.298540e+00
4150,5.62341,0,1.608980e+00
4175,5.62341,0,2.056350e+00
4200,5.62341,0,2.746340e+00
4225,5.62341,0,3.928810e+00
4250,5.62341,0,6.364880e+00
4275,5.62341,0,1.391860e+01
4300,5.62341,0,2.000000e+02
4325,5.62341,0,2.000000e+02
4350,5.62341,0,2.000000e+02
4375,5.62341,0,2.000000e+02
4400,5.62341,0,2.000000e+02
4425,5.62341,0,2.000000e+02
4450,5.62341,0,2.000000e+02
4475,5.62341,0,2.000000e+02
4500,5.62341,0,2.000000e+02
4525,5.62341,0,2.000000e+02
4550,5.62341,0,2.000000e+02
4575,5.62341,0,2.000000e+02
4600,5.62341,0,2.000000e+02
4625,5.62341,0,2.000000e+02
4650,5.62341,0,2.000000e+02
4675,5.62341,0,2.000000e+02
4700,5.62341,0,2.000000e+02
4725,5.62341,0,2.000000e+02
4750,5.62341,0,2.000000e+02
4775,5.62341,0,2.000000e+02
4800,5.62341,0,2.000000e+02
4825,5.62341,0,2.000000e+02
4850,5.62341,0,2.000000e+02
4875,5.62341,0,2.000000e+02
4900,5.62341,0,2.000000e+02
4925,5.62341,0,2.000000e+02
4950,5.62341,0,2.000000e+02
4975,5.62341,0,2.000000e+02
5000,5.62341,0,2.000000e+02
300,10,0,8.742740e-02
325,10,0,8.742740e-02
350,10,0,8.742740e-02
375,10,0,8.742740e-02
400,10,0,8.742740e-02
425,10,0,8.742740e-02
450,10,0,8.742750e-02
475,10,0,8.742780e-02
500,10,0,8.742860e-02
525,10,0,8.743070e-02
550,10,0,8.743560e-02
575,10,0,8.744610e-02
600,10,0,8.746720e-02
625,10,0,8.750710e-02
650,10,0,8.757860e-02
675,10,0,8.770100e-02
700,10,0,8.790160e-02
725,10,0,8.821770e-02
750,10,0,8.869890e-02
775,10,0,8.940790e-02
800,10,0,9.042180e-02
825,10,0,9.183070e-02
850,10,0,9.373580e-02
875,10,0,9.624300e-02
900,10,0,9.945380e-02
925,10,0,1.034510e-01
950,10,0,1.082810e-01
975,10,0,1.139270e-01
1000,10,0,1.202910e-01
1025,10,0,1.271770e-01
1050,10,0,1.342950e-01
1075,10,0,1.412960e-01
1100,10,0,1.478290e-01
1125,10,0,1.536150e-01
1150,10,0,1.584960e-01
1175,10,0,1.624420e-01
1200,10,0,1.655240e-01
1225,10,0,1.678730e-01
1250,10,0,1.696330e-01
1275,10,0,1.709390e-01
1300,10,0,1.719040e-01
1325,10,0,1.726180e-01
1350,10,0,1.731460e-01
1375,10,0,1.735400e-01
1400,10,0,1.738340e-01
1425,10,0,1.740570e-01
1450,10,0,1.742260e-01
1475,10,0,1.743550e-01
1500,10,0,1.744550e-01
1525,10,0,1.745320e-01
1550,10,0,1.745930e-01
1575,10,0,1.746410e-01
1600,10,0,1.746790e-01
1625,10,0,1.747090e-01
1650,10,0,1.747330e-01
1675,10,0,1.747530e-01
1700,10,0,1.747690e-01
1725,10,0,1.747820e-01
1750,10,0,1.747930e-01
1775,10,0,1.748020e-01
1800,10,0,1.748090e-01
1825,10,0,1.748160e-01
1850,10,0,1.748210e-01
1875,10,0,1.748250e-01
1900,10,0,1.748290e-01
1925,10,0,1.748320e-01
1950,10,0,1.748350e-01
1975,10,0,1.748370e-01
2000,10,0,1.748390e-01
2025,10,0,1.748410e-01
2050,10,0,1.748430e-01
2075,10,0,1.748440e-01
2100,10,0,1.748450e-01
2125,10,0,1.748460e-01
2150,10,0,1.748470e-01
2175,10,0,1.748480e-01
2200,10,0,1.748490e-01
2225,10,0,1.748500e-01
2250,10,0,1.748510e-01
2275,10,0,1.748520e-01
2300,10,0,1.748530e-01
2325,10,0,1.748540e-01
2350,10,0,1.748550e-01
2375,10,0,1.748560e-01
2400,10,0,1.748580e-01
2425,10,0,1.748590e-01
2450,10,0,1.748610e-01
2475,10,0,1.748640e-01
2500,10,0,1.748670e-01
2525,10,0,1.748700e-01
2550,10,0,1.748740e-01
2575,10,0,1.748790e-01
2600,10,0,1.748850e-01
2625,10,0,1.748920e-01
2650,10,0,1.749000e-01
2675,10,0,1.749100e-01
2700,10,0,1.749210e-01
2725,10,0,1.749350e-01
2750,10,0,1.749500e-01
2775,10,0,1.749690e-01
2800,10,0,1.749900e-01
2825,10,0,1.750150e-01
2850,10,0,1.750450e-01
2875,10,0,1.750790e-01
2900,10,0,1.751190e-01
2925,10,0,1.751650e-01
2950,10,0,1.752180e-01
2975,10,0,1.752810e-01
3000,10,0,1.753530e-01
3025,10,0,1.754360e-01
3050,10,0,1.755330e-01
3075,10,0,1.756460e-01
3100,10,0,1.757760e-01
3125,10,0,1.759260e-01
3150,10,0,1.761010e-01
3175,10,0,1.763030e-01
3200,10,0,1.765380e-01
3225,10,0,1.768100e-01
3250,10,0,1.771250e-01
3275,10,0,1.774910e-01
3300,10,0,1.779160e-01
3325,10,0,1.784090e-01
3350,10,0,1.789820e-01
3375,10,0,1.796480e-01
3400,10,0,1.804220e-01
3425,10,0,1.813220e-01
3450,10,0,1.823690e-01
3475,10,0,1.835870e-01
3500,10,0,1.850040e-01
3525,10,0,1.866540e-01
3550,10,0,1.885750e-01
3575,10,0,1.908100e-01
3600,10,0,1.934140e-01
3625,10,0,1.964460e-01
3650,10,0,1.999770e-01
3675,10,0,2.040900e-01
3700,10,0,2.088820e-01
3725,10,0,2.144660e-01
3750,10,0,2.209770e-01
3775,10,0,2.285700e-01
3800,10,0,2.374320e-01
3825,10,0,2.477820e-01
3850,10,0,2.598830e-01
3875,10,0,2.740470e-01
3900,10,0,2.906530e-01
3925,10,0,3.101590e-01
3950,10,0,3.331250e-01
3975,10,0,3.602430e-01
4000,10,0,3.923750e-01
4025,10,0,4.306100e-01
4050,10,0,4.763440e-01
4075,10,0,5.313910e-01
4100,10,0,5.981560e-01
4125,10,0,6.798960e-01
4150,10,0,7.811310e-01
4175,10,0,9.083240e-01
4200,10,0,1.071050e+00
4225,10,0,1.284110e+00
4250,10,0,1.571670e+00
4275,10,0,1.975980e+00
4300,10,0,2.578110e+00
4325,10,0,3.555230e+00
4350,10,0,5.380500e+00
4375,10,0,9.861700e+00
4400,10,0,3.479580e+01
4425,10,0,2.000000e+02
4450,10,0,2.000000e+02
4475,10,0,2.000000e+02
4500,10,0,2.000000e+02
4525,10,0,2.000000e+02
4550,10,0,2.000000e+02
4575,10,0,2.000000e+02
4600,10,0,2.000000e+02
4625,10,0,2.000000e+02
4650,10,0,2.000000e+02
4675,10,0,2.000000e+02
4700,10,0,2.000000e+02
4725,10,0,2.000000e+02
4750,10,0,2.000000e+02
4775,10,0,2.000000e+02
4800,10,0,2.000000e+02
4825,10,0,2.000000e+02
4850,10,0,2.000000e+02
4875,10,0,2.000000e+02
4900,10,0,2.000000e+02
4925,10,0,2.000000e+02
4950,10,0,2.000000e+02
4975,10,0,2.000000e+02
5000,10,0,2.000000e+02
300,17.7828,0,8.742740e-02
325,17.7828,0,8.742740e-02
350,17.7828,0,8.742740e-02
375,17.7828,0,8.742740e-02
400,17.7828,0,8.742740e-02
425,17.7828,0,8.742740e-02
450,17.7828,0,8.742750e-02
475,17.7828,0,8.742770e-02
500,17.7828,0,8.742830e-02
525,17.7828,0,8.742990e-02
550,17.7828,0,8.743350e-02
575,17.7828,0,8.744140e-02
600,17.7828,0,8.745720e-02
625,17.7828,0,8.748710e-02
650,17.7828,0,8.754080e-02
675,17.7828,0,8.763270e-02
700,17.7828,0,8.778320e-02
725,17.7828,0,8.802060e-02
750,17.7828,0,8.838230e-02
775,17.7828,0,8.891600e-02
800,17.7828,0,8.968070e-02
825,17.7828,0,9.074660e-02
850,17.7828,0,9.219410e-02
875,17.7828,0,9.411040e-02
900,17.7828,0,9.658510e-02
925,17.7828,0,9.970160e-02
950,17.7828,0,1.035260e-01
975,17.7828,0,1.080920e-01
1000,17.7828,0,1.133840e-01
1025,17.7828,0,1.193200e-01
1050,17.7828,0,1.257430e-01
1075,17.7828,0,1.324210e-01
1100,17.7828,0,1.390680e-01
1125,17.7828,0,1.453880e-01
1150,17.7828,0,1.511260e-01
1175,17.7828,0,1.561090e-01
1200,17.7828,0,1.602660e-01
1225,17.7828,0,1.636210e-01
1250,17.7828,0,1.662580e-01
1275,17.7828,0,1.682920e-01
1300,17.7828,0,1.698410e-01
1325,17.7828,0,1.710130e-01
1350,17.7828,0,1.718970e-01
1375,17.7828,0,1.725640e-01
1400,17.7828,0,1.730700e-01
1425,17.7828,0,1.734540e-01
1450,17.7828,0,1.737470e-01
1475,17.7828,0,1.739730e-01
1500,17.7828,0,1.741480e-01
1525,17.7828,0,1.742840e-01
1550,17.7828,0,1.743910e-01
1575,17.7828,0,1.744750e-01
1600,17.7828,0,1.745420e-01
1625,17.7828,0,1.745960e-01
1650,17.7828,0,1.746390e-01
1675,17.7828,0,1.746740e-01
1700,17.7828,0,1.747030e-01
1725,17.7828,0,1.747260e-01
1750,17.7828,0,1.747450e-01
1775,17.7828,0,1.747610e-01
1800,17.7828,0,1.747740e-01
1825,17.7828,0,1.747850e-01
1850,17.7828,0,1.747950e-01
1875,17.7828,0,1.748020e-01
1900,17.7828,0,1.748090e-01
1925,17.7828,0,1.748150e-01
1950,17.7828,0,1.748200e-01
1975,17.7828,0,1.748240e-01
2000,17.7828,0,1.748270e-01
2025,17.7828,0,1.748300e-01
2050,17.7828,0,1.748330e-01
2075,17.7828,0,1.748350e-01
2100,17.7828,0,1.748370e-01
2125,17.7828,0,1.748390e-01
2150,17.7828,0,1.748410e-01
2175,17.7828,0,1.748420e-01
2200,17.7828,0,1.748440e-01
2225,17.7828,0,1.748450e-01
2250,17.7828,0,1.748460e-01
2275,17.7828,0,1.748470e-01
2300,17.7828,0,1.748490e-01
2325,17.7828,0,1.748500e-01
2350,17.7828,0,1.748510e-01
2375,17.7828,0,1.748520e-01
2400,17.7828,0,1.748540e-01
2425,17.7828,0,1.748550e-01
2450,17.7828,0,1.748570e-01
2475,17.7828,0,1.748590e-01
2500,17.7828,0,1.748610e-01
2525,17.7828,0,1.748640e-01
2550,17.7828,0,1.748670e-01
2575,17.7828,0,1.748710e-01
2600,17.7828,0,1.748760e-01
2625,17.7828,0,1.748810e-01
2650,17.7828,0,1.748870e-01
2675,17.7828,0,1.748940e-01
2700,17.7828,0,1.749030e-01
2725,17.7828,0,1.749130e-01
2750,17.7828,0,1.749250e-01
2775,17.7828,0,1.749380e-01
2800,17.7828,0,1.749540e-01
2825,17.7828,0,1.749730e-01
2850,17.7828,0,1.749940e-01
2875,17.7828,0,1.750190e-01
2900,17.7828,0,1.750490e-01
2925,17.7828,0,1.750820e-01
2950,17.7828,0,1.751210e-01
2975,17.7828,0,1.751660e-01
3000,17.7828,0,1.752180e-01
3025,17.7828,0,1.752780e-01
3050,17.7828,0,1.753470e-01
3075,17.7828,0,1.754260e-01
3100,17.7828,0,1.755180e-01
3125,17.7828,0,1.756240e-01
3150,17.7828,0,1.757450e-01
3175,17.7828,0,1.758850e-01
3200,17.7828,0,1.760460e-01
3225,17.7828,0,1.762310e-01
3250,17.7828,0,1.764450e-01
3275,17.7828,0,1.766910e-01
3300,17.7828,0,1.769740e-01
3325,17.7828,0,1.773010e-01
3350,17.7828,0,1.776780e-01
3375,17.7828,0,1.781130e-01
3400,17.7828,0,1.786140e-01
3425,17.7828,0,1.791930e-01
3450,17.7828,0,1.798610e-01
3475,17.7828,0,1.806330e-01
3500,17.7828,0,1.815250e-01
3525,17.7828,0,1.825560e-01
3550,17.7828,0,1.837470e-01
3575,17.7828,0,1.851250e-01
3600,17.7828,0,1.867170e-01
3625,17.7828,0,1.885600e-01
3650,17.7828,0,1.906900e-01
3675,17.7828,0,1.931550e-01
3700,17.7828,0,1.960070e-01
3725,17.7828,0,1.993070e-01
3750,17.7828,0,2.031250e-01
3775,17.7828,0,2.075460e-01
3800,17.7828,0,2.126640e-01
3825,17.7828,0,2.185910e-01
3850,17.7828,0,2.254570e-01
3875,17.7828,0,2.334170e-01
3900,17.7828,0,2.426500e-01
3925,17.7828,0,2.533670e-01
3950,17.7828,0,2.658200e-01
3975,17.7828,0,2.803090e-01
4000,17.7828,0,2.971910e-01
4025,17.7828,0,3.168980e-01
4050,17.7828,0,3.399560e-01
4075,17.7828,0,3.670080e-01
4100,17.7828,0,3.988490e-01
4125,17.7828,0,4.364780e-01
4150,17.7828,0,4.811590e-01
4175,17.7828,0,5.345200e-01
4200,17.7828,0,5.986920e-01
4225,17.7828,0,6.765210e-01
4250,17.7828,0,7.718900e-01
4275,17.7828,0,8.902440e-01
4300,17.7828,0,1.039460e+00
4325,17.7828,0,1.231370e+00
4350,17.7828,0,1.484600e+00
4375,17.7828,0,1.830200e+00
4400,17.7828,0,2.324090e+00
4425,17.7828,0,3.077890e+00
4450,17.7828,0,4.350300e+00
4475,17.7828,0,6.902980e+00
4500,17.7828,0,1.430740e+01
4525,17.7828,0,1.399380e+02
4550,17.7828,0,2.000000e+02
4575,17.7828,0,2.000000e+02
4600,17.7828,0,2.000000e+02
4625,17.7828,0,2.000000e+02
4650,17.7828,0,2.000000e+02
4675,17.7828,0,2.000000e+02
4700,17.7828,0,2.000000e+02
4725,17.7828,0,2.000000e+02
4750,17.7828,0,2.000000e+02
4775,17.7828,0,2.000000e+02
4800,17.7828,0,2.000000e+02
4825,17.7828,0,2.000000e+02
4850,17.7828,0,2.000000e+02
4875,17.7828,0,2.000000e+02
4900,17.7828,0,2.000000e+02
4925,17.7828,0,2.000000e+02
4950,17.7828,0,2.000000e+02
4975,17.7828,0,2.000000e+02
5000,17.7828,0,2.000000e+02
300,31.6228,0,8.742740e-02
325,31.6228,0,8.742740e-02
350,31.6228,0,8.742740e-02
375,31.6228,0,8.742740e-02
400,31.6228,0,8.742740e-02
425,31.6228,0,8.742740e-02
450,31.6228,0,8.742750e-02
475,31.6228,0,8.742760e-02
500,31.6228,0,8.742810e-02
525,31.6228,0,8.742930e-02
550,31.6228,0,8.743200e-02
575,31.6228,0,8.743790e-02
600,31.6228,0,8.744980e-02
625,31.6228,0,8.747220e-02
650,31.6228,0,8.751250e-02
675,31.6228,0,8.758140e-02
700,31.6228,0,8.769430e-02
725,31.6228,0,8.787250e-02
750,31.6228,0,8.814420e-02
775,31.6228,0,8.854560e-02
800,31.6228,0,8.912150e-02
825,31.6228,0,8.992610e-02
850,31.6228,0,9.102210e-02
875,31.6228,0,9.247950e-02
900,31.6228,0,9.437300e-02
925,31.6228,0,9.677710e-02
950,31.6228,0,9.976010e-02
975,31.6228,0,1.033750e-01
1000,31.6228,0,1.076470e-01
1025,31.6228,0,1.125650e-01
1050,31.6228,0,1.180630e-01
1075,31.6228,0,1.240190e-01
1100,31.6228,0,1.302510e-01
1125,31.6228,0,1.365310e-01
1150,31.6228,0,1.426120e-01
1175,31.6228,0,1.482670e-01
1200,31.6228,0,1.533190e-01
1225,31.6228,0,1.576700e-01
1250,31.6228,0,1.612960e-01
1275,31.6228,0,1.642380e-01
1300,31.6228,0,1.665770e-01
1325,31.6228,0,1.684080e-01
1350,31.6228,0,1.698280e-01
1375,31.6228,0,1.709240e-01
1400,31.6228,0,1.717680e-01
1425,31.6228,0,1.724180e-01
1450,31.6228,0,1.729200e-01
1475,31.6228,0,1.733090e-01
1500,31.6228,0,1.736120e-01
1525,31.6228,0,1.738490e-01
1550,31.6228,0,1.740360e-01
1575,31.6228,0,1.741840e-01
1600,31.6228,0,1.743020e-01
1625,31.6228,0,1.743970e-01
1650,31.6228,0,1.744730e-01
1675,31.6228,0,1.745340e-01
1700,31.6228,0,1.745850e-01
1725,31.6228,0,1.746260e-01
1750,31.6228,0,1.746600e-01
1775,31.6228,0,1.746880e-01
1800,31.6228,0,1.747120e-01
1825,31.6228,0,1.747310e-01
1850,31.6228,0,1.747480e-01
1875,31.6228,0,1.747620e-01
1900,31.6228,0,1.747730e-01
1925,31.6228,0,1.747830e-01
1950,31.6228,0,1.747920e-01
1975,31.6228,0,1.747990e-01
2000,31.6228,0,1.748060e-01
2025,31.6228,0,1.748110e-01
2050,31.6228,0,1.748160e-01
2075,31.6228,0,1.748200e-01
2100,31.6228,0,1.748240e-01
2125,31.6228,0,1.748270e-01
2150,31.6228,0,1.748300e-01
2175,31.6228,0,1.748320e-01
2200,31.6228,0,1.748350e-01
2225,31.6228,0,1.748370e-01
2250,31.6228,0,1.748380e-01
2275,31.6228,0,1.748400e-01
2300,31.6228,0,1.748420e-01
2325,31.6228,0,1.748430e-01
2350,31.6228,0,1.748450e-01
2375,31.6228,0,1.748460e-01
2400,31.6228,0,1.748480e-01
2425,31.6228,0,1.748500e-01
2450,31.6228,0,1.748510e-01
2475,31.6228,0,1.748530e-01
2500,31.6228,0,1.748550e-01
2525,31.6228,0,1.748580e-01
2550,31.6228,0,1.748600e-01
2575,31.6228,0,1.748640e-01
2600,31.6228,0,1.748670e-01
2625,31.6228,0,1.748710e-01
2650,31.6228,0,1.748760e-01
2675,31.6228,0,1.748820e-01
2700,31.6228,0,1.748880e-01
2725,31.6228,0,1.748960e-01
2750,31.6228,0,1.749050e-01
2775,31.6228,0,1.749150e-01
2800,31.6228,0,1.749270e-01
2825,31.6228,0,1.749410e-01
2850,31.6228,0,1.749570e-01
2875,31.6228,0,1.749750e-01
2900,31.6228,0,1.749970e-01
2925,31.6228,0,1.750210e-01
2950,31.6228,0,1.750500e-01
2975,31.6228,0,1.750830e-01
3000,31.6228,0,1.751200e-01
3025,31.6228,0,1.751640e-01
3050,31.6228,0,1.752140e-01
3075,31.6228,0,1.752710e-01
3100,31.6228,0,1.753360e-01
3125,31.6228,0,1.754110e-01
3150,31.6228,0,1.754970e-01
3175,31.6228,0,1.755950e-01
3200,31.6228,0,1.757080e-01
3225,31.6228,0,1.758360e-01
3250,31.6228,0,1.759840e-01
3275,31.6228,0,1.761520e-01
3300,31.6228,0,1.763450e-01
3325,31.6228,0,1.765660e-01
3350,31.6228,0,1.768190e-01
3375,31.6228,0,1.771090e-01
3400,31.6228,0,1.774410e-01
3425,31.6228,0,1.778210e-01
3450,31.6228,0,1.782570e-01
3475,31.6228,0,1.787570e-01
3500,31.6228,0,1.793310e-01
3525,31.6228,0,1.799890e-01
3550,31.6228,0,1.807450e-01
3575,31.6228,0,1.816120e-01
3600,31.6228,0,1.826080e-01
3625,31.6228,0,1.837520e-01
3650,31.6228,0,1.850670e-01
3675,31.6228,0,1.865780e-01
3700,31.6228,0,1.883140e-01
3725,31.6228,0,1.903090e-01
3750,31.6228,0,1.926040e-01
3775,31.6228,0,1.952410e-01
3800,31.6228,0,1.982740e-01
3825,31.6228,0,2.017620e-01
3850,31.6228,0,2.057750e-01
3875,31.6228,0,2.103910e-01
3900,31.6228,0,2.157030e-01
3925,31.6228,0,2.218180e-01
3950,31.6228,0,2.288600e-01
3975,31.6228,0,2.369740e-01
4000,31.6228,0,2.463290e-01
4025,31.6228,0,2.571230e-01
4050,31.6228,0,2.695890e-01
4075,31.6228,0,2.840040e-01
4100,31.6228,0,3.006970e-01
4125,31.6228,0,3.200590e-01
4150,31.6228,0,3.425670e-01
4175,31.6228,0,3.687960e-01
4200,31.6228,0,3.994520e-01
4225,31.6228,0,4.354120e-01
4250,31.6228,0,4.777750e-01
4275,31.6228,0,5.279340e-01
4300,31.6228,0,5.876900e-01
4325,31.6228,0,6.594050e-01
4350,31.6228,0,7.462390e-01
4375,31.6228,0,8.525230e-01
4400,31.6228,0,9.843520e-01
4425,31.6228,0,1.150580e+00
4450,31.6228,0,1.364590e+00
4475,31.6228,0,1.647570e+00
4500,31.6228,0,2.035190e+00
4525,31.6228,0,2.592410e+00
4550,31.6228,0,3.450940e+00
4575,31.6228,0,4.923500e+00
4600,31.6228,0,7.969540e+00
4625,31.6228,0,1.753480e+01
4650,31.6228,0,2.000000e+02
4675,31.6228,0,2.000000e+02
4700,31.6228,0,2.000000e+02
4725,31.6228,0,2.000000e+02
4750,31.6228,0,2.000000e+02
4775,31.6228,0,2.000000e+02
4800,31.6228,0,2.000000e+02
4825,31.6228,0,2.000000e+02
4850,31.6228,0,2.000000e+02
4875,31.6228,0,2.000000e+02
4900,31.6228,0,2.000000e+02
4925,31.6228,0,2.000000e+02
4950,31.6228,0,2.000000e+02
4975,31.6228,0,2.000000e+02
5000,31.6228,0,2.000000e+02
300,56.2341,0,8.742740e-02
325,56.2341,0,8.742740e-02
350,56.2341,0,8.742740e-02
375,56.2341,0,8.742740e-02
400,56.2341,0,8.742740e-02
425,56.2341,0,8.742740e-02
450,56.2341,0,8.742750e-02
475,56.2341,0,8.742760e-02
500,56.2341,0,8.742790e-02
525,56.2341,0,8.742880e-02
550,56.2341,0,8.743090e-02
575,56.2341,0,8.743530e-02
600,56.2341,0,8.744420e-02
625,56.2341,0,8.746100e-02
650,56.2341,0,8.749120e-02
675,56.2341,0,8.754290e-02
700,56.2341,0,8.762760e-02
725,56.2341,0,8.776140e-02
750,56.2341,0,8.796540e-02
775,56.2341,0,8.826700e-02
800,56.2341,0,8.870030e-02
825,56.2341,0,8.930660e-02
850,56.2341,0,9.013440e-02
875,56.2341,0,9.123880e-02
900,56.2341,0,9.267980e-02
925,56.2341,0,9.452040e-02
950,56.2341,0,9.682240e-02
975,56.2341,0,9.964150e-02
1000,56.2341,0,1.030200e-01
1025,56.2341,0,1.069800e-01
1050,56.2341,0,1.115110e-01
1075,56.2341,0,1.165670e-01
1100,56.2341,0,1.220540e-01
1125,56.2341,0,1.278320e-01
1150,56.2341,0,1.337250e-01
1175,56.2341,0,1.395310e-01
1200,56.2341,0,1.450530e-01
1225,56.2341,0,1.501240e-01
1250,56.2341,0,1.546250e-01
1275,56.2341,0,1.585000e-01
1300,56.2341,0,1.617470e-01
1325,56.2341,0,1.644100e-01
1350,56.2341,0,1.665580e-01
1375,56.2341,0,1.682680e-01
1400,56.2341,0,1.696190e-01
1425,56.2341,0,1.706820e-01
1450,56.2341,0,1.715170e-01
1475,56.2341,0,1.721720e-01
1500,56.2341,0,1.726880e-01
1525,56.2341,0,1.730950e-01
1550,56.2341,0,1.734180e-01
1575,56.2341,0,1.736750e-01
1600,56.2341,0,1.738810e-01
1625,56.2341,0,1.740460e-01
1650,56.2341,0,1.741800e-01
1675,56.2341,0,1.742880e-01
1700,56.2341,0,1.743770e-01
1725,56.2341,0,1.744500e-01
1750,56.2341,0,1.745100e-01
1775,56.2341,0,1.745590e-01
1800,56.2341,0,1.746010e-01
1825,56.2341,0,1.746360e-01
1850,56.2341,0,1.746650e-01
1875,56.2341,0,1.746890e-01
1900,56.2341,0,1.747100e-01
1925,56.2341,0,1.747280e-01
1950,56.2341,0,1.747430e-01
1975,56.2341,0,1.747560e-01
2000,56.2341,0,1.747680e-01
2025,56.2341,0,1.747770e-01
2050,56.2341,0,1.747860e-01
2075,56.2341,0,1.747930e-01
2100,56.2341,0,1.747990e-01
2125,56.2341,0,1.748050e-01
2150,56.2341,0,1.748100e-01
2175,56.2341,0,1.748140e-01
2200,56.2341,0,1.748180e-01
2225,56.2341,0,1.748220e-01
2250,56.2341,0,1.748250e-01
2275,56.2341,0,1.748280e-01
2300,56.2341,0,1.748300e-01
2325,56.2341,0,1.748330e-01
2350,56.2341,0,1.748350e-01
2375,56.2341,0,1.748370e-01
2400,56.2341,0,1.748390e-01
2425,56.2341,0,1.748410e-01
2450,56.2341,0,1.748430e-01
2475,56.2341,0,1.748450e-01
2500,56.2341,0,1.748470e-01
2525,56.2341,0,1.748500e-01
2550,56.2341,0,1.748520e-01
2575,56.2341,0,1.748550e-01
2600,56.2341,0,1.748580e-01
2625,56.2341,0,1.748620e-01
2650,56.2341,0,1.748660e-01
2675,56.2341,0,1.748700e-01
2700,56.2341,0,1.748750e-01
2725,56.2341,0,1.748810e-01
2750,56.2341,0,1.748880e-01
2775,56.2341,0,1.748960e-01
2800,56.2341,0,1.749050e-01
2825,56.2341,0,1.749150e-01
2850,56.2341,0,1.749270e-01
2875,56.2341,0,1.749410e-01
2900,56.2341,0,1.749570e-01
2925,56.2341,0,1.749760e-01
2950,56.2341,0,1.749970e-01
2975,56.2341,0,1.750210e-01
3000,56.2341,0,1.750490e-01
3025,56.2341,0,1.750800e-01
3050,56.2341,0,1.751170e-01
3075,56.2341,0,1.751580e-01
3100,56.2341,0,1.752050e-01
3125,56.2341,0,1.752590e-01
3150,56.2341,0,1.753210e-01
3175,56.2341,0,1.753910e-01
3200,56.2341,0,1.754700e-01
3225,56.2341,0,1.755610e-01
3250,56.2341,0,1.756640e-01
3275,56.2341,0,1.757820e-01
3300,56.2341,0,1.759160e-01
3325,56.2341,0,1.760680e-01
3350,56.2341,0,1.762410e-01
3375,56.2341,0,1.764380e-01
3400,56.2341,0,1.766620e-01
3425,56.2341,0,1.769170e-01
3450,56.2341,0,1.772080e-01
3475,56.2341,0,1.775390e-01
3500,56.2341,0,1.779160e-01
3525,56.2341,0,1.783460e-01
3550,56.2341,0,1.788350e-01
3575,56.2341,0,1.793940e-01
3600,56.2341,0,1.800310e-01
3625,56.2341,0,1.807570e-01
3650,56.2341,0,1.815870e-01
3675,56.2341,0,1.825330e-01
3700,56.2341,0,1.836140e-01
3725,56.2341,0,1.848480e-01
3750,56.2341,0,1.862570e-01
3775,56.2341,0,1.878670e-01
3800,56.2341,0,1.897070e-01
3825,56.2341,0,1.918090e-01
3850,56.2341,0,1.942110e-01
3875,56.2341,0,1.969570e-01
3900,56.2341,0,2.000950e-01
3925,56.2341,0,2.036840e-01
3950,56.2341,0,2.077870e-01
3975,56.2341,0,2.124810e-01
4000,56.2341,0,2.178510e-01
4025,56.2341,0,2.239960e-01
4050,56.2341,0,2.310310e-01
4075,56.2341,0,2.390900e-01
4100,56.2341,0,2.483270e-01
4125,56.2341,0,2.589200e-01
4150,56.2341,0,2.710820e-01
4175,56.2341,0,2.850590e-01
4200,56.2341,0,3.011420e-01
4225,56.2341,0,3.196790e-01
4250,56.2341,0,3.410830e-01
4275,56.2341,0,3.658520e-01
4300,56.2341,0,3.945920e-01
4325,56.2341,0,4.280430e-01
4350,56.2341,0,4.671220e-01
4375,56.2341,0,5.129760e-01
4400,56.2341,0,5.670600e-01
4425,56.2341,0,6.312500e-01
4450,56.2341,0,7.080010e-01
4475,56.2341,0,8.005920e-01
4500,56.2341,0,9.135060e-01
4525,56.2341,0,1.053030e+00
4550,56.2341,0,1.228280e+00
4575,56.2341,0,1.452950e+00
4600,56.2341,0,1.748630e+00
4625,56.2341,0,2.151410e+00
4650,56.2341,0,2.726390e+00
4675,56.2341,0,3.603870e+00
4700,56.2341,0,5.087130e+00
4725,56.2341,0,8.074970e+00
4750,56.2341,0,1.684110e+01
4775,56.2341,0,1.868920e+02
4800,56.2341,0,2.000000e+02
4825,56.2341,0,2.000000e+02
4850,56.2341,0,2.000000e+02
4875,56.2341,0,2.000000e+02
4900,56.2341,0,2.000000e+02
4925,56.2341,0,2.000000e+02
4950,56.2341,0,2.000000e+02
4975,56.2341,0,2.000000e+02
5000,56.2341,0,2.000000e+02
300,100,0,8.742740e-02
325,100,0,8.742740e-02
350,100,0,8.742740e-02
375,100,0,8.742740e-02
400,100,0,8.742740e-02
425,100,0,8.742740e-02
450,100,0,8.742740e-02
475,100,0,8.742750e-02
500,100,0,8.742780e-02
525,100,0,8.742850e-02
550,100,0,8.743000e-02
575,100,0,8.743330e-02
600,100,0,8.744000e-02
625,100,0,8.745260e-02
650,100,0,8.747530e-02
675,100,0,8.751400e-02
700,100,0,8.757760e-02
725,100,0,8.767790e-02
750,100,0,8.783110e-02
775,100,0,8.805760e-02
800,100,0,8.838330e-02
825,100,0,8.883970e-02
850,100,0,8.946380e-02
875,100,0,9.029830e-02
900,100,0,9.139080e-02
925,100,0,9.279230e-02
950,100,0,9.455530e-02
975,100,0,9.673050e-02
1000,100,0,9.936340e-02
1025,100,0,1.024890e-01
1050,100,0,1.061250e-01
1075,100,0,1.102670e-01
1100,100,0,1.148800e-01
1125,100,0,1.198980e-01
1150,100,0,1.252160e-01
1175,100,0,1.306980e-01
1200,100,0,1.361880e-01
1225,100,0,1.415200e-01
1250,100,0,1.465420e-01
1275,100,0,1.511310e-01
1300,100,0,1.552070e-01
1325,100,0,1.587340e-01
1350,100,0,1.617200e-01
1375,100,0,1.642030e-01
1400,100,0,1.662360e-01
1425,100,0,1.678860e-01
1450,100,0,1.692130e-01
1475,100,0,1.702780e-01
1500,100,0,1.711300e-01
1525,100,0,1.718110e-01
1550,100,0,1.723570e-01
1575,100,0,1.727960e-01
1600,100,0,1.731490e-01
1625,100,0,1.734350e-01
1650,100,0,1.736670e-01
1675,100,0,1.738560e-01
1700,100,0,1.740110e-01
1725,100,0,1.741390e-01
1750,100,0,1.742440e-01
1775,100,0,1.743320e-01
1800,100,0,1.744050e-01
1825,100,0,1.744660e-01
1850,100,0,1.745180e-01
1875,100,0,1.745610e-01
1900,100,0,1.745980e-01
1925,100,0,1.746300e-01
1950,100,0,1.746570e-01
1975,100,0,1.746800e-01
2000,100,0,1.747000e-01
2025,100,0,1.747170e-01
2050,100,0,1.747320e-01
2075,100,0,1.747450e-01
2100,100,0,1.747560e-01
2125,100,0,1.747660e-01
2150,100,0,1.747750e-01
2175,100,0,1.747830e-01
2200,100,0,1.747890e-01
2225,100,0,1.747960e-01
2250,100,0,1.748010e-01
2275,100,0,1.748060e-01
2300,100,0,1.748100e-01
2325,100,0,1.748140e-01
2350,100,0,1.748180e-01
2375,100,0,1.748210e-01
2400,100,0,1.748240e-01
2425,100,0,1.748270e-01
2450,100,0,1.748300e-01
2475,100,0,1.748330e-01
2500,100,0,1.748360e-01
2525,100,0,1.748380e-01
2550,100,0,1.748410e-01
2575,100,0,1.748440e-01
2600,100,0,1.748470e-01
2625,100,0,1.748500e-01
2650,100,0,1.748540e-01
2675,100,0,1.748580e-01
2700,100,0,1.748620e-01
2725,100,0,1.748670e-01
2750,100,0,1.748720e-01
2775,100,0,1.748790e-01
2800,100,0,1.748860e-01
2825,100,0,1.748940e-01
2850,100,0,1.749030e-01
2875,100,0,1.749140e-01
2900,100,0,1.749260e-01
2925,100,0,1.749400e-01
2950,100,0,1.749560e-01
2975,100,0,1.749740e-01
3000,100,0,1.749940e-01
3025,100,0,1.750180e-01
3050,100,0,1.750440e-01
3075,100,0,1.750750e-01
3100,100,0,1.751090e-01
3125,100,0,1.751490e-01
3150,100,0,1.751930e-01
3175,100,0,1.752440e-01
3200,100,0,1.753010e-01
3225,100,0,1.753660e-01
3250,100,0,1.754390e-01
3275,100,0,1.755230e-01
3300,100,0,1.756170e-01
3325,100,0,1.757230e-01
3350,100,0,1.758440e-01
3375,100,0,1.759800e-01
3400,100,0,1.761350e-01
3425,100,0,1.763090e-01
3450,100,0,1.765070e-01
3475,100,0,1.767310e-01
3500,100,0,1.769840e-01
3525,100,0,1.772700e-01
3550,100,0,1.775940e-01
3575,100,0,1.779620e-01
3600,100,0,1.783780e-01
3625,100,0,1.788500e-01
3650,100,0,1.793840e-01
3675,100,0,1.799900e-01
3700,100,0,1.806780e-01
3725,100,0,1.814580e-01
3750,100,0,1.823440e-01
3775,100,0,1.833480e-01
3800,100,0,1.844890e-01
3825,100,0,1.857840e-01
3850,100,0,1.872560e-01
3875,100,0,1.889270e-01
3900,100,0,1.908250e-01
3925,100,0,1.929820e-01
3950,100,0,1.954330e-01
3975,100,0,1.982190e-01
4000,100,0,2.013860e-01
4025,100,0,2.049860e-01
4050,100,0,2.090790e-01
4075,100,0,2.137340e-01
4100,100,0,2.190300e-01
4125,100,0,2.250570e-01
4150,100,0,2.319170e-01
4175,100,0,2.397300e-01
4200,100,0,2.486330e-01
4225,100,0,2.587830e-01
4250,100,0,2.703670e-01
4275,100,0,2.835980e-01
4300,100,0,2.987290e-01
4325,100,0,3.160540e-01
4350,100,0,3.359240e-01
4375,100,0,3.587580e-01
4400,100,0,3.850540e-01
4425,100,0,4.154200e-01
4450,100,0,4.505920e-01
4475,100,0,4.914830e-01
4500,100,0,5.392250e-01
4525,100,0,5.952530e-01
4550,100,0,6.614000e-01
4575,100,0,7.400540e-01
4600,100,0,8.343840e-01
4625,100,0,9.486840e-01
4650,100,0,1.088920e+00
4675,100,0,1.263630e+00
4700,100,0,1.485490e+00
4725,100,0,1.774110e+00
4750,100,0,2.161570e+00
4775,100,0,2.704050e+00
4800,100,0,3.509530e+00
4825,100,0,4.814650e+00
4850,100,0,7.253610e+00
4875,100,0,1.326310e+01
4900,100,0,4.723330e+01
4925,100,0,2.000000e+02
4950,100,0,2.000000e+02
4975,100,0,2.000000e+02
5000,100,0,2.000000e+02
300,177.828,0,8.742740e-02
325,177.828,0,8.742740e-02
350,177.828,0,8.742740e-02
375,177.828,0,8.742740e-02
400,177.828,0,8.742740e-02
425,177.828,0,8.742740e-02
450,177.828,0,8.742740e-02
475,177.828,0,8.742750e-02
500,177.828,0,8.742770e-02
525,177.828,0,8.742820e-02
550,177.828,0,8.742940e-02
575,177.828,0,8.743180e-02
600,177.828,0,8.743680e-02
625,177.828,0,8.744630e-02
650,177.828,0,8.746330e-02
675,177.828,0,8.749240e-02
700,177.828,0,8.754000e-02
725,177.828,0,8.761530e-02
750,177.828,0,8.773030e-02
775,177.828,0,8.790030e-02
800,177.828,0,8.814500e-02
825,177.828,0,8.848820e-02
850,177.828,0,8.895810e-02
875,177.828,0,8.958750e-02
900,177.828,0,9.041340e-02
925,177.828,0,9.147630e-02
950,177.828,0,9.281890e-02
975,177.828,0,9.448460e-02
1000,177.828,0,9.651510e-02
1025,177.828,0,9.894730e-02
1050,177.828,0,1.018100e-01
1075,177.828,0,1.051190e-01
1100,177.828,0,1.088740e-01
1125,177.828,0,1.130510e-01
1150,177.828,0,1.176040e-01
1175,177.828,0,1.224560e-01
1200,177.828,0,1.275090e-01
1225,177.828,0,1.326420e-01
1250,177.828,0,1.377220e-01
1275,177.828,0,1.426180e-01
1300,177.828,0,1.472130e-01
1325,177.828,0,1.514170e-01
1350,177.828,0,1.551720e-01
1375,177.828,0,1.584520e-01
1400,177.828,0,1.612650e-01
1425,177.828,0,1.636390e-01
1450,177.828,0,1.656180e-01
1475,177.828,0,1.672530e-01
1500,177.828,0,1.685940e-01
1525,177.828,0,1.696890e-01
1550,177.828,0,1.705820e-01
1575,177.828,0,1.713090e-01
1600,177.828,0,1.719020e-01
1625,177.828,0,1.723860e-01
1650,177.828,0,1.727820e-01
1675,177.828,0,1.731070e-01
1700,177.828,0,1.733750e-01
1725,177.828,0,1.735960e-01
1750,177.828,0,1.737800e-01
1775,177.828,0,1.739330e-01
1800,177.828,0,1.740610e-01
1825,177.828,0,1.741680e-01
1850,177.828,0,1.742590e-01
1875,177.828,0,1.743360e-01
1900,177.828,0,1.744010e-01
1925,177.828,0,1.744560e-01
1950,177.828,0,1.745040e-01
1975,177.828,0,1.745450e-01
2000,177.828,0,1.745800e-01
2025,177.828,0,1.746100e-01
2050,177.828,0,1.746370e-01
2075,177.828,0,1.746600e-01
2100,177.828,0,1.746800e-01
2125,177.828,0,1.746970e-01
2150,177.828,0,1.747130e-01
2175,177.828,0,1.747260e-01
2200,177.828,0,1.747380e-01
2225,177.828,0,1.747490e-01
2250,177.828,0,1.747590e-01
2275,177.828,0,1.747670e-01
2300,177.828,0,1.747750e-01
2325,177.828,0,1.747820e-01
2350,177.828,0,1.747880e-01
2375,177.828,0,1.747940e-01
2400,177.828,0,1.747990e-01
2425,177.828,0,1.748030e-01
2450,177.828,0,1.748080e-01
2475,177.828,0,1.748120e-01
2500,177.828,0,1.748160e-01
2525,177.828,0,1.748200e-01
2550,177.828,0,1.748230e-01
2575,177.828,0,1.748270e-01
2600,177.828,0,1.748300e-01
2625,177.828,0,1.748340e-01
2650,177.828,0,1.748380e-01
2675,177.828,0,1.748420e-01
2700,177.828,0,1.748460e-01
2725,177.828,0,1.748500e-01
2750,177.828,0,1.748550e-01
2775,177.828,0,1.748610e-01
2800,177.828,0,1.748670e-01
2825,177.828,0,1.748730e-01
2850,177.828,0,1.748810e-01
2875,177.828,0,1.748890e-01
2900,177.828,0,1.748990e-01
2925,177.828,0,1.749100e-01
2950,177.828,0,1.749220e-01
2975,177.828,0,1.749350e-01
3000,177.828,0,1.749510e-01
3025,177.828,0,1.749690e-01
3050,177.828,0,1.749890e-01
3075,177.828,0,1.750110e-01
3100,177.828,0,1.750370e-01
3125,177.828,0,1.750660e-01
3150,177.828,0,1.750990e-01
3175,177.828,0,1.751360e-01
3200,177.828,0,1.751770e-01
3225,177.828,0,1.752240e-01
3250,177.828,0,1.752770e-01
3275,177.828,0,1.753370e-01
3300,177.828,0,1.754040e-01
3325,177.828,0,1.754800e-01
3350,177.828,0,1.755660e-01
3375,177.828,0,1.756620e-01
3400,177.828,0,1.757700e-01
3425,177.828,0,1.758910e-01
3450,177.828,0,1.760280e-01
3475,177.828,0,1.761820e-01
3500,177.828,0,1.763550e-01
3525,177.828,0,1.765500e-01
3550,177.828,0,1.767690e-01
3575,177.828,0,1.770160e-01
3600,177.828,0,1.772940e-01
3625,177.828,0,1.776070e-01
3650,177.828,0,1.779590e-01
3675,177.828,0,1.783560e-01
3700,177.828,0,1.788030e-01
3725,177.828,0,1.793080e-01
3750,177.828,0,1.798760e-01
3775,177.828,0,1.805170e-01
3800,177.828,0,1.812400e-01
3825,177.828,0,1.820570e-01
3850,177.828,0,1.829780e-01
3875,177.828,0,1.840180e-01
3900,177.828,0,1.851920e-01
3925,177.828,0,1.865180e-01
3950,177.828,0,1.880160e-01
3975,177.828,0,1.897080e-01
4000,177.828,0,1.916200e-01
4025,177.828,0,1.937800e-01
4050,177.828,0,1.962220e-01
4075,177.828,0,1.989820e-01
4100,177.828,0,2.021020e-01
4125,177.828,0,2.056300e-01
4150,177.828,0,2.096200e-01
4175,177.828,0,2.141330e-01
4200,177.828,0,2.192380e-01
4225,177.828,0,2.250150e-01
4250,177.828,0,2.315560e-01
4275,177.828,0,2.389620e-01
4300,177.828,0,2.473540e-01
4325,177.828,0,2.568670e-01
4350,177.828,0,2.676580e-01
4375,177.828,0,2.799100e-01
4400,177.828,0,2.938330e-01
4425,177.828,0,3.096740e-01
4450,177.828,0,3.277200e-01
4475,177.828,0,3.483110e-01
4500,177.828,0,3.718490e-01
4525,177.828,0,3.988160e-01
4550,177.828,0,4.297870e-01
4575,177.828,0,4.654640e-01
4600,177.828,0,5.067040e-01
4625,177.828,0,5.545690e-01
4650,177.828,0,6.103870e-01
4675,177.828,0,6.758450e-01
4700,177.828,0,7.531160e-01
4725,177.828,0,8.450510e-01
4750,177.828,0,9.554570e-01
4775,177.828,0,1.089550e+00
4800,177.828,0,1.254640e+00
4825,177.828,0,1.461360e+00
4850,177.828,0,1.725700e+00
4875,177.828,0,2.072910e+00
4900,177.828,0,2.545310e+00
4925,177.828,0,3.219430e+00
4950,177.828,0,4.249110e+00
4975,177.828,0,5.994430e+00
5000,177.828,0,9.532780e+00
300,316.228,0,8.742740e-02
325,316.228,0,8.742740e-02
350,316.228,0,8.742740e-02
375,316.228,0,8.742740e-02
400,316.228,0,8.742740e-02
425,316.228,0,8.742740e-02
450,316.228,0,8.742740e-02
475,316.228,0,8.742750e-02
500,316.228,0,8.742760e-02
525,316.228,0,8.742800e-02
550,316.228,0,8.742890e-02
575,316.228,0,8.743070e-02
600,316.228,0,8.743450e-02
625,316.228,0,8.744160e-02
650,316.228,0,8.745430e-02
675,316.228,0,8.747610e-02
700,316.228,0,8.751190e-02
725,316.228,0,8.756840e-02
750,316.228,0,8.765460e-02
775,316.228,0,8.778220e-02
800,316.228,0,8.796600e-02
825,316.228,0,8.822380e-02
850,316.228,0,8.857730e-02
875,316.228,0,8.905130e-02
900,316.228,0,8.967440e-02
925,316.228,0,9.047820e-02
950,316.228,0,9.149650e-02
975,316.228,0,9.276500e-02
1000,316.228,0,9.431920e-02
1025,316.228,0,9.619310e-02
1050,316.228,0,9.841690e-02
1075,316.228,0,1.010150e-01
1100,316.228,0,1.040000e-01
1125,316.228,0,1.073760e-01
1150,316.228,0,1.111280e-01
1175,316.228,0,1.152240e-01
1200,316.228,0,1.196130e-01
1225,316.228,0,1.242210e-01
1250,316.228,0,1.289610e-01
1275,316.228,0,1.337300e-01
1300,316.228,0,1.384220e-01
1325,316.228,0,1.429330e-01
1350,316.228,0,1.471730e-01
1375,316.228,0,1.510730e-01
1400,316.228,0,1.545860e-01
1425,316.228,0,1.576940e-01
1450,316.228,0,1.603980e-01
1475,316.228,0,1.627180e-01
1500,316.228,0,1.646870e-01
1525,316.228,0,1.663440e-01
1550,316.228,0,1.677280e-01
1575,316.228,0,1.688800e-01
1600,316.228,0,1.698370e-01
1625,316.228,0,1.706290e-01
1650,316.228,0,1.712860e-01
1675,316.228,0,1.718310e-01
1700,316.228,0,1.722840e-01
1725,316.228,0,1.726610e-01
1750,316.228,0,1.729760e-01
1775,316.228,0,1.732390e-01
1800,316.228,0,1.734610e-01
1825,316.228,0,1.736470e-01
1850,316.228,0,1.738050e-01
1875,316.228,0,1.739390e-01
1900,316.228,0,1.740530e-01
1925,316.228,0,1.741510e-01
1950,316.228,0,1.742340e-01
1975,316.228,0,1.743060e-01
2000,316.228,0,1.743680e-01
2025,316.228,0,1.744220e-01
2050,316.228,0,1.744680e-01
2075,316.228,0,1.745090e-01
2100,316.228,0,1.745440e-01
2125,316.228,0,1.745750e-01
2150,316.228,0,1.746030e-01
2175,316.228,0,1.746270e-01
2200,316.228,0,1.746480e-01
2225,316.228,0,1.746670e-01
2250,316.228,0,1.746840e-01
2275,316.228,0,1.746990e-01
2300,316.228,0,1.747120e-01
2325,316.228,0,1.747240e-01
2350,316.228,0,1.747350e-01
2375,316.228,0,1.747450e-01
2400,316.228,0,1.747540e-01
2425,316.228,0,1.747620e-01
2450,316.228,0,1.747690e-01
2475,316.228,0,1.747760e-01
2500,316.228,0,1.747820e-01
2525,316.228,0,1.747880e-01
2550,316.228,0,1.747930e-01
2575,316.228,0,1.747990e-01
2600,316.228,0,1.748040e-01
2625,316.228,0,1.748080e-01
2650,316.228,0,1.748130e-01
2675,316.228,0,1.748180e-01
2700,316.228,0,1.748230e-01
2725,316.228,0,1.748280e-01
2750,316.228,0,1.748330e-01
2775,316.228,0,1.748380e-01
2800,316.228,0,1.748440e-01
2825,316.228,0,1.748500e-01
2850,316.228,0,1.748560e-01
2875,316.228,0,1.748640e-01
2900,316.228,0,1.748710e-01
2925,316.228,0,1.748800e-01
2950,316.228,0,1.748900e-01
2975,316.228,0,1.749010e-01
3000,316.228,0,1.749130e-01
3025,316.228,0,1.749270e-01
3050,316.228,0,1.749420e-01
3075,316.228,0,1.749600e-01
3100,316.228,0,1.749790e-01
3125,316.228,0,1.750010e-01
3150,316.228,0,1.750250e-01
3175,316.228,0,1.750530e-01
3200,316.228,0,1.750830e-01
3225,316.228,0,1.751180e-01
3250,316.228,0,1.751570e-01
3275,316.228,0,1.752000e-01
3300,316.228,0,1.752490e-01
3325,316.228,0,1.753040e-01
3350,316.228,0,1.753650e-01
3375,316.228,0,1.754340e-01
3400,316.228,0,1.755110e-01
3425,316.228,0,1.755970e-01
3450,316.228,0,1.756940e-01
3475,316.228,0,1.758010e-01
3500,316.228,0,1.759220e-01
3525,316.228,0,1.760570e-01
3550,316.228,0,1.762080e-01
3575,316.228,0,1.763770e-01
3600,316.228,0,1.765670e-01
3625,316.228,0,1.767780e-01
3650,316.228,0,1.770150e-01
3675,316.228,0,1.772810e-01
3700,316.228,0,1.775780e-01
3725,316.228,0,1.779110e-01
3750,316.228,0,1.782840e-01
3775,316.228,0,1.787030e-01
3800,316.228,0,1.791720e-01
3825,316.228,0,1.796970e-01
3850,316.228,0,1.802870e-01
3875,316.228,0,1.809490e-01
3900,316.228,0,1.816910e-01
3925,316.228,0,1.825250e-01
3950,316.228,0,1.834610e-01
3975,316.228,0,1.845120e-01
4000,316.228,0,1.856920e-01
4025,316.228,0,1.870190e-01
4050,316.228,0,1.885090e-01
4075,316.228,0,1.901830e-01
4100,316.228,0,1.920660e-01
4125,316.228,0,1.941820e-01
4150,316.228,0,1.965610e-01
4175,316.228,0,1.992350e-01
4200,316.228,0,2.022430e-01
4225,316.228,0,2.056270e-01
4250,316.228,0,2.094320e-01
4275,316.228,0,2.137140e-01
4300,316.228,0,2.185330e-01
4325,316.228,0,2.239560e-01
4350,316.228,0,2.300620e-01
4375,316.228,0,2.369390e-01
4400,316.228,0,2.446870e-01
4425,316.228,0,2.534210e-01
4450,316.228,0,2.632720e-01
4475,316.228,0,2.743890e-01
4500,316.228,0,2.869450e-01
4525,316.228,0,3.011400e-01
4550,316.228,0,3.172040e-01
4575,316.228,0,3.354080e-01
4600,316.228,0,3.560660e-01
4625,316.228,0,3.795500e-01
4650,316.228,0,4.062990e-01
4675,316.228,0,4.368400e-01
4700,316.228,0,4.718050e-01
4725,316.228,0,5.119600e-01
4750,316.228,0,5.582450e-01
4775,316.228,0,6.118260e-01
4800,316.228,0,6.741610e-01
4825,316.228,0,7.471070e-01
4850,316.228,0,8.330580e-01
4875,316.228,0,9.351610e-01
4900,316.228,0,1.057630e+00
4925,316.228,0,1.206250e+00
4950,316.228,0,1.389170e+00
4975,316.228,0,1.618230e+00
5000,316.228,0,1.911400e+00
300,562.341,0,8.742740e-02
325,562.341,0,8.742740e-02
350,562.341,0,8.742740e-02
375,562.341,0,8.742740e-02
400,562.341,0,8.742740e-02
425,562.341,0,8.742740e-02
450,562.341,0,8.742740e-02
475,562.341,0,8.742750e-02
500,562.341,0,8.742760e-02
525,562.341,0,8.742790e-02
550,562.341,0,8.742850e-02
575,562.341,0,8.742990e-02
600,562.341,0,8.743270e-02
625,562.341,0,8.743800e-02
650,562.341,0,8.744760e-02
675,562.341,0,8.746390e-02
700,562.341,0,8.749080e-02
725,562.341,0,8.753310e-02
750,562.341,0,8.759780e-02
775,562.341,0,8.769360e-02
800,562.341,0,8.783150e-02
825,562.341,0,8.802520e-02
850,562.341,0,8.829080e-02
875,562.341,0,8.864740e-02
900,562.341,0,8.911680e-02
925,562.341,0,8.972330e-02
950,562.341,0,9.049350e-02
975,562.341,0,9.145560e-02
1000,562.341,0,9.263880e-02
1025,562.341,0,9.407210e-02
1050,562.341,0,9.578330e-02
1075,562.341,0,9.779690e-02
1100,562.341,0,1.001330e-01
1125,562.341,0,1.028040e-01
1150,562.341,0,1.058150e-01
1175,562.341,0,1.091570e-01
1200,562.341,0,1.128110e-01
1225,562.341,0,1.167420e-01
1250,562.341,0,1.208990e-01
1275,562.341,0,1.252210e-01
1300,562.341,0,1.296300e-01
1325,562.341,0,1.340440e-01
1350,562.341,0,1.383790e-01
1375,562.341,0,1.425540e-01
1400,562.341,0,1.464970e-01
1425,562.341,0,1.501530e-01
1450,562.341,0,1.534840e-01
1475,562.341,0,1.564710e-01
1500,562.341,0,1.591120e-01
1525,562.341,0,1.614170e-01
1550,562.341,0,1.634090e-01
1575,562.341,0,1.651160e-01
1600,562.341,0,1.665700e-01
1625,562.341,0,1.678020e-01
1650,562.341,0,1.688430e-01
1675,562.341,0,1.697210e-01
1700,562.341,0,1.704610e-01
1725,562.341,0,1.710840e-01
1750,562.341,0,1.716100e-01
1775,562.341,0,1.720540e-01
1800,562.341,0,1.724300e-01
1825,562.341,0,1.727480e-01
1850,562.341,0,1.730190e-01
1875,562.341,0,1.732500e-01
1900,562.341,0,1.734470e-01
1925,562.341,0,1.736160e-01
1950,562.341,0,1.737620e-01
1975,562.341,0,1.738870e-01
2000,562.341,0,1.739960e-01
2025,562.341,0,1.740900e-01
2050,562.341,0,1.741710e-01
2075,562.341,0,1.742430e-01
2100,562.341,0,1.743050e-01
2125,562.341,0,1.743600e-01
2150,562.341,0,1.744080e-01
2175,562.341,0,1.744510e-01
2200,562.341,0,1.744880e-01
2225,562.341,0,1.745220e-01
2250,562.341,0,1.745510e-01
2275,562.341,0,1.745780e-01
2300,562.341,0,1.746010e-01
2325,562.341,0,1.746220e-01
2350,562.341,0,1.746410e-01
2375,562.341,0,1.746590e-01
2400,562.341,0,1.746740e-01
2425,562.341,0,1.746880e-01
2450,562.341,0,1.747010e-01
2475,562.341,0,1.747120e-01
2500,562.341,0,1.747230e-01
2525,562.341,0,1.747330e-01
2550,562.341,0,1.747420e-01
2575,562.341,0,1.747500e-01
2600,562.341,0,1.747580e-01
2625,562.341,0,1.747650e-01
2650,562.341,0,1.747720e-01
2675,562.341,0,1.747790e-01
2700,562.341,0,1.747850e-01
2725,562.341,0,1.747920e-01
2750,562.341,0,1.747980e-01
2775,562.341,0,1.748040e-01
2800,562.341,0,1.748110e-01
2825,562.341,0,1.748170e-01
2850,562.341,0,1.748240e-01
2875,562.341,0,1.748310e-01
2900,562.341,0,1.748390e-01
2925,562.341,0,1.748470e-01
2950,562.341,0,1.748550e-01
2975,562.341,0,1.748650e-01
3000,562.341,0,1.748750e-01
3025,562.341,0,1.748860e-01
3050,562.341,0,1.748990e-01
3075,562.341,0,1.749120e-01
3100,562.341,0,1.749280e-01
3125,562.341,0,1.749450e-01
3150,562.341,0,1.749630e-01
3175,562.341,0,1.749840e-01
3200,562.341,0,1.750080e-01
3225,562.341,0,1.750340e-01
3250,562.341,0,1.750630e-01
3275,562.341,0,1.750950e-01
3300,562.341,0,1.751310e-01
3325,562.341,0,1.751710e-01
3350,562.341,0,1.752160e-01
3375,562.341,0,1.752660e-01
3400,562.341,0,1.753220e-01
3425,562.341,0,1.753840e-01
3450,562.341,0,1.754530e-01
3475,562.341,0,1.755300e-01
3500,562.341,0,1.756150e-01
3525,562.341,0,1.757110e-01
3550,562.341,0,1.758170e-01
3575,562.341,0,1.759350e-01
3600,562.341,0,1.760660e-01
3625,562.341,0,1.762120e-01
3650,562.341,0,1.763750e-01
3675,562.341,0,1.765560e-01
3700,562.341,0,1.767580e-01
3725,562.341,0,1.769830e-01
3750,562.341,0,1.772330e-01
3775,562.341,0,1.775120e-01
3800,562.341,0,1.778230e-01
3825,562.341,0,1.781690e-01
3850,562.341,0,1.785550e-01
3875,562.341,0,1.789850e-01
3900,562.341,0,1.794660e-01
3925,562.341,0,1.800010e-01
3950,562.341,0,1.805990e-01
3975,562.341,0,1.812670e-01
4000,562.341,0,1.820120e-01
4025,562.341,0,1.828450e-01
4050,562.341,0,1.837750e-01
4075,562.341,0,1.848140e-01
4100,562.341,0,1.859750e-01
4125,562.341,0,1.872730e-01
4150,562.341,0,1.887240e-01
4175,562.341,0,1.903470e-01
4200,562.341,0,1.921620e-01
4225,562.341,0,1.941910e-01
4250,562.341,0,1.964620e-01
4275,562.341,0,1.990010e-01
4300,562.341,0,2.018430e-01
4325,562.341,0,2.050230e-01
4350,562.341,0,2.085810e-01
4375,562.341,0,2.125640e-01
4400,562.341,0,2.170230e-01
4425,562.341,0,2.220160e-01
4450,562.341,0,2.276080e-01
4475,562.341,0,2.338720e-01
4500,562.341,0,2.408910e-01
4525,562.341,0,2.487590e-01
4550,562.341,0,2.575830e-01
4575,562.341,0,2.674840e-01
4600,562.341,0,2.785990e-01
4625,562.341,0,2.910880e-01
4650,562.341,0,3.051320e-01
4675,562.341,0,3.209390e-01
4700,562.341,0,3.387510e-01
4725,562.341,0,3.588500e-01
4750,562.341,0,3.815630e-01
4775,562.341,0,4.072770e-01
4800,562.341,0,4.364490e-01
4825,562.341,0,4.696220e-01
4850,562.341,0,5.074500e-01
4875,562.341,0,5.507240e-01
4900,562.341,0,6.004100e-01
4925,562.341,0,6.577040e-01
4950,562.341,0,7.241010e-01
4975,562.341,0,8.014940e-01
5000,562.341,0,8.923210e-01
300,1000,0,8.742740e-02
325,1000,0,8.742740e-02
350,1000,0,8.742740e-02
375,1000,0,8.742740e-02
400,1000,0,8.742740e-02
425,1000,0,8.742740e-02
450,1000,0,8.742740e-02
475,1000,0,8.742750e-02
500,1000,0,8.742750e-02
525,1000,0,8.742770e-02
550,1000,0,8.742820e-02
575,1000,0,8.742930e-02
600,1000,0,8.743140e-02
625,1000,0,8.743540e-02
650,1000,0,8.744250e-02
675,1000,0,8.745480e-02
700,1000,0,8.747490e-02
725,1000,0,8.750670e-02
750,1000,0,8.755520e-02
775,1000,0,8.762710e-02
800,1000,0,8.773060e-02
825,1000,0,8.787600e-02
850,1000,0,8.807550e-02
875,1000,0,8.834360e-02
900,1000,0,8.869670e-02
925,1000,0,8.915370e-02
950,1000,0,8.973490e-02
975,1000,0,9.046240e-02
1000,1000,0,9.135970e-02
1025,1000,0,9.245040e-02
1050,1000,0,9.375800e-02
1075,1000,0,9.530510e-02
1100,1000,0,9.711160e-02
1125,1000,0,9.919410e-02
1150,1000,0,1.015640e-01
1175,1000,0,1.042270e-01
1200,1000,0,1.071800e-01
1225,1000,0,1.104110e-01
1250,1000,0,1.138980e-01
1275,1000,0,1.176080e-01
1300,1000,0,1.214970e-01
1325,1000,0,1.255110e-01
1350,1000,0,1.295890e-01
1375,1000,0,1.336660e-01
1400,1000,0,1.376750e-01
1425,1000,0,1.415520e-01
1450,1000,0,1.452400e-01
1475,1000,0,1.486940e-01
1500,1000,0,1.518810e-01
1525,1000,0,1.547810e-01
1550,1000,0,1.573860e-01
1575,1000,0,1.597010e-01
1600,1000,0,1.617380e-01
1625,1000,0,1.635170e-01
1650,1000,0,1.650610e-01
1675,1000,0,1.663930e-01
1700,1000,0,1.675390e-01
1725,1000,0,1.685220e-01
1750,1000,0,1.693640e-01
1775,1000,0,1.700850e-01
1800,1000,0,1.707020e-01
1825,1000,0,1.712300e-01
1850,1000,0,1.716830e-01
1875,1000,0,1.720720e-01
1900,1000,0,1.724070e-01
1925,1000,0,1.726950e-01
1950,1000,0,1.729450e-01
1975,1000,0,1.731600e-01
2000,1000,0,1.733480e-01
2025,1000,0,1.735110e-01
2050,1000,0,1.736530e-01
2075,1000,0,1.737770e-01
2100,1000,0,1.738860e-01
2125,1000,0,1.739820e-01
2150,1000,0,1.740660e-01
2175,1000,0,1.741410e-01
2200,1000,0,1.742070e-01
2225,1000,0,1.742650e-01
2250,1000,0,1.743180e-01
2275,1000,0,1.743640e-01
2300,1000,0,1.744060e-01
2325,1000,0,1.744430e-01
2350,1000,0,1.744760e-01
2375,1000,0,1.745060e-01
2400,1000,0,1.745330e-01
2425,1000,0,1.745580e-01
2450,1000,0,1.745800e-01
2475,1000,0,1.746000e-01
2500,1000,0,1.746190e-01
2525,1000,0,1.746360e-01
2550,1000,0,1.746510e-01
2575,1000,0,1.746650e-01
2600,1000,0,1.746780e-01
2625,1000,0,1.746910e-01
2650,1000,0,1.747020e-01
2675,1000,0,1.747130e-01
2700,1000,0,1.747230e-01
2725,1000,0,1.747320e-01
2750,1000,0,1.747410e-01
2775,1000,0,1.747500e-01
2800,1000,0,1.747580e-01
2825,1000,0,1.747670e-01
2850,1000,0,1.747750e-01
2875,1000,0,1.747830e-01
2900,1000,0,1.747920e-01
2925,1000,0,1.748000e-01
2950,1000,0,1.748090e-01
2975,1000,0,1.748180e-01
3000,1000,0,1.748280e-01
3025,1000,0,1.748380e-01
3050,1000,0,1.748490e-01
3075,1000,0,1.748610e-01
3100,1000,0,1.748740e-01
3125,1000,0,1.748880e-01
3150,1000,0,1.749040e-01
3175,1000,0,1.749210e-01
3200,1000,0,1.749390e-01
3225,1000,0,1.749590e-01
3250,1000,0,1.749820e-01
3275,1000,0,1.750070e-01
3300,1000,0,1.750340e-01
3325,1000,0,1.750650e-01
3350,1000,0,1.750980e-01
3375,1000,0,1.751350e-01
3400,1000,0,1.751760e-01
3425,1000,0,1.752220e-01
3450,1000,0,1.752730e-01
3475,1000,0,1.753280e-01
3500,1000,0,1.753900e-01
3525,1000,0,1.754590e-01
3550,1000,0,1.755350e-01
3575,1000,0,1.756190e-01
3600,1000,0,1.757120e-01
3625,1000,0,1.758150e-01
3650,1000,0,1.759280e-01
3675,1000,0,1.760550e-01
3700,1000,0,1.761940e-01
3725,1000,0,1.763490e-01
3750,1000,0,1.765200e-01
3775,1000,0,1.767100e-01
3800,1000,0,1.769210e-01
3825,1000,0,1.771540e-01
3850,1000,0,1.774120e-01
3875,1000,0,1.776980e-01
3900,1000,0,1.780160e-01
3925,1000,0,1.783680e-01
3950,1000,0,1.787580e-01
3975,1000,0,1.791920e-01
4000,1000,0,1.796730e-01
4025,1000,0,1.802080e-01
4050,1000,0,1.808010e-01
4075,1000,0,1.814610e-01
4100,1000,0,1.821930e-01
4125,1000,0,1.830080e-01
4150,1000,0,1.839130e-01
4175,1000,0,1.849200e-01
4200,1000,0,1.860390e-01
4225,1000,0,1.872850e-01
4250,1000,0,1.886700e-01
4275,1000,0,1.902120e-01
4300,1000,0,1.919270e-01
4325,1000,0,1.938370e-01
4350,1000,0,1.959620e-01
4375,1000,0,1.983280e-01
4400,1000,0,2.009630e-01
4425,1000,0,2.038960e-01
4450,1000,0,2.071620e-01
4475,1000,0,2.108000e-01
4500,1000,0,2.148520e-01
4525,1000,0,2.193660e-01
4550,1000,0,2.243950e-01
4575,1000,0,2.300000e-01
4600,1000,0,2.362470e-01
4625,1000,0,2.432130e-01
4650,1000,0,2.509820e-01
4675,1000,0,2.596500e-01
4700,1000,0,2.693260e-01
4725,1000,0,2.801320e-01
4750,1000,0,2.922080e-01
4775,1000,0,3.057140e-01
4800,1000,0,3.208310e-01
4825,1000,0,3.377680e-01
4850,1000,0,3.567660e-01
4875,1000,0,3.781040e-01
4900,1000,0,4.021070e-01
4925,1000,0,4.291560e-01
4950,1000,0,4.596980e-01
4975,1000,0,4.942650e-01
5000,1000,0,5.334920e-01
300,0.001,0.1,1.018880e-02
325,0.001,0.1,1.153140e-02
350,0.001,0.1,1.318680e-02
375,0.001,0.1,1.513900e-02
400,0.001,0.1,1.738710e-02
425,0.001,0.1,1.994830e-02
450,0.001,0.1,2.285360e-02
475,0.001,0.1,2.614260e-02
500,0.001,0.1,2.985000e-02
525,0.001,0.1,3.397710e-02
550,0.001,0.1,3.849420e-02
575,0.001,0.1,4.345180e-02
600,0.001,0.1,4.917530e-02
625,0.001,0.1,5.640420e-02
650,0.001,0.1,6.624120e-02
675,0.001,0.1,7.976030e-02
700,0.001,0.1,9.708940e-02
725,0.001,0.1,1.162010e-01
750,0.001,0.1,1.330890e-01
775,0.001,0.1,1.447290e-01
800,0.001,0.1,1.512820e-01
825,0.001,0.1,1.545720e-01
850,0.001,0.1,1.561600e-01
875,0.001,0.1,1.569300e-01
900,0.001,0.1,1.573120e-01
925,0.001,0.1,1.575080e-01
950,0.001,0.1,1.576120e-01
975,0.001,0.1,1.576690e-01
1000,0.001,0.1,1.577010e-01
1025,0.001,0.1,1.577200e-01
1050,0.001,0.1,1.577320e-01
1075,0.001,0.1,1.577390e-01
1100,0.001,0.1,1.577450e-01
1125,0.001,0.1,1.577490e-01
1150,0.001,0.1,1.577530e-01
1175,0.001,0.1,1.577580e-01
1200,0.001,0.1,1.577620e-01
1225,0.001,0.1,1.577680e-01
1250,0.001,0.1,1.577740e-01
1275,0.001,0.1,1.577820e-01
1300,0.001,0.1,1.577920e-01
1325,0.001,0.1,1.578030e-01
1350,0.001,0.1,1.578170e-01
1375,0.001,0.1,1.578330e-01
1400,0.001,0.1,1.578530e-01
1425,0.001,0.1,1.578760e-01
1450,0.001,0.1,1.579020e-01
1475,0.001,0.1,1.579330e-01
1500,0.001,0.1,1.579700e-01
1525,0.001,0.1,1.580110e-01
1550,0.001,0.1,1.580590e-01
1575,0.001,0.1,1.581130e-01
1600,0.001,0.1,1.581740e-01
1625,0.001,0.1,1.582440e-01
1650,0.001,0.1,1.583220e-01
1675,0.001,0.1,1.584090e-01
1700,0.001,0.1,1.585070e-01
1725,0.001,0.1,1.586160e-01
1750,0.001,0.1,1.587360e-01
1775,0.001,0.1,1.588680e-01
1800,0.001,0.1,1.590140e-01
1825,0.001,0.1,1.591730e-01
1850,0.001,0.1,1.593470e-01
1875,0.001,0.1,1.595360e-01
1900,0.001,0.1,1.597410e-01
1925,0.001,0.1,1.599620e-01
1950,0.001,0.1,1.602000e-01
1975,0.001,0.1,1.604540e-01
2000,0.001,0.1,1.607250e-01
2025,0.001,0.1,1.610140e-01
2050,0.001,0.1,1.613190e-01
2075,0.001,0.1,1.616400e-01
2100,0.001,0.1,1.619770e-01
2125,0.001,0.1,1.623280e-01
2150,0.001,0.1,1.626930e-01
2175,0.001,0.1,1.630700e-01
2200,0.001,0.1,1.634580e-01
2225,0.001,0.1,1.638560e-01
2250,0.001,0.1,1.642610e-01
2275,0.001,0.1,1.646730e-01
2300,0.001,0.1,1.650920e-01
2325,0.001,0.1,1.655180e-01
2350,0.001,0.1,1.659550e-01
2375,0.001,0.1,1.664080e-01
2400,0.001,0.1,1.668860e-01
2425,0.001,0.1,1.674030e-01
2450,0.001,0.1,1.679820e-01
2475,0.001,0.1,1.686530e-01
2500,0.001,0.1,1.694600e-01
2525,0.001,0.1,1.704640e-01
2550,0.001,0.1,1.717480e-01
2575,0.001,0.1,1.734240e-01
2600,0.001,0.1,1.756430e-01
2625,0.001,0.1,1.786060e-01
2650,0.001,0.1,1.825820e-01
2675,0.001,0.1,1.879290e-01
2700,0.001,0.1,1.951250e-01
2725,0.001,0.1,2.048120e-01
2750,0.001,0.1,2.178510e-01
2775,0.001,0.1,2.354130e-01
2800,0.001,0.1,2.591020e-01
2825,0.001,0.1,2.911490e-01
2850,0.001,0.1,3.347270e-01
2875,0.001,0.1,3.944590e-01
2900,0.001,0.1,4.773350e-01
2925,0.001,0.1,5.944040e-01
2950,0.001,0.1,7.642180e-01
2975,0.001,0.1,1.020510e+00
3000,0.001,0.1,1.431800e+00
3025,0.001,0.1,2.161800e+00
3050,0.001,0.1,3.721910e+00
3075,0.001,0.1,8.909870e+00
3100,0.001,0.1,2.000000e+02
3125,0.001,0.1,2.000000e+02
3150,0.001,0.1,2.000000e+02
3175,0.001,0.1,2.000000e+02
3200,0.001,0.1,2.000000e+02
3225,0.001,0.1,2.000000e+02
3250,0.001,0.1,2.000000e+02
3275,0.001,0.1,2.000000e+02
3300,0.001,0.1,2.000000e+02
3325,0.001,0.1,2.000000e+02
3350,0.001,0.1,2.000000e+02
3375,0.001,0.1,2.000000e+02
3400,0.001,0.1,2.000000e+02
3425,0.001,0.1,2.000000e+02
3450,0.001,0.1,2.000000e+02
3475,0.001,0.1,2.000000e+02
3500,0.001,0.1,2.000000e+02
3525,0.001,0.1,2.000000e+02
3550,0.001,0.1,2.000000e+02
3575,0.001,0.1,2.000000e+02
3600,0.001,0.1,2.000000e+02
3625,0.001,0.1,2.000000e+02
3650,0.001,0.1,2.000000e+02
3675,0.001,0.1,2.000000e+02
3700,0.001,0.1,2.000000e+02
3725,0.001,0.1,2.000000e+02
3750,0.001,0.1,2.000000e+02
3775,0.001,0.1,2.000000e+02
3800,0.001,0.1,2.000000e+02
3825,0.001,0.1,2.000000e+02
3850,0.001,0.1,2.000000e+02
3875,0.001,0.1,2.000000e+02
3900,0.001,0.1,2.000000e+02
3925,0.001,0.1,2.000000e+02
3950,0.001,0.1,2.000000e+02
3975,0.001,0.1,2.000000e+02
4000,0.001,0.1,2.000000e+02
4025,0.001,0.1,2.000000e+02
4050,0.001,0.1,2.000000e+02
4075,0.001,0.1,2.000000e+02
4100,0.001,0.1,2.000000e+02
4125,0.001,0.1,2.000000e+02
4150,0.001,0.1,2.000000e+02
4175,0.001,0.1,2.000000e+02
4200,0.001,0.1,2.000000e+02
4225,0.001,0.1,2.000000e+02
4250,0.001,0.1,2.000000e+02
4275,0.001,0.1,2.000000e+02
4300,0.001,0.1,2.000000e+02
4325,0.001,0.1,2.000000e+02
4350,0.001,0.1,2.000000e+02
4375,0.001,0.1,2.000000e+02
4400,0.001,0.1,2.000000e+02
4425,0.001,0.1,2.000000e+02
4450,0.001,0.1,2.000000e+02
4475,0.001,0.1,2.000000e+02
4500,0.001,0.1,2.000000e+02
4525,0.001,0.1,2.000000e+02
4550,0.001,0.1,2.000000e+02
4575,0.001,0.1,2.000000e+02
4600,0.001,0.1,2.000000e+02
4625,0.001,0.1,2.000000e+02
4650,0.001,0.1,2.000000e+02
4675,0.001,0.1,2.000000e+02
4700,0.001,0.1,2.000000e+02
4725,0.001,0.1,2.000000e+02
4750,0.001,0.1,2.000000e+02
4775,0.001,0.1,2.000000e+02
4800,0.001,0.1,2.000000e+02
4825,0.001,0.1,2.000000e+02
4850,0.001,0.1,2.000000e+02
4875,0.001,0.1,2.000000e+02
4900,0.001,0.1,2.000000e+02
4925,0.001,0.1,2.000000e+02
4950,0.001,0.1,2.000000e+02
4975,0.001,0.1,2.000000e+02
5000,0.001,0.1,2.000000e+02
300,0.00177828,0.1,1.018550e-02
325,0.00177828,0.1,1.151910e-02
350,0.00177828,0.1,1.315100e-02
375,0.00177828,0.1,1.505130e-02
400,0.00177828,0.1,1.720130e-02
425,0.00177828,0.1,1.959930e-02
450,0.00177828,0.1,2.225860e-02
475,0.00177828,0.1,2.520700e-02
500,0.00177828,0.1,2.848690e-02
525,0.00177828,0.1,3.214200e-02
550,0.00177828,0.1,3.620280e-02
575,0.00177828,0.1,4.072300e-02
600,0.00177828,0.1,4.590390e-02
625,0.00177828,0.1,5.224340e-02
650,0.00177828,0.1,6.058520e-02
675,0.00177828,0.1,7.194340e-02
700,0.00177828,0.1,8.695290e-02
725,0.00177828,0.1,1.048950e-01
750,0.00177828,0.1,1.229840e-01
775,0.00177828,0.1,1.375990e-01
800,0.00177828,0.1,1.470740e-01
825,0.00177828,0.1,1.523100e-01
850,0.00177828,0.1,1.549780e-01
875,0.00177828,0.1,1.563080e-01
900,0.00177828,0.1,1.569770e-01
925,0.00177828,0.1,1.573230e-01
950,0.00177828,0.1,1.575060e-01
975,0.00177828,0.1,1.576070e-01
1000,0.00177828,0.1,1.576630e-01
1025,0.00177828,0.1,1.576970e-01
1050,0.00177828,0.1,1.577170e-01
1075,0.00177828,0.1,1.577300e-01
1100,0.00177828,0.1,1.577390e-01
1125,0.00177828,0.1,1.577450e-01
1150,0.00177828,0.1,1.577510e-01
1175,0.00177828,0.1,1.577560e-01
1200,0.00177828,0.1,1.577610e-01
1225,0.00177828,0.1,1.577670e-01
1250,0.00177828,0.1,1.577740e-01
1275,0.00177828,0.1,1.577820e-01
1300,0.00177828,0.1,1.577910e-01
1325,0.00177828,0.1,1.578030e-01
1350,0.00177828,0.1,1.578170e-01
1375,0.00177828,0.1,1.578330e-01
1400,0.00177828,0.1,1.578530e-01
1425,0.00177828,0.1,1.578750e-01
1450,0.00177828,0.1,1.579020e-01
1475,0.00177828,0.1,1.579330e-01
1500,0.00177828,0.1,1.579700e-01
1525,0.00177828,0.1,1.580110e-01
1550,0.00177828,0.1,1.580590e-01
1575,0.00177828,0.1,1.581130e-01
1600,0.00177828,0.1,1.581740e-01
1625,0.00177828,0.1,1.582440e-01
1650,0.00177828,0.1,1.583220e-01
1675,0.00177828,0.1,1.584100e-01
1700,0.00177828,0.1,1.585080e-01
1725,0.00177828,0.1,1.586160e-01
1750,0.00177828,0.1,1.587370e-01
1775,0.00177828,0.1,1.588700e-01
1800,0.00177828,0.1,1.590160e-01
1825,0.00177828,0.1,1.591760e-01
1850,0.00177828,0.1,1.593510e-01
1875,0.00177828,0.1,1.595420e-01
1900,0.00177828,0.1,1.597490e-01
1925,0.00177828,0.1,1.599720e-01
1950,0.00177828,0.1,1.602130e-01
1975,0.00177828,0.1,1.604720e-01
2000,0.00177828,0.1,1.607490e-01
2025,0.00177828,0.1,1.610440e-01
2050,0.00177828,0.1,1.613580e-01
2075,0.00177828,0.1,1.616900e-01
2100,0.00177828,0.1,1.620390e-01
2125,0.00177828,0.1,1.624070e-01
2150,0.00177828,0.1,1.627910e-01
2175,0.00177828,0.1,1.631910e-01
2200,0.00177828,0.1,1.636060e-01
2225,0.00177828,0.1,1.640340e-01
2250,0.00177828,0.1,1.644740e-01
2275,0.00177828,0.1,1.649260e-01
2300,0.00177828,0.1,1.653870e-01
2325,0.00177828,0.1,1.658570e-01
2350,0.00177828,0.1,1.663380e-01
2375,0.00177828,0.1,1.668290e-01
2400,0.00177828,0.1,1.673360e-01
2425,0.00177828,0.1,1.678640e-01
2450,0.00177828,0.1,1.684240e-01
2475,0.00177828,0.1,1.690320e-01
2500,0.00177828,0.1,1.697120e-01
2525,0.00177828,0.1,1.704970e-01
2550,0.00177828,0.1,1.714320e-01
2575,0.00177828,0.1,1.725830e-01
2600,0.00177828,0.1,1.740330e-01
2625,0.00177828,0.1,1.758980e-01
2650,0.00177828,0.1,1.783310e-01
2675,0.00177828,0.1,1.815340e-01
2700,0.00177828,0.1,1.857740e-01
2725,0.00177828,0.1,1.914060e-01
2750,0.00177828,0.1,1.988950e-01
2775,0.00177828,0.1,2.088640e-01
2800,0.00177828,0.1,2.221370e-01
2825,0.00177828,0.1,2.398270e-01
2850,0.00177828,0.1,2.634400e-01
2875,0.00177828,0.1,2.950530e-01
2900,0.00177828,0.1,3.375820e-01
2925,0.00177828,0.1,3.952240e-01
2950,0.00177828,0.1,4.742250e-01
2975,0.00177828,0.1,5.842740e-01
3000,0.00177828,0.1,7.412510e-01
3025,0.00177828,0.1,9.731100e-01
3050,0.00177828,0.1,1.334100e+00
3075,0.00177828,0.1,1.945250e+00
3100,0.00177828,0.1,3.142400e+00
3125,0.00177828,0.1,6.324900e+00
3150,0.00177828,0.1,3.268510e+01
3175,0.00177828,0.1,2.000000e+02
3200,0.00177828,0.1,2.000000e+02
3225,0.00177828,0.1,2.000000e+02
3250,0.00177828,0.1,2.000000e+02
3275,0.00177828,0.1,2.000000e+02
3300,0.00177828,0.1,2.000000e+02
3325,0.00177828,0.1,2.000000e+02
3350,0.00177828,0.1,2.000000e+02
3375,0.00177828,0.1,2.000000e+02
3400,0.00177828,0.1,2.000000e+02
3425,0.00177828,0.1,2.000000e+02
3450,0.00177828,0.1,2.000000e+02
3475,0.00177828,0.1,2.000000e+02
3500,0.00177828,0.1,2.000000e+02
3525,0.00177828,0.1,2.000000e+02
3550,0.00177828,0.1,2.000000e+02
3575,0.00177828,0.1,2.000000e+02
3600,0.00177828,0.1,2.000000e+02
3625,0.00177828,0.1,2.000000e+02
3650,0.00177828,0.1,2.000000e+02
3675,0.00177828,0.1,2.000000e+02
3700,0.00177828,0.1,2.000000e+02
3725,0.00177828,0.1,2.000000e+02
3750,0.00177828,0.1,2.000000e+02
3775,0.00177828,0.1,2.000000e+02
3800,0.00177828,0.1,2.000000e+02
3825,0.00177828,0.1,2.000000e+02
3850,0.00177828,0.1,2.000000e+02
3875,0.00177828,0.1,2.000000e+02
3900,0.00177828,0.1,2.000000e+02
3925,0.00177828,0.1,2.000000e+02
3950,0.00177828,0.1,2.000000e+02
3975,0.00177828,0.1,2.000000e+02
4000,0.00177828,0.1,2.000000e+02
4025,0.00177828,0.1,2.000000e+02
4050,0.00177828,0.1,2.000000e+02
4075,0.00177828,0.1,2.000000e+02
4100,0.00177828,0.1,2.000000e+02
4125,0.00177828,0.1,2.000000e+02
4150,0.00177828,0.1,2.000000e+02
4175,0.00177828,0.1,2.000000e+02
4200,0.00177828,0.1,2.000000e+02
4225,0.00177828,0.1,2.000000e+02
4250,0.00177828,0.1,2.000000e+02
4275,0.00177828,0.1,2.000000e+02
4300,0.00177828,0.1,2.000000e+02
4325,0.00177828,0.1,2.000000e+02
4350,0.00177828,0.1,2.000000e+02
4375,0.00177828,0.1,2.000000e+02
4400,0.00177828,0.1,2.000000e+02
4425,0.00177828,0.1,2.000000e+02
4450,0.00177828,0.1,2.000000e+02
4475,0.00177828,0.1,2.000000e+02
4500,0.00177828,0.1,2.000000e+02
4525,0.00177828,0.1,2.000000e+02
4550,0.00177828,0.1,2.000000e+02
4575,0.00177828,0.1,2.000000e+02
4600,0.00177828,0.1,2.000000e+02
4625,0.00177828,0.1,2.000000e+02
4650,0.00177828,0.1,2.000000e+02
4675,0.00177828,0.1,2.000000e+02
4700,0.00177828,0.1,2.000000e+02
4725,0.00177828,0.1,2.000000e+02
4750,0.00177828,0.1,2.000000e+02
4775,0.00177828,0.1,2.000000e+02
4800,0.00177828,0.1,2.000000e+02
4825,0.00177828,0.1,2.000000e+02
4850,0.00177828,0.1,2.000000e+02
4875,0.00177828,0.1,2.000000e+02
4900,0.00177828,0.1,2.000000e+02
4925,0.00177828,0.1,2.000000e+02
4950,0.00177828,0.1,2.000000e+02
4975,0.00177828,0.1,2.000000e+02
5000,0.00177828,0.1,2.000000e+02
300,0.00316228,0.1,1.018290e-02
325,0.00316228,0.1,1.151000e-02
350,0.00316228,0.1,1.312410e-02
375,0.00316228,0.1,1.498530e-02
400,0.00316228,0.1,1.706110e-02
425,0.00316228,0.1,1.933450e-02
450,0.00316228,0.1,2.180390e-02
475,0.00316228,0.1,2.448340e-02
500,0.00316228,0.1,2.740740e-02
525,0.00316228,0.1,3.063170e-02
550,0.00316228,0.1,3.422370e-02
575,0.00316228,0.1,3.826510e-02
600,0.00316228,0.1,4.290920e-02
625,0.00316228,0.1,4.849360e-02
650,0.00316228,0.1,5.563150e-02
675,0.00316228,0.1,6.517100e-02
700,0.00316228,0.1,7.790410e-02
725,0.00316228,0.1,9.391630e-02
750,0.00316228,0.1,1.117450e-01
775,0.00316228,0.1,1.283340e-01
800,0.00316228,0.1,1.408460e-01
825,0.00316228,0.1,1.486650e-01
850,0.00316228,0.1,1.529810e-01
875,0.00316228,0.1,1.552300e-01
900,0.00316228,0.1,1.563900e-01
925,0.00316228,0.1,1.569950e-01
950,0.00316228,0.1,1.573190e-01
975,0.00316228,0.1,1.574960e-01
1000,0.00316228,0.1,1.575970e-01
1025,0.00316228,0.1,1.576550e-01
1050,0.00316228,0.1,1.576910e-01
1075,0.00316228,0.1,1.577130e-01
1100,0.00316228,0.1,1.577270e-01
1125,0.00316228,0.1,1.577380e-01
1150,0.00316228,0.1,1.577450e-01
1175,0.00316228,0.1,1.577520e-01
1200,0.00316228,0.1,1.577580e-01
1225,0.00316228,0.1,1.577650e-01
1250,0.00316228,0.1,1.577720e-01
1275,0.00316228,0.1,1.577810e-01
1300,0.00316228,0.1,1.577910e-01
1325,0.00316228,0.1,1.578020e-01
1350,0.00316228,0.1,1.578160e-01
1375,0.00316228,0.1,1.578330e-01
1400,0.00316228,0.1,1.578520e-01
1425,0.00316228,0.1,1.578750e-01
1450,0.00316228,0.1,1.579020e-01
1475,0.00316228,0.1,1.579330e-01
1500,0.00316228,0.1,1.579690e-01
1525,0.00316228,0.1,1.580110e-01
1550,0.00316228,0.1,1.580590e-01
1575,0.00316228,0.1,1.581130e-01
1600,0.00316228,0.1,1.581740e-01
1625,0.00316228,0.1,1.582440e-01
1650,0.00316228,0.1,1.583220e-01
1675,0.00316228,0.1,1.584100e-01
1700,0.00316228,0.1,1.585080e-01
1725,0.00316228,0.1,1.586170e-01
1750,0.00316228,0.1,1.587380e-01
1775,0.00316228,0.1,1.588710e-01
1800,0.00316228,0.1,1.590180e-01
1825,0.00316228,0.1,1.591790e-01
1850,0.00316228,0.1,1.593550e-01
1875,0.00316228,0.1,1.595460e-01
1900,0.00316228,0.1,1.597550e-01
1925,0.00316228,0.1,1.599800e-01
1950,0.00316228,0.1,1.602240e-01
1975,0.00316228,0.1,1.604860e-01
2000,0.00316228,0.1,1.607670e-01
2025,0.00316228,0.1,1.610670e-01
2050,0.00316228,0.1,1.613870e-01
2075,0.00316228,0.1,1.617270e-01
2100,0.00316228,0.1,1.620870e-01
2125,0.00316228,0.1,1.624670e-01
2150,0.00316228,0.1,1.628660e-01
2175,0.00316228,0.1,1.632840e-01
2200,0.00316228,0.1,1.637200e-01
2225,0.00316228,0.1,1.641730e-01
2250,0.00316228,0.1,1.646430e-01
2275,0.00316228,0.1,1.651280e-01
2300,0.00316228,0.1,1.656260e-01
2325,0.00316228,0.1,1.661370e-01
2350,0.00316228,0.1,1.666610e-01
2375,0.00316228,0.1,1.671970e-01
2400,0.00316228,0.1,1.677460e-01
2425,0.00316228,0.1,1.683100e-01
2450,0.00316228,0.1,1.688940e-01
2475,0.00316228,0.1,1.695060e-01
2500,0.00316228,0.1,1.701560e-01
2525,0.00316228,0.1,1.708630e-01
2550,0.00316228,0.1,1.716510e-01
2575,0.00316228,0.1,1.725550e-01
2600,0.00316228,0.1,1.736220e-01
2625,0.00316228,0.1,1.749160e-01
2650,0.00316228,0.1,1.765250e-01
2675,0.00316228,0.1,1.785610e-01
2700,0.00316228,0.1,1.811780e-01
2725,0.00316228,0.1,1.845720e-01
2750,0.00316228,0.1,1.890040e-01
2775,0.00316228,0.1,1.948150e-01
2800,0.00316228,0.1,2.024510e-01
2825,0.00316228,0.1,2.124980e-01
2850,0.00316228,0.1,2.257320e-01
2875,0.00316228,0.1,2.431810e-01
2900,0.00316228,0.1,2.662290e-01
2925,0.00316228,0.1,2.967590e-01
2950,0.00316228,0.1,3.373830e-01
2975,0.00316228,0.1,3.918040e-01
3000,0.00316228,0.1,4.654390e-01
3025,0.00316228,0.1,5.665140e-01
3050,0.00316228,0.1,7.081440e-01
3075,0.00316228,0.1,9.126130e-01
3100,0.00316228,0.1,1.221100e+00
3125,0.00316228,0.1,1.719150e+00
3150,0.00316228,0.1,2.618310e+00
3175,0.00316228,0.1,4.621210e+00
3200,0.00316228,0.1,1.223990e+01
3225,0.00316228,0.1,2.000000e+02
3250,0.00316228,0.1,2.000000e+02
3275,0.00316228,0.1,2.000000e+02
3300,0.00316228,0.1,2.000000e+02
3325,0.00316228,0.1,2.000000e+02
3350,0.00316228,0.1,2.000000e+02
3375,0.00316228,0.1,2.000000e+02
3400,0.00316228,0.1,2.000000e+02
3425,0.00316228,0.1,2.000000e+02
3450,0.00316228,0.1,2.000000e+02
3475,0.00316228,0.1,2.000000e+02
3500,0.00316228,0.1,2.000000e+02
3525,0.00316228,0.1,2.000000e+02
3550,0.00316228,0.1,2.000000e+02
3575,0.00316228,0.1,2.000000e+02
3600,0.00316228,0.1,2.000000e+02
3625,0.00316228,0.1,2.000000e+02
3650,0.00316228,0.1,2.000000e+02
3675,0.00316228,0.1,2.000000e+02
3700,0.00316228,0.1,2.000000e+02
3725,0.00316228,0.1,2.000000e+02
3750,0.00316228,0.1,2.000000e+02
3775,0.00316228,0.1,2.000000e+02
3800,0.00316228,0.1,2.000000e+02
3825,0.00316228,0.1,2.000000e+02
3850,0.00316228,0.1,2.000000e+02
3875,0.00316228,0.1,2.000000e+02
3900,0.00316228,0.1,2.000000e+02
3925,0.00316228,0.1,2.000000e+02
3950,0.00316228,0.1,2.000000e+02
3975,0.00316228,0.1,2.000000e+02
4000,0.00316228,0.1,2.000000e+02
4025,0.00316228,0.1,2.000000e+02
4050,0.00316228,0.1,2.000000e+02
4075,0.00316228,0.1,2.000000e+02
4100,0.00316228,0.1,2.000000e+02
4125,0.00316228,0.1,2.000000e+02
4150,0.00316228,0.1,2.000000e+02
4175,0.00316228,0.1,2.000000e+02
4200,0.00316228,0.1,2.000000e+02
4225,0.00316228,0.1,2.000000e+02
4250,0.00316228,0.1,2.000000e+02
4275,0.00316228,0.1,2.000000e+02
4300,0.00316228,0.1,2.000000e+02
4325,0.00316228,0.1,2.000000e+02
4350,0.00316228,0.1,2.000000e+02
4375,0.00316228,0.1,2.000000e+02
4400,0.00316228,0.1,2.000000e+02
4425,0.00316228,0.1,2.000000e+02
4450,0.00316228,0.1,2.000000e+02
4475,0.00316228,0.1,2.000000e+02
4500,0.00316228,0.1,2.000000e+02
4525,0.00316228,0.1,2.000000e+02
4550,0.00316228,0.1,2.000000e+02
4575,0.00316228,0.1,2.000000e+02
4600,0.00316228,0.1,2.000000e+02
4625,0.00316228,0.1,2.000000e+02
4650,0.00316228,0.1,2.000000e+02
4675,0.00316228,0.1,2.000000e+02
4700,0.00316228,0.1,2.000000e+02
4725,0.00316228,0.1,2.000000e+02
4750,0.00316228,0.1,2.000000e+02
4775,0.00316228,0.1,2.000000e+02
4800,0.00316228,0.1,2.000000e+02
4825,0.00316228,0.1,2.000000e+02
4850,0.00316228,0.1,2.000000e+02
4875,0.00316228,0.1,2.000000e+02
4900,0.00316228,0.1,2.000000e+02
4925,0.00316228,0.1,2.000000e+02
4950,0.00316228,0.1,2.000000e+02
4975,0.00316228,0.1,2.000000e+02
5000,0.00316228,0.1,2.000000e+02
300,0.00562341,0.1,1.018100e-02
325,0.00562341,0.1,1.150310e-02
350,0.00562341,0.1,1.310390e-02
375,0.00562341,0.1,1.493560e-02
400,0.00562341,0.1,1.695530e-02
425,0.00562341,0.1,1.913420e-02
450,0.00562341,0.1,2.145840e-02
475,0.00562341,0.1,2.392970e-02
500,0.00562341,0.1,2.656990e-02
525,0.00562341,0.1,2.942820e-02
550,0.00562341,0.1,3.258280e-02
575,0.00562341,0.1,3.613720e-02
600,0.00562341,0.1,4.023740e-02
625,0.00562341,0.1,4.513490e-02
650,0.00562341,0.1,5.127110e-02
675,0.00562341,0.1,5.930710e-02
700,0.00562341,0.1,6.999940e-02
725,0.00562341,0.1,8.381910e-02
750,0.00562341,0.1,1.002930e-01
775,0.00562341,0.1,1.174520e-01
800,0.00562341,0.1,1.323890e-01
825,0.00562341,0.1,1.431270e-01
850,0.00562341,0.1,1.497220e-01
875,0.00562341,0.1,1.534010e-01
900,0.00562341,0.1,1.553710e-01
925,0.00562341,0.1,1.564210e-01
950,0.00562341,0.1,1.569880e-01
975,0.00562341,0.1,1.573010e-01
1000,0.00562341,0.1,1.574790e-01
1025,0.00562341,0.1,1.575820e-01
1050,0.00562341,0.1,1.576440e-01
1075,0.00562341,0.1,1.576830e-01
1100,0.00562341,0.1,1.577080e-01
1125,0.00562341,0.1,1.577240e-01
1150,0.00562341,0.1,1.577360e-01
1175,0.00562341,0.1,1.577460e-01
1200,0.00562341,0.1,1.577540e-01
1225,0.00562341,0.1,1.577620e-01
1250,0.00562341,0.1,1.577700e-01
1275,0.00562341,0.1,1.577790e-01
1300,0.00562341,0.1,1.577890e-01
1325,0.00562341,0.1,1.578010e-01
1350,0.00562341,0.1,1.578160e-01
1375,0.00562341,0.1,1.578320e-01
1400,0.00562341,0.1,1.578520e-01
1425,0.00562341,0.1,1.578750e-01
1450,0.00562341,0.1,1.579020e-01
1475,0.00562341,0.1,1.579330e-01
1500,0.00562341,0.1,1.579690e-01
1525,0.00562341,0.1,1.580110e-01
1550,0.00562341,0.1,1.580590e-01
1575,0.00562341,0.1,1.581130e-01
1600,0.00562341,0.1,1.581740e-01
1625,0.00562341,0.1,1.582440e-01
1650,0.00562341,0.1,1.583220e-01
1675,0.00562341,0.1,1.584100e-01
1700,0.00562341,0.1,1.585080e-01
1725,0.00562341,0.1,1.586170e-01
1750,0.00562341,0.1,1.587380e-01
1775,0.00562341,0.1,1.588720e-01
1800,0.00562341,0.1,1.590190e-01
1825,0.00562341,0.1,1.591800e-01
1850,0.00562341,0.1,1.593570e-01
1875,0.00562341,0.1,1.595500e-01
1900,0.00562341,0.1,1.597590e-01
1925,0.00562341,0.1,1.599860e-01
1950,0.00562341,0.1,1.602310e-01
1975,0.00562341,0.1,1.604960e-01
2000,0.00562341,0.1,1.607800e-01
2025,0.00562341,0.1,1.610840e-01
2050,0.00562341,0.1,1.614090e-01
2075,0.00562341,0.1,1.617560e-01
2100,0.00562341,0.1,1.621230e-01
2125,0.00562341,0.1,1.625130e-01
2150,0.00562341,0.1,1.629230e-01
2175,0.00562341,0.1,1.633550e-01
2200,0.00562341,0.1,1.638080e-01
2225,0.00562341,0.1,1.642810e-01
2250,0.00562341,0.1,1.647740e-01
2275,0.00562341,0.1,1.652860e-01
2300,0.00562341,0.1,1.658150e-01
2325,0.00562341,0.1,1.663620e-01
2350,0.00562341,0.1,1.669240e-01
2375,0.00562341,0.1,1.675020e-01
2400,0.00562341,0.1,1.680940e-01
2425,0.00562341,0.1,1.687020e-01
2450,0.00562341,0.1,1.693270e-01
2475,0.00562341,0.1,1.699710e-01
2500,0.00562341,0.1,1.706410e-01
2525,0.00562341,0.1,1.713430e-01
2550,0.00562341,0.1,1.720910e-01
2575,0.00562341,0.1,1.729040e-01
2600,0.00562341,0.1,1.738050e-01
2625,0.00562341,0.1,1.748310e-01
2650,0.00562341,0.1,1.760280e-01
2675,0.00562341,0.1,1.774620e-01
2700,0.00562341,0.1,1.792170e-01
2725,0.00562341,0.1,1.814030e-01
2750,0.00562341,0.1,1.841680e-01
2775,0.00562341,0.1,1.877020e-01
2800,0.00562341,0.1,1.922510e-01
2825,0.00562341,0.1,1.981370e-01
2850,0.00562341,0.1,2.057760e-01
2875,0.00562341,0.1,2.157110e-01
2900,0.00562341,0.1,2.286510e-01
2925,0.00562341,0.1,2.455290e-01
2950,0.00562341,0.1,2.675870e-01
2975,0.00562341,0.1,2.964910e-01
3000,0.00562341,0.1,3.345220e-01
3025,0.00562341,0.1,3.848660e-01
3050,0.00562341,0.1,4.520920e-01
3075,0.00562341,0.1,5.429800e-01
3100,0.00562341,0.1,6.680330e-01
3125,0.00562341,0.1,8.444370e-01
3150,0.00562341,0.1,1.102400e+00
3175,0.00562341,0.1,1.500410e+00
3200,0.00562341,0.1,2.168400e+00
3225,0.00562341,0.1,3.464210e+00
3250,0.00562341,0.1,6.853580e+00
3275,0.00562341,0.1,3.254590e+01
3300,0.00562341,0.1,2.000000e+02
3325,0.00562341,0.1,2.000000e+02
3350,0.00562341,0.1,2.000000e+02
3375,0.00562341,0.1,2.000000e+02
3400,0.00562341,0.1,2.000000e+02
3425,0.00562341,0.1,2.000000e+02
3450,0.00562341,0.1,2.000000e+02
3475,0.00562341,0.1,2.000000e+02
3500,0.00562341,0.1,2.000000e+02
3525,0.00562341,0.1,2.000000e+02
3550,0.00562341,0.1,2.000000e+02
3575,0.00562341,0.1,2.000000e+02
3600,0.00562341,0.1,2.000000e+02
3625,0.00562341,0.1,2.000000e+02
3650,0.00562341,0.1,2.000000e+02
3675,0.00562341,0.1,2.000000e+02
3700,0.00562341,0.1,2.000000e+02
3725,0.00562341,0.1,2.000000e+02
3750,0.00562341,0.1,2.000000e+02
3775,0.00562341,0.1,2.000000e+02
3800,0.00562341,0.1,2.000000e+02
3825,0.00562341,0.1,2.000000e+02
3850,0.00562341,0.1,2.000000e+02
3875,0.00562341,0.1,2.000000e+02
3900,0.00562341,0.1,2.000000e+02
3925,0.00562341,0.1,2.000000e+02
3950,0.00562341,0.1,2.000000e+02
3975,0.00562341,0.1,2.000000e+02
4000,0.00562341,0.1,2.000000e+02
4025,0.00562341,0.1,2.000000e+02
4050,0.00562341,0.1,2.000000e+02
4075,0.00562341,0.1,2.000000e+02
4100,0.00562341,0.1,2.000000e+02
4125,0.00562341,0.1,2.000000e+02
4150,0.00562341,0.1,2.000000e+02
4175,0.00562341,0.1,2.000000e+02
4200,0.00562341,0.1,2.000000e+02
4225,0.00562341,0.1,2.000000e+02
4250,0.00562341,0.1,2.000000e+02
4275,0.00562341,0.1,2.000000e+02
4300,0.00562341,0.1,2.000000e+02
4325,0.00562341,0.1,2.000000e+02
4350,0.00562341,0.1,2.000000e+02
4375,0.00562341,0.1,2.000000e+02
4400,0.00562341,0.1,2.000000e+02
4425,0.00562341,0.1,2.000000e+02
4450,0.00562341,0.1,2.000000e+02
4475,0.00562341,0.1,2.000000e+02
4500,0.00562341,0.1,2.000000e+02
4525,0.00562341,0.1,2.000000e+02
4550,0.00562341,0.1,2.000000e+02
4575,0.00562341,0.1,2.000000e+02
4600,0.00562341,0.1,2.000000e+02
4625,0.00562341,0.1,2.000000e+02
4650,0.00562341,0.1,2.000000e+02
4675,0.00562341,0.1,2.000000e+02
4700,0.00562341,0.1,2.000000e+02
4725,0.00562341,0.1,2.000000e+02
4750,0.00562341,0.1,2.000000e+02
4775,0.00562341,0.1,2.000000e+02
4800,0.00562341,0.1,2.000000e+02
4825,0.00562341,0.1,2.000000e+02
4850,0.00562341,0.1,2.000000e+02
4875,0.00562341,0.1,2.000000e+02
4900,0.00562341,0.1,2.000000e+02
4925,0.00562341,0.1,2.000000e+02
4950,0.00562341,0.1,2.000000e+02
4975,0.00562341,0.1,2.000000e+02
5000,0.00562341,0.1,2.000000e+02
300,0.01,0.1,1.017960e-02
325,0.01,0.1,1.149790e-02
350,0.01,0.1,1.308880e-02
375,0.01,0.1,1.489830e-02
400,0.01,0.1,1.687580e-02
425,0.01,0.1,1.898300e-02
450,0.01,0.1,2.119710e-02
475,0.01,0.1,2.350930e-02
500,0.01,0.1,2.592940e-02
525,0.01,0.1,2.849290e-02
550,0.01,0.1,3.127050e-02
575,0.01,0.1,3.436910e-02
600,0.01,0.1,3.793630e-02
625,0.01,0.1,4.218520e-02
650,0.01,0.1,4.744900e-02
675,0.01,0.1,5.423000e-02
700,0.01,0.1,6.316990e-02
725,0.01,0.1,7.485580e-02
750,0.01,0.1,8.939390e-02
775,0.01,0.1,1.058380e-01
800,0.01,0.1,1.219940e-01
825,0.01,0.1,1.353560e-01
850,0.01,0.1,1.446810e-01
875,0.01,0.1,1.503930e-01
900,0.01,0.1,1.536360e-01
925,0.01,0.1,1.554240e-01
950,0.01,0.1,1.564080e-01
975,0.01,0.1,1.569570e-01
1000,0.01,0.1,1.572700e-01
1025,0.01,0.1,1.574530e-01
1050,0.01,0.1,1.575620e-01
1075,0.01,0.1,1.576290e-01
1100,0.01,0.1,1.576720e-01
1125,0.01,0.1,1.577000e-01
1150,0.01,0.1,1.577200e-01
1175,0.01,0.1,1.577340e-01
1200,0.01,0.1,1.577460e-01
1225,0.01,0.1,1.577560e-01
1250,0.01,0.1,1.577660e-01
1275,0.01,0.1,1.577760e-01
1300,0.01,0.1,1.577870e-01
1325,0.01,0.1,1.578000e-01
1350,0.01,0.1,1.578140e-01
1375,0.01,0.1,1.578310e-01
1400,0.01,0.1,1.578510e-01
1425,0.01,0.1,1.578740e-01
1450,0.01,0.1,1.579010e-01
1475,0.01,0.1,1.579330e-01
1500,0.01,0.1,1.579690e-01
1525,0.01,0.1,1.580110e-01
1550,0.01,0.1,1.580580e-01
1575,0.01,0.1,1.581130e-01
1600,0.01,0.1,1.581740e-01
1625,0.01,0.1,1.582440e-01
1650,0.01,0.1,1.583230e-01
1675,0.01,0.1,1.584100e-01
1700,0.01,0.1,1.585090e-01
1725,0.01,0.1,1.586180e-01
1750,0.01,0.1,1.587390e-01
1775,0.01,0.1,1.588730e-01
1800,0.01,0.1,1.590200e-01
1825,0.01,0.1,1.591820e-01
1850,0.01,0.1,1.593590e-01
1875,0.01,0.1,1.595520e-01
1900,0.01,0.1,1.597620e-01
1925,0.01,0.1,1.599900e-01
1950,0.01,0.1,1.602370e-01
1975,0.01,0.1,1.605030e-01
2000,0.01,0.1,1.607900e-01
2025,0.01,0.1,1.610970e-01
2050,0.01,0.1,1.614260e-01
2075,0.01,0.1,1.617770e-01
2100,0.01,0.1,1.621510e-01
2125,0.01,0.1,1.625470e-01
2150,0.01,0.1,1.629670e-01
2175,0.01,0.1,1.634100e-01
2200,0.01,0.1,1.638750e-01
2225,0.01,0.1,1.643640e-01
2250,0.01,0.1,1.648750e-01
2275,0.01,0.1,1.654080e-01
2300,0.01,0.1,1.659630e-01
2325,0.01,0.1,1.665380e-01
2350,0.01,0.1,1.671330e-01
2375,0.01,0.1,1.677470e-01
2400,0.01,0.1,1.683790e-01
2425,0.01,0.1,1.690290e-01
2450,0.01,0.1,1.696970e-01
2475,0.01,0.1,1.703840e-01
2500,0.01,0.1,1.710910e-01
2525,0.01,0.1,1.718220e-01
2550,0.01,0.1,1.725840e-01
2575,0.01,0.1,1.733840e-01
2600,0.01,0.1,1.742360e-01
2625,0.01,0.1,1.751580e-01
2650,0.01,0.1,1.761770e-01
2675,0.01,0.1,1.773250e-01
2700,0.01,0.1,1.786510e-01
2725,0.01,0.1,1.802170e-01
2750,0.01,0.1,1.821030e-01
2775,0.01,0.1,1.844160e-01
2800,0.01,0.1,1.872940e-01
2825,0.01,0.1,1.909150e-01
2850,0.01,0.1,1.955100e-01
2875,0.01,0.1,2.013730e-01
2900,0.01,0.1,2.088860e-01
2925,0.01,0.1,2.185400e-01
2950,0.01,0.1,2.309700e-01
2975,0.01,0.1,2.470050e-01
3000,0.01,0.1,2.677330e-01
3025,0.01,0.1,2.945990e-01
3050,0.01,0.1,3.295480e-01
3075,0.01,0.1,3.752560e-01
3100,0.01,0.1,4.354830e-01
3125,0.01,0.1,5.156750e-01
3150,0.01,0.1,6.240220e-01
3175,0.01,0.1,7.734270e-01
3200,0.01,0.1,9.854760e-01
3225,0.01,0.1,1.299240e+00
3250,0.01,0.1,1.793510e+00
3275,0.01,0.1,2.654240e+00
3300,0.01,0.1,4.448970e+00
3325,0.01,0.1,1.010030e+01
3350,0.01,0.1,2.000000e+02
3375,0.01,0.1,2.000000e+02
3400,0.01,0.1,2.000000e+02
3425,0.01,0.1,2.000000e+02
3450,0.01,0.1,2.000000e+02
3475,0.01,0.1,2.000000e+02
3500,0.01,0.1,2.000000e+02
3525,0.01,0.1,2.000000e+02
3550,0.01,0.1,2.000000e+02
3575,0.01,0.1,2.000000e+02
3600,0.01,0.1,2.000000e+02
3625,0.01,0.1,2.000000e+02
3650,0.01,0.1,2.000000e+02
3675,0.01,0.1,2.000000e+02
3700,0.01,0.1,2.000000e+02
3725,0.01,0.1,2.000000e+02
3750,0.01,0.1,2.000000e+02
3775,0.01,0.1,2.000000e+02
3800,0.01,0.1,2.000000e+02
3825,0.01,0.1,2.000000e+02
3850,0.01,0.1,2.000000e+02
3875,0.01,0.1,2.000000e+02
3900,0.01,0.1,2.000000e+02
3925,0.01,0.1,2.000000e+02
3950,0.01,0.1,2.000000e+02
3975,0.01,0.1,2.000000e+02
4000,0.01,0.1,2.000000e+02
4025,0.01,0.1,2.000000e+02
4050,0.01,0.1,2.000000e+02
4075,0.01,0.1,2.000000e+02
4100,0.01,0.1,2.000000e+02
4125,0.01,0.1,2.000000e+02
4150,0.01,0.1,2.000000e+02
4175,0.01,0.1,2.000000e+02
4200,0.01,0.1,2.000000e+02
4225,0.01,0.1,2.000000e+02
4250,0.01,0.1,2.000000e+02
4275,0.01,0.1,2.000000e+02
4300,0.01,0.1,2.000000e+02
4325,0.01,0.1,2.000000e+02
4350,0.01,0.1,2.000000e+02
4375,0.01,0.1,2.000000e+02
4400,0.01,0.1,2.000000e+02
4425,0.01,0.1,2.000000e+02
4450,0.01,0.1,2.000000e+02
4475,0.01,0.1,2.000000e+02
4500,0.01,0.1,2.000000e+02
4525,0.01,0.1,2.000000e+02
4550,0.01,0.1,2.000000e+02
4575,0.01,0.1,2.000000e+02
4600,0.01,0.1,2.000000e+02
4625,0.01,0.1,2.000000e+02
4650,0.01,0.1,2.000000e+02
4675,0.01,0.1,2.000000e+02
4700,0.01,0.1,2.000000e+02
4725,0.01,0.1,2.000000e+02
4750,0.01,0.1,2.000000e+02
4775,0.01,0.1,2.000000e+02
4800,0.01,0.1,2.000000e+02
4825,0.01,0.1,2.000000e+02
4850,0.01,0.1,2.000000e+02
4875,0.01,0.1,2.000000e+02
4900,0.01,0.1,2.000000e+02
4925,0.01,0.1,2.000000e+02
4950,0.01,0.1,2.000000e+02
4975,0.01,0.1,2.000000e+02
5000,0.01,0.1,2.000000e+02
300,0.0177828,0.1,1.017860e-02
325,0.0177828,0.1,1.149400e-02
350,0.0177828,0.1,1.307740e-02
375,0.0177828,0.1,1.487030e-02
400,0.0177828,0.1,1.681590e-02
425,0.0177828,0.1,1.886920e-02
450,0.0177828,0.1,2.099980e-02
475,0.0177828,0.1,2.319170e-02
500,0.0177828,0.1,2.544420e-02
525,0.0177828,0.1,2.777920e-02
550,0.0177828,0.1,3.025110e-02
575,0.0177828,0.1,3.295500e-02
600,0.0177828,0.1,3.603110e-02
625,0.0177828,0.1,3.967270e-02
650,0.0177828,0.1,4.415230e-02
675,0.0177828,0.1,4.985960e-02
700,0.0177828,0.1,5.731180e-02
725,0.0177828,0.1,6.707300e-02
750,0.0177828,0.1,7.951370e-02
775,0.0177828,0.1,9.439020e-02
800,0.0177828,0.1,1.104280e-01
825,0.0177828,0.1,1.254500e-01
850,0.0177828,0.1,1.374370e-01
875,0.0177828,0.1,1.456810e-01
900,0.0177828,0.1,1.507690e-01
925,0.0177828,0.1,1.537240e-01
950,0.0177828,0.1,1.554010e-01
975,0.0177828,0.1,1.563540e-01
1000,0.0177828,0.1,1.569020e-01
1025,0.0177828,0.1,1.572230e-01
1050,0.0177828,0.1,1.574160e-01
1075,0.0177828,0.1,1.575350e-01
1100,0.0177828,0.1,1.576100e-01
1125,0.0177828,0.1,1.576580e-01
1150,0.0177828,0.1,1.576910e-01
1175,0.0177828,0.1,1.577140e-01
1200,0.0177828,0.1,1.577320e-01
1225,0.0177828,0.1,1.577460e-01
1250,0.0177828,0.1,1.577590e-01
1275,0.0177828,0.1,1.577710e-01
1300,0.0177828,0.1,1.577830e-01
1325,0.0177828,0.1,1.577970e-01
1350,0.0177828,0.1,1.578120e-01
1375,0.0177828,0.1,1.578300e-01
1400,0.0177828,0.1,1.578500e-01
1425,0.0177828,0.1,1.578730e-01
1450,0.0177828,0.1,1.579010e-01
1475,0.0177828,0.1,1.579320e-01
1500,0.0177828,0.1,1.579690e-01
1525,0.0177828,0.1,1.580100e-01
1550,0.0177828,0.1,1.580580e-01
1575,0.0177828,0.1,1.581130e-01
1600,0.0177828,0.1,1.581740e-01
1625,0.0177828,0.1,1.582440e-01
1650,0.0177828,0.1,1.583230e-01
1675,0.0177828,0.1,1.584100e-01
1700,0.0177828,0.1,1.585090e-01
1725,0.0177828,0.1,1.586180e-01
1750,0.0177828,0.1,1.587390e-01
1775,0.0177828,0.1,1.588730e-01
1800,0.0177828,0.1,1.590210e-01
1825,0.0177828,0.1,1.591830e-01
1850,0.0177828,0.1,1.593600e-01
1875,0.0177828,0.1,1.595540e-01
1900,0.0177828,0.1,1.597650e-01
1925,0.0177828,0.1,1.599940e-01
1950,0.0177828,0.1,1.602420e-01
1975,0.0177828,0.1,1.605090e-01
2000,0.0177828,0.1,1.607970e-01
2025,0.0177828,0.1,1.611070e-01
2050,0.0177828,0.1,1.614390e-01
2075,0.0177828,0.1,1.617940e-01
2100,0.0177828,0.1,1.621720e-01
2125,0.0177828,0.1,1.625730e-01
2150,0.0177828,0.1,1.630000e-01
2175,0.0177828,0.1,1.634510e-01
2200,0.0177828,0.1,1.639260e-01
2225,0.0177828,0.1,1.644270e-01
2250,0.0177828,0.1,1.649520e-01
2275,0.0177828,0.1,1.655030e-01
2300,0.0177828,0.1,1.660770e-01
2325,0.0177828,0.1,1.666750e-01
2350,0.0177828,0.1,1.672960e-01
2375,0.0177828,0.1,1.679400e-01
2400,0.0177828,0.1,1.686060e-01
2425,0.0177828,0.1,1.692930e-01
2450,0.0177828,0.1,1.700000e-01
2475,0.0177828,0.1,1.707280e-01
2500,0.0177828,0.1,1.714780e-01
2525,0.0177828,0.1,1.722490e-01
2550,0.0177828,0.1,1.730450e-01
2575,0.0177828,0.1,1.738700e-01
2600,0.0177828,0.1,1.747290e-01
2625,0.0177828,0.1,1.756330e-01
2650,0.0177828,0.1,1.765930e-01
2675,0.0177828,0.1,1.776290e-01
2700,0.0177828,0.1,1.787660e-01
2725,0.0177828,0.1,1.800370e-01
2750,0.0177828,0.1,1.814870e-01
2775,0.0177828,0.1,1.831750e-01
2800,0.0177828,0.1,1.851770e-01
2825,0.0177828,0.1,1.875930e-01
2850,0.0177828,0.1,1.905500e-01
2875,0.0177828,0.1,1.942120e-01
2900,0.0177828,0.1,1.987880e-01
2925,0.0177828,0.1,2.045450e-01
2950,0.0177828,0.1,2.118240e-01
2975,0.0177828,0.1,2.210610e-01
3000,0.0177828,0.1,2.328130e-01
3025,0.0177828,0.1,2.478020e-01
3050,0.0177828,0.1,2.669610e-01
3075,0.0177828,0.1,2.915170e-01
3100,0.0177828,0.1,3.230970e-01
3125,0.0177828,0.1,3.638970e-01
3150,0.0177828,0.1,4.169470e-01
3175,0.0177828,0.1,4.865260e-01
3200,0.0177828,0.1,5.788800e-01
3225,0.0177828,0.1,7.034930e-01
3250,0.0177828,0.1,8.754950e-01
3275,0.0177828,0.1,1.120620e+00
3300,0.0177828,0.1,1.486450e+00
3325,0.0177828,0.1,2.071910e+00
3350,0.0177828,0.1,3.121640e+00
3375,0.0177828,0.1,5.446880e+00
3400,0.0177828,0.1,1.421980e+01
3425,0.0177828,0.1,2.000000e+02
3450,0.0177828,0.1,2.000000e+02
3475,0.0177828,0.1,2.000000e+02
3500,0.0177828,0.1,2.000000e+02
3525,0.0177828,0.1,2.000000e+02
3550,0.0177828,0.1,2.000000e+02
3575,0.0177828,0.1,2.000000e+02
3600,0.0177828,0.1,2.000000e+02
3625,0.0177828,0.1,2.000000e+02
3650,0.0177828,0.1,2.000000e+02
3675,0.0177828,0.1,2.000000e+02
3700,0.0177828,0.1,2.000000e+02
3725,0.0177828,0.1,2.000000e+02
3750,0.0177828,0.1,2.000000e+02
3775,0.0177828,0.1,2.000000e+02
3800,0.0177828,0.1,2.000000e+02
3825,0.0177828,0.1,2.000000e+02
3850,0.0177828,0.1,2.000000e+02
3875,0.0177828,0.1,2.000000e+02
3900,0.0177828,0.1,2.000000e+02
3925,0.0177828,0.1,2.000000e+02
3950,0.0177828,0.1,2.000000e+02
3975,0.0177828,0.1,2.000000e+02
4000,0.0177828,0.1,2.000000e+02
4025,0.0177828,0.1,2.000000e+02
4050,0.0177828,0.1,2.000000e+02
4075,0.0177828,0.1,2.000000e+02
4100,0.0177828,0.1,2.000000e+02
4125,0.0177828,0.1,2.000000e+02
4150,0.0177828,0.1,2.000000e+02
4175,0.0177828,0.1,2.000000e+02
4200,0.0177828,0.1,2.000000e+02
4225,0.0177828,0.1,2.000000e+02
4250,0.0177828,0.1,2.000000e+02
4275,0.0177828,0.1,2.000000e+02
4300,0.0177828,0.1,2.000000e+02
4325,0.0177828,0.1,2.000000e+02
4350,0.0177828,0.1,2.000000e+02
4375,0.0177828,0.1,2.000000e+02
4400,0.0177828,0.1,2.000000e+02
4425,0.0177828,0.1,2.000000e+02
4450,0.0177828,0.1,2.000000e+02
4475,0.0177828,0.1,2.000000e+02
4500,0.0177828,0.1,2.000000e+02
4525,0.0177828,0.1,2.000000e+02
4550,0.0177828,0.1,2.000000e+02
4575,0.0177828,0.1,2.000000e+02
4600,0.0177828,0.1,2.000000e+02
4625,0.0177828,0.1,2.000000e+02
4650,0.0177828,0.1,2.000000e+02
4675,0.0177828,0.1,2.000000e+02
4700,0.0177828,0.1,2.000000e+02
4725,0.0177828,0.1,2.000000e+02
4750,0.0177828,0.1,2.000000e+02
4775,0.0177828,0.1,2.000000e+02
4800,0.0177828,0.1,2.000000e+02
4825,0.0177828,0.1,2.000000e+02
4850,0.0177828,0.1,2.000000e+02
4875,0.0177828,0.1,2.000000e+02
4900,0.0177828,0.1,2.000000e+02
4925,0.0177828,0.1,2.000000e+02
4950,0.0177828,0.1,2.000000e+02
4975,0.0177828,0.1,2.000000e+02
5000,0.0177828,0.1,2.000000e+02
300,0.0316228,0.1,1.017780e-02
325,0.0316228,0.1,1.149110e-02
350,0.0316228,0.1,1.306890e-02
375,0.0316228,0.1,1.484930e-02
400,0.0316228,0.1,1.677090e-02
425,0.0316228,0.1,1.878350e-02
450,0.0316228,0.1,2.085130e-02
475,0.0316228,0.1,2.295240e-02
500,0.0316228,0.1,2.507890e-02
525,0.0316228,0.1,2.724090e-02
550,0.0316228,0.1,2.947610e-02
575,0.0316228,0.1,3.185980e-02
600,0.0316228,0.1,3.451350e-02
625,0.0316228,0.1,3.761000e-02
650,0.0316228,0.1,4.138470e-02
675,0.0316228,0.1,4.615470e-02
700,0.0316228,0.1,5.233600e-02
725,0.0316228,0.1,6.041900e-02
750,0.0316228,0.1,7.084970e-02
775,0.0316228,0.1,8.377020e-02
800,0.0316228,0.1,9.864870e-02
825,0.0316228,0.1,1.140430e-01
850,0.0316228,0.1,1.279490e-01
875,0.0316228,0.1,1.388020e-01
900,0.0316228,0.1,1.462470e-01
925,0.0316228,0.1,1.509090e-01
950,0.0316228,0.1,1.536840e-01
975,0.0316228,0.1,1.553070e-01
1000,0.0316228,0.1,1.562560e-01
1025,0.0316228,0.1,1.568190e-01
1050,0.0316228,0.1,1.571580e-01
1075,0.0316228,0.1,1.573670e-01
1100,0.0316228,0.1,1.574990e-01
1125,0.0316228,0.1,1.575830e-01
1150,0.0316228,0.1,1.576400e-01
1175,0.0316228,0.1,1.576790e-01
1200,0.0316228,0.1,1.577070e-01
1225,0.0316228,0.1,1.577280e-01
1250,0.0316228,0.1,1.577460e-01
1275,0.0316228,0.1,1.577610e-01
1300,0.0316228,0.1,1.577760e-01
1325,0.0316228,0.1,1.577920e-01
1350,0.0316228,0.1,1.578080e-01
1375,0.0316228,0.1,1.578270e-01
1400,0.0316228,0.1,1.578480e-01
1425,0.0316228,0.1,1.578720e-01
1450,0.0316228,0.1,1.578990e-01
1475,0.0316228,0.1,1.579310e-01
1500,0.0316228,0.1,1.579680e-01
1525,0.0316228,0.1,1.580100e-01
1550,0.0316228,0.1,1.580580e-01
1575,0.0316228,0.1,1.581120e-01
1600,0.0316228,0.1,1.581740e-01
1625,0.0316228,0.1,1.582440e-01
1650,0.0316228,0.1,1.583220e-01
1675,0.0316228,0.1,1.584100e-01
1700,0.0316228,0.1,1.585090e-01
1725,0.0316228,0.1,1.586180e-01
1750,0.0316228,0.1,1.587390e-01
1775,0.0316228,0.1,1.588730e-01
1800,0.0316228,0.1,1.590210e-01
1825,0.0316228,0.1,1.591830e-01
1850,0.0316228,0.1,1.593610e-01
1875,0.0316228,0.1,1.595550e-01
1900,0.0316228,0.1,1.597670e-01
1925,0.0316228,0.1,1.599960e-01
1950,0.0316228,0.1,1.602450e-01
1975,0.0316228,0.1,1.605140e-01
2000,0.0316228,0.1,1.608030e-01
2025,0.0316228,0.1,1.611150e-01
2050,0.0316228,0.1,1.614490e-01
2075,0.0316228,0.1,1.618060e-01
2100,0.0316228,0.1,1.621870e-01
2125,0.0316228,0.1,1.625930e-01
2150,0.0316228,0.1,1.630250e-01
2175,0.0316228,0.1,1.634820e-01
2200,0.0316228,0.1,1.639650e-01
2225,0.0316228,0.1,1.644750e-01
2250,0.0316228,0.1,1.650110e-01
2275,0.0316228,0.1,1.655740e-01
2300,0.0316228,0.1,1.661640e-01
2325,0.0316228,0.1,1.667800e-01
2350,0.0316228,0.1,1.674220e-01
2375,0.0316228,0.1,1.680900e-01
2400,0.0316228,0.1,1.687830e-01
2425,0.0316228,0.1,1.695000e-01
2450,0.0316228,0.1,1.702420e-01
2475,0.0316228,0.1,1.710070e-01
2500,0.0316228,0.1,1.717950e-01
2525,0.0316228,0.1,1.726070e-01
2550,0.0316228,0.1,1.734430e-01
2575,0.0316228,0.1,1.743050e-01
2600,0.0316228,0.1,1.751960e-01
2625,0.0316228,0.1,1.761190e-01
2650,0.0316228,0.1,1.770810e-01
2675,0.0316228,0.1,1.780920e-01
2700,0.0316228,0.1,1.791650e-01
2725,0.0316228,0.1,1.803160e-01
2750,0.0316228,0.1,1.815710e-01
2775,0.0316228,0.1,1.829620e-01
2800,0.0316228,0.1,1.845300e-01
2825,0.0316228,0.1,1.863300e-01
2850,0.0316228,0.1,1.884340e-01
2875,0.0316228,0.1,1.909300e-01
2900,0.0316228,0.1,1.939360e-01
2925,0.0316228,0.1,1.975980e-01
2950,0.0316228,0.1,2.021030e-01
2975,0.0316228,0.1,2.076880e-01
3000,0.0316228,0.1,2.146510e-01
3025,0.0316228,0.1,2.233720e-01
3050,0.0316228,0.1,2.343310e-01
3075,0.0316228,0.1,2.481430e-01
3100,0.0316228,0.1,2.655960e-01
3125,0.0316228,0.1,2.877100e-01
3150,0.0316228,0.1,3.158190e-01
3175,0.0316228,0.1,3.516950e-01
3200,0.0316228,0.1,3.977300e-01
3225,0.0316228,0.1,4.572260e-01
3250,0.0316228,0.1,5.348640e-01
3275,0.0316228,0.1,6.375020e-01
3300,0.0316228,0.1,7.756060e-01
3325,0.0316228,0.1,9.659880e-01
3350,0.0316228,0.1,1.237480e+00
3375,0.0316228,0.1,1.644020e+00
3400,0.0316228,0.1,2.299560e+00
3425,0.0316228,0.1,3.492950e+00
3450,0.0316228,0.1,6.226940e+00
3475,0.0316228,0.1,1.779550e+01
3500,0.0316228,0.1,2.000000e+02
3525,0.0316228,0.1,2.000000e+02
3550,0.0316228,0.1,2.000000e+02
3575,0.0316228,0.1,2.000000e+02
3600,0.0316228,0.1,2.000000e+02
3625,0.0316228,0.1,2.000000e+02
3650,0.0316228,0.1,2.000000e+02
3675,0.0316228,0.1,2.000000e+02
3700,0.0316228,0.1,2.000000e+02
3725,0.0316228,0.1,2.000000e+02
3750,0.0316228,0.1,2.000000e+02
3775,0.0316228,0.1,2.000000e+02
3800,0.0316228,0.1,2.000000e+02
3825,0.0316228,0.1,2.000000e+02
3850,0.0316228,0.1,2.000000e+02
3875,0.0316228,0.1,2.000000e+02
3900,0.0316228,0.1,2.000000e+02
3925,0.0316228,0.1,2.000000e+02
3950,0.0316228,0.1,2.000000e+02
3975,0.0316228,0.1,2.000000e+02
4000,0.0316228,0.1,2.000000e+02
4025,0.0316228,0.1,2.000000e+02
4050,0.0316228,0.1,2.000000e+02
4075,0.0316228,0.1,2.000000e+02
4100,0.0316228,0.1,2.000000e+02
4125,0.0316228,0.1,2.000000e+02
4150,0.0316228,0.1,2.000000e+02
4175,0.0316228,0.1,2.000000e+02
4200,0.0316228,0.1,2.000000e+02
4225,0.0316228,0.1,2.000000e+02
4250,0.0316228,0.1,2.000000e+02
4275,0.0316228,0.1,2.000000e+02
4300,0.0316228,0.1,2.000000e+02
4325,0.0316228,0.1,2.000000e+02
4350,0.0316228,0.1,2.000000e+02
4375,0.0316228,0.1,2.000000e+02
4400,0.0316228,0.1,2.000000e+02
4425,0.0316228,0.1,2.000000e+02
4450,0.0316228,0.1,2.000000e+02
4475,0.0316228,0.1,2.000000e+02
4500,0.0316228,0.1,2.000000e+02
4525,0.0316228,0.1,2.000000e+02
4550,0.0316228,0.1,2.000000e+02
4575,0.0316228,0.1,2.000000e+02
4600,0.0316228,0.1,2.000000e+02
4625,0.0316228,0.1,2.000000e+02
4650,0.0316228,0.1,2.000000e+02
4675,0.0316228,0.1,2.000000e+02
4700,0.0316228,0.1,2.000000e+02
4725,0.0316228,0.1,2.000000e+02
4750,0.0316228,0.1,2.000000e+02
4775,0.0316228,0.1,2.000000e+02
4800,0.0316228,0.1,2.000000e+02
4825,0.0316228,0.1,2.000000e+02
4850,0.0316228,0.1,2.000000e+02
4875,0.0316228,0.1,2.000000e+02
4900,0.0316228,0.1,2.000000e+02
4925,0.0316228,0.1,2.000000e+02
4950,0.0316228,0.1,2.000000e+02
4975,0.0316228,0.1,2.000000e+02
5000,0.0316228,0.1,2.000000e+02
300,0.0562341,0.1,1.017720e-02
325,0.0562341,0.1,1.148890e-02
350,0.0562341,0.1,1.306250e-02
375,0.0562341,0.1,1.483350e-02
400,0.0562341,0.1,1.673710e-02
425,0.0562341,0.1,1.871910e-02
450,0.0562341,0.1,2.073950e-02
475,0.0562341,0.1,2.277240e-02
500,0.0562341,0.1,2.480470e-02
525,0.0562341,0.1,2.683800e-02
550,0.0562341,0.1,2.889550e-02
575,0.0562341,0.1,3.103220e-02
600,0.0562341,0.1,3.334470e-02
625,0.0562341,0.1,3.597950e-02
650,0.0562341,0.1,3.913940e-02
675,0.0562341,0.1,4.309190e-02
700,0.0562341,0.1,4.817980e-02
725,0.0562341,0.1,5.481640e-02
750,0.0562341,0.1,6.343360e-02
775,0.0562341,0.1,7.433980e-02
800,0.0562341,0.1,8.746850e-02
825,0.0562341,0.1,1.020880e-01
850,0.0562341,0.1,1.167250e-01
875,0.0562341,0.1,1.296190e-01
900,0.0562341,0.1,1.395780e-01
925,0.0562341,0.1,1.464530e-01
950,0.0562341,0.1,1.508410e-01
975,0.0562341,0.1,1.535250e-01
1000,0.0562341,0.1,1.551390e-01
1025,0.0562341,0.1,1.561120e-01
1050,0.0562341,0.1,1.567040e-01
1075,0.0562341,0.1,1.570710e-01
1100,0.0562341,0.1,1.573020e-01
1125,0.0562341,0.1,1.574510e-01
1150,0.0562341,0.1,1.575490e-01
1175,0.0562341,0.1,1.576150e-01
1200,0.0562341,0.1,1.576620e-01
1225,0.0562341,0.1,1.576960e-01
1250,0.0562341,0.1,1.577220e-01
1275,0.0562341,0.1,1.577440e-01
1300,0.0562341,0.1,1.577640e-01
1325,0.0562341,0.1,1.577820e-01
1350,0.0562341,0.1,1.578010e-01
1375,0.0562341,0.1,1.578210e-01
1400,0.0562341,0.1,1.578440e-01
1425,0.0562341,0.1,1.578690e-01
1450,0.0562341,0.1,1.578970e-01
1475,0.0562341,0.1,1.579290e-01
1500,0.0562341,0.1,1.579660e-01
1525,0.0562341,0.1,1.580090e-01
1550,0.0562341,0.1,1.580570e-01
1575,0.0562341,0.1,1.581120e-01
1600,0.0562341,0.1,1.581730e-01
1625,0.0562341,0.1,1.582430e-01
1650,0.0562341,0.1,1.583220e-01
1675,0.0562341,0.1,1.584100e-01
1700,0.0562341,0.1,1.585090e-01
1725,0.0562341,0.1,1.586180e-01
1750,0.0562341,0.1,1.587390e-01
1775,0.0562341,0.1,1.588740e-01
1800,0.0562341,0.1,1.590210e-01
1825,0.0562341,0.1,1.591840e-01
1850,0.0562341,0.1,1.593620e-01
1875,0.0562341,0.1,1.595560e-01
1900,0.0562341,0.1,1.597680e-01
1925,0.0562341,0.1,1.599980e-01
1950,0.0562341,0.1,1.602470e-01
1975,0.0562341,0.1,1.605170e-01
2000,0.0562341,0.1,1.608070e-01
2025,0.0562341,0.1,1.611200e-01
2050,0.0562341,0.1,1.614560e-01
2075,0.0562341,0.1,1.618150e-01
2100,0.0562341,0.1,1.621990e-01
2125,0.0562341,0.1,1.626080e-01
2150,0.0562341,0.1,1.630430e-01
2175,0.0562341,0.1,1.635050e-01
2200,0.0562341,0.1,1.639940e-01
2225,0.0562341,0.1,1.645110e-01
2250,0.0562341,0.1,1.650560e-01
2275,0.0562341,0.1,1.656290e-01
2300,0.0562341,0.1,1.662300e-01
2325,0.0562341,0.1,1.668600e-01
2350,0.0562341,0.1,1.675180e-01
2375,0.0562341,0.1,1.682050e-01
2400,0.0562341,0.1,1.689190e-01
2425,0.0562341,0.1,1.696620e-01
2450,0.0562341,0.1,1.704310e-01
2475,0.0562341,0.1,1.712270e-01
2500,0.0562341,0.1,1.720490e-01
2525,0.0562341,0.1,1.728970e-01
2550,0.0562341,0.1,1.737710e-01
2575,0.0562341,0.1,1.746720e-01
2600,0.0562341,0.1,1.756000e-01
2625,0.0562341,0.1,1.765570e-01
2650,0.0562341,0.1,1.775460e-01
2675,0.0562341,0.1,1.785720e-01
2700,0.0562341,0.1,1.796410e-01
2725,0.0562341,0.1,1.807620e-01
2750,0.0562341,0.1,1.819480e-01
2775,0.0562341,0.1,1.832160e-01
2800,0.0562341,0.1,1.845880e-01
2825,0.0562341,0.1,1.860950e-01
2850,0.0562341,0.1,1.877750e-01
2875,0.0562341,0.1,1.896770e-01
2900,0.0562341,0.1,1.918670e-01
2925,0.0562341,0.1,1.944250e-01
2950,0.0562341,0.1,1.974540e-01
2975,0.0562341,0.1,2.010840e-01
3000,0.0562341,0.1,2.054790e-01
3025,0.0562341,0.1,2.108440e-01
3050,0.0562341,0.1,2.174360e-01
3075,0.0562341,0.1,2.255800e-01
3100,0.0562341,0.1,2.356830e-01
3125,0.0562341,0.1,2.482590e-01
3150,0.0562341,0.1,2.639610e-01
3175,0.0562341,0.1,2.836220e-01
3200,0.0562341,0.1,3.083200e-01
3225,0.0562341,0.1,3.394580e-01
3250,0.0562341,0.1,3.788960e-01
3275,0.0562341,0.1,4.291430e-01
3300,0.0562341,0.1,4.936580e-01
3325,0.0562341,0.1,5.773440e-01
3350,0.0562341,0.1,6.873810e-01
3375,0.0562341,0.1,8.347250e-01
3400,0.0562341,0.1,1.036970e+00
3425,0.0562341,0.1,1.324290e+00
3450,0.0562341,0.1,1.753090e+00
3475,0.0562341,0.1,2.442340e+00
3500,0.0562341,0.1,3.692960e+00
3525,0.0562341,0.1,6.544380e+00
3550,0.0562341,0.1,1.843570e+01
3575,0.0562341,0.1,2.000000e+02
3600,0.0562341,0.1,2.000000e+02
3625,0.0562341,0.1,2.000000e+02
3650,0.0562341,0.1,2.000000e+02
3675,0.0562341,0.1,2.000000e+02
3700,0.0562341,0.1,2.000000e+02
3725,0.0562341,0.1,2.000000e+02
3750,0.0562341,0.1,2.000000e+02
3775,0.0562341,0.1,2.000000e+02
3800,0.0562341,0.1,2.000000e+02
3825,0.0562341,0.1,2.000000e+02
3850,0.0562341,0.1,2.000000e+02
3875,0.0562341,0.1,2.000000e+02
3900,0.0562341,0.1,2.000000e+02
3925,0.0562341,0.1,2.000000e+02
3950,0.0562341,0.1,2.000000e+02
3975,0.0562341,0.1,2.000000e+02
4000,0.0562341,0.1,2.000000e+02
4025,0.0562341,0.1,2.000000e+02
4050,0.0562341,0.1,2.000000e+02
4075,0.0562341,0.1,2.000000e+02
4100,0.0562341,0.1,2.000000e+02
4125,0.0562341,0.1,2.000000e+02
4150,0.0562341,0.1,2.000000e+02
4175,0.0562341,0.1,2.000000e+02
4200,0.0562341,0.1,2.000000e+02
4225,0.0562341,0.1,2.000000e+02
4250,0.0562341,0.1,2.000000e+02
4275,0.0562341,0.1,2.000000e+02
4300,0.0562341,0.1,2.000000e+02
4325,0.0562341,0.1,2.000000e+02
4350,0.0562341,0.1,2.000000e+02
4375,0.0562341,0.1,2.000000e+02
4400,0.0562341,0.1,2.000000e+02
4425,0.0562341,0.1,2.000000e+02
4450,0.0562341,0.1,2.000000e+02
4475,0.0562341,0.1,2.000000e+02
4500,0.0562341,0.1,2.000000e+02
4525,0.0562341,0.1,2.000000e+02
4550,0.0562341,0.1,2.000000e+02
4575,0.0562341,0.1,2.000000e+02
4600,0.0562341,0.1,2.000000e+02
4625,0.0562341,0.1,2.000000e+02
4650,0.0562341,0.1,2.000000e+02
4675,0.0562341,0.1,2.000000e+02
4700,0.0562341,0.1,2.000000e+02
4725,0.0562341,0.1,2.000000e+02
4750,0.0562341,0.1,2.000000e+02
4775,0.0562341,0.1,2.000000e+02
4800,0.0562341,0.1,2.000000e+02
4825,0.0562341,0.1,2.000000e+02
4850,0.0562341,0.1,2.000000e+02
4875,0.0562341,0.1,2.000000e+02
4900,0.0562341,0.1,2.000000e+02
4925,0.0562341,0.1,2.000000e+02
4950,0.0562341,0.1,2.000000e+02
4975,0.0562341,0.1,2.000000e+02
5000,0.0562341,0.1,2.000000e+02
300,0.1,0.1,1.017670e-02
325,0.1,0.1,1.148730e-02
350,0.1,0.1,1.305770e-02
375,0.1,0.1,1.482170e-02
400,0.1,0.1,1.671170e-02
425,0.1,0.1,1.867070e-02
450,0.1,0.1,2.065550e-02
475,0.1,0.1,2.263730e-02
500,0.1,0.1,2.459930e-02
525,0.1,0.1,2.653740e-02
550,0.1,0.1,2.846430e-02
575,0.1,0.1,3.041720e-02
600,0.1,0.1,3.246820e-02
625,0.1,0.1,3.473400e-02
650,0.1,0.1,3.738270e-02
675,0.1,0.1,4.064000e-02
700,0.1,0.1,4.479340e-02
725,0.1,0.1,5.019140e-02
750,0.1,0.1,5.722100e-02
775,0.1,0.1,6.623620e-02
800,0.1,0.1,7.740910e-02
825,0.1,0.1,9.050710e-02
850,0.1,0.1,1.046890e-01
875,0.1,0.1,1.185450e-01
900,0.1,0.1,1.305730e-01
925,0.1,0.1,1.398530e-01
950,0.1,0.1,1.463420e-01
975,0.1,0.1,1.505790e-01
1000,0.1,0.1,1.532420e-01
1025,0.1,0.1,1.548910e-01
1050,0.1,0.1,1.559120e-01
1075,0.1,0.1,1.565510e-01
1100,0.1,0.1,1.569550e-01
1125,0.1,0.1,1.572160e-01
1150,0.1,0.1,1.573880e-01
1175,0.1,0.1,1.575030e-01
1200,0.1,0.1,1.575830e-01
1225,0.1,0.1,1.576390e-01
1250,0.1,0.1,1.576810e-01
1275,0.1,0.1,1.577140e-01
1300,0.1,0.1,1.577410e-01
1325,0.1,0.1,1.577660e-01
1350,0.1,0.1,1.577890e-01
1375,0.1,0.1,1.578120e-01
1400,0.1,0.1,1.578360e-01
1425,0.1,0.1,1.578630e-01
1450,0.1,0.1,1.578930e-01
1475,0.1,0.1,1.579260e-01
1500,0.1,0.1,1.579640e-01
1525,0.1,0.1,1.580070e-01
1550,0.1,0.1,1.580550e-01
1575,0.1,0.1,1.581100e-01
1600,0.1,0.1,1.581730e-01
1625,0.1,0.1,1.582430e-01
1650,0.1,0.1,1.583220e-01
1675,0.1,0.1,1.584100e-01
1700,0.1,0.1,1.585080e-01
1725,0.1,0.1,1.586180e-01
1750,0.1,0.1,1.587390e-01
1775,0.1,0.1,1.588740e-01
1800,0.1,0.1,1.590220e-01
1825,0.1,0.1,1.591840e-01
1850,0.1,0.1,1.593620e-01
1875,0.1,0.1,1.595570e-01
1900,0.1,0.1,1.597690e-01
1925,0.1,0.1,1.599990e-01
1950,0.1,0.1,1.602490e-01
1975,0.1,0.1,1.605190e-01
2000,0.1,0.1,1.608110e-01
2025,0.1,0.1,1.611240e-01
2050,0.1,0.1,1.614610e-01
2075,0.1,0.1,1.618220e-01
2100,0.1,0.1,1.622080e-01
2125,0.1,0.1,1.626190e-01
2150,0.1,0.1,1.630570e-01
2175,0.1,0.1,1.635230e-01
2200,0.1,0.1,1.640160e-01
2225,0.1,0.1,1.645380e-01
2250,0.1,0.1,1.650890e-01
2275,0.1,0.1,1.656700e-01
2300,0.1,0.1,1.662800e-01
2325,0.1,0.1,1.669210e-01
2350,0.1,0.1,1.675920e-01
2375,0.1,0.1,1.682930e-01
2400,0.1,0.1,1.690240e-01
2425,0.1,0.1,1.697860e-01
2450,0.1,0.1,1.705770e-01
2475,0.1,0.1,1.713980e-01
2500,0.1,0.1,1.722470e-01
2525,0.1,0.1,1.731260e-01
2550,0.1,0.1,1.740330e-01
2575,0.1,0.1,1.749690e-01
2600,0.1,0.1,1.759330e-01
2625,0.1,0.1,1.769270e-01
2650,0.1,0.1,1.779510e-01
2675,0.1,0.1,1.790070e-01
2700,0.1,0.1,1.800990e-01
2725,0.1,0.1,1.812300e-01
2750,0.1,0.1,1.824080e-01
2775,0.1,0.1,1.836410e-01
2800,0.1,0.1,1.849410e-01
2825,0.1,0.1,1.863230e-01
2850,0.1,0.1,1.878100e-01
2875,0.1,0.1,1.894280e-01
2900,0.1,0.1,1.912130e-01
2925,0.1,0.1,1.932080e-01
2950,0.1,0.1,1.954710e-01
2975,0.1,0.1,1.980740e-01
3000,0.1,0.1,2.011060e-01
3025,0.1,0.1,2.046810e-01
3050,0.1,0.1,2.089390e-01
3075,0.1,0.1,2.140550e-01
3100,0.1,0.1,2.202490e-01
3125,0.1,0.1,2.277910e-01
3150,0.1,0.1,2.370200e-01
3175,0.1,0.1,2.483610e-01
3200,0.1,0.1,2.623460e-01
3225,0.1,0.1,2.796450e-01
3250,0.1,0.1,3.011140e-01
3275,0.1,0.1,3.278490e-01
3300,0.1,0.1,3.612780e-01
3325,0.1,0.1,4.032810e-01
3350,0.1,0.1,4.563900e-01
3375,0.1,0.1,5.240810e-01
3400,0.1,0.1,6.112590e-01
3425,0.1,0.1,7.250750e-01
3450,0.1,0.1,8.763780e-01
3475,0.1,0.1,1.082470e+00
3500,0.1,0.1,1.372700e+00
3525,0.1,0.1,1.801260e+00
3550,0.1,0.1,2.480250e+00
3575,0.1,0.1,3.684670e+00
3600,0.1,0.1,6.311930e+00
3625,0.1,0.1,1.582160e+01
3650,0.1,0.1,2.000000e+02
3675,0.1,0.1,2.000000e+02
3700,0.1,0.1,2.000000e+02
3725,0.1,0.1,2.000000e+02
3750,0.1,0.1,2.000000e+02
3775,0.1,0.1,2.000000e+02
3800,0.1,0.1,2.000000e+02
3825,0.1,0.1,2.000000e+02
3850,0.1,0.1,2.000000e+02
3875,0.1,0.1,2.000000e+02
3900,0.1,0.1,2.000000e+02
3925,0.1,0.1,2.000000e+02
3950,0.1,0.1,2.000000e+02
3975,0.1,0.1,2.000000e+02
4000,0.1,0.1,2.000000e+02
4025,0.1,0.1,2.000000e+02
4050,0.1,0.1,2.000000e+02
4075,0.1,0.1,2.000000e+02
4100,0.1,0.1,2.000000e+02
4125,0.1,0.1,2.000000e+02
4150,0.1,0.1,2.000000e+02
4175,0.1,0.1,2.000000e+02
4200,0.1,0.1,2.000000e+02
4225,0.1,0.1,2.000000e+02
4250,0.1,0.1,2.000000e+02
4275,0.1,0.1,2.000000e+02
4300,0.1,0.1,2.000000e+02
4325,0.1,0.1,2.000000e+02
4350,0.1,0.1,2.000000e+02
4375,0.1,0.1,2.000000e+02
4400,0.1,0.1,2.000000e+02
4425,0.1,0.1,2.000000e+02
4450,0.1,0.1,2.000000e+02
4475,0.1,0.1,2.000000e+02
4500,0.1,0.1,2.000000e+02
4525,0.1,0.1,2.000000e+02
4550,0.1,0.1,2.000000e+02
4575,0.1,0.1,2.000000e+02
4600,0.1,0.1,2.000000e+02
4625,0.1,0.1,2.000000e+02
4650,0.1,0.1,2.000000e+02
4675,0.1,0.1,2.000000e+02
4700,0.1,0.1,2.000000e+02
4725,0.1,0.1,2.000000e+02
4750,0.1,0.1,2.000000e+02
4775,0.1,0.1,2.000000e+02
4800,0.1,0.1,2.000000e+02
4825,0.1,0.1,2.000000e+02
4850,0.1,0.1,2.000000e+02
4875,0.1,0.1,2.000000e+02
4900,0.1,0.1,2.000000e+02
4925,0.1,0.1,2.000000e+02
4950,0.1,0.1,2.000000e+02
4975,0.1,0.1,2.000000e+02
5000,0.1,0.1,2.000000e+02
300,0.177828,0.1,1.017640e-02
325,0.177828,0.1,1.148610e-02
350,0.177828,0.1,1.305410e-02
375,0.177828,0.1,1.481280e-02
400,0.177828,0.1,1.669270e-02
425,0.177828,0.1,1.863430e-02
450,0.177828,0.1,2.059240e-02
475,0.177828,0.1,2.253580e-02
500,0.177828,0.1,2.444550e-02
525,0.177828,0.1,2.631350e-02
550,0.177828,0.1,2.814520e-02
575,0.177828,0.1,2.996470e-02
600,0.177828,0.1,3.182320e-02
625,0.177828,0.1,3.380850e-02
650,0.177828,0.1,3.605380e-02
675,0.177828,0.1,3.874380e-02
700,0.177828,0.1,4.211810e-02
725,0.177828,0.1,4.647070e-02
750,0.177828,0.1,5.213850e-02
775,0.177828,0.1,5.946560e-02
800,0.177828,0.1,6.872190e-02
825,0.177828,0.1,7.996070e-02
850,0.177828,0.1,9.283580e-02
875,0.177828,0.1,1.064740e-01
900,0.177828,0.1,1.195840e-01
925,0.177828,0.1,1.308960e-01
950,0.177828,0.1,1.396820e-01
975,0.177828,0.1,1.459340e-01
1000,0.177828,0.1,1.501200e-01
1025,0.177828,0.1,1.528260e-01
1050,0.177828,0.1,1.545490e-01
1075,0.177828,0.1,1.556450e-01
1100,0.177828,0.1,1.563470e-01
1125,0.177828,0.1,1.568030e-01
1150,0.177828,0.1,1.571030e-01
1175,0.177828,0.1,1.573040e-01
1200,0.177828,0.1,1.574420e-01
1225,0.177828,0.1,1.575390e-01
1250,0.177828,0.1,1.576080e-01
1275,0.177828,0.1,1.576610e-01
1300,0.177828,0.1,1.577020e-01
1325,0.177828,0.1,1.577360e-01
1350,0.177828,0.1,1.577670e-01
1375,0.177828,0.1,1.577950e-01
1400,0.177828,0.1,1.578240e-01
1425,0.177828,0.1,1.578530e-01
1450,0.177828,0.1,1.578850e-01
1475,0.177828,0.1,1.579200e-01
1500,0.177828,0.1,1.579590e-01
1525,0.177828,0.1,1.580030e-01
1550,0.177828,0.1,1.580520e-01
1575,0.177828,0.1,1.581080e-01
1600,0.177828,0.1,1.581710e-01
1625,0.177828,0.1,1.582410e-01
1650,0.177828,0.1,1.583200e-01
1675,0.177828,0.1,1.584090e-01
1700,0.177828,0.1,1.585080e-01
1725,0.177828,0.1,1.586170e-01
1750,0.177828,0.1,1.587390e-01
1775,0.177828,0.1,1.588740e-01
1800,0.177828,0.1,1.590220e-01
1825,0.177828,0.1,1.591840e-01
1850,0.177828,0.1,1.593630e-01
1875,0.177828,0.1,1.595570e-01
1900,0.177828,0.1,1.597700e-01
1925,0.177828,0.1,1.600000e-01
1950,0.177828,0.1,1.602510e-01
1975,0.177828,0.1,1.605210e-01
2000,0.177828,0.1,1.608130e-01
2025,0.177828,0.1,1.611270e-01
2050,0.177828,0.1,1.614650e-01
2075,0.177828,0.1,1.618270e-01
2100,0.177828,0.1,1.622140e-01
2125,0.177828,0.1,1.626280e-01
2150,0.177828,0.1,1.630680e-01
2175,0.177828,0.1,1.635360e-01
2200,0.177828,0.1,1.640330e-01
2225,0.177828,0.1,1.645590e-01
2250,0.177828,0.1,1.651150e-01
2275,0.177828,0.1,1.657010e-01
2300,0.177828,0.1,1.663180e-01
2325,0.177828,0.1,1.669670e-01
2350,0.177828,0.1,1.676470e-01
2375,0.177828,0.1,1.683600e-01
2400,0.177828,0.1,1.691040e-01
2425,0.177828,0.1,1.698810e-01
2450,0.177828,0.1,1.706890e-01
2475,0.177828,0.1,1.715290e-01
2500,0.177828,0.1,1.724010e-01
2525,0.177828,0.1,1.733040e-01
2550,0.177828,0.1,1.742390e-01
2575,0.177828,0.1,1.752040e-01
2600,0.177828,0.1,1.762000e-01
2625,0.177828,0.1,1.772270e-01
2650,0.177828,0.1,1.782850e-01
2675,0.177828,0.1,1.793750e-01
2700,0.177828,0.1,1.804980e-01
2725,0.177828,0.1,1.816560e-01
2750,0.177828,0.1,1.828520e-01
2775,0.177828,0.1,1.840900e-01
2800,0.177828,0.1,1.853780e-01
2825,0.177828,0.1,1.867230e-01
2850,0.177828,0.1,1.881350e-01
2875,0.177828,0.1,1.896310e-01
2900,0.177828,0.1,1.912290e-01
2925,0.177828,0.1,1.929530e-01
2950,0.177828,0.1,1.948340e-01
2975,0.177828,0.1,1.969130e-01
3000,0.177828,0.1,1.992380e-01
3025,0.177828,0.1,2.018730e-01
3050,0.177828,0.1,2.048940e-01
3075,0.177828,0.1,2.083980e-01
3100,0.177828,0.1,2.125040e-01
3125,0.177828,0.1,2.173600e-01
3150,0.177828,0.1,2.231470e-01
3175,0.177828,0.1,2.300910e-01
3200,0.177828,0.1,2.384690e-01
3225,0.177828,0.1,2.486250e-01
3250,0.177828,0.1,2.609870e-01
3275,0.177828,0.1,2.760870e-01
3300,0.177828,0.1,2.945950e-01
3325,0.177828,0.1,3.173570e-01
3350,0.177828,0.1,3.454560e-01
3375,0.177828,0.1,3.802890e-01
3400,0.177828,0.1,4.236920e-01
3425,0.177828,0.1,4.781190e-01
3450,0.177828,0.1,5.469150e-01
3475,0.177828,0.1,6.347680e-01
3500,0.177828,0.1,7.484490e-01
3525,0.177828,0.1,8.981130e-01
3550,0.177828,0.1,1.099720e+00
3575,0.177828,0.1,1.379870e+00
3600,0.177828,0.1,1.786450e+00
3625,0.177828,0.1,2.415050e+00
3650,0.177828,0.1,3.487830e+00
3675,0.177828,0.1,5.663030e+00
3700,0.177828,0.1,1.209130e+01
3725,0.177828,0.1,1.645410e+02
3750,0.177828,0.1,2.000000e+02
3775,0.177828,0.1,2.000000e+02
3800,0.177828,0.1,2.000000e+02
3825,0.177828,0.1,2.000000e+02
3850,0.177828,0.1,2.000000e+02
3875,0.177828,0.1,2.000000e+02
3900,0.177828,0.1,2.000000e+02
3925,0.177828,0.1,2.000000e+02
3950,0.177828,0.1,2.000000e+02
3975,0.177828,0.1,2.000000e+02
4000,0.177828,0.1,2.000000e+02
4025,0.177828,0.1,2.000000e+02
4050,0.177828,0.1,2.000000e+02
4075,0.177828,0.1,2.000000e+02
4100,0.177828,0.1,2.000000e+02
4125,0.177828,0.1,2.000000e+02
4150,0.177828,0.1,2.000000e+02
4175,0.177828,0.1,2.000000e+02
4200,0.177828,0.1,2.000000e+02
4225,0.177828,0.1,2.000000e+02
4250,0.177828,0.1,2.000000e+02
4275,0.177828,0.1,2.000000e+02
4300,0.177828,0.1,2.000000e+02
4325,0.177828,0.1,2.000000e+02
4350,0.177828,0.1,2.000000e+02
4375,0.177828,0.1,2.000000e+02
4400,0.177828,0.1,2.000000e+02
4425,0.177828,0.1,2.000000e+02
4450,0.177828,0.1,2.000000e+02
4475,0.177828,0.1,2.000000e+02
4500,0.177828,0.1,2.000000e+02
4525,0.177828,0.1,2.000000e+02
4550,0.177828,0.1,2.000000e+02
4575,0.177828,0.1,2.000000e+02
4600,0.177828,0.1,2.000000e+02
4625,0.177828,0.1,2.000000e+02
4650,0.177828,0.1,2.000000e+02
4675,0.177828,0.1,2.000000e+02
4700,0.177828,0.1,2.000000e+02
4725,0.177828,0.1,2.000000e+02
4750,0.177828,0.1,2.000000e+02
4775,0.177828,0.1,2.000000e+02
4800,0.177828,0.1,2.000000e+02
4825,0.177828,0.1,2.000000e+02
4850,0.177828,0.1,2.000000e+02
4875,0.177828,0.1,2.000000e+02
4900,0.177828,0.1,2.000000e+02
4925,0.177828,0.1,2.000000e+02
4950,0.177828,0.1,2.000000e+02
4975,0.177828,0.1,2.000000e+02
5000,0.177828,0.1,2.000000e+02
300,0.316228,0.1,1.017610e-02
325,0.316228,0.1,1.148520e-02
350,0.316228,0.1,1.305140e-02
375,0.316228,0.1,1.480610e-02
400,0.316228,0.1,1.667840e-02
425,0.316228,0.1,1.860700e-02
450,0.316228,0.1,2.054510e-02
475,0.316228,0.1,2.245970e-02
500,0.316228,0.1,2.433030e-02
525,0.316228,0.1,2.614670e-02
550,0.316228,0.1,2.790940e-02
575,0.316228,0.1,2.963330e-02
600,0.316228,0.1,3.135370e-02
625,0.316228,0.1,3.313420e-02
650,0.316228,0.1,3.507590e-02
675,0.316228,0.1,3.732400e-02
700,0.316228,0.1,4.007310e-02
725,0.316228,0.1,4.356710e-02
750,0.316228,0.1,4.809370e-02
775,0.316228,0.1,5.396500e-02
800,0.316228,0.1,6.147390e-02
825,0.316228,0.1,7.081100e-02
850,0.316228,0.1,8.193790e-02
875,0.316228,0.1,9.444580e-02
900,0.316228,0.1,1.074870e-01
925,0.316228,0.1,1.199140e-01
950,0.316228,0.1,1.306490e-01
975,0.316228,0.1,1.390910e-01
1000,0.316228,0.1,1.452290e-01
1025,0.316228,0.1,1.494490e-01
1050,0.316228,0.1,1.522560e-01
1075,0.316228,0.1,1.540930e-01
1100,0.316228,0.1,1.552930e-01
1125,0.316228,0.1,1.560810e-01
1150,0.316228,0.1,1.566030e-01
1175,0.316228,0.1,1.569540e-01
1200,0.316228,0.1,1.571940e-01
1225,0.316228,0.1,1.573600e-01
1250,0.316228,0.1,1.574790e-01
1275,0.316228,0.1,1.575660e-01
1300,0.316228,0.1,1.576320e-01
1325,0.316228,0.1,1.576840e-01
1350,0.316228,0.1,1.577270e-01
1375,0.316228,0.1,1.577650e-01
1400,0.316228,0.1,1.578010e-01
1425,0.316228,0.1,1.578360e-01
1450,0.316228,0.1,1.578720e-01
1475,0.316228,0.1,1.579100e-01
1500,0.316228,0.1,1.579510e-01
1525,0.316228,0.1,1.579970e-01
1550,0.316228,0.1,1.580470e-01
1575,0.316228,0.1,1.581040e-01
1600,0.316228,0.1,1.581680e-01
1625,0.316228,0.1,1.582390e-01
1650,0.316228,0.1,1.583190e-01
1675,0.316228,0.1,1.584080e-01
1700,0.316228,0.1,1.585070e-01
1725,0.316228,0.1,1.586170e-01
1750,0.316228,0.1,1.587390e-01
1775,0.316228,0.1,1.588730e-01
1800,0.316228,0.1,1.590210e-01
1825,0.316228,0.1,1.591840e-01
1850,0.316228,0.1,1.593630e-01
1875,0.316228,0.1,1.595580e-01
1900,0.316228,0.1,1.597700e-01
1925,0.316228,0.1,1.600010e-01
1950,0.316228,0.1,1.602520e-01
1975,0.316228,0.1,1.605230e-01
2000,0.316228,0.1,1.608150e-01
2025,0.316228,0.1,1.611300e-01
2050,0.316228,0.1,1.614680e-01
2075,0.316228,0.1,1.618310e-01
2100,0.316228,0.1,1.622200e-01
2125,0.316228,0.1,1.626340e-01
2150,0.316228,0.1,1.630760e-01
2175,0.316228,0.1,1.635460e-01
2200,0.316228,0.1,1.640460e-01
2225,0.316228,0.1,1.645740e-01
2250,0.316228,0.1,1.651340e-01
2275,0.316228,0.1,1.657250e-01
2300,0.316228,0.1,1.663470e-01
2325,0.316228,0.1,1.670020e-01
2350,0.316228,0.1,1.676900e-01
2375,0.316228,0.1,1.684100e-01
2400,0.316228,0.1,1.691650e-01
2425,0.316228,0.1,1.699530e-01
2450,0.316228,0.1,1.707740e-01
2475,0.316228,0.1,1.716300e-01
2500,0.316228,0.1,1.725190e-01
2525,0.316228,0.1,1.734420e-01
2550,0.316228,0.1,1.743980e-01
2575,0.316228,0.1,1.753870e-01
2600,0.316228,0.1,1.764100e-01
2625,0.316228,0.1,1.774650e-01
2650,0.316228,0.1,1.785530e-01
2675,0.316228,0.1,1.796740e-01
2700,0.316228,0.1,1.808280e-01
2725,0.316228,0.1,1.820160e-01
2750,0.316228,0.1,1.832400e-01
2775,0.316228,0.1,1.845010e-01
2800,0.316228,0.1,1.858030e-01
2825,0.316228,0.1,1.871490e-01
2850,0.316228,0.1,1.885460e-01
2875,0.316228,0.1,1.900010e-01
2900,0.316228,0.1,1.915250e-01
2925,0.316228,0.1,1.931300e-01
2950,0.316228,0.1,1.948330e-01
2975,0.316228,0.1,1.966570e-01
3000,0.316228,0.1,1.986290e-01
3025,0.316228,0.1,2.007820e-01
3050,0.316228,0.1,2.031600e-01
3075,0.316228,0.1,2.058170e-01
3100,0.316228,0.1,2.088170e-01
3125,0.316228,0.1,2.122410e-01
3150,0.316228,0.1,2.161910e-01
3175,0.316228,0.1,2.207860e-01
3200,0.316228,0.1,2.261790e-01
3225,0.316228,0.1,2.325500e-01
3250,0.316228,0.1,2.401260e-01
3275,0.316228,0.1,2.491820e-01
3300,0.316228,0.1,2.600550e-01
3325,0.316228,0.1,2.731660e-01
3350,0.316228,0.1,2.890300e-01
3375,0.316228,0.1,3.082950e-01
3400,0.316228,0.1,3.317730e-01
3425,0.316228,0.1,3.604950e-01
3450,0.316228,0.1,3.957870e-01
3475,0.316228,0.1,4.393720e-01
3500,0.316228,0.1,4.935370e-01
3525,0.316228,0.1,5.613730e-01
3550,0.316228,0.1,6.471580e-01
3575,0.316228,0.1,7.569940e-01
3600,0.316228,0.1,8.998840e-01
3625,0.316228,0.1,1.089690e+00
3650,0.316228,0.1,1.348950e+00
3675,0.316228,0.1,1.716810e+00
3700,0.316228,0.1,2.267900e+00
3725,0.316228,0.1,3.163740e+00
3750,0.316228,0.1,4.829810e+00
3775,0.316228,0.1,8.852540e+00
3800,0.316228,0.1,2.975730e+01
3825,0.316228,0.1,2.000000e+02
3850,0.316228,0.1,2.000000e+02
3875,0.316228,0.1,2.000000e+02
3900,0.316228,0.1,2.000000e+02
3925,0.316228,0.1,2.000000e+02
3950,0.316228,0.1,2.000000e+02
3975,0.316228,0.1,2.000000e+02
4000,0.316228,0.1,2.000000e+02
4025,0.316228,0.1,2.000000e+02
4050,0.316228,0.1,2.000000e+02
4075,0.316228,0.1,2.000000e+02
4100,0.316228,0.1,2.000000e+02
4125,0.316228,0.1,2.000000e+02
4150,0.316228,0.1,2.000000e+02
4175,0.316228,0.1,2.000000e+02
4200,0.316228,0.1,2.000000e+02
4225,0.316228,0.1,2.000000e+02
4250,0.316228,0.1,2.000000e+02
4275,0.316228,0.1,2.000000e+02
4300,0.316228,0.1,2.000000e+02
4325,0.316228,0.1,2.000000e+02
4350,0.316228,0.1,2.000000e+02
4375,0.316228,0.1,2.000000e+02
4400,0.316228,0.1,2.000000e+02
4425,0.316228,0.1,2.000000e+02
4450,0.316228,0.1,2.000000e+02
4475,0.316228,0.1,2.000000e+02
4500,0.316228,0.1,2.000000e+02
4525,0.316228,0.1,2.000000e+02
4550,0.316228,0.1,2.000000e+02
4575,0.316228,0.1,2.000000e+02
4600,0.316228,0.1,2.000000e+02
4625,0.316228,0.1,2.000000e+02
4650,0.316228,0.1,2.000000e+02
4675,0.316228,0.1,2.000000e+02
4700,0.316228,0.1,2.000000e+02
4725,0.316228,0.1,2.000000e+02
4750,0.316228,0.1,2.000000e+02
4775,0.316228,0.1,2.000000e+02
4800,0.316228,0.1,2.000000e+02
4825,0.316228,0.1,2.000000e+02
4850,0.316228,0.1,2.000000e+02
4875,0.316228,0.1,2.000000e+02
4900,0.316228,0.1,2.000000e+02
4925,0.316228,0.1,2.000000e+02
4950,0.316228,0.1,2.000000e+02
4975,0.316228,0.1,2.000000e+02
5000,0.316228,0.1,2.000000e+02
300,0.562341,0.1,1.017590e-02
325,0.562341,0.1,1.148450e-02
350,0.562341,0.1,1.304940e-02
375,0.562341,0.1,1.480110e-02
400,0.562341,0.1,1.666770e-02
425,0.562341,0.1,1.858660e-02
450,0.562341,0.1,2.050950e-02
475,0.562341,0.1,2.240260e-02
500,0.562341,0.1,2.424420e-02
525,0.562341,0.1,2.602240e-02
550,0.562341,0.1,2.773510e-02
575,0.562341,0.1,2.939090e-02
600,0.562341,0.1,3.101370e-02
625,0.562341,0.1,3.264880e-02
650,0.562341,0.1,3.437040e-02
675,0.562341,0.1,3.628910e-02
700,0.562341,0.1,3.855700e-02
725,0.562341,0.1,4.137120e-02
750,0.562341,0.1,4.497070e-02
775,0.562341,0.1,4.962680e-02
800,0.562341,0.1,5.561880e-02
825,0.562341,0.1,6.318660e-02
850,0.562341,0.1,7.245380e-02
875,0.562341,0.1,8.332050e-02
900,0.562341,0.1,9.535900e-02
925,0.562341,0.1,1.077850e-01
950,0.562341,0.1,1.195960e-01
975,0.562341,0.1,1.298720e-01
1000,0.562341,0.1,1.380910e-01
1025,0.562341,0.1,1.442120e-01
1050,0.562341,0.1,1.485410e-01
1075,0.562341,0.1,1.515040e-01
1100,0.562341,0.1,1.534980e-01
1125,0.562341,0.1,1.548340e-01
1150,0.562341,0.1,1.557320e-01
1175,0.562341,0.1,1.563400e-01
1200,0.562341,0.1,1.567560e-01
1225,0.562341,0.1,1.570460e-01
1250,0.562341,0.1,1.572510e-01
1275,0.562341,0.1,1.573980e-01
1300,0.562341,0.1,1.575080e-01
1325,0.562341,0.1,1.575910e-01
1350,0.562341,0.1,1.576570e-01
1375,0.562341,0.1,1.577120e-01
1400,0.562341,0.1,1.577600e-01
1425,0.562341,0.1,1.578050e-01
1450,0.562341,0.1,1.578470e-01
1475,0.562341,0.1,1.578910e-01
1500,0.562341,0.1,1.579360e-01
1525,0.562341,0.1,1.579850e-01
1550,0.562341,0.1,1.580380e-01
1575,0.562341,0.1,1.580970e-01
1600,0.562341,0.1,1.581620e-01
1625,0.562341,0.1,1.582350e-01
1650,0.562341,0.1,1.583150e-01
1675,0.562341,0.1,1.584050e-01
1700,0.562341,0.1,1.585050e-01
1725,0.562341,0.1,1.586150e-01
1750,0.562341,0.1,1.587370e-01
1775,0.562341,0.1,1.588720e-01
1800,0.562341,0.1,1.590210e-01
1825,0.562341,0.1,1.591840e-01
1850,0.562341,0.1,1.593630e-01
1875,0.562341,0.1,1.595580e-01
1900,0.562341,0.1,1.597710e-01
1925,0.562341,0.1,1.600020e-01
1950,0.562341,0.1,1.602530e-01
1975,0.562341,0.1,1.605240e-01
2000,0.562341,0.1,1.608170e-01
2025,0.562341,0.1,1.611320e-01
2050,0.562341,0.1,1.614710e-01
2075,0.562341,0.1,1.618340e-01
2100,0.562341,0.1,1.622240e-01
2125,0.562341,0.1,1.626390e-01
2150,0.562341,0.1,1.630820e-01
2175,0.562341,0.1,1.635540e-01
2200,0.562341,0.1,1.640550e-01
2225,0.562341,0.1,1.645860e-01
2250,0.562341,0.1,1.651490e-01
2275,0.562341,0.1,1.657420e-01
2300,0.562341,0.1,1.663690e-01
2325,0.562341,0.1,1.670280e-01
2350,0.562341,0.1,1.677220e-01
2375,0.562341,0.1,1.684490e-01
2400,0.562341,0.1,1.692110e-01
2425,0.562341,0.1,1.700070e-01
2450,0.562341,0.1,1.708390e-01
2475,0.562341,0.1,1.717060e-01
2500,0.562341,0.1,1.726090e-01
2525,0.562341,0.1,1.735470e-01
2550,0.562341,0.1,1.745200e-01
2575,0.562341,0.1,1.755290e-01
2600,0.562341,0.1,1.765720e-01
2625,0.562341,0.1,1.776500e-01
2650,0.562341,0.1,1.787630e-01
2675,0.562341,0.1,1.799110e-01
2700,0.562341,0.1,1.810930e-01
2725,0.562341,0.1,1.823100e-01
2750,0.562341,0.1,1.835620e-01
2775,0.562341,0.1,1.848500e-01
2800,0.562341,0.1,1.861750e-01
2825,0.562341,0.1,1.875400e-01
2850,0.562341,0.1,1.889470e-01
2875,0.562341,0.1,1.904010e-01
2900,0.562341,0.1,1.919050e-01
2925,0.562341,0.1,1.934680e-01
2950,0.562341,0.1,1.950990e-01
2975,0.562341,0.1,1.968090e-01
3000,0.562341,0.1,1.986130e-01
3025,0.562341,0.1,2.005300e-01
3050,0.562341,0.1,2.025840e-01
3075,0.562341,0.1,2.048040e-01
3100,0.562341,0.1,2.072270e-01
3125,0.562341,0.1,2.098970e-01
3150,0.562341,0.1,2.128700e-01
3175,0.562341,0.1,2.162130e-01
3200,0.562341,0.1,2.200070e-01
3225,0.562341,0.1,2.243540e-01
3250,0.562341,0.1,2.293740e-01
3275,0.562341,0.1,2.352150e-01
3300,0.562341,0.1,2.420560e-01
3325,0.562341,0.1,2.501160e-01
3350,0.562341,0.1,2.596590e-01
3375,0.562341,0.1,2.710100e-01
3400,0.562341,0.1,2.845660e-01
3425,0.562341,0.1,3.008160e-01
3450,0.562341,0.1,3.203660e-01
3475,0.562341,0.1,3.439700e-01
3500,0.562341,0.1,3.725820e-01
3525,0.562341,0.1,4.074130e-01
3550,0.562341,0.1,4.500290e-01
3575,0.562341,0.1,5.024810e-01
3600,0.562341,0.1,5.675100e-01
3625,0.562341,0.1,6.488600e-01
3650,0.562341,0.1,7.517780e-01
3675,0.562341,0.1,8.838540e-01
3700,0.562341,0.1,1.056490e+00
3725,0.562341,0.1,1.287640e+00
3750,0.562341,0.1,1.607290e+00
3775,0.562341,0.1,2.069510e+00
3800,0.562341,0.1,2.782550e+00
3825,0.562341,0.1,3.998720e+00
3850,0.562341,0.1,6.469160e+00
3875,0.562341,0.1,1.382270e+01
3900,0.562341,0.1,2.000000e+02
3925,0.562341,0.1,2.000000e+02
3950,0.562341,0.1,2.000000e+02
3975,0.562341,0.1,2.000000e+02
4000,0.562341,0.1,2.000000e+02
4025,0.562341,0.1,2.000000e+02
4050,0.562341,0.1,2.000000e+02
4075,0.562341,0.1,2.000000e+02
4100,0.562341,0.1,2.000000e+02
4125,0.562341,0.1,2.000000e+02
4150,0.562341,0.1,2.000000e+02
4175,0.562341,0.1,2.000000e+02
4200,0.562341,0.1,2.000000e+02
4225,0.562341,0.1,2.000000e+02
4250,0.562341,0.1,2.000000e+02
4275,0.562341,0.1,2.000000e+02
4300,0.562341,0.1,2.000000e+02
4325,0.562341,0.1,2.000000e+02
4350,0.562341,0.1,2.000000e+02
4375,0.562341,0.1,2.000000e+02
4400,0.562341,0.1,2.000000e+02
4425,0.562341,0.1,2.000000e+02
4450,0.562341,0.1,2.000000e+02
4475,0.562341,0.1,2.000000e+02
4500,0.562341,0.1,2.000000e+02
4525,0.562341,0.1,2.000000e+02
4550,0.562341,0.1,2.000000e+02
4575,0.562341,0.1,2.000000e+02
4600,0.562341,0.1,2.000000e+02
4625,0.562341,0.1,2.000000e+02
4650,0.562341,0.1,2.000000e+02
4675,0.562341,0.1,2.000000e+02
4700,0.562341,0.1,2.000000e+02
4725,0.562341,0.1,2.000000e+02
4750,0.562341,0.1,2.000000e+02
4775,0.562341,0.1,2.000000e+02
4800,0.562341,0.1,2.000000e+02
4825,0.562341,0.1,2.000000e+02
4850,0.562341,0.1,2.000000e+02
4875,0.562341,0.1,2.000000e+02
4900,0.562341,0.1,2.000000e+02
4925,0.562341,0.1,2.000000e+02
4950,0.562341,0.1,2.000000e+02
4975,0.562341,0.1,2.000000e+02
5000,0.562341,0.1,2.000000e+02
300,1,0.1,1.017580e-02
325,1,0.1,1.148400e-02
350,1,0.1,1.304780e-02
375,1,0.1,1.479740e-02
400,1,0.1,1.665970e-02
425,1,0.1,1.857120e-02
450,1,0.1,2.048280e-02
475,1,0.1,2.235980e-02
500,1,0.1,2.417960e-02
525,1,0.1,2.592980e-02
550,1,0.1,2.760600e-02
575,1,0.1,2.921320e-02
600,1,0.1,3.076760e-02
625,1,0.1,3.230120e-02
650,1,0.1,3.386770e-02
675,1,0.1,3.554890e-02
700,1,0.1,3.746070e-02
725,1,0.1,3.975700e-02
750,1,0.1,4.263040e-02
775,1,0.1,4.630750e-02
800,1,0.1,5.103600e-02
825,1,0.1,5.705830e-02
850,1,0.1,6.456590e-02
875,1,0.1,7.363060e-02
900,1,0.1,8.411910e-02
925,1,0.1,9.561790e-02
950,1,0.1,1.074270e-01
975,1,0.1,1.186810e-01
1000,1,0.1,1.285890e-01
1025,1,0.1,1.366750e-01
1050,1,0.1,1.428580e-01
1075,1,0.1,1.473600e-01
1100,1,0.1,1.505330e-01
1125,1,0.1,1.527290e-01
1150,1,0.1,1.542380e-01
1175,1,0.1,1.552760e-01
1200,1,0.1,1.559930e-01
1225,1,0.1,1.564940e-01
1250,1,0.1,1.568480e-01
1275,1,0.1,1.571020e-01
1300,1,0.1,1.572880e-01
1325,1,0.1,1.574270e-01
1350,1,0.1,1.575330e-01
1375,1,0.1,1.576180e-01
1400,1,0.1,1.576880e-01
1425,1,0.1,1.577490e-01
1450,1,0.1,1.578050e-01
1475,1,0.1,1.578580e-01
1500,1,0.1,1.579110e-01
1525,1,0.1,1.579650e-01
1550,1,0.1,1.580230e-01
1575,1,0.1,1.580850e-01
1600,1,0.1,1.581530e-01
1625,1,0.1,1.582270e-01
1650,1,0.1,1.583090e-01
1675,1,0.1,1.584000e-01
1700,1,0.1,1.585010e-01
1725,1,0.1,1.586120e-01
1750,1,0.1,1.587350e-01
1775,1,0.1,1.588710e-01
1800,1,0.1,1.590200e-01
1825,1,0.1,1.591830e-01
1850,1,0.1,1.593620e-01
1875,1,0.1,1.595580e-01
1900,1,0.1,1.597710e-01
1925,1,0.1,1.600020e-01
1950,1,0.1,1.602530e-01
1975,1,0.1,1.605250e-01
2000,1,0.1,1.608180e-01
2025,1,0.1,1.611340e-01
2050,1,0.1,1.614730e-01
2075,1,0.1,1.618370e-01
2100,1,0.1,1.622270e-01
2125,1,0.1,1.626430e-01
2150,1,0.1,1.630870e-01
2175,1,0.1,1.635600e-01
2200,1,0.1,1.640630e-01
2225,1,0.1,1.645950e-01
2250,1,0.1,1.651600e-01
2275,1,0.1,1.657560e-01
2300,1,0.1,1.663850e-01
2325,1,0.1,1.670480e-01
2350,1,0.1,1.677460e-01
2375,1,0.1,1.684780e-01
2400,1,0.1,1.692460e-01
2425,1,0.1,1.700490e-01
2450,1,0.1,1.708890e-01
2475,1,0.1,1.717650e-01
2500,1,0.1,1.726770e-01
2525,1,0.1,1.736270e-01
2550,1,0.1,1.746140e-01
2575,1,0.1,1.756370e-01
2600,1,0.1,1.766970e-01
2625,1,0.1,1.777930e-01
2650,1,0.1,1.789270e-01
2675,1,0.1,1.800960e-01
2700,1,0.1,1.813010e-01
2725,1,0.1,1.825430e-01
2750,1,0.1,1.838200e-01
2775,1,0.1,1.851340e-01
2800,1,0.1,1.864850e-01
2825,1,0.1,1.878730e-01
2850,1,0.1,1.893000e-01
2875,1,0.1,1.907680e-01
2900,1,0.1,1.922790e-01
2925,1,0.1,1.938370e-01
2950,1,0.1,1.954460e-01
2975,1,0.1,1.971130e-01
3000,1,0.1,1.988460e-01
3025,1,0.1,2.006560e-01
3050,1,0.1,2.025540e-01
3075,1,0.1,2.045580e-01
3100,1,0.1,2.066870e-01
3125,1,0.1,2.089660e-01
3150,1,0.1,2.114270e-01
3175,1,0.1,2.141050e-01
3200,1,0.1,2.170480e-01
3225,1,0.1,2.203090e-01
3250,1,0.1,2.239560e-01
3275,1,0.1,2.280700e-01
3300,1,0.1,2.327490e-01
3325,1,0.1,2.381090e-01
3350,1,0.1,2.442920e-01
3375,1,0.1,2.514700e-01
3400,1,0.1,2.598470e-01
3425,1,0.1,2.696740e-01
3450,1,0.1,2.812510e-01
3475,1,0.1,2.949470e-01
3500,1,0.1,3.112090e-01
3525,1,0.1,3.305880e-01
3550,1,0.1,3.537680e-01
3575,1,0.1,3.816010e-01
3600,1,0.1,4.151610e-01
3625,1,0.1,4.558210e-01
3650,1,0.1,5.053600e-01
3675,1,0.1,5.661190e-01
3700,1,0.1,6.412470e-01
3725,1,0.1,7.350700e-01
3750,1,0.1,8.537090e-01
3775,1,0.1,1.006110e+00
3800,1,0.1,1.205860e+00
3825,1,0.1,1.474700e+00
3850,1,0.1,1.849660e+00
3875,1,0.1,2.399200e+00
3900,1,0.1,3.265470e+00
3925,1,0.1,4.798380e+00
3950,1,0.1,8.145280e+00
3975,1,0.1,2.034740e+01
4000,1,0.1,2.000000e+02
4025,1,0.1,2.000000e+02
4050,1,0.1,2.000000e+02
4075,1,0.1,2.000000e+02
4100,1,0.1,2.000000e+02
4125,1,0.1,2.000000e+02
4150,1,0.1,2.000000e+02
4175,1,0.1,2.000000e+02
4200,1,0.1,2.000000e+02
4225,1,0.1,2.000000e+02
4250,1,0.1,2.000000e+02
4275,1,0.1,2.000000e+02
4300,1,0.1,2.000000e+02
4325,1,0.1,2.000000e+02
4350,1,0.1,2.000000e+02
4375,1,0.1,2.000000e+02
4400,1,0.1,2.000000e+02
4425,1,0.1,2.000000e+02
4450,1,0.1,2.000000e+02
4475,1,0.1,2.000000e+02
4500,1,0.1,2.000000e+02
4525,1,0.1,2.000000e+02
4550,1,0.1,2.000000e+02
4575,1,0.1,2.000000e+02
4600,1,0.1,2.000000e+02
4625,1,0.1,2.000000e+02
4650,1,0.1,2.000000e+02
4675,1,0.1,2.000000e+02
4700,1,0.1,2.000000e+02
4725,1,0.1,2.000000e+02
4750,1,0.1,2.000000e+02
4775,1,0.1,2.000000e+02
4800,1,0.1,2.000000e+02
4825,1,0.1,2.000000e+02
4850,1,0.1,2.000000e+02
4875,1,0.1,2.000000e+02
4900,1,0.1,2.000000e+02
4925,1,0.1,2.000000e+02
4950,1,0.1,2.000000e+02
4975,1,0.1,2.000000e+02
5000,1,0.1,2.000000e+02
300,1.77828,0.1,1.017570e-02
325,1.77828,0.1,1.148360e-02
350,1.77828,0.1,1.304670e-02
375,1.77828,0.1,1.479460e-02
400,1.77828,0.1,1.665360e-02
425,1.77828,0.1,1.855970e-02
450,1.77828,0.1,2.046280e-02
475,1.77828,0.1,2.232770e-02
500,1.77828,0.1,2.413130e-02
525,1.77828,0.1,2.586060e-02
550,1.77828,0.1,2.751020e-02
575,1.77828,0.1,2.908270e-02
600,1.77828,0.1,3.058910e-02
625,1.77828,0.1,3.205240e-02
650,1.77828,0.1,3.351120e-02
675,1.77828,0.1,3.502560e-02
700,1.77828,0.1,3.668180e-02
725,1.77828,0.1,3.859710e-02
750,1.77828,0.1,4.092170e-02
775,1.77828,0.1,4.383830e-02
800,1.77828,0.1,4.755540e-02
825,1.77828,0.1,5.229290e-02
850,1.77828,0.1,5.825670e-02
875,1.77828,0.1,6.559640e-02
900,1.77828,0.1,7.434840e-02
925,1.77828,0.1,8.436850e-02
950,1.77828,0.1,9.527940e-02
975,1.77828,0.1,1.064740e-01
1000,1.77828,0.1,1.172150e-01
1025,1.77828,0.1,1.268150e-01
1050,1.77828,0.1,1.348300e-01
1075,1.77828,0.1,1.411330e-01
1100,1.77828,0.1,1.458630e-01
1125,1.77828,0.1,1.492980e-01
1150,1.77828,0.1,1.517430e-01
1175,1.77828,0.1,1.534670e-01
1200,1.77828,0.1,1.546800e-01
1225,1.77828,0.1,1.555370e-01
1250,1.77828,0.1,1.561460e-01
1275,1.77828,0.1,1.565830e-01
1300,1.77828,0.1,1.569010e-01
1325,1.77828,0.1,1.571370e-01
1350,1.77828,0.1,1.573140e-01
1375,1.77828,0.1,1.574510e-01
1400,1.77828,0.1,1.575610e-01
1425,1.77828,0.1,1.576510e-01
1450,1.77828,0.1,1.577290e-01
1475,1.77828,0.1,1.577990e-01
1500,1.77828,0.1,1.578650e-01
1525,1.77828,0.1,1.579290e-01
1550,1.77828,0.1,1.579950e-01
1575,1.77828,0.1,1.580630e-01
1600,1.77828,0.1,1.581350e-01
1625,1.77828,0.1,1.582140e-01
1650,1.77828,0.1,1.582990e-01
1675,1.77828,0.1,1.583920e-01
1700,1.77828,0.1,1.584950e-01
1725,1.77828,0.1,1.586080e-01
1750,1.77828,0.1,1.587320e-01
1775,1.77828,0.1,1.588680e-01
1800,1.77828,0.1,1.590180e-01
1825,1.77828,0.1,1.591820e-01
1850,1.77828,0.1,1.593620e-01
1875,1.77828,0.1,1.595580e-01
1900,1.77828,0.1,1.597710e-01
1925,1.77828,0.1,1.600030e-01
1950,1.77828,0.1,1.602540e-01
1975,1.77828,0.1,1.605260e-01
2000,1.77828,0.1,1.608190e-01
2025,1.77828,0.1,1.611350e-01
2050,1.77828,0.1,1.614750e-01
2075,1.77828,0.1,1.618390e-01
2100,1.77828,0.1,1.622300e-01
2125,1.77828,0.1,1.626470e-01
2150,1.77828,0.1,1.630910e-01
2175,1.77828,0.1,1.635650e-01
2200,1.77828,0.1,1.640690e-01
2225,1.77828,0.1,1.646030e-01
2250,1.77828,0.1,1.651690e-01
2275,1.77828,0.1,1.657670e-01
2300,1.77828,0.1,1.663980e-01
2325,1.77828,0.1,1.670640e-01
2350,1.77828,0.1,1.677640e-01
2375,1.77828,0.1,1.685000e-01
2400,1.77828,0.1,1.692720e-01
2425,1.77828,0.1,1.700810e-01
2450,1.77828,0.1,1.709260e-01
2475,1.77828,0.1,1.718090e-01
2500,1.77828,0.1,1.727300e-01
2525,1.77828,0.1,1.736880e-01
2550,1.77828,0.1,1.746850e-01
2575,1.77828,0.1,1.757190e-01
2600,1.77828,0.1,1.767920e-01
2625,1.77828,0.1,1.779030e-01
2650,1.77828,0.1,1.790520e-01
2675,1.77828,0.1,1.802390e-01
2700,1.77828,0.1,1.814630e-01
2725,1.77828,0.1,1.827250e-01
2750,1.77828,0.1,1.840240e-01
2775,1.77828,0.1,1.853600e-01
2800,1.77828,0.1,1.867340e-01
2825,1.77828,0.1,1.881450e-01
2850,1.77828,0.1,1.895940e-01
2875,1.77828,0.1,1.910810e-01
2900,1.77828,0.1,1.926080e-01
2925,1.77828,0.1,1.941770e-01
2950,1.77828,0.1,1.957890e-01
2975,1.77828,0.1,1.974480e-01
3000,1.77828,0.1,1.991580e-01
3025,1.77828,0.1,2.009250e-01
3050,1.77828,0.1,2.027550e-01
3075,1.77828,0.1,2.046570e-01
3100,1.77828,0.1,2.066430e-01
3125,1.77828,0.1,2.087260e-01
3150,1.77828,0.1,2.109230e-01
3175,1.77828,0.1,2.132540e-01
3200,1.77828,0.1,2.157460e-01
3225,1.77828,0.1,2.184290e-01
3250,1.77828,0.1,2.213390e-01
3275,1.77828,0.1,2.245230e-01
3300,1.77828,0.1,2.280330e-01
3325,1.77828,0.1,2.319350e-01
3350,1.77828,0.1,2.363060e-01
3375,1.77828,0.1,2.412380e-01
3400,1.77828,0.1,2.468430e-01
3425,1.77828,0.1,2.532520e-01
3450,1.77828,0.1,2.606250e-01
3475,1.77828,0.1,2.691500e-01
3500,1.77828,0.1,2.790570e-01
3525,1.77828,0.1,2.906180e-01
3550,1.77828,0.1,3.041650e-01
3575,1.77828,0.1,3.200970e-01
3600,1.77828,0.1,3.389050e-01
3625,1.77828,0.1,3.611870e-01
3650,1.77828,0.1,3.876840e-01
3675,1.77828,0.1,4.193230e-01
3700,1.77828,0.1,4.572710e-01
3725,1.77828,0.1,5.030200e-01
3750,1.77828,0.1,5.585060e-01
3775,1.77828,0.1,6.262860e-01
3800,1.77828,0.1,7.098000e-01
3825,1.77828,0.1,8.137990e-01
3850,1.77828,0.1,9.450200e-01
3875,1.77828,0.1,1.113350e+00
3900,1.77828,0.1,1.333920e+00
3925,1.77828,0.1,1.631040e+00
3950,1.77828,0.1,2.046480e+00
3975,1.77828,0.1,2.658320e+00
4000,1.77828,0.1,3.631160e+00
4025,1.77828,0.1,5.379790e+00
4050,1.77828,0.1,9.323930e+00
4075,1.77828,0.1,2.527900e+01
4100,1.77828,0.1,2.000000e+02
4125,1.77828,0.1,2.000000e+02
4150,1.77828,0.1,2.000000e+02
4175,1.77828,0.1,2.000000e+02
4200,1.77828,0.1,2.000000e+02
4225,1.77828,0.1,2.000000e+02
4250,1.77828,0.1,2.000000e+02
4275,1.77828,0.1,2.000000e+02
4300,1.77828,0.1,2.000000e+02
4325,1.77828,0.1,2.000000e+02
4350,1.77828,0.1,2.000000e+02
4375,1.77828,0.1,2.000000e+02
4400,1.77828,0.1,2.000000e+02
4425,1.77828,0.1,2.000000e+02
4450,1.77828,0.1,2.000000e+02
4475,1.77828,0.1,2.000000e+02
4500,1.77828,0.1,2.000000e+02
4525,1.77828,0.1,2.000000e+02
4550,1.77828,0.1,2.000000e+02
4575,1.77828,0.1,2.000000e+02
4600,1.77828,0.1,2.000000e+02
4625,1.77828,0.1,2.000000e+02
4650,1.77828,0.1,2.000000e+02
4675,1.77828,0.1,2.000000e+02
4700,1.77828,0.1,2.000000e+02
4725,1.77828,0.1,2.000000e+02
4750,1.77828,0.1,2.000000e+02
4775,1.77828,0.1,2.000000e+02
4800,1.77828,0.1,2.000000e+02
4825,1.77828,0.1,2.000000e+02
4850,1.77828,0.1,2.000000e+02
4875,1.77828,0.1,2.000000e+02
4900,1.77828,0.1,2.000000e+02
4925,1.77828,0.1,2.000000e+02
4950,1.77828,0.1,2.000000e+02
4975,1.77828,0.1,2.000000e+02
5000,1.77828,0.1,2.000000e+02
300,3.16228,0.1,1.017560e-02
325,3.16228,0.1,1.148330e-02
350,3.16228,0.1,1.304590e-02
375,3.16228,0.1,1.479240e-02
400,3.16228,0.1,1.664910e-02
425,3.16228,0.1,1.855100e-02
450,3.16228,0.1,2.044780e-02
475,3.16228,0.1,2.230360e-02
500,3.16228,0.1,2.409510e-02
525,3.16228,0.1,2.580890e-02
550,3.16228,0.1,2.743900e-02
575,3.16228,0.1,2.898650e-02
600,3.16228,0.1,3.045910e-02
625,3.16228,0.1,3.187370e-02
650,3.16228,0.1,3.325840e-02
675,3.16228,0.1,3.465720e-02
700,3.16228,0.1,3.613390e-02
725,3.16228,0.1,3.777620e-02
750,3.16228,0.1,3.969860e-02
775,3.16228,0.1,4.204390e-02
800,3.16228,0.1,4.498040e-02
825,3.16228,0.1,4.869490e-02
850,3.16228,0.1,5.337840e-02
875,3.16228,0.1,5.920260e-02
900,3.16228,0.1,6.628370e-02
925,3.16228,0.1,7.463600e-02
950,3.16228,0.1,8.412120e-02
975,3.16228,0.1,9.441070e-02
1000,3.16228,0.1,1.049920e-01
1025,3.16228,0.1,1.152420e-01
1050,3.16228,0.1,1.245660e-01
1075,3.16228,0.1,1.325430e-01
1100,3.16228,0.1,1.390010e-01
1125,3.16228,0.1,1.440000e-01
1150,3.16228,0.1,1.477440e-01
1175,3.16228,0.1,1.504870e-01
1200,3.16228,0.1,1.524730e-01
1225,3.16228,0.1,1.539030e-01
1250,3.16228,0.1,1.549340e-01
1275,3.16228,0.1,1.556810e-01
1300,3.16228,0.1,1.562260e-01
1325,3.16228,0.1,1.566280e-01
1350,3.16228,0.1,1.569290e-01
1375,3.16228,0.1,1.571570e-01
1400,3.16228,0.1,1.573350e-01
1425,3.16228,0.1,1.574780e-01
1450,3.16228,0.1,1.575940e-01
1475,3.16228,0.1,1.576940e-01
1500,3.16228,0.1,1.577830e-01
1525,3.16228,0.1,1.578650e-01
1550,3.16228,0.1,1.579450e-01
1575,3.16228,0.1,1.580240e-01
1600,3.16228,0.1,1.581050e-01
1625,3.16228,0.1,1.581890e-01
1650,3.16228,0.1,1.582800e-01
1675,3.16228,0.1,1.583770e-01
1700,3.16228,0.1,1.584830e-01
1725,3.16228,0.1,1.585990e-01
1750,3.16228,0.1,1.587250e-01
1775,3.16228,0.1,1.588630e-01
1800,3.16228,0.1,1.590150e-01
1825,3.16228,0.1,1.591800e-01
1850,3.16228,0.1,1.593600e-01
1875,3.16228,0.1,1.595570e-01
1900,3.16228,0.1,1.597710e-01
1925,3.16228,0.1,1.600030e-01
1950,3.16228,0.1,1.602550e-01
1975,3.16228,0.1,1.605270e-01
2000,3.16228,0.1,1.608210e-01
2025,3.16228,0.1,1.611370e-01
2050,3.16228,0.1,1.614770e-01
2075,3.16228,0.1,1.618420e-01
2100,3.16228,0.1,1.622320e-01
2125,3.16228,0.1,1.626500e-01
2150,3.16228,0.1,1.630950e-01
2175,3.16228,0.1,1.635700e-01
2200,3.16228,0.1,1.640740e-01
2225,3.16228,0.1,1.646090e-01
2250,3.16228,0.1,1.651760e-01
2275,3.16228,0.1,1.657760e-01
2300,3.16228,0.1,1.664090e-01
2325,3.16228,0.1,1.670760e-01
2350,3.16228,0.1,1.677790e-01
2375,3.16228,0.1,1.685180e-01
2400,3.16228,0.1,1.692930e-01
2425,3.16228,0.1,1.701050e-01
2450,3.16228,0.1,1.709550e-01
2475,3.16228,0.1,1.718430e-01
2500,3.16228,0.1,1.727690e-01
2525,3.16228,0.1,1.737340e-01
2550,3.16228,0.1,1.747390e-01
2575,3.16228,0.1,1.757820e-01
2600,3.16228,0.1,1.768650e-01
2625,3.16228,0.1,1.779870e-01
2650,3.16228,0.1,1.791480e-01
2675,3.16228,0.1,1.803490e-01
2700,3.16228,0.1,1.815880e-01
2725,3.16228,0.1,1.828660e-01
2750,3.16228,0.1,1.841820e-01
2775,3.16228,0.1,1.855370e-01
2800,3.16228,0.1,1.869300e-01
2825,3.16228,0.1,1.883610e-01
2850,3.16228,0.1,1.898300e-01
2875,3.16228,0.1,1.913370e-01
2900,3.16228,0.1,1.928830e-01
2925,3.16228,0.1,1.944670e-01
2950,3.16228,0.1,1.960920e-01
2975,3.16228,0.1,1.977580e-01
3000,3.16228,0.1,1.994680e-01
3025,3.16228,0.1,2.012240e-01
3050,3.16228,0.1,2.030300e-01
3075,3.16228,0.1,2.048900e-01
3100,3.16228,0.1,2.068110e-01
3125,3.16228,0.1,2.087990e-01
3150,3.16228,0.1,2.108650e-01
3175,3.16228,0.1,2.130200e-01
3200,3.16228,0.1,2.152770e-01
3225,3.16228,0.1,2.176540e-01
3250,3.16228,0.1,2.201710e-01
3275,3.16228,0.1,2.228540e-01
3300,3.16228,0.1,2.257330e-01
3325,3.16228,0.1,2.288440e-01
3350,3.16228,0.1,2.322290e-01
3375,3.16228,0.1,2.359390e-01
3400,3.16228,0.1,2.400370e-01
3425,3.16228,0.1,2.445940e-01
3450,3.16228,0.1,2.496960e-01
3475,3.16228,0.1,2.554450e-01
3500,3.16228,0.1,2.619630e-01
3525,3.16228,0.1,2.693920e-01
3550,3.16228,0.1,2.779030e-01
3575,3.16228,0.1,2.877010e-01
3600,3.16228,0.1,2.990270e-01
3625,3.16228,0.1,3.121730e-01
3650,3.16228,0.1,3.274880e-01
3675,3.16228,0.1,3.453950e-01
3700,3.16228,0.1,3.664060e-01
3725,3.16228,0.1,3.911520e-01
3750,3.16228,0.1,4.204060e-01
3775,3.16228,0.1,4.551360e-01
3800,3.16228,0.1,4.965590e-01
3825,3.16228,0.1,5.462300e-01
3850,3.16228,0.1,6.061630e-01
3875,3.16228,0.1,6.790130e-01
3900,3.16228,0.1,7.683530e-01
3925,3.16228,0.1,8.791040e-01
3950,3.16228,0.1,1.018240e+00
3975,3.16228,0.1,1.195960e+00
4000,3.16228,0.1,1.427850e+00
4025,3.16228,0.1,1.738850e+00
4050,3.16228,0.1,2.171610e+00
4075,3.16228,0.1,2.805360e+00
4100,3.16228,0.1,3.805510e+00
4125,3.16228,0.1,5.582670e+00
4150,3.16228,0.1,9.503030e+00
4175,3.16228,0.1,2.427220e+01
4200,3.16228,0.1,2.000000e+02
4225,3.16228,0.1,2.000000e+02
4250,3.16228,0.1,2.000000e+02
4275,3.16228,0.1,2.000000e+02
4300,3.16228,0.1,2.000000e+02
4325,3.16228,0.1,2.000000e+02
4350,3.16228,0.1,2.000000e+02
4375,3.16228,0.1,2.000000e+02
4400,3.16228,0.1,2.000000e+02
4425,3.16228,0.1,2.000000e+02
4450,3.16228,0.1,2.000000e+02
4475,3.16228,0.1,2.000000e+02
4500,3.16228,0.1,2.000000e+02
4525,3.16228,0.1,2.000000e+02
4550,3.16228,0.1,2.000000e+02
4575,3.16228,0.1,2.000000e+02
4600,3.16228,0.1,2.000000e+02
4625,3.16228,0.1,2.000000e+02
4650,3.16228,0.1,2.000000e+02
4675,3.16228,0.1,2.000000e+02
4700,3.16228,0.1,2.000000e+02
4725,3.16228,0.1,2.000000e+02
4750,3.16228,0.1,2.000000e+02
4775,3.16228,0.1,2.000000e+02
4800,3.16228,0.1,2.000000e+02
4825,3.16228,0.1,2.000000e+02
4850,3.16228,0.1,2.000000e+02
4875,3.16228,0.1,2.000000e+02
4900,3.16228,0.1,2.000000e+02
4925,3.16228,0.1,2.000000e+02
4950,3.16228,0.1,2.000000e+02
4975,3.16228,0.1,2.000000e+02
5000,3.16228,0.1,2.000000e+02
300,5.62341,0.1,1.017550e-02
325,5.62341,0.1,1.148310e-02
350,5.62341,0.1,1.304520e-02
375,5.62341,0.1,1.479090e-02
400,5.62341,0.1,1.664570e-02
425,5.62341,0.1,1.854450e-02
450,5.62341,0.1,2.043650e-02
475,5.62341,0.1,2.228550e-02
500,5.62341,0.1,2.406800e-02
525,5.62341,0.1,2.577020e-02
550,5.62341,0.1,2.738600e-02
575,5.62341,0.1,2.891530e-02
600,5.62341,0.1,3.036410e-02
625,5.62341,0.1,3.174470e-02
650,5.62341,0.1,3.307840e-02
675,5.62341,0.1,3.439770e-02
700,5.62341,0.1,3.574980e-02
725,5.62341,0.1,3.719990e-02
750,5.62341,0.1,3.883410e-02
775,5.62341,0.1,4.076160e-02
800,5.62341,0.1,4.311390e-02
825,5.62341,0.1,4.604260e-02
850,5.62341,0.1,4.971130e-02
875,5.62341,0.1,5.428300e-02
900,5.62341,0.1,5.989880e-02
925,5.62341,0.1,6.664940e-02
950,5.62341,0.1,7.453790e-02
975,5.62341,0.1,8.344170e-02
1000,5.62341,0.1,9.308620e-02
1025,5.62341,0.1,1.030490e-01
1050,5.62341,0.1,1.128130e-01
1075,5.62341,0.1,1.218630e-01
1100,5.62341,0.1,1.298040e-01
1125,5.62341,0.1,1.364280e-01
1150,5.62341,0.1,1.417210e-01
1175,5.62341,0.1,1.458120e-01
1200,5.62341,0.1,1.489000e-01
1225,5.62341,0.1,1.511970e-01
1250,5.62341,0.1,1.528910e-01
1275,5.62341,0.1,1.541390e-01
1300,5.62341,0.1,1.550600e-01
1325,5.62341,0.1,1.557440e-01
1350,5.62341,0.1,1.562550e-01
1375,5.62341,0.1,1.566420e-01
1400,5.62341,0.1,1.569390e-01
1425,5.62341,0.1,1.571710e-01
1450,5.62341,0.1,1.573570e-01
1475,5.62341,0.1,1.575090e-01
1500,5.62341,0.1,1.576390e-01
1525,5.62341,0.1,1.577520e-01
1550,5.62341,0.1,1.578560e-01
1575,5.62341,0.1,1.579540e-01
1600,5.62341,0.1,1.580500e-01
1625,5.62341,0.1,1.581470e-01
1650,5.62341,0.1,1.582460e-01
1675,5.62341,0.1,1.583510e-01
1700,5.62341,0.1,1.584630e-01
1725,5.62341,0.1,1.585830e-01
1750,5.62341,0.1,1.587130e-01
1775,5.62341,0.1,1.588550e-01
1800,5.62341,0.1,1.590080e-01
1825,5.62341,0.1,1.591750e-01
1850,5.62341,0.1,1.593570e-01
1875,5.62341,0.1,1.595550e-01
1900,5.62341,0.1,1.597700e-01
1925,5.62341,0.1,1.600030e-01
1950,5.62341,0.1,1.602560e-01
1975,5.62341,0.1,1.605280e-01
2000,5.62341,0.1,1.608230e-01
2025,5.62341,0.1,1.611390e-01
2050,5.62341,0.1,1.614800e-01
2075,5.62341,0.1,1.618450e-01
2100,5.62341,0.1,1.622360e-01
2125,5.62341,0.1,1.626540e-01
2150,5.62341,0.1,1.631000e-01
2175,5.62341,0.1,1.635740e-01
2200,5.62341,0.1,1.640790e-01
2225,5.62341,0.1,1.646150e-01
2250,5.62341,0.1,1.651830e-01
2275,5.62341,0.1,1.657830e-01
2300,5.62341,0.1,1.664180e-01
2325,5.62341,0.1,1.670870e-01
2350,5.62341,0.1,1.677910e-01
2375,5.62341,0.1,1.685320e-01
2400,5.62341,0.1,1.693090e-01
2425,5.62341,0.1,1.701240e-01
2450,5.62341,0.1,1.709770e-01
2475,5.62341,0.1,1.718690e-01
2500,5.62341,0.1,1.728000e-01
2525,5.62341,0.1,1.737700e-01
2550,5.62341,0.1,1.747800e-01
2575,5.62341,0.1,1.758300e-01
2600,5.62341,0.1,1.769210e-01
2625,5.62341,0.1,1.780510e-01
2650,5.62341,0.1,1.792220e-01
2675,5.62341,0.1,1.804320e-01
2700,5.62341,0.1,1.816830e-01
2725,5.62341,0.1,1.829740e-01
2750,5.62341,0.1,1.843040e-01
2775,5.62341,0.1,1.856740e-01
2800,5.62341,0.1,1.870830e-01
2825,5.62341,0.1,1.885300e-01
2850,5.62341,0.1,1.900160e-01
2875,5.62341,0.1,1.915410e-01
2900,5.62341,0.1,1.931040e-01
2925,5.62341,0.1,1.947050e-01
2950,5.62341,0.1,1.963450e-01
2975,5.62341,0.1,1.980240e-01
3000,5.62341,0.1,1.997420e-01
3025,5.62341,0.1,2.015020e-01
3050,5.62341,0.1,2.033050e-01
3075,5.62341,0.1,2.051520e-01
3100,5.62341,0.1,2.070480e-01
3125,5.62341,0.1,2.089950e-01
3150,5.62341,0.1,2.110000e-01
3175,5.62341,0.1,2.130670e-01
3200,5.62341,0.1,2.152050e-01
3225,5.62341,0.1,2.174240e-01
3250,5.62341,0.1,2.197340e-01
3275,5.62341,0.1,2.221490e-01
3300,5.62341,0.1,2.246870e-01
3325,5.62341,0.1,2.273680e-01
3350,5.62341,0.1,2.302150e-01
3375,5.62341,0.1,2.332570e-01
3400,5.62341,0.1,2.365280e-01
3425,5.62341,0.1,2.400690e-01
3450,5.62341,0.1,2.439270e-01
3475,5.62341,0.1,2.481580e-01
3500,5.62341,0.1,2.528280e-01
3525,5.62341,0.1,2.580150e-01
3550,5.62341,0.1,2.638110e-01
3575,5.62341,0.1,2.703240e-01
3600,5.62341,0.1,2.776820e-01
3625,5.62341,0.1,2.860340e-01
3650,5.62341,0.1,2.955590e-01
3675,5.62341,0.1,3.064680e-01
3700,5.62341,0.1,3.190090e-01
3725,5.62341,0.1,3.334820e-01
3750,5.62341,0.1,3.502430e-01
3775,5.62341,0.1,3.697220e-01
3800,5.62341,0.1,3.924410e-01
3825,5.62341,0.1,4.190330e-01
3850,5.62341,0.1,4.502800e-01
3875,5.62341,0.1,4.871520e-01
3900,5.62341,0.1,5.308660e-01
3925,5.62341,0.1,5.829710e-01
3950,5.62341,0.1,6.454650e-01
3975,5.62341,0.1,7.209720e-01
4000,5.62341,0.1,8.130010e-01
4025,5.62341,0.1,9.263600e-01
4050,5.62341,0.1,1.067810e+00
4075,5.62341,0.1,1.247160e+00
4100,5.62341,0.1,1.479220e+00
4125,5.62341,0.1,1.787420e+00
4150,5.62341,0.1,2.211060e+00
4175,5.62341,0.1,2.821530e+00
4200,5.62341,0.1,3.762900e+00
4225,5.62341,0.1,5.374900e+00
4250,5.62341,0.1,8.687890e+00
4275,5.62341,0.1,1.888560e+01
4300,5.62341,0.1,2.000000e+02
4325,5.62341,0.1,2.000000e+02
4350,5.62341,0.1,2.000000e+02
4375,5.62341,0.1,2.000000e+02
4400,5.62341,0.1,2.000000e+02
4425,5.62341,0.1,2.000000e+02
4450,5.62341,0.1,2.000000e+02
4475,5.62341,0.1,2.000000e+02
4500,5.62341,0.1,2.000000e+02
4525,5.62341,0.1,2.000000e+02
4550,5.62341,0.1,2.000000e+02
4575,5.62341,0.1,2.000000e+02
4600,5.62341,0.1,2.000000e+02
4625,5.62341,0.1,2.000000e+02
4650,5.62341,0.1,2.000000e+02
4675,5.62341,0.1,2.000000e+02
4700,5.62341,0.1,2.000000e+02
4725,5.62341,0.1,2.000000e+02
4750,5.62341,0.1,2.000000e+02
4775,5.62341,0.1,2.000000e+02
4800,5.62341,0.1,2.000000e+02
4825,5.62341,0.1,2.000000e+02
4850,5.62341,0.1,2.000000e+02
4875,5.62341,0.1,2.000000e+02
4900,5.62341,0.1,2.000000e+02
4925,5.62341,0.1,2.000000e+02
4950,5.62341,0.1,2.000000e+02
4975,5.62341,0.1,2.000000e+02
5000,5.62341,0.1,2.000000e+02
300,10,0.1,1.017550e-02
325,10,0.1,1.148290e-02
350,10,0.1,1.304470e-02
375,10,0.1,1.478970e-02
400,10,0.1,1.664320e-02
425,10,0.1,1.853970e-02
450,10,0.1,2.042810e-02
475,10,0.1,2.227200e-02
500,10,0.1,2.404770e-02
525,10,0.1,2.574130e-02
550,10,0.1,2.734640e-02
575,10,0.1,2.886260e-02
600,10,0.1,3.029420e-02
625,10,0.1,3.165110e-02
650,10,0.1,3.294950e-02
675,10,0.1,3.421410e-02
700,10,0.1,3.548000e-02
725,10,0.1,3.679610e-02
750,10,0.1,3.822660e-02
775,10,0.1,3.985390e-02
800,10,0.1,4.177910e-02
825,10,0.1,4.412110e-02
850,10,0.1,4.701300e-02
875,10,0.1,5.059560e-02
900,10,0.1,5.500590e-02
925,10,0.1,6.035920e-02
950,10,0.1,6.672700e-02
975,10,0.1,7.410820e-02
1000,10,0.1,8.240150e-02
1025,10,0.1,9.138550e-02
1050,10,0.1,1.007210e-01
1075,10,0.1,1.099850e-01
1100,10,0.1,1.187400e-01
1125,10,0.1,1.266200e-01
1150,10,0.1,1.333920e-01
1175,10,0.1,1.389810e-01
1200,10,0.1,1.434410e-01
1225,10,0.1,1.469130e-01
1250,10,0.1,1.495700e-01
1275,10,0.1,1.515810e-01
1300,10,0.1,1.530950e-01
1325,10,0.1,1.542340e-01
1350,10,0.1,1.550940e-01
1375,10,0.1,1.557470e-01
1400,10,0.1,1.562470e-01
1425,10,0.1,1.566350e-01
1450,10,0.1,1.569390e-01
1475,10,0.1,1.571830e-01
1500,10,0.1,1.573840e-01
1525,10,0.1,1.575520e-01
1550,10,0.1,1.576990e-01
1575,10,0.1,1.578300e-01
1600,10,0.1,1.579530e-01
1625,10,0.1,1.580700e-01
1650,10,0.1,1.581870e-01
1675,10,0.1,1.583050e-01
1700,10,0.1,1.584270e-01
1725,10,0.1,1.585560e-01
1750,10,0.1,1.586920e-01
1775,10,0.1,1.588390e-01
1800,10,0.1,1.589970e-01
1825,10,0.1,1.591680e-01
1850,10,0.1,1.593520e-01
1875,10,0.1,1.595520e-01
1900,10,0.1,1.597690e-01
1925,10,0.1,1.600040e-01
1950,10,0.1,1.602570e-01
1975,10,0.1,1.605310e-01
2000,10,0.1,1.608260e-01
2025,10,0.1,1.611430e-01
2050,10,0.1,1.614840e-01
2075,10,0.1,1.618500e-01
2100,10,0.1,1.622410e-01
2125,10,0.1,1.626590e-01
2150,10,0.1,1.631050e-01
2175,10,0.1,1.635800e-01
2200,10,0.1,1.640860e-01
2225,10,0.1,1.646220e-01
2250,10,0.1,1.651900e-01
2275,10,0.1,1.657910e-01
2300,10,0.1,1.664270e-01
2325,10,0.1,1.670970e-01
2350,10,0.1,1.678020e-01
2375,10,0.1,1.685440e-01
2400,10,0.1,1.693230e-01
2425,10,0.1,1.701400e-01
2450,10,0.1,1.709960e-01
2475,10,0.1,1.718900e-01
2500,10,0.1,1.728250e-01
2525,10,0.1,1.737990e-01
2550,10,0.1,1.748130e-01
2575,10,0.1,1.758680e-01
2600,10,0.1,1.769640e-01
2625,10,0.1,1.781000e-01
2650,10,0.1,1.792780e-01
2675,10,0.1,1.804970e-01
2700,10,0.1,1.817570e-01
2725,10,0.1,1.830570e-01
2750,10,0.1,1.843980e-01
2775,10,0.1,1.857790e-01
2800,10,0.1,1.872000e-01
2825,10,0.1,1.886610e-01
2850,10,0.1,1.901610e-01
2875,10,0.1,1.917000e-01
2900,10,0.1,1.932780e-01
2925,10,0.1,1.948940e-01
2950,10,0.1,1.965490e-01
2975,10,0.1,1.982410e-01
3000,10,0.1,1.999720e-01
3025,10,0.1,2.017410e-01
3050,10,0.1,2.035490e-01
3075,10,0.1,2.053970e-01
3100,10,0.1,2.072870e-01
3125,10,0.1,2.092200e-01
3150,10,0.1,2.111990e-01
3175,10,0.1,2.132260e-01
3200,10,0.1,2.153070e-01
3225,10,0.1,2.174450e-01
3250,10,0.1,2.196480e-01
3275,10,0.1,2.219220e-01
3300,10,0.1,2.242770e-01
3325,10,0.1,2.267250e-01
3350,10,0.1,2.292780e-01
3375,10,0.1,2.319530e-01
3400,10,0.1,2.347690e-01
3425,10,0.1,2.377480e-01
3450,10,0.1,2.409170e-01
3475,10,0.1,2.443070e-01
3500,10,0.1,2.479550e-01
3525,10,0.1,2.519040e-01
3550,10,0.1,2.562050e-01
3575,10,0.1,2.609170e-01
3600,10,0.1,2.661090e-01
3625,10,0.1,2.718620e-01
3650,10,0.1,2.782700e-01
3675,10,0.1,2.854450e-01
3700,10,0.1,2.935160e-01
3725,10,0.1,3.026360e-01
3750,10,0.1,3.129830e-01
3775,10,0.1,3.247690e-01
3800,10,0.1,3.382410e-01
3825,10,0.1,3.536980e-01
3850,10,0.1,3.714900e-01
3875,10,0.1,3.920410e-01
3900,10,0.1,4.158590e-01
3925,10,0.1,4.435630e-01
3950,10,0.1,4.759100e-01
3975,10,0.1,5.138350e-01
4000,10,0.1,5.585050e-01
4025,10,0.1,6.113950e-01
4050,10,0.1,6.743960e-01
4075,10,0.1,7.499710e-01
4100,10,0.1,8.413870e-01
4125,10,0.1,9.530700e-01
4150,10,0.1,1.091170e+00
4175,10,0.1,1.264480e+00
4200,10,0.1,1.486050e+00
4225,10,0.1,1.776040e+00
4250,10,0.1,2.167360e+00
4275,10,0.1,2.717560e+00
4300,10,0.1,3.536930e+00
4325,10,0.1,4.866050e+00
4350,10,0.1,7.345450e+00
4375,10,0.1,1.340690e+01
4400,10,0.1,4.659710e+01
4425,10,0.1,2.000000e+02
4450,10,0.1,2.000000e+02
4475,10,0.1,2.000000e+02
4500,10,0.1,2.000000e+02
4525,10,0.1,2.000000e+02
4550,10,0.1,2.000000e+02
4575,10,0.1,2.000000e+02
4600,10,0.1,2.000000e+02
4625,10,0.1,2.000000e+02
4650,10,0.1,2.000000e+02
4675,10,0.1,2.000000e+02
4700,10,0.1,2.000000e+02
4725,10,0.1,2.000000e+02
4750,10,0.1,2.000000e+02
4775,10,0.1,2.000000e+02
4800,10,0.1,2.000000e+02
4825,10,0.1,2.000000e+02
4850,10,0.1,2.000000e+02
4875,10,0.1,2.000000e+02
4900,10,0.1,2.000000e+02
4925,10,0.1,2.000000e+02
4950,10,0.1,2.000000e+02
4975,10,0.1,2.000000e+02
5000,10,0.1,2.000000e+02
300,17.7828,0.1,1.017550e-02
325,17.7828,0.1,1.148280e-02
350,17.7828,0.1,1.304440e-02
375,17.7828,0.1,1.478880e-02
400,17.7828,0.1,1.664120e-02
425,17.7828,0.1,1.853600e-02
450,17.7828,0.1,2.042180e-02
475,17.7828,0.1,2.226180e-02
500,17.7828,0.1,2.403240e-02
525,17.7828,0.1,2.571960e-02
550,17.7828,0.1,2.731690e-02
575,17.7828,0.1,2.882340e-02
600,17.7828,0.1,3.024270e-02
625,17.7828,0.1,3.158280e-02
650,17.7828,0.1,3.285660e-02
675,17.7828,0.1,3.408330e-02
700,17.7828,0.1,3.528960e-02
725,17.7828,0.1,3.651220e-02
750,17.7828,0.1,3.779960e-02
775,17.7828,0.1,3.921370e-02
800,17.7828,0.1,4.083110e-02
825,17.7828,0.1,4.274330e-02
850,17.7828,0.1,4.505550e-02
875,17.7828,0.1,4.788280e-02
900,17.7828,0.1,5.134430e-02
925,17.7828,0.1,5.555370e-02
950,17.7828,0.1,6.060520e-02
975,17.7828,0.1,6.655590e-02
1000,17.7828,0.1,7.340510e-02
1025,17.7828,0.1,8.107370e-02
1050,17.7828,0.1,8.938940e-02
1075,17.7828,0.1,9.808650e-02
1100,17.7828,0.1,1.068270e-01
1125,17.7828,0.1,1.152470e-01
1150,17.7828,0.1,1.230160e-01
1175,17.7828,0.1,1.298910e-01
1200,17.7828,0.1,1.357480e-01
1225,17.7828,0.1,1.405790e-01
1250,17.7828,0.1,1.444600e-01
1275,17.7828,0.1,1.475180e-01
1300,17.7828,0.1,1.498960e-01
1325,17.7828,0.1,1.517300e-01
1350,17.7828,0.1,1.531390e-01
1375,17.7828,0.1,1.542220e-01
1400,17.7828,0.1,1.550570e-01
1425,17.7828,0.1,1.557040e-01
1450,17.7828,0.1,1.562110e-01
1475,17.7828,0.1,1.566120e-01
1500,17.7828,0.1,1.569350e-01
1525,17.7828,0.1,1.571990e-01
1550,17.7828,0.1,1.574210e-01
1575,17.7828,0.1,1.576110e-01
1600,17.7828,0.1,1.577800e-01
1625,17.7828,0.1,1.579350e-01
1650,17.7828,0.1,1.580800e-01
1675,17.7828,0.1,1.582220e-01
1700,17.7828,0.1,1.583630e-01
1725,17.7828,0.1,1.585060e-01
1750,17.7828,0.1,1.586550e-01
1775,17.7828,0.1,1.588110e-01
1800,17.7828,0.1,1.589770e-01
1825,17.7828,0.1,1.591530e-01
1850,17.7828,0.1,1.593430e-01
1875,17.7828,0.1,1.595470e-01
1900,17.7828,0.1,1.597670e-01
1925,17.7828,0.1,1.600040e-01
1950,17.7828,0.1,1.602600e-01
1975,17.7828,0.1,1.605350e-01
2000,17.7828,0.1,1.608310e-01
2025,17.7828,0.1,1.611490e-01
2050,17.7828,0.1,1.614910e-01
2075,17.7828,0.1,1.618570e-01
2100,17.7828,0.1,1.622490e-01
2125,17.7828,0.1,1.626670e-01
2150,17.7828,0.1,1.631140e-01
2175,17.7828,0.1,1.635890e-01
2200,17.7828,0.1,1.640950e-01
2225,17.7828,0.1,1.646310e-01
2250,17.7828,0.1,1.652000e-01
2275,17.7828,0.1,1.658020e-01
2300,17.7828,0.1,1.664370e-01
2325,17.7828,0.1,1.671080e-01
2350,17.7828,0.1,1.678140e-01
2375,17.7828,0.1,1.685570e-01
2400,17.7828,0.1,1.693370e-01
2425,17.7828,0.1,1.701560e-01
2450,17.7828,0.1,1.710130e-01
2475,17.7828,0.1,1.719090e-01
2500,17.7828,0.1,1.728460e-01
2525,17.7828,0.1,1.738220e-01
2550,17.7828,0.1,1.748400e-01
2575,17.7828,0.1,1.758980e-01
2600,17.7828,0.1,1.769980e-01
2625,17.7828,0.1,1.781390e-01
2650,17.7828,0.1,1.793220e-01
2675,17.7828,0.1,1.805470e-01
2700,17.7828,0.1,1.818130e-01
2725,17.7828,0.1,1.831210e-01
2750,17.7828,0.1,1.844700e-01
2775,17.7828,0.1,1.858600e-01
2800,17.7828,0.1,1.872910e-01
2825,17.7828,0.1,1.887620e-01
2850,17.7828,0.1,1.902730e-01
2875,17.7828,0.1,1.918240e-01
2900,17.7828,0.1,1.934140e-01
2925,17.7828,0.1,1.950420e-01
2950,17.7828,0.1,1.967090e-01
2975,17.7828,0.1,1.984140e-01
3000,17.7828,0.1,2.001560e-01
3025,17.7828,0.1,2.019360e-01
3050,17.7828,0.1,2.037530e-01
3075,17.7828,0.1,2.056080e-01
3100,17.7828,0.1,2.075010e-01
3125,17.7828,0.1,2.094320e-01
3150,17.7828,0.1,2.114030e-01
3175,17.7828,0.1,2.134140e-01
3200,17.7828,0.1,2.154690e-01
3225,17.7828,0.1,2.175690e-01
3250,17.7828,0.1,2.197170e-01
3275,17.7828,0.1,2.219180e-01
3300,17.7828,0.1,2.241770e-01
3325,17.7828,0.1,2.264990e-01
3350,17.7828,0.1,2.288920e-01
3375,17.7828,0.1,2.313650e-01
3400,17.7828,0.1,2.339280e-01
3425,17.7828,0.1,2.365950e-01
3450,17.7828,0.1,2.393790e-01
3475,17.7828,0.1,2.422990e-01
3500,17.7828,0.1,2.453750e-01
3525,17.7828,0.1,2.486320e-01
3550,17.7828,0.1,2.520970e-01
3575,17.7828,0.1,2.558030e-01
3600,17.7828,0.1,2.597900e-01
3625,17.7828,0.1,2.641010e-01
3650,17.7828,0.1,2.687890e-01
3675,17.7828,0.1,2.739130e-01
3700,17.7828,0.1,2.795440e-01
3725,17.7828,0.1,2.857640e-01
3750,17.7828,0.1,2.926650e-01
3775,17.7828,0.1,3.003600e-01
3800,17.7828,0.1,3.089750e-01
3825,17.7828,0.1,3.186600e-01
3850,17.7828,0.1,3.295890e-01
3875,17.7828,0.1,3.419680e-01
3900,17.7828,0.1,3.560370e-01
3925,17.7828,0.1,3.720800e-01
3950,17.7828,0.1,3.904340e-01
3975,17.7828,0.1,4.115010e-01
4000,17.7828,0.1,4.357610e-01
4025,17.7828,0.1,4.637950e-01
4050,17.7828,0.1,4.963100e-01
4075,17.7828,0.1,5.341710e-01
4100,17.7828,0.1,5.784540e-01
4125,17.7828,0.1,6.305020e-01
4150,17.7828,0.1,6.920260e-01
4175,17.7828,0.1,7.652260e-01
4200,17.7828,0.1,8.529890e-01
4225,17.7828,0.1,9.591670e-01
4250,17.7828,0.1,1.089030e+00
4275,17.7828,0.1,1.249960e+00
4300,17.7828,0.1,1.452670e+00
4325,17.7828,0.1,1.713210e+00
4350,17.7828,0.1,2.056900e+00
4375,17.7828,0.1,2.525950e+00
4400,17.7828,0.1,3.196290e+00
4425,17.7828,0.1,4.219340e+00
4450,17.7828,0.1,5.945270e+00
4475,17.7828,0.1,9.401060e+00
4500,17.7828,0.1,1.936300e+01
4525,17.7828,0.1,1.827450e+02
4550,17.7828,0.1,2.000000e+02
4575,17.7828,0.1,2.000000e+02
4600,17.7828,0.1,2.000000e+02
4625,17.7828,0.1,2.000000e+02
4650,17.7828,0.1,2.000000e+02
4675,17.7828,0.1,2.000000e+02
4700,17.7828,0.1,2.000000e+02
4725,17.7828,0.1,2.000000e+02
4750,17.7828,0.1,2.000000e+02
4775,17.7828,0.1,2.000000e+02
4800,17.7828,0.1,2.000000e+02
4825,17.7828,0.1,2.000000e+02
4850,17.7828,0.1,2.000000e+02
4875,17.7828,0.1,2.000000e+02
4900,17.7828,0.1,2.000000e+02
4925,17.7828,0.1,2.000000e+02
4950,17.7828,0.1,2.000000e+02
4975,17.7828,0.1,2.000000e+02
5000,17.7828,0.1,2.000000e+02
300,31.6228,0.1,1.017540e-02
325,31.6228,0.1,1.148270e-02
350,31.6228,0.1,1.304410e-02
375,31.6228,0.1,1.478810e-02
400,31.6228,0.1,1.663980e-02
425,31.6228,0.1,1.853330e-02
450,31.6228,0.1,2.041700e-02
475,31.6228,0.1,2.225420e-02
500,31.6228,0.1,2.402100e-02
525,31.6228,0.1,2.570340e-02
550,31.6228,0.1,2.729480e-02
575,31.6228,0.1,2.879420e-02
600,31.6228,0.1,3.020460e-02
625,31.6228,0.1,3.153270e-02
650,31.6228,0.1,3.278920e-02
675,31.6228,0.1,3.398930e-02
700,31.6228,0.1,3.515410e-02
725,31.6228,0.1,3.631150e-02
750,31.6228,0.1,3.749840e-02
775,31.6228,0.1,3.876140e-02
800,31.6228,0.1,4.015850e-02
825,31.6228,0.1,4.175970e-02
850,31.6228,0.1,4.364620e-02
875,31.6228,0.1,4.590910e-02
900,31.6228,0.1,4.864670e-02
925,31.6228,0.1,5.195850e-02
950,31.6228,0.1,5.593810e-02
975,31.6228,0.1,6.066210e-02
1000,31.6228,0.1,6.617740e-02
1025,31.6228,0.1,7.248570e-02
1050,31.6228,0.1,7.952860e-02
1075,31.6228,0.1,8.717660e-02
1100,31.6228,0.1,9.522740e-02
1125,31.6228,0.1,1.034170e-01
1150,31.6228,0.1,1.114500e-01
1175,31.6228,0.1,1.190380e-01
1200,31.6228,0.1,1.259450e-01
1225,31.6228,0.1,1.320150e-01
1250,31.6228,0.1,1.371870e-01
1275,31.6228,0.1,1.414790e-01
1300,31.6228,0.1,1.449660e-01
1325,31.6228,0.1,1.477540e-01
1350,31.6228,0.1,1.499610e-01
1375,31.6228,0.1,1.516950e-01
1400,31.6228,0.1,1.530550e-01
1425,31.6228,0.1,1.541210e-01
1450,31.6228,0.1,1.549590e-01
1475,31.6228,0.1,1.556230e-01
1500,31.6228,0.1,1.561520e-01
1525,31.6228,0.1,1.565800e-01
1550,31.6228,0.1,1.569310e-01
1575,31.6228,0.1,1.572240e-01
1600,31.6228,0.1,1.574740e-01
1625,31.6228,0.1,1.576930e-01
1650,31.6228,0.1,1.578910e-01
1675,31.6228,0.1,1.580730e-01
1700,31.6228,0.1,1.582470e-01
1725,31.6228,0.1,1.584170e-01
1750,31.6228,0.1,1.585870e-01
1775,31.6228,0.1,1.587600e-01
1800,31.6228,0.1,1.589390e-01
1825,31.6228,0.1,1.591270e-01
1850,31.6228,0.1,1.593260e-01
1875,31.6228,0.1,1.595370e-01
1900,31.6228,0.1,1.597620e-01
1925,31.6228,0.1,1.600040e-01
1950,31.6228,0.1,1.602630e-01
1975,31.6228,0.1,1.605410e-01
2000,31.6228,0.1,1.608390e-01
2025,31.6228,0.1,1.611590e-01
2050,31.6228,0.1,1.615020e-01
2075,31.6228,0.1,1.618700e-01
2100,31.6228,0.1,1.622620e-01
2125,31.6228,0.1,1.626810e-01
2150,31.6228,0.1,1.631280e-01
2175,31.6228,0.1,1.636040e-01
2200,31.6228,0.1,1.641090e-01
2225,31.6228,0.1,1.646460e-01
2250,31.6228,0.1,1.652150e-01
2275,31.6228,0.1,1.658160e-01
2300,31.6228,0.1,1.664520e-01
2325,31.6228,0.1,1.671230e-01
2350,31.6228,0.1,1.678290e-01
2375,31.6228,0.1,1.685730e-01
2400,31.6228,0.1,1.693530e-01
2425,31.6228,0.1,1.701730e-01
2450,31.6228,0.1,1.710310e-01
2475,31.6228,0.1,1.719280e-01
2500,31.6228,0.1,1.728660e-01
2525,31.6228,0.1,1.738440e-01
2550,31.6228,0.1,1.748640e-01
2575,31.6228,0.1,1.759240e-01
2600,31.6228,0.1,1.770270e-01
2625,31.6228,0.1,1.781720e-01
2650,31.6228,0.1,1.793580e-01
2675,31.6228,0.1,1.805870e-01
2700,31.6228,0.1,1.818580e-01
2725,31.6228,0.1,1.831710e-01
2750,31.6228,0.1,1.845260e-01
2775,31.6228,0.1,1.859230e-01
2800,31.6228,0.1,1.873610e-01
2825,31.6228,0.1,1.888400e-01
2850,31.6228,0.1,1.903590e-01
2875,31.6228,0.1,1.919190e-01
2900,31.6228,0.1,1.935190e-01
2925,31.6228,0.1,1.951570e-01
2950,31.6228,0.1,1.968340e-01
2975,31.6228,0.1,1.985490e-01
3000,31.6228,0.1,2.003020e-01
3025,31.6228,0.1,2.020920e-01
3050,31.6228,0.1,2.039180e-01
3075,31.6228,0.1,2.057810e-01
3100,31.6228,0.1,2.076790e-01
3125,31.6228,0.1,2.096140e-01
3150,31.6228,0.1,2.115850e-01
3175,31.6228,0.1,2.135930e-01
3200,31.6228,0.1,2.156370e-01
3225,31.6228,0.1,2.177200e-01
3250,31.6228,0.1,2.198430e-01
3275,31.6228,0.1,2.220070e-01
3300,31.6228,0.1,2.242150e-01
3325,31.6228,0.1,2.264700e-01
3350,31.6228,0.1,2.287770e-01
3375,31.6228,0.1,2.311390e-01
3400,31.6228,0.1,2.335620e-01
3425,31.6228,0.1,2.360540e-01
3450,31.6228,0.1,2.386220e-01
3475,31.6228,0.1,2.412770e-01
3500,31.6228,0.1,2.440300e-01
3525,31.6228,0.1,2.468940e-01
3550,31.6228,0.1,2.498860e-01
3575,31.6228,0.1,2.530240e-01
3600,31.6228,0.1,2.563290e-01
3625,31.6228,0.1,2.598260e-01
3650,31.6228,0.1,2.635450e-01
3675,31.6228,0.1,2.675190e-01
3700,31.6228,0.1,2.717860e-01
3725,31.6228,0.1,2.763910e-01
3750,31.6228,0.1,2.813870e-01
3775,31.6228,0.1,2.868310e-01
3800,31.6228,0.1,2.927940e-01
3825,31.6228,0.1,2.993540e-01
3850,31.6228,0.1,3.066030e-01
3875,31.6228,0.1,3.146460e-01
3900,31.6228,0.1,3.236080e-01
3925,31.6228,0.1,3.336290e-01
3950,31.6228,0.1,3.448750e-01
3975,31.6228,0.1,3.575390e-01
4000,31.6228,0.1,3.718470e-01
4025,31.6228,0.1,3.880620e-01
4050,31.6228,0.1,4.064980e-01
4075,31.6228,0.1,4.275230e-01
4100,31.6228,0.1,4.515760e-01
4125,31.6228,0.1,4.791840e-01
4150,31.6228,0.1,5.109840e-01
4175,31.6228,0.1,5.477480e-01
4200,31.6228,0.1,5.904260e-01
4225,31.6228,0.1,6.401950e-01
4250,31.6228,0.1,6.985360e-01
4275,31.6228,0.1,7.673270e-01
4300,31.6228,0.1,8.489970e-01
4325,31.6228,0.1,9.467350e-01
4350,31.6228,0.1,1.064810e+00
4375,31.6228,0.1,1.209090e+00
4400,31.6228,0.1,1.387830e+00
4425,31.6228,0.1,1.613010e+00
4450,31.6228,0.1,1.902770e+00
4475,31.6228,0.1,2.285860e+00
4500,31.6228,0.1,2.810620e+00
4525,31.6228,0.1,3.565050e+00
4550,31.6228,0.1,4.727400e+00
4575,31.6228,0.1,6.719910e+00
4600,31.6228,0.1,1.083250e+01
4625,31.6228,0.1,2.365480e+01
4650,31.6228,0.1,2.000000e+02
4675,31.6228,0.1,2.000000e+02
4700,31.6228,0.1,2.000000e+02
4725,31.6228,0.1,2.000000e+02
4750,31.6228,0.1,2.000000e+02
4775,31.6228,0.1,2.000000e+02
4800,31.6228,0.1,2.000000e+02
4825,31.6228,0.1,2.000000e+02
4850,31.6228,0.1,2.000000e+02
4875,31.6228,0.1,2.000000e+02
4900,31.6228,0.1,2.000000e+02
4925,31.6228,0.1,2.000000e+02
4950,31.6228,0.1,2.000000e+02
4975,31.6228,0.1,2.000000e+02
5000,31.6228,0.1,2.000000e+02
300,56.2341,0.1,1.017540e-02
325,56.2341,0.1,1.148260e-02
350,56.2341,0.1,1.304390e-02
375,56.2341,0.1,1.478760e-02
400,56.2341,0.1,1.663870e-02
425,56.2341,0.1,1.853120e-02
450,56.2341,0.1,2.041340e-02
475,56.2341,0.1,2.224850e-02
500,56.2341,0.1,2.401240e-02
525,56.2341,0.1,2.569120e-02
550,56.2341,0.1,2.727830e-02
575,56.2341,0.1,2.877240e-02
600,56.2341,0.1,3.017630e-02
625,56.2341,0.1,3.149570e-02
650,56.2341,0.1,3.273990e-02
675,56.2341,0.1,3.392140e-02
700,56.2341,0.1,3.505700e-02
725,56.2341,0.1,3.616860e-02
750,56.2341,0.1,3.728440e-02
775,56.2341,0.1,3.844020e-02
800,56.2341,0.1,3.968010e-02
825,56.2341,0.1,4.105710e-02
850,56.2341,0.1,4.263360e-02
875,56.2341,0.1,4.448070e-02
900,56.2341,0.1,4.667630e-02
925,56.2341,0.1,4.930300e-02
950,56.2341,0.1,5.244320e-02
975,56.2341,0.1,5.617350e-02
1000,56.2341,0.1,6.055650e-02
1025,56.2341,0.1,6.563130e-02
1050,56.2341,0.1,7.140250e-02
1075,56.2341,0.1,7.782980e-02
1100,56.2341,0.1,8.481940e-02
1125,56.2341,0.1,9.222110e-02
1150,56.2341,0.1,9.983470e-02
1175,56.2341,0.1,1.074260e-01
1200,56.2341,0.1,1.147550e-01
1225,56.2341,0.1,1.216030e-01
1250,56.2341,0.1,1.278040e-01
1275,56.2341,0.1,1.332560e-01
1300,56.2341,0.1,1.379280e-01
1325,56.2341,0.1,1.418460e-01
1350,56.2341,0.1,1.450740e-01
1375,56.2341,0.1,1.476980e-01
1400,56.2341,0.1,1.498120e-01
1425,56.2341,0.1,1.515060e-01
1450,56.2341,0.1,1.528590e-01
1475,56.2341,0.1,1.539410e-01
1500,56.2341,0.1,1.548080e-01
1525,56.2341,0.1,1.555070e-01
1550,56.2341,0.1,1.560760e-01
1575,56.2341,0.1,1.565430e-01
1600,56.2341,0.1,1.569330e-01
1625,56.2341,0.1,1.572650e-01
1650,56.2341,0.1,1.575520e-01
1675,56.2341,0.1,1.578070e-01
1700,56.2341,0.1,1.580390e-01
1725,56.2341,0.1,1.582560e-01
1750,56.2341,0.1,1.584630e-01
1775,56.2341,0.1,1.586670e-01
1800,56.2341,0.1,1.588710e-01
1825,56.2341,0.1,1.590780e-01
1850,56.2341,0.1,1.592930e-01
1875,56.2341,0.1,1.595170e-01
1900,56.2341,0.1,1.597530e-01
1925,56.2341,0.1,1.600020e-01
1950,56.2341,0.1,1.602680e-01
1975,56.2341,0.1,1.605510e-01
2000,56.2341,0.1,1.608530e-01
2025,56.2341,0.1,1.611770e-01
2050,56.2341,0.1,1.615220e-01
2075,56.2341,0.1,1.618910e-01
2100,56.2341,0.1,1.622840e-01
2125,56.2341,0.1,1.627040e-01
2150,56.2341,0.1,1.631520e-01
2175,56.2341,0.1,1.636280e-01
2200,56.2341,0.1,1.641330e-01
2225,56.2341,0.1,1.646700e-01
2250,56.2341,0.1,1.652380e-01
2275,56.2341,0.1,1.658400e-01
2300,56.2341,0.1,1.664750e-01
2325,56.2341,0.1,1.671460e-01
2350,56.2341,0.1,1.678520e-01
2375,56.2341,0.1,1.685950e-01
2400,56.2341,0.1,1.693760e-01
2425,56.2341,0.1,1.701950e-01
2450,56.2341,0.1,1.710530e-01
2475,56.2341,0.1,1.719510e-01
2500,56.2341,0.1,1.728890e-01
2525,56.2341,0.1,1.738680e-01
2550,56.2341,0.1,1.748880e-01
2575,56.2341,0.1,1.759500e-01
2600,56.2341,0.1,1.770550e-01
2625,56.2341,0.1,1.782010e-01
2650,56.2341,0.1,1.793900e-01
2675,56.2341,0.1,1.806220e-01
2700,56.2341,0.1,1.818960e-01
2725,56.2341,0.1,1.832120e-01
2750,56.2341,0.1,1.845710e-01
2775,56.2341,0.1,1.859720e-01
2800,56.2341,0.1,1.874160e-01
2825,56.2341,0.1,1.889000e-01
2850,56.2341,0.1,1.904260e-01
2875,56.2341,0.1,1.919920e-01
2900,56.2341,0.1,1.935990e-01
2925,56.2341,0.1,1.952450e-01
2950,56.2341,0.1,1.969300e-01
2975,56.2341,0.1,1.986530e-01
3000,56.2341,0.1,2.004140e-01
3025,56.2341,0.1,2.022120e-01
3050,56.2341,0.1,2.040470e-01
3075,56.2341,0.1,2.059170e-01
3100,56.2341,0.1,2.078220e-01
3125,56.2341,0.1,2.097620e-01
3150,56.2341,0.1,2.117370e-01
3175,56.2341,0.1,2.137450e-01
3200,56.2341,0.1,2.157880e-01
3225,56.2341,0.1,2.178650e-01
3250,56.2341,0.1,2.199760e-01
3275,56.2341,0.1,2.221230e-01
3300,56.2341,0.1,2.243050e-01
3325,56.2341,0.1,2.265250e-01
3350,56.2341,0.1,2.287850e-01
3375,56.2341,0.1,2.310860e-01
3400,56.2341,0.1,2.334310e-01
3425,56.2341,0.1,2.358250e-01
3450,56.2341,0.1,2.382720e-01
3475,56.2341,0.1,2.407760e-01
3500,56.2341,0.1,2.433440e-01
3525,56.2341,0.1,2.459840e-01
3550,56.2341,0.1,2.487050e-01
3575,56.2341,0.1,2.515160e-01
3600,56.2341,0.1,2.544300e-01
3625,56.2341,0.1,2.574620e-01
3650,56.2341,0.1,2.606260e-01
3675,56.2341,0.1,2.639430e-01
3700,56.2341,0.1,2.674330e-01
3725,56.2341,0.1,2.711220e-01
3750,56.2341,0.1,2.750380e-01
3775,56.2341,0.1,2.792150e-01
3800,56.2341,0.1,2.836890e-01
3825,56.2341,0.1,2.885060e-01
3850,56.2341,0.1,2.937140e-01
3875,56.2341,0.1,2.993710e-01
3900,56.2341,0.1,3.055410e-01
3925,56.2341,0.1,3.123010e-01
3950,56.2341,0.1,3.197360e-01
3975,56.2341,0.1,3.279470e-01
4000,56.2341,0.1,3.370460e-01
4025,56.2341,0.1,3.471660e-01
4050,56.2341,0.1,3.584590e-01
4075,56.2341,0.1,3.711020e-01
4100,56.2341,0.1,3.853000e-01
4125,56.2341,0.1,4.012920e-01
4150,56.2341,0.1,4.193580e-01
4175,56.2341,0.1,4.398280e-01
4200,56.2341,0.1,4.630890e-01
4225,56.2341,0.1,4.896050e-01
4250,56.2341,0.1,5.199290e-01
4275,56.2341,0.1,5.547280e-01
4300,56.2341,0.1,5.948100e-01
4325,56.2341,0.1,6.411690e-01
4350,56.2341,0.1,6.950340e-01
4375,56.2341,0.1,7.579470e-01
4400,56.2341,0.1,8.318660e-01
4425,56.2341,0.1,9.193140e-01
4450,56.2341,0.1,1.023600e+00
4475,56.2341,0.1,1.149150e+00
4500,56.2341,0.1,1.302010e+00
4525,56.2341,0.1,1.490670e+00
4550,56.2341,0.1,1.727470e+00
4575,56.2341,0.1,2.030910e+00
4600,56.2341,0.1,2.430230e+00
4625,56.2341,0.1,2.974220e+00
4650,56.2341,0.1,3.750920e+00
4675,56.2341,0.1,4.936330e+00
4700,56.2341,0.1,6.939220e+00
4725,56.2341,0.1,1.096640e+01
4750,56.2341,0.1,2.270890e+01
4775,56.2341,0.1,2.000000e+02
4800,56.2341,0.1,2.000000e+02
4825,56.2341,0.1,2.000000e+02
4850,56.2341,0.1,2.000000e+02
4875,56.2341,0.1,2.000000e+02
4900,56.2341,0.1,2.000000e+02
4925,56.2341,0.1,2.000000e+02
4950,56.2341,0.1,2.000000e+02
4975,56.2341,0.1,2.000000e+02
5000,56.2341,0.1,2.000000e+02
300,100,0.1,1.017540e-02
325,100,0.1,1.148260e-02
350,100,0.1,1.304370e-02
375,100,0.1,1.478720e-02
400,100,0.1,1.663790e-02
425,100,0.1,1.852970e-02
450,100,0.1,2.041080e-02
475,100,0.1,2.224420e-02
500,100,0.1,2.400600e-02
525,100,0.1,2.568210e-02
550,100,0.1,2.726600e-02
575,100,0.1,2.875620e-02
600,100,0.1,3.015520e-02
625,100,0.1,3.146840e-02
650,100,0.1,3.270380e-02
675,100,0.1,3.387200e-02
700,100,0.1,3.498680e-02
725,100,0.1,3.606590e-02
750,100,0.1,3.713130e-02
775,100,0.1,3.821070e-02
800,100,0.1,3.933790e-02
825,100,0.1,4.055340e-02
850,100,0.1,4.190500e-02
875,100,0.1,4.344750e-02
900,100,0.1,4.524190e-02
925,100,0.1,4.735420e-02
950,100,0.1,4.985310e-02
975,100,0.1,5.280630e-02
1000,100,0.1,5.627630e-02
1025,100,0.1,6.031440e-02
1050,100,0.1,6.495370e-02
1075,100,0.1,7.020170e-02
1100,100,0.1,7.603250e-02
1125,100,0.1,8.238070e-02
1150,100,0.1,8.913840e-02
1175,100,0.1,9.615780e-02
1200,100,0.1,1.032600e-01
1225,100,0.1,1.102500e-01
1250,100,0.1,1.169390e-01
1275,100,0.1,1.231650e-01
1300,100,0.1,1.288070e-01
1325,100,0.1,1.337960e-01
1350,100,0.1,1.381130e-01
1375,100,0.1,1.417810e-01
1400,100,0.1,1.448500e-01
1425,100,0.1,1.473890e-01
1450,100,0.1,1.494720e-01
1475,100,0.1,1.511720e-01
1500,100,0.1,1.525570e-01
1525,100,0.1,1.536840e-01
1550,100,0.1,1.546040e-01
1575,100,0.1,1.553590e-01
1600,100,0.1,1.559830e-01
1625,100,0.1,1.565050e-01
1650,100,0.1,1.569470e-01
1675,100,0.1,1.573280e-01
1700,100,0.1,1.576620e-01
1725,100,0.1,1.579610e-01
1750,100,0.1,1.582360e-01
1775,100,0.1,1.584940e-01
1800,100,0.1,1.587420e-01
1825,100,0.1,1.589850e-01
1850,100,0.1,1.592280e-01
1875,100,0.1,1.594760e-01
1900,100,0.1,1.597300e-01
1925,100,0.1,1.599950e-01
1950,100,0.1,1.602730e-01
1975,100,0.1,1.605650e-01
2000,100,0.1,1.608750e-01
2025,100,0.1,1.612040e-01
2050,100,0.1,1.615540e-01
2075,100,0.1,1.619260e-01
2100,100,0.1,1.623220e-01
2125,100,0.1,1.627430e-01
2150,100,0.1,1.631920e-01
2175,100,0.1,1.636680e-01
2200,100,0.1,1.641740e-01
2225,100,0.1,1.647100e-01
2250,100,0.1,1.652780e-01
2275,100,0.1,1.658790e-01
2300,100,0.1,1.665130e-01
2325,100,0.1,1.671830e-01
2350,100,0.1,1.678880e-01
2375,100,0.1,1.686300e-01
2400,100,0.1,1.694100e-01
2425,100,0.1,1.702280e-01
2450,100,0.1,1.710850e-01
2475,100,0.1,1.719830e-01
2500,100,0.1,1.729200e-01
2525,100,0.1,1.738990e-01
2550,100,0.1,1.749190e-01
2575,100,0.1,1.759810e-01
2600,100,0.1,1.770860e-01
2625,100,0.1,1.782330e-01
2650,100,0.1,1.794220e-01
2675,100,0.1,1.806550e-01
2700,100,0.1,1.819310e-01
2725,100,0.1,1.832490e-01
2750,100,0.1,1.846100e-01
2775,100,0.1,1.860140e-01
2800,100,0.1,1.874600e-01
2825,100,0.1,1.889490e-01
2850,100,0.1,1.904790e-01
2875,100,0.1,1.920490e-01
2900,100,0.1,1.936610e-01
2925,100,0.1,1.953120e-01
2950,100,0.1,1.970030e-01
2975,100,0.1,1.987320e-01
3000,100,0.1,2.005000e-01
3025,100,0.1,2.023040e-01
3050,100,0.1,2.041450e-01
3075,100,0.1,2.060210e-01
3100,100,0.1,2.079320e-01
3125,100,0.1,2.098770e-01
3150,100,0.1,2.118560e-01
3175,100,0.1,2.138680e-01
3200,100,0.1,2.159110e-01
3225,100,0.1,2.179870e-01
3250,100,0.1,2.200940e-01
3275,100,0.1,2.222330e-01
3300,100,0.1,2.244030e-01
3325,100,0.1,2.266050e-01
3350,100,0.1,2.288400e-01
3375,100,0.1,2.311070e-01
3400,100,0.1,2.334100e-01
3425,100,0.1,2.357480e-01
3450,100,0.1,2.381250e-01
3475,100,0.1,2.405430e-01
3500,100,0.1,2.430050e-01
3525,100,0.1,2.455150e-01
3550,100,0.1,2.480780e-01
3575,100,0.1,2.507000e-01
3600,100,0.1,2.533870e-01
3625,100,0.1,2.561470e-01
3650,100,0.1,2.589900e-01
3675,100,0.1,2.619250e-01
3700,100,0.1,2.649650e-01
3725,100,0.1,2.681240e-01
3750,100,0.1,2.714180e-01
3775,100,0.1,2.748660e-01
3800,100,0.1,2.784880e-01
3825,100,0.1,2.823100e-01
3850,100,0.1,2.863580e-01
3875,100,0.1,2.906640e-01
3900,100,0.1,2.952640e-01
3925,100,0.1,3.002000e-01
3950,100,0.1,3.055180e-01
3975,100,0.1,3.112710e-01
4000,100,0.1,3.175210e-01
4025,100,0.1,3.243360e-01
4050,100,0.1,3.317970e-01
4075,100,0.1,3.399920e-01
4100,100,0.1,3.490280e-01
4125,100,0.1,3.590210e-01
4150,100,0.1,3.701090e-01
4175,100,0.1,3.824490e-01
4200,100,0.1,3.962230e-01
4225,100,0.1,4.116410e-01
4250,100,0.1,4.289480e-01
4275,100,0.1,4.484280e-01
4300,100,0.1,4.704160e-01
4325,100,0.1,4.953060e-01
4350,100,0.1,5.235630e-01
4375,100,0.1,5.557460e-01
4400,100,0.1,5.925200e-01
4425,100,0.1,6.346960e-01
4450,100,0.1,6.832600e-01
4475,100,0.1,7.394330e-01
4500,100,0.1,8.047340e-01
4525,100,0.1,8.810870e-01
4550,100,0.1,9.709540e-01
4575,100,0.1,1.077550e+00
4600,100,0.1,1.205140e+00
4625,100,0.1,1.359500e+00
4650,100,0.1,1.548680e+00
4675,100,0.1,1.784200e+00
4700,100,0.1,2.083160e+00
4725,100,0.1,2.472060e+00
4750,100,0.1,2.994190e+00
4775,100,0.1,3.725400e+00
4800,100,0.1,4.811350e+00
4825,100,0.1,6.570680e+00
4850,100,0.1,9.854730e+00
4875,100,0.1,1.791460e+01
4900,100,0.1,6.276810e+01
4925,100,0.1,2.000000e+02
4950,100,0.1,2.000000e+02
4975,100,0.1,2.000000e+02
5000,100,0.1,2.000000e+02
300,177.828,0.1,1.017540e-02
325,177.828,0.1,1.148250e-02
350,177.828,0.1,1.304360e-02
375,177.828,0.1,1.478700e-02
400,177.828,0.1,1.663730e-02
425,177.828,0.1,1.852860e-02
450,177.828,0.1,2.040880e-02
475,177.828,0.1,2.224100e-02
500,177.828,0.1,2.400120e-02
525,177.828,0.1,2.567530e-02
550,177.828,0.1,2.725670e-02
575,177.828,0.1,2.874400e-02
600,177.828,0.1,3.013950e-02
625,177.828,0.1,3.144810e-02
650,177.828,0.1,3.267710e-02
675,177.828,0.1,3.383570e-02
700,177.828,0.1,3.493570e-02
725,177.828,0.1,3.599150e-02
750,177.828,0.1,3.702090e-02
775,177.828,0.1,3.804550e-02
800,177.828,0.1,3.909150e-02
825,177.828,0.1,4.019030e-02
850,177.828,0.1,4.137860e-02
875,177.828,0.1,4.269840e-02
900,177.828,0.1,4.419720e-02
925,177.828,0.1,4.592680e-02
950,177.828,0.1,4.794260e-02
975,177.828,0.1,5.030110e-02
1000,177.828,0.1,5.305770e-02
1025,177.828,0.1,5.626340e-02
1050,177.828,0.1,5.996020e-02
1075,177.828,0.1,6.417670e-02
1100,177.828,0.1,6.892230e-02
1125,177.828,0.1,7.418240e-02
1150,177.828,0.1,7.991340e-02
1175,177.828,0.1,8.604040e-02
1200,177.828,0.1,9.245740e-02
1225,177.828,0.1,9.903170e-02
1250,177.828,0.1,1.056130e-01
1275,177.828,0.1,1.120440e-01
1300,177.828,0.1,1.181800e-01
1325,177.828,0.1,1.238970e-01
1350,177.828,0.1,1.291060e-01
1375,177.828,0.1,1.337530e-01
1400,177.828,0.1,1.378250e-01
1425,177.828,0.1,1.413350e-01
1450,177.828,0.1,1.443220e-01
1475,177.828,0.1,1.468380e-01
1500,177.828,0.1,1.489410e-01
1525,177.828,0.1,1.506890e-01
1550,177.828,0.1,1.521390e-01
1575,177.828,0.1,1.533410e-01
1600,177.828,0.1,1.543390e-01
1625,177.828,0.1,1.551720e-01
1650,177.828,0.1,1.558720e-01
1675,177.828,0.1,1.564650e-01
1700,177.828,0.1,1.569740e-01
1725,177.828,0.1,1.574180e-01
1750,177.828,0.1,1.578100e-01
1775,177.828,0.1,1.581650e-01
1800,177.828,0.1,1.584920e-01
1825,177.828,0.1,1.588000e-01
1850,177.828,0.1,1.590960e-01
1875,177.828,0.1,1.593870e-01
1900,177.828,0.1,1.596760e-01
1925,177.828,0.1,1.599690e-01
1950,177.828,0.1,1.602690e-01
1975,177.828,0.1,1.605800e-01
2000,177.828,0.1,1.609040e-01
2025,177.828,0.1,1.612440e-01
2050,177.828,0.1,1.616020e-01
2075,177.828,0.1,1.619810e-01
2100,177.828,0.1,1.623820e-01
2125,177.828,0.1,1.628070e-01
2150,177.828,0.1,1.632570e-01
2175,177.828,0.1,1.637350e-01
2200,177.828,0.1,1.642410e-01
2225,177.828,0.1,1.647770e-01
2250,177.828,0.1,1.653440e-01
2275,177.828,0.1,1.659440e-01
2300,177.828,0.1,1.665770e-01
2325,177.828,0.1,1.672450e-01
2350,177.828,0.1,1.679480e-01
2375,177.828,0.1,1.686880e-01
2400,177.828,0.1,1.694660e-01
2425,177.828,0.1,1.702820e-01
2450,177.828,0.1,1.711370e-01
2475,177.828,0.1,1.720320e-01
2500,177.828,0.1,1.729680e-01
2525,177.828,0.1,1.739440e-01
2550,177.828,0.1,1.749630e-01
2575,177.828,0.1,1.760230e-01
2600,177.828,0.1,1.771260e-01
2625,177.828,0.1,1.782720e-01
2650,177.828,0.1,1.794610e-01
2675,177.828,0.1,1.806930e-01
2700,177.828,0.1,1.819680e-01
2725,177.828,0.1,1.832870e-01
2750,177.828,0.1,1.846490e-01
2775,177.828,0.1,1.860530e-01
2800,177.828,0.1,1.875000e-01
2825,177.828,0.1,1.889900e-01
2850,177.828,0.1,1.905220e-01
2875,177.828,0.1,1.920950e-01
2900,177.828,0.1,1.937090e-01
2925,177.828,0.1,1.953640e-01
2950,177.828,0.1,1.970580e-01
2975,177.828,0.1,1.987910e-01
3000,177.828,0.1,2.005620e-01
3025,177.828,0.1,2.023710e-01
3050,177.828,0.1,2.042160e-01
3075,177.828,0.1,2.060970e-01
3100,177.828,0.1,2.080120e-01
3125,177.828,0.1,2.099610e-01
3150,177.828,0.1,2.119440e-01
3175,177.828,0.1,2.139580e-01
3200,177.828,0.1,2.160040e-01
3225,177.828,0.1,2.180810e-01
3250,177.828,0.1,2.201870e-01
3275,177.828,0.1,2.223230e-01
3300,177.828,0.1,2.244870e-01
3325,177.828,0.1,2.266800e-01
3350,177.828,0.1,2.289010e-01
3375,177.828,0.1,2.311510e-01
3400,177.828,0.1,2.334290e-01
3425,177.828,0.1,2.357360e-01
3450,177.828,0.1,2.380720e-01
3475,177.828,0.1,2.404400e-01
3500,177.828,0.1,2.428400e-01
3525,177.828,0.1,2.452740e-01
3550,177.828,0.1,2.477450e-01
3575,177.828,0.1,2.502550e-01
3600,177.828,0.1,2.528080e-01
3625,177.828,0.1,2.554090e-01
3650,177.828,0.1,2.580610e-01
3675,177.828,0.1,2.607710e-01
3700,177.828,0.1,2.635460e-01
3725,177.828,0.1,2.663940e-01
3750,177.828,0.1,2.693230e-01
3775,177.828,0.1,2.723430e-01
3800,177.828,0.1,2.754680e-01
3825,177.828,0.1,2.787100e-01
3850,177.828,0.1,2.820850e-01
3875,177.828,0.1,2.856110e-01
3900,177.828,0.1,2.893070e-01
3925,177.828,0.1,2.931970e-01
3950,177.828,0.1,2.973070e-01
3975,177.828,0.1,3.016660e-01
4000,177.828,0.1,3.063070e-01
4025,177.828,0.1,3.112690e-01
4050,177.828,0.1,3.165940e-01
4075,177.828,0.1,3.223310e-01
4100,177.828,0.1,3.285350e-01
4125,177.828,0.1,3.352690e-01
4150,177.828,0.1,3.426030e-01
4175,177.828,0.1,3.506180e-01
4200,177.828,0.1,3.594070e-01
4225,177.828,0.1,3.690740e-01
4250,177.828,0.1,3.797370e-01
4275,177.828,0.1,3.915350e-01
4300,177.828,0.1,4.046240e-01
4325,177.828,0.1,4.191840e-01
4350,177.828,0.1,4.354230e-01
4375,177.828,0.1,4.535810e-01
4400,177.828,0.1,4.739370e-01
4425,177.828,0.1,4.968190e-01
4450,177.828,0.1,5.226090e-01
4475,177.828,0.1,5.517570e-01
4500,177.828,0.1,5.847990e-01
4525,177.828,0.1,6.223750e-01
4550,177.828,0.1,6.652540e-01
4575,177.828,0.1,7.143710e-01
4600,177.828,0.1,7.708720e-01
4625,177.828,0.1,8.361770e-01
4650,177.828,0.1,9.120650e-01
4675,177.828,0.1,1.000800e+00
4700,177.828,0.1,1.105290e+00
4725,177.828,0.1,1.229370e+00
4750,177.828,0.1,1.378160e+00
4775,177.828,0.1,1.558670e+00
4800,177.828,0.1,1.780760e+00
4825,177.828,0.1,2.058730e+00
4850,177.828,0.1,2.414130e+00
4875,177.828,0.1,2.881030e+00
4900,177.828,0.1,3.516440e+00
4925,177.828,0.1,4.423500e+00
4950,177.828,0.1,5.809240e+00
4975,177.828,0.1,8.157260e+00
5000,177.828,0.1,1.290880e+01
300,316.228,0.1,1.017540e-02
325,316.228,0.1,1.148250e-02
350,316.228,0.1,1.304360e-02
375,316.228,0.1,1.478670e-02
400,316.228,0.1,1.663690e-02
425,316.228,0.1,1.852770e-02
450,316.228,0.1,2.040730e-02
475,316.228,0.1,2.223860e-02
500,316.228,0.1,2.399760e-02
525,316.228,0.1,2.567020e-02
550,316.228,0.1,2.724980e-02
575,316.228,0.1,2.873490e-02
600,316.228,0.1,3.012780e-02
625,316.228,0.1,3.143300e-02
650,316.228,0.1,3.265730e-02
675,316.228,0.1,3.380900e-02
700,316.228,0.1,3.489830e-02
725,316.228,0.1,3.593740e-02
750,316.228,0.1,3.694070e-02
775,316.228,0.1,3.792570e-02
800,316.228,0.1,3.891300e-02
825,316.228,0.1,3.992710e-02
850,316.228,0.1,4.099630e-02
875,316.228,0.1,4.215310e-02
900,316.228,0.1,4.343440e-02
925,316.228,0.1,4.488050e-02
950,316.228,0.1,4.653510e-02
975,316.228,0.1,4.844410e-02
1000,316.228,0.1,5.065380e-02
1025,316.228,0.1,5.320940e-02
1050,316.228,0.1,5.615230e-02
1075,316.228,0.1,5.951720e-02
1100,316.228,0.1,6.332860e-02
1125,316.228,0.1,6.759750e-02
1150,316.228,0.1,7.231730e-02
1175,316.228,0.1,7.746070e-02
1200,316.228,0.1,8.297770e-02
1225,316.228,0.1,8.879480e-02
1250,316.228,0.1,9.481680e-02
1275,316.228,0.1,1.009310e-01
1300,316.228,0.1,1.070170e-01
1325,316.228,0.1,1.129490e-01
1350,316.228,0.1,1.186160e-01
1375,316.228,0.1,1.239210e-01
1400,316.228,0.1,1.287950e-01
1425,316.228,0.1,1.331930e-01
1450,316.228,0.1,1.371000e-01
1475,316.228,0.1,1.405240e-01
1500,316.228,0.1,1.434880e-01
1525,316.228,0.1,1.460300e-01
1550,316.228,0.1,1.481950e-01
1575,316.228,0.1,1.500300e-01
1600,316.228,0.1,1.515790e-01
1625,316.228,0.1,1.528870e-01
1650,316.228,0.1,1.539920e-01
1675,316.228,0.1,1.549280e-01
1700,316.228,0.1,1.557270e-01
1725,316.228,0.1,1.564130e-01
1750,316.228,0.1,1.570090e-01
1775,316.228,0.1,1.575320e-01
1800,316.228,0.1,1.580000e-01
1825,316.228,0.1,1.584240e-01
1850,316.228,0.1,1.588160e-01
1875,316.228,0.1,1.591850e-01
1900,316.228,0.1,1.595400e-01
1925,316.228,0.1,1.598860e-01
1950,316.228,0.1,1.602300e-01
1975,316.228,0.1,1.605760e-01
2000,316.228,0.1,1.609280e-01
2025,316.228,0.1,1.612910e-01
2050,316.228,0.1,1.616670e-01
2075,316.228,0.1,1.620590e-01
2100,316.228,0.1,1.624710e-01
2125,316.228,0.1,1.629030e-01
2150,316.228,0.1,1.633590e-01
2175,316.228,0.1,1.638400e-01
2200,316.228,0.1,1.643480e-01
2225,316.228,0.1,1.648850e-01
2250,316.228,0.1,1.654520e-01
2275,316.228,0.1,1.660500e-01
2300,316.228,0.1,1.666810e-01
2325,316.228,0.1,1.673470e-01
2350,316.228,0.1,1.680470e-01
2375,316.228,0.1,1.687840e-01
2400,316.228,0.1,1.695580e-01
2425,316.228,0.1,1.703700e-01
2450,316.228,0.1,1.712210e-01
2475,316.228,0.1,1.721120e-01
2500,316.228,0.1,1.730430e-01
2525,316.228,0.1,1.740160e-01
2550,316.228,0.1,1.750310e-01
2575,316.228,0.1,1.760870e-01
2600,316.228,0.1,1.771870e-01
2625,316.228,0.1,1.783290e-01
2650,316.228,0.1,1.795150e-01
2675,316.228,0.1,1.807440e-01
2700,316.228,0.1,1.820170e-01
2725,316.228,0.1,1.833330e-01
2750,316.228,0.1,1.846920e-01
2775,316.228,0.1,1.860950e-01
2800,316.228,0.1,1.875410e-01
2825,316.228,0.1,1.890290e-01
2850,316.228,0.1,1.905600e-01
2875,316.228,0.1,1.921330e-01
2900,316.228,0.1,1.937480e-01
2925,316.228,0.1,1.954030e-01
2950,316.228,0.1,1.970980e-01
2975,316.228,0.1,1.988320e-01
3000,316.228,0.1,2.006050e-01
3025,316.228,0.1,2.024150e-01
3050,316.228,0.1,2.042620e-01
3075,316.228,0.1,2.061460e-01
3100,316.228,0.1,2.080630e-01
3125,316.228,0.1,2.100150e-01
3150,316.228,0.1,2.120000e-01
3175,316.228,0.1,2.140160e-01
3200,316.228,0.1,2.160640e-01
3225,316.228,0.1,2.181410e-01
3250,316.228,0.1,2.202470e-01
3275,316.228,0.1,2.223820e-01
3300,316.228,0.1,2.245430e-01
3325,316.228,0.1,2.267320e-01
3350,316.228,0.1,2.289460e-01
3375,316.228,0.1,2.311850e-01
3400,316.228,0.1,2.334490e-01
3425,316.228,0.1,2.357380e-01
3450,316.228,0.1,2.380510e-01
3475,316.228,0.1,2.403890e-01
3500,316.228,0.1,2.427530e-01
3525,316.228,0.1,2.451420e-01
3550,316.228,0.1,2.475570e-01
3575,316.228,0.1,2.500010e-01
3600,316.228,0.1,2.524740e-01
3625,316.228,0.1,2.549780e-01
3650,316.228,0.1,2.575170e-01
3675,316.228,0.1,2.600920e-01
3700,316.228,0.1,2.627090e-01
3725,316.228,0.1,2.653700e-01
3750,316.228,0.1,2.680810e-01
3775,316.228,0.1,2.708470e-01
3800,316.228,0.1,2.736760e-01
3825,316.228,0.1,2.765740e-01
3850,316.228,0.1,2.795510e-01
3875,316.228,0.1,2.826160e-01
3900,316.228,0.1,2.857820e-01
3925,316.228,0.1,2.890600e-01
3950,316.228,0.1,2.924650e-01
3975,316.228,0.1,2.960140e-01
4000,316.228,0.1,2.997250e-01
4025,316.228,0.1,3.036200e-01
4050,316.228,0.1,3.077230e-01
4075,316.228,0.1,3.120590e-01
4100,316.228,0.1,3.166600e-01
4125,316.228,0.1,3.215600e-01
4150,316.228,0.1,3.267970e-01
4175,316.228,0.1,3.324140e-01
4200,316.228,0.1,3.384600e-01
4225,316.228,0.1,3.449900e-01
4250,316.228,0.1,3.520670e-01
4275,316.228,0.1,3.597600e-01
4300,316.228,0.1,3.681500e-01
4325,316.228,0.1,3.773260e-01
4350,316.228,0.1,3.873900e-01
4375,316.228,0.1,3.984590e-01
4400,316.228,0.1,4.106650e-01
4425,316.228,0.1,4.241580e-01
4450,316.228,0.1,4.391110e-01
4475,316.228,0.1,4.557210e-01
4500,316.228,0.1,4.742180e-01
4525,316.228,0.1,4.948640e-01
4550,316.228,0.1,5.179660e-01
4575,316.228,0.1,5.438800e-01
4600,316.228,0.1,5.730240e-01
4625,316.228,0.1,6.058920e-01
4650,316.228,0.1,6.430680e-01
4675,316.228,0.1,6.852510e-01
4700,316.228,0.1,7.332840e-01
4725,316.228,0.1,7.881890e-01
4750,316.228,0.1,8.512210e-01
4775,316.228,0.1,9.239360e-01
4800,316.228,0.1,1.008290e+00
4825,316.228,0.1,1.106760e+00
4850,316.228,0.1,1.222560e+00
4875,316.228,0.1,1.359910e+00
4900,316.228,0.1,1.524480e+00
4925,316.228,0.1,1.724020e+00
4950,316.228,0.1,1.969500e+00
4975,316.228,0.1,2.276870e+00
5000,316.228,0.1,2.670260e+00
300,562.341,0.1,1.017540e-02
325,562.341,0.1,1.148250e-02
350,562.341,0.1,1.304350e-02
375,562.341,0.1,1.478660e-02
400,562.341,0.1,1.663650e-02
425,562.341,0.1,1.852700e-02
450,562.341,0.1,2.040610e-02
475,562.341,0.1,2.223680e-02
500,562.341,0.1,2.399490e-02
525,562.341,0.1,2.566640e-02
550,562.341,0.1,2.724460e-02
575,562.341,0.1,2.872810e-02
600,562.341,0.1,3.011900e-02
625,562.341,0.1,3.142180e-02
650,562.341,0.1,3.264270e-02
675,562.341,0.1,3.378930e-02
700,562.341,0.1,3.487080e-02
725,562.341,0.1,3.589770e-02
750,562.341,0.1,3.688210e-02
775,562.341,0.1,3.783820e-02
800,562.341,0.1,3.878280e-02
825,562.341,0.1,3.973500e-02
850,562.341,0.1,4.071710e-02
875,562.341,0.1,4.175440e-02
900,562.341,0.1,4.287540e-02
925,562.341,0.1,4.411160e-02
950,562.341,0.1,4.549730e-02
975,562.341,0.1,4.706870e-02
1000,562.341,0.1,4.886360e-02
1025,562.341,0.1,5.091990e-02
1050,562.341,0.1,5.327420e-02
1075,562.341,0.1,5.596030e-02
1100,562.341,0.1,5.900670e-02
1125,562.341,0.1,6.243460e-02
1150,562.341,0.1,6.625560e-02
1175,562.341,0.1,7.046870e-02
1200,562.341,0.1,7.505830e-02
1225,562.341,0.1,7.999250e-02
1250,562.341,0.1,8.522220e-02
1275,562.341,0.1,9.068170e-02
1300,562.341,0.1,9.629050e-02
1325,562.341,0.1,1.019570e-01
1350,562.341,0.1,1.075850e-01
1375,562.341,0.1,1.130770e-01
1400,562.341,0.1,1.183450e-01
1425,562.341,0.1,1.233140e-01
1450,562.341,0.1,1.279250e-01
1475,562.341,0.1,1.321410e-01
1500,562.341,0.1,1.359420e-01
1525,562.341,0.1,1.393280e-01
1550,562.341,0.1,1.423140e-01
1575,562.341,0.1,1.449230e-01
1600,562.341,0.1,1.471880e-01
1625,562.341,0.1,1.491430e-01
1650,562.341,0.1,1.508250e-01
1675,562.341,0.1,1.522710e-01
1700,562.341,0.1,1.535140e-01
1725,562.341,0.1,1.545840e-01
1750,562.341,0.1,1.555100e-01
1775,562.341,0.1,1.563160e-01
1800,562.341,0.1,1.570230e-01
1825,562.341,0.1,1.576500e-01
1850,562.341,0.1,1.582140e-01
1875,562.341,0.1,1.587270e-01
1900,562.341,0.1,1.592020e-01
1925,562.341,0.1,1.596480e-01
1950,562.341,0.1,1.600750e-01
1975,562.341,0.1,1.604900e-01
2000,562.341,0.1,1.608990e-01
2025,562.341,0.1,1.613080e-01
2050,562.341,0.1,1.617210e-01
2075,562.341,0.1,1.621440e-01
2100,562.341,0.1,1.625790e-01
2125,562.341,0.1,1.630300e-01
2150,562.341,0.1,1.635000e-01
2175,562.341,0.1,1.639910e-01
2200,562.341,0.1,1.645060e-01
2225,562.341,0.1,1.650470e-01
2250,562.341,0.1,1.656160e-01
2275,562.341,0.1,1.662140e-01
2300,562.341,0.1,1.668440e-01
2325,562.341,0.1,1.675070e-01
2350,562.341,0.1,1.682030e-01
2375,562.341,0.1,1.689350e-01
2400,562.341,0.1,1.697040e-01
2425,562.341,0.1,1.705100e-01
2450,562.341,0.1,1.713560e-01
2475,562.341,0.1,1.722400e-01
2500,562.341,0.1,1.731650e-01
2525,562.341,0.1,1.741310e-01
2550,562.341,0.1,1.751380e-01
2575,562.341,0.1,1.761880e-01
2600,562.341,0.1,1.772810e-01
2625,562.341,0.1,1.784170e-01
2650,562.341,0.1,1.795960e-01
2675,562.341,0.1,1.808180e-01
2700,562.341,0.1,1.820850e-01
2725,562.341,0.1,1.833950e-01
2750,562.341,0.1,1.847490e-01
2775,562.341,0.1,1.861470e-01
2800,562.341,0.1,1.875880e-01
2825,562.341,0.1,1.890720e-01
2850,562.341,0.1,1.905990e-01
2875,562.341,0.1,1.921680e-01
2900,562.341,0.1,1.937790e-01
2925,562.341,0.1,1.954320e-01
2950,562.341,0.1,1.971240e-01
2975,562.341,0.1,1.988570e-01
3000,562.341,0.1,2.006280e-01
3025,562.341,0.1,2.024370e-01
3050,562.341,0.1,2.042840e-01
3075,562.341,0.1,2.061670e-01
3100,562.341,0.1,2.080840e-01
3125,562.341,0.1,2.100360e-01
3150,562.341,0.1,2.120210e-01
3175,562.341,0.1,2.140380e-01
3200,562.341,0.1,2.160850e-01
3225,562.341,0.1,2.181620e-01
3250,562.341,0.1,2.202680e-01
3275,562.341,0.1,2.224010e-01
3300,562.341,0.1,2.245610e-01
3325,562.341,0.1,2.267460e-01
3350,562.341,0.1,2.289560e-01
3375,562.341,0.1,2.311890e-01
3400,562.341,0.1,2.334440e-01
3425,562.341,0.1,2.357220e-01
3450,562.341,0.1,2.380220e-01
3475,562.341,0.1,2.403420e-01
3500,562.341,0.1,2.426830e-01
3525,562.341,0.1,2.450450e-01
3550,562.341,0.1,2.474270e-01
3575,562.341,0.1,2.498300e-01
3600,562.341,0.1,2.522540e-01
3625,562.341,0.1,2.547000e-01
3650,562.341,0.1,2.571690e-01
3675,562.341,0.1,2.596630e-01
3700,562.341,0.1,2.621830e-01
3725,562.341,0.1,2.647310e-01
3750,562.341,0.1,2.673090e-01
3775,562.341,0.1,2.699220e-01
3800,562.341,0.1,2.725710e-01
3825,562.341,0.1,2.752630e-01
3850,562.341,0.1,2.780000e-01
3875,562.341,0.1,2.807890e-01
3900,562.341,0.1,2.836370e-01
3925,562.341,0.1,2.865490e-01
3950,562.341,0.1,2.895350e-01
3975,562.341,0.1,2.926040e-01
4000,562.341,0.1,2.957670e-01
4025,562.341,0.1,2.990350e-01
4050,562.341,0.1,3.024210e-01
4075,562.341,0.1,3.059410e-01
4100,562.341,0.1,3.096110e-01
4125,562.341,0.1,3.134520e-01
4150,562.341,0.1,3.174830e-01
4175,562.341,0.1,3.217290e-01
4200,562.341,0.1,3.262170e-01
4225,562.341,0.1,3.309760e-01
4250,562.341,0.1,3.360410e-01
4275,562.341,0.1,3.414490e-01
4300,562.341,0.1,3.472430e-01
4325,562.341,0.1,3.534700e-01
4350,562.341,0.1,3.601840e-01
4375,562.341,0.1,3.674440e-01
4400,562.341,0.1,3.753170e-01
4425,562.341,0.1,3.838810e-01
4450,562.341,0.1,3.932190e-01
4475,562.341,0.1,4.034280e-01
4500,562.341,0.1,4.146180e-01
4525,562.341,0.1,4.269120e-01
4550,562.341,0.1,4.404500e-01
4575,562.341,0.1,4.553920e-01
4600,562.341,0.1,4.719180e-01
4625,562.341,0.1,4.902390e-01
4650,562.341,0.1,5.105930e-01
4675,562.341,0.1,5.332560e-01
4700,562.341,0.1,5.585480e-01
4725,562.341,0.1,5.868410e-01
4750,562.341,0.1,6.185700e-01
4775,562.341,0.1,6.542480e-01
4800,562.341,0.1,6.944790e-01
4825,562.341,0.1,7.399890e-01
4850,562.341,0.1,7.916450e-01
4875,562.341,0.1,8.505020e-01
4900,562.341,0.1,9.178490e-01
4925,562.341,0.1,9.952810e-01
4950,562.341,0.1,1.084800e+00
4975,562.341,0.1,1.188930e+00
5000,562.341,0.1,1.310930e+00
300,1000,0.1,1.017540e-02
325,1000,0.1,1.148250e-02
350,1000,0.1,1.304340e-02
375,1000,0.1,1.478650e-02
400,1000,0.1,1.663630e-02
425,1000,0.1,1.852650e-02
450,1000,0.1,2.040530e-02
475,1000,0.1,2.223540e-02
500,1000,0.1,2.399290e-02
525,1000,0.1,2.566350e-02
550,1000,0.1,2.724070e-02
575,1000,0.1,2.872300e-02
600,1000,0.1,3.011250e-02
625,1000,0.1,3.141340e-02
650,1000,0.1,3.263170e-02
675,1000,0.1,3.377470e-02
700,1000,0.1,3.485050e-02
725,1000,0.1,3.586840e-02
750,1000,0.1,3.683900e-02
775,1000,0.1,3.777410e-02
800,1000,0.1,3.868730e-02
825,1000,0.1,3.959420e-02
850,1000,0.1,4.051230e-02
875,1000,0.1,4.146160e-02
900,1000,0.1,4.246430e-02
925,1000,0.1,4.354500e-02
950,1000,0.1,4.473050e-02
975,1000,0.1,4.604930e-02
1000,1000,0.1,4.753160e-02
1025,1000,0.1,4.920820e-02
1050,1000,0.1,5.110990e-02
1075,1000,0.1,5.326630e-02
1100,1000,0.1,5.570480e-02
1125,1000,0.1,5.844910e-02
1150,1000,0.1,6.151750e-02
1175,1000,0.1,6.492120e-02
1200,1000,0.1,6.866300e-02
1225,1000,0.1,7.273540e-02
1250,1000,0.1,7.711930e-02
1275,1000,0.1,8.178340e-02
1300,1000,0.1,8.668390e-02
1325,1000,0.1,9.176540e-02
1350,1000,0.1,9.696260e-02
1375,1000,0.1,1.022030e-01
1400,1000,0.1,1.074110e-01
1425,1000,0.1,1.125110e-01
1450,1000,0.1,1.174340e-01
1475,1000,0.1,1.221180e-01
1500,1000,0.1,1.265150e-01
1525,1000,0.1,1.305900e-01
1550,1000,0.1,1.343230e-01
1575,1000,0.1,1.377050e-01
1600,1000,0.1,1.407410e-01
1625,1000,0.1,1.434450e-01
1650,1000,0.1,1.458370e-01
1675,1000,0.1,1.479430e-01
1700,1000,0.1,1.497900e-01
1725,1000,0.1,1.514060e-01
1750,1000,0.1,1.528200e-01
1775,1000,0.1,1.540580e-01
1800,1000,0.1,1.551440e-01
1825,1000,0.1,1.561030e-01
1850,1000,0.1,1.569540e-01
1875,1000,0.1,1.577150e-01
1900,1000,0.1,1.584030e-01
1925,1000,0.1,1.590310e-01
1950,1000,0.1,1.596130e-01
1975,1000,0.1,1.601590e-01
2000,1000,0.1,1.606790e-01
2025,1000,0.1,1.611810e-01
2050,1000,0.1,1.616720e-01
2075,1000,0.1,1.621580e-01
2100,1000,0.1,1.626460e-01
2125,1000,0.1,1.631390e-01
2150,1000,0.1,1.636430e-01
2175,1000,0.1,1.641610e-01
2200,1000,0.1,1.646970e-01
2225,1000,0.1,1.652530e-01
2250,1000,0.1,1.658330e-01
2275,1000,0.1,1.664380e-01
2300,1000,0.1,1.670720e-01
2325,1000,0.1,1.677350e-01
2350,1000,0.1,1.684300e-01
2375,1000,0.1,1.691590e-01
2400,1000,0.1,1.699220e-01
2425,1000,0.1,1.707220e-01
2450,1000,0.1,1.715590e-01
2475,1000,0.1,1.724350e-01
2500,1000,0.1,1.733510e-01
2525,1000,0.1,1.743070e-01
2550,1000,0.1,1.753040e-01
2575,1000,0.1,1.763430e-01
2600,1000,0.1,1.774250e-01
2625,1000,0.1,1.785500e-01
2650,1000,0.1,1.797180e-01
2675,1000,0.1,1.809300e-01
2700,1000,0.1,1.821850e-01
2725,1000,0.1,1.834850e-01
2750,1000,0.1,1.848290e-01
2775,1000,0.1,1.862170e-01
2800,1000,0.1,1.876480e-01
2825,1000,0.1,1.891230e-01
2850,1000,0.1,1.906410e-01
2875,1000,0.1,1.922020e-01
2900,1000,0.1,1.938060e-01
2925,1000,0.1,1.954510e-01
2950,1000,0.1,1.971360e-01
2975,1000,0.1,1.988630e-01
3000,1000,0.1,2.006280e-01
3025,1000,0.1,2.024320e-01
3050,1000,0.1,2.042740e-01
3075,1000,0.1,2.061530e-01
3100,1000,0.1,2.080670e-01
3125,1000,0.1,2.100150e-01
3150,1000,0.1,2.119970e-01
3175,1000,0.1,2.140110e-01
3200,1000,0.1,2.160560e-01
3225,1000,0.1,2.181310e-01
3250,1000,0.1,2.202340e-01
3275,1000,0.1,2.223650e-01
3300,1000,0.1,2.245220e-01
3325,1000,0.1,2.267040e-01
3350,1000,0.1,2.289100e-01
3375,1000,0.1,2.311380e-01
3400,1000,0.1,2.333880e-01
3425,1000,0.1,2.356590e-01
3450,1000,0.1,2.379490e-01
3475,1000,0.1,2.402590e-01
3500,1000,0.1,2.425860e-01
3525,1000,0.1,2.449300e-01
3550,1000,0.1,2.472920e-01
3575,1000,0.1,2.496700e-01
3600,1000,0.1,2.520640e-01
3625,1000,0.1,2.544740e-01
3650,1000,0.1,2.569010e-01
3675,1000,0.1,2.593440e-01
3700,1000,0.1,2.618040e-01
3725,1000,0.1,2.642820e-01
3750,1000,0.1,2.667800e-01
3775,1000,0.1,2.692980e-01
3800,1000,0.1,2.718380e-01
3825,1000,0.1,2.744020e-01
3850,1000,0.1,2.769930e-01
3875,1000,0.1,2.796140e-01
3900,1000,0.1,2.822680e-01
3925,1000,0.1,2.849590e-01
3950,1000,0.1,2.876920e-01
3975,1000,0.1,2.904710e-01
4000,1000,0.1,2.933040e-01
4025,1000,0.1,2.961950e-01
4050,1000,0.1,2.991540e-01
4075,1000,0.1,3.021880e-01
4100,1000,0.1,3.053070e-01
4125,1000,0.1,3.085220e-01
4150,1000,0.1,3.118450e-01
4175,1000,0.1,3.152890e-01
4200,1000,0.1,3.188690e-01
4225,1000,0.1,3.226020e-01
4250,1000,0.1,3.265070e-01
4275,1000,0.1,3.306040e-01
4300,1000,0.1,3.349180e-01
4325,1000,0.1,3.394730e-01
4350,1000,0.1,3.443000e-01
4375,1000,0.1,3.494290e-01
4400,1000,0.1,3.548980e-01
4425,1000,0.1,3.607460e-01
4450,1000,0.1,3.670190e-01
4475,1000,0.1,3.737660e-01
4500,1000,0.1,3.810430e-01
4525,1000,0.1,3.889130e-01
4550,1000,0.1,3.974470e-01
4575,1000,0.1,4.067210e-01
4600,1000,0.1,4.168250e-01
4625,1000,0.1,4.278590e-01
4650,1000,0.1,4.399320e-01
4675,1000,0.1,4.531720e-01
4700,1000,0.1,4.677200e-01
4725,1000,0.1,4.837390e-01
4750,1000,0.1,5.014120e-01
4775,1000,0.1,5.209490e-01
4800,1000,0.1,5.425890e-01
4825,1000,0.1,5.666090e-01
4850,1000,0.1,5.933260e-01
4875,1000,0.1,6.231100e-01
4900,1000,0.1,6.563910e-01
4925,1000,0.1,6.936720e-01
4950,1000,0.1,7.355490e-01
4975,1000,0.1,7.827260e-01
5000,1000,0.1,8.360480e-01
300,0.001,0.2,0.000000e+00
325,0.001,0.2,0.000000e+00
350,0.001,0.2,0.000000e+00
375,0.001,0.2,0.000000e+00
400,0.001,0.2,0.000000e+00
425,0.001,0.2,0.000000e+00
450,0.001,0.2,0.000000e+00
475,0.001,0.2,0.000000e+00
500,0.001,0.2,0.000000e+00
525,0.001,0.2,0.000000e+00
550,0.001,0.2,0.000000e+00
575,0.001,0.2,2.033110e-03
600,0.001,0.2,9.807340e-03
625,0.001,0.2,1.944410e-02
650,0.001,0.2,3.205040e-02
675,0.001,0.2,4.877130e-02
700,0.001,0.2,6.966970e-02
725,0.001,0.2,9.230680e-02
750,0.001,0.2,1.120430e-01
775,0.001,0.2,1.255300e-01
800,0.001,0.2,1.331010e-01
825,0.001,0.2,1.369110e-01
850,0.001,0.2,1.387620e-01
875,0.001,0.2,1.396650e-01
900,0.001,0.2,1.401170e-01
925,0.001,0.2,1.403510e-01
950,0.001,0.2,1.404760e-01
975,0.001,0.2,1.405440e-01
1000,0.001,0.2,1.405840e-01
1025,0.001,0.2,1.406070e-01
1050,0.001,0.2,1.406210e-01
1075,0.001,0.2,1.406310e-01
1100,0.001,0.2,1.406380e-01
1125,0.001,0.2,1.406440e-01
1150,0.001,0.2,1.406500e-01
1175,0.001,0.2,1.406550e-01
1200,0.001,0.2,1.406620e-01
1225,0.001,0.2,1.406700e-01
1250,0.001,0.2,1.406790e-01
1275,0.001,0.2,1.406900e-01
1300,0.001,0.2,1.407030e-01
1325,0.001,0.2,1.407200e-01
1350,0.001,0.2,1.407390e-01
1375,0.001,0.2,1.407620e-01
1400,0.001,0.2,1.407900e-01
1425,0.001,0.2,1.408220e-01
1450,0.001,0.2,1.408600e-01
1475,0.001,0.2,1.409040e-01
1500,0.001,0.2,1.409560e-01
1525,0.001,0.2,1.410150e-01
1550,0.001,0.2,1.410820e-01
1575,0.001,0.2,1.411600e-01
1600,0.001,0.2,1.412480e-01
1625,0.001,0.2,1.413470e-01
1650,0.001,0.2,1.414590e-01
1675,0.001,0.2,1.415840e-01
1700,0.001,0.2,1.417240e-01
1725,0.001,0.2,1.418800e-01
1750,0.001,0.2,1.420530e-01
1775,0.001,0.2,1.422440e-01
1800,0.001,0.2,1.424550e-01
1825,0.001,0.2,1.426860e-01
1850,0.001,0.2,1.429390e-01
1875,0.001,0.2,1.432150e-01
1900,0.001,0.2,1.435140e-01
1925,0.001,0.2,1.438390e-01
1950,0.001,0.2,1.441890e-01
1975,0.001,0.2,1.445660e-01
2000,0.001,0.2,1.449700e-01
2025,0.001,0.2,1.454010e-01
2050,0.001,0.2,1.458600e-01
2075,0.001,0.2,1.463470e-01
2100,0.001,0.2,1.468610e-01
2125,0.001,0.2,1.474010e-01
2150,0.001,0.2,1.479670e-01
2175,0.001,0.2,1.485560e-01
2200,0.001,0.2,1.491680e-01
2225,0.001,0.2,1.498010e-01
2250,0.001,0.2,1.504520e-01
2275,0.001,0.2,1.511210e-01
2300,0.001,0.2,1.518050e-01
2325,0.001,0.2,1.525050e-01
2350,0.001,0.2,1.532230e-01
2375,0.001,0.2,1.539640e-01
2400,0.001,0.2,1.547360e-01
2425,0.001,0.2,1.555550e-01
2450,0.001,0.2,1.564440e-01
2475,0.001,0.2,1.574400e-01
2500,0.001,0.2,1.585930e-01
2525,0.001,0.2,1.599780e-01
2550,0.001,0.2,1.616980e-01
2575,0.001,0.2,1.638910e-01
2600,0.001,0.2,1.667500e-01
2625,0.001,0.2,1.705320e-01
2650,0.001,0.2,1.755810e-01
2675,0.001,0.2,1.823610e-01
2700,0.001,0.2,1.914890e-01
2725,0.001,0.2,2.037940e-01
2750,0.001,0.2,2.203920e-01
2775,0.001,0.2,2.427980e-01
2800,0.001,0.2,2.730860e-01
2825,0.001,0.2,3.141430e-01
2850,0.001,0.2,3.700670e-01
2875,0.001,0.2,4.468330e-01
2900,0.001,0.2,5.534620e-01
2925,0.001,0.2,7.042090e-01
2950,0.001,0.2,9.229890e-01
2975,0.001,0.2,1.253240e+00
3000,0.001,0.2,1.783080e+00
3025,0.001,0.2,2.722670e+00
3050,0.001,0.2,4.726880e+00
3075,0.001,0.2,1.136000e+01
3100,0.001,0.2,2.000000e+02
3125,0.001,0.2,2.000000e+02
3150,0.001,0.2,2.000000e+02
3175,0.001,0.2,2.000000e+02
3200,0.001,0.2,2.000000e+02
3225,0.001,0.2,2.000000e+02
3250,0.001,0.2,2.000000e+02
3275,0.001,0.2,2.000000e+02
3300,0.001,0.2,2.000000e+02
3325,0.001,0.2,2.000000e+02
3350,0.001,0.2,2.000000e+02
3375,0.001,0.2,2.000000e+02
3400,0.001,0.2,2.000000e+02
3425,0.001,0.2,2.000000e+02
3450,0.001,0.2,2.000000e+02
3475,0.001,0.2,2.000000e+02
3500,0.001,0.2,2.000000e+02
3525,0.001,0.2,2.000000e+02
3550,0.001,0.2,2.000000e+02
3575,0.001,0.2,2.000000e+02
3600,0.001,0.2,2.000000e+02
3625,0.001,0.2,2.000000e+02
3650,0.001,0.2,2.000000e+02
3675,0.001,0.2,2.000000e+02
3700,0.001,0.2,2.000000e+02
3725,0.001,0.2,2.000000e+02
3750,0.001,0.2,2.000000e+02
3775,0.001,0.2,2.000000e+02
3800,0.001,0.2,2.000000e+02
3825,0.001,0.2,2.000000e+02
3850,0.001,0.2,2.000000e+02
3875,0.001,0.2,2.000000e+02
3900,0.001,0.2,2.000000e+02
3925,0.001,0.2,2.000000e+02
3950,0.001,0.2,2.000000e+02
3975,0.001,0.2,2.000000e+02
4000,0.001,0.2,2.000000e+02
4025,0.001,0.2,2.000000e+02
4050,0.001,0.2,2.000000e+02
4075,0.001,0.2,2.000000e+02
4100,0.001,0.2,2.000000e+02
4125,0.001,0.2,2.000000e+02
4150,0.001,0.2,2.000000e+02
4175,0.001,0.2,2.000000e+02
4200,0.001,0.2,2.000000e+02
4225,0.001,0.2,2.000000e+02
4250,0.001,0.2,2.000000e+02
4275,0.001,0.2,2.000000e+02
4300,0.001,0.2,2.000000e+02
4325,0.001,0.2,2.000000e+02
4350,0.001,0.2,2.000000e+02
4375,0.001,0.2,2.000000e+02
4400,0.001,0.2,2.000000e+02
4425,0.001,0.2,2.000000e+02
4450,0.001,0.2,2.000000e+02
4475,0.001,0.2,2.000000e+02
4500,0.001,0.2,2.000000e+02
4525,0.001,0.2,2.000000e+02
4550,0.001,0.2,2.000000e+02
4575,0.001,0.2,2.000000e+02
4600,0.001,0.2,2.000000e+02
4625,0.001,0.2,2.000000e+02
4650,0.001,0.2,2.000000e+02
4675,0.001,0.2,2.000000e+02
4700,0.001,0.2,2.000000e+02
4725,0.001,0.2,2.000000e+02
4750,0.001,0.2,2.000000e+02
4775,0.001,0.2,2.000000e+02
4800,0.001,0.2,2.000000e+02
4825,0.001,0.2,2.000000e+02
4850,0.001,0.2,2.000000e+02
4875,0.001,0.2,2.000000e+02
4900,0.001,0.2,2.000000e+02
4925,0.001,0.2,2.000000e+02
4950,0.001,0.2,2.000000e+02
4975,0.001,0.2,2.000000e+02
5000,0.001,0.2,2.000000e+02
300,0.00177828,0.2,0.000000e+00
325,0.00177828,0.2,0.000000e+00
350,0.00177828,0.2,0.000000e+00
375,0.00177828,0.2,0.000000e+00
400,0.00177828,0.2,0.000000e+00
425,0.00177828,0.2,0.000000e+00
450,0.00177828,0.2,0.000000e+00
475,0.00177828,0.2,0.000000e+00
500,0.00177828,0.2,0.000000e+00
525,0.00177828,0.2,0.000000e+00
550,0.00177828,0.2,0.000000e+00
575,0.00177828,0.2,0.000000e+00
600,0.00177828,0.2,5.439060e-03
625,0.00177828,0.2,1.382540e-02
650,0.00177828,0.2,2.462870e-02
675,0.00177828,0.2,3.888270e-02
700,0.00177828,0.2,5.722310e-02
725,0.00177828,0.2,7.872010e-02
750,0.00177828,0.2,1.000790e-01
775,0.00177828,0.2,1.171560e-01
800,0.00177828,0.2,1.281650e-01
825,0.00177828,0.2,1.342480e-01
850,0.00177828,0.2,1.373600e-01
875,0.00177828,0.2,1.389220e-01
900,0.00177828,0.2,1.397140e-01
925,0.00177828,0.2,1.401260e-01
950,0.00177828,0.2,1.403470e-01
975,0.00177828,0.2,1.404680e-01
1000,0.00177828,0.2,1.405380e-01
1025,0.00177828,0.2,1.405780e-01
1050,0.00177828,0.2,1.406030e-01
1075,0.00177828,0.2,1.406200e-01
1100,0.00177828,0.2,1.406310e-01
1125,0.00177828,0.2,1.406390e-01
1150,0.00177828,0.2,1.406460e-01
1175,0.00177828,0.2,1.406530e-01
1200,0.00177828,0.2,1.406600e-01
1225,0.00177828,0.2,1.406680e-01
1250,0.00177828,0.2,1.406780e-01
1275,0.00177828,0.2,1.406890e-01
1300,0.00177828,0.2,1.407030e-01
1325,0.00177828,0.2,1.407190e-01
1350,0.00177828,0.2,1.407390e-01
1375,0.00177828,0.2,1.407620e-01
1400,0.00177828,0.2,1.407900e-01
1425,0.00177828,0.2,1.408220e-01
1450,0.00177828,0.2,1.408600e-01
1475,0.00177828,0.2,1.409040e-01
1500,0.00177828,0.2,1.409560e-01
1525,0.00177828,0.2,1.410150e-01
1550,0.00177828,0.2,1.410820e-01
1575,0.00177828,0.2,1.411600e-01
1600,0.00177828,0.2,1.412480e-01
1625,0.00177828,0.2,1.413470e-01
1650,0.00177828,0.2,1.414590e-01
1675,0.00177828,0.2,1.415840e-01
1700,0.00177828,0.2,1.417250e-01
1725,0.00177828,0.2,1.418810e-01
1750,0.00177828,0.2,1.420540e-01
1775,0.00177828,0.2,1.422460e-01
1800,0.00177828,0.2,1.424570e-01
1825,0.00177828,0.2,1.426900e-01
1850,0.00177828,0.2,1.429440e-01
1875,0.00177828,0.2,1.432210e-01
1900,0.00177828,0.2,1.435230e-01
1925,0.00177828,0.2,1.438510e-01
1950,0.00177828,0.2,1.442050e-01
1975,0.00177828,0.2,1.445870e-01
2000,0.00177828,0.2,1.449970e-01
2025,0.00177828,0.2,1.454360e-01
2050,0.00177828,0.2,1.459060e-01
2075,0.00177828,0.2,1.464050e-01
2100,0.00177828,0.2,1.469350e-01
2125,0.00177828,0.2,1.474940e-01
2150,0.00177828,0.2,1.480830e-01
2175,0.00177828,0.2,1.487010e-01
2200,0.00177828,0.2,1.493470e-01
2225,0.00177828,0.2,1.500190e-01
2250,0.00177828,0.2,1.507170e-01
2275,0.00177828,0.2,1.514370e-01
2300,0.00177828,0.2,1.521800e-01
2325,0.00177828,0.2,1.529440e-01
2350,0.00177828,0.2,1.537270e-01
2375,0.00177828,0.2,1.545330e-01
2400,0.00177828,0.2,1.553620e-01
2425,0.00177828,0.2,1.562220e-01
2450,0.00177828,0.2,1.571230e-01
2475,0.00177828,0.2,1.580820e-01
2500,0.00177828,0.2,1.591260e-01
2525,0.00177828,0.2,1.602930e-01
2550,0.00177828,0.2,1.616370e-01
2575,0.00177828,0.2,1.632360e-01
2600,0.00177828,0.2,1.651950e-01
2625,0.00177828,0.2,1.676570e-01
2650,0.00177828,0.2,1.708150e-01
2675,0.00177828,0.2,1.749270e-01
2700,0.00177828,0.2,1.803360e-01
2725,0.00177828,0.2,1.874970e-01
2750,0.00177828,0.2,1.970120e-01
2775,0.00177828,0.2,2.096840e-01
2800,0.00177828,0.2,2.265810e-01
2825,0.00177828,0.2,2.491400e-01
2850,0.00177828,0.2,2.793090e-01
2875,0.00177828,0.2,3.197730e-01
2900,0.00177828,0.2,3.742970e-01
2925,0.00177828,0.2,4.483030e-01
2950,0.00177828,0.2,5.498500e-01
2975,0.00177828,0.2,6.914320e-01
3000,0.00177828,0.2,8.935110e-01
3025,0.00177828,0.2,1.192070e+00
3050,0.00177828,0.2,1.656870e+00
3075,0.00177828,0.2,2.443260e+00
3100,0.00177828,0.2,3.981440e+00
3125,0.00177828,0.2,8.056830e+00
3150,0.00177828,0.2,4.137740e+01
3175,0.00177828,0.2,2.000000e+02
3200,0.00177828,0.2,2.000000e+02
3225,0.00177828,0.2,2.000000e+02
3250,0.00177828,0.2,2.000000e+02
3275,0.00177828,0.2,2.000000e+02
3300,0.00177828,0.2,2.000000e+02
3325,0.00177828,0.2,2.000000e+02
3350,0.00177828,0.2,2.000000e+02
3375,0.00177828,0.2,2.000000e+02
3400,0.00177828,0.2,2.000000e+02
3425,0.00177828,0.2,2.000000e+02
3450,0.00177828,0.2,2.000000e+02
3475,0.00177828,0.2,2.000000e+02
3500,0.00177828,0.2,2.000000e+02
3525,0.00177828,0.2,2.000000e+02
3550,0.00177828,0.2,2.000000e+02
3575,0.00177828,0.2,2.000000e+02
3600,0.00177828,0.2,2.000000e+02
3625,0.00177828,0.2,2.000000e+02
3650,0.00177828,0.2,2.000000e+02
3675,0.00177828,0.2,2.000000e+02
3700,0.00177828,0.2,2.000000e+02
3725,0.00177828,0.2,2.000000e+02
3750,0.00177828,0.2,2.000000e+02
3775,0.00177828,0.2,2.000000e+02
3800,0.00177828,0.2,2.000000e+02
3825,0.00177828,0.2,2.000000e+02
3850,0.00177828,0.2,2.000000e+02
3875,0.00177828,0.2,2.000000e+02
3900,0.00177828,0.2,2.000000e+02
3925,0.00177828,0.2,2.000000e+02
3950,0.00177828,0.2,2.000000e+02
3975,0.00177828,0.2,2.000000e+02
4000,0.00177828,0.2,2.000000e+02
4025,0.00177828,0.2,2.000000e+02
4050,0.00177828,0.2,2.000000e+02
4075,0.00177828,0.2,2.000000e+02
4100,0.00177828,0.2,2.000000e+02
4125,0.00177828,0.2,2.000000e+02
4150,0.00177828,0.2,2.000000e+02
4175,0.00177828,0.2,2.000000e+02
4200,0.00177828,0.2,2.000000e+02
4225,0.00177828,0.2,2.000000e+02
4250,0.00177828,0.2,2.000000e+02
4275,0.00177828,0.2,2.000000e+02
4300,0.00177828,0.2,2.000000e+02
4325,0.00177828,0.2,2.000000e+02
4350,0.00177828,0.2,2.000000e+02
4375,0.00177828,0.2,2.000000e+02
4400,0.00177828,0.2,2.000000e+02
4425,0.00177828,0.2,2.000000e+02
4450,0.00177828,0.2,2.000000e+02
4475,0.00177828,0.2,2.000000e+02
4500,0.00177828,0.2,2.000000e+02
4525,0.00177828,0.2,2.000000e+02
4550,0.00177828,0.2,2.000000e+02
4575,0.00177828,0.2,2.000000e+02
4600,0.00177828,0.2,2.000000e+02
4625,0.00177828,0.2,2.000000e+02
4650,0.00177828,0.2,2.000000e+02
4675,0.00177828,0.2,2.000000e+02
4700,0.00177828,0.2,2.000000e+02
4725,0.00177828,0.2,2.000000e+02
4750,0.00177828,0.2,2.000000e+02
4775,0.00177828,0.2,2.000000e+02
4800,0.00177828,0.2,2.000000e+02
4825,0.00177828,0.2,2.000000e+02
4850,0.00177828,0.2,2.000000e+02
4875,0.00177828,0.2,2.000000e+02
4900,0.00177828,0.2,2.000000e+02
4925,0.00177828,0.2,2.000000e+02
4950,0.00177828,0.2,2.000000e+02
4975,0.00177828,0.2,2.000000e+02
5000,0.00177828,0.2,2.000000e+02
300,0.00316228,0.2,0.000000e+00
325,0.00316228,0.2,0.000000e+00
350,0.00316228,0.2,0.000000e+00
375,0.00316228,0.2,0.000000e+00
400,0.00316228,0.2,0.000000e+00
425,0.00316228,0.2,0.000000e+00
450,0.00316228,0.2,0.000000e+00
475,0.00316228,0.2,0.000000e+00
500,0.00316228,0.2,0.000000e+00
525,0.00316228,0.2,0.000000e+00
550,0.00316228,0.2,0.000000e+00
575,0.00316228,0.2,0.000000e+00
600,0.00316228,0.2,1.754000e-03
625,0.00316228,0.2,8.908470e-03
650,0.00316228,0.2,1.811580e-02
675,0.00316228,0.2,3.019520e-02
700,0.00316228,0.2,4.593910e-02
725,0.00316228,0.2,6.534240e-02
750,0.00316228,0.2,8.661450e-02
775,0.00316228,0.2,1.061770e-01
800,0.00316228,0.2,1.208190e-01
825,0.00316228,0.2,1.299440e-01
850,0.00316228,0.2,1.349900e-01
875,0.00316228,0.2,1.376350e-01
900,0.00316228,0.2,1.390080e-01
925,0.00316228,0.2,1.397290e-01
950,0.00316228,0.2,1.401180e-01
975,0.00316228,0.2,1.403330e-01
1000,0.00316228,0.2,1.404560e-01
1025,0.00316228,0.2,1.405280e-01
1050,0.00316228,0.2,1.405710e-01
1075,0.00316228,0.2,1.405990e-01
1100,0.00316228,0.2,1.406170e-01
1125,0.00316228,0.2,1.406300e-01
1150,0.00316228,0.2,1.406400e-01
1175,0.00316228,0.2,1.406490e-01
1200,0.00316228,0.2,1.406570e-01
1225,0.00316228,0.2,1.406660e-01
1250,0.00316228,0.2,1.406770e-01
1275,0.00316228,0.2,1.406880e-01
1300,0.00316228,0.2,1.407020e-01
1325,0.00316228,0.2,1.407190e-01
1350,0.00316228,0.2,1.407380e-01
1375,0.00316228,0.2,1.407620e-01
1400,0.00316228,0.2,1.407890e-01
1425,0.00316228,0.2,1.408220e-01
1450,0.00316228,0.2,1.408600e-01
1475,0.00316228,0.2,1.409040e-01
1500,0.00316228,0.2,1.409560e-01
1525,0.00316228,0.2,1.410150e-01
1550,0.00316228,0.2,1.410830e-01
1575,0.00316228,0.2,1.411600e-01
1600,0.00316228,0.2,1.412480e-01
1625,0.00316228,0.2,1.413470e-01
1650,0.00316228,0.2,1.414590e-01
1675,0.00316228,0.2,1.415850e-01
1700,0.00316228,0.2,1.417250e-01
1725,0.00316228,0.2,1.418820e-01
1750,0.00316228,0.2,1.420550e-01
1775,0.00316228,0.2,1.422470e-01
1800,0.00316228,0.2,1.424590e-01
1825,0.00316228,0.2,1.426920e-01
1850,0.00316228,0.2,1.429470e-01
1875,0.00316228,0.2,1.432260e-01
1900,0.00316228,0.2,1.435300e-01
1925,0.00316228,0.2,1.438590e-01
1950,0.00316228,0.2,1.442170e-01
1975,0.00316228,0.2,1.446020e-01
2000,0.00316228,0.2,1.450170e-01
2025,0.00316228,0.2,1.454630e-01
2050,0.00316228,0.2,1.459400e-01
2075,0.00316228,0.2,1.464490e-01
2100,0.00316228,0.2,1.469900e-01
2125,0.00316228,0.2,1.475650e-01
2150,0.00316228,0.2,1.481720e-01
2175,0.00316228,0.2,1.488120e-01
2200,0.00316228,0.2,1.494840e-01
2225,0.00316228,0.2,1.501880e-01
2250,0.00316228,0.2,1.509230e-01
2275,0.00316228,0.2,1.516860e-01
2300,0.00316228,0.2,1.524780e-01
2325,0.00316228,0.2,1.532970e-01
2350,0.00316228,0.2,1.541420e-01
2375,0.00316228,0.2,1.550120e-01
2400,0.00316228,0.2,1.559070e-01
2425,0.00316228,0.2,1.568300e-01
2450,0.00316228,0.2,1.577830e-01
2475,0.00316228,0.2,1.587760e-01
2500,0.00316228,0.2,1.598200e-01
2525,0.00316228,0.2,1.609340e-01
2550,0.00316228,0.2,1.621450e-01
2575,0.00316228,0.2,1.634940e-01
2600,0.00316228,0.2,1.650380e-01
2625,0.00316228,0.2,1.668540e-01
2650,0.00316228,0.2,1.690480e-01
2675,0.00316228,0.2,1.717630e-01
2700,0.00316228,0.2,1.751890e-01
2725,0.00316228,0.2,1.795770e-01
2750,0.00316228,0.2,1.852610e-01
2775,0.00316228,0.2,1.926770e-01
2800,0.00316228,0.2,2.024000e-01
2825,0.00316228,0.2,2.151870e-01
2850,0.00316228,0.2,2.320370e-01
2875,0.00316228,0.2,2.542810e-01
2900,0.00316228,0.2,2.837050e-01
2925,0.00316228,0.2,3.227440e-01
2950,0.00316228,0.2,3.747670e-01
2975,0.00316228,0.2,4.445560e-01
3000,0.00316228,0.2,5.390970e-01
3025,0.00316228,0.2,6.689920e-01
3050,0.00316228,0.2,8.511360e-01
3075,0.00316228,0.2,1.114210e+00
3100,0.00316228,0.2,1.511140e+00
3125,0.00316228,0.2,2.151750e+00
3150,0.00316228,0.2,3.307120e+00
3175,0.00316228,0.2,5.874790e+00
3200,0.00316228,0.2,1.558240e+01
3225,0.00316228,0.2,2.000000e+02
3250,0.00316228,0.2,2.000000e+02
3275,0.00316228,0.2,2.000000e+02
3300,0.00316228,0.2,2.000000e+02
3325,0.00316228,0.2,2.000000e+02
3350,0.00316228,0.2,2.000000e+02
3375,0.00316228,0.2,2.000000e+02
3400,0.00316228,0.2,2.000000e+02
3425,0.00316228,0.2,2.000000e+02
3450,0.00316228,0.2,2.000000e+02
3475,0.00316228,0.2,2.000000e+02
3500,0.00316228,0.2,2.000000e+02
3525,0.00316228,0.2,2.000000e+02
3550,0.00316228,0.2,2.000000e+02
3575,0.00316228,0.2,2.000000e+02
3600,0.00316228,0.2,2.000000e+02
3625,0.00316228,0.2,2.000000e+02
3650,0.00316228,0.2,2.000000e+02
3675,0.00316228,0.2,2.000000e+02
3700,0.00316228,0.2,2.000000e+02
3725,0.00316228,0.2,2.000000e+02
3750,0.00316228,0.2,2.000000e+02
3775,0.00316228,0.2,2.000000e+02
3800,0.00316228,0.2,2.000000e+02
3825,0.00316228,0.2,2.000000e+02
3850,0.00316228,0.2,2.000000e+02
3875,0.00316228,0.2,2.000000e+02
3900,0.00316228,0.2,2.000000e+02
3925,0.00316228,0.2,2.000000e+02
3950,0.00316228,0.2,2.000000e+02
3975,0.00316228,0.2,2.000000e+02
4000,0.00316228,0.2,2.000000e+02
4025,0.00316228,0.2,2.000000e+02
4050,0.00316228,0.2,2.000000e+02
4075,0.00316228,0.2,2.000000e+02
4100,0.00316228,0.2,2.000000e+02
4125,0.00316228,0.2,2.000000e+02
4150,0.00316228,0.2,2.000000e+02
4175,0.00316228,0.2,2.000000e+02
4200,0.00316228,0.2,2.000000e+02
4225,0.00316228,0.2,2.000000e+02
4250,0.00316228,0.2,2.000000e+02
4275,0.00316228,0.2,2.000000e+02
4300,0.00316228,0.2,2.000000e+02
4325,0.00316228,0.2,2.000000e+02
4350,0.00316228,0.2,2.000000e+02
4375,0.00316228,0.2,2.000000e+02
4400,0.00316228,0.2,2.000000e+02
4425,0.00316228,0.2,2.000000e+02
4450,0.00316228,0.2,2.000000e+02
4475,0.00316228,0.2,2.000000e+02
4500,0.00316228,0.2,2.000000e+02
4525,0.00316228,0.2,2.000000e+02
4550,0.00316228,0.2,2.000000e+02
4575,0.00316228,0.2,2.000000e+02
4600,0.00316228,0.2,2.000000e+02
4625,0.00316228,0.2,2.000000e+02
4650,0.00316228,0.2,2.000000e+02
4675,0.00316228,0.2,2.000000e+02
4700,0.00316228,0.2,2.000000e+02
4725,0.00316228,0.2,2.000000e+02
4750,0.00316228,0.2,2.000000e+02
4775,0.00316228,0.2,2.000000e+02
4800,0.00316228,0.2,2.000000e+02
4825,0.00316228,0.2,2.000000e+02
4850,0.00316228,0.2,2.000000e+02
4875,0.00316228,0.2,2.000000e+02
4900,0.00316228,0.2,2.000000e+02
4925,0.00316228,0.2,2.000000e+02
4950,0.00316228,0.2,2.000000e+02
4975,0.00316228,0.2,2.000000e+02
5000,0.00316228,0.2,2.000000e+02
300,0.00562341,0.2,0.000000e+00
325,0.00562341,0.2,0.000000e+00
350,0.00562341,0.2,0.000000e+00
375,0.00562341,0.2,0.000000e+00
400,0.00562341,0.2,0.000000e+00
425,0.00562341,0.2,0.000000e+00
450,0.00562341,0.2,0.000000e+00
475,0.00562341,0.2,0.000000e+00
500,0.00562341,0.2,0.000000e+00
525,0.00562341,0.2,0.000000e+00
550,0.00562341,0.2,0.000000e+00
575,0.00562341,0.2,0.000000e+00
600,0.00562341,0.2,0.000000e+00
625,0.00562341,0.2,4.800510e-03
650,0.00562341,0.2,1.251440e-02
675,0.00562341,0.2,2.265870e-02
700,0.00562341,0.2,3.597050e-02
725,0.00562341,0.2,5.287820e-02
750,0.00562341,0.2,7.272730e-02
775,0.00562341,0.2,9.315210e-02
800,0.00562341,0.2,1.107730e-01
825,0.00562341,0.2,1.233770e-01
850,0.00562341,0.2,1.311160e-01
875,0.00562341,0.2,1.354480e-01
900,0.00562341,0.2,1.377820e-01
925,0.00562341,0.2,1.390340e-01
950,0.00562341,0.2,1.397150e-01
975,0.00562341,0.2,1.400940e-01
1000,0.00562341,0.2,1.403110e-01
1025,0.00562341,0.2,1.404380e-01
1050,0.00562341,0.2,1.405140e-01
1075,0.00562341,0.2,1.405620e-01
1100,0.00562341,0.2,1.405930e-01
1125,0.00562341,0.2,1.406140e-01
1150,0.00562341,0.2,1.406290e-01
1175,0.00562341,0.2,1.406410e-01
1200,0.00562341,0.2,1.406520e-01
1225,0.00562341,0.2,1.406630e-01
1250,0.00562341,0.2,1.406740e-01
1275,0.00562341,0.2,1.406860e-01
1300,0.00562341,0.2,1.407010e-01
1325,0.00562341,0.2,1.407180e-01
1350,0.00562341,0.2,1.407380e-01
1375,0.00562341,0.2,1.407610e-01
1400,0.00562341,0.2,1.407890e-01
1425,0.00562341,0.2,1.408220e-01
1450,0.00562341,0.2,1.408600e-01
1475,0.00562341,0.2,1.409040e-01
1500,0.00562341,0.2,1.409560e-01
1525,0.00562341,0.2,1.410150e-01
1550,0.00562341,0.2,1.410830e-01
1575,0.00562341,0.2,1.411600e-01
1600,0.00562341,0.2,1.412480e-01
1625,0.00562341,0.2,1.413470e-01
1650,0.00562341,0.2,1.414590e-01
1675,0.00562341,0.2,1.415850e-01
1700,0.00562341,0.2,1.417260e-01
1725,0.00562341,0.2,1.418820e-01
1750,0.00562341,0.2,1.420560e-01
1775,0.00562341,0.2,1.422490e-01
1800,0.00562341,0.2,1.424610e-01
1825,0.00562341,0.2,1.426940e-01
1850,0.00562341,0.2,1.429500e-01
1875,0.00562341,0.2,1.432300e-01
1900,0.00562341,0.2,1.435350e-01
1925,0.00562341,0.2,1.438660e-01
1950,0.00562341,0.2,1.442250e-01
1975,0.00562341,0.2,1.446140e-01
2000,0.00562341,0.2,1.450330e-01
2025,0.00562341,0.2,1.454830e-01
2050,0.00562341,0.2,1.459660e-01
2075,0.00562341,0.2,1.464820e-01
2100,0.00562341,0.2,1.470330e-01
2125,0.00562341,0.2,1.476180e-01
2150,0.00562341,0.2,1.482400e-01
2175,0.00562341,0.2,1.488960e-01
2200,0.00562341,0.2,1.495890e-01
2225,0.00562341,0.2,1.503180e-01
2250,0.00562341,0.2,1.510810e-01
2275,0.00562341,0.2,1.518800e-01
2300,0.00562341,0.2,1.527110e-01
2325,0.00562341,0.2,1.535760e-01
2350,0.00562341,0.2,1.544730e-01
2375,0.00562341,0.2,1.554000e-01
2400,0.00562341,0.2,1.563570e-01
2425,0.00562341,0.2,1.573450e-01
2450,0.00562341,0.2,1.583640e-01
2475,0.00562341,0.2,1.594160e-01
2500,0.00562341,0.2,1.605070e-01
2525,0.00562341,0.2,1.616460e-01
2550,0.00562341,0.2,1.628460e-01
2575,0.00562341,0.2,1.641260e-01
2600,0.00562341,0.2,1.655170e-01
2625,0.00562341,0.2,1.670570e-01
2650,0.00562341,0.2,1.688060e-01
2675,0.00562341,0.2,1.708380e-01
2700,0.00562341,0.2,1.732590e-01
2725,0.00562341,0.2,1.762070e-01
2750,0.00562341,0.2,1.798640e-01
2775,0.00562341,0.2,1.844720e-01
2800,0.00562341,0.2,1.903440e-01
2825,0.00562341,0.2,1.978920e-01
2850,0.00562341,0.2,2.076500e-01
2875,0.00562341,0.2,2.203160e-01
2900,0.00562341,0.2,2.368040e-01
2925,0.00562341,0.2,2.583190e-01
2950,0.00562341,0.2,2.864610e-01
2975,0.00562341,0.2,3.233830e-01
3000,0.00562341,0.2,3.720270e-01
3025,0.00562341,0.2,4.365020e-01
3050,0.00562341,0.2,5.226990e-01
3075,0.00562341,0.2,6.393520e-01
3100,0.00562341,0.2,7.999840e-01
3125,0.00562341,0.2,1.026710e+00
3150,0.00562341,0.2,1.358350e+00
3175,0.00562341,0.2,1.869990e+00
3200,0.00562341,0.2,2.728170e+00
3225,0.00562341,0.2,4.390450e+00
3250,0.00562341,0.2,8.723510e+00
3275,0.00562341,0.2,4.115480e+01
3300,0.00562341,0.2,2.000000e+02
3325,0.00562341,0.2,2.000000e+02
3350,0.00562341,0.2,2.000000e+02
3375,0.00562341,0.2,2.000000e+02
3400,0.00562341,0.2,2.000000e+02
3425,0.00562341,0.2,2.000000e+02
3450,0.00562341,0.2,2.000000e+02
3475,0.00562341,0.2,2.000000e+02
3500,0.00562341,0.2,2.000000e+02
3525,0.00562341,0.2,2.000000e+02
3550,0.00562341,0.2,2.000000e+02
3575,0.00562341,0.2,2.000000e+02
3600,0.00562341,0.2,2.000000e+02
3625,0.00562341,0.2,2.000000e+02
3650,0.00562341,0.2,2.000000e+02
3675,0.00562341,0.2,2.000000e+02
3700,0.00562341,0.2,2.000000e+02
3725,0.00562341,0.2,2.000000e+02
3750,0.00562341,0.2,2.000000e+02
3775,0.00562341,0.2,2.000000e+02
3800,0.00562341,0.2,2.000000e+02
3825,0.00562341,0.2,2.000000e+02
3850,0.00562341,0.2,2.000000e+02
3875,0.00562341,0.2,2.000000e+02
3900,0.00562341,0.2,2.000000e+02
3925,0.00562341,0.2,2.000000e+02
3950,0.00562341,0.2,2.000000e+02
3975,0.00562341,0.2,2.000000e+02
4000,0.00562341,0.2,2.000000e+02
4025,0.00562341,0.2,2.000000e+02
4050,0.00562341,0.2,2.000000e+02
4075,0.00562341,0.2,2.000000e+02
4100,0.00562341,0.2,2.000000e+02
4125,0.00562341,0.2,2.000000e+02
4150,0.00562341,0.2,2.000000e+02
4175,0.00562341,0.2,2.000000e+02
4200,0.00562341,0.2,2.000000e+02
4225,0.00562341,0.2,2.000000e+02
4250,0.00562341,0.2,2.000000e+02
4275,0.00562341,0.2,2.000000e+02
4300,0.00562341,0.2,2.000000e+02
4325,0.00562341,0.2,2.000000e+02
4350,0.00562341,0.2,2.000000e+02
4375,0.00562341,0.2,2.000000e+02
4400,0.00562341,0.2,2.000000e+02
4425,0.00562341,0.2,2.000000e+02
4450,0.00562341,0.2,2.000000e+02
4475,0.00562341,0.2,2.000000e+02
4500,0.00562341,0.2,2.000000e+02
4525,0.00562341,0.2,2.000000e+02
4550,0.00562341,0.2,2.000000e+02
4575,0.00562341,0.2,2.000000e+02
4600,0.00562341,0.2,2.000000e+02
4625,0.00562341,0.2,2.000000e+02
4650,0.00562341,0.2,2.000000e+02
4675,0.00562341,0.2,2.000000e+02
4700,0.00562341,0.2,2.000000e+02
4725,0.00562341,0.2,2.000000e+02
4750,0.00562341,0.2,2.000000e+02
4775,0.00562341,0.2,2.000000e+02
4800,0.00562341,0.2,2.000000e+02
4825,0.00562341,0.2,2.000000e+02
4850,0.00562341,0.2,2.000000e+02
4875,0.00562341,0.2,2.000000e+02
4900,0.00562341,0.2,2.000000e+02
4925,0.00562341,0.2,2.000000e+02
4950,0.00562341,0.2,2.000000e+02
4975,0.00562341,0.2,2.000000e+02
5000,0.00562341,0.2,2.000000e+02
300,0.01,0.2,0.000000e+00
325,0.01,0.2,0.000000e+00
350,0.01,0.2,0.000000e+00
375,0.01,0.2,0.000000e+00
400,0.01,0.2,0.000000e+00
425,0.01,0.2,0.000000e+00
450,0.01,0.2,0.000000e+00
475,0.01,0.2,0.000000e+00
500,0.01,0.2,0.000000e+00
525,0.01,0.2,0.000000e+00
550,0.01,0.2,0.000000e+00
575,0.01,0.2,0.000000e+00
600,0.01,0.2,0.000000e+00
625,0.01,0.2,1.615970e-03
650,0.01,0.2,7.894670e-03
675,0.01,0.2,1.626580e-02
700,0.01,0.2,2.735460e-02
725,0.01,0.2,4.171900e-02
750,0.01,0.2,5.936990e-02
775,0.01,0.2,7.910750e-02
800,0.01,0.2,9.832070e-02
825,0.01,0.2,1.141110e-01
850,0.01,0.2,1.251030e-01
875,0.01,0.2,1.318460e-01
900,0.01,0.2,1.356930e-01
925,0.01,0.2,1.378260e-01
950,0.01,0.2,1.390090e-01
975,0.01,0.2,1.396730e-01
1000,0.01,0.2,1.400540e-01
1025,0.01,0.2,1.402780e-01
1050,0.01,0.2,1.404130e-01
1075,0.01,0.2,1.404970e-01
1100,0.01,0.2,1.405500e-01
1125,0.01,0.2,1.405850e-01
1150,0.01,0.2,1.406100e-01
1175,0.01,0.2,1.406280e-01
1200,0.01,0.2,1.406430e-01
1225,0.01,0.2,1.406560e-01
1250,0.01,0.2,1.406690e-01
1275,0.01,0.2,1.406830e-01
1300,0.01,0.2,1.406990e-01
1325,0.01,0.2,1.407160e-01
1350,0.01,0.2,1.407370e-01
1375,0.01,0.2,1.407610e-01
1400,0.01,0.2,1.407890e-01
1425,0.01,0.2,1.408210e-01
1450,0.01,0.2,1.408600e-01
1475,0.01,0.2,1.409040e-01
1500,0.01,0.2,1.409550e-01
1525,0.01,0.2,1.410150e-01
1550,0.01,0.2,1.410830e-01
1575,0.01,0.2,1.411600e-01
1600,0.01,0.2,1.412480e-01
1625,0.01,0.2,1.413470e-01
1650,0.01,0.2,1.414590e-01
1675,0.01,0.2,1.415850e-01
1700,0.01,0.2,1.417260e-01
1725,0.01,0.2,1.418830e-01
1750,0.01,0.2,1.420570e-01
1775,0.01,0.2,1.422490e-01
1800,0.01,0.2,1.424620e-01
1825,0.01,0.2,1.426960e-01
1850,0.01,0.2,1.429520e-01
1875,0.01,0.2,1.432330e-01
1900,0.01,0.2,1.435380e-01
1925,0.01,0.2,1.438710e-01
1950,0.01,0.2,1.442320e-01
1975,0.01,0.2,1.446230e-01
2000,0.01,0.2,1.450440e-01
2025,0.01,0.2,1.454980e-01
2050,0.01,0.2,1.459850e-01
2075,0.01,0.2,1.465070e-01
2100,0.01,0.2,1.470650e-01
2125,0.01,0.2,1.476590e-01
2150,0.01,0.2,1.482910e-01
2175,0.01,0.2,1.489600e-01
2200,0.01,0.2,1.496690e-01
2225,0.01,0.2,1.504160e-01
2250,0.01,0.2,1.512030e-01
2275,0.01,0.2,1.520280e-01
2300,0.01,0.2,1.528910e-01
2325,0.01,0.2,1.537930e-01
2350,0.01,0.2,1.547320e-01
2375,0.01,0.2,1.557070e-01
2400,0.01,0.2,1.567180e-01
2425,0.01,0.2,1.577640e-01
2450,0.01,0.2,1.588450e-01
2475,0.01,0.2,1.599620e-01
2500,0.01,0.2,1.611160e-01
2525,0.01,0.2,1.623100e-01
2550,0.01,0.2,1.635510e-01
2575,0.01,0.2,1.648490e-01
2600,0.01,0.2,1.662160e-01
2625,0.01,0.2,1.676740e-01
2650,0.01,0.2,1.692520e-01
2675,0.01,0.2,1.709910e-01
2700,0.01,0.2,1.729460e-01
2725,0.01,0.2,1.751920e-01
2750,0.01,0.2,1.778280e-01
2775,0.01,0.2,1.809860e-01
2800,0.01,0.2,1.848390e-01
2825,0.01,0.2,1.896090e-01
2850,0.01,0.2,1.955900e-01
2875,0.01,0.2,2.031560e-01
2900,0.01,0.2,2.127960e-01
2925,0.01,0.2,2.251390e-01
2950,0.01,0.2,2.410020e-01
2975,0.01,0.2,2.614530e-01
3000,0.01,0.2,2.878930e-01
3025,0.01,0.2,3.221830e-01
3050,0.01,0.2,3.668330e-01
3075,0.01,0.2,4.252900e-01
3100,0.01,0.2,5.023970e-01
3125,0.01,0.2,6.051680e-01
3150,0.01,0.2,7.441430e-01
3175,0.01,0.2,9.359140e-01
3200,0.01,0.2,1.208220e+00
3225,0.01,0.2,1.611220e+00
3250,0.01,0.2,2.245920e+00
3275,0.01,0.2,3.350280e+00
3300,0.01,0.2,5.648510e+00
3325,0.01,0.2,1.285000e+01
3350,0.01,0.2,2.000000e+02
3375,0.01,0.2,2.000000e+02
3400,0.01,0.2,2.000000e+02
3425,0.01,0.2,2.000000e+02
3450,0.01,0.2,2.000000e+02
3475,0.01,0.2,2.000000e+02
3500,0.01,0.2,2.000000e+02
3525,0.01,0.2,2.000000e+02
3550,0.01,0.2,2.000000e+02
3575,0.01,0.2,2.000000e+02
3600,0.01,0.2,2.000000e+02
3625,0.01,0.2,2.000000e+02
3650,0.01,0.2,2.000000e+02
3675,0.01,0.2,2.000000e+02
3700,0.01,0.2,2.000000e+02
3725,0.01,0.2,2.000000e+02
3750,0.01,0.2,2.000000e+02
3775,0.01,0.2,2.000000e+02
3800,0.01,0.2,2.000000e+02
3825,0.01,0.2,2.000000e+02
3850,0.01,0.2,2.000000e+02
3875,0.01,0.2,2.000000e+02
3900,0.01,0.2,2.000000e+02
3925,0.01,0.2,2.000000e+02
3950,0.01,0.2,2.000000e+02
3975,0.01,0.2,2.000000e+02
4000,0.01,0.2,2.000000e+02
4025,0.01,0.2,2.000000e+02
4050,0.01,0.2,2.000000e+02
4075,0.01,0.2,2.000000e+02
4100,0.01,0.2,2.000000e+02
4125,0.01,0.2,2.000000e+02
4150,0.01,0.2,2.000000e+02
4175,0.01,0.2,2.000000e+02
4200,0.01,0.2,2.000000e+02
4225,0.01,0.2,2.000000e+02
4250,0.01,0.2,2.000000e+02
4275,0.01,0.2,2.000000e+02
4300,0.01,0.2,2.000000e+02
4325,0.01,0.2,2.000000e+02
4350,0.01,0.2,2.000000e+02
4375,0.01,0.2,2.000000e+02
4400,0.01,0.2,2.000000e+02
4425,0.01,0.2,2.000000e+02
4450,0.01,0.2,2.000000e+02
4475,0.01,0.2,2.000000e+02
4500,0.01,0.2,2.000000e+02
4525,0.01,0.2,2.000000e+02
4550,0.01,0.2,2.000000e+02
4575,0.01,0.2,2.000000e+02
4600,0.01,0.2,2.000000e+02
4625,0.01,0.2,2.000000e+02
4650,0.01,0.2,2.000000e+02
4675,0.01,0.2,2.000000e+02
4700,0.01,0.2,2.000000e+02
4725,0.01,0.2,2.000000e+02
4750,0.01,0.2,2.000000e+02
4775,0.01,0.2,2.000000e+02
4800,0.01,0.2,2.000000e+02
4825,0.01,0.2,2.000000e+02
4850,0.01,0.2,2.000000e+02
4875,0.01,0.2,2.000000e+02
4900,0.01,0.2,2.000000e+02
4925,0.01,0.2,2.000000e+02
4950,0.01,0.2,2.000000e+02
4975,0.01,0.2,2.000000e+02
5000,0.01,0.2,2.000000e+02
300,0.0177828,0.2,0.000000e+00
325,0.0177828,0.2,0.000000e+00
350,0.0177828,0.2,0.000000e+00
375,0.0177828,0.2,0.000000e+00
400,0.0177828,0.2,0.000000e+00
425,0.0177828,0.2,0.000000e+00
450,0.0177828,0.2,0.000000e+00
475,0.0177828,0.2,0.000000e+00
500,0.0177828,0.2,0.000000e+00
525,0.0177828,0.2,0.000000e+00
550,0.0177828,0.2,0.000000e+00
575,0.0177828,0.2,0.000000e+00
600,0.0177828,0.2,0.000000e+00
625,0.0177828,0.2,0.000000e+00
650,0.0177828,0.2,4.340080e-03
675,0.0177828,0.2,1.106040e-02
700,0.0177828,0.2,2.011190e-02
725,0.0177828,0.2,3.204880e-02
750,0.0177828,0.2,4.719150e-02
775,0.0177828,0.2,6.515090e-02
800,0.0177828,0.2,8.435520e-02
825,0.0177828,0.2,1.022250e-01
850,0.0177828,0.2,1.164280e-01
875,0.0177828,0.2,1.261940e-01
900,0.0177828,0.2,1.322380e-01
925,0.0177828,0.2,1.357670e-01
950,0.0177828,0.2,1.377830e-01
975,0.0177828,0.2,1.389350e-01
1000,0.0177828,0.2,1.396020e-01
1025,0.0177828,0.2,1.399960e-01
1050,0.0177828,0.2,1.402340e-01
1075,0.0177828,0.2,1.403810e-01
1100,0.0177828,0.2,1.404730e-01
1125,0.0177828,0.2,1.405340e-01
1150,0.0177828,0.2,1.405750e-01
1175,0.0177828,0.2,1.406040e-01
1200,0.0177828,0.2,1.406270e-01
1225,0.0177828,0.2,1.406450e-01
1250,0.0177828,0.2,1.406610e-01
1275,0.0177828,0.2,1.406780e-01
1300,0.0177828,0.2,1.406950e-01
1325,0.0177828,0.2,1.407130e-01
1350,0.0177828,0.2,1.407350e-01
1375,0.0177828,0.2,1.407590e-01
1400,0.0177828,0.2,1.407880e-01
1425,0.0177828,0.2,1.408210e-01
1450,0.0177828,0.2,1.408590e-01
1475,0.0177828,0.2,1.409040e-01
1500,0.0177828,0.2,1.409550e-01
1525,0.0177828,0.2,1.410150e-01
1550,0.0177828,0.2,1.410830e-01
1575,0.0177828,0.2,1.411600e-01
1600,0.0177828,0.2,1.412480e-01
1625,0.0177828,0.2,1.413480e-01
1650,0.0177828,0.2,1.414600e-01
1675,0.0177828,0.2,1.415860e-01
1700,0.0177828,0.2,1.417260e-01
1725,0.0177828,0.2,1.418830e-01
1750,0.0177828,0.2,1.420570e-01
1775,0.0177828,0.2,1.422500e-01
1800,0.0177828,0.2,1.424630e-01
1825,0.0177828,0.2,1.426970e-01
1850,0.0177828,0.2,1.429540e-01
1875,0.0177828,0.2,1.432350e-01
1900,0.0177828,0.2,1.435410e-01
1925,0.0177828,0.2,1.438750e-01
1950,0.0177828,0.2,1.442370e-01
1975,0.0177828,0.2,1.446290e-01
2000,0.0177828,0.2,1.450530e-01
2025,0.0177828,0.2,1.455090e-01
2050,0.0177828,0.2,1.460000e-01
2075,0.0177828,0.2,1.465260e-01
2100,0.0177828,0.2,1.470890e-01
2125,0.0177828,0.2,1.476890e-01
2150,0.0177828,0.2,1.483290e-01
2175,0.0177828,0.2,1.490090e-01
2200,0.0177828,0.2,1.497290e-01
2225,0.0177828,0.2,1.504910e-01
2250,0.0177828,0.2,1.512950e-01
2275,0.0177828,0.2,1.521410e-01
2300,0.0177828,0.2,1.530290e-01
2325,0.0177828,0.2,1.539590e-01
2350,0.0177828,0.2,1.549320e-01
2375,0.0177828,0.2,1.559450e-01
2400,0.0177828,0.2,1.570000e-01
2425,0.0177828,0.2,1.580960e-01
2450,0.0177828,0.2,1.592310e-01
2475,0.0177828,0.2,1.604070e-01
2500,0.0177828,0.2,1.616220e-01
2525,0.0177828,0.2,1.628790e-01
2550,0.0177828,0.2,1.641800e-01
2575,0.0177828,0.2,1.655280e-01
2600,0.0177828,0.2,1.669300e-01
2625,0.0177828,0.2,1.683970e-01
2650,0.0177828,0.2,1.699420e-01
2675,0.0177828,0.2,1.715870e-01
2700,0.0177828,0.2,1.733600e-01
2725,0.0177828,0.2,1.753010e-01
2750,0.0177828,0.2,1.774640e-01
2775,0.0177828,0.2,1.799170e-01
2800,0.0177828,0.2,1.827570e-01
2825,0.0177828,0.2,1.861030e-01
2850,0.0177828,0.2,1.901160e-01
2875,0.0177828,0.2,1.949990e-01
2900,0.0177828,0.2,2.010170e-01
2925,0.0177828,0.2,2.085080e-01
2950,0.0177828,0.2,2.179050e-01
2975,0.0177828,0.2,2.297670e-01
3000,0.0177828,0.2,2.448080e-01
3025,0.0177828,0.2,2.639530e-01
3050,0.0177828,0.2,2.884040e-01
3075,0.0177828,0.2,3.197370e-01
3100,0.0177828,0.2,3.600470e-01
3125,0.0177828,0.2,4.121610e-01
3150,0.0177828,0.2,4.799770e-01
3175,0.0177828,0.2,5.690020e-01
3200,0.0177828,0.2,6.872680e-01
3225,0.0177828,0.2,8.469660e-01
3250,0.0177828,0.2,1.067530e+00
3275,0.0177828,0.2,1.381990e+00
3300,0.0177828,0.2,1.851350e+00
3325,0.0177828,0.2,2.602280e+00
3350,0.0177828,0.2,3.947340e+00
3375,0.0177828,0.2,6.919710e+00
3400,0.0177828,0.2,1.806190e+01
3425,0.0177828,0.2,2.000000e+02
3450,0.0177828,0.2,2.000000e+02
3475,0.0177828,0.2,2.000000e+02
3500,0.0177828,0.2,2.000000e+02
3525,0.0177828,0.2,2.000000e+02
3550,0.0177828,0.2,2.000000e+02
3575,0.0177828,0.2,2.000000e+02
3600,0.0177828,0.2,2.000000e+02
3625,0.0177828,0.2,2.000000e+02
3650,0.0177828,0.2,2.000000e+02
3675,0.0177828,0.2,2.000000e+02
3700,0.0177828,0.2,2.000000e+02
3725,0.0177828,0.2,2.000000e+02
3750,0.0177828,0.2,2.000000e+02
3775,0.0177828,0.2,2.000000e+02
3800,0.0177828,0.2,2.000000e+02
3825,0.0177828,0.2,2.000000e+02
3850,0.0177828,0.2,2.000000e+02
3875,0.0177828,0.2,2.000000e+02
3900,0.0177828,0.2,2.000000e+02
3925,0.0177828,0.2,2.000000e+02
3950,0.0177828,0.2,2.000000e+02
3975,0.0177828,0.2,2.000000e+02
4000,0.0177828,0.2,2.000000e+02
4025,0.0177828,0.2,2.000000e+02
4050,0.0177828,0.2,2.000000e+02
4075,0.0177828,0.2,2.000000e+02
4100,0.0177828,0.2,2.000000e+02
4125,0.0177828,0.2,2.000000e+02
4150,0.0177828,0.2,2.000000e+02
4175,0.0177828,0.2,2.000000e+02
4200,0.0177828,0.2,2.000000e+02
4225,0.0177828,0.2,2.000000e+02
4250,0.0177828,0.2,2.000000e+02
4275,0.0177828,0.2,2.000000e+02
4300,0.0177828,0.2,2.000000e+02
4325,0.0177828,0.2,2.000000e+02
4350,0.0177828,0.2,2.000000e+02
4375,0.0177828,0.2,2.000000e+02
4400,0.0177828,0.2,2.000000e+02
4425,0.0177828,0.2,2.000000e+02
4450,0.0177828,0.2,2.000000e+02
4475,0.0177828,0.2,2.000000e+02
4500,0.0177828,0.2,2.000000e+02
4525,0.0177828,0.2,2.000000e+02
4550,0.0177828,0.2,2.000000e+02
4575,0.0177828,0.2,2.000000e+02
4600,0.0177828,0.2,2.000000e+02
4625,0.0177828,0.2,2.000000e+02
4650,0.0177828,0.2,2.000000e+02
4675,0.0177828,0.2,2.000000e+02
4700,0.0177828,0.2,2.000000e+02
4725,0.0177828,0.2,2.000000e+02
4750,0.0177828,0.2,2.000000e+02
4775,0.0177828,0.2,2.000000e+02
4800,0.0177828,0.2,2.000000e+02
4825,0.0177828,0.2,2.000000e+02
4850,0.0177828,0.2,2.000000e+02
4875,0.0177828,0.2,2.000000e+02
4900,0.0177828,0.2,2.000000e+02
4925,0.0177828,0.2,2.000000e+02
4950,0.0177828,0.2,2.000000e+02
4975,0.0177828,0.2,2.000000e+02
5000,0.0177828,0.2,2.000000e+02
300,0.0316228,0.2,0.000000e+00
325,0.0316228,0.2,0.000000e+00
350,0.0316228,0.2,0.000000e+00
375,0.0316228,0.2,0.000000e+00
400,0.0316228,0.2,0.000000e+00
425,0.0316228,0.2,0.000000e+00
450,0.0316228,0.2,0.000000e+00
475,0.0316228,0.2,0.000000e+00
500,0.0316228,0.2,0.000000e+00
525,0.0316228,0.2,0.000000e+00
550,0.0316228,0.2,0.000000e+00
575,0.0316228,0.2,0.000000e+00
600,0.0316228,0.2,0.000000e+00
625,0.0316228,0.2,0.000000e+00
650,0.0316228,0.2,1.876350e-03
675,0.0316228,0.2,7.093780e-03
700,0.0316228,0.2,1.427880e-02
725,0.0316228,0.2,2.395760e-02
750,0.0316228,0.2,3.656450e-02
775,0.0316228,0.2,5.216700e-02
800,0.0316228,0.2,7.005040e-02
825,0.0316228,0.2,8.845730e-02
850,0.0316228,0.2,1.050170e-01
875,0.0316228,0.2,1.179200e-01
900,0.0316228,0.2,1.267840e-01
925,0.0316228,0.2,1.323560e-01
950,0.0316228,0.2,1.356930e-01
975,0.0316228,0.2,1.376550e-01
1000,0.0316228,0.2,1.388110e-01
1025,0.0316228,0.2,1.395000e-01
1050,0.0316228,0.2,1.399170e-01
1075,0.0316228,0.2,1.401750e-01
1100,0.0316228,0.2,1.403380e-01
1125,0.0316228,0.2,1.404440e-01
1150,0.0316228,0.2,1.405140e-01
1175,0.0316228,0.2,1.405620e-01
1200,0.0316228,0.2,1.405970e-01
1225,0.0316228,0.2,1.406240e-01
1250,0.0316228,0.2,1.406470e-01
1275,0.0316228,0.2,1.406670e-01
1300,0.0316228,0.2,1.406870e-01
1325,0.0316228,0.2,1.407080e-01
1350,0.0316228,0.2,1.407310e-01
1375,0.0316228,0.2,1.407570e-01
1400,0.0316228,0.2,1.407860e-01
1425,0.0316228,0.2,1.408190e-01
1450,0.0316228,0.2,1.408580e-01
1475,0.0316228,0.2,1.409030e-01
1500,0.0316228,0.2,1.409550e-01
1525,0.0316228,0.2,1.410150e-01
1550,0.0316228,0.2,1.410830e-01
1575,0.0316228,0.2,1.411600e-01
1600,0.0316228,0.2,1.412480e-01
1625,0.0316228,0.2,1.413480e-01
1650,0.0316228,0.2,1.414600e-01
1675,0.0316228,0.2,1.415860e-01
1700,0.0316228,0.2,1.417270e-01
1725,0.0316228,0.2,1.418840e-01
1750,0.0316228,0.2,1.420580e-01
1775,0.0316228,0.2,1.422510e-01
1800,0.0316228,0.2,1.424640e-01
1825,0.0316228,0.2,1.426980e-01
1850,0.0316228,0.2,1.429550e-01
1875,0.0316228,0.2,1.432360e-01
1900,0.0316228,0.2,1.435440e-01
1925,0.0316228,0.2,1.438780e-01
1950,0.0316228,0.2,1.442410e-01
1975,0.0316228,0.2,1.446340e-01
2000,0.0316228,0.2,1.450590e-01
2025,0.0316228,0.2,1.455180e-01
2050,0.0316228,0.2,1.460110e-01
2075,0.0316228,0.2,1.465400e-01
2100,0.0316228,0.2,1.471070e-01
2125,0.0316228,0.2,1.477120e-01
2150,0.0316228,0.2,1.483580e-01
2175,0.0316228,0.2,1.490450e-01
2200,0.0316228,0.2,1.497750e-01
2225,0.0316228,0.2,1.505480e-01
2250,0.0316228,0.2,1.513650e-01
2275,0.0316228,0.2,1.522260e-01
2300,0.0316228,0.2,1.531340e-01
2325,0.0316228,0.2,1.540860e-01
2350,0.0316228,0.2,1.550850e-01
2375,0.0316228,0.2,1.561290e-01
2400,0.0316228,0.2,1.572190e-01
2425,0.0316228,0.2,1.583540e-01
2450,0.0316228,0.2,1.595350e-01
2475,0.0316228,0.2,1.607600e-01
2500,0.0316228,0.2,1.620300e-01
2525,0.0316228,0.2,1.633450e-01
2550,0.0316228,0.2,1.647060e-01
2575,0.0316228,0.2,1.661130e-01
2600,0.0316228,0.2,1.675710e-01
2625,0.0316228,0.2,1.690830e-01
2650,0.0316228,0.2,1.706570e-01
2675,0.0316228,0.2,1.723020e-01
2700,0.0316228,0.2,1.740340e-01
2725,0.0316228,0.2,1.758730e-01
2750,0.0316228,0.2,1.778460e-01
2775,0.0316228,0.2,1.799920e-01
2800,0.0316228,0.2,1.823590e-01
2825,0.0316228,0.2,1.850150e-01
2850,0.0316228,0.2,1.880440e-01
2875,0.0316228,0.2,1.915590e-01
2900,0.0316228,0.2,1.957010e-01
2925,0.0316228,0.2,2.006550e-01
2950,0.0316228,0.2,2.066550e-01
2975,0.0316228,0.2,2.139980e-01
3000,0.0316228,0.2,2.230650e-01
3025,0.0316228,0.2,2.343360e-01
3050,0.0316228,0.2,2.484270e-01
3075,0.0316228,0.2,2.661230e-01
3100,0.0316228,0.2,2.884330e-01
3125,0.0316228,0.2,3.166670e-01
3150,0.0316228,0.2,3.525390e-01
3175,0.0316228,0.2,3.983240e-01
3200,0.0316228,0.2,4.570960e-01
3225,0.0316228,0.2,5.331000e-01
3250,0.0316228,0.2,6.323490e-01
3275,0.0316228,0.2,7.636500e-01
3300,0.0316228,0.2,9.404420e-01
3325,0.0316228,0.2,1.184290e+00
3350,0.0316228,0.2,1.532170e+00
3375,0.0316228,0.2,2.053140e+00
3400,0.0316228,0.2,2.892930e+00
3425,0.0316228,0.2,4.420100e+00
3450,0.0316228,0.2,7.909640e+00
3475,0.0316228,0.2,2.256360e+01
3500,0.0316228,0.2,2.000000e+02
3525,0.0316228,0.2,2.000000e+02
3550,0.0316228,0.2,2.000000e+02
3575,0.0316228,0.2,2.000000e+02
3600,0.0316228,0.2,2.000000e+02
3625,0.0316228,0.2,2.000000e+02
3650,0.0316228,0.2,2.000000e+02
3675,0.0316228,0.2,2.000000e+02
3700,0.0316228,0.2,2.000000e+02
3725,0.0316228,0.2,2.000000e+02
3750,0.0316228,0.2,2.000000e+02
3775,0.0316228,0.2,2.000000e+02
3800,0.0316228,0.2,2.000000e+02
3825,0.0316228,0.2,2.000000e+02
3850,0.0316228,0.2,2.000000e+02
3875,0.0316228,0.2,2.000000e+02
3900,0.0316228,0.2,2.000000e+02
3925,0.0316228,0.2,2.000000e+02
3950,0.0316228,0.2,2.000000e+02
3975,0.0316228,0.2,2.000000e+02
4000,0.0316228,0.2,2.000000e+02
4025,0.0316228,0.2,2.000000e+02
4050,0.0316228,0.2,2.000000e+02
4075,0.0316228,0.2,2.000000e+02
4100,0.0316228,0.2,2.000000e+02
4125,0.0316228,0.2,2.000000e+02
4150,0.0316228,0.2,2.000000e+02
4175,0.0316228,0.2,2.000000e+02
4200,0.0316228,0.2,2.000000e+02
4225,0.0316228,0.2,2.000000e+02
4250,0.0316228,0.2,2.000000e+02
4275,0.0316228,0.2,2.000000e+02
4300,0.0316228,0.2,2.000000e+02
4325,0.0316228,0.2,2.000000e+02
4350,0.0316228,0.2,2.000000e+02
4375,0.0316228,0.2,2.000000e+02
4400,0.0316228,0.2,2.000000e+02
4425,0.0316228,0.2,2.000000e+02
4450,0.0316228,0.2,2.000000e+02
4475,0.0316228,0.2,2.000000e+02
4500,0.0316228,0.2,2.000000e+02
4525,0.0316228,0.2,2.000000e+02
4550,0.0316228,0.2,2.000000e+02
4575,0.0316228,0.2,2.000000e+02
4600,0.0316228,0.2,2.000000e+02
4625,0.0316228,0.2,2.000000e+02
4650,0.0316228,0.2,2.000000e+02
4675,0.0316228,0.2,2.000000e+02
4700,0.0316228,0.2,2.000000e+02
4725,0.0316228,0.2,2.000000e+02
4750,0.0316228,0.2,2.000000e+02
4775,0.0316228,0.2,2.000000e+02
4800,0.0316228,0.2,2.000000e+02
4825,0.0316228,0.2,2.000000e+02
4850,0.0316228,0.2,2.000000e+02
4875,0.0316228,0.2,2.000000e+02
4900,0.0316228,0.2,2.000000e+02
4925,0.0316228,0.2,2.000000e+02
4950,0.0316228,0.2,2.000000e+02
4975,0.0316228,0.2,2.000000e+02
5000,0.0316228,0.2,2.000000e+02
300,0.0562341,0.2,0.000000e+00
325,0.0562341,0.2,0.000000e+00
350,0.0562341,0.2,0.000000e+00
375,0.0562341,0.2,0.000000e+00
400,0.0562341,0.2,0.000000e+00
425,0.0562341,0.2,0.000000e+00
450,0.0562341,0.2,0.000000e+00
475,0.0562341,0.2,0.000000e+00
500,0.0562341,0.2,0.000000e+00
525,0.0562341,0.2,0.000000e+00
550,0.0562341,0.2,0.000000e+00
575,0.0562341,0.2,0.000000e+00
600,0.0562341,0.2,0.000000e+00
625,0.0562341,0.2,0.000000e+00
650,0.0562341,0.2,4.237380e-04
675,0.0562341,0.2,4.357450e-03
700,0.0562341,0.2,9.878360e-03
725,0.0562341,0.2,1.749740e-02
750,0.0562341,0.2,2.768560e-02
775,0.0562341,0.2,4.073360e-02
800,0.0562341,0.2,5.648040e-02
825,0.0562341,0.2,7.398870e-02
850,0.0562341,0.2,9.147360e-02
875,0.0562341,0.2,1.068520e-01
900,0.0562341,0.2,1.187330e-01
925,0.0562341,0.2,1.269580e-01
950,0.0562341,0.2,1.322330e-01
975,0.0562341,0.2,1.354780e-01
1000,0.0562341,0.2,1.374420e-01
1025,0.0562341,0.2,1.386320e-01
1050,0.0562341,0.2,1.393600e-01
1075,0.0562341,0.2,1.398130e-01
1100,0.0562341,0.2,1.400990e-01
1125,0.0562341,0.2,1.402830e-01
1150,0.0562341,0.2,1.404050e-01
1175,0.0562341,0.2,1.404880e-01
1200,0.0562341,0.2,1.405460e-01
1225,0.0562341,0.2,1.405880e-01
1250,0.0562341,0.2,1.406220e-01
1275,0.0562341,0.2,1.406490e-01
1300,0.0562341,0.2,1.406750e-01
1325,0.0562341,0.2,1.406990e-01
1350,0.0562341,0.2,1.407240e-01
1375,0.0562341,0.2,1.407520e-01
1400,0.0562341,0.2,1.407830e-01
1425,0.0562341,0.2,1.408170e-01
1450,0.0562341,0.2,1.408570e-01
1475,0.0562341,0.2,1.409020e-01
1500,0.0562341,0.2,1.409550e-01
1525,0.0562341,0.2,1.410140e-01
1550,0.0562341,0.2,1.410830e-01
1575,0.0562341,0.2,1.411600e-01
1600,0.0562341,0.2,1.412480e-01
1625,0.0562341,0.2,1.413480e-01
1650,0.0562341,0.2,1.414600e-01
1675,0.0562341,0.2,1.415860e-01
1700,0.0562341,0.2,1.417270e-01
1725,0.0562341,0.2,1.418840e-01
1750,0.0562341,0.2,1.420580e-01
1775,0.0562341,0.2,1.422510e-01
1800,0.0562341,0.2,1.424640e-01
1825,0.0562341,0.2,1.426990e-01
1850,0.0562341,0.2,1.429560e-01
1875,0.0562341,0.2,1.432380e-01
1900,0.0562341,0.2,1.435460e-01
1925,0.0562341,0.2,1.438800e-01
1950,0.0562341,0.2,1.442440e-01
1975,0.0562341,0.2,1.446380e-01
2000,0.0562341,0.2,1.450650e-01
2025,0.0562341,0.2,1.455240e-01
2050,0.0562341,0.2,1.460190e-01
2075,0.0562341,0.2,1.465510e-01
2100,0.0562341,0.2,1.471210e-01
2125,0.0562341,0.2,1.477300e-01
2150,0.0562341,0.2,1.483800e-01
2175,0.0562341,0.2,1.490730e-01
2200,0.0562341,0.2,1.498090e-01
2225,0.0562341,0.2,1.505910e-01
2250,0.0562341,0.2,1.514180e-01
2275,0.0562341,0.2,1.522910e-01
2300,0.0562341,0.2,1.532130e-01
2325,0.0562341,0.2,1.541830e-01
2350,0.0562341,0.2,1.552020e-01
2375,0.0562341,0.2,1.562700e-01
2400,0.0562341,0.2,1.573870e-01
2425,0.0562341,0.2,1.585540e-01
2450,0.0562341,0.2,1.597700e-01
2475,0.0562341,0.2,1.610360e-01
2500,0.0562341,0.2,1.623510e-01
2525,0.0562341,0.2,1.637160e-01
2550,0.0562341,0.2,1.651300e-01
2575,0.0562341,0.2,1.665940e-01
2600,0.0562341,0.2,1.681090e-01
2625,0.0562341,0.2,1.696770e-01
2650,0.0562341,0.2,1.713010e-01
2675,0.0562341,0.2,1.729870e-01
2700,0.0562341,0.2,1.747410e-01
2725,0.0562341,0.2,1.765730e-01
2750,0.0562341,0.2,1.784980e-01
2775,0.0562341,0.2,1.805360e-01
2800,0.0562341,0.2,1.827120e-01
2825,0.0562341,0.2,1.850630e-01
2850,0.0562341,0.2,1.876330e-01
2875,0.0562341,0.2,1.904830e-01
2900,0.0562341,0.2,1.936910e-01
2925,0.0562341,0.2,1.973560e-01
2950,0.0562341,0.2,2.016040e-01
2975,0.0562341,0.2,2.065970e-01
3000,0.0562341,0.2,2.125380e-01
3025,0.0562341,0.2,2.196870e-01
3050,0.0562341,0.2,2.283660e-01
3075,0.0562341,0.2,2.389870e-01
3100,0.0562341,0.2,2.520670e-01
3125,0.0562341,0.2,2.682610e-01
3150,0.0562341,0.2,2.884020e-01
3175,0.0562341,0.2,3.135570e-01
3200,0.0562341,0.2,3.451030e-01
3225,0.0562341,0.2,3.848420e-01
3250,0.0562341,0.2,4.351560e-01
3275,0.0562341,0.2,4.992660e-01
3300,0.0562341,0.2,5.816080e-01
3325,0.0562341,0.2,6.884710e-01
3350,0.0562341,0.2,8.290640e-01
3375,0.0562341,0.2,1.017440e+00
3400,0.0562341,0.2,1.276140e+00
3425,0.0562341,0.2,1.643790e+00
3450,0.0562341,0.2,2.192560e+00
3475,0.0562341,0.2,3.074410e+00
3500,0.0562341,0.2,4.672910e+00
3525,0.0562341,0.2,8.308180e+00
3550,0.0562341,0.2,2.335440e+01
3575,0.0562341,0.2,2.000000e+02
3600,0.0562341,0.2,2.000000e+02
3625,0.0562341,0.2,2.000000e+02
3650,0.0562341,0.2,2.000000e+02
3675,0.0562341,0.2,2.000000e+02
3700,0.0562341,0.2,2.000000e+02
3725,0.0562341,0.2,2.000000e+02
3750,0.0562341,0.2,2.000000e+02
3775,0.0562341,0.2,2.000000e+02
3800,0.0562341,0.2,2.000000e+02
3825,0.0562341,0.2,2.000000e+02
3850,0.0562341,0.2,2.000000e+02
3875,0.0562341,0.2,2.000000e+02
3900,0.0562341,0.2,2.000000e+02
3925,0.0562341,0.2,2.000000e+02
3950,0.0562341,0.2,2.000000e+02
3975,0.0562341,0.2,2.000000e+02
4000,0.0562341,0.2,2.000000e+02
4025,0.0562341,0.2,2.000000e+02
4050,0.0562341,0.2,2.000000e+02
4075,0.0562341,0.2,2.000000e+02
4100,0.0562341,0.2,2.000000e+02
4125,0.0562341,0.2,2.000000e+02
4150,0.0562341,0.2,2.000000e+02
4175,0.0562341,0.2,2.000000e+02
4200,0.0562341,0.2,2.000000e+02
4225,0.0562341,0.2,2.000000e+02
4250,0.0562341,0.2,2.000000e+02
4275,0.0562341,0.2,2.000000e+02
4300,0.0562341,0.2,2.000000e+02
4325,0.0562341,0.2,2.000000e+02
4350,0.0562341,0.2,2.000000e+02
4375,0.0562341,0.2,2.000000e+02
4400,0.0562341,0.2,2.000000e+02
4425,0.0562341,0.2,2.000000e+02
4450,0.0562341,0.2,2.000000e+02
4475,0.0562341,0.2,2.000000e+02
4500,0.0562341,0.2,2.000000e+02
4525,0.0562341,0.2,2.000000e+02
4550,0.0562341,0.2,2.000000e+02
4575,0.0562341,0.2,2.000000e+02
4600,0.0562341,0.2,2.000000e+02
4625,0.0562341,0.2,2.000000e+02
4650,0.0562341,0.2,2.000000e+02
4675,0.0562341,0.2,2.000000e+02
4700,0.0562341,0.2,2.000000e+02
4725,0.0562341,0.2,2.000000e+02
4750,0.0562341,0.2,2.000000e+02
4775,0.0562341,0.2,2.000000e+02
4800,0.0562341,0.2,2.000000e+02
4825,0.0562341,0.2,2.000000e+02
4850,0.0562341,0.2,2.000000e+02
4875,0.0562341,0.2,2.000000e+02
4900,0.0562341,0.2,2.000000e+02
4925,0.0562341,0.2,2.000000e+02
4950,0.0562341,0.2,2.000000e+02
4975,0.0562341,0.2,2.000000e+02
5000,0.0562341,0.2,2.000000e+02
300,0.1,0.2,0.000000e+00
325,0.1,0.2,0.000000e+00
350,0.1,0.2,0.000000e+00
375,0.1,0.2,0.000000e+00
400,0.1,0.2,0.000000e+00
425,0.1,0.2,0.000000e+00
450,0.1,0.2,0.000000e+00
475,0.1,0.2,0.000000e+00
500,0.1,0.2,0.000000e+00
525,0.1,0.2,0.000000e+00
550,0.1,0.2,0.000000e+00
575,0.1,0.2,0.000000e+00
600,0.1,0.2,0.000000e+00
625,0.1,0.2,0.000000e+00
650,0.1,0.2,0.000000e+00
675,0.1,0.2,2.737540e-03
700,0.1,0.2,6.862100e-03
725,0.1,0.2,1.267020e-02
750,0.1,0.2,2.064450e-02
775,0.1,0.2,3.117870e-02
800,0.1,0.2,4.442150e-02
825,0.1,0.2,6.003260e-02
850,0.1,0.2,7.695930e-02
875,0.1,0.2,9.349840e-02
900,0.1,0.2,1.078630e-01
925,0.1,0.2,1.189700e-01
950,0.1,0.2,1.267670e-01
975,0.1,0.2,1.318850e-01
1000,0.1,0.2,1.351210e-01
1025,0.1,0.2,1.371350e-01
1050,0.1,0.2,1.383890e-01
1075,0.1,0.2,1.391760e-01
1100,0.1,0.2,1.396770e-01
1125,0.1,0.2,1.400000e-01
1150,0.1,0.2,1.402120e-01
1175,0.1,0.2,1.403550e-01
1200,0.1,0.2,1.404540e-01
1225,0.1,0.2,1.405240e-01
1250,0.1,0.2,1.405760e-01
1275,0.1,0.2,1.406170e-01
1300,0.1,0.2,1.406520e-01
1325,0.1,0.2,1.406830e-01
1350,0.1,0.2,1.407130e-01
1375,0.1,0.2,1.407440e-01
1400,0.1,0.2,1.407770e-01
1425,0.1,0.2,1.408130e-01
1450,0.1,0.2,1.408540e-01
1475,0.1,0.2,1.409010e-01
1500,0.1,0.2,1.409540e-01
1525,0.1,0.2,1.410140e-01
1550,0.1,0.2,1.410820e-01
1575,0.1,0.2,1.411600e-01
1600,0.1,0.2,1.412490e-01
1625,0.1,0.2,1.413490e-01
1650,0.1,0.2,1.414610e-01
1675,0.1,0.2,1.415870e-01
1700,0.1,0.2,1.417280e-01
1725,0.1,0.2,1.418850e-01
1750,0.1,0.2,1.420590e-01
1775,0.1,0.2,1.422520e-01
1800,0.1,0.2,1.424650e-01
1825,0.1,0.2,1.427000e-01
1850,0.1,0.2,1.429580e-01
1875,0.1,0.2,1.432390e-01
1900,0.1,0.2,1.435470e-01
1925,0.1,0.2,1.438830e-01
1950,0.1,0.2,1.442470e-01
1975,0.1,0.2,1.446420e-01
2000,0.1,0.2,1.450690e-01
2025,0.1,0.2,1.455300e-01
2050,0.1,0.2,1.460260e-01
2075,0.1,0.2,1.465590e-01
2100,0.1,0.2,1.471310e-01
2125,0.1,0.2,1.477430e-01
2150,0.1,0.2,1.483970e-01
2175,0.1,0.2,1.490940e-01
2200,0.1,0.2,1.498350e-01
2225,0.1,0.2,1.506230e-01
2250,0.1,0.2,1.514580e-01
2275,0.1,0.2,1.523410e-01
2300,0.1,0.2,1.532730e-01
2325,0.1,0.2,1.542560e-01
2350,0.1,0.2,1.552900e-01
2375,0.1,0.2,1.563760e-01
2400,0.1,0.2,1.575150e-01
2425,0.1,0.2,1.587060e-01
2450,0.1,0.2,1.599510e-01
2475,0.1,0.2,1.612490e-01
2500,0.1,0.2,1.626010e-01
2525,0.1,0.2,1.640060e-01
2550,0.1,0.2,1.654640e-01
2575,0.1,0.2,1.669770e-01
2600,0.1,0.2,1.685440e-01
2625,0.1,0.2,1.701660e-01
2650,0.1,0.2,1.718440e-01
2675,0.1,0.2,1.735810e-01
2700,0.1,0.2,1.753800e-01
2725,0.1,0.2,1.772470e-01
2750,0.1,0.2,1.791880e-01
2775,0.1,0.2,1.812130e-01
2800,0.1,0.2,1.833360e-01
2825,0.1,0.2,1.855770e-01
2850,0.1,0.2,1.879580e-01
2875,0.1,0.2,1.905120e-01
2900,0.1,0.2,1.932810e-01
2925,0.1,0.2,1.963190e-01
2950,0.1,0.2,1.996950e-01
2975,0.1,0.2,2.034950e-01
3000,0.1,0.2,2.078300e-01
3025,0.1,0.2,2.128400e-01
3050,0.1,0.2,2.187000e-01
3075,0.1,0.2,2.256270e-01
3100,0.1,0.2,2.338960e-01
3125,0.1,0.2,2.438500e-01
3150,0.1,0.2,2.559170e-01
3175,0.1,0.2,2.706340e-01
3200,0.1,0.2,2.886770e-01
3225,0.1,0.2,3.109010e-01
3250,0.1,0.2,3.383960e-01
3275,0.1,0.2,3.725650e-01
3300,0.1,0.2,4.152300e-01
3325,0.1,0.2,4.688000e-01
3350,0.1,0.2,5.365140e-01
3375,0.1,0.2,6.228220e-01
3400,0.1,0.2,7.340080e-01
3425,0.1,0.2,8.792270e-01
3450,0.1,0.2,1.072370e+00
3475,0.1,0.2,1.335570e+00
3500,0.1,0.2,1.706390e+00
3525,0.1,0.2,2.254060e+00
3550,0.1,0.2,3.121630e+00
3575,0.1,0.2,4.659340e+00
3600,0.1,0.2,8.006270e+00
3625,0.1,0.2,2.004470e+01
3650,0.1,0.2,2.000000e+02
3675,0.1,0.2,2.000000e+02
3700,0.1,0.2,2.000000e+02
3725,0.1,0.2,2.000000e+02
3750,0.1,0.2,2.000000e+02
3775,0.1,0.2,2.000000e+02
3800,0.1,0.2,2.000000e+02
3825,0.1,0.2,2.000000e+02
3850,0.1,0.2,2.000000e+02
3875,0.1,0.2,2.000000e+02
3900,0.1,0.2,2.000000e+02
3925,0.1,0.2,2.000000e+02
3950,0.1,0.2,2.000000e+02
3975,0.1,0.2,2.000000e+02
4000,0.1,0.2,2.000000e+02
4025,0.1,0.2,2.000000e+02
4050,0.1,0.2,2.000000e+02
4075,0.1,0.2,2.000000e+02
4100,0.1,0.2,2.000000e+02
4125,0.1,0.2,2.000000e+02
4150,0.1,0.2,2.000000e+02
4175,0.1,0.2,2.000000e+02
4200,0.1,0.2,2.000000e+02
4225,0.1,0.2,2.000000e+02
4250,0.1,0.2,2.000000e+02
4275,0.1,0.2,2.000000e+02
4300,0.1,0.2,2.000000e+02
4325,0.1,0.2,2.000000e+02
4350,0.1,0.2,2.000000e+02
4375,0.1,0.2,2.000000e+02
4400,0.1,0.2,2.000000e+02
4425,0.1,0.2,2.000000e+02
4450,0.1,0.2,2.000000e+02
4475,0.1,0.2,2.000000e+02
4500,0.1,0.2,2.000000e+02
4525,0.1,0.2,2.000000e+02
4550,0.1,0.2,2.000000e+02
4575,0.1,0.2,2.000000e+02
4600,0.1,0.2,2.000000e+02
4625,0.1,0.2,2.000000e+02
4650,0.1,0.2,2.000000e+02
4675,0.1,0.2,2.000000e+02
4700,0.1,0.2,2.000000e+02
4725,0.1,0.2,2.000000e+02
4750,0.1,0.2,2.000000e+02
4775,0.1,0.2,2.000000e+02
4800,0.1,0.2,2.000000e+02
4825,0.1,0.2,2.000000e+02
4850,0.1,0.2,2.000000e+02
4875,0.1,0.2,2.000000e+02
4900,0.1,0.2,2.000000e+02
4925,0.1,0.2,2.000000e+02
4950,0.1,0.2,2.000000e+02
4975,0.1,0.2,2.000000e+02
5000,0.1,0.2,2.000000e+02
300,0.177828,0.2,0.000000e+00
325,0.177828,0.2,0.000000e+00
350,0.177828,0.2,0.000000e+00
375,0.177828,0.2,0.000000e+00
400,0.177828,0.2,0.000000e+00
425,0.177828,0.2,0.000000e+00
450,0.177828,0.2,0.000000e+00
475,0.177828,0.2,0.000000e+00
500,0.177828,0.2,0.000000e+00
525,0.177828,0.2,0.000000e+00
550,0.177828,0.2,0.000000e+00
575,0.177828,0.2,0.000000e+00
600,0.177828,0.2,0.000000e+00
625,0.177828,0.2,0.000000e+00
650,0.177828,0.2,0.000000e+00
675,0.177828,0.2,2.020640e-03
700,0.177828,0.2,5.072370e-03
725,0.177828,0.2,9.384630e-03
750,0.177828,0.2,1.543010e-02
775,0.177828,0.2,2.364530e-02
800,0.177828,0.2,3.433950e-02
825,0.177828,0.2,4.753920e-02
850,0.177828,0.2,6.278710e-02
875,0.177828,0.2,7.900530e-02
900,0.177828,0.2,9.463520e-02
925,0.177828,0.2,1.081560e-01
950,0.177828,0.2,1.186970e-01
975,0.177828,0.2,1.262350e-01
1000,0.177828,0.2,1.313100e-01
1025,0.177828,0.2,1.346090e-01
1050,0.177828,0.2,1.367210e-01
1075,0.177828,0.2,1.380700e-01
1100,0.177828,0.2,1.389380e-01
1125,0.177828,0.2,1.395010e-01
1150,0.177828,0.2,1.398720e-01
1175,0.177828,0.2,1.401210e-01
1200,0.177828,0.2,1.402910e-01
1225,0.177828,0.2,1.404100e-01
1250,0.177828,0.2,1.404960e-01
1275,0.177828,0.2,1.405600e-01
1300,0.177828,0.2,1.406110e-01
1325,0.177828,0.2,1.406540e-01
1350,0.177828,0.2,1.406930e-01
1375,0.177828,0.2,1.407290e-01
1400,0.177828,0.2,1.407670e-01
1425,0.177828,0.2,1.408060e-01
1450,0.177828,0.2,1.408500e-01
1475,0.177828,0.2,1.408980e-01
1500,0.177828,0.2,1.409520e-01
1525,0.177828,0.2,1.410130e-01
1550,0.177828,0.2,1.410820e-01
1575,0.177828,0.2,1.411610e-01
1600,0.177828,0.2,1.412490e-01
1625,0.177828,0.2,1.413500e-01
1650,0.177828,0.2,1.414620e-01
1675,0.177828,0.2,1.415880e-01
1700,0.177828,0.2,1.417290e-01
1725,0.177828,0.2,1.418860e-01
1750,0.177828,0.2,1.420610e-01
1775,0.177828,0.2,1.422540e-01
1800,0.177828,0.2,1.424670e-01
1825,0.177828,0.2,1.427020e-01
1850,0.177828,0.2,1.429590e-01
1875,0.177828,0.2,1.432410e-01
1900,0.177828,0.2,1.435490e-01
1925,0.177828,0.2,1.438850e-01
1950,0.177828,0.2,1.442490e-01
1975,0.177828,0.2,1.446450e-01
2000,0.177828,0.2,1.450720e-01
2025,0.177828,0.2,1.455340e-01
2050,0.177828,0.2,1.460310e-01
2075,0.177828,0.2,1.465660e-01
2100,0.177828,0.2,1.471400e-01
2125,0.177828,0.2,1.477540e-01
2150,0.177828,0.2,1.484100e-01
2175,0.177828,0.2,1.491100e-01
2200,0.177828,0.2,1.498560e-01
2225,0.177828,0.2,1.506480e-01
2250,0.177828,0.2,1.514880e-01
2275,0.177828,0.2,1.523780e-01
2300,0.177828,0.2,1.533190e-01
2325,0.177828,0.2,1.543120e-01
2350,0.177828,0.2,1.553580e-01
2375,0.177828,0.2,1.564580e-01
2400,0.177828,0.2,1.576120e-01
2425,0.177828,0.2,1.588230e-01
2450,0.177828,0.2,1.600890e-01
2475,0.177828,0.2,1.614120e-01
2500,0.177828,0.2,1.627920e-01
2525,0.177828,0.2,1.642300e-01
2550,0.177828,0.2,1.657250e-01
2575,0.177828,0.2,1.672770e-01
2600,0.177828,0.2,1.688870e-01
2625,0.177828,0.2,1.705560e-01
2650,0.177828,0.2,1.722840e-01
2675,0.177828,0.2,1.740720e-01
2700,0.177828,0.2,1.759210e-01
2725,0.177828,0.2,1.778340e-01
2750,0.177828,0.2,1.798150e-01
2775,0.177828,0.2,1.818690e-01
2800,0.177828,0.2,1.840020e-01
2825,0.177828,0.2,1.862250e-01
2850,0.177828,0.2,1.885490e-01
2875,0.177828,0.2,1.909930e-01
2900,0.177828,0.2,1.935790e-01
2925,0.177828,0.2,1.963350e-01
2950,0.177828,0.2,1.992990e-01
2975,0.177828,0.2,2.025180e-01
3000,0.177828,0.2,2.060520e-01
3025,0.177828,0.2,2.099760e-01
3050,0.177828,0.2,2.143870e-01
3075,0.177828,0.2,2.194010e-01
3100,0.177828,0.2,2.251660e-01
3125,0.177828,0.2,2.318660e-01
3150,0.177828,0.2,2.397270e-01
3175,0.177828,0.2,2.490320e-01
3200,0.177828,0.2,2.601290e-01
3225,0.177828,0.2,2.734530e-01
3250,0.177828,0.2,2.895430e-01
3275,0.177828,0.2,3.090760e-01
3300,0.177828,0.2,3.329000e-01
3325,0.177828,0.2,3.620940e-01
3350,0.177828,0.2,3.980350e-01
3375,0.177828,0.2,4.425060e-01
3400,0.177828,0.2,4.978510e-01
3425,0.177828,0.2,5.672000e-01
3450,0.177828,0.2,6.548320e-01
3475,0.177828,0.2,7.667360e-01
3500,0.177828,0.2,9.115660e-01
3525,0.177828,0.2,1.102300e+00
3550,0.177828,0.2,1.359340e+00
3575,0.177828,0.2,1.716670e+00
3600,0.177828,0.2,2.235390e+00
3625,0.177828,0.2,3.037410e+00
3650,0.177828,0.2,4.405480e+00
3675,0.177828,0.2,7.174950e+00
3700,0.177828,0.2,1.532260e+01
3725,0.177828,0.2,2.000000e+02
3750,0.177828,0.2,2.000000e+02
3775,0.177828,0.2,2.000000e+02
3800,0.177828,0.2,2.000000e+02
3825,0.177828,0.2,2.000000e+02
3850,0.177828,0.2,2.000000e+02
3875,0.177828,0.2,2.000000e+02
3900,0.177828,0.2,2.000000e+02
3925,0.177828,0.2,2.000000e+02
3950,0.177828,0.2,2.000000e+02
3975,0.177828,0.2,2.000000e+02
4000,0.177828,0.2,2.000000e+02
4025,0.177828,0.2,2.000000e+02
4050,0.177828,0.2,2.000000e+02
4075,0.177828,0.2,2.000000e+02
4100,0.177828,0.2,2.000000e+02
4125,0.177828,0.2,2.000000e+02
4150,0.177828,0.2,2.000000e+02
4175,0.177828,0.2,2.000000e+02
4200,0.177828,0.2,2.000000e+02
4225,0.177828,0.2,2.000000e+02
4250,0.177828,0.2,2.000000e+02
4275,0.177828,0.2,2.000000e+02
4300,0.177828,0.2,2.000000e+02
4325,0.177828,0.2,2.000000e+02
4350,0.177828,0.2,2.000000e+02
4375,0.177828,0.2,2.000000e+02
4400,0.177828,0.2,2.000000e+02
4425,0.177828,0.2,2.000000e+02
4450,0.177828,0.2,2.000000e+02
4475,0.177828,0.2,2.000000e+02
4500,0.177828,0.2,2.000000e+02
4525,0.177828,0.2,2.000000e+02
4550,0.177828,0.2,2.000000e+02
4575,0.177828,0.2,2.000000e+02
4600,0.177828,0.2,2.000000e+02
4625,0.177828,0.2,2.000000e+02
4650,0.177828,0.2,2.000000e+02
4675,0.177828,0.2,2.000000e+02
4700,0.177828,0.2,2.000000e+02
4725,0.177828,0.2,2.000000e+02
4750,0.177828,0.2,2.000000e+02
4775,0.177828,0.2,2.000000e+02
4800,0.177828,0.2,2.000000e+02
4825,0.177828,0.2,2.000000e+02
4850,0.177828,0.2,2.000000e+02
4875,0.177828,0.2,2.000000e+02
4900,0.177828,0.2,2.000000e+02
4925,0.177828,0.2,2.000000e+02
4950,0.177828,0.2,2.000000e+02
4975,0.177828,0.2,2.000000e+02
5000,0.177828,0.2,2.000000e+02
300,0.316228,0.2,0.000000e+00
325,0.316228,0.2,0.000000e+00
350,0.316228,0.2,0.000000e+00
375,0.316228,0.2,0.000000e+00
400,0.316228,0.2,0.000000e+00
425,0.316228,0.2,0.000000e+00
450,0.316228,0.2,0.000000e+00
475,0.316228,0.2,0.000000e+00
500,0.316228,0.2,0.000000e+00
525,0.316228,0.2,0.000000e+00
550,0.316228,0.2,0.000000e+00
575,0.316228,0.2,0.000000e+00
600,0.316228,0.2,0.000000e+00
625,0.316228,0.2,0.000000e+00
650,0.316228,0.2,1.056380e-04
675,0.316228,0.2,1.944770e-03
700,0.316228,0.2,4.256190e-03
725,0.316228,0.2,7.432190e-03
750,0.316228,0.2,1.190570e-02
775,0.316228,0.2,1.811330e-02
800,0.316228,0.2,2.643560e-02
825,0.316228,0.2,3.710170e-02
850,0.316228,0.2,5.004770e-02
875,0.316228,0.2,6.475880e-02
900,0.316228,0.2,8.019990e-02
925,0.316228,0.2,9.498350e-02
950,0.316228,0.2,1.078130e-01
975,0.316228,0.2,1.179530e-01
1000,0.316228,0.2,1.253680e-01
1025,0.316228,0.2,1.304960e-01
1050,0.316228,0.2,1.339250e-01
1075,0.316228,0.2,1.361810e-01
1100,0.316228,0.2,1.376590e-01
1125,0.316228,0.2,1.386310e-01
1150,0.316228,0.2,1.392760e-01
1175,0.316228,0.2,1.397090e-01
1200,0.316228,0.2,1.400040e-01
1225,0.316228,0.2,1.402080e-01
1250,0.316228,0.2,1.403540e-01
1275,0.316228,0.2,1.404600e-01
1300,0.316228,0.2,1.405400e-01
1325,0.316228,0.2,1.406030e-01
1350,0.316228,0.2,1.406560e-01
1375,0.316228,0.2,1.407040e-01
1400,0.316228,0.2,1.407490e-01
1425,0.316228,0.2,1.407940e-01
1450,0.316228,0.2,1.408420e-01
1475,0.316228,0.2,1.408930e-01
1500,0.316228,0.2,1.409490e-01
1525,0.316228,0.2,1.410120e-01
1550,0.316228,0.2,1.410820e-01
1575,0.316228,0.2,1.411610e-01
1600,0.316228,0.2,1.412510e-01
1625,0.316228,0.2,1.413510e-01
1650,0.316228,0.2,1.414640e-01
1675,0.316228,0.2,1.415900e-01
1700,0.316228,0.2,1.417310e-01
1725,0.316228,0.2,1.418880e-01
1750,0.316228,0.2,1.420630e-01
1775,0.316228,0.2,1.422560e-01
1800,0.316228,0.2,1.424690e-01
1825,0.316228,0.2,1.427040e-01
1850,0.316228,0.2,1.429620e-01
1875,0.316228,0.2,1.432440e-01
1900,0.316228,0.2,1.435520e-01
1925,0.316228,0.2,1.438870e-01
1950,0.316228,0.2,1.442520e-01
1975,0.316228,0.2,1.446480e-01
2000,0.316228,0.2,1.450760e-01
2025,0.316228,0.2,1.455380e-01
2050,0.316228,0.2,1.460360e-01
2075,0.316228,0.2,1.465720e-01
2100,0.316228,0.2,1.471470e-01
2125,0.316228,0.2,1.477620e-01
2150,0.316228,0.2,1.484200e-01
2175,0.316228,0.2,1.491230e-01
2200,0.316228,0.2,1.498710e-01
2225,0.316228,0.2,1.506670e-01
2250,0.316228,0.2,1.515120e-01
2275,0.316228,0.2,1.524070e-01
2300,0.316228,0.2,1.533540e-01
2325,0.316228,0.2,1.543540e-01
2350,0.316228,0.2,1.554090e-01
2375,0.316228,0.2,1.565190e-01
2400,0.316228,0.2,1.576860e-01
2425,0.316228,0.2,1.589110e-01
2450,0.316228,0.2,1.601940e-01
2475,0.316228,0.2,1.615370e-01
2500,0.316228,0.2,1.629390e-01
2525,0.316228,0.2,1.644020e-01
2550,0.316228,0.2,1.659250e-01
2575,0.316228,0.2,1.675090e-01
2600,0.316228,0.2,1.691550e-01
2625,0.316228,0.2,1.708620e-01
2650,0.316228,0.2,1.726320e-01
2675,0.316228,0.2,1.744640e-01
2700,0.316228,0.2,1.763600e-01
2725,0.316228,0.2,1.783200e-01
2750,0.316228,0.2,1.803460e-01
2775,0.316228,0.2,1.824420e-01
2800,0.316228,0.2,1.846100e-01
2825,0.316228,0.2,1.868550e-01
2850,0.316228,0.2,1.891840e-01
2875,0.316228,0.2,1.916070e-01
2900,0.316228,0.2,1.941340e-01
2925,0.316228,0.2,1.967820e-01
2950,0.316228,0.2,1.995700e-01
2975,0.316228,0.2,2.025240e-01
3000,0.316228,0.2,2.056770e-01
3025,0.316228,0.2,2.090710e-01
3050,0.316228,0.2,2.127550e-01
3075,0.316228,0.2,2.167960e-01
3100,0.316228,0.2,2.212730e-01
3125,0.316228,0.2,2.262860e-01
3150,0.316228,0.2,2.319570e-01
3175,0.316228,0.2,2.384370e-01
3200,0.316228,0.2,2.459120e-01
3225,0.316228,0.2,2.546110e-01
3250,0.316228,0.2,2.648140e-01
3275,0.316228,0.2,2.768670e-01
3300,0.316228,0.2,2.911970e-01
3325,0.316228,0.2,3.083290e-01
3350,0.316228,0.2,3.289190e-01
3375,0.316228,0.2,3.537850e-01
3400,0.316228,0.2,3.839570e-01
3425,0.316228,0.2,4.207450e-01
3450,0.316228,0.2,4.658330e-01
3475,0.316228,0.2,5.214160e-01
3500,0.316228,0.2,5.904070e-01
3525,0.316228,0.2,6.767430e-01
3550,0.316228,0.2,7.858820e-01
3575,0.316228,0.2,9.256060e-01
3600,0.316228,0.2,1.107400e+00
3625,0.316228,0.2,1.348960e+00
3650,0.316228,0.2,1.679000e+00
3675,0.316228,0.2,2.147480e+00
3700,0.316228,0.2,2.849430e+00
3725,0.316228,0.2,3.990330e+00
3750,0.316228,0.2,6.110210e+00
3775,0.316228,0.2,1.121440e+01
3800,0.316228,0.2,3.748000e+01
3825,0.316228,0.2,2.000000e+02
3850,0.316228,0.2,2.000000e+02
3875,0.316228,0.2,2.000000e+02
3900,0.316228,0.2,2.000000e+02
3925,0.316228,0.2,2.000000e+02
3950,0.316228,0.2,2.000000e+02
3975,0.316228,0.2,2.000000e+02
4000,0.316228,0.2,2.000000e+02
4025,0.316228,0.2,2.000000e+02
4050,0.316228,0.2,2.000000e+02
4075,0.316228,0.2,2.000000e+02
4100,0.316228,0.2,2.000000e+02
4125,0.316228,0.2,2.000000e+02
4150,0.316228,0.2,2.000000e+02
4175,0.316228,0.2,2.000000e+02
4200,0.316228,0.2,2.000000e+02
4225,0.316228,0.2,2.000000e+02
4250,0.316228,0.2,2.000000e+02
4275,0.316228,0.2,2.000000e+02
4300,0.316228,0.2,2.000000e+02
4325,0.316228,0.2,2.000000e+02
4350,0.316228,0.2,2.000000e+02
4375,0.316228,0.2,2.000000e+02
4400,0.316228,0.2,2.000000e+02
4425,0.316228,0.2,2.000000e+02
4450,0.316228,0.2,2.000000e+02
4475,0.316228,0.2,2.000000e+02
4500,0.316228,0.2,2.000000e+02
4525,0.316228,0.2,2.000000e+02
4550,0.316228,0.2,2.000000e+02
4575,0.316228,0.2,2.000000e+02
4600,0.316228,0.2,2.000000e+02
4625,0.316228,0.2,2.000000e+02
4650,0.316228,0.2,2.000000e+02
4675,0.316228,0.2,2.000000e+02
4700,0.316228,0.2,2.000000e+02
4725,0.316228,0.2,2.000000e+02
4750,0.316228,0.2,2.000000e+02
4775,0.316228,0.2,2.000000e+02
4800,0.316228,0.2,2.000000e+02
4825,0.316228,0.2,2.000000e+02
4850,0.316228,0.2,2.000000e+02
4875,0.316228,0.2,2.000000e+02
4900,0.316228,0.2,2.000000e+02
4925,0.316228,0.2,2.000000e+02
4950,0.316228,0.2,2.000000e+02
4975,0.316228,0.2,2.000000e+02
5000,0.316228,0.2,2.000000e+02
300,0.562341,0.2,0.000000e+00
325,0.562341,0.2,0.000000e+00
350,0.562341,0.2,0.000000e+00
375,0.562341,0.2,0.000000e+00
400,0.562341,0.2,0.000000e+00
425,0.562341,0.2,0.000000e+00
450,0.562341,0.2,0.000000e+00
475,0.562341,0.2,0.000000e+00
500,0.562341,0.2,0.000000e+00
525,0.562341,0.2,0.000000e+00
550,0.562341,0.2,0.000000e+00
575,0.562341,0.2,0.000000e+00
600,0.562341,0.2,0.000000e+00
625,0.562341,0.2,0.000000e+00
650,0.562341,0.2,6.178280e-04
675,0.562341,0.2,2.259860e-03
700,0.562341,0.2,4.121720e-03
725,0.562341,0.2,6.515450e-03
750,0.562341,0.2,9.808270e-03
775,0.562341,0.2,1.439900e-02
800,0.562341,0.2,2.067880e-02
825,0.562341,0.2,2.897050e-02
850,0.562341,0.2,3.943550e-02
875,0.562341,0.2,5.195280e-02
900,0.562341,0.2,6.600160e-02
925,0.562341,0.2,8.063300e-02
950,0.562341,0.2,9.463550e-02
975,0.562341,0.2,1.068960e-01
1000,0.562341,0.2,1.167630e-01
1025,0.562341,0.2,1.241590e-01
1050,0.562341,0.2,1.294220e-01
1075,0.562341,0.2,1.330430e-01
1100,0.562341,0.2,1.354900e-01
1125,0.562341,0.2,1.371340e-01
1150,0.562341,0.2,1.382390e-01
1175,0.562341,0.2,1.389870e-01
1200,0.562341,0.2,1.394990e-01
1225,0.562341,0.2,1.398530e-01
1250,0.562341,0.2,1.401020e-01
1275,0.562341,0.2,1.402810e-01
1300,0.562341,0.2,1.404120e-01
1325,0.562341,0.2,1.405130e-01
1350,0.562341,0.2,1.405920e-01
1375,0.562341,0.2,1.406580e-01
1400,0.562341,0.2,1.407170e-01
1425,0.562341,0.2,1.407720e-01
1450,0.562341,0.2,1.408270e-01
1475,0.562341,0.2,1.408830e-01
1500,0.562341,0.2,1.409440e-01
1525,0.562341,0.2,1.410090e-01
1550,0.562341,0.2,1.410820e-01
1575,0.562341,0.2,1.411620e-01
1600,0.562341,0.2,1.412530e-01
1625,0.562341,0.2,1.413540e-01
1650,0.562341,0.2,1.414670e-01
1675,0.562341,0.2,1.415940e-01
1700,0.562341,0.2,1.417350e-01
1725,0.562341,0.2,1.418920e-01
1750,0.562341,0.2,1.420670e-01
1775,0.562341,0.2,1.422600e-01
1800,0.562341,0.2,1.424730e-01
1825,0.562341,0.2,1.427080e-01
1850,0.562341,0.2,1.429660e-01
1875,0.562341,0.2,1.432480e-01
1900,0.562341,0.2,1.435560e-01
1925,0.562341,0.2,1.438910e-01
1950,0.562341,0.2,1.442560e-01
1975,0.562341,0.2,1.446520e-01
2000,0.562341,0.2,1.450800e-01
2025,0.562341,0.2,1.455430e-01
2050,0.562341,0.2,1.460420e-01
2075,0.562341,0.2,1.465780e-01
2100,0.562341,0.2,1.471530e-01
2125,0.562341,0.2,1.477700e-01
2150,0.562341,0.2,1.484300e-01
2175,0.562341,0.2,1.491340e-01
2200,0.562341,0.2,1.498840e-01
2225,0.562341,0.2,1.506820e-01
2250,0.562341,0.2,1.515300e-01
2275,0.562341,0.2,1.524290e-01
2300,0.562341,0.2,1.533810e-01
2325,0.562341,0.2,1.543870e-01
2350,0.562341,0.2,1.554480e-01
2375,0.562341,0.2,1.565670e-01
2400,0.562341,0.2,1.577430e-01
2425,0.562341,0.2,1.589790e-01
2450,0.562341,0.2,1.602750e-01
2475,0.562341,0.2,1.616320e-01
2500,0.562341,0.2,1.630510e-01
2525,0.562341,0.2,1.645330e-01
2550,0.562341,0.2,1.660780e-01
2575,0.562341,0.2,1.676880e-01
2600,0.562341,0.2,1.693610e-01
2625,0.562341,0.2,1.711000e-01
2650,0.562341,0.2,1.729030e-01
2675,0.562341,0.2,1.747720e-01
2700,0.562341,0.2,1.767070e-01
2725,0.562341,0.2,1.787090e-01
2750,0.562341,0.2,1.807780e-01
2775,0.562341,0.2,1.829160e-01
2800,0.562341,0.2,1.851250e-01
2825,0.562341,0.2,1.874070e-01
2850,0.562341,0.2,1.897650e-01
2875,0.562341,0.2,1.922050e-01
2900,0.562341,0.2,1.947320e-01
2925,0.562341,0.2,1.973550e-01
2950,0.562341,0.2,2.000840e-01
2975,0.562341,0.2,2.029340e-01
3000,0.562341,0.2,2.059220e-01
3025,0.562341,0.2,2.090700e-01
3050,0.562341,0.2,2.124070e-01
3075,0.562341,0.2,2.159680e-01
3100,0.562341,0.2,2.197960e-01
3125,0.562341,0.2,2.239470e-01
3150,0.562341,0.2,2.284870e-01
3175,0.562341,0.2,2.334980e-01
3200,0.562341,0.2,2.390810e-01
3225,0.562341,0.2,2.453590e-01
3250,0.562341,0.2,2.524830e-01
3275,0.562341,0.2,2.606340e-01
3300,0.562341,0.2,2.700370e-01
3325,0.562341,0.2,2.809640e-01
3350,0.562341,0.2,2.937460e-01
3375,0.562341,0.2,3.087900e-01
3400,0.562341,0.2,3.265950e-01
3425,0.562341,0.2,3.477770e-01
3450,0.562341,0.2,3.731010e-01
3475,0.562341,0.2,4.035210e-01
3500,0.562341,0.2,4.402430e-01
3525,0.562341,0.2,4.848030e-01
3550,0.562341,0.2,5.391860e-01
3575,0.562341,0.2,6.059980e-01
3600,0.562341,0.2,6.887220e-01
3625,0.562341,0.2,7.921200e-01
3650,0.562341,0.2,9.228680e-01
3675,0.562341,0.2,1.090630e+00
3700,0.562341,0.2,1.309920e+00
3725,0.562341,0.2,1.603610e+00
3750,0.562341,0.2,2.009860e+00
3775,0.562341,0.2,2.597490e+00
3800,0.562341,0.2,3.504110e+00
3825,0.562341,0.2,5.049970e+00
3850,0.562341,0.2,8.185700e+00
3875,0.562341,0.2,1.747840e+01
3900,0.562341,0.2,2.000000e+02
3925,0.562341,0.2,2.000000e+02
3950,0.562341,0.2,2.000000e+02
3975,0.562341,0.2,2.000000e+02
4000,0.562341,0.2,2.000000e+02
4025,0.562341,0.2,2.000000e+02
4050,0.562341,0.2,2.000000e+02
4075,0.562341,0.2,2.000000e+02
4100,0.562341,0.2,2.000000e+02
4125,0.562341,0.2,2.000000e+02
4150,0.562341,0.2,2.000000e+02
4175,0.562341,0.2,2.000000e+02
4200,0.562341,0.2,2.000000e+02
4225,0.562341,0.2,2.000000e+02
4250,0.562341,0.2,2.000000e+02
4275,0.562341,0.2,2.000000e+02
4300,0.562341,0.2,2.000000e+02
4325,0.562341,0.2,2.000000e+02
4350,0.562341,0.2,2.000000e+02
4375,0.562341,0.2,2.000000e+02
4400,0.562341,0.2,2.000000e+02
4425,0.562341,0.2,2.000000e+02
4450,0.562341,0.2,2.000000e+02
4475,0.562341,0.2,2.000000e+02
4500,0.562341,0.2,2.000000e+02
4525,0.562341,0.2,2.000000e+02
4550,0.562341,0.2,2.000000e+02
4575,0.562341,0.2,2.000000e+02
4600,0.562341,0.2,2.000000e+02
4625,0.562341,0.2,2.000000e+02
4650,0.562341,0.2,2.000000e+02
4675,0.562341,0.2,2.000000e+02
4700,0.562341,0.2,2.000000e+02
4725,0.562341,0.2,2.000000e+02
4750,0.562341,0.2,2.000000e+02
4775,0.562341,0.2,2.000000e+02
4800,0.562341,0.2,2.000000e+02
4825,0.562341,0.2,2.000000e+02
4850,0.562341,0.2,2.000000e+02
4875,0.562341,0.2,2.000000e+02
4900,0.562341,0.2,2.000000e+02
4925,0.562341,0.2,2.000000e+02
4950,0.562341,0.2,2.000000e+02
4975,0.562341,0.2,2.000000e+02
5000,0.562341,0.2,2.000000e+02
300,1,0.2,0.000000e+00
325,1,0.2,0.000000e+00
350,1,0.2,0.000000e+00
375,1,0.2,0.000000e+00
400,1,0.2,0.000000e+00
425,1,0.2,0.000000e+00
450,1,0.2,0.000000e+00
475,1,0.2,0.000000e+00
500,1,0.2,0.000000e+00
525,1,0.2,0.000000e+00
550,1,0.2,0.000000e+00
575,1,0.2,0.000000e+00
600,1,0.2,0.000000e+00
625,1,0.2,0.000000e+00
650,1,0.2,1.180440e-03
675,1,0.2,2.767490e-03
700,1,0.2,4.399900e-03
725,1,0.2,6.311940e-03
750,1,0.2,8.794380e-03
775,1,0.2,1.218310e-02
800,1,0.2,1.683630e-02
825,1,0.2,2.309570e-02
850,1,0.2,3.122860e-02
875,1,0.2,4.134510e-02
900,1,0.2,5.329770e-02
925,1,0.2,6.659680e-02
950,1,0.2,8.040440e-02
975,1,0.2,9.367850e-02
1000,1,0.2,1.054570e-01
1025,1,0.2,1.151390e-01
1050,1,0.2,1.225960e-01
1075,1,0.2,1.280600e-01
1100,1,0.2,1.319300e-01
1125,1,0.2,1.346180e-01
1150,1,0.2,1.364690e-01
1175,1,0.2,1.377420e-01
1200,1,0.2,1.386200e-01
1225,1,0.2,1.392310e-01
1250,1,0.2,1.396600e-01
1275,1,0.2,1.399660e-01
1300,1,0.2,1.401880e-01
1325,1,0.2,1.403520e-01
1350,1,0.2,1.404780e-01
1375,1,0.2,1.405780e-01
1400,1,0.2,1.406610e-01
1425,1,0.2,1.407340e-01
1450,1,0.2,1.408010e-01
1475,1,0.2,1.408670e-01
1500,1,0.2,1.409340e-01
1525,1,0.2,1.410050e-01
1550,1,0.2,1.410810e-01
1575,1,0.2,1.411640e-01
1600,1,0.2,1.412560e-01
1625,1,0.2,1.413590e-01
1650,1,0.2,1.414730e-01
1675,1,0.2,1.416000e-01
1700,1,0.2,1.417420e-01
1725,1,0.2,1.418990e-01
1750,1,0.2,1.420740e-01
1775,1,0.2,1.422670e-01
1800,1,0.2,1.424800e-01
1825,1,0.2,1.427150e-01
1850,1,0.2,1.429720e-01
1875,1,0.2,1.432540e-01
1900,1,0.2,1.435620e-01
1925,1,0.2,1.438980e-01
1950,1,0.2,1.442630e-01
1975,1,0.2,1.446580e-01
2000,1,0.2,1.450870e-01
2025,1,0.2,1.455490e-01
2050,1,0.2,1.460480e-01
2075,1,0.2,1.465850e-01
2100,1,0.2,1.471610e-01
2125,1,0.2,1.477780e-01
2150,1,0.2,1.484390e-01
2175,1,0.2,1.491440e-01
2200,1,0.2,1.498960e-01
2225,1,0.2,1.506960e-01
2250,1,0.2,1.515460e-01
2275,1,0.2,1.524480e-01
2300,1,0.2,1.534030e-01
2325,1,0.2,1.544130e-01
2350,1,0.2,1.554790e-01
2375,1,0.2,1.566030e-01
2400,1,0.2,1.577870e-01
2425,1,0.2,1.590310e-01
2450,1,0.2,1.603360e-01
2475,1,0.2,1.617050e-01
2500,1,0.2,1.631370e-01
2525,1,0.2,1.646330e-01
2550,1,0.2,1.661960e-01
2575,1,0.2,1.678240e-01
2600,1,0.2,1.695200e-01
2625,1,0.2,1.712820e-01
2650,1,0.2,1.731130e-01
2675,1,0.2,1.750110e-01
2700,1,0.2,1.769790e-01
2725,1,0.2,1.790150e-01
2750,1,0.2,1.811210e-01
2775,1,0.2,1.832970e-01
2800,1,0.2,1.855450e-01
2825,1,0.2,1.878650e-01
2850,1,0.2,1.902590e-01
2875,1,0.2,1.927300e-01
2900,1,0.2,1.952810e-01
2925,1,0.2,1.979160e-01
2950,1,0.2,2.006410e-01
2975,1,0.2,2.034630e-01
3000,1,0.2,2.063930e-01
3025,1,0.2,2.094410e-01
3050,1,0.2,2.126240e-01
3075,1,0.2,2.159600e-01
3100,1,0.2,2.194750e-01
3125,1,0.2,2.231960e-01
3150,1,0.2,2.271630e-01
3175,1,0.2,2.314190e-01
3200,1,0.2,2.360190e-01
3225,1,0.2,2.410320e-01
3250,1,0.2,2.465390e-01
3275,1,0.2,2.526380e-01
3300,1,0.2,2.594510e-01
3325,1,0.2,2.671210e-01
3350,1,0.2,2.758250e-01
3375,1,0.2,2.857740e-01
3400,1,0.2,2.972260e-01
3425,1,0.2,3.104890e-01
3450,1,0.2,3.259430e-01
3475,1,0.2,3.440470e-01
3500,1,0.2,3.653630e-01
3525,1,0.2,3.905860e-01
3550,1,0.2,4.205750e-01
3575,1,0.2,4.564050e-01
3600,1,0.2,4.994330e-01
3625,1,0.2,5.513950e-01
3650,1,0.2,6.145420e-01
3675,1,0.2,6.918420e-01
3700,1,0.2,7.872840e-01
3725,1,0.2,9.063620e-01
3750,1,0.2,1.056850e+00
3775,1,0.2,1.250090e+00
3800,1,0.2,1.503390e+00
3825,1,0.2,1.844350e+00
3850,1,0.2,2.320030e+00
3875,1,0.2,3.017400e+00
3900,1,0.2,4.116800e+00
3925,1,0.2,6.061440e+00
3950,1,0.2,1.029970e+01
3975,1,0.2,2.565690e+01
4000,1,0.2,2.000000e+02
4025,1,0.2,2.000000e+02
4050,1,0.2,2.000000e+02
4075,1,0.2,2.000000e+02
4100,1,0.2,2.000000e+02
4125,1,0.2,2.000000e+02
4150,1,0.2,2.000000e+02
4175,1,0.2,2.000000e+02
4200,1,0.2,2.000000e+02
4225,1,0.2,2.000000e+02
4250,1,0.2,2.000000e+02
4275,1,0.2,2.000000e+02
4300,1,0.2,2.000000e+02
4325,1,0.2,2.000000e+02
4350,1,0.2,2.000000e+02
4375,1,0.2,2.000000e+02
4400,1,0.2,2.000000e+02
4425,1,0.2,2.000000e+02
4450,1,0.2,2.000000e+02
4475,1,0.2,2.000000e+02
4500,1,0.2,2.000000e+02
4525,1,0.2,2.000000e+02
4550,1,0.2,2.000000e+02
4575,1,0.2,2.000000e+02
4600,1,0.2,2.000000e+02
4625,1,0.2,2.000000e+02
4650,1,0.2,2.000000e+02
4675,1,0.2,2.000000e+02
4700,1,0.2,2.000000e+02
4725,1,0.2,2.000000e+02
4750,1,0.2,2.000000e+02
4775,1,0.2,2.000000e+02
4800,1,0.2,2.000000e+02
4825,1,0.2,2.000000e+02
4850,1,0.2,2.000000e+02
4875,1,0.2,2.000000e+02
4900,1,0.2,2.000000e+02
4925,1,0.2,2.000000e+02
4950,1,0.2,2.000000e+02
4975,1,0.2,2.000000e+02
5000,1,0.2,2.000000e+02
300,1.77828,0.2,0.000000e+00
325,1.77828,0.2,0.000000e+00
350,1.77828,0.2,0.000000e+00
375,1.77828,0.2,0.000000e+00
400,1.77828,0.2,0.000000e+00
425,1.77828,0.2,0.000000e+00
450,1.77828,0.2,0.000000e+00
475,1.77828,0.2,0.000000e+00
500,1.77828,0.2,0.000000e+00
525,1.77828,0.2,0.000000e+00
550,1.77828,0.2,0.000000e+00
575,1.77828,0.2,0.000000e+00
600,1.77828,0.2,0.000000e+00
625,1.77828,0.2,0.000000e+00
650,1.77828,0.2,1.717930e-03
675,1.77828,0.2,3.332450e-03
700,1.77828,0.2,4.881920e-03
725,1.77828,0.2,6.535970e-03
750,1.77828,0.2,8.513450e-03
775,1.77828,0.2,1.107950e-02
800,1.77828,0.2,1.453440e-02
825,1.77828,0.2,1.919210e-02
850,1.77828,0.2,2.534470e-02
875,1.77828,0.2,3.321030e-02
900,1.77828,0.2,4.286270e-02
925,1.77828,0.2,5.415210e-02
950,1.77828,0.2,6.664360e-02
975,1.77828,0.2,7.962070e-02
1000,1.77828,0.2,9.219960e-02
1025,1.77828,0.2,1.035460e-01
1050,1.77828,0.2,1.130970e-01
1075,1.77828,0.2,1.206640e-01
1100,1.77828,0.2,1.263800e-01
1125,1.77828,0.2,1.305520e-01
1150,1.77828,0.2,1.335310e-01
1175,1.77828,0.2,1.356350e-01
1200,1.77828,0.2,1.371130e-01
1225,1.77828,0.2,1.381530e-01
1250,1.77828,0.2,1.388890e-01
1275,1.77828,0.2,1.394130e-01
1300,1.77828,0.2,1.397920e-01
1325,1.77828,0.2,1.400690e-01
1350,1.77828,0.2,1.402760e-01
1375,1.77828,0.2,1.404350e-01
1400,1.77828,0.2,1.405610e-01
1425,1.77828,0.2,1.406650e-01
1450,1.77828,0.2,1.407550e-01
1475,1.77828,0.2,1.408380e-01
1500,1.77828,0.2,1.409170e-01
1525,1.77828,0.2,1.409960e-01
1550,1.77828,0.2,1.410790e-01
1575,1.77828,0.2,1.411670e-01
1600,1.77828,0.2,1.412630e-01
1625,1.77828,0.2,1.413680e-01
1650,1.77828,0.2,1.414830e-01
1675,1.77828,0.2,1.416120e-01
1700,1.77828,0.2,1.417540e-01
1725,1.77828,0.2,1.419120e-01
1750,1.77828,0.2,1.420860e-01
1775,1.77828,0.2,1.422790e-01
1800,1.77828,0.2,1.424920e-01
1825,1.77828,0.2,1.427270e-01
1850,1.77828,0.2,1.429840e-01
1875,1.77828,0.2,1.432650e-01
1900,1.77828,0.2,1.435730e-01
1925,1.77828,0.2,1.439080e-01
1950,1.77828,0.2,1.442730e-01
1975,1.77828,0.2,1.446680e-01
2000,1.77828,0.2,1.450970e-01
2025,1.77828,0.2,1.455590e-01
2050,1.77828,0.2,1.460580e-01
2075,1.77828,0.2,1.465940e-01
2100,1.77828,0.2,1.471710e-01
2125,1.77828,0.2,1.477880e-01
2150,1.77828,0.2,1.484490e-01
2175,1.77828,0.2,1.491550e-01
2200,1.77828,0.2,1.499080e-01
2225,1.77828,0.2,1.507090e-01
2250,1.77828,0.2,1.515610e-01
2275,1.77828,0.2,1.524650e-01
2300,1.77828,0.2,1.534220e-01
2325,1.77828,0.2,1.544350e-01
2350,1.77828,0.2,1.555050e-01
2375,1.77828,0.2,1.566340e-01
2400,1.77828,0.2,1.578220e-01
2425,1.77828,0.2,1.590720e-01
2450,1.77828,0.2,1.603850e-01
2475,1.77828,0.2,1.617610e-01
2500,1.77828,0.2,1.632030e-01
2525,1.77828,0.2,1.647110e-01
2550,1.77828,0.2,1.662860e-01
2575,1.77828,0.2,1.679290e-01
2600,1.77828,0.2,1.696410e-01
2625,1.77828,0.2,1.714230e-01
2650,1.77828,0.2,1.732740e-01
2675,1.77828,0.2,1.751960e-01
2700,1.77828,0.2,1.771890e-01
2725,1.77828,0.2,1.792530e-01
2750,1.77828,0.2,1.813890e-01
2775,1.77828,0.2,1.835970e-01
2800,1.77828,0.2,1.858790e-01
2825,1.77828,0.2,1.882330e-01
2850,1.77828,0.2,1.906620e-01
2875,1.77828,0.2,1.931660e-01
2900,1.77828,0.2,1.957480e-01
2925,1.77828,0.2,1.984090e-01
2950,1.77828,0.2,2.011530e-01
2975,1.77828,0.2,2.039830e-01
3000,1.77828,0.2,2.069040e-01
3025,1.77828,0.2,2.099230e-01
3050,1.77828,0.2,2.130490e-01
3075,1.77828,0.2,2.162910e-01
3100,1.77828,0.2,2.196630e-01
3125,1.77828,0.2,2.231810e-01
3150,1.77828,0.2,2.268660e-01
3175,1.77828,0.2,2.307420e-01
3200,1.77828,0.2,2.348400e-01
3225,1.77828,0.2,2.391970e-01
3250,1.77828,0.2,2.438570e-01
3275,1.77828,0.2,2.488770e-01
3300,1.77828,0.2,2.543200e-01
3325,1.77828,0.2,2.602670e-01
3350,1.77828,0.2,2.668110e-01
3375,1.77828,0.2,2.740680e-01
3400,1.77828,0.2,2.821730e-01
3425,1.77828,0.2,2.912910e-01
3450,1.77828,0.2,3.016170e-01
3475,1.77828,0.2,3.133870e-01
3500,1.77828,0.2,3.268850e-01
3525,1.77828,0.2,3.424520e-01
3550,1.77828,0.2,3.605010e-01
3575,1.77828,0.2,3.815330e-01
3600,1.77828,0.2,4.061600e-01
3625,1.77828,0.2,4.351360e-01
3650,1.77828,0.2,4.693920e-01
3675,1.77828,0.2,5.100920e-01
3700,1.77828,0.2,5.587070e-01
3725,1.77828,0.2,6.171200e-01
3750,1.77828,0.2,6.877750e-01
3775,1.77828,0.2,7.739020e-01
3800,1.77828,0.2,8.798560e-01
3825,1.77828,0.2,1.011650e+00
3850,1.77828,0.2,1.177820e+00
3875,1.77828,0.2,1.390900e+00
3900,1.77828,0.2,1.670070e+00
3925,1.77828,0.2,2.046180e+00
3950,1.77828,0.2,2.572190e+00
3975,1.77828,0.2,3.347140e+00
4000,1.77828,0.2,4.579460e+00
4025,1.77828,0.2,6.793600e+00
4050,1.77828,0.2,1.177830e+01
4075,1.77828,0.2,3.180200e+01
4100,1.77828,0.2,2.000000e+02
4125,1.77828,0.2,2.000000e+02
4150,1.77828,0.2,2.000000e+02
4175,1.77828,0.2,2.000000e+02
4200,1.77828,0.2,2.000000e+02
4225,1.77828,0.2,2.000000e+02
4250,1.77828,0.2,2.000000e+02
4275,1.77828,0.2,2.000000e+02
4300,1.77828,0.2,2.000000e+02
4325,1.77828,0.2,2.000000e+02
4350,1.77828,0.2,2.000000e+02
4375,1.77828,0.2,2.000000e+02
4400,1.77828,0.2,2.000000e+02
4425,1.77828,0.2,2.000000e+02
4450,1.77828,0.2,2.000000e+02
4475,1.77828,0.2,2.000000e+02
4500,1.77828,0.2,2.000000e+02
4525,1.77828,0.2,2.000000e+02
4550,1.77828,0.2,2.000000e+02
4575,1.77828,0.2,2.000000e+02
4600,1.77828,0.2,2.000000e+02
4625,1.77828,0.2,2.000000e+02
4650,1.77828,0.2,2.000000e+02
4675,1.77828,0.2,2.000000e+02
4700,1.77828,0.2,2.000000e+02
4725,1.77828,0.2,2.000000e+02
4750,1.77828,0.2,2.000000e+02
4775,1.77828,0.2,2.000000e+02
4800,1.77828,0.2,2.000000e+02
4825,1.77828,0.2,2.000000e+02
4850,1.77828,0.2,2.000000e+02
4875,1.77828,0.2,2.000000e+02
4900,1.77828,0.2,2.000000e+02
4925,1.77828,0.2,2.000000e+02
4950,1.77828,0.2,2.000000e+02
4975,1.77828,0.2,2.000000e+02
5000,1.77828,0.2,2.000000e+02
300,3.16228,0.2,0.000000e+00
325,3.16228,0.2,0.000000e+00
350,3.16228,0.2,0.000000e+00
375,3.16228,0.2,0.000000e+00
400,3.16228,0.2,0.000000e+00
425,3.16228,0.2,0.000000e+00
450,3.16228,0.2,0.000000e+00
475,3.16228,0.2,0.000000e+00
500,3.16228,0.2,0.000000e+00
525,3.16228,0.2,0.000000e+00
550,3.16228,0.2,0.000000e+00
575,3.16228,0.2,0.000000e+00
600,3.16228,0.2,0.000000e+00
625,3.16228,0.2,2.949330e-04
650,3.16228,0.2,2.193040e-03
675,3.16228,0.2,3.874960e-03
700,3.16228,0.2,5.427530e-03
725,3.16228,0.2,6.971740e-03
750,3.16228,0.2,8.667470e-03
775,3.16228,0.2,1.071480e-02
800,3.16228,0.2,1.335060e-02
825,3.16228,0.2,1.683740e-02
850,3.16228,0.2,2.144480e-02
875,3.16228,0.2,2.741770e-02
900,3.16228,0.2,3.493220e-02
925,3.16228,0.2,4.403880e-02
950,3.16228,0.2,5.460110e-02
975,3.16228,0.2,6.625120e-02
1000,3.16228,0.2,7.839350e-02
1025,3.16228,0.2,9.029030e-02
1050,3.16228,0.2,1.012210e-01
1075,3.16228,0.2,1.106570e-01
1100,3.16228,0.2,1.183570e-01
1125,3.16228,0.2,1.243580e-01
1150,3.16228,0.2,1.288740e-01
1175,3.16228,0.2,1.321920e-01
1200,3.16228,0.2,1.345960e-01
1225,3.16228,0.2,1.363240e-01
1250,3.16228,0.2,1.375640e-01
1275,3.16228,0.2,1.384560e-01
1300,3.16228,0.2,1.391010e-01
1325,3.16228,0.2,1.395720e-01
1350,3.16228,0.2,1.399200e-01
1375,3.16228,0.2,1.401820e-01
1400,3.16228,0.2,1.403830e-01
1425,3.16228,0.2,1.405420e-01
1450,3.16228,0.2,1.406730e-01
1475,3.16228,0.2,1.407850e-01
1500,3.16228,0.2,1.408860e-01
1525,3.16228,0.2,1.409810e-01
1550,3.16228,0.2,1.410760e-01
1575,3.16228,0.2,1.411720e-01
1600,3.16228,0.2,1.412740e-01
1625,3.16228,0.2,1.413830e-01
1650,3.16228,0.2,1.415020e-01
1675,3.16228,0.2,1.416320e-01
1700,3.16228,0.2,1.417750e-01
1725,3.16228,0.2,1.419340e-01
1750,3.16228,0.2,1.421080e-01
1775,3.16228,0.2,1.423010e-01
1800,3.16228,0.2,1.425140e-01
1825,3.16228,0.2,1.427480e-01
1850,3.16228,0.2,1.430040e-01
1875,3.16228,0.2,1.432850e-01
1900,3.16228,0.2,1.435920e-01
1925,3.16228,0.2,1.439270e-01
1950,3.16228,0.2,1.442910e-01
1975,3.16228,0.2,1.446860e-01
2000,3.16228,0.2,1.451130e-01
2025,3.16228,0.2,1.455750e-01
2050,3.16228,0.2,1.460730e-01
2075,3.16228,0.2,1.466100e-01
2100,3.16228,0.2,1.471860e-01
2125,3.16228,0.2,1.478030e-01
2150,3.16228,0.2,1.484640e-01
2175,3.16228,0.2,1.491700e-01
2200,3.16228,0.2,1.499230e-01
2225,3.16228,0.2,1.507250e-01
2250,3.16228,0.2,1.515780e-01
2275,3.16228,0.2,1.524830e-01
2300,3.16228,0.2,1.534420e-01
2325,3.16228,0.2,1.544570e-01
2350,3.16228,0.2,1.555290e-01
2375,3.16228,0.2,1.566610e-01
2400,3.16228,0.2,1.578530e-01
2425,3.16228,0.2,1.591070e-01
2450,3.16228,0.2,1.604250e-01
2475,3.16228,0.2,1.618080e-01
2500,3.16228,0.2,1.632570e-01
2525,3.16228,0.2,1.647730e-01
2550,3.16228,0.2,1.663570e-01
2575,3.16228,0.2,1.680120e-01
2600,3.16228,0.2,1.697360e-01
2625,3.16228,0.2,1.715320e-01
2650,3.16228,0.2,1.733990e-01
2675,3.16228,0.2,1.753390e-01
2700,3.16228,0.2,1.773520e-01
2725,3.16228,0.2,1.794380e-01
2750,3.16228,0.2,1.815980e-01
2775,3.16228,0.2,1.838320e-01
2800,3.16228,0.2,1.861400e-01
2825,3.16228,0.2,1.885240e-01
2850,3.16228,0.2,1.909830e-01
2875,3.16228,0.2,1.935180e-01
2900,3.16228,0.2,1.961300e-01
2925,3.16228,0.2,1.988200e-01
2950,3.16228,0.2,2.015890e-01
2975,3.16228,0.2,2.044400e-01
3000,3.16228,0.2,2.073750e-01
3025,3.16228,0.2,2.103970e-01
3050,3.16228,0.2,2.135110e-01
3075,3.16228,0.2,2.167230e-01
3100,3.16228,0.2,2.200390e-01
3125,3.16228,0.2,2.234690e-01
3150,3.16228,0.2,2.270230e-01
3175,3.16228,0.2,2.307160e-01
3200,3.16228,0.2,2.345630e-01
3225,3.16228,0.2,2.385860e-01
3250,3.16228,0.2,2.428100e-01
3275,3.16228,0.2,2.472640e-01
3300,3.16228,0.2,2.519840e-01
3325,3.16228,0.2,2.570160e-01
3350,3.16228,0.2,2.624090e-01
3375,3.16228,0.2,2.682280e-01
3400,3.16228,0.2,2.745470e-01
3425,3.16228,0.2,2.814530e-01
3450,3.16228,0.2,2.890540e-01
3475,3.16228,0.2,2.974730e-01
3500,3.16228,0.2,3.068600e-01
3525,3.16228,0.2,3.173940e-01
3550,3.16228,0.2,3.292840e-01
3575,3.16228,0.2,3.427840e-01
3600,3.16228,0.2,3.581950e-01
3625,3.16228,0.2,3.758780e-01
3650,3.16228,0.2,3.962710e-01
3675,3.16228,0.2,4.198990e-01
3700,3.16228,0.2,4.474060e-01
3725,3.16228,0.2,4.795780e-01
3750,3.16228,0.2,5.173870e-01
3775,3.16228,0.2,5.620460e-01
3800,3.16228,0.2,6.150860e-01
3825,3.16228,0.2,6.784620e-01
3850,3.16228,0.2,7.547110e-01
3875,3.16228,0.2,8.471810e-01
3900,3.16228,0.2,9.603790e-01
3925,3.16228,0.2,1.100520e+00
3950,3.16228,0.2,1.276420e+00
3975,3.16228,0.2,1.500990e+00
4000,3.16228,0.2,1.793930e+00
4025,3.16228,0.2,2.186840e+00
4050,3.16228,0.2,2.733690e+00
4075,3.16228,0.2,3.534790e+00
4100,3.16228,0.2,4.799280e+00
4125,3.16228,0.2,7.045630e+00
4150,3.16228,0.2,1.199310e+01
4175,3.16228,0.2,3.051750e+01
4200,3.16228,0.2,2.000000e+02
4225,3.16228,0.2,2.000000e+02
4250,3.16228,0.2,2.000000e+02
4275,3.16228,0.2,2.000000e+02
4300,3.16228,0.2,2.000000e+02
4325,3.16228,0.2,2.000000e+02
4350,3.16228,0.2,2.000000e+02
4375,3.16228,0.2,2.000000e+02
4400,3.16228,0.2,2.000000e+02
4425,3.16228,0.2,2.000000e+02
4450,3.16228,0.2,2.000000e+02
4475,3.16228,0.2,2.000000e+02
4500,3.16228,0.2,2.000000e+02
4525,3.16228,0.2,2.000000e+02
4550,3.16228,0.2,2.000000e+02
4575,3.16228,0.2,2.000000e+02
4600,3.16228,0.2,2.000000e+02
4625,3.16228,0.2,2.000000e+02
4650,3.16228,0.2,2.000000e+02
4675,3.16228,0.2,2.000000e+02
4700,3.16228,0.2,2.000000e+02
4725,3.16228,0.2,2.000000e+02
4750,3.16228,0.2,2.000000e+02
4775,3.16228,0.2,2.000000e+02
4800,3.16228,0.2,2.000000e+02
4825,3.16228,0.2,2.000000e+02
4850,3.16228,0.2,2.000000e+02
4875,3.16228,0.2,2.000000e+02
4900,3.16228,0.2,2.000000e+02
4925,3.16228,0.2,2.000000e+02
4950,3.16228,0.2,2.000000e+02
4975,3.16228,0.2,2.000000e+02
5000,3.16228,0.2,2.000000e+02
300,5.62341,0.2,0.000000e+00
325,5.62341,0.2,0.000000e+00
350,5.62341,0.2,0.000000e+00
375,5.62341,0.2,0.000000e+00
400,5.62341,0.2,0.000000e+00
425,5.62341,0.2,0.000000e+00
450,5.62341,0.2,0.000000e+00
475,5.62341,0.2,0.000000e+00
500,5.62341,0.2,0.000000e+00
525,5.62341,0.2,0.000000e+00
550,5.62341,0.2,0.000000e+00
575,5.62341,0.2,0.000000e+00
600,5.62341,0.2,0.000000e+00
625,5.62341,0.2,6.041610e-04
650,5.62341,0.2,2.592990e-03
675,5.62341,0.2,4.355640e-03
700,5.62341,0.2,5.954690e-03
725,5.62341,0.2,7.476890e-03
750,5.62341,0.2,9.037850e-03
775,5.62341,0.2,1.078500e-02
800,5.62341,0.2,1.289780e-02
825,5.62341,0.2,1.558350e-02
850,5.62341,0.2,1.906770e-02
875,5.62341,0.2,2.357710e-02
900,5.62341,0.2,2.931400e-02
925,5.62341,0.2,3.641990e-02
950,5.62341,0.2,4.493160e-02
975,5.62341,0.2,5.473440e-02
1000,5.62341,0.2,6.552940e-02
1025,5.62341,0.2,7.683550e-02
1050,5.62341,0.2,8.804810e-02
1075,5.62341,0.2,9.855240e-02
1100,5.62341,0.2,1.078560e-01
1125,5.62341,0.2,1.156800e-01
1150,5.62341,0.2,1.219750e-01
1175,5.62341,0.2,1.268630e-01
1200,5.62341,0.2,1.305640e-01
1225,5.62341,0.2,1.333160e-01
1250,5.62341,0.2,1.353410e-01
1275,5.62341,0.2,1.368250e-01
1300,5.62341,0.2,1.379110e-01
1325,5.62341,0.2,1.387080e-01
1350,5.62341,0.2,1.392970e-01
1375,5.62341,0.2,1.397360e-01
1400,5.62341,0.2,1.400680e-01
1425,5.62341,0.2,1.403240e-01
1450,5.62341,0.2,1.405260e-01
1475,5.62341,0.2,1.406900e-01
1500,5.62341,0.2,1.408300e-01
1525,5.62341,0.2,1.409540e-01
1550,5.62341,0.2,1.410690e-01
1575,5.62341,0.2,1.411800e-01
1600,5.62341,0.2,1.412930e-01
1625,5.62341,0.2,1.414090e-01
1650,5.62341,0.2,1.415330e-01
1675,5.62341,0.2,1.416670e-01
1700,5.62341,0.2,1.418120e-01
1725,5.62341,0.2,1.419720e-01
1750,5.62341,0.2,1.421470e-01
1775,5.62341,0.2,1.423400e-01
1800,5.62341,0.2,1.425520e-01
1825,5.62341,0.2,1.427850e-01
1850,5.62341,0.2,1.430410e-01
1875,5.62341,0.2,1.433200e-01
1900,5.62341,0.2,1.436260e-01
1925,5.62341,0.2,1.439600e-01
1950,5.62341,0.2,1.443220e-01
1975,5.62341,0.2,1.447160e-01
2000,5.62341,0.2,1.451420e-01
2025,5.62341,0.2,1.456030e-01
2050,5.62341,0.2,1.461000e-01
2075,5.62341,0.2,1.466350e-01
2100,5.62341,0.2,1.472100e-01
2125,5.62341,0.2,1.478270e-01
2150,5.62341,0.2,1.484880e-01
2175,5.62341,0.2,1.491930e-01
2200,5.62341,0.2,1.499460e-01
2225,5.62341,0.2,1.507480e-01
2250,5.62341,0.2,1.516010e-01
2275,5.62341,0.2,1.525060e-01
2300,5.62341,0.2,1.534660e-01
2325,5.62341,0.2,1.544820e-01
2350,5.62341,0.2,1.555550e-01
2375,5.62341,0.2,1.566890e-01
2400,5.62341,0.2,1.578830e-01
2425,5.62341,0.2,1.591400e-01
2450,5.62341,0.2,1.604610e-01
2475,5.62341,0.2,1.618480e-01
2500,5.62341,0.2,1.633020e-01
2525,5.62341,0.2,1.648250e-01
2550,5.62341,0.2,1.664160e-01
2575,5.62341,0.2,1.680780e-01
2600,5.62341,0.2,1.698120e-01
2625,5.62341,0.2,1.716180e-01
2650,5.62341,0.2,1.734980e-01
2675,5.62341,0.2,1.754510e-01
2700,5.62341,0.2,1.774790e-01
2725,5.62341,0.2,1.795820e-01
2750,5.62341,0.2,1.817600e-01
2775,5.62341,0.2,1.840140e-01
2800,5.62341,0.2,1.863450e-01
2825,5.62341,0.2,1.887520e-01
2850,5.62341,0.2,1.912350e-01
2875,5.62341,0.2,1.937960e-01
2900,5.62341,0.2,1.964350e-01
2925,5.62341,0.2,1.991510e-01
2950,5.62341,0.2,2.019470e-01
2975,5.62341,0.2,2.048210e-01
3000,5.62341,0.2,2.077770e-01
3025,5.62341,0.2,2.108160e-01
3050,5.62341,0.2,2.139390e-01
3075,5.62341,0.2,2.171500e-01
3100,5.62341,0.2,2.204520e-01
3125,5.62341,0.2,2.238500e-01
3150,5.62341,0.2,2.273510e-01
3175,5.62341,0.2,2.309610e-01
3200,5.62341,0.2,2.346890e-01
3225,5.62341,0.2,2.385470e-01
3250,5.62341,0.2,2.425490e-01
3275,5.62341,0.2,2.467110e-01
3300,5.62341,0.2,2.510530e-01
3325,5.62341,0.2,2.556000e-01
3350,5.62341,0.2,2.603800e-01
3375,5.62341,0.2,2.654270e-01
3400,5.62341,0.2,2.707840e-01
3425,5.62341,0.2,2.764990e-01
3450,5.62341,0.2,2.826290e-01
3475,5.62341,0.2,2.892430e-01
3500,5.62341,0.2,2.964230e-01
3525,5.62341,0.2,3.042620e-01
3550,5.62341,0.2,3.128740e-01
3575,5.62341,0.2,3.223920e-01
3600,5.62341,0.2,3.329730e-01
3625,5.62341,0.2,3.448020e-01
3650,5.62341,0.2,3.580990e-01
3675,5.62341,0.2,3.731250e-01
3700,5.62341,0.2,3.901900e-01
3725,5.62341,0.2,4.096630e-01
3750,5.62341,0.2,4.319910e-01
3775,5.62341,0.2,4.577070e-01
3800,5.62341,0.2,4.874610e-01
3825,5.62341,0.2,5.220460e-01
3850,5.62341,0.2,5.624380e-01
3875,5.62341,0.2,6.098520e-01
3900,5.62341,0.2,6.658140e-01
3925,5.62341,0.2,7.322670e-01
3950,5.62341,0.2,8.117210e-01
3975,5.62341,0.2,9.074760e-01
4000,5.62341,0.2,1.023950e+00
4025,5.62341,0.2,1.167200e+00
4050,5.62341,0.2,1.345750e+00
4075,5.62341,0.2,1.571980e+00
4100,5.62341,0.2,1.864600e+00
4125,5.62341,0.2,2.253190e+00
4150,5.62341,0.2,2.787430e+00
4175,5.62341,0.2,3.557520e+00
4200,5.62341,0.2,4.745390e+00
4225,5.62341,0.2,6.779520e+00
4250,5.62341,0.2,1.095600e+01
4275,5.62341,0.2,2.375890e+01
4300,5.62341,0.2,2.000000e+02
4325,5.62341,0.2,2.000000e+02
4350,5.62341,0.2,2.000000e+02
4375,5.62341,0.2,2.000000e+02
4400,5.62341,0.2,2.000000e+02
4425,5.62341,0.2,2.000000e+02
4450,5.62341,0.2,2.000000e+02
4475,5.62341,0.2,2.000000e+02
4500,5.62341,0.2,2.000000e+02
4525,5.62341,0.2,2.000000e+02
4550,5.62341,0.2,2.000000e+02
4575,5.62341,0.2,2.000000e+02
4600,5.62341,0.2,2.000000e+02
4625,5.62341,0.2,2.000000e+02
4650,5.62341,0.2,2.000000e+02
4675,5.62341,0.2,2.000000e+02
4700,5.62341,0.2,2.000000e+02
4725,5.62341,0.2,2.000000e+02
4750,5.62341,0.2,2.000000e+02
4775,5.62341,0.2,2.000000e+02
4800,5.62341,0.2,2.000000e+02
4825,5.62341,0.2,2.000000e+02
4850,5.62341,0.2,2.000000e+02
4875,5.62341,0.2,2.000000e+02
4900,5.62341,0.2,2.000000e+02
4925,5.62341,0.2,2.000000e+02
4950,5.62341,0.2,2.000000e+02
4975,5.62341,0.2,2.000000e+02
5000,5.62341,0.2,2.000000e+02
300,10,0.2,0.000000e+00
325,10,0.2,0.000000e+00
350,10,0.2,0.000000e+00
375,10,0.2,0.000000e+00
400,10,0.2,0.000000e+00
425,10,0.2,0.000000e+00
450,10,0.2,0.000000e+00
475,10,0.2,0.000000e+00
500,10,0.2,0.000000e+00
525,10,0.2,0.000000e+00
550,10,0.2,0.000000e+00
575,10,0.2,0.000000e+00
600,10,0.2,0.000000e+00
625,10,0.2,8.503280e-04
650,10,0.2,2.918870e-03
675,10,0.2,4.760770e-03
700,10,0.2,6.422990e-03
725,10,0.2,7.969100e-03
750,10,0.2,9.483270e-03
775,10,0.2,1.107350e-02
800,10,0.2,1.287310e-02
825,10,0.2,1.503990e-02
850,10,0.2,1.775260e-02
875,10,0.2,2.120130e-02
900,10,0.2,2.557420e-02
925,10,0.2,3.103610e-02
950,10,0.2,3.770070e-02
975,10,0.2,4.559690e-02
1000,10,0.2,5.463450e-02
1025,10,0.2,6.457970e-02
1050,10,0.2,7.505410e-02
1075,10,0.2,8.557240e-02
1100,10,0.2,9.561960e-02
1125,10,0.2,1.047480e-01
1150,10,0.2,1.126580e-01
1175,10,0.2,1.192290e-01
1200,10,0.2,1.244990e-01
1225,10,0.2,1.286120e-01
1250,10,0.2,1.317580e-01
1275,10,0.2,1.341310e-01
1300,10,0.2,1.359070e-01
1325,10,0.2,1.372320e-01
1350,10,0.2,1.382190e-01
1375,10,0.2,1.389570e-01
1400,10,0.2,1.395130e-01
1425,10,0.2,1.399360e-01
1450,10,0.2,1.402620e-01
1475,10,0.2,1.405190e-01
1500,10,0.2,1.407270e-01
1525,10,0.2,1.409020e-01
1550,10,0.2,1.410540e-01
1575,10,0.2,1.411920e-01
1600,10,0.2,1.413240e-01
1625,10,0.2,1.414550e-01
1650,10,0.2,1.415880e-01
1675,10,0.2,1.417280e-01
1700,10,0.2,1.418770e-01
1725,10,0.2,1.420390e-01
1750,10,0.2,1.422150e-01
1775,10,0.2,1.424080e-01
1800,10,0.2,1.426190e-01
1825,10,0.2,1.428510e-01
1850,10,0.2,1.431040e-01
1875,10,0.2,1.433820e-01
1900,10,0.2,1.436860e-01
1925,10,0.2,1.440170e-01
1950,10,0.2,1.443770e-01
1975,10,0.2,1.447690e-01
2000,10,0.2,1.451930e-01
2025,10,0.2,1.456520e-01
2050,10,0.2,1.461470e-01
2075,10,0.2,1.466800e-01
2100,10,0.2,1.472530e-01
2125,10,0.2,1.478680e-01
2150,10,0.2,1.485270e-01
2175,10,0.2,1.492310e-01
2200,10,0.2,1.499830e-01
2225,10,0.2,1.507840e-01
2250,10,0.2,1.516350e-01
2275,10,0.2,1.525400e-01
2300,10,0.2,1.535000e-01
2325,10,0.2,1.545150e-01
2350,10,0.2,1.555890e-01
2375,10,0.2,1.567230e-01
2400,10,0.2,1.579190e-01
2425,10,0.2,1.591770e-01
2450,10,0.2,1.605010e-01
2475,10,0.2,1.618900e-01
2500,10,0.2,1.633470e-01
2525,10,0.2,1.648730e-01
2550,10,0.2,1.664700e-01
2575,10,0.2,1.681370e-01
2600,10,0.2,1.698770e-01
2625,10,0.2,1.716910e-01
2650,10,0.2,1.735790e-01
2675,10,0.2,1.755420e-01
2700,10,0.2,1.775810e-01
2725,10,0.2,1.796960e-01
2750,10,0.2,1.818890e-01
2775,10,0.2,1.841580e-01
2800,10,0.2,1.865050e-01
2825,10,0.2,1.889310e-01
2850,10,0.2,1.914340e-01
2875,10,0.2,1.940160e-01
2900,10,0.2,1.966760e-01
2925,10,0.2,1.994150e-01
2950,10,0.2,2.022330e-01
2975,10,0.2,2.051300e-01
3000,10,0.2,2.081080e-01
3025,10,0.2,2.111650e-01
3050,10,0.2,2.143050e-01
3075,10,0.2,2.175270e-01
3100,10,0.2,2.208340e-01
3125,10,0.2,2.242280e-01
3150,10,0.2,2.277120e-01
3175,10,0.2,2.312900e-01
3200,10,0.2,2.349670e-01
3225,10,0.2,2.387480e-01
3250,10,0.2,2.426420e-01
3275,10,0.2,2.466560e-01
3300,10,0.2,2.508030e-01
3325,10,0.2,2.550950e-01
3350,10,0.2,2.595490e-01
3375,10,0.2,2.641830e-01
3400,10,0.2,2.690210e-01
3425,10,0.2,2.740880e-01
3450,10,0.2,2.794190e-01
3475,10,0.2,2.850490e-01
3500,10,0.2,2.910240e-01
3525,10,0.2,2.973960e-01
3550,10,0.2,3.042270e-01
3575,10,0.2,3.115880e-01
3600,10,0.2,3.195640e-01
3625,10,0.2,3.282550e-01
3650,10,0.2,3.377750e-01
3675,10,0.2,3.482610e-01
3700,10,0.2,3.598720e-01
3725,10,0.2,3.727970e-01
3750,10,0.2,3.872550e-01
3775,10,0.2,4.035080e-01
3800,10,0.2,4.218630e-01
3825,10,0.2,4.426880e-01
3850,10,0.2,4.664200e-01
3875,10,0.2,4.935830e-01
3900,10,0.2,5.248120e-01
3925,10,0.2,5.608760e-01
3950,10,0.2,6.027190e-01
3975,10,0.2,6.515090e-01
4000,10,0.2,7.087050e-01
4025,10,0.2,7.761540e-01
4050,10,0.2,8.562240e-01
4075,10,0.2,9.520050e-01
4100,10,0.2,1.067600e+00
4125,10,0.2,1.208570e+00
4150,10,0.2,1.382650e+00
4175,10,0.2,1.600920e+00
4200,10,0.2,1.879800e+00
4225,10,0.2,2.244730e+00
4250,10,0.2,2.737210e+00
4275,10,0.2,3.429830e+00
4300,10,0.2,4.461670e+00
4325,10,0.2,6.135880e+00
4350,10,0.2,9.258120e+00
4375,10,0.2,1.687540e+01
4400,10,0.2,5.819200e+01
4425,10,0.2,2.000000e+02
4450,10,0.2,2.000000e+02
4475,10,0.2,2.000000e+02
4500,10,0.2,2.000000e+02
4525,10,0.2,2.000000e+02
4550,10,0.2,2.000000e+02
4575,10,0.2,2.000000e+02
4600,10,0.2,2.000000e+02
4625,10,0.2,2.000000e+02
4650,10,0.2,2.000000e+02
4675,10,0.2,2.000000e+02
4700,10,0.2,2.000000e+02
4725,10,0.2,2.000000e+02
4750,10,0.2,2.000000e+02
4775,10,0.2,2.000000e+02
4800,10,0.2,2.000000e+02
4825,10,0.2,2.000000e+02
4850,10,0.2,2.000000e+02
4875,10,0.2,2.000000e+02
4900,10,0.2,2.000000e+02
4925,10,0.2,2.000000e+02
4950,10,0.2,2.000000e+02
4975,10,0.2,2.000000e+02
5000,10,0.2,2.000000e+02
300,17.7828,0.2,0.000000e+00
325,17.7828,0.2,0.000000e+00
350,17.7828,0.2,0.000000e+00
375,17.7828,0.2,0.000000e+00
400,17.7828,0.2,0.000000e+00
425,17.7828,0.2,0.000000e+00
450,17.7828,0.2,0.000000e+00
475,17.7828,0.2,0.000000e+00
500,17.7828,0.2,0.000000e+00
525,17.7828,0.2,0.000000e+00
550,17.7828,0.2,0.000000e+00
575,17.7828,0.2,0.000000e+00
600,17.7828,0.2,0.000000e+00
625,17.7828,0.2,1.043200e-03
650,17.7828,0.2,3.178440e-03
675,17.7828,0.2,5.091080e-03
700,17.7828,0.2,6.818170e-03
725,17.7828,0.2,8.407920e-03
750,17.7828,0.2,9.922900e-03
775,17.7828,0.2,1.144280e-02
800,17.7828,0.2,1.306640e-02
825,17.7828,0.2,1.491210e-02
850,17.7828,0.2,1.711700e-02
875,17.7828,0.2,1.983230e-02
900,17.7828,0.2,2.321640e-02
925,17.7828,0.2,2.742350e-02
950,17.7828,0.2,3.258660e-02
975,17.7828,0.2,3.879740e-02
1000,17.7828,0.2,4.608050e-02
1025,17.7828,0.2,5.436920e-02
1050,17.7828,0.2,6.348660e-02
1075,17.7828,0.2,7.314290e-02
1100,17.7828,0.2,8.295720e-02
1125,17.7828,0.2,9.250790e-02
1150,17.7828,0.2,1.014010e-01
1175,17.7828,0.2,1.093330e-01
1200,17.7828,0.2,1.161360e-01
1225,17.7828,0.2,1.217720e-01
1250,17.7828,0.2,1.263110e-01
1275,17.7828,0.2,1.298860e-01
1300,17.7828,0.2,1.326560e-01
1325,17.7828,0.2,1.347770e-01
1350,17.7828,0.2,1.363910e-01
1375,17.7828,0.2,1.376150e-01
1400,17.7828,0.2,1.385420e-01
1425,17.7828,0.2,1.392480e-01
1450,17.7828,0.2,1.397880e-01
1475,17.7828,0.2,1.402060e-01
1500,17.7828,0.2,1.405350e-01
1525,17.7828,0.2,1.407990e-01
1550,17.7828,0.2,1.410180e-01
1575,17.7828,0.2,1.412050e-01
1600,17.7828,0.2,1.413730e-01
1625,17.7828,0.2,1.415290e-01
1650,17.7828,0.2,1.416800e-01
1675,17.7828,0.2,1.418320e-01
1700,17.7828,0.2,1.419890e-01
1725,17.7828,0.2,1.421550e-01
1750,17.7828,0.2,1.423330e-01
1775,17.7828,0.2,1.425260e-01
1800,17.7828,0.2,1.427360e-01
1825,17.7828,0.2,1.429650e-01
1850,17.7828,0.2,1.432160e-01
1875,17.7828,0.2,1.434910e-01
1900,17.7828,0.2,1.437910e-01
1925,17.7828,0.2,1.441180e-01
1950,17.7828,0.2,1.444740e-01
1975,17.7828,0.2,1.448620e-01
2000,17.7828,0.2,1.452820e-01
2025,17.7828,0.2,1.457370e-01
2050,17.7828,0.2,1.462280e-01
2075,17.7828,0.2,1.467580e-01
2100,17.7828,0.2,1.473280e-01
2125,17.7828,0.2,1.479400e-01
2150,17.7828,0.2,1.485950e-01
2175,17.7828,0.2,1.492960e-01
2200,17.7828,0.2,1.500450e-01
2225,17.7828,0.2,1.508440e-01
2250,17.7828,0.2,1.516930e-01
2275,17.7828,0.2,1.525960e-01
2300,17.7828,0.2,1.535530e-01
2325,17.7828,0.2,1.545680e-01
2350,17.7828,0.2,1.556400e-01
2375,17.7828,0.2,1.567730e-01
2400,17.7828,0.2,1.579680e-01
2425,17.7828,0.2,1.592270e-01
2450,17.7828,0.2,1.605500e-01
2475,17.7828,0.2,1.619410e-01
2500,17.7828,0.2,1.633990e-01
2525,17.7828,0.2,1.649270e-01
2550,17.7828,0.2,1.665260e-01
2575,17.7828,0.2,1.681970e-01
2600,17.7828,0.2,1.699410e-01
2625,17.7828,0.2,1.717590e-01
2650,17.7828,0.2,1.736530e-01
2675,17.7828,0.2,1.756230e-01
2700,17.7828,0.2,1.776690e-01
2725,17.7828,0.2,1.797930e-01
2750,17.7828,0.2,1.819950e-01
2775,17.7828,0.2,1.842760e-01
2800,17.7828,0.2,1.866360e-01
2825,17.7828,0.2,1.890740e-01
2850,17.7828,0.2,1.915930e-01
2875,17.7828,0.2,1.941900e-01
2900,17.7828,0.2,1.968670e-01
2925,17.7828,0.2,1.996240e-01
2950,17.7828,0.2,2.024610e-01
2975,17.7828,0.2,2.053770e-01
3000,17.7828,0.2,2.083740e-01
3025,17.7828,0.2,2.114500e-01
3050,17.7828,0.2,2.146060e-01
3075,17.7828,0.2,2.178430e-01
3100,17.7828,0.2,2.211620e-01
3125,17.7828,0.2,2.245630e-01
3150,17.7828,0.2,2.280480e-01
3175,17.7828,0.2,2.316190e-01
3200,17.7828,0.2,2.352770e-01
3225,17.7828,0.2,2.390260e-01
3250,17.7828,0.2,2.428700e-01
3275,17.7828,0.2,2.468130e-01
3300,17.7828,0.2,2.508620e-01
3325,17.7828,0.2,2.550220e-01
3350,17.7828,0.2,2.593040e-01
3375,17.7828,0.2,2.637170e-01
3400,17.7828,0.2,2.682740e-01
3425,17.7828,0.2,2.729900e-01
3450,17.7828,0.2,2.778820e-01
3475,17.7828,0.2,2.829720e-01
3500,17.7828,0.2,2.882840e-01
3525,17.7828,0.2,2.938470e-01
3550,17.7828,0.2,2.996940e-01
3575,17.7828,0.2,3.058670e-01
3600,17.7828,0.2,3.124100e-01
3625,17.7828,0.2,3.193780e-01
3650,17.7828,0.2,3.268340e-01
3675,17.7828,0.2,3.348520e-01
3700,17.7828,0.2,3.435150e-01
3725,17.7828,0.2,3.529250e-01
3750,17.7828,0.2,3.631960e-01
3775,17.7828,0.2,3.744620e-01
3800,17.7828,0.2,3.868820e-01
3825,17.7828,0.2,4.006390e-01
3850,17.7828,0.2,4.159470e-01
3875,17.7828,0.2,4.330580e-01
3900,17.7828,0.2,4.522710e-01
3925,17.7828,0.2,4.739360e-01
3950,17.7828,0.2,4.984690e-01
3975,17.7828,0.2,5.263700e-01
4000,17.7828,0.2,5.582330e-01
4025,17.7828,0.2,5.947820e-01
4050,17.7828,0.2,6.368950e-01
4075,17.7828,0.2,6.856500e-01
4100,17.7828,0.2,7.423860e-01
4125,17.7828,0.2,8.087840e-01
4150,17.7828,0.2,8.869790e-01
4175,17.7828,0.2,9.797250e-01
4200,17.7828,0.2,1.090640e+00
4225,17.7828,0.2,1.224540e+00
4250,17.7828,0.2,1.388060e+00
4275,17.7828,0.2,1.590460e+00
4300,17.7828,0.2,1.845200e+00
4325,17.7828,0.2,2.172480e+00
4350,17.7828,0.2,2.604170e+00
4375,17.7828,0.2,3.193400e+00
4400,17.7828,0.2,4.035800e+00
4425,17.7828,0.2,5.321970e+00
4450,17.7828,0.2,7.492260e+00
4475,17.7828,0.2,1.183530e+01
4500,17.7828,0.2,2.431440e+01
4525,17.7828,0.2,2.000000e+02
4550,17.7828,0.2,2.000000e+02
4575,17.7828,0.2,2.000000e+02
4600,17.7828,0.2,2.000000e+02
4625,17.7828,0.2,2.000000e+02
4650,17.7828,0.2,2.000000e+02
4675,17.7828,0.2,2.000000e+02
4700,17.7828,0.2,2.000000e+02
4725,17.7828,0.2,2.000000e+02
4750,17.7828,0.2,2.000000e+02
4775,17.7828,0.2,2.000000e+02
4800,17.7828,0.2,2.000000e+02
4825,17.7828,0.2,2.000000e+02
4850,17.7828,0.2,2.000000e+02
4875,17.7828,0.2,2.000000e+02
4900,17.7828,0.2,2.000000e+02
4925,17.7828,0.2,2.000000e+02
4950,17.7828,0.2,2.000000e+02
4975,17.7828,0.2,2.000000e+02
5000,17.7828,0.2,2.000000e+02
300,31.6228,0.2,0.000000e+00
325,31.6228,0.2,0.000000e+00
350,31.6228,0.2,0.000000e+00
375,31.6228,0.2,0.000000e+00
400,31.6228,0.2,0.000000e+00
425,31.6228,0.2,0.000000e+00
450,31.6228,0.2,0.000000e+00
475,31.6228,0.2,0.000000e+00
500,31.6228,0.2,0.000000e+00
525,31.6228,0.2,0.000000e+00
550,31.6228,0.2,0.000000e+00
575,31.6228,0.2,0.000000e+00
600,31.6228,0.2,0.000000e+00
625,31.6228,0.2,1.192600e-03
650,31.6228,0.2,3.381910e-03
675,31.6228,0.2,5.354280e-03
700,31.6228,0.2,7.140540e-03
725,31.6228,0.2,8.778830e-03
750,31.6228,0.2,1.031710e-02
775,31.6228,0.2,1.181510e-02
800,31.6228,0.2,1.334690e-02
825,31.6228,0.2,1.500120e-02
850,31.6228,0.2,1.688160e-02
875,31.6228,0.2,1.910540e-02
900,31.6228,0.2,2.179910e-02
925,31.6228,0.2,2.509350e-02
950,31.6228,0.2,2.911340e-02
975,31.6228,0.2,3.396610e-02
1000,31.6228,0.2,3.972550e-02
1025,31.6228,0.2,4.641430e-02
1050,31.6228,0.2,5.398590e-02
1075,31.6228,0.2,6.231100e-02
1100,31.6228,0.2,7.117300e-02
1125,31.6228,0.2,8.028030e-02
1150,31.6228,0.2,8.929640e-02
1175,31.6228,0.2,9.788530e-02
1200,31.6228,0.2,1.057610e-01
1225,31.6228,0.2,1.127260e-01
1250,31.6228,0.2,1.186860e-01
1275,31.6228,0.2,1.236420e-01
1300,31.6228,0.2,1.276670e-01
1325,31.6228,0.2,1.308750e-01
1350,31.6228,0.2,1.333950e-01
1375,31.6228,0.2,1.353550e-01
1400,31.6228,0.2,1.368700e-01
1425,31.6228,0.2,1.380360e-01
1450,31.6228,0.2,1.389340e-01
1475,31.6228,0.2,1.396270e-01
1500,31.6228,0.2,1.401660e-01
1525,31.6228,0.2,1.405890e-01
1550,31.6228,0.2,1.409280e-01
1575,31.6228,0.2,1.412050e-01
1600,31.6228,0.2,1.414380e-01
1625,31.6228,0.2,1.416420e-01
1650,31.6228,0.2,1.418270e-01
1675,31.6228,0.2,1.420020e-01
1700,31.6228,0.2,1.421750e-01
1725,31.6228,0.2,1.423510e-01
1750,31.6228,0.2,1.425340e-01
1775,31.6228,0.2,1.427280e-01
1800,31.6228,0.2,1.429370e-01
1825,31.6228,0.2,1.431630e-01
1850,31.6228,0.2,1.434100e-01
1875,31.6228,0.2,1.436790e-01
1900,31.6228,0.2,1.439730e-01
1925,31.6228,0.2,1.442940e-01
1950,31.6228,0.2,1.446440e-01
1975,31.6228,0.2,1.450250e-01
2000,31.6228,0.2,1.454380e-01
2025,31.6228,0.2,1.458860e-01
2050,31.6228,0.2,1.463710e-01
2075,31.6228,0.2,1.468950e-01
2100,31.6228,0.2,1.474580e-01
2125,31.6228,0.2,1.480640e-01
2150,31.6228,0.2,1.487140e-01
2175,31.6228,0.2,1.494100e-01
2200,31.6228,0.2,1.501540e-01
2225,31.6228,0.2,1.509470e-01
2250,31.6228,0.2,1.517920e-01
2275,31.6228,0.2,1.526900e-01
2300,31.6228,0.2,1.536440e-01
2325,31.6228,0.2,1.546540e-01
2350,31.6228,0.2,1.557240e-01
2375,31.6228,0.2,1.568540e-01
2400,31.6228,0.2,1.580460e-01
2425,31.6228,0.2,1.593020e-01
2450,31.6228,0.2,1.606240e-01
2475,31.6228,0.2,1.620130e-01
2500,31.6228,0.2,1.634700e-01
2525,31.6228,0.2,1.649980e-01
2550,31.6228,0.2,1.665970e-01
2575,31.6228,0.2,1.682680e-01
2600,31.6228,0.2,1.700140e-01
2625,31.6228,0.2,1.718340e-01
2650,31.6228,0.2,1.737310e-01
2675,31.6228,0.2,1.757040e-01
2700,31.6228,0.2,1.777550e-01
2725,31.6228,0.2,1.798840e-01
2750,31.6228,0.2,1.820930e-01
2775,31.6228,0.2,1.843810e-01
2800,31.6228,0.2,1.867490e-01
2825,31.6228,0.2,1.891970e-01
2850,31.6228,0.2,1.917250e-01
2875,31.6228,0.2,1.943340e-01
2900,31.6228,0.2,1.970240e-01
2925,31.6228,0.2,1.997940e-01
2950,31.6228,0.2,2.026450e-01
2975,31.6228,0.2,2.055760e-01
3000,31.6228,0.2,2.085870e-01
3025,31.6228,0.2,2.116790e-01
3050,31.6228,0.2,2.148500e-01
3075,31.6228,0.2,2.181020e-01
3100,31.6228,0.2,2.214330e-01
3125,31.6228,0.2,2.248450e-01
3150,31.6228,0.2,2.283370e-01
3175,31.6228,0.2,2.319110e-01
3200,31.6228,0.2,2.355660e-01
3225,31.6228,0.2,2.393050e-01
3250,31.6228,0.2,2.431290e-01
3275,31.6228,0.2,2.470400e-01
3300,31.6228,0.2,2.510410e-01
3325,31.6228,0.2,2.551350e-01
3350,31.6228,0.2,2.593270e-01
3375,31.6228,0.2,2.636230e-01
3400,31.6228,0.2,2.680290e-01
3425,31.6228,0.2,2.725530e-01
3450,31.6228,0.2,2.772050e-01
3475,31.6228,0.2,2.819950e-01
3500,31.6228,0.2,2.869390e-01
3525,31.6228,0.2,2.920500e-01
3550,31.6228,0.2,2.973490e-01
3575,31.6228,0.2,3.028570e-01
3600,31.6228,0.2,3.085990e-01
3625,31.6228,0.2,3.146060e-01
3650,31.6228,0.2,3.209120e-01
3675,31.6228,0.2,3.275570e-01
3700,31.6228,0.2,3.345880e-01
3725,31.6228,0.2,3.420590e-01
3750,31.6228,0.2,3.500320e-01
3775,31.6228,0.2,3.585790e-01
3800,31.6228,0.2,3.677840e-01
3825,31.6228,0.2,3.777420e-01
3850,31.6228,0.2,3.885670e-01
3875,31.6228,0.2,4.003870e-01
3900,31.6228,0.2,4.133520e-01
3925,31.6228,0.2,4.276370e-01
3950,31.6228,0.2,4.434440e-01
3975,31.6228,0.2,4.610110e-01
4000,31.6228,0.2,4.806160e-01
4025,31.6228,0.2,5.025840e-01
4050,31.6228,0.2,5.273000e-01
4075,31.6228,0.2,5.552210e-01
4100,31.6228,0.2,5.868910e-01
4125,31.6228,0.2,6.229630e-01
4150,31.6228,0.2,6.642250e-01
4175,31.6228,0.2,7.116380e-01
4200,31.6228,0.2,7.663830e-01
4225,31.6228,0.2,8.299270e-01
4250,31.6228,0.2,9.041130e-01
4275,31.6228,0.2,9.912880e-01
4300,31.6228,0.2,1.094480e+00
4325,31.6228,0.2,1.217690e+00
4350,31.6228,0.2,1.366260e+00
4375,31.6228,0.2,1.547520e+00
4400,31.6228,0.2,1.771840e+00
4425,31.6228,0.2,2.054250e+00
4450,31.6228,0.2,2.417550e+00
4475,31.6228,0.2,2.897840e+00
4500,31.6228,0.2,3.555900e+00
4525,31.6228,0.2,4.502370e+00
4550,31.6228,0.2,5.961260e+00
4575,31.6228,0.2,8.462690e+00
4600,31.6228,0.2,1.362230e+01
4625,31.6228,0.2,2.964870e+01
4650,31.6228,0.2,2.000000e+02
4675,31.6228,0.2,2.000000e+02
4700,31.6228,0.2,2.000000e+02
4725,31.6228,0.2,2.000000e+02
4750,31.6228,0.2,2.000000e+02
4775,31.6228,0.2,2.000000e+02
4800,31.6228,0.2,2.000000e+02
4825,31.6228,0.2,2.000000e+02
4850,31.6228,0.2,2.000000e+02
4875,31.6228,0.2,2.000000e+02
4900,31.6228,0.2,2.000000e+02
4925,31.6228,0.2,2.000000e+02
4950,31.6228,0.2,2.000000e+02
4975,31.6228,0.2,2.000000e+02
5000,31.6228,0.2,2.000000e+02
300,56.2341,0.2,0.000000e+00
325,56.2341,0.2,0.000000e+00
350,56.2341,0.2,0.000000e+00
375,56.2341,0.2,0.000000e+00
400,56.2341,0.2,0.000000e+00
425,56.2341,0.2,0.000000e+00
450,56.2341,0.2,0.000000e+00
475,56.2341,0.2,0.000000e+00
500,56.2341,0.2,0.000000e+00
525,56.2341,0.2,0.000000e+00
550,56.2341,0.2,0.000000e+00
575,56.2341,0.2,0.000000e+00
600,56.2341,0.2,0.000000e+00
625,56.2341,0.2,1.307360e-03
650,56.2341,0.2,3.539550e-03
675,56.2341,0.2,5.560630e-03
700,56.2341,0.2,7.397490e-03
725,56.2341,0.2,9.081660e-03
750,56.2341,0.2,1.065110e-02
775,56.2341,0.2,1.215220e-02
800,56.2341,0.2,1.364100e-02
825,56.2341,0.2,1.518460e-02
850,56.2341,0.2,1.686170e-02
875,56.2341,0.2,1.876170e-02
900,56.2341,0.2,2.098380e-02
925,56.2341,0.2,2.363310e-02
950,56.2341,0.2,2.681620e-02
975,56.2341,0.2,3.063410e-02
1000,56.2341,0.2,3.517310e-02
1025,56.2341,0.2,4.049330e-02
1050,56.2341,0.2,4.661620e-02
1075,56.2341,0.2,5.351180e-02
1100,56.2341,0.2,6.108870e-02
1125,56.2341,0.2,6.918930e-02
1150,56.2341,0.2,7.759570e-02
1175,56.2341,0.2,8.604640e-02
1200,56.2341,0.2,9.426540e-02
1225,56.2341,0.2,1.019970e-01
1250,56.2341,0.2,1.090360e-01
1275,56.2341,0.2,1.152510e-01
1300,56.2341,0.2,1.205880e-01
1325,56.2341,0.2,1.250620e-01
1350,56.2341,0.2,1.287370e-01
1375,56.2341,0.2,1.317050e-01
1400,56.2341,0.2,1.340710e-01
1425,56.2341,0.2,1.359400e-01
1450,56.2341,0.2,1.374070e-01
1475,56.2341,0.2,1.385520e-01
1500,56.2341,0.2,1.394470e-01
1525,56.2341,0.2,1.401480e-01
1550,56.2341,0.2,1.407000e-01
1575,56.2341,0.2,1.411390e-01
1600,56.2341,0.2,1.414950e-01
1625,56.2341,0.2,1.417900e-01
1650,56.2341,0.2,1.420420e-01
1675,56.2341,0.2,1.422650e-01
1700,56.2341,0.2,1.424700e-01
1725,56.2341,0.2,1.426670e-01
1750,56.2341,0.2,1.428630e-01
1775,56.2341,0.2,1.430640e-01
1800,56.2341,0.2,1.432740e-01
1825,56.2341,0.2,1.434980e-01
1850,56.2341,0.2,1.437390e-01
1875,56.2341,0.2,1.440010e-01
1900,56.2341,0.2,1.442860e-01
1925,56.2341,0.2,1.445970e-01
1950,56.2341,0.2,1.449360e-01
1975,56.2341,0.2,1.453060e-01
2000,56.2341,0.2,1.457090e-01
2025,56.2341,0.2,1.461460e-01
2050,56.2341,0.2,1.466200e-01
2075,56.2341,0.2,1.471320e-01
2100,56.2341,0.2,1.476850e-01
2125,56.2341,0.2,1.482810e-01
2150,56.2341,0.2,1.489210e-01
2175,56.2341,0.2,1.496070e-01
2200,56.2341,0.2,1.503420e-01
2225,56.2341,0.2,1.511270e-01
2250,56.2341,0.2,1.519630e-01
2275,56.2341,0.2,1.528530e-01
2300,56.2341,0.2,1.537990e-01
2325,56.2341,0.2,1.548030e-01
2350,56.2341,0.2,1.558660e-01
2375,56.2341,0.2,1.569890e-01
2400,56.2341,0.2,1.581750e-01
2425,56.2341,0.2,1.594260e-01
2450,56.2341,0.2,1.607430e-01
2475,56.2341,0.2,1.621270e-01
2500,56.2341,0.2,1.635810e-01
2525,56.2341,0.2,1.651050e-01
2550,56.2341,0.2,1.667000e-01
2575,56.2341,0.2,1.683700e-01
2600,56.2341,0.2,1.701130e-01
2625,56.2341,0.2,1.719320e-01
2650,56.2341,0.2,1.738280e-01
2675,56.2341,0.2,1.758020e-01
2700,56.2341,0.2,1.778540e-01
2725,56.2341,0.2,1.799850e-01
2750,56.2341,0.2,1.821960e-01
2775,56.2341,0.2,1.844870e-01
2800,56.2341,0.2,1.868590e-01
2825,56.2341,0.2,1.893120e-01
2850,56.2341,0.2,1.918470e-01
2875,56.2341,0.2,1.944630e-01
2900,56.2341,0.2,1.971600e-01
2925,56.2341,0.2,1.999390e-01
2950,56.2341,0.2,2.027990e-01
2975,56.2341,0.2,2.057410e-01
3000,56.2341,0.2,2.087630e-01
3025,56.2341,0.2,2.118660e-01
3050,56.2341,0.2,2.150490e-01
3075,56.2341,0.2,2.183120e-01
3100,56.2341,0.2,2.216550e-01
3125,56.2341,0.2,2.250760e-01
3150,56.2341,0.2,2.285770e-01
3175,56.2341,0.2,2.321570e-01
3200,56.2341,0.2,2.358160e-01
3225,56.2341,0.2,2.395530e-01
3250,56.2341,0.2,2.433710e-01
3275,56.2341,0.2,2.472690e-01
3300,56.2341,0.2,2.512480e-01
3325,56.2341,0.2,2.553100e-01
3350,56.2341,0.2,2.594570e-01
3375,56.2341,0.2,2.636910e-01
3400,56.2341,0.2,2.680160e-01
3425,56.2341,0.2,2.724350e-01
3450,56.2341,0.2,2.769540e-01
3475,56.2341,0.2,2.815780e-01
3500,56.2341,0.2,2.863150e-01
3525,56.2341,0.2,2.911730e-01
3550,56.2341,0.2,2.961610e-01
3575,56.2341,0.2,3.012930e-01
3600,56.2341,0.2,3.065820e-01
3625,56.2341,0.2,3.120440e-01
3650,56.2341,0.2,3.176990e-01
3675,56.2341,0.2,3.235680e-01
3700,56.2341,0.2,3.296760e-01
3725,56.2341,0.2,3.360550e-01
3750,56.2341,0.2,3.427370e-01
3775,56.2341,0.2,3.497630e-01
3800,56.2341,0.2,3.571770e-01
3825,56.2341,0.2,3.650310e-01
3850,56.2341,0.2,3.733860e-01
3875,56.2341,0.2,3.823110e-01
3900,56.2341,0.2,3.918850e-01
3925,56.2341,0.2,4.021980e-01
3950,56.2341,0.2,4.133570e-01
3975,56.2341,0.2,4.254810e-01
4000,56.2341,0.2,4.387100e-01
4025,56.2341,0.2,4.532060e-01
4050,56.2341,0.2,4.691540e-01
4075,56.2341,0.2,4.867720e-01
4100,56.2341,0.2,5.063110e-01
4125,56.2341,0.2,5.280650e-01
4150,56.2341,0.2,5.523790e-01
4175,56.2341,0.2,5.796580e-01
4200,56.2341,0.2,6.103840e-01
4225,56.2341,0.2,6.451280e-01
4250,56.2341,0.2,6.845740e-01
4275,56.2341,0.2,7.295490e-01
4300,56.2341,0.2,7.810560e-01
4325,56.2341,0.2,8.403290e-01
4350,56.2341,0.2,9.088970e-01
4375,56.2341,0.2,9.886790e-01
4400,56.2341,0.2,1.082110e+00
4425,56.2341,0.2,1.192350e+00
4450,56.2341,0.2,1.323520e+00
4475,56.2341,0.2,1.481150e+00
4500,56.2341,0.2,1.672810e+00
4525,56.2341,0.2,1.909140e+00
4550,56.2341,0.2,2.205570e+00
4575,56.2341,0.2,2.585330e+00
4600,56.2341,0.2,3.085070e+00
4625,56.2341,0.2,3.766070e+00
4650,56.2341,0.2,4.738830e+00
4675,56.2341,0.2,6.224240e+00
4700,56.2341,0.2,8.734890e+00
4725,56.2341,0.2,1.378080e+01
4750,56.2341,0.2,2.844920e+01
4775,56.2341,0.2,2.000000e+02
4800,56.2341,0.2,2.000000e+02
4825,56.2341,0.2,2.000000e+02
4850,56.2341,0.2,2.000000e+02
4875,56.2341,0.2,2.000000e+02
4900,56.2341,0.2,2.000000e+02
4925,56.2341,0.2,2.000000e+02
4950,56.2341,0.2,2.000000e+02
4975,56.2341,0.2,2.000000e+02
5000,56.2341,0.2,2.000000e+02
300,100,0.2,0.000000e+00
325,100,0.2,0.000000e+00
350,100,0.2,0.000000e+00
375,100,0.2,0.000000e+00
400,100,0.2,0.000000e+00
425,100,0.2,0.000000e+00
450,100,0.2,0.000000e+00
475,100,0.2,0.000000e+00
500,100,0.2,0.000000e+00
525,100,0.2,0.000000e+00
550,100,0.2,0.000000e+00
575,100,0.2,0.000000e+00
600,100,0.2,0.000000e+00
625,100,0.2,1.394970e-03
650,100,0.2,3.660670e-03
675,100,0.2,5.720520e-03
700,100,0.2,7.598960e-03
725,100,0.2,9.323110e-03
750,100,0.2,1.092430e-02
775,100,0.2,1.243930e-02
800,100,0.2,1.391190e-02
825,100,0.2,1.539350e-02
850,100,0.2,1.694420e-02
875,100,0.2,1.863270e-02
900,100,0.2,2.053530e-02
925,100,0.2,2.273500e-02
950,100,0.2,2.531860e-02
975,100,0.2,2.837270e-02
1000,100,0.2,3.197880e-02
1025,100,0.2,3.620610e-02
1050,100,0.2,4.110430e-02
1075,100,0.2,4.669400e-02
1100,100,0.2,5.295820e-02
1125,100,0.2,5.983470e-02
1150,100,0.2,6.721230e-02
1175,100,0.2,7.493200e-02
1200,100,0.2,8.279650e-02
1225,100,0.2,9.058700e-02
1250,100,0.2,9.808550e-02
1275,100,0.2,1.050990e-01
1300,100,0.2,1.114790e-01
1325,100,0.2,1.171330e-01
1350,100,0.2,1.220270e-01
1375,100,0.2,1.261740e-01
1400,100,0.2,1.296250e-01
1425,100,0.2,1.324550e-01
1450,100,0.2,1.347470e-01
1475,100,0.2,1.365860e-01
1500,100,0.2,1.380510e-01
1525,100,0.2,1.392130e-01
1550,100,0.2,1.401340e-01
1575,100,0.2,1.408640e-01
1600,100,0.2,1.414460e-01
1625,100,0.2,1.419150e-01
1650,100,0.2,1.422980e-01
1675,100,0.2,1.426200e-01
1700,100,0.2,1.428960e-01
1725,100,0.2,1.431430e-01
1750,100,0.2,1.433730e-01
1775,100,0.2,1.435930e-01
1800,100,0.2,1.438140e-01
1825,100,0.2,1.440410e-01
1850,100,0.2,1.442790e-01
1875,100,0.2,1.445330e-01
1900,100,0.2,1.448070e-01
1925,100,0.2,1.451050e-01
1950,100,0.2,1.454300e-01
1975,100,0.2,1.457830e-01
2000,100,0.2,1.461690e-01
2025,100,0.2,1.465890e-01
2050,100,0.2,1.470450e-01
2075,100,0.2,1.475410e-01
2100,100,0.2,1.480770e-01
2125,100,0.2,1.486550e-01
2150,100,0.2,1.492790e-01
2175,100,0.2,1.499490e-01
2200,100,0.2,1.506680e-01
2225,100,0.2,1.514380e-01
2250,100,0.2,1.522600e-01
2275,100,0.2,1.531360e-01
2300,100,0.2,1.540690e-01
2325,100,0.2,1.550590e-01
2350,100,0.2,1.561100e-01
2375,100,0.2,1.572220e-01
2400,100,0.2,1.583970e-01
2425,100,0.2,1.596370e-01
2450,100,0.2,1.609440e-01
2475,100,0.2,1.623190e-01
2500,100,0.2,1.637630e-01
2525,100,0.2,1.652790e-01
2550,100,0.2,1.668670e-01
2575,100,0.2,1.685290e-01
2600,100,0.2,1.702660e-01
2625,100,0.2,1.720800e-01
2650,100,0.2,1.739710e-01
2675,100,0.2,1.759400e-01
2700,100,0.2,1.779880e-01
2725,100,0.2,1.801160e-01
2750,100,0.2,1.823250e-01
2775,100,0.2,1.846150e-01
2800,100,0.2,1.869860e-01
2825,100,0.2,1.894400e-01
2850,100,0.2,1.919750e-01
2875,100,0.2,1.945940e-01
2900,100,0.2,1.972940e-01
2925,100,0.2,2.000770e-01
2950,100,0.2,2.029420e-01
2975,100,0.2,2.058890e-01
3000,100,0.2,2.089170e-01
3025,100,0.2,2.120260e-01
3050,100,0.2,2.152170e-01
3075,100,0.2,2.184870e-01
3100,100,0.2,2.218370e-01
3125,100,0.2,2.252660e-01
3150,100,0.2,2.287730e-01
3175,100,0.2,2.323590e-01
3200,100,0.2,2.360220e-01
3225,100,0.2,2.397620e-01
3250,100,0.2,2.435790e-01
3275,100,0.2,2.474720e-01
3300,100,0.2,2.514410e-01
3325,100,0.2,2.554880e-01
3350,100,0.2,2.596120e-01
3375,100,0.2,2.638140e-01
3400,100,0.2,2.680950e-01
3425,100,0.2,2.724570e-01
3450,100,0.2,2.769010e-01
3475,100,0.2,2.814320e-01
3500,100,0.2,2.860520e-01
3525,100,0.2,2.907650e-01
3550,100,0.2,2.955760e-01
3575,100,0.2,3.004930e-01
3600,100,0.2,3.055210e-01
3625,100,0.2,3.106700e-01
3650,100,0.2,3.159490e-01
3675,100,0.2,3.213720e-01
3700,100,0.2,3.269510e-01
3725,100,0.2,3.327030e-01
3750,100,0.2,3.386460e-01
3775,100,0.2,3.448020e-01
3800,100,0.2,3.511970e-01
3825,100,0.2,3.578570e-01
3850,100,0.2,3.648170e-01
3875,100,0.2,3.721130e-01
3900,100,0.2,3.797890e-01
3925,100,0.2,3.878930e-01
3950,100,0.2,3.964810e-01
3975,100,0.2,4.056180e-01
4000,100,0.2,4.153780e-01
4025,100,0.2,4.258430e-01
4050,100,0.2,4.371100e-01
4075,100,0.2,4.492890e-01
4100,100,0.2,4.625060e-01
4125,100,0.2,4.769060e-01
4150,100,0.2,4.926560e-01
4175,100,0.2,5.099480e-01
4200,100,0.2,5.290040e-01
4225,100,0.2,5.500830e-01
4250,100,0.2,5.734850e-01
4275,100,0.2,5.995600e-01
4300,100,0.2,6.287200e-01
4325,100,0.2,6.614510e-01
4350,100,0.2,6.983290e-01
4375,100,0.2,7.400410e-01
4400,100,0.2,7.874150e-01
4425,100,0.2,8.414510e-01
4450,100,0.2,9.033760e-01
4475,100,0.2,9.747030e-01
4500,100,0.2,1.057320e+00
4525,100,0.2,1.153630e+00
4550,100,0.2,1.266690e+00
4575,100,0.2,1.400500e+00
4600,100,0.2,1.560400e+00
4625,100,0.2,1.753590e+00
4650,100,0.2,1.990140e+00
4675,100,0.2,2.284470e+00
4700,100,0.2,2.657970e+00
4725,100,0.2,3.143840e+00
4750,100,0.2,3.796340e+00
4775,100,0.2,4.710550e+00
4800,100,0.2,6.069070e+00
4825,100,0.2,8.271110e+00
4850,100,0.2,1.238170e+01
4875,100,0.2,2.245370e+01
4900,100,0.2,7.801650e+01
4925,100,0.2,2.000000e+02
4950,100,0.2,2.000000e+02
4975,100,0.2,2.000000e+02
5000,100,0.2,2.000000e+02
300,177.828,0.2,0.000000e+00
325,177.828,0.2,0.000000e+00
350,177.828,0.2,0.000000e+00
375,177.828,0.2,0.000000e+00
400,177.828,0.2,0.000000e+00
425,177.828,0.2,0.000000e+00
450,177.828,0.2,0.000000e+00
475,177.828,0.2,0.000000e+00
500,177.828,0.2,0.000000e+00
525,177.828,0.2,0.000000e+00
550,177.828,0.2,0.000000e+00
575,177.828,0.2,0.000000e+00
600,177.828,0.2,0.000000e+00
625,177.828,0.2,1.461540e-03
650,177.828,0.2,3.753140e-03
675,177.828,0.2,5.843380e-03
700,177.828,0.2,7.755080e-03
725,177.828,0.2,9.512480e-03
750,177.828,0.2,1.114230e-02
775,177.828,0.2,1.267470e-02
800,177.828,0.2,1.414470e-02
825,177.828,0.2,1.559270e-02
850,177.828,0.2,1.706520e-02
875,177.828,0.2,1.861500e-02
900,177.828,0.2,2.030140e-02
925,177.828,0.2,2.218900e-02
950,177.828,0.2,2.434680e-02
975,177.828,0.2,2.684580e-02
1000,177.828,0.2,2.975650e-02
1025,177.828,0.2,3.314420e-02
1050,177.828,0.2,3.706520e-02
1075,177.828,0.2,4.156060e-02
1100,177.828,0.2,4.665050e-02
1125,177.828,0.2,5.232730e-02
1150,177.828,0.2,5.855100e-02
1175,177.828,0.2,6.524560e-02
1200,177.828,0.2,7.229850e-02
1225,177.828,0.2,7.956520e-02
1250,177.828,0.2,8.687840e-02
1275,177.828,0.2,9.406120e-02
1300,177.828,0.2,1.009440e-01
1325,177.828,0.2,1.073800e-01
1350,177.828,0.2,1.132570e-01
1375,177.828,0.2,1.185060e-01
1400,177.828,0.2,1.230980e-01
1425,177.828,0.2,1.270420e-01
1450,177.828,0.2,1.303760e-01
1475,177.828,0.2,1.331550e-01
1500,177.828,0.2,1.354440e-01
1525,177.828,0.2,1.373130e-01
1550,177.828,0.2,1.388270e-01
1575,177.828,0.2,1.400470e-01
1600,177.828,0.2,1.410280e-01
1625,177.828,0.2,1.418170e-01
1650,177.828,0.2,1.424550e-01
1675,177.828,0.2,1.429730e-01
1700,177.828,0.2,1.434020e-01
1725,177.828,0.2,1.437630e-01
1750,177.828,0.2,1.440750e-01
1775,177.828,0.2,1.443550e-01
1800,177.828,0.2,1.446140e-01
1825,177.828,0.2,1.448640e-01
1850,177.828,0.2,1.451130e-01
1875,177.828,0.2,1.453680e-01
1900,177.828,0.2,1.456360e-01
1925,177.828,0.2,1.459220e-01
1950,177.828,0.2,1.462300e-01
1975,177.828,0.2,1.465630e-01
2000,177.828,0.2,1.469270e-01
2025,177.828,0.2,1.473230e-01
2050,177.828,0.2,1.477540e-01
2075,177.828,0.2,1.482240e-01
2100,177.828,0.2,1.487340e-01
2125,177.828,0.2,1.492860e-01
2150,177.828,0.2,1.498840e-01
2175,177.828,0.2,1.505290e-01
2200,177.828,0.2,1.512230e-01
2225,177.828,0.2,1.519680e-01
2250,177.828,0.2,1.527670e-01
2275,177.828,0.2,1.536200e-01
2300,177.828,0.2,1.545300e-01
2325,177.828,0.2,1.554990e-01
2350,177.828,0.2,1.565290e-01
2375,177.828,0.2,1.576200e-01
2400,177.828,0.2,1.587760e-01
2425,177.828,0.2,1.599980e-01
2450,177.828,0.2,1.612860e-01
2475,177.828,0.2,1.626440e-01
2500,177.828,0.2,1.640720e-01
2525,177.828,0.2,1.655720e-01
2550,177.828,0.2,1.671460e-01
2575,177.828,0.2,1.687940e-01
2600,177.828,0.2,1.705180e-01
2625,177.828,0.2,1.723180e-01
2650,177.828,0.2,1.741970e-01
2675,177.828,0.2,1.761550e-01
2700,177.828,0.2,1.781940e-01
2725,177.828,0.2,1.803120e-01
2750,177.828,0.2,1.825130e-01
2775,177.828,0.2,1.847950e-01
2800,177.828,0.2,1.871600e-01
2825,177.828,0.2,1.896070e-01
2850,177.828,0.2,1.921380e-01
2875,177.828,0.2,1.947520e-01
2900,177.828,0.2,1.974490e-01
2925,177.828,0.2,2.002290e-01
2950,177.828,0.2,2.030930e-01
2975,177.828,0.2,2.060390e-01
3000,177.828,0.2,2.090680e-01
3025,177.828,0.2,2.121780e-01
3050,177.828,0.2,2.153700e-01
3075,177.828,0.2,2.186420e-01
3100,177.828,0.2,2.219950e-01
3125,177.828,0.2,2.254260e-01
3150,177.828,0.2,2.289370e-01
3175,177.828,0.2,2.325250e-01
3200,177.828,0.2,2.361900e-01
3225,177.828,0.2,2.399310e-01
3250,177.828,0.2,2.437470e-01
3275,177.828,0.2,2.476380e-01
3300,177.828,0.2,2.516020e-01
3325,177.828,0.2,2.556410e-01
3350,177.828,0.2,2.597520e-01
3375,177.828,0.2,2.639360e-01
3400,177.828,0.2,2.681920e-01
3425,177.828,0.2,2.725210e-01
3450,177.828,0.2,2.769240e-01
3475,177.828,0.2,2.814010e-01
3500,177.828,0.2,2.859530e-01
3525,177.828,0.2,2.905820e-01
3550,177.828,0.2,2.952910e-01
3575,177.828,0.2,3.000810e-01
3600,177.828,0.2,3.049570e-01
3625,177.828,0.2,3.099220e-01
3650,177.828,0.2,3.149830e-01
3675,177.828,0.2,3.201440e-01
3700,177.828,0.2,3.254130e-01
3725,177.828,0.2,3.307990e-01
3750,177.828,0.2,3.363120e-01
3775,177.828,0.2,3.419620e-01
3800,177.828,0.2,3.477650e-01
3825,177.828,0.2,3.537340e-01
3850,177.828,0.2,3.598880e-01
3875,177.828,0.2,3.662470e-01
3900,177.828,0.2,3.728340e-01
3925,177.828,0.2,3.796770e-01
3950,177.828,0.2,3.868050e-01
3975,177.828,0.2,3.942540e-01
4000,177.828,0.2,4.020630e-01
4025,177.828,0.2,4.102760e-01
4050,177.828,0.2,4.189460e-01
4075,177.828,0.2,4.281290e-01
4100,177.828,0.2,4.378930e-01
4125,177.828,0.2,4.483130e-01
4150,177.828,0.2,4.594750e-01
4175,177.828,0.2,4.714750e-01
4200,177.828,0.2,4.844270e-01
4225,177.828,0.2,4.984550e-01
4250,177.828,0.2,5.137080e-01
4275,177.828,0.2,5.303500e-01
4300,177.828,0.2,5.485730e-01
4325,177.828,0.2,5.685990e-01
4350,177.828,0.2,5.906810e-01
4375,177.828,0.2,6.151160e-01
4400,177.828,0.2,6.422450e-01
4425,177.828,0.2,6.724710e-01
4450,177.828,0.2,7.062650e-01
4475,177.828,0.2,7.441830e-01
4500,177.828,0.2,7.868870e-01
4525,177.828,0.2,8.351660e-01
4550,177.828,0.2,8.899730e-01
4575,177.828,0.2,9.524670e-01
4600,177.828,0.2,1.024070e+00
4625,177.828,0.2,1.106540e+00
4650,177.828,0.2,1.202090e+00
4675,177.828,0.2,1.313530e+00
4700,177.828,0.2,1.444500e+00
4725,177.828,0.2,1.599750e+00
4750,177.828,0.2,1.785680e+00
4775,177.828,0.2,2.011040e+00
4800,177.828,0.2,2.288120e+00
4825,177.828,0.2,2.634820e+00
4850,177.828,0.2,3.078100e+00
4875,177.828,0.2,3.660550e+00
4900,177.828,0.2,4.453580e+00
4925,177.828,0.2,5.586310e+00
4950,177.828,0.2,7.317940e+00
4975,177.828,0.2,1.025340e+01
5000,177.828,0.2,1.619180e+01
300,316.228,0.2,0.000000e+00
325,316.228,0.2,0.000000e+00
350,316.228,0.2,0.000000e+00
375,316.228,0.2,0.000000e+00
400,316.228,0.2,0.000000e+00
425,316.228,0.2,0.000000e+00
450,316.228,0.2,0.000000e+00
475,316.228,0.2,0.000000e+00
500,316.228,0.2,0.000000e+00
525,316.228,0.2,0.000000e+00
550,316.228,0.2,0.000000e+00
575,316.228,0.2,0.000000e+00
600,316.228,0.2,0.000000e+00
625,316.228,0.2,1.511970e-03
650,316.228,0.2,3.823420e-03
675,316.228,0.2,5.937180e-03
700,316.228,0.2,7.875040e-03
725,316.228,0.2,9.659230e-03
750,316.228,0.2,1.131330e-02
775,316.228,0.2,1.286290e-02
800,316.228,0.2,1.433670e-02
825,316.228,0.2,1.576720e-02
850,316.228,0.2,1.719090e-02
875,316.228,0.2,1.864930e-02
900,316.228,0.2,2.018830e-02
925,316.228,0.2,2.185840e-02
950,316.228,0.2,2.371410e-02
975,316.228,0.2,2.581210e-02
1000,316.228,0.2,2.821060e-02
1025,316.228,0.2,3.096640e-02
1050,316.228,0.2,3.413240e-02
1075,316.228,0.2,3.775440e-02
1100,316.228,0.2,4.186680e-02
1125,316.228,0.2,4.648860e-02
1150,316.228,0.2,5.161940e-02
1175,316.228,0.2,5.723530e-02
1200,316.228,0.2,6.328650e-02
1225,316.228,0.2,6.969580e-02
1250,316.228,0.2,7.636070e-02
1275,316.228,0.2,8.315790e-02
1300,316.228,0.2,8.995060e-02
1325,316.228,0.2,9.659880e-02
1350,316.228,0.2,1.029700e-01
1375,316.228,0.2,1.089510e-01
1400,316.228,0.2,1.144530e-01
1425,316.228,0.2,1.194200e-01
1450,316.228,0.2,1.238240e-01
1475,316.228,0.2,1.276660e-01
1500,316.228,0.2,1.309700e-01
1525,316.228,0.2,1.337750e-01
1550,316.228,0.2,1.361300e-01
1575,316.228,0.2,1.380900e-01
1600,316.228,0.2,1.397080e-01
1625,316.228,0.2,1.410370e-01
1650,316.228,0.2,1.421250e-01
1675,316.228,0.2,1.430150e-01
1700,316.228,0.2,1.437440e-01
1725,316.228,0.2,1.443450e-01
1750,316.228,0.2,1.448470e-01
1775,316.228,0.2,1.452720e-01
1800,316.228,0.2,1.456410e-01
1825,316.228,0.2,1.459700e-01
1850,316.228,0.2,1.462730e-01
1875,316.228,0.2,1.465630e-01
1900,316.228,0.2,1.468500e-01
1925,316.228,0.2,1.471400e-01
1950,316.228,0.2,1.474430e-01
1975,316.228,0.2,1.477630e-01
2000,316.228,0.2,1.481070e-01
2025,316.228,0.2,1.484780e-01
2050,316.228,0.2,1.488800e-01
2075,316.228,0.2,1.493180e-01
2100,316.228,0.2,1.497940e-01
2125,316.228,0.2,1.503120e-01
2150,316.228,0.2,1.508730e-01
2175,316.228,0.2,1.514820e-01
2200,316.228,0.2,1.521390e-01
2225,316.228,0.2,1.528480e-01
2250,316.228,0.2,1.536100e-01
2275,316.228,0.2,1.544280e-01
2300,316.228,0.2,1.553030e-01
2325,316.228,0.2,1.562380e-01
2350,316.228,0.2,1.572340e-01
2375,316.228,0.2,1.582930e-01
2400,316.228,0.2,1.594170e-01
2425,316.228,0.2,1.606070e-01
2450,316.228,0.2,1.618660e-01
2475,316.228,0.2,1.631950e-01
2500,316.228,0.2,1.645950e-01
2525,316.228,0.2,1.660680e-01
2550,316.228,0.2,1.676160e-01
2575,316.228,0.2,1.692390e-01
2600,316.228,0.2,1.709380e-01
2625,316.228,0.2,1.727160e-01
2650,316.228,0.2,1.745730e-01
2675,316.228,0.2,1.765100e-01
2700,316.228,0.2,1.785280e-01
2725,316.228,0.2,1.806280e-01
2750,316.228,0.2,1.828100e-01
2775,316.228,0.2,1.850750e-01
2800,316.228,0.2,1.874240e-01
2825,316.228,0.2,1.898560e-01
2850,316.228,0.2,1.923730e-01
2875,316.228,0.2,1.949740e-01
2900,316.228,0.2,1.976590e-01
2925,316.228,0.2,2.004290e-01
2950,316.228,0.2,2.032820e-01
2975,316.228,0.2,2.062200e-01
3000,316.228,0.2,2.092400e-01
3025,316.228,0.2,2.123440e-01
3050,316.228,0.2,2.155290e-01
3075,316.228,0.2,2.187970e-01
3100,316.228,0.2,2.221450e-01
3125,316.228,0.2,2.255730e-01
3150,316.228,0.2,2.290790e-01
3175,316.228,0.2,2.326640e-01
3200,316.228,0.2,2.363260e-01
3225,316.228,0.2,2.400640e-01
3250,316.228,0.2,2.438770e-01
3275,316.228,0.2,2.477630e-01
3300,316.228,0.2,2.517230e-01
3325,316.228,0.2,2.557530e-01
3350,316.228,0.2,2.598550e-01
3375,316.228,0.2,2.640270e-01
3400,316.228,0.2,2.682670e-01
3425,316.228,0.2,2.725760e-01
3450,316.228,0.2,2.769520e-01
3475,316.228,0.2,2.813960e-01
3500,316.228,0.2,2.859070e-01
3525,316.228,0.2,2.904860e-01
3550,316.228,0.2,2.951320e-01
3575,316.228,0.2,2.998470e-01
3600,316.228,0.2,3.046310e-01
3625,316.228,0.2,3.094870e-01
3650,316.228,0.2,3.144160e-01
3675,316.228,0.2,3.194220e-01
3700,316.228,0.2,3.245060e-01
3725,316.228,0.2,3.296750e-01
3750,316.228,0.2,3.349310e-01
3775,316.228,0.2,3.402820e-01
3800,316.228,0.2,3.457340e-01
3825,316.228,0.2,3.512950e-01
3850,316.228,0.2,3.569740e-01
3875,316.228,0.2,3.627830e-01
3900,316.228,0.2,3.687340e-01
3925,316.228,0.2,3.748410e-01
3950,316.228,0.2,3.811210e-01
3975,316.228,0.2,3.875920e-01
4000,316.228,0.2,3.942760e-01
4025,316.228,0.2,4.011980e-01
4050,316.228,0.2,4.083840e-01
4075,316.228,0.2,4.158670e-01
4100,316.228,0.2,4.236820e-01
4125,316.228,0.2,4.318690e-01
4150,316.228,0.2,4.404740e-01
4175,316.228,0.2,4.495490e-01
4200,316.228,0.2,4.591510e-01
4225,316.228,0.2,4.693480e-01
4250,316.228,0.2,4.802130e-01
4275,316.228,0.2,4.918330e-01
4300,316.228,0.2,5.043020e-01
4325,316.228,0.2,5.177300e-01
4350,316.228,0.2,5.322410e-01
4375,316.228,0.2,5.479770e-01
4400,316.228,0.2,5.650970e-01
4425,316.228,0.2,5.837880e-01
4450,316.228,0.2,6.042580e-01
4475,316.228,0.2,6.267520e-01
4500,316.228,0.2,6.515480e-01
4525,316.228,0.2,6.789690e-01
4550,316.228,0.2,7.093930e-01
4575,316.228,0.2,7.432590e-01
4600,316.228,0.2,7.810800e-01
4625,316.228,0.2,8.234660e-01
4650,316.228,0.2,8.711380e-01
4675,316.228,0.2,9.249610e-01
4700,316.228,0.2,9.859760e-01
4725,316.228,0.2,1.055450e+00
4750,316.228,0.2,1.134940e+00
4775,316.228,0.2,1.226370e+00
4800,316.228,0.2,1.332170e+00
4825,316.228,0.2,1.455420e+00
4850,316.228,0.2,1.600130e+00
4875,316.228,0.2,1.771530e+00
4900,316.228,0.2,1.976690e+00
4925,316.228,0.2,2.225290e+00
4950,316.228,0.2,2.530990e+00
4975,316.228,0.2,2.913710e+00
5000,316.228,0.2,3.403610e+00
300,562.341,0.2,0.000000e+00
325,562.341,0.2,0.000000e+00
350,562.341,0.2,0.000000e+00
375,562.341,0.2,0.000000e+00
400,562.341,0.2,0.000000e+00
425,562.341,0.2,0.000000e+00
450,562.341,0.2,0.000000e+00
475,562.341,0.2,0.000000e+00
500,562.341,0.2,0.000000e+00
525,562.341,0.2,0.000000e+00
550,562.341,0.2,0.000000e+00
575,562.341,0.2,0.000000e+00
600,562.341,0.2,0.000000e+00
625,562.341,0.2,1.550060e-03
650,562.341,0.2,3.876650e-03
675,562.341,0.2,6.008480e-03
700,562.341,0.2,7.966630e-03
725,562.341,0.2,9.772000e-03
750,562.341,0.2,1.144590e-02
775,562.341,0.2,1.301070e-02
800,562.341,0.2,1.449070e-02
825,562.341,0.2,1.591250e-02
850,562.341,0.2,1.730570e-02
875,562.341,0.2,1.870300e-02
900,562.341,0.2,2.014060e-02
925,562.341,0.2,2.165820e-02
950,562.341,0.2,2.329850e-02
975,562.341,0.2,2.510660e-02
1000,562.341,0.2,2.712960e-02
1025,562.341,0.2,2.941450e-02
1050,562.341,0.2,3.200740e-02
1075,562.341,0.2,3.495110e-02
1100,562.341,0.2,3.828280e-02
1125,562.341,0.2,4.203150e-02
1150,562.341,0.2,4.621540e-02
1175,562.341,0.2,5.083850e-02
1200,562.341,0.2,5.588850e-02
1225,562.341,0.2,6.133430e-02
1250,562.341,0.2,6.712530e-02
1275,562.341,0.2,7.319140e-02
1300,562.341,0.2,7.944500e-02
1325,562.341,0.2,8.578500e-02
1350,562.341,0.2,9.210230e-02
1375,562.341,0.2,9.828700e-02
1400,562.341,0.2,1.042360e-01
1425,562.341,0.2,1.098580e-01
1450,562.341,0.2,1.150820e-01
1475,562.341,0.2,1.198580e-01
1500,562.341,0.2,1.241570e-01
1525,562.341,0.2,1.279750e-01
1550,562.341,0.2,1.313200e-01
1575,562.341,0.2,1.342180e-01
1600,562.341,0.2,1.367040e-01
1625,562.341,0.2,1.388170e-01
1650,562.341,0.2,1.406010e-01
1675,562.341,0.2,1.420980e-01
1700,562.341,0.2,1.433490e-01
1725,562.341,0.2,1.443940e-01
1750,562.341,0.2,1.452660e-01
1775,562.341,0.2,1.459980e-01
1800,562.341,0.2,1.466160e-01
1825,562.341,0.2,1.471450e-01
1850,562.341,0.2,1.476050e-01
1875,562.341,0.2,1.480150e-01
1900,562.341,0.2,1.483900e-01
1925,562.341,0.2,1.487440e-01
1950,562.341,0.2,1.490870e-01
1975,562.341,0.2,1.494300e-01
2000,562.341,0.2,1.497800e-01
2025,562.341,0.2,1.501460e-01
2050,562.341,0.2,1.505330e-01
2075,562.341,0.2,1.509470e-01
2100,562.341,0.2,1.513930e-01
2125,562.341,0.2,1.518750e-01
2150,562.341,0.2,1.523970e-01
2175,562.341,0.2,1.529620e-01
2200,562.341,0.2,1.535740e-01
2225,562.341,0.2,1.542360e-01
2250,562.341,0.2,1.549500e-01
2275,562.341,0.2,1.557190e-01
2300,562.341,0.2,1.565460e-01
2325,562.341,0.2,1.574310e-01
2350,562.341,0.2,1.583780e-01
2375,562.341,0.2,1.593890e-01
2400,562.341,0.2,1.604650e-01
2425,562.341,0.2,1.616090e-01
2450,562.341,0.2,1.628220e-01
2475,562.341,0.2,1.641050e-01
2500,562.341,0.2,1.654610e-01
2525,562.341,0.2,1.668910e-01
2550,562.341,0.2,1.683960e-01
2575,562.341,0.2,1.699780e-01
2600,562.341,0.2,1.716380e-01
2625,562.341,0.2,1.733770e-01
2650,562.341,0.2,1.751960e-01
2675,562.341,0.2,1.770970e-01
2700,562.341,0.2,1.790790e-01
2725,562.341,0.2,1.811450e-01
2750,562.341,0.2,1.832950e-01
2775,562.341,0.2,1.855290e-01
2800,562.341,0.2,1.878470e-01
2825,562.341,0.2,1.902510e-01
2850,562.341,0.2,1.927400e-01
2875,562.341,0.2,1.953150e-01
2900,562.341,0.2,1.979760e-01
2925,562.341,0.2,2.007220e-01
2950,562.341,0.2,2.035530e-01
2975,562.341,0.2,2.064690e-01
3000,562.341,0.2,2.094700e-01
3025,562.341,0.2,2.125560e-01
3050,562.341,0.2,2.157240e-01
3075,562.341,0.2,2.189750e-01
3100,562.341,0.2,2.223090e-01
3125,562.341,0.2,2.257230e-01
3150,562.341,0.2,2.292170e-01
3175,562.341,0.2,2.327900e-01
3200,562.341,0.2,2.364410e-01
3225,562.341,0.2,2.401680e-01
3250,562.341,0.2,2.439700e-01
3275,562.341,0.2,2.478460e-01
3300,562.341,0.2,2.517950e-01
3325,562.341,0.2,2.558150e-01
3350,562.341,0.2,2.599050e-01
3375,562.341,0.2,2.640640e-01
3400,562.341,0.2,2.682900e-01
3425,562.341,0.2,2.725820e-01
3450,562.341,0.2,2.769380e-01
3475,562.341,0.2,2.813580e-01
3500,562.341,0.2,2.858410e-01
3525,562.341,0.2,2.903860e-01
3550,562.341,0.2,2.949920e-01
3575,562.341,0.2,2.996590e-01
3600,562.341,0.2,3.043860e-01
3625,562.341,0.2,3.091740e-01
3650,562.341,0.2,3.140220e-01
3675,562.341,0.2,3.189320e-01
3700,562.341,0.2,3.239040e-01
3725,562.341,0.2,3.289390e-01
3750,562.341,0.2,3.340400e-01
3775,562.341,0.2,3.392100e-01
3800,562.341,0.2,3.444500e-01
3825,562.341,0.2,3.497650e-01
3850,562.341,0.2,3.551600e-01
3875,562.341,0.2,3.606400e-01
3900,562.341,0.2,3.662110e-01
3925,562.341,0.2,3.718800e-01
3950,562.341,0.2,3.776570e-01
3975,562.341,0.2,3.835510e-01
4000,562.341,0.2,3.895730e-01
4025,562.341,0.2,3.957370e-01
4050,562.341,0.2,4.020570e-01
4075,562.341,0.2,4.085500e-01
4100,562.341,0.2,4.152360e-01
4125,562.341,0.2,4.221370e-01
4150,562.341,0.2,4.292760e-01
4175,562.341,0.2,4.366820e-01
4200,562.341,0.2,4.443860e-01
4225,562.341,0.2,4.524240e-01
4250,562.341,0.2,4.608350e-01
4275,562.341,0.2,4.696640e-01
4300,562.341,0.2,4.789620e-01
4325,562.341,0.2,4.887850e-01
4350,562.341,0.2,4.991980e-01
4375,562.341,0.2,5.102720e-01
4400,562.341,0.2,5.220900e-01
4425,562.341,0.2,5.347410e-01
4450,562.341,0.2,5.483310e-01
4475,562.341,0.2,5.629760e-01
4500,562.341,0.2,5.788080e-01
4525,562.341,0.2,5.959790e-01
4550,562.341,0.2,6.146590e-01
4575,562.341,0.2,6.350430e-01
4600,562.341,0.2,6.573540e-01
4625,562.341,0.2,6.818470e-01
4650,562.341,0.2,7.088150e-01
4675,562.341,0.2,7.385990e-01
4700,562.341,0.2,7.715900e-01
4725,562.341,0.2,8.082470e-01
4750,562.341,0.2,8.491050e-01
4775,562.341,0.2,8.947970e-01
4800,562.341,0.2,9.460700e-01
4825,562.341,0.2,1.003820e+00
4850,562.341,0.2,1.069110e+00
4875,562.341,0.2,1.143270e+00
4900,562.341,0.2,1.227870e+00
4925,562.341,0.2,1.324900e+00
4950,562.341,0.2,1.436830e+00
4975,562.341,0.2,1.566810e+00
5000,562.341,0.2,1.718900e+00
300,1000,0.2,0.000000e+00
325,1000,0.2,0.000000e+00
350,1000,0.2,0.000000e+00
375,1000,0.2,0.000000e+00
400,1000,0.2,0.000000e+00
425,1000,0.2,0.000000e+00
450,1000,0.2,0.000000e+00
475,1000,0.2,0.000000e+00
500,1000,0.2,0.000000e+00
525,1000,0.2,0.000000e+00
550,1000,0.2,0.000000e+00
575,1000,0.2,0.000000e+00
600,1000,0.2,0.000000e+00
625,1000,0.2,1.578780e-03
650,1000,0.2,3.916870e-03
675,1000,0.2,6.062480e-03
700,1000,0.2,8.036250e-03
725,1000,0.2,9.858100e-03
750,1000,0.2,1.154780e-02
775,1000,0.2,1.312540e-02
800,1000,0.2,1.461190e-02
825,1000,0.2,1.602990e-02
850,1000,0.2,1.740360e-02
875,1000,0.2,1.875950e-02
900,1000,0.2,2.012660e-02
925,1000,0.2,2.153620e-02
950,1000,0.2,2.302210e-02
975,1000,0.2,2.462000e-02
1000,1000,0.2,2.636750e-02
1025,1000,0.2,2.830290e-02
1050,1000,0.2,3.046450e-02
1075,1000,0.2,3.288960e-02
1100,1000,0.2,3.561270e-02
1125,1000,0.2,3.866440e-02
1150,1000,0.2,4.206910e-02
1175,1000,0.2,4.584360e-02
1200,1000,0.2,4.999490e-02
1225,1000,0.2,5.451820e-02
1250,1000,0.2,5.939600e-02
1275,1000,0.2,6.459660e-02
1300,1000,0.2,7.007390e-02
1325,1000,0.2,7.576830e-02
1350,1000,0.2,8.160810e-02
1375,1000,0.2,8.751310e-02
1400,1000,0.2,9.339750e-02
1425,1000,0.2,9.917570e-02
1450,1000,0.2,1.047660e-01
1475,1000,0.2,1.100960e-01
1500,1000,0.2,1.151070e-01
1525,1000,0.2,1.197520e-01
1550,1000,0.2,1.240030e-01
1575,1000,0.2,1.278470e-01
1600,1000,0.2,1.312840e-01
1625,1000,0.2,1.343260e-01
1650,1000,0.2,1.369950e-01
1675,1000,0.2,1.393170e-01
1700,1000,0.2,1.413240e-01
1725,1000,0.2,1.430500e-01
1750,1000,0.2,1.445280e-01
1775,1000,0.2,1.457910e-01
1800,1000,0.2,1.468700e-01
1825,1000,0.2,1.477940e-01
1850,1000,0.2,1.485890e-01
1875,1000,0.2,1.492790e-01
1900,1000,0.2,1.498840e-01
1925,1000,0.2,1.504250e-01
1950,1000,0.2,1.509160e-01
1975,1000,0.2,1.513740e-01
2000,1000,0.2,1.518110e-01
2025,1000,0.2,1.522370e-01
2050,1000,0.2,1.526630e-01
2075,1000,0.2,1.530980e-01
2100,1000,0.2,1.535490e-01
2125,1000,0.2,1.540230e-01
2150,1000,0.2,1.545260e-01
2175,1000,0.2,1.550630e-01
2200,1000,0.2,1.556390e-01
2225,1000,0.2,1.562580e-01
2250,1000,0.2,1.569240e-01
2275,1000,0.2,1.576410e-01
2300,1000,0.2,1.584120e-01
2325,1000,0.2,1.592390e-01
2350,1000,0.2,1.601260e-01
2375,1000,0.2,1.610750e-01
2400,1000,0.2,1.620890e-01
2425,1000,0.2,1.631690e-01
2450,1000,0.2,1.643180e-01
2475,1000,0.2,1.655380e-01
2500,1000,0.2,1.668310e-01
2525,1000,0.2,1.681980e-01
2550,1000,0.2,1.696410e-01
2575,1000,0.2,1.711610e-01
2600,1000,0.2,1.727600e-01
2625,1000,0.2,1.744400e-01
2650,1000,0.2,1.762000e-01
2675,1000,0.2,1.780440e-01
2700,1000,0.2,1.799710e-01
2725,1000,0.2,1.819820e-01
2750,1000,0.2,1.840780e-01
2775,1000,0.2,1.862600e-01
2800,1000,0.2,1.885280e-01
2825,1000,0.2,1.908840e-01
2850,1000,0.2,1.933260e-01
2875,1000,0.2,1.958550e-01
2900,1000,0.2,1.984710e-01
2925,1000,0.2,2.011750e-01
2950,1000,0.2,2.039660e-01
2975,1000,0.2,2.068440e-01
3000,1000,0.2,2.098070e-01
3025,1000,0.2,2.128570e-01
3050,1000,0.2,2.159920e-01
3075,1000,0.2,2.192110e-01
3100,1000,0.2,2.225140e-01
3125,1000,0.2,2.258990e-01
3150,1000,0.2,2.293660e-01
3175,1000,0.2,2.329130e-01
3200,1000,0.2,2.365400e-01
3225,1000,0.2,2.402440e-01
3250,1000,0.2,2.440250e-01
3275,1000,0.2,2.478800e-01
3300,1000,0.2,2.518090e-01
3325,1000,0.2,2.558100e-01
3350,1000,0.2,2.598810e-01
3375,1000,0.2,2.640210e-01
3400,1000,0.2,2.682270e-01
3425,1000,0.2,2.724990e-01
3450,1000,0.2,2.768350e-01
3475,1000,0.2,2.812330e-01
3500,1000,0.2,2.856920e-01
3525,1000,0.2,2.902100e-01
3550,1000,0.2,2.947860e-01
3575,1000,0.2,2.994180e-01
3600,1000,0.2,3.041050e-01
3625,1000,0.2,3.088470e-01
3650,1000,0.2,3.136420e-01
3675,1000,0.2,3.184890e-01
3700,1000,0.2,3.233890e-01
3725,1000,0.2,3.283410e-01
3750,1000,0.2,3.333460e-01
3775,1000,0.2,3.384020e-01
3800,1000,0.2,3.435130e-01
3825,1000,0.2,3.486770e-01
3850,1000,0.2,3.538980e-01
3875,1000,0.2,3.591780e-01
3900,1000,0.2,3.645180e-01
3925,1000,0.2,3.699230e-01
3950,1000,0.2,3.753960e-01
3975,1000,0.2,3.809430e-01
4000,1000,0.2,3.865690e-01
4025,1000,0.2,3.922800e-01
4050,1000,0.2,3.980840e-01
4075,1000,0.2,4.039910e-01
4100,1000,0.2,4.100100e-01
4125,1000,0.2,4.161530e-01
4150,1000,0.2,4.224340e-01
4175,1000,0.2,4.288660e-01
4200,1000,0.2,4.354670e-01
4225,1000,0.2,4.422560e-01
4250,1000,0.2,4.492540e-01
4275,1000,0.2,4.564860e-01
4300,1000,0.2,4.639790e-01
4325,1000,0.2,4.717630e-01
4350,1000,0.2,4.798720e-01
4375,1000,0.2,4.883450e-01
4400,1000,0.2,4.972240e-01
4425,1000,0.2,5.065570e-01
4450,1000,0.2,5.163980e-01
4475,1000,0.2,5.268070e-01
4500,1000,0.2,5.378520e-01
4525,1000,0.2,5.496070e-01
4550,1000,0.2,5.621580e-01
4575,1000,0.2,5.756000e-01
4600,1000,0.2,5.900400e-01
4625,1000,0.2,6.055980e-01
4650,1000,0.2,6.224110e-01
4675,1000,0.2,6.406320e-01
4700,1000,0.2,6.604350e-01
4725,1000,0.2,6.820190e-01
4750,1000,0.2,7.056070e-01
4775,1000,0.2,7.314560e-01
4800,1000,0.2,7.598620e-01
4825,1000,0.2,7.911630e-01
4850,1000,0.2,8.257500e-01
4875,1000,0.2,8.640780e-01
4900,1000,0.2,9.066750e-01
4925,1000,0.2,9.541630e-01
4950,1000,0.2,1.007270e+00
4975,1000,0.2,1.066880e+00
5000,1000,0.2,1.134030e+00
300,0.001,0.5,0.000000e+00
325,0.001,0.5,0.000000e+00
350,0.001,0.5,0.000000e+00
375,0.001,0.5,0.000000e+00
400,0.001,0.5,0.000000e+00
425,0.001,0.5,0.000000e+00
450,0.001,0.5,0.000000e+00
475,0.001,0.5,0.000000e+00
500,0.001,0.5,0.000000e+00
525,0.001,0.5,0.000000e+00
550,0.001,0.5,0.000000e+00
575,0.001,0.5,0.000000e+00
600,0.001,0.5,0.000000e+00
625,0.001,0.5,0.000000e+00
650,0.001,0.5,0.000000e+00
675,0.001,0.5,0.000000e+00
700,0.001,0.5,0.000000e+00
725,0.001,0.5,2.127020e-02
750,0.001,0.5,4.927450e-02
775,0.001,0.5,6.815330e-02
800,0.001,0.5,7.870070e-02
825,0.001,0.5,8.402480e-02
850,0.001,0.5,8.662930e-02
875,0.001,0.5,8.791310e-02
900,0.001,0.5,8.856150e-02
925,0.001,0.5,8.889910e-02
950,0.001,0.5,8.908050e-02
975,0.001,0.5,8.918110e-02
1000,0.001,0.5,8.923870e-02
1025,0.001,0.5,8.927300e-02
1050,0.001,0.5,8.929440e-02
1075,0.001,0.5,8.930860e-02
1100,0.001,0.5,8.931910e-02
1125,0.001,0.5,8.932780e-02
1150,0.001,0.5,8.933610e-02
1175,0.001,0.5,8.934490e-02
1200,0.001,0.5,8.935500e-02
1225,0.001,0.5,8.936690e-02
1250,0.001,0.5,8.938120e-02
1275,0.001,0.5,8.939870e-02
1300,0.001,0.5,8.941990e-02
1325,0.001,0.5,8.944550e-02
1350,0.001,0.5,8.947630e-02
1375,0.001,0.5,8.951320e-02
1400,0.001,0.5,8.955690e-02
1425,0.001,0.5,8.960850e-02
1450,0.001,0.5,8.966900e-02
1475,0.001,0.5,8.973960e-02
1500,0.001,0.5,8.982140e-02
1525,0.001,0.5,8.991590e-02
1550,0.001,0.5,9.002440e-02
1575,0.001,0.5,9.014840e-02
1600,0.001,0.5,9.028960e-02
1625,0.001,0.5,9.044950e-02
1650,0.001,0.5,9.063000e-02
1675,0.001,0.5,9.083280e-02
1700,0.001,0.5,9.106010e-02
1725,0.001,0.5,9.131370e-02
1750,0.001,0.5,9.159580e-02
1775,0.001,0.5,9.190860e-02
1800,0.001,0.5,9.225420e-02
1825,0.001,0.5,9.263480e-02
1850,0.001,0.5,9.305290e-02
1875,0.001,0.5,9.351050e-02
1900,0.001,0.5,9.400990e-02
1925,0.001,0.5,9.455340e-02
1950,0.001,0.5,9.514290e-02
1975,0.001,0.5,9.578040e-02
2000,0.001,0.5,9.646760e-02
2025,0.001,0.5,9.720610e-02
2050,0.001,0.5,9.799710e-02
2075,0.001,0.5,9.884130e-02
2100,0.001,0.5,9.973930e-02
2125,0.001,0.5,1.006910e-01
2150,0.001,0.5,1.016960e-01
2175,0.001,0.5,1.027530e-01
2200,0.001,0.5,1.038600e-01
2225,0.001,0.5,1.050150e-01
2250,0.001,0.5,1.062160e-01
2275,0.001,0.5,1.074610e-01
2300,0.001,0.5,1.087470e-01
2325,0.001,0.5,1.100740e-01
2350,0.001,0.5,1.114430e-01
2375,0.001,0.5,1.128590e-01
2400,0.001,0.5,1.143340e-01
2425,0.001,0.5,1.158870e-01
2450,0.001,0.5,1.175510e-01
2475,0.001,0.5,1.193780e-01
2500,0.001,0.5,1.214440e-01
2525,0.001,0.5,1.238630e-01
2550,0.001,0.5,1.267930e-01
2575,0.001,0.5,1.304580e-01
2600,0.001,0.5,1.351650e-01
2625,0.001,0.5,1.413340e-01
2650,0.001,0.5,1.495350e-01
2675,0.001,0.5,1.605350e-01
2700,0.001,0.5,1.753630e-01
2725,0.001,0.5,1.954070e-01
2750,0.001,0.5,2.225350e-01
2775,0.001,0.5,2.592860e-01
2800,0.001,0.5,3.091390e-01
2825,0.001,0.5,3.769320e-01
2850,0.001,0.5,4.695310e-01
2875,0.001,0.5,5.969400e-01
2900,0.001,0.5,7.742440e-01
2925,0.001,0.5,1.025250e+00
2950,0.001,0.5,1.389860e+00
2975,0.001,0.5,1.940400e+00
3000,0.001,0.5,2.823260e+00
3025,0.001,0.5,4.386660e+00
3050,0.001,0.5,7.710790e+00
3075,0.001,0.5,1.862650e+01
3100,0.001,0.5,2.000000e+02
3125,0.001,0.5,2.000000e+02
3150,0.001,0.5,2.000000e+02
3175,0.001,0.5,2.000000e+02
3200,0.001,0.5,2.000000e+02
3225,0.001,0.5,2.000000e+02
3250,0.001,0.5,2.000000e+02
3275,0.001,0.5,2.000000e+02
3300,0.001,0.5,2.000000e+02
3325,0.001,0.5,2.000000e+02
3350,0.001,0.5,2.000000e+02
3375,0.001,0.5,2.000000e+02
3400,0.001,0.5,2.000000e+02
3425,0.001,0.5,2.000000e+02
3450,0.001,0.5,2.000000e+02
3475,0.001,0.5,2.000000e+02
3500,0.001,0.5,2.000000e+02
3525,0.001,0.5,2.000000e+02
3550,0.001,0.5,2.000000e+02
3575,0.001,0.5,2.000000e+02
3600,0.001,0.5,2.000000e+02
3625,0.001,0.5,2.000000e+02
3650,0.001,0.5,2.000000e+02
3675,0.001,0.5,2.000000e+02
3700,0.001,0.5,2.000000e+02
3725,0.001,0.5,2.000000e+02
3750,0.001,0.5,2.000000e+02
3775,0.001,0.5,2.000000e+02
3800,0.001,0.5,2.000000e+02
3825,0.001,0.5,2.000000e+02
3850,0.001,0.5,2.000000e+02
3875,0.001,0.5,2.000000e+02
3900,0.001,0.5,2.000000e+02
3925,0.001,0.5,2.000000e+02
3950,0.001,0.5,2.000000e+02
3975,0.001,0.5,2.000000e+02
4000,0.001,0.5,2.000000e+02
4025,0.001,0.5,2.000000e+02
4050,0.001,0.5,2.000000e+02
4075,0.001,0.5,2.000000e+02
4100,0.001,0.5,2.000000e+02
4125,0.001,0.5,2.000000e+02
4150,0.001,0.5,2.000000e+02
4175,0.001,0.5,2.000000e+02
4200,0.001,0.5,2.000000e+02
4225,0.001,0.5,2.000000e+02
4250,0.001,0.5,2.000000e+02
4275,0.001,0.5,2.000000e+02
4300,0.001,0.5,2.000000e+02
4325,0.001,0.5,2.000000e+02
4350,0.001,0.5,2.000000e+02
4375,0.001,0.5,2.000000e+02
4400,0.001,0.5,2.000000e+02
4425,0.001,0.5,2.000000e+02
4450,0.001,0.5,2.000000e+02
4475,0.001,0.5,2.000000e+02
4500,0.001,0.5,2.000000e+02
4525,0.001,0.5,2.000000e+02
4550,0.001,0.5,2.000000e+02
4575,0.001,0.5,2.000000e+02
4600,0.001,0.5,2.000000e+02
4625,0.001,0.5,2.000000e+02
4650,0.001,0.5,2.000000e+02
4675,0.001,0.5,2.000000e+02
4700,0.001,0.5,2.000000e+02
4725,0.001,0.5,2.000000e+02
4750,0.001,0.5,2.000000e+02
4775,0.001,0.5,2.000000e+02
4800,0.001,0.5,2.000000e+02
4825,0.001,0.5,2.000000e+02
4850,0.001,0.5,2.000000e+02
4875,0.001,0.5,2.000000e+02
4900,0.001,0.5,2.000000e+02
4925,0.001,0.5,2.000000e+02
4950,0.001,0.5,2.000000e+02
4975,0.001,0.5,2.000000e+02
5000,0.001,0.5,2.000000e+02
300,0.00177828,0.5,0.000000e+00
325,0.00177828,0.5,0.000000e+00
350,0.00177828,0.5,0.000000e+00
375,0.00177828,0.5,0.000000e+00
400,0.00177828,0.5,0.000000e+00
425,0.00177828,0.5,0.000000e+00
450,0.00177828,0.5,0.000000e+00
475,0.00177828,0.5,0.000000e+00
500,0.00177828,0.5,0.000000e+00
525,0.00177828,0.5,0.000000e+00
550,0.00177828,0.5,0.000000e+00
575,0.00177828,0.5,0.000000e+00
600,0.00177828,0.5,0.000000e+00
625,0.00177828,0.5,0.000000e+00
650,0.00177828,0.5,0.000000e+00
675,0.00177828,0.5,0.000000e+00
700,0.00177828,0.5,0.000000e+00
725,0.00177828,0.5,1.305860e-03
750,0.00177828,0.5,3.203270e-02
775,0.00177828,0.5,5.622880e-02
800,0.00177828,0.5,7.169310e-02
825,0.00177828,0.5,8.022990e-02
850,0.00177828,0.5,8.462050e-02
875,0.00177828,0.5,8.684110e-02
900,0.00177828,0.5,8.797720e-02
925,0.00177828,0.5,8.857250e-02
950,0.00177828,0.5,8.889330e-02
975,0.00177828,0.5,8.907130e-02
1000,0.00177828,0.5,8.917300e-02
1025,0.00177828,0.5,8.923290e-02
1050,0.00177828,0.5,8.926950e-02
1075,0.00177828,0.5,8.929310e-02
1100,0.00177828,0.5,8.930930e-02
1125,0.00177828,0.5,8.932160e-02
1150,0.00177828,0.5,8.933220e-02
1175,0.00177828,0.5,8.934250e-02
1200,0.00177828,0.5,8.935340e-02
1225,0.00177828,0.5,8.936600e-02
1250,0.00177828,0.5,8.938070e-02
1275,0.00177828,0.5,8.939850e-02
1300,0.00177828,0.5,8.941980e-02
1325,0.00177828,0.5,8.944560e-02
1350,0.00177828,0.5,8.947650e-02
1375,0.00177828,0.5,8.951330e-02
1400,0.00177828,0.5,8.955710e-02
1425,0.00177828,0.5,8.960870e-02
1450,0.00177828,0.5,8.966920e-02
1475,0.00177828,0.5,8.973980e-02
1500,0.00177828,0.5,8.982170e-02
1525,0.00177828,0.5,8.991620e-02
1550,0.00177828,0.5,9.002470e-02
1575,0.00177828,0.5,9.014870e-02
1600,0.00177828,0.5,9.028990e-02
1625,0.00177828,0.5,9.044990e-02
1650,0.00177828,0.5,9.063040e-02
1675,0.00177828,0.5,9.083350e-02
1700,0.00177828,0.5,9.106100e-02
1725,0.00177828,0.5,9.131500e-02
1750,0.00177828,0.5,9.159760e-02
1775,0.00177828,0.5,9.191100e-02
1800,0.00177828,0.5,9.225750e-02
1825,0.00177828,0.5,9.263940e-02
1850,0.00177828,0.5,9.305910e-02
1875,0.00177828,0.5,9.351890e-02
1900,0.00177828,0.5,9.402140e-02
1925,0.00177828,0.5,9.456870e-02
1950,0.00177828,0.5,9.516340e-02
1975,0.00177828,0.5,9.580760e-02
2000,0.00177828,0.5,9.650350e-02
2025,0.00177828,0.5,9.725300e-02
2050,0.00177828,0.5,9.805790e-02
2075,0.00177828,0.5,9.891980e-02
2100,0.00177828,0.5,9.983990e-02
2125,0.00177828,0.5,1.008190e-01
2150,0.00177828,0.5,1.018570e-01
2175,0.00177828,0.5,1.029550e-01
2200,0.00177828,0.5,1.041120e-01
2225,0.00177828,0.5,1.053270e-01
2250,0.00177828,0.5,1.065980e-01
2275,0.00177828,0.5,1.079240e-01
2300,0.00177828,0.5,1.093020e-01
2325,0.00177828,0.5,1.107320e-01
2350,0.00177828,0.5,1.122120e-01
2375,0.00177828,0.5,1.137430e-01
2400,0.00177828,0.5,1.153280e-01
2425,0.00177828,0.5,1.169740e-01
2450,0.00177828,0.5,1.186960e-01
2475,0.00177828,0.5,1.205170e-01
2500,0.00177828,0.5,1.224730e-01
2525,0.00177828,0.5,1.246220e-01
2550,0.00177828,0.5,1.270430e-01
2575,0.00177828,0.5,1.298550e-01
2600,0.00177828,0.5,1.332220e-01
2625,0.00177828,0.5,1.373700e-01
2650,0.00177828,0.5,1.426110e-01
2675,0.00177828,0.5,1.493630e-01
2700,0.00177828,0.5,1.581900e-01
2725,0.00177828,0.5,1.698430e-01
2750,0.00177828,0.5,1.853270e-01
2775,0.00177828,0.5,2.059770e-01
2800,0.00177828,0.5,2.335810e-01
2825,0.00177828,0.5,2.705440e-01
2850,0.00177828,0.5,3.201310e-01
2875,0.00177828,0.5,3.868370e-01
2900,0.00177828,0.5,4.769680e-01
2925,0.00177828,0.5,5.995910e-01
2950,0.00177828,0.5,7.681780e-01
2975,0.00177828,0.5,1.003590e+00
3000,0.00177828,0.5,1.339940e+00
3025,0.00177828,0.5,1.837130e+00
3050,0.00177828,0.5,2.611030e+00
3075,0.00177828,0.5,3.919050e+00
3100,0.00177828,0.5,6.471220e+00
3125,0.00177828,0.5,1.319550e+01
3150,0.00177828,0.5,6.703890e+01
3175,0.00177828,0.5,2.000000e+02
3200,0.00177828,0.5,2.000000e+02
3225,0.00177828,0.5,2.000000e+02
3250,0.00177828,0.5,2.000000e+02
3275,0.00177828,0.5,2.000000e+02
3300,0.00177828,0.5,2.000000e+02
3325,0.00177828,0.5,2.000000e+02
3350,0.00177828,0.5,2.000000e+02
3375,0.00177828,0.5,2.000000e+02
3400,0.00177828,0.5,2.000000e+02
3425,0.00177828,0.5,2.000000e+02
3450,0.00177828,0.5,2.000000e+02
3475,0.00177828,0.5,2.000000e+02
3500,0.00177828,0.5,2.000000e+02
3525,0.00177828,0.5,2.000000e+02
3550,0.00177828,0.5,2.000000e+02
3575,0.00177828,0.5,2.000000e+02
3600,0.00177828,0.5,2.000000e+02
3625,0.00177828,0.5,2.000000e+02
3650,0.00177828,0.5,2.000000e+02
3675,0.00177828,0.5,2.000000e+02
3700,0.00177828,0.5,2.000000e+02
3725,0.00177828,0.5,2.000000e+02
3750,0.00177828,0.5,2.000000e+02
3775,0.00177828,0.5,2.000000e+02
3800,0.00177828,0.5,2.000000e+02
3825,0.00177828,0.5,2.000000e+02
3850,0.00177828,0.5,2.000000e+02
3875,0.00177828,0.5,2.000000e+02
3900,0.00177828,0.5,2.000000e+02
3925,0.00177828,0.5,2.000000e+02
3950,0.00177828,0.5,2.000000e+02
3975,0.00177828,0.5,2.000000e+02
4000,0.00177828,0.5,2.000000e+02
4025,0.00177828,0.5,2.000000e+02
4050,0.00177828,0.5,2.000000e+02
4075,0.00177828,0.5,2.000000e+02
4100,0.00177828,0.5,2.000000e+02
4125,0.00177828,0.5,2.000000e+02
4150,0.00177828,0.5,2.000000e+02
4175,0.00177828,0.5,2.000000e+02
4200,0.00177828,0.5,2.000000e+02
4225,0.00177828,0.5,2.000000e+02
4250,0.00177828,0.5,2.000000e+02
4275,0.00177828,0.5,2.000000e+02
4300,0.00177828,0.5,2.000000e+02
4325,0.00177828,0.5,2.000000e+02
4350,0.00177828,0.5,2.000000e+02
4375,0.00177828,0.5,2.000000e+02
4400,0.00177828,0.5,2.000000e+02
4425,0.00177828,0.5,2.000000e+02
4450,0.00177828,0.5,2.000000e+02
4475,0.00177828,0.5,2.000000e+02
4500,0.00177828,0.5,2.000000e+02
4525,0.00177828,0.5,2.000000e+02
4550,0.00177828,0.5,2.000000e+02
4575,0.00177828,0.5,2.000000e+02
4600,0.00177828,0.5,2.000000e+02
4625,0.00177828,0.5,2.000000e+02
4650,0.00177828,0.5,2.000000e+02
4675,0.00177828,0.5,2.000000e+02
4700,0.00177828,0.5,2.000000e+02
4725,0.00177828,0.5,2.000000e+02
4750,0.00177828,0.5,2.000000e+02
4775,0.00177828,0.5,2.000000e+02
4800,0.00177828,0.5,2.000000e+02
4825,0.00177828,0.5,2.000000e+02
4850,0.00177828,0.5,2.000000e+02
4875,0.00177828,0.5,2.000000e+02
4900,0.00177828,0.5,2.000000e+02
4925,0.00177828,0.5,2.000000e+02
4950,0.00177828,0.5,2.000000e+02
4975,0.00177828,0.5,2.000000e+02
5000,0.00177828,0.5,2.000000e+02
300,0.00316228,0.5,0.000000e+00
325,0.00316228,0.5,0.000000e+00
350,0.00316228,0.5,0.000000e+00
375,0.00316228,0.5,0.000000e+00
400,0.00316228,0.5,0.000000e+00
425,0.00316228,0.5,0.000000e+00
450,0.00316228,0.5,0.000000e+00
475,0.00316228,0.5,0.000000e+00
500,0.00316228,0.5,0.000000e+00
525,0.00316228,0.5,0.000000e+00
550,0.00316228,0.5,0.000000e+00
575,0.00316228,0.5,0.000000e+00
600,0.00316228,0.5,0.000000e+00
625,0.00316228,0.5,0.000000e+00
650,0.00316228,0.5,0.000000e+00
675,0.00316228,0.5,0.000000e+00
700,0.00316228,0.5,0.000000e+00
725,0.00316228,0.5,0.000000e+00
750,0.00316228,0.5,1.237040e-02
775,0.00316228,0.5,4.042250e-02
800,0.00316228,0.5,6.119210e-02
825,0.00316228,0.5,7.407800e-02
850,0.00316228,0.5,8.121860e-02
875,0.00316228,0.5,8.498370e-02
900,0.00316228,0.5,8.695280e-02
925,0.00316228,0.5,8.799640e-02
950,0.00316228,0.5,8.856200e-02
975,0.00316228,0.5,8.887660e-02
1000,0.00316228,0.5,8.905620e-02
1025,0.00316228,0.5,8.916160e-02
1050,0.00316228,0.5,8.922540e-02
1075,0.00316228,0.5,8.926540e-02
1100,0.00316228,0.5,8.929180e-02
1125,0.00316228,0.5,8.931050e-02
1150,0.00316228,0.5,8.932520e-02
1175,0.00316228,0.5,8.933810e-02
1200,0.00316228,0.5,8.935080e-02
1225,0.00316228,0.5,8.936440e-02
1250,0.00316228,0.5,8.937990e-02
1275,0.00316228,0.5,8.939810e-02
1300,0.00316228,0.5,8.941970e-02
1325,0.00316228,0.5,8.944570e-02
1350,0.00316228,0.5,8.947670e-02
1375,0.00316228,0.5,8.951360e-02
1400,0.00316228,0.5,8.955740e-02
1425,0.00316228,0.5,8.960900e-02
1450,0.00316228,0.5,8.966960e-02
1475,0.00316228,0.5,8.974010e-02
1500,0.00316228,0.5,8.982200e-02
1525,0.00316228,0.5,8.991650e-02
1550,0.00316228,0.5,9.002500e-02
1575,0.00316228,0.5,9.014910e-02
1600,0.00316228,0.5,9.029030e-02
1625,0.00316228,0.5,9.045030e-02
1650,0.00316228,0.5,9.063100e-02
1675,0.00316228,0.5,9.083410e-02
1700,0.00316228,0.5,9.106180e-02
1725,0.00316228,0.5,9.131600e-02
1750,0.00316228,0.5,9.159890e-02
1775,0.00316228,0.5,9.191280e-02
1800,0.00316228,0.5,9.226000e-02
1825,0.00316228,0.5,9.264290e-02
1850,0.00316228,0.5,9.306380e-02
1875,0.00316228,0.5,9.352540e-02
1900,0.00316228,0.5,9.403000e-02
1925,0.00316228,0.5,9.458040e-02
1950,0.00316228,0.5,9.517890e-02
1975,0.00316228,0.5,9.582810e-02
2000,0.00316228,0.5,9.653050e-02
2025,0.00316228,0.5,9.728830e-02
2050,0.00316228,0.5,9.810380e-02
2075,0.00316228,0.5,9.897900e-02
2100,0.00316228,0.5,9.991580e-02
2125,0.00316228,0.5,1.009160e-01
2150,0.00316228,0.5,1.019800e-01
2175,0.00316228,0.5,1.031090e-01
2200,0.00316228,0.5,1.043040e-01
2225,0.00316228,0.5,1.055650e-01
2250,0.00316228,0.5,1.068920e-01
2275,0.00316228,0.5,1.082830e-01
2300,0.00316228,0.5,1.097370e-01
2325,0.00316228,0.5,1.112540e-01
2350,0.00316228,0.5,1.128320e-01
2375,0.00316228,0.5,1.144700e-01
2400,0.00316228,0.5,1.161680e-01
2425,0.00316228,0.5,1.179290e-01
2450,0.00316228,0.5,1.197570e-01
2475,0.00316228,0.5,1.216630e-01
2500,0.00316228,0.5,1.236620e-01
2525,0.00316228,0.5,1.257810e-01
2550,0.00316228,0.5,1.280590e-01
2575,0.00316228,0.5,1.305560e-01
2600,0.00316228,0.5,1.333550e-01
2625,0.00316228,0.5,1.365770e-01
2650,0.00316228,0.5,1.403850e-01
2675,0.00316228,0.5,1.450050e-01
2700,0.00316228,0.5,1.507420e-01
2725,0.00316228,0.5,1.580030e-01
2750,0.00316228,0.5,1.673320e-01
2775,0.00316228,0.5,1.794490e-01
2800,0.00316228,0.5,1.953060e-01
2825,0.00316228,0.5,2.161610e-01
2850,0.00316228,0.5,2.436820e-01
2875,0.00316228,0.5,2.800920e-01
2900,0.00316228,0.5,3.283800e-01
2925,0.00316228,0.5,3.926170e-01
2950,0.00316228,0.5,4.784410e-01
2975,0.00316228,0.5,5.938450e-01
3000,0.00316228,0.5,7.504970e-01
3025,0.00316228,0.5,9.660910e-01
3050,0.00316228,0.5,1.268780e+00
3075,0.00316228,0.5,1.706290e+00
3100,0.00316228,0.5,2.366540e+00
3125,0.00316228,0.5,3.431510e+00
3150,0.00316228,0.5,5.348920e+00
3175,0.00316228,0.5,9.593790e+00
3200,0.00316228,0.5,2.548260e+01
3225,0.00316228,0.5,2.000000e+02
3250,0.00316228,0.5,2.000000e+02
3275,0.00316228,0.5,2.000000e+02
3300,0.00316228,0.5,2.000000e+02
3325,0.00316228,0.5,2.000000e+02
3350,0.00316228,0.5,2.000000e+02
3375,0.00316228,0.5,2.000000e+02
3400,0.00316228,0.5,2.000000e+02
3425,0.00316228,0.5,2.000000e+02
3450,0.00316228,0.5,2.000000e+02
3475,0.00316228,0.5,2.000000e+02
3500,0.00316228,0.5,2.000000e+02
3525,0.00316228,0.5,2.000000e+02
3550,0.00316228,0.5,2.000000e+02
3575,0.00316228,0.5,2.000000e+02
3600,0.00316228,0.5,2.000000e+02
3625,0.00316228,0.5,2.000000e+02
3650,0.00316228,0.5,2.000000e+02
3675,0.00316228,0.5,2.000000e+02
3700,0.00316228,0.5,2.000000e+02
3725,0.00316228,0.5,2.000000e+02
3750,0.00316228,0.5,2.000000e+02
3775,0.00316228,0.5,2.000000e+02
3800,0.00316228,0.5,2.000000e+02
3825,0.00316228,0.5,2.000000e+02
3850,0.00316228,0.5,2.000000e+02
3875,0.00316228,0.5,2.000000e+02
3900,0.00316228,0.5,2.000000e+02
3925,0.00316228,0.5,2.000000e+02
3950,0.00316228,0.5,2.000000e+02
3975,0.00316228,0.5,2.000000e+02
4000,0.00316228,0.5,2.000000e+02
4025,0.00316228,0.5,2.000000e+02
4050,0.00316228,0.5,2.000000e+02
4075,0.00316228,0.5,2.000000e+02
4100,0.00316228,0.5,2.000000e+02
4125,0.00316228,0.5,2.000000e+02
4150,0.00316228,0.5,2.000000e+02
4175,0.00316228,0.5,2.000000e+02
4200,0.00316228,0.5,2.000000e+02
4225,0.00316228,0.5,2.000000e+02
4250,0.00316228,0.5,2.000000e+02
4275,0.00316228,0.5,2.000000e+02
4300,0.00316228,0.5,2.000000e+02
4325,0.00316228,0.5,2.000000e+02
4350,0.00316228,0.5,2.000000e+02
4375,0.00316228,0.5,2.000000e+02
4400,0.00316228,0.5,2.000000e+02
4425,0.00316228,0.5,2.000000e+02
4450,0.00316228,0.5,2.000000e+02
4475,0.00316228,0.5,2.000000e+02
4500,0.00316228,0.5,2.000000e+02
4525,0.00316228,0.5,2.000000e+02
4550,0.00316228,0.5,2.000000e+02
4575,0.00316228,0.5,2.000000e+02
4600,0.00316228,0.5,2.000000e+02
4625,0.00316228,0.5,2.000000e+02
4650,0.00316228,0.5,2.000000e+02
4675,0.00316228,0.5,2.000000e+02
4700,0.00316228,0.5,2.000000e+02
4725,0.00316228,0.5,2.000000e+02
4750,0.00316228,0.5,2.000000e+02
4775,0.00316228,0.5,2.000000e+02
4800,0.00316228,0.5,2.000000e+02
4825,0.00316228,0.5,2.000000e+02
4850,0.00316228,0.5,2.000000e+02
4875,0.00316228,0.5,2.000000e+02
4900,0.00316228,0.5,2.000000e+02
4925,0.00316228,0.5,2.000000e+02
4950,0.00316228,0.5,2.000000e+02
4975,0.00316228,0.5,2.000000e+02
5000,0.00316228,0.5,2.000000e+02
300,0.00562341,0.5,0.000000e+00
325,0.00562341,0.5,0.000000e+00
350,0.00562341,0.5,0.000000e+00
375,0.00562341,0.5,0.000000e+00
400,0.00562341,0.5,0.000000e+00
425,0.00562341,0.5,0.000000e+00
450,0.00562341,0.5,0.000000e+00
475,0.00562341,0.5,0.000000e+00
500,0.00562341,0.5,0.000000e+00
525,0.00562341,0.5,0.000000e+00
550,0.00562341,0.5,0.000000e+00
575,0.00562341,0.5,0.000000e+00
600,0.00562341,0.5,0.000000e+00
625,0.00562341,0.5,0.000000e+00
650,0.00562341,0.5,0.000000e+00
675,0.00562341,0.5,0.000000e+00
700,0.00562341,0.5,0.000000e+00
725,0.00562341,0.5,0.000000e+00
750,0.00562341,0.5,0.000000e+00
775,0.00562341,0.5,2.147850e-02
800,0.00562341,0.5,4.671780e-02
825,0.00562341,0.5,6.464910e-02
850,0.00562341,0.5,7.564660e-02
875,0.00562341,0.5,8.182600e-02
900,0.00562341,0.5,8.517610e-02
925,0.00562341,0.5,8.698640e-02
950,0.00562341,0.5,8.797780e-02
975,0.00562341,0.5,8.853210e-02
1000,0.00562341,0.5,8.884920e-02
1025,0.00562341,0.5,8.903520e-02
1050,0.00562341,0.5,8.914700e-02
1075,0.00562341,0.5,8.921630e-02
1100,0.00562341,0.5,8.926080e-02
1125,0.00562341,0.5,8.929090e-02
1150,0.00562341,0.5,8.931280e-02
1175,0.00562341,0.5,8.933030e-02
1200,0.00562341,0.5,8.934600e-02
1225,0.00562341,0.5,8.936150e-02
1250,0.00562341,0.5,8.937830e-02
1275,0.00562341,0.5,8.939740e-02
1300,0.00562341,0.5,8.941960e-02
1325,0.00562341,0.5,8.944590e-02
1350,0.00562341,0.5,8.947710e-02
1375,0.00562341,0.5,8.951410e-02
1400,0.00562341,0.5,8.955800e-02
1425,0.00562341,0.5,8.960960e-02
1450,0.00562341,0.5,8.967020e-02
1475,0.00562341,0.5,8.974080e-02
1500,0.00562341,0.5,8.982260e-02
1525,0.00562341,0.5,8.991710e-02
1550,0.00562341,0.5,9.002560e-02
1575,0.00562341,0.5,9.014960e-02
1600,0.00562341,0.5,9.029080e-02
1625,0.00562341,0.5,9.045090e-02
1650,0.00562341,0.5,9.063160e-02
1675,0.00562341,0.5,9.083480e-02
1700,0.00562341,0.5,9.106260e-02
1725,0.00562341,0.5,9.131700e-02
1750,0.00562341,0.5,9.160020e-02
1775,0.00562341,0.5,9.191440e-02
1800,0.00562341,0.5,9.226210e-02
1825,0.00562341,0.5,9.264560e-02
1850,0.00562341,0.5,9.306750e-02
1875,0.00562341,0.5,9.353030e-02
1900,0.00562341,0.5,9.403670e-02
1925,0.00562341,0.5,9.458920e-02
1950,0.00562341,0.5,9.519060e-02
1975,0.00562341,0.5,9.584360e-02
2000,0.00562341,0.5,9.655090e-02
2025,0.00562341,0.5,9.731490e-02
2050,0.00562341,0.5,9.813840e-02
2075,0.00562341,0.5,9.902370e-02
2100,0.00562341,0.5,9.997310e-02
2125,0.00562341,0.5,1.009890e-01
2150,0.00562341,0.5,1.020720e-01
2175,0.00562341,0.5,1.032260e-01
2200,0.00562341,0.5,1.044510e-01
2225,0.00562341,0.5,1.057470e-01
2250,0.00562341,0.5,1.071160e-01
2275,0.00562341,0.5,1.085580e-01
2300,0.00562341,0.5,1.100730e-01
2325,0.00562341,0.5,1.116600e-01
2350,0.00562341,0.5,1.133190e-01
2375,0.00562341,0.5,1.150480e-01
2400,0.00562341,0.5,1.168480e-01
2425,0.00562341,0.5,1.187190e-01
2450,0.00562341,0.5,1.206610e-01
2475,0.00562341,0.5,1.226790e-01
2500,0.00562341,0.5,1.247780e-01
2525,0.00562341,0.5,1.269710e-01
2550,0.00562341,0.5,1.292760e-01
2575,0.00562341,0.5,1.317220e-01
2600,0.00562341,0.5,1.343500e-01
2625,0.00562341,0.5,1.372200e-01
2650,0.00562341,0.5,1.404170e-01
2675,0.00562341,0.5,1.440600e-01
2700,0.00562341,0.5,1.483090e-01
2725,0.00562341,0.5,1.533830e-01
2750,0.00562341,0.5,1.595730e-01
2775,0.00562341,0.5,1.672660e-01
2800,0.00562341,0.5,1.769750e-01
2825,0.00562341,0.5,1.893720e-01
2850,0.00562341,0.5,2.053390e-01
2875,0.00562341,0.5,2.260320e-01
2900,0.00562341,0.5,2.529710e-01
2925,0.00562341,0.5,2.881640e-01
2950,0.00562341,0.5,3.342810e-01
2975,0.00562341,0.5,3.949180e-01
3000,0.00562341,0.5,4.749910e-01
3025,0.00562341,0.5,5.813600e-01
3050,0.00562341,0.5,7.238560e-01
3075,0.00562341,0.5,9.170480e-01
3100,0.00562341,0.5,1.183460e+00
3125,0.00562341,0.5,1.559880e+00
3150,0.00562341,0.5,2.110780e+00
3175,0.00562341,0.5,2.960620e+00
3200,0.00562341,0.5,4.384640e+00
3225,0.00562341,0.5,7.136130e+00
3250,0.00562341,0.5,1.426760e+01
3275,0.00562341,0.5,6.656520e+01
3300,0.00562341,0.5,2.000000e+02
3325,0.00562341,0.5,2.000000e+02
3350,0.00562341,0.5,2.000000e+02
3375,0.00562341,0.5,2.000000e+02
3400,0.00562341,0.5,2.000000e+02
3425,0.00562341,0.5,2.000000e+02
3450,0.00562341,0.5,2.000000e+02
3475,0.00562341,0.5,2.000000e+02
3500,0.00562341,0.5,2.000000e+02
3525,0.00562341,0.5,2.000000e+02
3550,0.00562341,0.5,2.000000e+02
3575,0.00562341,0.5,2.000000e+02
3600,0.00562341,0.5,2.000000e+02
3625,0.00562341,0.5,2.000000e+02
3650,0.00562341,0.5,2.000000e+02
3675,0.00562341,0.5,2.000000e+02
3700,0.00562341,0.5,2.000000e+02
3725,0.00562341,0.5,2.000000e+02
3750,0.00562341,0.5,2.000000e+02
3775,0.00562341,0.5,2.000000e+02
3800,0.00562341,0.5,2.000000e+02
3825,0.00562341,0.5,2.000000e+02
3850,0.00562341,0.5,2.000000e+02
3875,0.00562341,0.5,2.000000e+02
3900,0.00562341,0.5,2.000000e+02
3925,0.00562341,0.5,2.000000e+02
3950,0.00562341,0.5,2.000000e+02
3975,0.00562341,0.5,2.000000e+02
4000,0.00562341,0.5,2.000000e+02
4025,0.00562341,0.5,2.000000e+02
4050,0.00562341,0.5,2.000000e+02
4075,0.00562341,0.5,2.000000e+02
4100,0.00562341,0.5,2.000000e+02
4125,0.00562341,0.5,2.000000e+02
4150,0.00562341,0.5,2.000000e+02
4175,0.00562341,0.5,2.000000e+02
4200,0.00562341,0.5,2.000000e+02
4225,0.00562341,0.5,2.000000e+02
4250,0.00562341,0.5,2.000000e+02
4275,0.00562341,0.5,2.000000e+02
4300,0.00562341,0.5,2.000000e+02
4325,0.00562341,0.5,2.000000e+02
4350,0.00562341,0.5,2.000000e+02
4375,0.00562341,0.5,2.000000e+02
4400,0.00562341,0.5,2.000000e+02
4425,0.00562341,0.5,2.000000e+02
4450,0.00562341,0.5,2.000000e+02
4475,0.00562341,0.5,2.000000e+02
4500,0.00562341,0.5,2.000000e+02
4525,0.00562341,0.5,2.000000e+02
4550,0.00562341,0.5,2.000000e+02
4575,0.00562341,0.5,2.000000e+02
4600,0.00562341,0.5,2.000000e+02
4625,0.00562341,0.5,2.000000e+02
4650,0.00562341,0.5,2.000000e+02
4675,0.00562341,0.5,2.000000e+02
4700,0.00562341,0.5,2.000000e+02
4725,0.00562341,0.5,2.000000e+02
4750,0.00562341,0.5,2.000000e+02
4775,0.00562341,0.5,2.000000e+02
4800,0.00562341,0.5,2.000000e+02
4825,0.00562341,0.5,2.000000e+02
4850,0.00562341,0.5,2.000000e+02
4875,0.00562341,0.5,2.000000e+02
4900,0.00562341,0.5,2.000000e+02
4925,0.00562341,0.5,2.000000e+02
4950,0.00562341,0.5,2.000000e+02
4975,0.00562341,0.5,2.000000e+02
5000,0.00562341,0.5,2.000000e+02
300,0.01,0.5,0.000000e+00
325,0.01,0.5,0.000000e+00
350,0.01,0.5,0.000000e+00
375,0.01,0.5,0.000000e+00
400,0.01,0.5,0.000000e+00
425,0.01,0.5,0.000000e+00
450,0.01,0.5,0.000000e+00
475,0.01,0.5,0.000000e+00
500,0.01,0.5,0.000000e+00
525,0.01,0.5,0.000000e+00
550,0.01,0.5,0.000000e+00
575,0.01,0.5,0.000000e+00
600,0.01,0.5,0.000000e+00
625,0.01,0.5,0.000000e+00
650,0.01,0.5,0.000000e+00
675,0.01,0.5,0.000000e+00
700,0.01,0.5,0.000000e+00
725,0.01,0.5,0.000000e+00
750,0.01,0.5,0.000000e+00
775,0.01,0.5,9.451000e-04
800,0.01,0.5,2.865420e-02
825,0.01,0.5,5.127960e-02
850,0.01,0.5,6.697870e-02
875,0.01,0.5,7.662230e-02
900,0.01,0.5,8.214990e-02
925,0.01,0.5,8.523440e-02
950,0.01,0.5,8.695410e-02
975,0.01,0.5,8.792490e-02
1000,0.01,0.5,8.848320e-02
1025,0.01,0.5,8.881110e-02
1050,0.01,0.5,8.900800e-02
1075,0.01,0.5,8.912910e-02
1100,0.01,0.5,8.920570e-02
1125,0.01,0.5,8.925600e-02
1150,0.01,0.5,8.929070e-02
1175,0.01,0.5,8.931640e-02
1200,0.01,0.5,8.933750e-02
1225,0.01,0.5,8.935650e-02
1250,0.01,0.5,8.937560e-02
1275,0.01,0.5,8.939610e-02
1300,0.01,0.5,8.941930e-02
1325,0.01,0.5,8.944620e-02
1350,0.01,0.5,8.947780e-02
1375,0.01,0.5,8.951510e-02
1400,0.01,0.5,8.955900e-02
1425,0.01,0.5,8.961070e-02
1450,0.01,0.5,8.967130e-02
1475,0.01,0.5,8.974190e-02
1500,0.01,0.5,8.982370e-02
1525,0.01,0.5,8.991810e-02
1550,0.01,0.5,9.002660e-02
1575,0.01,0.5,9.015060e-02
1600,0.01,0.5,9.029180e-02
1625,0.01,0.5,9.045180e-02
1650,0.01,0.5,9.063250e-02
1675,0.01,0.5,9.083570e-02
1700,0.01,0.5,9.106360e-02
1725,0.01,0.5,9.131810e-02
1750,0.01,0.5,9.160140e-02
1775,0.01,0.5,9.191590e-02
1800,0.01,0.5,9.226390e-02
1825,0.01,0.5,9.264800e-02
1850,0.01,0.5,9.307050e-02
1875,0.01,0.5,9.353430e-02
1900,0.01,0.5,9.404180e-02
1925,0.01,0.5,9.459600e-02
1950,0.01,0.5,9.519960e-02
1975,0.01,0.5,9.585550e-02
2000,0.01,0.5,9.656630e-02
2025,0.01,0.5,9.733510e-02
2050,0.01,0.5,9.816450e-02
2075,0.01,0.5,9.905740e-02
2100,0.01,0.5,1.000160e-01
2125,0.01,0.5,1.010440e-01
2150,0.01,0.5,1.021420e-01
2175,0.01,0.5,1.033140e-01
2200,0.01,0.5,1.045610e-01
2225,0.01,0.5,1.058850e-01
2250,0.01,0.5,1.072870e-01
2275,0.01,0.5,1.087690e-01
2300,0.01,0.5,1.103300e-01
2325,0.01,0.5,1.119730e-01
2350,0.01,0.5,1.136960e-01
2375,0.01,0.5,1.155000e-01
2400,0.01,0.5,1.173850e-01
2425,0.01,0.5,1.193500e-01
2450,0.01,0.5,1.213950e-01
2475,0.01,0.5,1.235230e-01
2500,0.01,0.5,1.257350e-01
2525,0.01,0.5,1.280360e-01
2550,0.01,0.5,1.304350e-01
2575,0.01,0.5,1.329440e-01
2600,0.01,0.5,1.355830e-01
2625,0.01,0.5,1.383830e-01
2650,0.01,0.5,1.413850e-01
2675,0.01,0.5,1.446500e-01
2700,0.01,0.5,1.482610e-01
2725,0.01,0.5,1.523330e-01
2750,0.01,0.5,1.570190e-01
2775,0.01,0.5,1.625260e-01
2800,0.01,0.5,1.691270e-01
2825,0.01,0.5,1.771810e-01
2850,0.01,0.5,1.871590e-01
2875,0.01,0.5,1.996750e-01
2900,0.01,0.5,2.155270e-01
2925,0.01,0.5,2.357540e-01
2950,0.01,0.5,2.617100e-01
2975,0.01,0.5,2.951640e-01
3000,0.01,0.5,3.384490e-01
3025,0.01,0.5,3.946680e-01
3050,0.01,0.5,4.680030e-01
3075,0.01,0.5,5.642020e-01
3100,0.01,0.5,6.913390e-01
3125,0.01,0.5,8.611010e-01
3150,0.01,0.5,1.091030e+00
3175,0.01,0.5,1.408720e+00
3200,0.01,0.5,1.860240e+00
3225,0.01,0.5,2.528730e+00
3250,0.01,0.5,3.581220e+00
3275,0.01,0.5,5.410040e+00
3300,0.01,0.5,9.203500e+00
3325,0.01,0.5,2.099480e+01
3350,0.01,0.5,2.000000e+02
3375,0.01,0.5,2.000000e+02
3400,0.01,0.5,2.000000e+02
3425,0.01,0.5,2.000000e+02
3450,0.01,0.5,2.000000e+02
3475,0.01,0.5,2.000000e+02
3500,0.01,0.5,2.000000e+02
3525,0.01,0.5,2.000000e+02
3550,0.01,0.5,2.000000e+02
3575,0.01,0.5,2.000000e+02
3600,0.01,0.5,2.000000e+02
3625,0.01,0.5,2.000000e+02
3650,0.01,0.5,2.000000e+02
3675,0.01,0.5,2.000000e+02
3700,0.01,0.5,2.000000e+02
3725,0.01,0.5,2.000000e+02
3750,0.01,0.5,2.000000e+02
3775,0.01,0.5,2.000000e+02
3800,0.01,0.5,2.000000e+02
3825,0.01,0.5,2.000000e+02
3850,0.01,0.5,2.000000e+02
3875,0.01,0.5,2.000000e+02
3900,0.01,0.5,2.000000e+02
3925,0.01,0.5,2.000000e+02
3950,0.01,0.5,2.000000e+02
3975,0.01,0.5,2.000000e+02
4000,0.01,0.5,2.000000e+02
4025,0.01,0.5,2.000000e+02
4050,0.01,0.5,2.000000e+02
4075,0.01,0.5,2.000000e+02
4100,0.01,0.5,2.000000e+02
4125,0.01,0.5,2.000000e+02
4150,0.01,0.5,2.000000e+02
4175,0.01,0.5,2.000000e+02
4200,0.01,0.5,2.000000e+02
4225,0.01,0.5,2.000000e+02
4250,0.01,0.5,2.000000e+02
4275,0.01,0.5,2.000000e+02
4300,0.01,0.5,2.000000e+02
4325,0.01,0.5,2.000000e+02
4350,0.01,0.5,2.000000e+02
4375,0.01,0.5,2.000000e+02
4400,0.01,0.5,2.000000e+02
4425,0.01,0.5,2.000000e+02
4450,0.01,0.5,2.000000e+02
4475,0.01,0.5,2.000000e+02
4500,0.01,0.5,2.000000e+02
4525,0.01,0.5,2.000000e+02
4550,0.01,0.5,2.000000e+02
4575,0.01,0.5,2.000000e+02
4600,0.01,0.5,2.000000e+02
4625,0.01,0.5,2.000000e+02
4650,0.01,0.5,2.000000e+02
4675,0.01,0.5,2.000000e+02
4700,0.01,0.5,2.000000e+02
4725,0.01,0.5,2.000000e+02
4750,0.01,0.5,2.000000e+02
4775,0.01,0.5,2.000000e+02
4800,0.01,0.5,2.000000e+02
4825,0.01,0.5,2.000000e+02
4850,0.01,0.5,2.000000e+02
4875,0.01,0.5,2.000000e+02
4900,0.01,0.5,2.000000e+02
4925,0.01,0.5,2.000000e+02
4950,0.01,0.5,2.000000e+02
4975,0.01,0.5,2.000000e+02
5000,0.01,0.5,2.000000e+02
300,0.0177828,0.5,0.000000e+00
325,0.0177828,0.5,0.000000e+00
350,0.0177828,0.5,0.000000e+00
375,0.0177828,0.5,0.000000e+00
400,0.0177828,0.5,0.000000e+00
425,0.0177828,0.5,0.000000e+00
450,0.0177828,0.5,0.000000e+00
475,0.0177828,0.5,0.000000e+00
500,0.0177828,0.5,0.000000e+00
525,0.0177828,0.5,0.000000e+00
550,0.0177828,0.5,0.000000e+00
575,0.0177828,0.5,0.000000e+00
600,0.0177828,0.5,0.000000e+00
625,0.0177828,0.5,0.000000e+00
650,0.0177828,0.5,0.000000e+00
675,0.0177828,0.5,0.000000e+00
700,0.0177828,0.5,0.000000e+00
725,0.0177828,0.5,0.000000e+00
750,0.0177828,0.5,0.000000e+00
775,0.0177828,0.5,0.000000e+00
800,0.0177828,0.5,8.369080e-03
825,0.0177828,0.5,3.407670e-02
850,0.0177828,0.5,5.445070e-02
875,0.0177828,0.5,6.845490e-02
900,0.0177828,0.5,7.714880e-02
925,0.0177828,0.5,8.225000e-02
950,0.0177828,0.5,8.517960e-02
975,0.0177828,0.5,8.686190e-02
1000,0.0177828,0.5,8.783860e-02
1025,0.0177828,0.5,8.841510e-02
1050,0.0177828,0.5,8.876170e-02
1075,0.0177828,0.5,8.897440e-02
1100,0.0177828,0.5,8.910790e-02
1125,0.0177828,0.5,8.919390e-02
1150,0.0177828,0.5,8.925140e-02
1175,0.0177828,0.5,8.929180e-02
1200,0.0177828,0.5,8.932240e-02
1225,0.0177828,0.5,8.934760e-02
1250,0.0177828,0.5,8.937070e-02
1275,0.0177828,0.5,8.939380e-02
1300,0.0177828,0.5,8.941870e-02
1325,0.0177828,0.5,8.944670e-02
1350,0.0177828,0.5,8.947900e-02
1375,0.0177828,0.5,8.951670e-02
1400,0.0177828,0.5,8.956090e-02
1425,0.0177828,0.5,8.961270e-02
1450,0.0177828,0.5,8.967330e-02
1475,0.0177828,0.5,8.974380e-02
1500,0.0177828,0.5,8.982560e-02
1525,0.0177828,0.5,8.991990e-02
1550,0.0177828,0.5,9.002830e-02
1575,0.0177828,0.5,9.015220e-02
1600,0.0177828,0.5,9.029330e-02
1625,0.0177828,0.5,9.045330e-02
1650,0.0177828,0.5,9.063390e-02
1675,0.0177828,0.5,9.083710e-02
1700,0.0177828,0.5,9.106500e-02
1725,0.0177828,0.5,9.131950e-02
1750,0.0177828,0.5,9.160290e-02
1775,0.0177828,0.5,9.191760e-02
1800,0.0177828,0.5,9.226580e-02
1825,0.0177828,0.5,9.265020e-02
1850,0.0177828,0.5,9.307320e-02
1875,0.0177828,0.5,9.353760e-02
1900,0.0177828,0.5,9.404610e-02
1925,0.0177828,0.5,9.460150e-02
1950,0.0177828,0.5,9.520670e-02
1975,0.0177828,0.5,9.586470e-02
2000,0.0177828,0.5,9.657820e-02
2025,0.0177828,0.5,9.735050e-02
2050,0.0177828,0.5,9.818440e-02
2075,0.0177828,0.5,9.908300e-02
2100,0.0177828,0.5,1.000490e-01
2125,0.0177828,0.5,1.010860e-01
2150,0.0177828,0.5,1.021950e-01
2175,0.0177828,0.5,1.033810e-01
2200,0.0177828,0.5,1.046450e-01
2225,0.0177828,0.5,1.059890e-01
2250,0.0177828,0.5,1.074170e-01
2275,0.0177828,0.5,1.089280e-01
2300,0.0177828,0.5,1.105260e-01
2325,0.0177828,0.5,1.122120e-01
2350,0.0177828,0.5,1.139860e-01
2375,0.0177828,0.5,1.158480e-01
2400,0.0177828,0.5,1.178010e-01
2425,0.0177828,0.5,1.198440e-01
2450,0.0177828,0.5,1.219770e-01
2475,0.0177828,0.5,1.242010e-01
2500,0.0177828,0.5,1.265170e-01
2525,0.0177828,0.5,1.289270e-01
2550,0.0177828,0.5,1.314340e-01
2575,0.0177828,0.5,1.340460e-01
2600,0.0177828,0.5,1.367700e-01
2625,0.0177828,0.5,1.396220e-01
2650,0.0177828,0.5,1.426220e-01
2675,0.0177828,0.5,1.458000e-01
2700,0.0177828,0.5,1.491990e-01
2725,0.0177828,0.5,1.528780e-01
2750,0.0177828,0.5,1.569160e-01
2775,0.0177828,0.5,1.614230e-01
2800,0.0177828,0.5,1.665410e-01
2825,0.0177828,0.5,1.724620e-01
2850,0.0177828,0.5,1.794360e-01
2875,0.0177828,0.5,1.877890e-01
2900,0.0177828,0.5,1.979450e-01
2925,0.0177828,0.5,2.104530e-01
2950,0.0177828,0.5,2.260180e-01
2975,0.0177828,0.5,2.455550e-01
3000,0.0177828,0.5,2.702410e-01
3025,0.0177828,0.5,3.016030e-01
3050,0.0177828,0.5,3.416340e-01
3075,0.0177828,0.5,3.929490e-01
3100,0.0177828,0.5,4.590330e-01
3125,0.0177828,0.5,5.445900e-01
3150,0.0177828,0.5,6.561030e-01
3175,0.0177828,0.5,8.027350e-01
3200,0.0177828,0.5,9.978450e-01
3225,0.0177828,0.5,1.261690e+00
3250,0.0177828,0.5,1.626530e+00
3275,0.0177828,0.5,2.147110e+00
3300,0.0177828,0.5,2.924370e+00
3325,0.0177828,0.5,4.167370e+00
3350,0.0177828,0.5,6.390210e+00
3375,0.0177828,0.5,1.128290e+01
3400,0.0177828,0.5,2.943020e+01
3425,0.0177828,0.5,2.000000e+02
3450,0.0177828,0.5,2.000000e+02
3475,0.0177828,0.5,2.000000e+02
3500,0.0177828,0.5,2.000000e+02
3525,0.0177828,0.5,2.000000e+02
3550,0.0177828,0.5,2.000000e+02
3575,0.0177828,0.5,2.000000e+02
3600,0.0177828,0.5,2.000000e+02
3625,0.0177828,0.5,2.000000e+02
3650,0.0177828,0.5,2.000000e+02
3675,0.0177828,0.5,2.000000e+02
3700,0.0177828,0.5,2.000000e+02
3725,0.0177828,0.5,2.000000e+02
3750,0.0177828,0.5,2.000000e+02
3775,0.0177828,0.5,2.000000e+02
3800,0.0177828,0.5,2.000000e+02
3825,0.0177828,0.5,2.000000e+02
3850,0.0177828,0.5,2.000000e+02
3875,0.0177828,0.5,2.000000e+02
3900,0.0177828,0.5,2.000000e+02
3925,0.0177828,0.5,2.000000e+02
3950,0.0177828,0.5,2.000000e+02
3975,0.0177828,0.5,2.000000e+02
4000,0.0177828,0.5,2.000000e+02
4025,0.0177828,0.5,2.000000e+02
4050,0.0177828,0.5,2.000000e+02
4075,0.0177828,0.5,2.000000e+02
4100,0.0177828,0.5,2.000000e+02
4125,0.0177828,0.5,2.000000e+02
4150,0.0177828,0.5,2.000000e+02
4175,0.0177828,0.5,2.000000e+02
4200,0.0177828,0.5,2.000000e+02
4225,0.0177828,0.5,2.000000e+02
4250,0.0177828,0.5,2.000000e+02
4275,0.0177828,0.5,2.000000e+02
4300,0.0177828,0.5,2.000000e+02
4325,0.0177828,0.5,2.000000e+02
4350,0.0177828,0.5,2.000000e+02
4375,0.0177828,0.5,2.000000e+02
4400,0.0177828,0.5,2.000000e+02
4425,0.0177828,0.5,2.000000e+02
4450,0.0177828,0.5,2.000000e+02
4475,0.0177828,0.5,2.000000e+02
4500,0.0177828,0.5,2.000000e+02
4525,0.0177828,0.5,2.000000e+02
4550,0.0177828,0.5,2.000000e+02
4575,0.0177828,0.5,2.000000e+02
4600,0.0177828,0.5,2.000000e+02
4625,0.0177828,0.5,2.000000e+02
4650,0.0177828,0.5,2.000000e+02
4675,0.0177828,0.5,2.000000e+02
4700,0.0177828,0.5,2.000000e+02
4725,0.0177828,0.5,2.000000e+02
4750,0.0177828,0.5,2.000000e+02
4775,0.0177828,0.5,2.000000e+02
4800,0.0177828,0.5,2.000000e+02
4825,0.0177828,0.5,2.000000e+02
4850,0.0177828,0.5,2.000000e+02
4875,0.0177828,0.5,2.000000e+02
4900,0.0177828,0.5,2.000000e+02
4925,0.0177828,0.5,2.000000e+02
4950,0.0177828,0.5,2.000000e+02
4975,0.0177828,0.5,2.000000e+02
5000,0.0177828,0.5,2.000000e+02
300,0.0316228,0.5,0.000000e+00
325,0.0316228,0.5,0.000000e+00
350,0.0316228,0.5,0.000000e+00
375,0.0316228,0.5,0.000000e+00
400,0.0316228,0.5,0.000000e+00
425,0.0316228,0.5,0.000000e+00
450,0.0316228,0.5,0.000000e+00
475,0.0316228,0.5,0.000000e+00
500,0.0316228,0.5,0.000000e+00
525,0.0316228,0.5,0.000000e+00
550,0.0316228,0.5,0.000000e+00
575,0.0316228,0.5,0.000000e+00
600,0.0316228,0.5,0.000000e+00
625,0.0316228,0.5,0.000000e+00
650,0.0316228,0.5,0.000000e+00
675,0.0316228,0.5,0.000000e+00
700,0.0316228,0.5,0.000000e+00
725,0.0316228,0.5,0.000000e+00
750,0.0316228,0.5,0.000000e+00
775,0.0316228,0.5,0.000000e+00
800,0.0316228,0.5,0.000000e+00
825,0.0316228,0.5,1.421790e-02
850,0.0316228,0.5,3.798710e-02
875,0.0316228,0.5,5.651480e-02
900,0.0316228,0.5,6.926790e-02
925,0.0316228,0.5,7.731760e-02
950,0.0316228,0.5,8.216150e-02
975,0.0316228,0.5,8.502280e-02
1000,0.0316228,0.5,8.671210e-02
1025,0.0316228,0.5,8.771880e-02
1050,0.0316228,0.5,8.832710e-02
1075,0.0316228,0.5,8.870080e-02
1100,0.0316228,0.5,8.893460e-02
1125,0.0316228,0.5,8.908390e-02
1150,0.0316228,0.5,8.918170e-02
1175,0.0316228,0.5,8.924810e-02
1200,0.0316228,0.5,8.929550e-02
1225,0.0316228,0.5,8.933180e-02
1250,0.0316228,0.5,8.936200e-02
1275,0.0316228,0.5,8.938980e-02
1300,0.0316228,0.5,8.941780e-02
1325,0.0316228,0.5,8.944770e-02
1350,0.0316228,0.5,8.948120e-02
1375,0.0316228,0.5,8.951960e-02
1400,0.0316228,0.5,8.956420e-02
1425,0.0316228,0.5,8.961620e-02
1450,0.0316228,0.5,8.967680e-02
1475,0.0316228,0.5,8.974730e-02
1500,0.0316228,0.5,8.982890e-02
1525,0.0316228,0.5,8.992310e-02
1550,0.0316228,0.5,9.003140e-02
1575,0.0316228,0.5,9.015510e-02
1600,0.0316228,0.5,9.029610e-02
1625,0.0316228,0.5,9.045590e-02
1650,0.0316228,0.5,9.063640e-02
1675,0.0316228,0.5,9.083950e-02
1700,0.0316228,0.5,9.106720e-02
1725,0.0316228,0.5,9.132170e-02
1750,0.0316228,0.5,9.160510e-02
1775,0.0316228,0.5,9.191980e-02
1800,0.0316228,0.5,9.226820e-02
1825,0.0316228,0.5,9.265270e-02
1850,0.0316228,0.5,9.307610e-02
1875,0.0316228,0.5,9.354090e-02
1900,0.0316228,0.5,9.405010e-02
1925,0.0316228,0.5,9.460630e-02
1950,0.0316228,0.5,9.521270e-02
1975,0.0316228,0.5,9.587210e-02
2000,0.0316228,0.5,9.658770e-02
2025,0.0316228,0.5,9.736260e-02
2050,0.0316228,0.5,9.819990e-02
2075,0.0316228,0.5,9.910260e-02
2100,0.0316228,0.5,1.000740e-01
2125,0.0316228,0.5,1.011170e-01
2150,0.0316228,0.5,1.022350e-01
2175,0.0316228,0.5,1.034310e-01
2200,0.0316228,0.5,1.047080e-01
2225,0.0316228,0.5,1.060680e-01
2250,0.0316228,0.5,1.075150e-01
2275,0.0316228,0.5,1.090490e-01
2300,0.0316228,0.5,1.106750e-01
2325,0.0316228,0.5,1.123930e-01
2350,0.0316228,0.5,1.142060e-01
2375,0.0316228,0.5,1.161150e-01
2400,0.0316228,0.5,1.181210e-01
2425,0.0316228,0.5,1.202250e-01
2450,0.0316228,0.5,1.224290e-01
2475,0.0316228,0.5,1.247320e-01
2500,0.0316228,0.5,1.271370e-01
2525,0.0316228,0.5,1.296430e-01
2550,0.0316228,0.5,1.322540e-01
2575,0.0316228,0.5,1.349710e-01
2600,0.0316228,0.5,1.378000e-01
2625,0.0316228,0.5,1.407470e-01
2650,0.0316228,0.5,1.438240e-01
2675,0.0316228,0.5,1.470430e-01
2700,0.0316228,0.5,1.504280e-01
2725,0.0316228,0.5,1.540080e-01
2750,0.0316228,0.5,1.578240e-01
2775,0.0316228,0.5,1.619330e-01
2800,0.0316228,0.5,1.664100e-01
2825,0.0316228,0.5,1.713550e-01
2850,0.0316228,0.5,1.769000e-01
2875,0.0316228,0.5,1.832190e-01
2900,0.0316228,0.5,1.905360e-01
2925,0.0316228,0.5,1.991420e-01
2950,0.0316228,0.5,2.094100e-01
2975,0.0316228,0.5,2.218210e-01
3000,0.0316228,0.5,2.369870e-01
3025,0.0316228,0.5,2.556930e-01
3050,0.0316228,0.5,2.789450e-01
3075,0.0316228,0.5,3.080320e-01
3100,0.0316228,0.5,3.446210e-01
3125,0.0316228,0.5,3.908720e-01
3150,0.0316228,0.5,4.496250e-01
3175,0.0316228,0.5,5.246540e-01
3200,0.0316228,0.5,6.210590e-01
3225,0.0316228,0.5,7.458840e-01
3250,0.0316228,0.5,9.091150e-01
3275,0.0316228,0.5,1.125370e+00
3300,0.0316228,0.5,1.416930e+00
3325,0.0316228,0.5,1.819540e+00
3350,0.0316228,0.5,2.394350e+00
3375,0.0316228,0.5,3.255470e+00
3400,0.0316228,0.5,4.642940e+00
3425,0.0316228,0.5,7.161730e+00
3450,0.0316228,0.5,1.289220e+01
3475,0.0316228,0.5,3.666020e+01
3500,0.0316228,0.5,2.000000e+02
3525,0.0316228,0.5,2.000000e+02
3550,0.0316228,0.5,2.000000e+02
3575,0.0316228,0.5,2.000000e+02
3600,0.0316228,0.5,2.000000e+02
3625,0.0316228,0.5,2.000000e+02
3650,0.0316228,0.5,2.000000e+02
3675,0.0316228,0.5,2.000000e+02
3700,0.0316228,0.5,2.000000e+02
3725,0.0316228,0.5,2.000000e+02
3750,0.0316228,0.5,2.000000e+02
3775,0.0316228,0.5,2.000000e+02
3800,0.0316228,0.5,2.000000e+02
3825,0.0316228,0.5,2.000000e+02
3850,0.0316228,0.5,2.000000e+02
3875,0.0316228,0.5,2.000000e+02
3900,0.0316228,0.5,2.000000e+02
3925,0.0316228,0.5,2.000000e+02
3950,0.0316228,0.5,2.000000e+02
3975,0.0316228,0.5,2.000000e+02
4000,0.0316228,0.5,2.000000e+02
4025,0.0316228,0.5,2.000000e+02
4050,0.0316228,0.5,2.000000e+02
4075,0.0316228,0.5,2.000000e+02
4100,0.0316228,0.5,2.000000e+02
4125,0.0316228,0.5,2.000000e+02
4150,0.0316228,0.5,2.000000e+02
4175,0.0316228,0.5,2.000000e+02
4200,0.0316228,0.5,2.000000e+02
4225,0.0316228,0.5,2.000000e+02
4250,0.0316228,0.5,2.000000e+02
4275,0.0316228,0.5,2.000000e+02
4300,0.0316228,0.5,2.000000e+02
4325,0.0316228,0.5,2.000000e+02
4350,0.0316228,0.5,2.000000e+02
4375,0.0316228,0.5,2.000000e+02
4400,0.0316228,0.5,2.000000e+02
4425,0.0316228,0.5,2.000000e+02
4450,0.0316228,0.5,2.000000e+02
4475,0.0316228,0.5,2.000000e+02
4500,0.0316228,0.5,2.000000e+02
4525,0.0316228,0.5,2.000000e+02
4550,0.0316228,0.5,2.000000e+02
4575,0.0316228,0.5,2.000000e+02
4600,0.0316228,0.5,2.000000e+02
4625,0.0316228,0.5,2.000000e+02
4650,0.0316228,0.5,2.000000e+02
4675,0.0316228,0.5,2.000000e+02
4700,0.0316228,0.5,2.000000e+02
4725,0.0316228,0.5,2.000000e+02
4750,0.0316228,0.5,2.000000e+02
4775,0.0316228,0.5,2.000000e+02
4800,0.0316228,0.5,2.000000e+02
4825,0.0316228,0.5,2.000000e+02
4850,0.0316228,0.5,2.000000e+02
4875,0.0316228,0.5,2.000000e+02
4900,0.0316228,0.5,2.000000e+02
4925,0.0316228,0.5,2.000000e+02
4950,0.0316228,0.5,2.000000e+02
4975,0.0316228,0.5,2.000000e+02
5000,0.0316228,0.5,2.000000e+02
300,0.0562341,0.5,0.000000e+00
325,0.0562341,0.5,0.000000e+00
350,0.0562341,0.5,0.000000e+00
375,0.0562341,0.5,0.000000e+00
400,0.0562341,0.5,0.000000e+00
425,0.0562341,0.5,0.000000e+00
450,0.0562341,0.5,0.000000e+00
475,0.0562341,0.5,0.000000e+00
500,0.0562341,0.5,0.000000e+00
525,0.0562341,0.5,0.000000e+00
550,0.0562341,0.5,0.000000e+00
575,0.0562341,0.5,0.000000e+00
600,0.0562341,0.5,0.000000e+00
625,0.0562341,0.5,0.000000e+00
650,0.0562341,0.5,0.000000e+00
675,0.0562341,0.5,0.000000e+00
700,0.0562341,0.5,0.000000e+00
725,0.0562341,0.5,0.000000e+00
750,0.0562341,0.5,0.000000e+00
775,0.0562341,0.5,0.000000e+00
800,0.0562341,0.5,0.000000e+00
825,0.0562341,0.5,0.000000e+00
850,0.0562341,0.5,1.861940e-02
875,0.0562341,0.5,4.062930e-02
900,0.0562341,0.5,5.769120e-02
925,0.0562341,0.5,6.954680e-02
950,0.0562341,0.5,7.718570e-02
975,0.0562341,0.5,8.190420e-02
1000,0.0562341,0.5,8.476860e-02
1025,0.0562341,0.5,8.650460e-02
1050,0.0562341,0.5,8.756420e-02
1075,0.0562341,0.5,8.821850e-02
1100,0.0562341,0.5,8.862820e-02
1125,0.0562341,0.5,8.888900e-02
1150,0.0562341,0.5,8.905820e-02
1175,0.0562341,0.5,8.917060e-02
1200,0.0562341,0.5,8.924780e-02
1225,0.0562341,0.5,8.930360e-02
1250,0.0562341,0.5,8.934660e-02
1275,0.0562341,0.5,8.938270e-02
1300,0.0562341,0.5,8.941600e-02
1325,0.0562341,0.5,8.944940e-02
1350,0.0562341,0.5,8.948500e-02
1375,0.0562341,0.5,8.952470e-02
1400,0.0562341,0.5,8.957000e-02
1425,0.0562341,0.5,8.962230e-02
1450,0.0562341,0.5,8.968300e-02
1475,0.0562341,0.5,8.975340e-02
1500,0.0562341,0.5,8.983490e-02
1525,0.0562341,0.5,8.992880e-02
1550,0.0562341,0.5,9.003680e-02
1575,0.0562341,0.5,9.016020e-02
1600,0.0562341,0.5,9.030090e-02
1625,0.0562341,0.5,9.046040e-02
1650,0.0562341,0.5,9.064060e-02
1675,0.0562341,0.5,9.084350e-02
1700,0.0562341,0.5,9.107100e-02
1725,0.0562341,0.5,9.132530e-02
1750,0.0562341,0.5,9.160860e-02
1775,0.0562341,0.5,9.192320e-02
1800,0.0562341,0.5,9.227150e-02
1825,0.0562341,0.5,9.265610e-02
1850,0.0562341,0.5,9.307960e-02
1875,0.0562341,0.5,9.354470e-02
1900,0.0562341,0.5,9.405420e-02
1925,0.0562341,0.5,9.461110e-02
1950,0.0562341,0.5,9.521820e-02
1975,0.0562341,0.5,9.587880e-02
2000,0.0562341,0.5,9.659580e-02
2025,0.0562341,0.5,9.737260e-02
2050,0.0562341,0.5,9.821230e-02
2075,0.0562341,0.5,9.911820e-02
2100,0.0562341,0.5,1.000940e-01
2125,0.0562341,0.5,1.011420e-01
2150,0.0562341,0.5,1.022660e-01
2175,0.0562341,0.5,1.034700e-01
2200,0.0562341,0.5,1.047560e-01
2225,0.0562341,0.5,1.061280e-01
2250,0.0562341,0.5,1.075890e-01
2275,0.0562341,0.5,1.091410e-01
2300,0.0562341,0.5,1.107880e-01
2325,0.0562341,0.5,1.125310e-01
2350,0.0562341,0.5,1.143740e-01
2375,0.0562341,0.5,1.163180e-01
2400,0.0562341,0.5,1.183650e-01
2425,0.0562341,0.5,1.205180e-01
2450,0.0562341,0.5,1.227770e-01
2475,0.0562341,0.5,1.251440e-01
2500,0.0562341,0.5,1.276200e-01
2525,0.0562341,0.5,1.302070e-01
2550,0.0562341,0.5,1.329050e-01
2575,0.0562341,0.5,1.357180e-01
2600,0.0562341,0.5,1.386470e-01
2625,0.0562341,0.5,1.416960e-01
2650,0.0562341,0.5,1.448710e-01
2675,0.0562341,0.5,1.481790e-01
2700,0.0562341,0.5,1.516310e-01
2725,0.0562341,0.5,1.552420e-01
2750,0.0562341,0.5,1.590340e-01
2775,0.0562341,0.5,1.630360e-01
2800,0.0562341,0.5,1.672870e-01
2825,0.0562341,0.5,1.718390e-01
2850,0.0562341,0.5,1.767630e-01
2875,0.0562341,0.5,1.821510e-01
2900,0.0562341,0.5,1.881200e-01
2925,0.0562341,0.5,1.948250e-01
2950,0.0562341,0.5,2.024650e-01
2975,0.0562341,0.5,2.112930e-01
3000,0.0562341,0.5,2.216330e-01
3025,0.0562341,0.5,2.338970e-01
3050,0.0562341,0.5,2.486070e-01
3075,0.0562341,0.5,2.664250e-01
3100,0.0562341,0.5,2.881910e-01
3125,0.0562341,0.5,3.149760e-01
3150,0.0562341,0.5,3.481430e-01
3175,0.0562341,0.5,3.894460e-01
3200,0.0562341,0.5,4.411530e-01
3225,0.0562341,0.5,5.062360e-01
3250,0.0562341,0.5,5.886370e-01
3275,0.0562341,0.5,6.936800e-01
3300,0.0562341,0.5,8.287120e-01
3325,0.0562341,0.5,1.004150e+00
3350,0.0562341,0.5,1.235240e+00
3375,0.0562341,0.5,1.545230e+00
3400,0.0562341,0.5,1.971410e+00
3425,0.0562341,0.5,2.577590e+00
3450,0.0562341,0.5,3.482750e+00
3475,0.0562341,0.5,4.936860e+00
3500,0.0562341,0.5,7.568470e+00
3525,0.0562341,0.5,1.352800e+01
3550,0.0562341,0.5,3.789230e+01
3575,0.0562341,0.5,2.000000e+02
3600,0.0562341,0.5,2.000000e+02
3625,0.0562341,0.5,2.000000e+02
3650,0.0562341,0.5,2.000000e+02
3675,0.0562341,0.5,2.000000e+02
3700,0.0562341,0.5,2.000000e+02
3725,0.0562341,0.5,2.000000e+02
3750,0.0562341,0.5,2.000000e+02
3775,0.0562341,0.5,2.000000e+02
3800,0.0562341,0.5,2.000000e+02
3825,0.0562341,0.5,2.000000e+02
3850,0.0562341,0.5,2.000000e+02
3875,0.0562341,0.5,2.000000e+02
3900,0.0562341,0.5,2.000000e+02
3925,0.0562341,0.5,2.000000e+02
3950,0.0562341,0.5,2.000000e+02
3975,0.0562341,0.5,2.000000e+02
4000,0.0562341,0.5,2.000000e+02
4025,0.0562341,0.5,2.000000e+02
4050,0.0562341,0.5,2.000000e+02
4075,0.0562341,0.5,2.000000e+02
4100,0.0562341,0.5,2.000000e+02
4125,0.0562341,0.5,2.000000e+02
4150,0.0562341,0.5,2.000000e+02
4175,0.0562341,0.5,2.000000e+02
4200,0.0562341,0.5,2.000000e+02
4225,0.0562341,0.5,2.000000e+02
4250,0.0562341,0.5,2.000000e+02
4275,0.0562341,0.5,2.000000e+02
4300,0.0562341,0.5,2.000000e+02
4325,0.0562341,0.5,2.000000e+02
4350,0.0562341,0.5,2.000000e+02
4375,0.0562341,0.5,2.000000e+02
4400,0.0562341,0.5,2.000000e+02
4425,0.0562341,0.5,2.000000e+02
4450,0.0562341,0.5,2.000000e+02
4475,0.0562341,0.5,2.000000e+02
4500,0.0562341,0.5,2.000000e+02
4525,0.0562341,0.5,2.000000e+02
4550,0.0562341,0.5,2.000000e+02
4575,0.0562341,0.5,2.000000e+02
4600,0.0562341,0.5,2.000000e+02
4625,0.0562341,0.5,2.000000e+02
4650,0.0562341,0.5,2.000000e+02
4675,0.0562341,0.5,2.000000e+02
4700,0.0562341,0.5,2.000000e+02
4725,0.0562341,0.5,2.000000e+02
4750,0.0562341,0.5,2.000000e+02
4775,0.0562341,0.5,2.000000e+02
4800,0.0562341,0.5,2.000000e+02
4825,0.0562341,0.5,2.000000e+02
4850,0.0562341,0.5,2.000000e+02
4875,0.0562341,0.5,2.000000e+02
4900,0.0562341,0.5,2.000000e+02
4925,0.0562341,0.5,2.000000e+02
4950,0.0562341,0.5,2.000000e+02
4975,0.0562341,0.5,2.000000e+02
5000,0.0562341,0.5,2.000000e+02
300,0.1,0.5,0.000000e+00
325,0.1,0.5,0.000000e+00
350,0.1,0.5,0.000000e+00
375,0.1,0.5,0.000000e+00
400,0.1,0.5,0.000000e+00
425,0.1,0.5,0.000000e+00
450,0.1,0.5,0.000000e+00
475,0.1,0.5,0.000000e+00
500,0.1,0.5,0.000000e+00
525,0.1,0.5,0.000000e+00
550,0.1,0.5,0.000000e+00
575,0.1,0.5,0.000000e+00
600,0.1,0.5,0.000000e+00
625,0.1,0.5,0.000000e+00
650,0.1,0.5,0.000000e+00
675,0.1,0.5,0.000000e+00
700,0.1,0.5,0.000000e+00
725,0.1,0.5,0.000000e+00
750,0.1,0.5,0.000000e+00
775,0.1,0.5,0.000000e+00
800,0.1,0.5,0.000000e+00
825,0.1,0.5,0.000000e+00
850,0.1,0.5,0.000000e+00
875,0.1,0.5,2.175560e-02
900,0.1,0.5,4.222470e-02
925,0.1,0.5,5.814570e-02
950,0.1,0.5,6.937990e-02
975,0.1,0.5,7.678910e-02
1000,0.1,0.5,8.148870e-02
1025,0.1,0.5,8.441830e-02
1050,0.1,0.5,8.623820e-02
1075,0.1,0.5,8.737390e-02
1100,0.1,0.5,8.808930e-02
1125,0.1,0.5,8.854510e-02
1150,0.1,0.5,8.883960e-02
1175,0.1,0.5,8.903320e-02
1200,0.1,0.5,8.916330e-02
1225,0.1,0.5,8.925360e-02
1250,0.1,0.5,8.931920e-02
1275,0.1,0.5,8.937010e-02
1300,0.1,0.5,8.941290e-02
1325,0.1,0.5,8.945240e-02
1350,0.1,0.5,8.949190e-02
1375,0.1,0.5,8.953390e-02
1400,0.1,0.5,8.958040e-02
1425,0.1,0.5,8.963330e-02
1450,0.1,0.5,8.969410e-02
1475,0.1,0.5,8.976430e-02
1500,0.1,0.5,8.984540e-02
1525,0.1,0.5,8.993900e-02
1550,0.1,0.5,9.004640e-02
1575,0.1,0.5,9.016930e-02
1600,0.1,0.5,9.030940e-02
1625,0.1,0.5,9.046840e-02
1650,0.1,0.5,9.064820e-02
1675,0.1,0.5,9.085060e-02
1700,0.1,0.5,9.107770e-02
1725,0.1,0.5,9.133160e-02
1750,0.1,0.5,9.161450e-02
1775,0.1,0.5,9.192880e-02
1800,0.1,0.5,9.227700e-02
1825,0.1,0.5,9.266140e-02
1850,0.1,0.5,9.308480e-02
1875,0.1,0.5,9.354990e-02
1900,0.1,0.5,9.405960e-02
1925,0.1,0.5,9.461670e-02
1950,0.1,0.5,9.522440e-02
1975,0.1,0.5,9.588560e-02
2000,0.1,0.5,9.660360e-02
2025,0.1,0.5,9.738170e-02
2050,0.1,0.5,9.822310e-02
2075,0.1,0.5,9.913130e-02
2100,0.1,0.5,1.001100e-01
2125,0.1,0.5,1.011620e-01
2150,0.1,0.5,1.022910e-01
2175,0.1,0.5,1.035000e-01
2200,0.1,0.5,1.047940e-01
2225,0.1,0.5,1.061740e-01
2250,0.1,0.5,1.076460e-01
2275,0.1,0.5,1.092110e-01
2300,0.1,0.5,1.108740e-01
2325,0.1,0.5,1.126360e-01
2350,0.1,0.5,1.145010e-01
2375,0.1,0.5,1.164720e-01
2400,0.1,0.5,1.185510e-01
2425,0.1,0.5,1.207410e-01
2450,0.1,0.5,1.230430e-01
2475,0.1,0.5,1.254600e-01
2500,0.1,0.5,1.279930e-01
2525,0.1,0.5,1.306440e-01
2550,0.1,0.5,1.334150e-01
2575,0.1,0.5,1.363070e-01
2600,0.1,0.5,1.393230e-01
2625,0.1,0.5,1.424650e-01
2650,0.1,0.5,1.457360e-01
2675,0.1,0.5,1.491400e-01
2700,0.1,0.5,1.526840e-01
2725,0.1,0.5,1.563750e-01
2750,0.1,0.5,1.602240e-01
2775,0.1,0.5,1.642480e-01
2800,0.1,0.5,1.684670e-01
2825,0.1,0.5,1.729080e-01
2850,0.1,0.5,1.776090e-01
2875,0.1,0.5,1.826170e-01
2900,0.1,0.5,1.879960e-01
2925,0.1,0.5,1.938290e-01
2950,0.1,0.5,2.002210e-01
2975,0.1,0.5,2.073060e-01
3000,0.1,0.5,2.152570e-01
3025,0.1,0.5,2.242930e-01
3050,0.1,0.5,2.346880e-01
3075,0.1,0.5,2.467900e-01
3100,0.1,0.5,2.610370e-01
3125,0.1,0.5,2.779760e-01
3150,0.1,0.5,2.983010e-01
3175,0.1,0.5,3.228790e-01
3200,0.1,0.5,3.528120e-01
3225,0.1,0.5,3.894940e-01
3250,0.1,0.5,4.347100e-01
3275,0.1,0.5,4.907580e-01
3300,0.1,0.5,5.606390e-01
3325,0.1,0.5,6.483190e-01
3350,0.1,0.5,7.591370e-01
3375,0.1,0.5,9.004400e-01
3400,0.1,0.5,1.082600e+00
3425,0.1,0.5,1.320740e+00
3450,0.1,0.5,1.637800e+00
3475,0.1,0.5,2.070300e+00
3500,0.1,0.5,2.680180e+00
3525,0.1,0.5,3.581400e+00
3550,0.1,0.5,5.008950e+00
3575,0.1,0.5,7.536090e+00
3600,0.1,0.5,1.301700e+01
3625,0.1,0.5,3.252900e+01
3650,0.1,0.5,2.000000e+02
3675,0.1,0.5,2.000000e+02
3700,0.1,0.5,2.000000e+02
3725,0.1,0.5,2.000000e+02
3750,0.1,0.5,2.000000e+02
3775,0.1,0.5,2.000000e+02
3800,0.1,0.5,2.000000e+02
3825,0.1,0.5,2.000000e+02
3850,0.1,0.5,2.000000e+02
3875,0.1,0.5,2.000000e+02
3900,0.1,0.5,2.000000e+02
3925,0.1,0.5,2.000000e+02
3950,0.1,0.5,2.000000e+02
3975,0.1,0.5,2.000000e+02
4000,0.1,0.5,2.000000e+02
4025,0.1,0.5,2.000000e+02
4050,0.1,0.5,2.000000e+02
4075,0.1,0.5,2.000000e+02
4100,0.1,0.5,2.000000e+02
4125,0.1,0.5,2.000000e+02
4150,0.1,0.5,2.000000e+02
4175,0.1,0.5,2.000000e+02
4200,0.1,0.5,2.000000e+02
4225,0.1,0.5,2.000000e+02
4250,0.1,0.5,2.000000e+02
4275,0.1,0.5,2.000000e+02
4300,0.1,0.5,2.000000e+02
4325,0.1,0.5,2.000000e+02
4350,0.1,0.5,2.000000e+02
4375,0.1,0.5,2.000000e+02
4400,0.1,0.5,2.000000e+02
4425,0.1,0.5,2.000000e+02
4450,0.1,0.5,2.000000e+02
4475,0.1,0.5,2.000000e+02
4500,0.1,0.5,2.000000e+02
4525,0.1,0.5,2.000000e+02
4550,0.1,0.5,2.000000e+02
4575,0.1,0.5,2.000000e+02
4600,0.1,0.5,2.000000e+02
4625,0.1,0.5,2.000000e+02
4650,0.1,0.5,2.000000e+02
4675,0.1,0.5,2.000000e+02
4700,0.1,0.5,2.000000e+02
4725,0.1,0.5,2.000000e+02
4750,0.1,0.5,2.000000e+02
4775,0.1,0.5,2.000000e+02
4800,0.1,0.5,2.000000e+02
4825,0.1,0.5,2.000000e+02
4850,0.1,0.5,2.000000e+02
4875,0.1,0.5,2.000000e+02
4900,0.1,0.5,2.000000e+02
4925,0.1,0.5,2.000000e+02
4950,0.1,0.5,2.000000e+02
4975,0.1,0.5,2.000000e+02
5000,0.1,0.5,2.000000e+02
300,0.177828,0.5,0.000000e+00
325,0.177828,0.5,0.000000e+00
350,0.177828,0.5,0.000000e+00
375,0.177828,0.5,0.000000e+00
400,0.177828,0.5,0.000000e+00
425,0.177828,0.5,0.000000e+00
450,0.177828,0.5,0.000000e+00
475,0.177828,0.5,0.000000e+00
500,0.177828,0.5,0.000000e+00
525,0.177828,0.5,0.000000e+00
550,0.177828,0.5,0.000000e+00
575,0.177828,0.5,0.000000e+00
600,0.177828,0.5,0.000000e+00
625,0.177828,0.5,0.000000e+00
650,0.177828,0.5,0.000000e+00
675,0.177828,0.5,0.000000e+00
700,0.177828,0.5,0.000000e+00
725,0.177828,0.5,0.000000e+00
750,0.177828,0.5,0.000000e+00
775,0.177828,0.5,0.000000e+00
800,0.177828,0.5,0.000000e+00
825,0.177828,0.5,0.000000e+00
850,0.177828,0.5,0.000000e+00
875,0.177828,0.5,1.965360e-03
900,0.177828,0.5,2.383060e-02
925,0.177828,0.5,4.296730e-02
950,0.177828,0.5,5.800700e-02
975,0.177828,0.5,6.883110e-02
1000,0.177828,0.5,7.615210e-02
1025,0.177828,0.5,8.092170e-02
1050,0.177828,0.5,8.397240e-02
1075,0.177828,0.5,8.591250e-02
1100,0.177828,0.5,8.714870e-02
1125,0.177828,0.5,8.794150e-02
1150,0.177828,0.5,8.845460e-02
1175,0.177828,0.5,8.879050e-02
1200,0.177828,0.5,8.901360e-02
1225,0.177828,0.5,8.916490e-02
1250,0.177828,0.5,8.927050e-02
1275,0.177828,0.5,8.934760e-02
1300,0.177828,0.5,8.940740e-02
1325,0.177828,0.5,8.945780e-02
1350,0.177828,0.5,8.950400e-02
1375,0.177828,0.5,8.955010e-02
1400,0.177828,0.5,8.959880e-02
1425,0.177828,0.5,8.965270e-02
1450,0.177828,0.5,8.971380e-02
1475,0.177828,0.5,8.978370e-02
1500,0.177828,0.5,8.986420e-02
1525,0.177828,0.5,8.995690e-02
1550,0.177828,0.5,9.006350e-02
1575,0.177828,0.5,9.018540e-02
1600,0.177828,0.5,9.032460e-02
1625,0.177828,0.5,9.048260e-02
1650,0.177828,0.5,9.066150e-02
1675,0.177828,0.5,9.086310e-02
1700,0.177828,0.5,9.108940e-02
1725,0.177828,0.5,9.134250e-02
1750,0.177828,0.5,9.162480e-02
1775,0.177828,0.5,9.193850e-02
1800,0.177828,0.5,9.228610e-02
1825,0.177828,0.5,9.267010e-02
1850,0.177828,0.5,9.309320e-02
1875,0.177828,0.5,9.355800e-02
1900,0.177828,0.5,9.406750e-02
1925,0.177828,0.5,9.462470e-02
1950,0.177828,0.5,9.523240e-02
1975,0.177828,0.5,9.589400e-02
2000,0.177828,0.5,9.661250e-02
2025,0.177828,0.5,9.739140e-02
2050,0.177828,0.5,9.823400e-02
2075,0.177828,0.5,9.914370e-02
2100,0.177828,0.5,1.001240e-01
2125,0.177828,0.5,1.011790e-01
2150,0.177828,0.5,1.023110e-01
2175,0.177828,0.5,1.035250e-01
2200,0.177828,0.5,1.048240e-01
2225,0.177828,0.5,1.062110e-01
2250,0.177828,0.5,1.076900e-01
2275,0.177828,0.5,1.092660e-01
2300,0.177828,0.5,1.109400e-01
2325,0.177828,0.5,1.127170e-01
2350,0.177828,0.5,1.145990e-01
2375,0.177828,0.5,1.165900e-01
2400,0.177828,0.5,1.186940e-01
2425,0.177828,0.5,1.209110e-01
2450,0.177828,0.5,1.232470e-01
2475,0.177828,0.5,1.257020e-01
2500,0.177828,0.5,1.282790e-01
2525,0.177828,0.5,1.309800e-01
2550,0.177828,0.5,1.338080e-01
2575,0.177828,0.5,1.367650e-01
2600,0.177828,0.5,1.398520e-01
2625,0.177828,0.5,1.430720e-01
2650,0.177828,0.5,1.464270e-01
2675,0.177828,0.5,1.499200e-01
2700,0.177828,0.5,1.535540e-01
2725,0.177828,0.5,1.573350e-01
2750,0.177828,0.5,1.612690e-01
2775,0.177828,0.5,1.653650e-01
2800,0.177828,0.5,1.696320e-01
2825,0.177828,0.5,1.740870e-01
2850,0.177828,0.5,1.787500e-01
2875,0.177828,0.5,1.836450e-01
2900,0.177828,0.5,1.888080e-01
2925,0.177828,0.5,1.942820e-01
2950,0.177828,0.5,2.001230e-01
2975,0.177828,0.5,2.064050e-01
3000,0.177828,0.5,2.132190e-01
3025,0.177828,0.5,2.206820e-01
3050,0.177828,0.5,2.289420e-01
3075,0.177828,0.5,2.381820e-01
3100,0.177828,0.5,2.486350e-01
3125,0.177828,0.5,2.605880e-01
3150,0.177828,0.5,2.744030e-01
3175,0.177828,0.5,2.905280e-01
3200,0.177828,0.5,3.095220e-01
3225,0.177828,0.5,3.320820e-01
3250,0.177828,0.5,3.590800e-01
3275,0.177828,0.5,3.916100e-01
3300,0.177828,0.5,4.310540e-01
3325,0.177828,0.5,4.791670e-01
3350,0.177828,0.5,5.382000e-01
3375,0.177828,0.5,6.110710e-01
3400,0.177828,0.5,7.016260e-01
3425,0.177828,0.5,8.150060e-01
3450,0.177828,0.5,9.582440e-01
3475,0.177828,0.5,1.141200e+00
3500,0.177828,0.5,1.378120e+00
3525,0.177828,0.5,1.690380e+00
3550,0.177828,0.5,2.111560e+00
3575,0.177828,0.5,2.697580e+00
3600,0.177828,0.5,3.548880e+00
3625,0.177828,0.5,4.865450e+00
3650,0.177828,0.5,7.109740e+00
3675,0.177828,0.5,1.164150e+01
3700,0.177828,0.5,2.487570e+01
3725,0.177828,0.5,2.000000e+02
3750,0.177828,0.5,2.000000e+02
3775,0.177828,0.5,2.000000e+02
3800,0.177828,0.5,2.000000e+02
3825,0.177828,0.5,2.000000e+02
3850,0.177828,0.5,2.000000e+02
3875,0.177828,0.5,2.000000e+02
3900,0.177828,0.5,2.000000e+02
3925,0.177828,0.5,2.000000e+02
3950,0.177828,0.5,2.000000e+02
3975,0.177828,0.5,2.000000e+02
4000,0.177828,0.5,2.000000e+02
4025,0.177828,0.5,2.000000e+02
4050,0.177828,0.5,2.000000e+02
4075,0.177828,0.5,2.000000e+02
4100,0.177828,0.5,2.000000e+02
4125,0.177828,0.5,2.000000e+02
4150,0.177828,0.5,2.000000e+02
4175,0.177828,0.5,2.000000e+02
4200,0.177828,0.5,2.000000e+02
4225,0.177828,0.5,2.000000e+02
4250,0.177828,0.5,2.000000e+02
4275,0.177828,0.5,2.000000e+02
4300,0.177828,0.5,2.000000e+02
4325,0.177828,0.5,2.000000e+02
4350,0.177828,0.5,2.000000e+02
4375,0.177828,0.5,2.000000e+02
4400,0.177828,0.5,2.000000e+02
4425,0.177828,0.5,2.000000e+02
4450,0.177828,0.5,2.000000e+02
4475,0.177828,0.5,2.000000e+02
4500,0.177828,0.5,2.000000e+02
4525,0.177828,0.5,2.000000e+02
4550,0.177828,0.5,2.000000e+02
4575,0.177828,0.5,2.000000e+02
4600,0.177828,0.5,2.000000e+02
4625,0.177828,0.5,2.000000e+02
4650,0.177828,0.5,2.000000e+02
4675,0.177828,0.5,2.000000e+02
4700,0.177828,0.5,2.000000e+02
4725,0.177828,0.5,2.000000e+02
4750,0.177828,0.5,2.000000e+02
4775,0.177828,0.5,2.000000e+02
4800,0.177828,0.5,2.000000e+02
4825,0.177828,0.5,2.000000e+02
4850,0.177828,0.5,2.000000e+02
4875,0.177828,0.5,2.000000e+02
4900,0.177828,0.5,2.000000e+02
4925,0.177828,0.5,2.000000e+02
4950,0.177828,0.5,2.000000e+02
4975,0.177828,0.5,2.000000e+02
5000,0.177828,0.5,2.000000e+02
300,0.316228,0.5,0.000000e+00
325,0.316228,0.5,0.000000e+00
350,0.316228,0.5,0.000000e+00
375,0.316228,0.5,0.000000e+00
400,0.316228,0.5,0.000000e+00
425,0.316228,0.5,0.000000e+00
450,0.316228,0.5,0.000000e+00
475,0.316228,0.5,0.000000e+00
500,0.316228,0.5,0.000000e+00
525,0.316228,0.5,0.000000e+00
550,0.316228,0.5,0.000000e+00
575,0.316228,0.5,0.000000e+00
600,0.316228,0.5,0.000000e+00
625,0.316228,0.5,0.000000e+00
650,0.316228,0.5,0.000000e+00
675,0.316228,0.5,0.000000e+00
700,0.316228,0.5,0.000000e+00
725,0.316228,0.5,0.000000e+00
750,0.316228,0.5,0.000000e+00
775,0.316228,0.5,0.000000e+00
800,0.316228,0.5,0.000000e+00
825,0.316228,0.5,0.000000e+00
850,0.316228,0.5,0.000000e+00
875,0.316228,0.5,0.000000e+00
900,0.316228,0.5,4.648320e-03
925,0.316228,0.5,2.505770e-02
950,0.316228,0.5,4.303250e-02
975,0.316228,0.5,5.738400e-02
1000,0.316228,0.5,6.795390e-02
1025,0.316228,0.5,7.529610e-02
1050,0.316228,0.5,8.021030e-02
1075,0.316228,0.5,8.343380e-02
1100,0.316228,0.5,8.553050e-02
1125,0.316228,0.5,8.689280e-02
1150,0.316228,0.5,8.778100e-02
1175,0.316228,0.5,8.836380e-02
1200,0.316228,0.5,8.874950e-02
1225,0.316228,0.5,8.900800e-02
1250,0.316228,0.5,8.918420e-02
1275,0.316228,0.5,8.930750e-02
1300,0.316228,0.5,8.939750e-02
1325,0.316228,0.5,8.946720e-02
1350,0.316228,0.5,8.952550e-02
1375,0.316228,0.5,8.957870e-02
1400,0.316228,0.5,8.963150e-02
1425,0.316228,0.5,8.968720e-02
1450,0.316228,0.5,8.974870e-02
1475,0.316228,0.5,8.981810e-02
1500,0.316228,0.5,8.989760e-02
1525,0.316228,0.5,8.998880e-02
1550,0.316228,0.5,9.009380e-02
1575,0.316228,0.5,9.021410e-02
1600,0.316228,0.5,9.035150e-02
1625,0.316228,0.5,9.050790e-02
1650,0.316228,0.5,9.068520e-02
1675,0.316228,0.5,9.088520e-02
1700,0.316228,0.5,9.111010e-02
1725,0.316228,0.5,9.136190e-02
1750,0.316228,0.5,9.164300e-02
1775,0.316228,0.5,9.195560e-02
1800,0.316228,0.5,9.230210e-02
1825,0.316228,0.5,9.268520e-02
1850,0.316228,0.5,9.310740e-02
1875,0.316228,0.5,9.357160e-02
1900,0.316228,0.5,9.408050e-02
1925,0.316228,0.5,9.463720e-02
1950,0.316228,0.5,9.524460e-02
1975,0.316228,0.5,9.590610e-02
2000,0.316228,0.5,9.662470e-02
2025,0.316228,0.5,9.740390e-02
2050,0.316228,0.5,9.824700e-02
2075,0.316228,0.5,9.915760e-02
2100,0.316228,0.5,1.001390e-01
2125,0.316228,0.5,1.011960e-01
2150,0.316228,0.5,1.023300e-01
2175,0.316228,0.5,1.035470e-01
2200,0.316228,0.5,1.048500e-01
2225,0.316228,0.5,1.062420e-01
2250,0.316228,0.5,1.077270e-01
2275,0.316228,0.5,1.093090e-01
2300,0.316228,0.5,1.109920e-01
2325,0.316228,0.5,1.127800e-01
2350,0.316228,0.5,1.146750e-01
2375,0.316228,0.5,1.166820e-01
2400,0.316228,0.5,1.188030e-01
2425,0.316228,0.5,1.210420e-01
2450,0.316228,0.5,1.234020e-01
2475,0.316228,0.5,1.258870e-01
2500,0.316228,0.5,1.284980e-01
2525,0.316228,0.5,1.312390e-01
2550,0.316228,0.5,1.341110e-01
2575,0.316228,0.5,1.371180e-01
2600,0.316228,0.5,1.402620e-01
2625,0.316228,0.5,1.435450e-01
2650,0.316228,0.5,1.469690e-01
2675,0.316228,0.5,1.505370e-01
2700,0.316228,0.5,1.542520e-01
2725,0.316228,0.5,1.581170e-01
2750,0.316228,0.5,1.621360e-01
2775,0.316228,0.5,1.663140e-01
2800,0.316228,0.5,1.706580e-01
2825,0.316228,0.5,1.751750e-01
2850,0.316228,0.5,1.798780e-01
2875,0.316228,0.5,1.847810e-01
2900,0.316228,0.5,1.899010e-01
2925,0.316228,0.5,1.952630e-01
2950,0.316228,0.5,2.008980e-01
2975,0.316228,0.5,2.068450e-01
3000,0.316228,0.5,2.131540e-01
3025,0.316228,0.5,2.198880e-01
3050,0.316228,0.5,2.271260e-01
3075,0.316228,0.5,2.349680e-01
3100,0.316228,0.5,2.435390e-01
3125,0.316228,0.5,2.529910e-01
3150,0.316228,0.5,2.635180e-01
3175,0.316228,0.5,2.753560e-01
3200,0.316228,0.5,2.887980e-01
3225,0.316228,0.5,3.042050e-01
3250,0.316228,0.5,3.220230e-01
3275,0.316228,0.5,3.428050e-01
3300,0.316228,0.5,3.672320e-01
3325,0.316228,0.5,3.961510e-01
3350,0.316228,0.5,4.306190e-01
3375,0.316228,0.5,4.719580e-01
3400,0.316228,0.5,5.218390e-01
3425,0.316228,0.5,5.823910e-01
3450,0.316228,0.5,6.563590e-01
3475,0.316228,0.5,7.473260e-01
3500,0.316228,0.5,8.600530e-01
3525,0.316228,0.5,1.000990e+00
3550,0.316228,0.5,1.179080e+00
3575,0.316228,0.5,1.407090e+00
3600,0.316228,0.5,1.703880e+00
3625,0.316228,0.5,2.098480e+00
3650,0.316228,0.5,2.638080e+00
3675,0.316228,0.5,3.404580e+00
3700,0.316228,0.5,4.553700e+00
3725,0.316228,0.5,6.421310e+00
3750,0.316228,0.5,9.886700e+00
3775,0.316228,0.5,1.819320e+01
3800,0.316228,0.5,6.027150e+01
3825,0.316228,0.5,2.000000e+02
3850,0.316228,0.5,2.000000e+02
3875,0.316228,0.5,2.000000e+02
3900,0.316228,0.5,2.000000e+02
3925,0.316228,0.5,2.000000e+02
3950,0.316228,0.5,2.000000e+02
3975,0.316228,0.5,2.000000e+02
4000,0.316228,0.5,2.000000e+02
4025,0.316228,0.5,2.000000e+02
4050,0.316228,0.5,2.000000e+02
4075,0.316228,0.5,2.000000e+02
4100,0.316228,0.5,2.000000e+02
4125,0.316228,0.5,2.000000e+02
4150,0.316228,0.5,2.000000e+02
4175,0.316228,0.5,2.000000e+02
4200,0.316228,0.5,2.000000e+02
4225,0.316228,0.5,2.000000e+02
4250,0.316228,0.5,2.000000e+02
4275,0.316228,0.5,2.000000e+02
4300,0.316228,0.5,2.000000e+02
4325,0.316228,0.5,2.000000e+02
4350,0.316228,0.5,2.000000e+02
4375,0.316228,0.5,2.000000e+02
4400,0.316228,0.5,2.000000e+02
4425,0.316228,0.5,2.000000e+02
4450,0.316228,0.5,2.000000e+02
4475,0.316228,0.5,2.000000e+02
4500,0.316228,0.5,2.000000e+02
4525,0.316228,0.5,2.000000e+02
4550,0.316228,0.5,2.000000e+02
4575,0.316228,0.5,2.000000e+02
4600,0.316228,0.5,2.000000e+02
4625,0.316228,0.5,2.000000e+02
4650,0.316228,0.5,2.000000e+02
4675,0.316228,0.5,2.000000e+02
4700,0.316228,0.5,2.000000e+02
4725,0.316228,0.5,2.000000e+02
4750,0.316228,0.5,2.000000e+02
4775,0.316228,0.5,2.000000e+02
4800,0.316228,0.5,2.000000e+02
4825,0.316228,0.5,2.000000e+02
4850,0.316228,0.5,2.000000e+02
4875,0.316228,0.5,2.000000e+02
4900,0.316228,0.5,2.000000e+02
4925,0.316228,0.5,2.000000e+02
4950,0.316228,0.5,2.000000e+02
4975,0.316228,0.5,2.000000e+02
5000,0.316228,0.5,2.000000e+02
300,0.562341,0.5,0.000000e+00
325,0.562341,0.5,0.000000e+00
350,0.562341,0.5,0.000000e+00
375,0.562341,0.5,0.000000e+00
400,0.562341,0.5,0.000000e+00
425,0.562341,0.5,0.000000e+00
450,0.562341,0.5,0.000000e+00
475,0.562341,0.5,0.000000e+00
500,0.562341,0.5,0.000000e+00
525,0.562341,0.5,0.000000e+00
550,0.562341,0.5,0.000000e+00
575,0.562341,0.5,0.000000e+00
600,0.562341,0.5,0.000000e+00
625,0.562341,0.5,0.000000e+00
650,0.562341,0.5,0.000000e+00
675,0.562341,0.5,0.000000e+00
700,0.562341,0.5,0.000000e+00
725,0.562341,0.5,0.000000e+00
750,0.562341,0.5,0.000000e+00
775,0.562341,0.5,0.000000e+00
800,0.562341,0.5,0.000000e+00
825,0.562341,0.5,0.000000e+00
850,0.562341,0.5,0.000000e+00
875,0.562341,0.5,0.000000e+00
900,0.562341,0.5,0.000000e+00
925,0.562341,0.5,6.652990e-03
950,0.562341,0.5,2.565610e-02
975,0.562341,0.5,4.258990e-02
1000,0.562341,0.5,5.638250e-02
1025,0.562341,0.5,6.680410e-02
1050,0.562341,0.5,7.424820e-02
1075,0.562341,0.5,7.936870e-02
1100,0.562341,0.5,8.281240e-02
1125,0.562341,0.5,8.510180e-02
1150,0.562341,0.5,8.661710e-02
1175,0.562341,0.5,8.762030e-02
1200,0.562341,0.5,8.828650e-02
1225,0.562341,0.5,8.873150e-02
1250,0.562341,0.5,8.903130e-02
1275,0.562341,0.5,8.923620e-02
1300,0.562341,0.5,8.937940e-02
1325,0.562341,0.5,8.948330e-02
1350,0.562341,0.5,8.956310e-02
1375,0.562341,0.5,8.962930e-02
1400,0.562341,0.5,8.968920e-02
1425,0.562341,0.5,8.974830e-02
1450,0.562341,0.5,8.981050e-02
1475,0.562341,0.5,8.987910e-02
1500,0.562341,0.5,8.995670e-02
1525,0.562341,0.5,9.004550e-02
1550,0.562341,0.5,9.014750e-02
1575,0.562341,0.5,9.026480e-02
1600,0.562341,0.5,9.039930e-02
1625,0.562341,0.5,9.055270e-02
1650,0.562341,0.5,9.072710e-02
1675,0.562341,0.5,9.092450e-02
1700,0.562341,0.5,9.114680e-02
1725,0.562341,0.5,9.139630e-02
1750,0.562341,0.5,9.167510e-02
1775,0.562341,0.5,9.198570e-02
1800,0.562341,0.5,9.233030e-02
1825,0.562341,0.5,9.271170e-02
1850,0.562341,0.5,9.313230e-02
1875,0.562341,0.5,9.359510e-02
1900,0.562341,0.5,9.410270e-02
1925,0.562341,0.5,9.465830e-02
1950,0.562341,0.5,9.526480e-02
1975,0.562341,0.5,9.592550e-02
2000,0.562341,0.5,9.664350e-02
2025,0.562341,0.5,9.742230e-02
2050,0.562341,0.5,9.826540e-02
2075,0.562341,0.5,9.917610e-02
2100,0.562341,0.5,1.001580e-01
2125,0.562341,0.5,1.012160e-01
2150,0.562341,0.5,1.023510e-01
2175,0.562341,0.5,1.035700e-01
2200,0.562341,0.5,1.048750e-01
2225,0.562341,0.5,1.062700e-01
2250,0.562341,0.5,1.077600e-01
2275,0.562341,0.5,1.093470e-01
2300,0.562341,0.5,1.110370e-01
2325,0.562341,0.5,1.128320e-01
2350,0.562341,0.5,1.147360e-01
2375,0.562341,0.5,1.167540e-01
2400,0.562341,0.5,1.188890e-01
2425,0.562341,0.5,1.211440e-01
2450,0.562341,0.5,1.235240e-01
2475,0.562341,0.5,1.260300e-01
2500,0.562341,0.5,1.286670e-01
2525,0.562341,0.5,1.314370e-01
2550,0.562341,0.5,1.343440e-01
2575,0.562341,0.5,1.373900e-01
2600,0.562341,0.5,1.405780e-01
2625,0.562341,0.5,1.439110e-01
2650,0.562341,0.5,1.473900e-01
2675,0.562341,0.5,1.510200e-01
2700,0.562341,0.5,1.548010e-01
2725,0.562341,0.5,1.587370e-01
2750,0.562341,0.5,1.628320e-01
2775,0.562341,0.5,1.670870e-01
2800,0.562341,0.5,1.715090e-01
2825,0.562341,0.5,1.761020e-01
2850,0.562341,0.5,1.808730e-01
2875,0.562341,0.5,1.858290e-01
2900,0.562341,0.5,1.909820e-01
2925,0.562341,0.5,1.963450e-01
2950,0.562341,0.5,2.019350e-01
2975,0.562341,0.5,2.077740e-01
3000,0.562341,0.5,2.138880e-01
3025,0.562341,0.5,2.203140e-01
3050,0.562341,0.5,2.270940e-01
3075,0.562341,0.5,2.342820e-01
3100,0.562341,0.5,2.419470e-01
3125,0.562341,0.5,2.501710e-01
3150,0.562341,0.5,2.590590e-01
3175,0.562341,0.5,2.687380e-01
3200,0.562341,0.5,2.793640e-01
3225,0.562341,0.5,2.911300e-01
3250,0.562341,0.5,3.042720e-01
3275,0.562341,0.5,3.190760e-01
3300,0.562341,0.5,3.358970e-01
3325,0.562341,0.5,3.551630e-01
3350,0.562341,0.5,3.774040e-01
3375,0.562341,0.5,4.032680e-01
3400,0.562341,0.5,4.335530e-01
3425,0.562341,0.5,4.692480e-01
3450,0.562341,0.5,5.115830e-01
3475,0.562341,0.5,5.620970e-01
3500,0.562341,0.5,6.227410e-01
3525,0.562341,0.5,6.960040e-01
3550,0.562341,0.5,7.851100e-01
3575,0.562341,0.5,8.943000e-01
3600,0.562341,0.5,1.029250e+00
3625,0.562341,0.5,1.197720e+00
3650,0.562341,0.5,1.410640e+00
3675,0.562341,0.5,1.683790e+00
3700,0.562341,0.5,2.040930e+00
3725,0.562341,0.5,2.519500e+00
3750,0.562341,0.5,3.181950e+00
3775,0.562341,0.5,4.140840e+00
3800,0.562341,0.5,5.620900e+00
3825,0.562341,0.5,8.143710e+00
3850,0.562341,0.5,1.325030e+01
3875,0.562341,0.5,2.827660e+01
3900,0.562341,0.5,2.000000e+02
3925,0.562341,0.5,2.000000e+02
3950,0.562341,0.5,2.000000e+02
3975,0.562341,0.5,2.000000e+02
4000,0.562341,0.5,2.000000e+02
4025,0.562341,0.5,2.000000e+02
4050,0.562341,0.5,2.000000e+02
4075,0.562341,0.5,2.000000e+02
4100,0.562341,0.5,2.000000e+02
4125,0.562341,0.5,2.000000e+02
4150,0.562341,0.5,2.000000e+02
4175,0.562341,0.5,2.000000e+02
4200,0.562341,0.5,2.000000e+02
4225,0.562341,0.5,2.000000e+02
4250,0.562341,0.5,2.000000e+02
4275,0.562341,0.5,2.000000e+02
4300,0.562341,0.5,2.000000e+02
4325,0.562341,0.5,2.000000e+02
4350,0.562341,0.5,2.000000e+02
4375,0.562341,0.5,2.000000e+02
4400,0.562341,0.5,2.000000e+02
4425,0.562341,0.5,2.000000e+02
4450,0.562341,0.5,2.000000e+02
4475,0.562341,0.5,2.000000e+02
4500,0.562341,0.5,2.000000e+02
4525,0.562341,0.5,2.000000e+02
4550,0.562341,0.5,2.000000e+02
4575,0.562341,0.5,2.000000e+02
4600,0.562341,0.5,2.000000e+02
4625,0.562341,0.5,2.000000e+02
4650,0.562341,0.5,2.000000e+02
4675,0.562341,0.5,2.000000e+02
4700,0.562341,0.5,2.000000e+02
4725,0.562341,0.5,2.000000e+02
4750,0.562341,0.5,2.000000e+02
4775,0.562341,0.5,2.000000e+02
4800,0.562341,0.5,2.000000e+02
4825,0.562341,0.5,2.000000e+02
4850,0.562341,0.5,2.000000e+02
4875,0.562341,0.5,2.000000e+02
4900,0.562341,0.5,2.000000e+02
4925,0.562341,0.5,2.000000e+02
4950,0.562341,0.5,2.000000e+02
4975,0.562341,0.5,2.000000e+02
5000,0.562341,0.5,2.000000e+02
300,1,0.5,0.000000e+00
325,1,0.5,0.000000e+00
350,1,0.5,0.000000e+00
375,1,0.5,0.000000e+00
400,1,0.5,0.000000e+00
425,1,0.5,0.000000e+00
450,1,0.5,0.000000e+00
475,1,0.5,0.000000e+00
500,1,0.5,0.000000e+00
525,1,0.5,0.000000e+00
550,1,0.5,0.000000e+00
575,1,0.5,0.000000e+00
600,1,0.5,0.000000e+00
625,1,0.5,0.000000e+00
650,1,0.5,0.000000e+00
675,1,0.5,0.000000e+00
700,1,0.5,0.000000e+00
725,1,0.5,0.000000e+00
750,1,0.5,0.000000e+00
775,1,0.5,0.000000e+00
800,1,0.5,0.000000e+00
825,1,0.5,0.000000e+00
850,1,0.5,0.000000e+00
875,1,0.5,0.000000e+00
900,1,0.5,0.000000e+00
925,1,0.5,0.000000e+00
950,1,0.5,8.218910e-03
975,1,0.5,2.585260e-02
1000,1,0.5,4.181560e-02
1025,1,0.5,5.511950e-02
1050,1,0.5,6.545270e-02
1075,1,0.5,7.305090e-02
1100,1,0.5,7.842480e-02
1125,1,0.5,8.213070e-02
1150,1,0.5,8.464800e-02
1175,1,0.5,8.634420e-02
1200,1,0.5,8.748310e-02
1225,1,0.5,8.824760e-02
1250,1,0.5,8.876160e-02
1275,1,0.5,8.910900e-02
1300,1,0.5,8.934600e-02
1325,1,0.5,8.951060e-02
1350,1,0.5,8.962870e-02
1375,1,0.5,8.971800e-02
1400,1,0.5,8.979080e-02
1425,1,0.5,8.985590e-02
1450,1,0.5,8.991970e-02
1475,1,0.5,8.998700e-02
1500,1,0.5,9.006130e-02
1525,1,0.5,9.014570e-02
1550,1,0.5,9.024280e-02
1575,1,0.5,9.035490e-02
1600,1,0.5,9.048400e-02
1625,1,0.5,9.063230e-02
1650,1,0.5,9.080160e-02
1675,1,0.5,9.099420e-02
1700,1,0.5,9.121200e-02
1725,1,0.5,9.145720e-02
1750,1,0.5,9.173210e-02
1775,1,0.5,9.203900e-02
1800,1,0.5,9.238020e-02
1825,1,0.5,9.275840e-02
1850,1,0.5,9.317620e-02
1875,1,0.5,9.363630e-02
1900,1,0.5,9.414150e-02
1925,1,0.5,9.469490e-02
1950,1,0.5,9.529950e-02
1975,1,0.5,9.595840e-02
2000,1,0.5,9.667490e-02
2025,1,0.5,9.745250e-02
2050,1,0.5,9.829450e-02
2075,1,0.5,9.920450e-02
2100,1,0.5,1.001860e-01
2125,1,0.5,1.012430e-01
2150,1,0.5,1.023800e-01
2175,1,0.5,1.035990e-01
2200,1,0.5,1.049050e-01
2225,1,0.5,1.063020e-01
2250,1,0.5,1.077940e-01
2275,1,0.5,1.093850e-01
2300,1,0.5,1.110790e-01
2325,1,0.5,1.128790e-01
2350,1,0.5,1.147900e-01
2375,1,0.5,1.168160e-01
2400,1,0.5,1.189610e-01
2425,1,0.5,1.212280e-01
2450,1,0.5,1.236210e-01
2475,1,0.5,1.261440e-01
2500,1,0.5,1.288000e-01
2525,1,0.5,1.315930e-01
2550,1,0.5,1.345260e-01
2575,1,0.5,1.376020e-01
2600,1,0.5,1.408240e-01
2625,1,0.5,1.441950e-01
2650,1,0.5,1.477170e-01
2675,1,0.5,1.513950e-01
2700,1,0.5,1.552290e-01
2725,1,0.5,1.592240e-01
2750,1,0.5,1.633810e-01
2775,1,0.5,1.677030e-01
2800,1,0.5,1.721950e-01
2825,1,0.5,1.768590e-01
2850,1,0.5,1.817000e-01
2875,1,0.5,1.867240e-01
2900,1,0.5,1.919360e-01
2925,1,0.5,1.973440e-01
2950,1,0.5,2.029590e-01
2975,1,0.5,2.087930e-01
3000,1,0.5,2.148610e-01
3025,1,0.5,2.211820e-01
3050,1,0.5,2.277820e-01
3075,1,0.5,2.346890e-01
3100,1,0.5,2.419420e-01
3125,1,0.5,2.495860e-01
3150,1,0.5,2.576790e-01
3175,1,0.5,2.662890e-01
3200,1,0.5,2.755030e-01
3225,1,0.5,2.854240e-01
3250,1,0.5,2.961800e-01
3275,1,0.5,3.079240e-01
3300,1,0.5,3.208440e-01
3325,1,0.5,3.351670e-01
3350,1,0.5,3.511690e-01
3375,1,0.5,3.691820e-01
3400,1,0.5,3.896110e-01
3425,1,0.5,4.129500e-01
3450,1,0.5,4.397960e-01
3475,1,0.5,4.708820e-01
3500,1,0.5,5.071070e-01
3525,1,0.5,5.495820e-01
3550,1,0.5,5.996840e-01
3575,1,0.5,6.591430e-01
3600,1,0.5,7.301460e-01
3625,1,0.5,8.154970e-01
3650,1,0.5,9.188370e-01
3675,1,0.5,1.044980e+00
3700,1,0.5,1.200400e+00
3725,1,0.5,1.394020e+00
3750,1,0.5,1.638510e+00
3775,1,0.5,1.952370e+00
3800,1,0.5,2.363780e+00
3825,1,0.5,2.917830e+00
3850,1,0.5,3.691260e+00
3875,1,0.5,4.825910e+00
3900,1,0.5,6.615400e+00
3925,1,0.5,9.779170e+00
3950,1,0.5,1.665580e+01
3975,1,0.5,4.133060e+01
4000,1,0.5,2.000000e+02
4025,1,0.5,2.000000e+02
4050,1,0.5,2.000000e+02
4075,1,0.5,2.000000e+02
4100,1,0.5,2.000000e+02
4125,1,0.5,2.000000e+02
4150,1,0.5,2.000000e+02
4175,1,0.5,2.000000e+02
4200,1,0.5,2.000000e+02
4225,1,0.5,2.000000e+02
4250,1,0.5,2.000000e+02
4275,1,0.5,2.000000e+02
4300,1,0.5,2.000000e+02
4325,1,0.5,2.000000e+02
4350,1,0.5,2.000000e+02
4375,1,0.5,2.000000e+02
4400,1,0.5,2.000000e+02
4425,1,0.5,2.000000e+02
4450,1,0.5,2.000000e+02
4475,1,0.5,2.000000e+02
4500,1,0.5,2.000000e+02
4525,1,0.5,2.000000e+02
4550,1,0.5,2.000000e+02
4575,1,0.5,2.000000e+02
4600,1,0.5,2.000000e+02
4625,1,0.5,2.000000e+02
4650,1,0.5,2.000000e+02
4675,1,0.5,2.000000e+02
4700,1,0.5,2.000000e+02
4725,1,0.5,2.000000e+02
4750,1,0.5,2.000000e+02
4775,1,0.5,2.000000e+02
4800,1,0.5,2.000000e+02
4825,1,0.5,2.000000e+02
4850,1,0.5,2.000000e+02
4875,1,0.5,2.000000e+02
4900,1,0.5,2.000000e+02
4925,1,0.5,2.000000e+02
4950,1,0.5,2.000000e+02
4975,1,0.5,2.000000e+02
5000,1,0.5,2.000000e+02
300,1.77828,0.5,0.000000e+00
325,1.77828,0.5,0.000000e+00
350,1.77828,0.5,0.000000e+00
375,1.77828,0.5,0.000000e+00
400,1.77828,0.5,0.000000e+00
425,1.77828,0.5,0.000000e+00
450,1.77828,0.5,0.000000e+00
475,1.77828,0.5,0.000000e+00
500,1.77828,0.5,0.000000e+00
525,1.77828,0.5,0.000000e+00
550,1.77828,0.5,0.000000e+00
575,1.77828,0.5,0.000000e+00
600,1.77828,0.5,0.000000e+00
625,1.77828,0.5,0.000000e+00
650,1.77828,0.5,0.000000e+00
675,1.77828,0.5,0.000000e+00
700,1.77828,0.5,0.000000e+00
725,1.77828,0.5,0.000000e+00
750,1.77828,0.5,0.000000e+00
775,1.77828,0.5,0.000000e+00
800,1.77828,0.5,0.000000e+00
825,1.77828,0.5,0.000000e+00
850,1.77828,0.5,0.000000e+00
875,1.77828,0.5,0.000000e+00
900,1.77828,0.5,0.000000e+00
925,1.77828,0.5,0.000000e+00
950,1.77828,0.5,0.000000e+00
975,1.77828,0.5,9.589020e-03
1000,1.77828,0.5,2.587930e-02
1025,1.77828,0.5,4.089970e-02
1050,1.77828,0.5,5.373420e-02
1075,1.77828,0.5,6.399570e-02
1100,1.77828,0.5,7.177070e-02
1125,1.77828,0.5,7.742870e-02
1150,1.77828,0.5,8.143110e-02
1175,1.77828,0.5,8.420930e-02
1200,1.77828,0.5,8.611430e-02
1225,1.77828,0.5,8.741080e-02
1250,1.77828,0.5,8.828890e-02
1275,1.77828,0.5,8.888220e-02
1300,1.77828,0.5,8.928290e-02
1325,1.77828,0.5,8.955450e-02
1350,1.77828,0.5,8.974080e-02
1375,1.77828,0.5,8.987160e-02
1400,1.77828,0.5,8.996800e-02
1425,1.77828,0.5,9.004450e-02
1450,1.77828,0.5,9.011160e-02
1475,1.77828,0.5,9.017680e-02
1500,1.77828,0.5,9.024580e-02
1525,1.77828,0.5,9.032280e-02
1550,1.77828,0.5,9.041130e-02
1575,1.77828,0.5,9.051420e-02
1600,1.77828,0.5,9.063400e-02
1625,1.77828,0.5,9.077310e-02
1650,1.77828,0.5,9.093360e-02
1675,1.77828,0.5,9.111770e-02
1700,1.77828,0.5,9.132750e-02
1725,1.77828,0.5,9.156530e-02
1750,1.77828,0.5,9.183310e-02
1775,1.77828,0.5,9.213350e-02
1800,1.77828,0.5,9.246870e-02
1825,1.77828,0.5,9.284130e-02
1850,1.77828,0.5,9.325390e-02
1875,1.77828,0.5,9.370920e-02
1900,1.77828,0.5,9.421000e-02
1925,1.77828,0.5,9.475930e-02
1950,1.77828,0.5,9.536020e-02
1975,1.77828,0.5,9.601570e-02
2000,1.77828,0.5,9.672920e-02
2025,1.77828,0.5,9.750400e-02
2050,1.77828,0.5,9.834350e-02
2075,1.77828,0.5,9.925140e-02
2100,1.77828,0.5,1.002310e-01
2125,1.77828,0.5,1.012870e-01
2150,1.77828,0.5,1.024220e-01
2175,1.77828,0.5,1.036410e-01
2200,1.77828,0.5,1.049470e-01
2225,1.77828,0.5,1.063440e-01
2250,1.77828,0.5,1.078370e-01
2275,1.77828,0.5,1.094300e-01
2300,1.77828,0.5,1.111260e-01
2325,1.77828,0.5,1.129290e-01
2350,1.77828,0.5,1.148450e-01
2375,1.77828,0.5,1.168760e-01
2400,1.77828,0.5,1.190280e-01
2425,1.77828,0.5,1.213030e-01
2450,1.77828,0.5,1.237060e-01
2475,1.77828,0.5,1.262410e-01
2500,1.77828,0.5,1.289110e-01
2525,1.77828,0.5,1.317200e-01
2550,1.77828,0.5,1.346720e-01
2575,1.77828,0.5,1.377700e-01
2600,1.77828,0.5,1.410180e-01
2625,1.77828,0.5,1.444180e-01
2650,1.77828,0.5,1.479730e-01
2675,1.77828,0.5,1.516880e-01
2700,1.77828,0.5,1.555640e-01
2725,1.77828,0.5,1.596040e-01
2750,1.77828,0.5,1.638110e-01
2775,1.77828,0.5,1.681880e-01
2800,1.77828,0.5,1.727380e-01
2825,1.77828,0.5,1.774640e-01
2850,1.77828,0.5,1.823690e-01
2875,1.77828,0.5,1.874560e-01
2900,1.77828,0.5,1.927310e-01
2925,1.77828,0.5,1.981980e-01
2950,1.77828,0.5,2.038630e-01
2975,1.77828,0.5,2.097340e-01
3000,1.77828,0.5,2.158200e-01
3025,1.77828,0.5,2.221320e-01
3050,1.77828,0.5,2.286840e-01
3075,1.77828,0.5,2.354920e-01
3100,1.77828,0.5,2.425790e-01
3125,1.77828,0.5,2.499690e-01
3150,1.77828,0.5,2.576950e-01
3175,1.77828,0.5,2.657940e-01
3200,1.77828,0.5,2.743150e-01
3225,1.77828,0.5,2.833150e-01
3250,1.77828,0.5,2.928630e-01
3275,1.77828,0.5,3.030430e-01
3300,1.77828,0.5,3.139570e-01
3325,1.77828,0.5,3.257290e-01
3350,1.77828,0.5,3.385050e-01
3375,1.77828,0.5,3.524620e-01
3400,1.77828,0.5,3.678150e-01
3425,1.77828,0.5,3.848190e-01
3450,1.77828,0.5,4.037810e-01
3475,1.77828,0.5,4.250740e-01
3500,1.77828,0.5,4.491420e-01
3525,1.77828,0.5,4.765260e-01
3550,1.77828,0.5,5.078800e-01
3575,1.77828,0.5,5.440000e-01
3600,1.77828,0.5,5.858600e-01
3625,1.77828,0.5,6.346620e-01
3650,1.77828,0.5,6.918940e-01
3675,1.77828,0.5,7.594230e-01
3700,1.77828,0.5,8.396090e-01
3725,1.77828,0.5,9.354820e-01
3750,1.77828,0.5,1.050980e+00
3775,1.77828,0.5,1.191320e+00
3800,1.77828,0.5,1.363550e+00
3825,1.77828,0.5,1.577400e+00
3850,1.77828,0.5,1.846710e+00
3875,1.77828,0.5,2.191860e+00
3900,1.77828,0.5,2.644000e+00
3925,1.77828,0.5,3.253320e+00
3950,1.77828,0.5,4.105970e+00
3975,1.77828,0.5,5.362940e+00
4000,1.77828,0.5,7.362660e+00
4025,1.77828,0.5,1.095410e+01
4050,1.77828,0.5,1.901680e+01
4075,1.77828,0.5,5.104980e+01
4100,1.77828,0.5,2.000000e+02
4125,1.77828,0.5,2.000000e+02
4150,1.77828,0.5,2.000000e+02
4175,1.77828,0.5,2.000000e+02
4200,1.77828,0.5,2.000000e+02
4225,1.77828,0.5,2.000000e+02
4250,1.77828,0.5,2.000000e+02
4275,1.77828,0.5,2.000000e+02
4300,1.77828,0.5,2.000000e+02
4325,1.77828,0.5,2.000000e+02
4350,1.77828,0.5,2.000000e+02
4375,1.77828,0.5,2.000000e+02
4400,1.77828,0.5,2.000000e+02
4425,1.77828,0.5,2.000000e+02
4450,1.77828,0.5,2.000000e+02
4475,1.77828,0.5,2.000000e+02
4500,1.77828,0.5,2.000000e+02
4525,1.77828,0.5,2.000000e+02
4550,1.77828,0.5,2.000000e+02
4575,1.77828,0.5,2.000000e+02
4600,1.77828,0.5,2.000000e+02
4625,1.77828,0.5,2.000000e+02
4650,1.77828,0.5,2.000000e+02
4675,1.77828,0.5,2.000000e+02
4700,1.77828,0.5,2.000000e+02
4725,1.77828,0.5,2.000000e+02
4750,1.77828,0.5,2.000000e+02
4775,1.77828,0.5,2.000000e+02
4800,1.77828,0.5,2.000000e+02
4825,1.77828,0.5,2.000000e+02
4850,1.77828,0.5,2.000000e+02
4875,1.77828,0.5,2.000000e+02
4900,1.77828,0.5,2.000000e+02
4925,1.77828,0.5,2.000000e+02
4950,1.77828,0.5,2.000000e+02
4975,1.77828,0.5,2.000000e+02
5000,1.77828,0.5,2.000000e+02
300,3.16228,0.5,0.000000e+00
325,3.16228,0.5,0.000000e+00
350,3.16228,0.5,0.000000e+00
375,3.16228,0.5,0.000000e+00
400,3.16228,0.5,0.000000e+00
425,3.16228,0.5,0.000000e+00
450,3.16228,0.5,0.000000e+00
475,3.16228,0.5,0.000000e+00
500,3.16228,0.5,0.000000e+00
525,3.16228,0.5,0.000000e+00
550,3.16228,0.5,0.000000e+00
575,3.16228,0.5,0.000000e+00
600,3.16228,0.5,0.000000e+00
625,3.16228,0.5,0.000000e+00
650,3.16228,0.5,0.000000e+00
675,3.16228,0.5,0.000000e+00
700,3.16228,0.5,0.000000e+00
725,3.16228,0.5,0.000000e+00
750,3.16228,0.5,0.000000e+00
775,3.16228,0.5,0.000000e+00
800,3.16228,0.5,0.000000e+00
825,3.16228,0.5,0.000000e+00
850,3.16228,0.5,0.000000e+00
875,3.16228,0.5,0.000000e+00
900,3.16228,0.5,0.000000e+00
925,3.16228,0.5,0.000000e+00
950,3.16228,0.5,0.000000e+00
975,3.16228,0.5,0.000000e+00
1000,3.16228,0.5,1.098810e-02
1025,3.16228,0.5,2.596200e-02
1050,3.16228,0.5,4.004220e-02
1075,3.16228,0.5,5.238930e-02
1100,3.16228,0.5,6.255900e-02
1125,3.16228,0.5,7.050490e-02
1150,3.16228,0.5,7.645920e-02
1175,3.16228,0.5,8.078290e-02
1200,3.16228,0.5,8.385120e-02
1225,3.16228,0.5,8.599270e-02
1250,3.16228,0.5,8.746910e-02
1275,3.16228,0.5,8.847710e-02
1300,3.16228,0.5,8.915970e-02
1325,3.16228,0.5,8.961900e-02
1350,3.16228,0.5,8.992660e-02
1375,3.16228,0.5,9.013270e-02
1400,3.16228,0.5,9.027260e-02
1425,3.16228,0.5,9.037110e-02
1450,3.16228,0.5,9.044560e-02
1475,3.16228,0.5,9.050850e-02
1500,3.16228,0.5,9.056890e-02
1525,3.16228,0.5,9.063360e-02
1550,3.16228,0.5,9.070750e-02
1575,3.16228,0.5,9.079480e-02
1600,3.16228,0.5,9.089860e-02
1625,3.16228,0.5,9.102180e-02
1650,3.16228,0.5,9.116680e-02
1675,3.16228,0.5,9.133620e-02
1700,3.16228,0.5,9.153200e-02
1725,3.16228,0.5,9.175650e-02
1750,3.16228,0.5,9.201200e-02
1775,3.16228,0.5,9.230080e-02
1800,3.16228,0.5,9.262530e-02
1825,3.16228,0.5,9.298800e-02
1850,3.16228,0.5,9.339140e-02
1875,3.16228,0.5,9.383810e-02
1900,3.16228,0.5,9.433110e-02
1925,3.16228,0.5,9.487310e-02
1950,3.16228,0.5,9.546720e-02
1975,3.16228,0.5,9.611650e-02
2000,3.16228,0.5,9.682430e-02
2025,3.16228,0.5,9.759390e-02
2050,3.16228,0.5,9.842870e-02
2075,3.16228,0.5,9.933230e-02
2100,3.16228,0.5,1.003080e-01
2125,3.16228,0.5,1.013600e-01
2150,3.16228,0.5,1.024930e-01
2175,3.16228,0.5,1.037090e-01
2200,3.16228,0.5,1.050130e-01
2225,3.16228,0.5,1.064090e-01
2250,3.16228,0.5,1.079000e-01
2275,3.16228,0.5,1.094920e-01
2300,3.16228,0.5,1.111890e-01
2325,3.16228,0.5,1.129930e-01
2350,3.16228,0.5,1.149110e-01
2375,3.16228,0.5,1.169450e-01
2400,3.16228,0.5,1.191000e-01
2425,3.16228,0.5,1.213800e-01
2450,3.16228,0.5,1.237890e-01
2475,3.16228,0.5,1.263320e-01
2500,3.16228,0.5,1.290120e-01
2525,3.16228,0.5,1.318330e-01
2550,3.16228,0.5,1.347980e-01
2575,3.16228,0.5,1.379120e-01
2600,3.16228,0.5,1.411780e-01
2625,3.16228,0.5,1.446000e-01
2650,3.16228,0.5,1.481800e-01
2675,3.16228,0.5,1.519230e-01
2700,3.16228,0.5,1.558300e-01
2725,3.16228,0.5,1.599050e-01
2750,3.16228,0.5,1.641520e-01
2775,3.16228,0.5,1.685710e-01
2800,3.16228,0.5,1.731680e-01
2825,3.16228,0.5,1.779440e-01
2850,3.16228,0.5,1.829020e-01
2875,3.16228,0.5,1.880450e-01
2900,3.16228,0.5,1.933760e-01
2925,3.16228,0.5,1.989000e-01
2950,3.16228,0.5,2.046200e-01
2975,3.16228,0.5,2.105410e-01
3000,3.16228,0.5,2.166680e-01
3025,3.16228,0.5,2.230100e-01
3050,3.16228,0.5,2.295720e-01
3075,3.16228,0.5,2.363670e-01
3100,3.16228,0.5,2.434050e-01
3125,3.16228,0.5,2.507010e-01
3150,3.16228,0.5,2.582740e-01
3175,3.16228,0.5,2.661450e-01
3200,3.16228,0.5,2.743410e-01
3225,3.16228,0.5,2.828940e-01
3250,3.16228,0.5,2.918420e-01
3275,3.16228,0.5,3.012320e-01
3300,3.16228,0.5,3.111200e-01
3325,3.16228,0.5,3.215740e-01
3350,3.16228,0.5,3.326750e-01
3375,3.16228,0.5,3.445190e-01
3400,3.16228,0.5,3.572200e-01
3425,3.16228,0.5,3.709180e-01
3450,3.16228,0.5,3.857750e-01
3475,3.16228,0.5,4.019860e-01
3500,3.16228,0.5,4.197840e-01
3525,3.16228,0.5,4.394470e-01
3550,3.16228,0.5,4.613060e-01
3575,3.16228,0.5,4.857550e-01
3600,3.16228,0.5,5.132690e-01
3625,3.16228,0.5,5.444190e-01
3650,3.16228,0.5,5.798930e-01
3675,3.16228,0.5,6.205240e-01
3700,3.16228,0.5,6.673330e-01
3725,3.16228,0.5,7.215680e-01
3750,3.16228,0.5,7.847790e-01
3775,3.16228,0.5,8.589020e-01
3800,3.16228,0.5,9.463830e-01
3825,3.16228,0.5,1.050360e+00
3850,3.16228,0.5,1.174890e+00
3875,3.16228,0.5,1.325370e+00
3900,3.16228,0.5,1.509070e+00
3925,3.16228,0.5,1.736000e+00
3950,3.16228,0.5,2.020400e+00
3975,3.16228,0.5,2.383170e+00
4000,3.16228,0.5,2.856220e+00
4025,3.16228,0.5,3.490760e+00
4050,3.16228,0.5,4.374340e+00
4075,3.16228,0.5,5.669520e+00
4100,3.16228,0.5,7.715050e+00
4125,3.16228,0.5,1.134840e+01
4150,3.16228,0.5,1.933240e+01
4175,3.16228,0.5,4.894210e+01
4200,3.16228,0.5,2.000000e+02
4225,3.16228,0.5,2.000000e+02
4250,3.16228,0.5,2.000000e+02
4275,3.16228,0.5,2.000000e+02
4300,3.16228,0.5,2.000000e+02
4325,3.16228,0.5,2.000000e+02
4350,3.16228,0.5,2.000000e+02
4375,3.16228,0.5,2.000000e+02
4400,3.16228,0.5,2.000000e+02
4425,3.16228,0.5,2.000000e+02
4450,3.16228,0.5,2.000000e+02
4475,3.16228,0.5,2.000000e+02
4500,3.16228,0.5,2.000000e+02
4525,3.16228,0.5,2.000000e+02
4550,3.16228,0.5,2.000000e+02
4575,3.16228,0.5,2.000000e+02
4600,3.16228,0.5,2.000000e+02
4625,3.16228,0.5,2.000000e+02
4650,3.16228,0.5,2.000000e+02
4675,3.16228,0.5,2.000000e+02
4700,3.16228,0.5,2.000000e+02
4725,3.16228,0.5,2.000000e+02
4750,3.16228,0.5,2.000000e+02
4775,3.16228,0.5,2.000000e+02
4800,3.16228,0.5,2.000000e+02
4825,3.16228,0.5,2.000000e+02
4850,3.16228,0.5,2.000000e+02
4875,3.16228,0.5,2.000000e+02
4900,3.16228,0.5,2.000000e+02
4925,3.16228,0.5,2.000000e+02
4950,3.16228,0.5,2.000000e+02
4975,3.16228,0.5,2.000000e+02
5000,3.16228,0.5,2.000000e+02
300,5.62341,0.5,0.000000e+00
325,5.62341,0.5,0.000000e+00
350,5.62341,0.5,0.000000e+00
375,5.62341,0.5,0.000000e+00
400,5.62341,0.5,0.000000e+00
425,5.62341,0.5,0.000000e+00
450,5.62341,0.5,0.000000e+00
475,5.62341,0.5,0.000000e+00
500,5.62341,0.5,0.000000e+00
525,5.62341,0.5,0.000000e+00
550,5.62341,0.5,0.000000e+00
575,5.62341,0.5,0.000000e+00
600,5.62341,0.5,0.000000e+00
625,5.62341,0.5,0.000000e+00
650,5.62341,0.5,0.000000e+00
675,5.62341,0.5,0.000000e+00
700,5.62341,0.5,0.000000e+00
725,5.62341,0.5,0.000000e+00
750,5.62341,0.5,0.000000e+00
775,5.62341,0.5,0.000000e+00
800,5.62341,0.5,0.000000e+00
825,5.62341,0.5,0.000000e+00
850,5.62341,0.5,0.000000e+00
875,5.62341,0.5,0.000000e+00
900,5.62341,0.5,0.000000e+00
925,5.62341,0.5,0.000000e+00
950,5.62341,0.5,0.000000e+00
975,5.62341,0.5,0.000000e+00
1000,5.62341,0.5,0.000000e+00
1025,5.62341,0.5,1.259500e-02
1050,5.62341,0.5,2.629640e-02
1075,5.62341,0.5,3.943510e-02
1100,5.62341,0.5,5.125810e-02
1125,5.62341,0.5,6.129100e-02
1150,5.62341,0.5,6.937830e-02
1175,5.62341,0.5,7.562380e-02
1200,5.62341,0.5,8.028380e-02
1225,5.62341,0.5,8.366820e-02
1250,5.62341,0.5,8.607420e-02
1275,5.62341,0.5,8.775490e-02
1300,5.62341,0.5,8.891090e-02
1325,5.62341,0.5,8.969430e-02
1350,5.62341,0.5,9.021720e-02
1375,5.62341,0.5,9.056070e-02
1400,5.62341,0.5,9.078280e-02
1425,5.62341,0.5,9.092520e-02
1450,5.62341,0.5,9.101720e-02
1475,5.62341,0.5,9.108000e-02
1500,5.62341,0.5,9.112860e-02
1525,5.62341,0.5,9.117390e-02
1550,5.62341,0.5,9.122420e-02
1575,5.62341,0.5,9.128530e-02
1600,5.62341,0.5,9.136210e-02
1625,5.62341,0.5,9.145820e-02
1650,5.62341,0.5,9.157680e-02
1675,5.62341,0.5,9.172060e-02
1700,5.62341,0.5,9.189220e-02
1725,5.62341,0.5,9.209380e-02
1750,5.62341,0.5,9.232780e-02
1775,5.62341,0.5,9.259650e-02
1800,5.62341,0.5,9.290220e-02
1825,5.62341,0.5,9.324740e-02
1850,5.62341,0.5,9.363450e-02
1875,5.62341,0.5,9.406620e-02
1900,5.62341,0.5,9.454520e-02
1925,5.62341,0.5,9.507430e-02
1950,5.62341,0.5,9.565650e-02
1975,5.62341,0.5,9.629470e-02
2000,5.62341,0.5,9.699220e-02
2025,5.62341,0.5,9.775220e-02
2050,5.62341,0.5,9.857830e-02
2075,5.62341,0.5,9.947380e-02
2100,5.62341,0.5,1.004420e-01
2125,5.62341,0.5,1.014880e-01
2150,5.62341,0.5,1.026140e-01
2175,5.62341,0.5,1.038240e-01
2200,5.62341,0.5,1.051230e-01
2225,5.62341,0.5,1.065140e-01
2250,5.62341,0.5,1.080020e-01
2275,5.62341,0.5,1.095910e-01
2300,5.62341,0.5,1.112850e-01
2325,5.62341,0.5,1.130880e-01
2350,5.62341,0.5,1.150040e-01
2375,5.62341,0.5,1.170380e-01
2400,5.62341,0.5,1.191940e-01
2425,5.62341,0.5,1.214760e-01
2450,5.62341,0.5,1.238880e-01
2475,5.62341,0.5,1.264340e-01
2500,5.62341,0.5,1.291200e-01
2525,5.62341,0.5,1.319470e-01
2550,5.62341,0.5,1.349220e-01
2575,5.62341,0.5,1.380460e-01
2600,5.62341,0.5,1.413250e-01
2625,5.62341,0.5,1.447620e-01
2650,5.62341,0.5,1.483590e-01
2675,5.62341,0.5,1.521220e-01
2700,5.62341,0.5,1.560520e-01
2725,5.62341,0.5,1.601530e-01
2750,5.62341,0.5,1.644290e-01
2775,5.62341,0.5,1.688810e-01
2800,5.62341,0.5,1.735130e-01
2825,5.62341,0.5,1.783280e-01
2850,5.62341,0.5,1.833280e-01
2875,5.62341,0.5,1.885160e-01
2900,5.62341,0.5,1.938950e-01
2925,5.62341,0.5,1.994680e-01
2950,5.62341,0.5,2.052370e-01
2975,5.62341,0.5,2.112070e-01
3000,5.62341,0.5,2.173810e-01
3025,5.62341,0.5,2.237640e-01
3050,5.62341,0.5,2.303600e-01
3075,5.62341,0.5,2.371750e-01
3100,5.62341,0.5,2.442180e-01
3125,5.62341,0.5,2.514960e-01
3150,5.62341,0.5,2.590210e-01
3175,5.62341,0.5,2.668030e-01
3200,5.62341,0.5,2.748590e-01
3225,5.62341,0.5,2.832060e-01
3250,5.62341,0.5,2.918670e-01
3275,5.62341,0.5,3.008670e-01
3300,5.62341,0.5,3.102390e-01
3325,5.62341,0.5,3.200180e-01
3350,5.62341,0.5,3.302510e-01
3375,5.62341,0.5,3.409900e-01
3400,5.62341,0.5,3.522990e-01
3425,5.62341,0.5,3.642530e-01
3450,5.62341,0.5,3.769420e-01
3475,5.62341,0.5,3.904700e-01
3500,5.62341,0.5,4.049630e-01
3525,5.62341,0.5,4.205680e-01
3550,5.62341,0.5,4.374590e-01
3575,5.62341,0.5,4.558440e-01
3600,5.62341,0.5,4.759650e-01
3625,5.62341,0.5,4.981120e-01
3650,5.62341,0.5,5.226270e-01
3675,5.62341,0.5,5.499190e-01
3700,5.62341,0.5,5.804720e-01
3725,5.62341,0.5,6.148700e-01
3750,5.62341,0.5,6.538090e-01
3775,5.62341,0.5,6.981360e-01
3800,5.62341,0.5,7.488740e-01
3825,5.62341,0.5,8.072790e-01
3850,5.62341,0.5,8.749010e-01
3875,5.62341,0.5,9.536680e-01
3900,5.62341,0.5,1.046010e+00
3925,5.62341,0.5,1.155030e+00
3950,5.62341,0.5,1.284740e+00
3975,5.62341,0.5,1.440420e+00
4000,5.62341,0.5,1.629160e+00
4025,5.62341,0.5,1.860690e+00
4050,5.62341,0.5,2.148740e+00
4075,5.62341,0.5,2.513250e+00
4100,5.62341,0.5,2.984420e+00
4125,5.62341,0.5,3.610020e+00
4150,5.62341,0.5,4.470370e+00
4175,5.62341,0.5,5.711240e+00
4200,5.62341,0.5,7.626600e+00
4225,5.62341,0.5,1.090730e+01
4250,5.62341,0.5,1.763500e+01
4275,5.62341,0.5,3.813020e+01
4300,5.62341,0.5,2.000000e+02
4325,5.62341,0.5,2.000000e+02
4350,5.62341,0.5,2.000000e+02
4375,5.62341,0.5,2.000000e+02
4400,5.62341,0.5,2.000000e+02
4425,5.62341,0.5,2.000000e+02
4450,5.62341,0.5,2.000000e+02
4475,5.62341,0.5,2.000000e+02
4500,5.62341,0.5,2.000000e+02
4525,5.62341,0.5,2.000000e+02
4550,5.62341,0.5,2.000000e+02
4575,5.62341,0.5,2.000000e+02
4600,5.62341,0.5,2.000000e+02
4625,5.62341,0.5,2.000000e+02
4650,5.62341,0.5,2.000000e+02
4675,5.62341,0.5,2.000000e+02
4700,5.62341,0.5,2.000000e+02
4725,5.62341,0.5,2.000000e+02
4750,5.62341,0.5,2.000000e+02
4775,5.62341,0.5,2.000000e+02
4800,5.62341,0.5,2.000000e+02
4825,5.62341,0.5,2.000000e+02
4850,5.62341,0.5,2.000000e+02
4875,5.62341,0.5,2.000000e+02
4900,5.62341,0.5,2.000000e+02
4925,5.62341,0.5,2.000000e+02
4950,5.62341,0.5,2.000000e+02
4975,5.62341,0.5,2.000000e+02
5000,5.62341,0.5,2.000000e+02
300,10,0.5,0.000000e+00
325,10,0.5,0.000000e+00
350,10,0.5,0.000000e+00
375,10,0.5,0.000000e+00
400,10,0.5,0.000000e+00
425,10,0.5,0.000000e+00
450,10,0.5,0.000000e+00
475,10,0.5,0.000000e+00
500,10,0.5,0.000000e+00
525,10,0.5,0.000000e+00
550,10,0.5,0.000000e+00
575,10,0.5,0.000000e+00
600,10,0.5,0.000000e+00
625,10,0.5,0.000000e+00
650,10,0.5,0.000000e+00
675,10,0.5,0.000000e+00
700,10,0.5,0.000000e+00
725,10,0.5,0.000000e+00
750,10,0.5,0.000000e+00
775,10,0.5,0.000000e+00
800,10,0.5,0.000000e+00
825,10,0.5,0.000000e+00
850,10,0.5,0.000000e+00
875,10,0.5,0.000000e+00
900,10,0.5,0.000000e+00
925,10,0.5,0.000000e+00
950,10,0.5,0.000000e+00
975,10,0.5,0.000000e+00
1000,10,0.5,0.000000e+00
1025,10,0.5,2.440070e-03
1050,10,0.5,1.451430e-02
1075,10,0.5,2.701600e-02
1100,10,0.5,3.922820e-02
1125,10,0.5,5.049410e-02
1150,10,0.5,6.033790e-02
1175,10,0.5,6.852430e-02
1200,10,0.5,7.504430e-02
1225,10,0.5,8.004990e-02
1250,10,0.5,8.377650e-02
1275,10,0.5,8.647940e-02
1300,10,0.5,8.839520e-02
1325,10,0.5,8.972360e-02
1350,10,0.5,9.062400e-02
1375,10,0.5,9.121850e-02
1400,10,0.5,9.159880e-02
1425,10,0.5,9.183230e-02
1450,10,0.5,9.196790e-02
1475,10,0.5,9.204140e-02
1500,10,0.5,9.207840e-02
1525,10,0.5,9.209740e-02
1550,10,0.5,9.211200e-02
1575,10,0.5,9.213220e-02
1600,10,0.5,9.216530e-02
1625,10,0.5,9.221680e-02
1650,10,0.5,9.229130e-02
1675,10,0.5,9.239210e-02
1700,10,0.5,9.252250e-02
1725,10,0.5,9.268490e-02
1750,10,0.5,9.288200e-02
1775,10,0.5,9.311600e-02
1800,10,0.5,9.338920e-02
1825,10,0.5,9.370410e-02
1850,10,0.5,9.406300e-02
1875,10,0.5,9.446850e-02
1900,10,0.5,9.492300e-02
1925,10,0.5,9.542940e-02
1950,10,0.5,9.599050e-02
1975,10,0.5,9.660910e-02
2000,10,0.5,9.728850e-02
2025,10,0.5,9.803160e-02
2050,10,0.5,9.884200e-02
2075,10,0.5,9.972290e-02
2100,10,0.5,1.006780e-01
2125,10,0.5,1.017110e-01
2150,10,0.5,1.028250e-01
2175,10,0.5,1.040250e-01
2200,10,0.5,1.053140e-01
2225,10,0.5,1.066960e-01
2250,10,0.5,1.081760e-01
2275,10,0.5,1.097570e-01
2300,10,0.5,1.114440e-01
2325,10,0.5,1.132410e-01
2350,10,0.5,1.151520e-01
2375,10,0.5,1.171820e-01
2400,10,0.5,1.193340e-01
2425,10,0.5,1.216140e-01
2450,10,0.5,1.240250e-01
2475,10,0.5,1.265710e-01
2500,10,0.5,1.292570e-01
2525,10,0.5,1.320870e-01
2550,10,0.5,1.350650e-01
2575,10,0.5,1.381950e-01
2600,10,0.5,1.414810e-01
2625,10,0.5,1.449260e-01
2650,10,0.5,1.485350e-01
2675,10,0.5,1.523100e-01
2700,10,0.5,1.562560e-01
2725,10,0.5,1.603750e-01
2750,10,0.5,1.646710e-01
2775,10,0.5,1.691460e-01
2800,10,0.5,1.738040e-01
2825,10,0.5,1.786480e-01
2850,10,0.5,1.836800e-01
2875,10,0.5,1.889020e-01
2900,10,0.5,1.943180e-01
2925,10,0.5,1.999300e-01
2950,10,0.5,2.057410e-01
2975,10,0.5,2.117520e-01
3000,10,0.5,2.179680e-01
3025,10,0.5,2.243920e-01
3050,10,0.5,2.310250e-01
3075,10,0.5,2.378740e-01
3100,10,0.5,2.449420e-01
3125,10,0.5,2.522340e-01
3150,10,0.5,2.597560e-01
3175,10,0.5,2.675160e-01
3200,10,0.5,2.755230e-01
3225,10,0.5,2.837860e-01
3250,10,0.5,2.923190e-01
3275,10,0.5,3.011350e-01
3300,10,0.5,3.102530e-01
3325,10,0.5,3.196930e-01
3350,10,0.5,3.294810e-01
3375,10,0.5,3.396460e-01
3400,10,0.5,3.502230e-01
3425,10,0.5,3.612540e-01
3450,10,0.5,3.727880e-01
3475,10,0.5,3.848840e-01
3500,10,0.5,3.976080e-01
3525,10,0.5,4.110420e-01
3550,10,0.5,4.252800e-01
3575,10,0.5,4.404330e-01
3600,10,0.5,4.566300e-01
3625,10,0.5,4.740230e-01
3650,10,0.5,4.927930e-01
3675,10,0.5,5.131480e-01
3700,10,0.5,5.353360e-01
3725,10,0.5,5.596470e-01
3750,10,0.5,5.864250e-01
3775,10,0.5,6.160760e-01
3800,10,0.5,6.490810e-01
3825,10,0.5,6.860130e-01
3850,10,0.5,7.275560e-01
3875,10,0.5,7.745370e-01
3900,10,0.5,8.279500e-01
3925,10,0.5,8.890100e-01
3950,10,0.5,9.592080e-01
3975,10,0.5,1.040390e+00
4000,10,0.5,1.134870e+00
4025,10,0.5,1.245590e+00
4050,10,0.5,1.376310e+00
4075,10,0.5,1.531960e+00
4100,10,0.5,1.719090e+00
4125,10,0.5,1.946600e+00
4150,10,0.5,2.226900e+00
4175,10,0.5,2.577770e+00
4200,10,0.5,3.025610e+00
4225,10,0.5,3.611340e+00
4250,10,0.5,4.401830e+00
4275,10,0.5,5.514070e+00
4300,10,0.5,7.172190e+00
4325,10,0.5,9.864260e+00
4350,10,0.5,1.488380e+01
4375,10,0.5,2.709460e+01
4400,10,0.5,9.238550e+01
4425,10,0.5,2.000000e+02
4450,10,0.5,2.000000e+02
4475,10,0.5,2.000000e+02
4500,10,0.5,2.000000e+02
4525,10,0.5,2.000000e+02
4550,10,0.5,2.000000e+02
4575,10,0.5,2.000000e+02
4600,10,0.5,2.000000e+02
4625,10,0.5,2.000000e+02
4650,10,0.5,2.000000e+02
4675,10,0.5,2.000000e+02
4700,10,0.5,2.000000e+02
4725,10,0.5,2.000000e+02
4750,10,0.5,2.000000e+02
4775,10,0.5,2.000000e+02
4800,10,0.5,2.000000e+02
4825,10,0.5,2.000000e+02
4850,10,0.5,2.000000e+02
4875,10,0.5,2.000000e+02
4900,10,0.5,2.000000e+02
4925,10,0.5,2.000000e+02
4950,10,0.5,2.000000e+02
4975,10,0.5,2.000000e+02
5000,10,0.5,2.000000e+02
300,17.7828,0.5,0.000000e+00
325,17.7828,0.5,0.000000e+00
350,17.7828,0.5,0.000000e+00
375,17.7828,0.5,0.000000e+00
400,17.7828,0.5,0.000000e+00
425,17.7828,0.5,0.000000e+00
450,17.7828,0.5,0.000000e+00
475,17.7828,0.5,0.000000e+00
500,17.7828,0.5,0.000000e+00
525,17.7828,0.5,0.000000e+00
550,17.7828,0.5,0.000000e+00
575,17.7828,0.5,0.000000e+00
600,17.7828,0.5,0.000000e+00
625,17.7828,0.5,0.000000e+00
650,17.7828,0.5,0.000000e+00
675,17.7828,0.5,0.000000e+00
700,17.7828,0.5,0.000000e+00
725,17.7828,0.5,0.000000e+00
750,17.7828,0.5,0.000000e+00
775,17.7828,0.5,0.000000e+00
800,17.7828,0.5,0.000000e+00
825,17.7828,0.5,0.000000e+00
850,17.7828,0.5,0.000000e+00
875,17.7828,0.5,0.000000e+00
900,17.7828,0.5,0.000000e+00
925,17.7828,0.5,0.000000e+00
950,17.7828,0.5,0.000000e+00
975,17.7828,0.5,0.000000e+00
1000,17.7828,0.5,0.000000e+00
1025,17.7828,0.5,0.000000e+00
1050,17.7828,0.5,5.843400e-03
1075,17.7828,0.5,1.675690e-02
1100,17.7828,0.5,2.816200e-02
1125,17.7828,0.5,3.949110e-02
1150,17.7828,0.5,5.018780e-02
1175,17.7828,0.5,5.980020e-02
1200,17.7828,0.5,6.804480e-02
1225,17.7828,0.5,7.482140e-02
1250,17.7828,0.5,8.018350e-02
1275,17.7828,0.5,8.428570e-02
1300,17.7828,0.5,8.733060e-02
1325,17.7828,0.5,8.952770e-02
1350,17.7828,0.5,9.106870e-02
1375,17.7828,0.5,9.211630e-02
1400,17.7828,0.5,9.280170e-02
1425,17.7828,0.5,9.322760e-02
1450,17.7828,0.5,9.347200e-02
1475,17.7828,0.5,9.359340e-02
1500,17.7828,0.5,9.363520e-02
1525,17.7828,0.5,9.362930e-02
1550,17.7828,0.5,9.359920e-02
1575,17.7828,0.5,9.356180e-02
1600,17.7828,0.5,9.352990e-02
1625,17.7828,0.5,9.351280e-02
1650,17.7828,0.5,9.351740e-02
1675,17.7828,0.5,9.354910e-02
1700,17.7828,0.5,9.361210e-02
1725,17.7828,0.5,9.370980e-02
1750,17.7828,0.5,9.384520e-02
1775,17.7828,0.5,9.402080e-02
1800,17.7828,0.5,9.423910e-02
1825,17.7828,0.5,9.450240e-02
1850,17.7828,0.5,9.481310e-02
1875,17.7828,0.5,9.517350e-02
1900,17.7828,0.5,9.558600e-02
1925,17.7828,0.5,9.605310e-02
1950,17.7828,0.5,9.657760e-02
1975,17.7828,0.5,9.716220e-02
2000,17.7828,0.5,9.780980e-02
2025,17.7828,0.5,9.852340e-02
2050,17.7828,0.5,9.930620e-02
2075,17.7828,0.5,1.001610e-01
2100,17.7828,0.5,1.010930e-01
2125,17.7828,0.5,1.021030e-01
2150,17.7828,0.5,1.031970e-01
2175,17.7828,0.5,1.043770e-01
2200,17.7828,0.5,1.056480e-01
2225,17.7828,0.5,1.070130e-01
2250,17.7828,0.5,1.084770e-01
2275,17.7828,0.5,1.100440e-01
2300,17.7828,0.5,1.117170e-01
2325,17.7828,0.5,1.135020e-01
2350,17.7828,0.5,1.154020e-01
2375,17.7828,0.5,1.174210e-01
2400,17.7828,0.5,1.195640e-01
2425,17.7828,0.5,1.218360e-01
2450,17.7828,0.5,1.242400e-01
2475,17.7828,0.5,1.267800e-01
2500,17.7828,0.5,1.294610e-01
2525,17.7828,0.5,1.322880e-01
2550,17.7828,0.5,1.352640e-01
2575,17.7828,0.5,1.383930e-01
2600,17.7828,0.5,1.416790e-01
2625,17.7828,0.5,1.451270e-01
2650,17.7828,0.5,1.487390e-01
2675,17.7828,0.5,1.525210e-01
2700,17.7828,0.5,1.564740e-01
2725,17.7828,0.5,1.606030e-01
2750,17.7828,0.5,1.649110e-01
2775,17.7828,0.5,1.694000e-01
2800,17.7828,0.5,1.740750e-01
2825,17.7828,0.5,1.789380e-01
2850,17.7828,0.5,1.839920e-01
2875,17.7828,0.5,1.892380e-01
2900,17.7828,0.5,1.946810e-01
2925,17.7828,0.5,2.003220e-01
2950,17.7828,0.5,2.061630e-01
2975,17.7828,0.5,2.122070e-01
3000,17.7828,0.5,2.184570e-01
3025,17.7828,0.5,2.249150e-01
3050,17.7828,0.5,2.315820e-01
3075,17.7828,0.5,2.384630e-01
3100,17.7828,0.5,2.455600e-01
3125,17.7828,0.5,2.528760e-01
3150,17.7828,0.5,2.604150e-01
3175,17.7828,0.5,2.681810e-01
3200,17.7828,0.5,2.761800e-01
3225,17.7828,0.5,2.844170e-01
3250,17.7828,0.5,2.929000e-01
3275,17.7828,0.5,3.016360e-01
3300,17.7828,0.5,3.106350e-01
3325,17.7828,0.5,3.199100e-01
3350,17.7828,0.5,3.294740e-01
3375,17.7828,0.5,3.393430e-01
3400,17.7828,0.5,3.495370e-01
3425,17.7828,0.5,3.600800e-01
3450,17.7828,0.5,3.709980e-01
3475,17.7828,0.5,3.823230e-01
3500,17.7828,0.5,3.940920e-01
3525,17.7828,0.5,4.063510e-01
3550,17.7828,0.5,4.191500e-01
3575,17.7828,0.5,4.325490e-01
3600,17.7828,0.5,4.466200e-01
3625,17.7828,0.5,4.614430e-01
3650,17.7828,0.5,4.771160e-01
3675,17.7828,0.5,4.937500e-01
3700,17.7828,0.5,5.114750e-01
3725,17.7828,0.5,5.304440e-01
3750,17.7828,0.5,5.508330e-01
3775,17.7828,0.5,5.728490e-01
3800,17.7828,0.5,5.967350e-01
3825,17.7828,0.5,6.227740e-01
3850,17.7828,0.5,6.512980e-01
3875,17.7828,0.5,6.826980e-01
3900,17.7828,0.5,7.174350e-01
3925,17.7828,0.5,7.560570e-01
3950,17.7828,0.5,7.992140e-01
3975,17.7828,0.5,8.476830e-01
4000,17.7828,0.5,9.023990e-01
4025,17.7828,0.5,9.644950e-01
4050,17.7828,0.5,1.035350e+00
4075,17.7828,0.5,1.116670e+00
4100,17.7828,0.5,1.210570e+00
4125,17.7828,0.5,1.319700e+00
4150,17.7828,0.5,1.447440e+00
4175,17.7828,0.5,1.598180e+00
4200,17.7828,0.5,1.777660e+00
4225,17.7828,0.5,1.993580e+00
4250,17.7828,0.5,2.256490e+00
4275,17.7828,0.5,2.581230e+00
4300,17.7828,0.5,2.989330e+00
4325,17.7828,0.5,3.513200e+00
4350,17.7828,0.5,4.203960e+00
4375,17.7828,0.5,5.146980e+00
4400,17.7828,0.5,6.495950e+00
4425,17.7828,0.5,8.557130e+00
4450,17.7828,0.5,1.203720e+01
4475,17.7828,0.5,1.899730e+01
4500,17.7828,0.5,3.890380e+01
4525,17.7828,0.5,2.000000e+02
4550,17.7828,0.5,2.000000e+02
4575,17.7828,0.5,2.000000e+02
4600,17.7828,0.5,2.000000e+02
4625,17.7828,0.5,2.000000e+02
4650,17.7828,0.5,2.000000e+02
4675,17.7828,0.5,2.000000e+02
4700,17.7828,0.5,2.000000e+02
4725,17.7828,0.5,2.000000e+02
4750,17.7828,0.5,2.000000e+02
4775,17.7828,0.5,2.000000e+02
4800,17.7828,0.5,2.000000e+02
4825,17.7828,0.5,2.000000e+02
4850,17.7828,0.5,2.000000e+02
4875,17.7828,0.5,2.000000e+02
4900,17.7828,0.5,2.000000e+02
4925,17.7828,0.5,2.000000e+02
4950,17.7828,0.5,2.000000e+02
4975,17.7828,0.5,2.000000e+02
5000,17.7828,0.5,2.000000e+02
300,31.6228,0.5,0.000000e+00
325,31.6228,0.5,0.000000e+00
350,31.6228,0.5,0.000000e+00
375,31.6228,0.5,0.000000e+00
400,31.6228,0.5,0.000000e+00
425,31.6228,0.5,0.000000e+00
450,31.6228,0.5,0.000000e+00
475,31.6228,0.5,0.000000e+00
500,31.6228,0.5,0.000000e+00
525,31.6228,0.5,0.000000e+00
550,31.6228,0.5,0.000000e+00
575,31.6228,0.5,0.000000e+00
600,31.6228,0.5,0.000000e+00
625,31.6228,0.5,0.000000e+00
650,31.6228,0.5,0.000000e+00
675,31.6228,0.5,0.000000e+00
700,31.6228,0.5,0.000000e+00
725,31.6228,0.5,0.000000e+00
750,31.6228,0.5,0.000000e+00
775,31.6228,0.5,0.000000e+00
800,31.6228,0.5,0.000000e+00
825,31.6228,0.5,0.000000e+00
850,31.6228,0.5,0.000000e+00
875,31.6228,0.5,0.000000e+00
900,31.6228,0.5,0.000000e+00
925,31.6228,0.5,0.000000e+00
950,31.6228,0.5,0.000000e+00
975,31.6228,0.5,0.000000e+00
1000,31.6228,0.5,0.000000e+00
1025,31.6228,0.5,0.000000e+00
1050,31.6228,0.5,3.172360e-04
1075,31.6228,0.5,9.334980e-03
1100,31.6228,0.5,1.924090e-02
1125,31.6228,0.5,2.967180e-02
1150,31.6228,0.5,4.018710e-02
1175,31.6228,0.5,5.032830e-02
1200,31.6228,0.5,5.968650e-02
1225,31.6228,0.5,6.795950e-02
1250,31.6228,0.5,7.498120e-02
1275,31.6228,0.5,8.071880e-02
1300,31.6228,0.5,8.524500e-02
1325,31.6228,0.5,8.869930e-02
1350,31.6228,0.5,9.125200e-02
1375,31.6228,0.5,9.307620e-02
1400,31.6228,0.5,9.433110e-02
1425,31.6228,0.5,9.515350e-02
1450,31.6228,0.5,9.565610e-02
1475,31.6228,0.5,9.592850e-02
1500,31.6228,0.5,9.604050e-02
1525,31.6228,0.5,9.604540e-02
1550,31.6228,0.5,9.598350e-02
1575,31.6228,0.5,9.588500e-02
1600,31.6228,0.5,9.577240e-02
1625,31.6228,0.5,9.566220e-02
1650,31.6228,0.5,9.556710e-02
1675,31.6228,0.5,9.549610e-02
1700,31.6228,0.5,9.545630e-02
1725,31.6228,0.5,9.545310e-02
1750,31.6228,0.5,9.549070e-02
1775,31.6228,0.5,9.557240e-02
1800,31.6228,0.5,9.570130e-02
1825,31.6228,0.5,9.587990e-02
1850,31.6228,0.5,9.611060e-02
1875,31.6228,0.5,9.639570e-02
1900,31.6228,0.5,9.673760e-02
1925,31.6228,0.5,9.713850e-02
1950,31.6228,0.5,9.760100e-02
1975,31.6228,0.5,9.812760e-02
2000,31.6228,0.5,9.872100e-02
2025,31.6228,0.5,9.938380e-02
2050,31.6228,0.5,1.001190e-01
2075,31.6228,0.5,1.009300e-01
2100,31.6228,0.5,1.018190e-01
2125,31.6228,0.5,1.027910e-01
2150,31.6228,0.5,1.038480e-01
2175,31.6228,0.5,1.049940e-01
2200,31.6228,0.5,1.062330e-01
2225,31.6228,0.5,1.075680e-01
2250,31.6228,0.5,1.090040e-01
2275,31.6228,0.5,1.105450e-01
2300,31.6228,0.5,1.121930e-01
2325,31.6228,0.5,1.139550e-01
2350,31.6228,0.5,1.158330e-01
2375,31.6228,0.5,1.178320e-01
2400,31.6228,0.5,1.199570e-01
2425,31.6228,0.5,1.222110e-01
2450,31.6228,0.5,1.245980e-01
2475,31.6228,0.5,1.271240e-01
2500,31.6228,0.5,1.297920e-01
2525,31.6228,0.5,1.326070e-01
2550,31.6228,0.5,1.355720e-01
2575,31.6228,0.5,1.386920e-01
2600,31.6228,0.5,1.419710e-01
2625,31.6228,0.5,1.454130e-01
2650,31.6228,0.5,1.490210e-01
2675,31.6228,0.5,1.527990e-01
2700,31.6228,0.5,1.567520e-01
2725,31.6228,0.5,1.608820e-01
2750,31.6228,0.5,1.651920e-01
2775,31.6228,0.5,1.696870e-01
2800,31.6228,0.5,1.743690e-01
2825,31.6228,0.5,1.792410e-01
2850,31.6228,0.5,1.843060e-01
2875,31.6228,0.5,1.895660e-01
2900,31.6228,0.5,1.950240e-01
2925,31.6228,0.5,2.006830e-01
2950,31.6228,0.5,2.065450e-01
2975,31.6228,0.5,2.126110e-01
3000,31.6228,0.5,2.188850e-01
3025,31.6228,0.5,2.253670e-01
3050,31.6228,0.5,2.320610e-01
3075,31.6228,0.5,2.389670e-01
3100,31.6228,0.5,2.460890e-01
3125,31.6228,0.5,2.534280e-01
3150,31.6228,0.5,2.609870e-01
3175,31.6228,0.5,2.687680e-01
3200,31.6228,0.5,2.767750e-01
3225,31.6228,0.5,2.850110e-01
3250,31.6228,0.5,2.934790e-01
3275,31.6228,0.5,3.021840e-01
3300,31.6228,0.5,3.111320e-01
3325,31.6228,0.5,3.203300e-01
3350,31.6228,0.5,3.297830e-01
3375,31.6228,0.5,3.395030e-01
3400,31.6228,0.5,3.494990e-01
3425,31.6228,0.5,3.597830e-01
3450,31.6228,0.5,3.703710e-01
3475,31.6228,0.5,3.812800e-01
3500,31.6228,0.5,3.925300e-01
3525,31.6228,0.5,4.041460e-01
3550,31.6228,0.5,4.161550e-01
3575,31.6228,0.5,4.285900e-01
3600,31.6228,0.5,4.414900e-01
3625,31.6228,0.5,4.548990e-01
3650,31.6228,0.5,4.688690e-01
3675,31.6228,0.5,4.834610e-01
3700,31.6228,0.5,4.987440e-01
3725,31.6228,0.5,5.147990e-01
3750,31.6228,0.5,5.317220e-01
3775,31.6228,0.5,5.496200e-01
3800,31.6228,0.5,5.686210e-01
3825,31.6228,0.5,5.888710e-01
3850,31.6228,0.5,6.105400e-01
3875,31.6228,0.5,6.338250e-01
3900,31.6228,0.5,6.589580e-01
3925,31.6228,0.5,6.862050e-01
3950,31.6228,0.5,7.158780e-01
3975,31.6228,0.5,7.483430e-01
4000,31.6228,0.5,7.840300e-01
4025,31.6228,0.5,8.234430e-01
4050,31.6228,0.5,8.671810e-01
4075,31.6228,0.5,9.159520e-01
4100,31.6228,0.5,9.706060e-01
4125,31.6228,0.5,1.032160e+00
4150,31.6228,0.5,1.101860e+00
4175,31.6228,0.5,1.181200e+00
4200,31.6228,0.5,1.272040e+00
4225,31.6228,0.5,1.376700e+00
4250,31.6228,0.5,1.498080e+00
4275,31.6228,0.5,1.639900e+00
4300,31.6228,0.5,1.806950e+00
4325,31.6228,0.5,2.005570e+00
4350,31.6228,0.5,2.244260e+00
4375,31.6228,0.5,2.534700e+00
4400,31.6228,0.5,2.893400e+00
4425,31.6228,0.5,3.344410e+00
4450,31.6228,0.5,3.924130e+00
4475,31.6228,0.5,4.690360e+00
4500,31.6228,0.5,5.740510e+00
4525,31.6228,0.5,7.251890e+00
4550,31.6228,0.5,9.583530e+00
4575,31.6228,0.5,1.358380e+01
4600,31.6228,0.5,2.182990e+01
4625,31.6228,0.5,4.730680e+01
4650,31.6228,0.5,2.000000e+02
4675,31.6228,0.5,2.000000e+02
4700,31.6228,0.5,2.000000e+02
4725,31.6228,0.5,2.000000e+02
4750,31.6228,0.5,2.000000e+02
4775,31.6228,0.5,2.000000e+02
4800,31.6228,0.5,2.000000e+02
4825,31.6228,0.5,2.000000e+02
4850,31.6228,0.5,2.000000e+02
4875,31.6228,0.5,2.000000e+02
4900,31.6228,0.5,2.000000e+02
4925,31.6228,0.5,2.000000e+02
4950,31.6228,0.5,2.000000e+02
4975,31.6228,0.5,2.000000e+02
5000,31.6228,0.5,2.000000e+02
300,56.2341,0.5,0.000000e+00
325,56.2341,0.5,0.000000e+00
350,56.2341,0.5,0.000000e+00
375,56.2341,0.5,0.000000e+00
400,56.2341,0.5,0.000000e+00
425,56.2341,0.5,0.000000e+00
450,56.2341,0.5,0.000000e+00
475,56.2341,0.5,0.000000e+00
500,56.2341,0.5,0.000000e+00
525,56.2341,0.5,0.000000e+00
550,56.2341,0.5,0.000000e+00
575,56.2341,0.5,0.000000e+00
600,56.2341,0.5,0.000000e+00
625,56.2341,0.5,0.000000e+00
650,56.2341,0.5,0.000000e+00
675,56.2341,0.5,0.000000e+00
700,56.2341,0.5,0.000000e+00
725,56.2341,0.5,0.000000e+00
750,56.2341,0.5,0.000000e+00
775,56.2341,0.5,0.000000e+00
800,56.2341,0.5,0.000000e+00
825,56.2341,0.5,0.000000e+00
850,56.2341,0.5,0.000000e+00
875,56.2341,0.5,0.000000e+00
900,56.2341,0.5,0.000000e+00
925,56.2341,0.5,0.000000e+00
950,56.2341,0.5,0.000000e+00
975,56.2341,0.5,0.000000e+00
1000,56.2341,0.5,0.000000e+00
1025,56.2341,0.5,0.000000e+00
1050,56.2341,0.5,0.000000e+00
1075,56.2341,0.5,4.535210e-03
1100,56.2341,0.5,1.277340e-02
1125,56.2341,0.5,2.181530e-02
1150,56.2341,0.5,3.139450e-02
1175,56.2341,0.5,4.117580e-02
1200,56.2341,0.5,5.079160e-02
1225,56.2341,0.5,5.988730e-02
1250,56.2341,0.5,6.816710e-02
1275,56.2341,0.5,7.542590e-02
1300,56.2341,0.5,8.156310e-02
1325,56.2341,0.5,8.657400e-02
1350,56.2341,0.5,9.052930e-02
1375,56.2341,0.5,9.354750e-02
1400,56.2341,0.5,9.576970e-02
1425,56.2341,0.5,9.734040e-02
1450,56.2341,0.5,9.839430e-02
1475,56.2341,0.5,9.905010e-02
1500,56.2341,0.5,9.940770e-02
1525,56.2341,0.5,9.954880e-02
1550,56.2341,0.5,9.953850e-02
1575,56.2341,0.5,9.942790e-02
1600,56.2341,0.5,9.925640e-02
1625,56.2341,0.5,9.905440e-02
1650,56.2341,0.5,9.884490e-02
1675,56.2341,0.5,9.864500e-02
1700,56.2341,0.5,9.846810e-02
1725,56.2341,0.5,9.832410e-02
1750,56.2341,0.5,9.822040e-02
1775,56.2341,0.5,9.816290e-02
1800,56.2341,0.5,9.815620e-02
1825,56.2341,0.5,9.820400e-02
1850,56.2341,0.5,9.830940e-02
1875,56.2341,0.5,9.847510e-02
1900,56.2341,0.5,9.870360e-02
1925,56.2341,0.5,9.899730e-02
1950,56.2341,0.5,9.935860e-02
1975,56.2341,0.5,9.978970e-02
2000,56.2341,0.5,1.002930e-01
2025,56.2341,0.5,1.008710e-01
2050,56.2341,0.5,1.015270e-01
2075,56.2341,0.5,1.022630e-01
2100,56.2341,0.5,1.030820e-01
2125,56.2341,0.5,1.039870e-01
2150,56.2341,0.5,1.049820e-01
2175,56.2341,0.5,1.060700e-01
2200,56.2341,0.5,1.072530e-01
2225,56.2341,0.5,1.085370e-01
2250,56.2341,0.5,1.099240e-01
2275,56.2341,0.5,1.114180e-01
2300,56.2341,0.5,1.130230e-01
2325,56.2341,0.5,1.147440e-01
2350,56.2341,0.5,1.165830e-01
2375,56.2341,0.5,1.185460e-01
2400,56.2341,0.5,1.206360e-01
2425,56.2341,0.5,1.228580e-01
2450,56.2341,0.5,1.252150e-01
2475,56.2341,0.5,1.277120e-01
2500,56.2341,0.5,1.303540e-01
2525,56.2341,0.5,1.331430e-01
2550,56.2341,0.5,1.360850e-01
2575,56.2341,0.5,1.391840e-01
2600,56.2341,0.5,1.424430e-01
2625,56.2341,0.5,1.458660e-01
2650,56.2341,0.5,1.494580e-01
2675,56.2341,0.5,1.532220e-01
2700,56.2341,0.5,1.571620e-01
2725,56.2341,0.5,1.612810e-01
2750,56.2341,0.5,1.655830e-01
2775,56.2341,0.5,1.700710e-01
2800,56.2341,0.5,1.747480e-01
2825,56.2341,0.5,1.796170e-01
2850,56.2341,0.5,1.846810e-01
2875,56.2341,0.5,1.899430e-01
2900,56.2341,0.5,1.954050e-01
2925,56.2341,0.5,2.010690e-01
2950,56.2341,0.5,2.069380e-01
2975,56.2341,0.5,2.130150e-01
3000,56.2341,0.5,2.193000e-01
3025,56.2341,0.5,2.257950e-01
3050,56.2341,0.5,2.325030e-01
3075,56.2341,0.5,2.394250e-01
3100,56.2341,0.5,2.465630e-01
3125,56.2341,0.5,2.539180e-01
3150,56.2341,0.5,2.614920e-01
3175,56.2341,0.5,2.692860e-01
3200,56.2341,0.5,2.773030e-01
3225,56.2341,0.5,2.855430e-01
3250,56.2341,0.5,2.940100e-01
3275,56.2341,0.5,3.027060e-01
3300,56.2341,0.5,3.116330e-01
3325,56.2341,0.5,3.207950e-01
3350,56.2341,0.5,3.301950e-01
3375,56.2341,0.5,3.398390e-01
3400,56.2341,0.5,3.497310e-01
3425,56.2341,0.5,3.598790e-01
3450,56.2341,0.5,3.702890e-01
3475,56.2341,0.5,3.809710e-01
3500,56.2341,0.5,3.919360e-01
3525,56.2341,0.5,4.031960e-01
3550,56.2341,0.5,4.147660e-01
3575,56.2341,0.5,4.266640e-01
3600,56.2341,0.5,4.389100e-01
3625,56.2341,0.5,4.515270e-01
3650,56.2341,0.5,4.645450e-01
3675,56.2341,0.5,4.779940e-01
3700,56.2341,0.5,4.919130e-01
3725,56.2341,0.5,5.063450e-01
3750,56.2341,0.5,5.213410e-01
3775,56.2341,0.5,5.369580e-01
3800,56.2341,0.5,5.532640e-01
3825,56.2341,0.5,5.703360e-01
3850,56.2341,0.5,5.882640e-01
3875,56.2341,0.5,6.071510e-01
3900,56.2341,0.5,6.271170e-01
3925,56.2341,0.5,6.482980e-01
3950,56.2341,0.5,6.708530e-01
3975,56.2341,0.5,6.949650e-01
4000,56.2341,0.5,7.208480e-01
4025,56.2341,0.5,7.487450e-01
4050,56.2341,0.5,7.789430e-01
4075,56.2341,0.5,8.117740e-01
4100,56.2341,0.5,8.476250e-01
4125,56.2341,0.5,8.869480e-01
4150,56.2341,0.5,9.302780e-01
4175,56.2341,0.5,9.782430e-01
4200,56.2341,0.5,1.031590e+00
4225,56.2341,0.5,1.091210e+00
4250,56.2341,0.5,1.158160e+00
4275,56.2341,0.5,1.233740e+00
4300,56.2341,0.5,1.319530e+00
4325,56.2341,0.5,1.417450e+00
4350,56.2341,0.5,1.529910e+00
4375,56.2341,0.5,1.659930e+00
4400,56.2341,0.5,1.811370e+00
4425,56.2341,0.5,1.989180e+00
4450,56.2341,0.5,2.199920e+00
4475,56.2341,0.5,2.452350e+00
4500,56.2341,0.5,2.758490e+00
4525,56.2341,0.5,3.135260e+00
4550,56.2341,0.5,3.607220e+00
4575,56.2341,0.5,4.211440e+00
4600,56.2341,0.5,5.006410e+00
4625,56.2341,0.5,6.090050e+00
4650,56.2341,0.5,7.639030e+00
4675,56.2341,0.5,1.000650e+01
4700,56.2341,0.5,1.401120e+01
4725,56.2341,0.5,2.205790e+01
4750,56.2341,0.5,4.535180e+01
4775,56.2341,0.5,2.000000e+02
4800,56.2341,0.5,2.000000e+02
4825,56.2341,0.5,2.000000e+02
4850,56.2341,0.5,2.000000e+02
4875,56.2341,0.5,2.000000e+02
4900,56.2341,0.5,2.000000e+02
4925,56.2341,0.5,2.000000e+02
4950,56.2341,0.5,2.000000e+02
4975,56.2341,0.5,2.000000e+02
5000,56.2341,0.5,2.000000e+02
300,100,0.5,0.000000e+00
325,100,0.5,0.000000e+00
350,100,0.5,0.000000e+00
375,100,0.5,0.000000e+00
400,100,0.5,0.000000e+00
425,100,0.5,0.000000e+00
450,100,0.5,0.000000e+00
475,100,0.5,0.000000e+00
500,100,0.5,0.000000e+00
525,100,0.5,0.000000e+00
550,100,0.5,0.000000e+00
575,100,0.5,0.000000e+00
600,100,0.5,0.000000e+00
625,100,0.5,0.000000e+00
650,100,0.5,0.000000e+00
675,100,0.5,0.000000e+00
700,100,0.5,0.000000e+00
725,100,0.5,0.000000e+00
750,100,0.5,0.000000e+00
775,100,0.5,0.000000e+00
800,100,0.5,0.000000e+00
825,100,0.5,0.000000e+00
850,100,0.5,0.000000e+00
875,100,0.5,0.000000e+00
900,100,0.5,0.000000e+00
925,100,0.5,0.000000e+00
950,100,0.5,0.000000e+00
975,100,0.5,0.000000e+00
1000,100,0.5,0.000000e+00
1025,100,0.5,0.000000e+00
1050,100,0.5,0.000000e+00
1075,100,0.5,1.716810e-03
1100,100,0.5,8.434000e-03
1125,100,0.5,1.600270e-02
1150,100,0.5,2.429900e-02
1175,100,0.5,3.313100e-02
1200,100,0.5,4.224960e-02
1225,100,0.5,5.136820e-02
1250,100,0.5,6.019190e-02
1275,100,0.5,6.845000e-02
1300,100,0.5,7.592490e-02
1325,100,0.5,8.247070e-02
1350,100,0.5,8.801900e-02
1375,100,0.5,9.257240e-02
1400,100,0.5,9.618920e-02
1425,100,0.5,9.896500e-02
1450,100,0.5,1.010150e-01
1475,100,0.5,1.024590e-01
1500,100,0.5,1.034120e-01
1525,100,0.5,1.039790e-01
1550,100,0.5,1.042500e-01
1575,100,0.5,1.043030e-01
1600,100,0.5,1.042010e-01
1625,100,0.5,1.039930e-01
1650,100,0.5,1.037210e-01
1675,100,0.5,1.034170e-01
1700,100,0.5,1.031060e-01
1725,100,0.5,1.028060e-01
1750,100,0.5,1.025340e-01
1775,100,0.5,1.023000e-01
1800,100,0.5,1.021130e-01
1825,100,0.5,1.019810e-01
1850,100,0.5,1.019090e-01
1875,100,0.5,1.019020e-01
1900,100,0.5,1.019630e-01
1925,100,0.5,1.020950e-01
1950,100,0.5,1.023010e-01
1975,100,0.5,1.025840e-01
2000,100,0.5,1.029470e-01
2025,100,0.5,1.033910e-01
2050,100,0.5,1.039190e-01
2075,100,0.5,1.045340e-01
2100,100,0.5,1.052390e-01
2125,100,0.5,1.060360e-01
2150,100,0.5,1.069290e-01
2175,100,0.5,1.079190e-01
2200,100,0.5,1.090110e-01
2225,100,0.5,1.102070e-01
2250,100,0.5,1.115120e-01
2275,100,0.5,1.129280e-01
2300,100,0.5,1.144590e-01
2325,100,0.5,1.161090e-01
2350,100,0.5,1.178820e-01
2375,100,0.5,1.197820e-01
2400,100,0.5,1.218120e-01
2425,100,0.5,1.239770e-01
2450,100,0.5,1.262800e-01
2475,100,0.5,1.287260e-01
2500,100,0.5,1.313190e-01
2525,100,0.5,1.340620e-01
2550,100,0.5,1.369610e-01
2575,100,0.5,1.400180e-01
2600,100,0.5,1.432380e-01
2625,100,0.5,1.466250e-01
2650,100,0.5,1.501820e-01
2675,100,0.5,1.539140e-01
2700,100,0.5,1.578230e-01
2725,100,0.5,1.619140e-01
2750,100,0.5,1.661900e-01
2775,100,0.5,1.706540e-01
2800,100,0.5,1.753100e-01
2825,100,0.5,1.801600e-01
2850,100,0.5,1.852070e-01
2875,100,0.5,1.904540e-01
2900,100,0.5,1.959030e-01
2925,100,0.5,2.015570e-01
2950,100,0.5,2.074190e-01
2975,100,0.5,2.134890e-01
3000,100,0.5,2.197700e-01
3025,100,0.5,2.262630e-01
3050,100,0.5,2.329710e-01
3075,100,0.5,2.398950e-01
3100,100,0.5,2.470350e-01
3125,100,0.5,2.543930e-01
3150,100,0.5,2.619710e-01
3175,100,0.5,2.697690e-01
3200,100,0.5,2.777880e-01
3225,100,0.5,2.860300e-01
3250,100,0.5,2.944950e-01
3275,100,0.5,3.031850e-01
3300,100,0.5,3.121000e-01
3325,100,0.5,3.212420e-01
3350,100,0.5,3.306140e-01
3375,100,0.5,3.402160e-01
3400,100,0.5,3.500510e-01
3425,100,0.5,3.601230e-01
3450,100,0.5,3.704340e-01
3475,100,0.5,3.809890e-01
3500,100,0.5,3.917930e-01
3525,100,0.5,4.028520e-01
3550,100,0.5,4.141740e-01
3575,100,0.5,4.257660e-01
3600,100,0.5,4.376400e-01
3625,100,0.5,4.498070e-01
3650,100,0.5,4.622810e-01
3675,100,0.5,4.750800e-01
3700,100,0.5,4.882220e-01
3725,100,0.5,5.017310e-01
3750,100,0.5,5.156320e-01
3775,100,0.5,5.299570e-01
3800,100,0.5,5.447410e-01
3825,100,0.5,5.600240e-01
3850,100,0.5,5.758540e-01
3875,100,0.5,5.922860e-01
3900,100,0.5,6.093810e-01
3925,100,0.5,6.272120e-01
3950,100,0.5,6.458610e-01
3975,100,0.5,6.654240e-01
4000,100,0.5,6.860090e-01
4025,100,0.5,7.077420e-01
4050,100,0.5,7.307660e-01
4075,100,0.5,7.552470e-01
4100,100,0.5,7.813750e-01
4125,100,0.5,8.093710e-01
4150,100,0.5,8.394880e-01
4175,100,0.5,8.720190e-01
4200,100,0.5,9.073050e-01
4225,100,0.5,9.457410e-01
4250,100,0.5,9.877890e-01
4275,100,0.5,1.033990e+00
4300,100,0.5,1.084980e+00
4325,100,0.5,1.141520e+00
4350,100,0.5,1.204490e+00
4375,100,0.5,1.274970e+00
4400,100,0.5,1.354240e+00
4425,100,0.5,1.443880e+00
4450,100,0.5,1.545800e+00
4475,100,0.5,1.662380e+00
4500,100,0.5,1.796580e+00
4525,100,0.5,1.952170e+00
4550,100,0.5,2.133980e+00
4575,100,0.5,2.348350e+00
4600,100,0.5,2.603680e+00
4625,100,0.5,2.911410e+00
4650,100,0.5,3.287490e+00
4675,100,0.5,3.754810e+00
4700,100,0.5,4.347410e+00
4725,100,0.5,5.118130e+00
4750,100,0.5,6.153450e+00
4775,100,0.5,7.605020e+00
4800,100,0.5,9.764120e+00
4825,100,0.5,1.326730e+01
4850,100,0.5,1.980940e+01
4875,100,0.5,3.580820e+01
4900,100,0.5,1.229710e+02
4925,100,0.5,2.000000e+02
4950,100,0.5,2.000000e+02
4975,100,0.5,2.000000e+02
5000,100,0.5,2.000000e+02
300,177.828,0.5,0.000000e+00
325,177.828,0.5,0.000000e+00
350,177.828,0.5,0.000000e+00
375,177.828,0.5,0.000000e+00
400,177.828,0.5,0.000000e+00
425,177.828,0.5,0.000000e+00
450,177.828,0.5,0.000000e+00
475,177.828,0.5,0.000000e+00
500,177.828,0.5,0.000000e+00
525,177.828,0.5,0.000000e+00
550,177.828,0.5,0.000000e+00
575,177.828,0.5,0.000000e+00
600,177.828,0.5,0.000000e+00
625,177.828,0.5,0.000000e+00
650,177.828,0.5,0.000000e+00
675,177.828,0.5,0.000000e+00
700,177.828,0.5,0.000000e+00
725,177.828,0.5,0.000000e+00
750,177.828,0.5,0.000000e+00
775,177.828,0.5,0.000000e+00
800,177.828,0.5,0.000000e+00
825,177.828,0.5,0.000000e+00
850,177.828,0.5,0.000000e+00
875,177.828,0.5,0.000000e+00
900,177.828,0.5,0.000000e+00
925,177.828,0.5,0.000000e+00
950,177.828,0.5,0.000000e+00
975,177.828,0.5,0.000000e+00
1000,177.828,0.5,0.000000e+00
1025,177.828,0.5,0.000000e+00
1050,177.828,0.5,0.000000e+00
1075,177.828,0.5,2.104580e-04
1100,177.828,0.5,5.670710e-03
1125,177.828,0.5,1.190720e-02
1150,177.828,0.5,1.888560e-02
1175,177.828,0.5,2.652250e-02
1200,177.828,0.5,3.468380e-02
1225,177.828,0.5,4.318880e-02
1250,177.828,0.5,5.182110e-02
1275,177.828,0.5,6.034570e-02
1300,177.828,0.5,6.852980e-02
1325,177.828,0.5,7.616510e-02
1350,177.828,0.5,8.308560e-02
1375,177.828,0.5,8.917970e-02
1400,177.828,0.5,9.439300e-02
1425,177.828,0.5,9.872390e-02
1450,177.828,0.5,1.022140e-01
1475,177.828,0.5,1.049350e-01
1500,177.828,0.5,1.069780e-01
1525,177.828,0.5,1.084400e-01
1550,177.828,0.5,1.094190e-01
1575,177.828,0.5,1.100070e-01
1600,177.828,0.5,1.102860e-01
1625,177.828,0.5,1.103300e-01
1650,177.828,0.5,1.101990e-01
1675,177.828,0.5,1.099460e-01
1700,177.828,0.5,1.096130e-01
1725,177.828,0.5,1.092350e-01
1750,177.828,0.5,1.088400e-01
1775,177.828,0.5,1.084510e-01
1800,177.828,0.5,1.080860e-01
1825,177.828,0.5,1.077580e-01
1850,177.828,0.5,1.074810e-01
1875,177.828,0.5,1.072620e-01
1900,177.828,0.5,1.071090e-01
1925,177.828,0.5,1.070280e-01
1950,177.828,0.5,1.070240e-01
1975,177.828,0.5,1.071010e-01
2000,177.828,0.5,1.072630e-01
2025,177.828,0.5,1.075130e-01
2050,177.828,0.5,1.078540e-01
2075,177.828,0.5,1.082890e-01
2100,177.828,0.5,1.088200e-01
2125,177.828,0.5,1.094520e-01
2150,177.828,0.5,1.101850e-01
2175,177.828,0.5,1.110240e-01
2200,177.828,0.5,1.119700e-01
2225,177.828,0.5,1.130280e-01
2250,177.828,0.5,1.142010e-01
2275,177.828,0.5,1.154910e-01
2300,177.828,0.5,1.169010e-01
2325,177.828,0.5,1.184370e-01
2350,177.828,0.5,1.201000e-01
2375,177.828,0.5,1.218940e-01
2400,177.828,0.5,1.238240e-01
2425,177.828,0.5,1.258930e-01
2450,177.828,0.5,1.281050e-01
2475,177.828,0.5,1.304640e-01
2500,177.828,0.5,1.329730e-01
2525,177.828,0.5,1.356370e-01
2550,177.828,0.5,1.384590e-01
2575,177.828,0.5,1.414430e-01
2600,177.828,0.5,1.445930e-01
2625,177.828,0.5,1.479140e-01
2650,177.828,0.5,1.514070e-01
2675,177.828,0.5,1.550780e-01
2700,177.828,0.5,1.589300e-01
2725,177.828,0.5,1.629670e-01
2750,177.828,0.5,1.671910e-01
2775,177.828,0.5,1.716050e-01
2800,177.828,0.5,1.762140e-01
2825,177.828,0.5,1.810200e-01
2850,177.828,0.5,1.860260e-01
2875,177.828,0.5,1.912350e-01
2900,177.828,0.5,1.966480e-01
2925,177.828,0.5,2.022690e-01
2950,177.828,0.5,2.080990e-01
2975,177.828,0.5,2.141410e-01
3000,177.828,0.5,2.203960e-01
3025,177.828,0.5,2.268670e-01
3050,177.828,0.5,2.335530e-01
3075,177.828,0.5,2.404580e-01
3100,177.828,0.5,2.475810e-01
3125,177.828,0.5,2.549240e-01
3150,177.828,0.5,2.624880e-01
3175,177.828,0.5,2.702740e-01
3200,177.828,0.5,2.782810e-01
3225,177.828,0.5,2.865100e-01
3250,177.828,0.5,2.949630e-01
3275,177.828,0.5,3.036380e-01
3300,177.828,0.5,3.125370e-01
3325,177.828,0.5,3.216600e-01
3350,177.828,0.5,3.310060e-01
3375,177.828,0.5,3.405770e-01
3400,177.828,0.5,3.503740e-01
3425,177.828,0.5,3.603960e-01
3450,177.828,0.5,3.706440e-01
3475,177.828,0.5,3.811210e-01
3500,177.828,0.5,3.918280e-01
3525,177.828,0.5,4.027670e-01
3550,177.828,0.5,4.139400e-01
3575,177.828,0.5,4.253520e-01
3600,177.828,0.5,4.370070e-01
3625,177.828,0.5,4.489090e-01
3650,177.828,0.5,4.610650e-01
3675,177.828,0.5,4.734840e-01
3700,177.828,0.5,4.861730e-01
3725,177.828,0.5,4.991450e-01
3750,177.828,0.5,5.124110e-01
3775,177.828,0.5,5.259880e-01
3800,177.828,0.5,5.398920e-01
3825,177.828,0.5,5.541460e-01
3850,177.828,0.5,5.687710e-01
3875,177.828,0.5,5.837980e-01
3900,177.828,0.5,5.992580e-01
3925,177.828,0.5,6.151870e-01
3950,177.828,0.5,6.316300e-01
3975,177.828,0.5,6.486360e-01
4000,177.828,0.5,6.662610e-01
4025,177.828,0.5,6.845690e-01
4050,177.828,0.5,7.036360e-01
4075,177.828,0.5,7.235460e-01
4100,177.828,0.5,7.443970e-01
4125,177.828,0.5,7.663000e-01
4150,177.828,0.5,7.893830e-01
4175,177.828,0.5,8.137900e-01
4200,177.828,0.5,8.396910e-01
4225,177.828,0.5,8.672740e-01
4250,177.828,0.5,8.967620e-01
4275,177.828,0.5,9.284070e-01
4300,177.828,0.5,9.625000e-01
4325,177.828,0.5,9.993780e-01
4350,177.828,0.5,1.039430e+00
4375,177.828,0.5,1.083110e+00
4400,177.828,0.5,1.130950e+00
4425,177.828,0.5,1.183570e+00
4450,177.828,0.5,1.241690e+00
4475,177.828,0.5,1.306190e+00
4500,177.828,0.5,1.378070e+00
4525,177.828,0.5,1.458590e+00
4550,177.828,0.5,1.549210e+00
4575,177.828,0.5,1.651760e+00
4600,177.828,0.5,1.768450e+00
4625,177.828,0.5,1.902050e+00
4650,177.828,0.5,2.056030e+00
4675,177.828,0.5,2.234800e+00
4700,177.828,0.5,2.444090e+00
4725,177.828,0.5,2.691420e+00
4750,177.828,0.5,2.986860e+00
4775,177.828,0.5,3.344250e+00
4800,177.828,0.5,3.783090e+00
4825,177.828,0.5,4.331720e+00
4850,177.828,0.5,5.032960e+00
4875,177.828,0.5,5.954500e+00
4900,177.828,0.5,7.209930e+00
4925,177.828,0.5,9.004790e+00
4950,177.828,0.5,1.175170e+01
4975,177.828,0.5,1.641270e+01
5000,177.828,0.5,2.584180e+01
300,316.228,0.5,0.000000e+00
325,316.228,0.5,0.000000e+00
350,316.228,0.5,0.000000e+00
375,316.228,0.5,0.000000e+00
400,316.228,0.5,0.000000e+00
425,316.228,0.5,0.000000e+00
450,316.228,0.5,0.000000e+00
475,316.228,0.5,0.000000e+00
500,316.228,0.5,0.000000e+00
525,316.228,0.5,0.000000e+00
550,316.228,0.5,0.000000e+00
575,316.228,0.5,0.000000e+00
600,316.228,0.5,0.000000e+00
625,316.228,0.5,0.000000e+00
650,316.228,0.5,0.000000e+00
675,316.228,0.5,0.000000e+00
700,316.228,0.5,0.000000e+00
725,316.228,0.5,0.000000e+00
750,316.228,0.5,0.000000e+00
775,316.228,0.5,0.000000e+00
800,316.228,0.5,0.000000e+00
825,316.228,0.5,0.000000e+00
850,316.228,0.5,0.000000e+00
875,316.228,0.5,0.000000e+00
900,316.228,0.5,0.000000e+00
925,316.228,0.5,0.000000e+00
950,316.228,0.5,0.000000e+00
975,316.228,0.5,0.000000e+00
1000,316.228,0.5,0.000000e+00
1025,316.228,0.5,0.000000e+00
1050,316.228,0.5,0.000000e+00
1075,316.228,0.5,0.000000e+00
1100,316.228,0.5,3.967710e-03
1125,316.228,0.5,9.093460e-03
1150,316.228,0.5,1.488520e-02
1175,316.228,0.5,2.132480e-02
1200,316.228,0.5,2.835910e-02
1225,316.228,0.5,3.589740e-02
1250,316.228,0.5,4.381290e-02
1275,316.228,0.5,5.194790e-02
1300,316.228,0.5,6.012290e-02
1325,316.228,0.5,6.814930e-02
1350,316.228,0.5,7.584380e-02
1375,316.228,0.5,8.304340e-02
1400,316.228,0.5,8.961650e-02
1425,316.228,0.5,9.547120e-02
1450,316.228,0.5,1.005570e-01
1475,316.228,0.5,1.048650e-01
1500,316.228,0.5,1.084160e-01
1525,316.228,0.5,1.112610e-01
1550,316.228,0.5,1.134670e-01
1575,316.228,0.5,1.151080e-01
1600,316.228,0.5,1.162660e-01
1625,316.228,0.5,1.170180e-01
1650,316.228,0.5,1.174390e-01
1675,316.228,0.5,1.175950e-01
1700,316.228,0.5,1.175460e-01
1725,316.228,0.5,1.173440e-01
1750,316.228,0.5,1.170350e-01
1775,316.228,0.5,1.166550e-01
1800,316.228,0.5,1.162360e-01
1825,316.228,0.5,1.158050e-01
1850,316.228,0.5,1.153840e-01
1875,316.228,0.5,1.149910e-01
1900,316.228,0.5,1.146400e-01
1925,316.228,0.5,1.143450e-01
1950,316.228,0.5,1.141140e-01
1975,316.228,0.5,1.139570e-01
2000,316.228,0.5,1.138810e-01
2025,316.228,0.5,1.138920e-01
2050,316.228,0.5,1.139940e-01
2075,316.228,0.5,1.141930e-01
2100,316.228,0.5,1.144930e-01
2125,316.228,0.5,1.148960e-01
2150,316.228,0.5,1.154080e-01
2175,316.228,0.5,1.160310e-01
2200,316.228,0.5,1.167690e-01
2225,316.228,0.5,1.176240e-01
2250,316.228,0.5,1.186000e-01
2275,316.228,0.5,1.197010e-01
2300,316.228,0.5,1.209290e-01
2325,316.228,0.5,1.222880e-01
2350,316.228,0.5,1.237810e-01
2375,316.228,0.5,1.254120e-01
2400,316.228,0.5,1.271850e-01
2425,316.228,0.5,1.291020e-01
2450,316.228,0.5,1.311680e-01
2475,316.228,0.5,1.333850e-01
2500,316.228,0.5,1.357590e-01
2525,316.228,0.5,1.382920e-01
2550,316.228,0.5,1.409880e-01
2575,316.228,0.5,1.438510e-01
2600,316.228,0.5,1.468840e-01
2625,316.228,0.5,1.500920e-01
2650,316.228,0.5,1.534780e-01
2675,316.228,0.5,1.570440e-01
2700,316.228,0.5,1.607960e-01
2725,316.228,0.5,1.647360e-01
2750,316.228,0.5,1.688670e-01
2775,316.228,0.5,1.731920e-01
2800,316.228,0.5,1.777160e-01
2825,316.228,0.5,1.824400e-01
2850,316.228,0.5,1.873670e-01
2875,316.228,0.5,1.925000e-01
2900,316.228,0.5,1.978420e-01
2925,316.228,0.5,2.033950e-01
2950,316.228,0.5,2.091600e-01
2975,316.228,0.5,2.151400e-01
3000,316.228,0.5,2.213370e-01
3025,316.228,0.5,2.277520e-01
3050,316.228,0.5,2.343860e-01
3075,316.228,0.5,2.412410e-01
3100,316.228,0.5,2.483180e-01
3125,316.228,0.5,2.556170e-01
3150,316.228,0.5,2.631400e-01
3175,316.228,0.5,2.708860e-01
3200,316.228,0.5,2.788560e-01
3225,316.228,0.5,2.870500e-01
3250,316.228,0.5,2.954680e-01
3275,316.228,0.5,3.041100e-01
3300,316.228,0.5,3.129760e-01
3325,316.228,0.5,3.220640e-01
3350,316.228,0.5,3.313760e-01
3375,316.228,0.5,3.409090e-01
3400,316.228,0.5,3.506640e-01
3425,316.228,0.5,3.606390e-01
3450,316.228,0.5,3.708360e-01
3475,316.228,0.5,3.812520e-01
3500,316.228,0.5,3.918870e-01
3525,316.228,0.5,4.027420e-01
3550,316.228,0.5,4.138170e-01
3575,316.228,0.5,4.251110e-01
3600,316.228,0.5,4.366260e-01
3625,316.228,0.5,4.483630e-01
3650,316.228,0.5,4.603230e-01
3675,316.228,0.5,4.725100e-01
3700,316.228,0.5,4.849250e-01
3725,316.228,0.5,4.975730e-01
3750,316.228,0.5,5.104600e-01
3775,316.228,0.5,5.235910e-01
3800,316.228,0.5,5.369750e-01
3825,316.228,0.5,5.506200e-01
3850,316.228,0.5,5.645380e-01
3875,316.228,0.5,5.787420e-01
3900,316.228,0.5,5.932470e-01
3925,316.228,0.5,6.080710e-01
3950,316.228,0.5,6.232370e-01
3975,316.228,0.5,6.387680e-01
4000,316.228,0.5,6.546940e-01
4025,316.228,0.5,6.710470e-01
4050,316.228,0.5,6.878650e-01
4075,316.228,0.5,7.051920e-01
4100,316.228,0.5,7.230770e-01
4125,316.228,0.5,7.415790e-01
4150,316.228,0.5,7.607610e-01
4175,316.228,0.5,7.806990e-01
4200,316.228,0.5,8.014780e-01
4225,316.228,0.5,8.231940e-01
4250,316.228,0.5,8.459570e-01
4275,316.228,0.5,8.698940e-01
4300,316.228,0.5,8.951470e-01
4325,316.228,0.5,9.218800e-01
4350,316.228,0.5,9.502780e-01
4375,316.228,0.5,9.805570e-01
4400,316.228,0.5,1.012960e+00
4425,316.228,0.5,1.047760e+00
4450,316.228,0.5,1.085290e+00
4475,316.228,0.5,1.125920e+00
4500,316.228,0.5,1.170070e+00
4525,316.228,0.5,1.218250e+00
4550,316.228,0.5,1.271020e+00
4575,316.228,0.5,1.329080e+00
4600,316.228,0.5,1.393210e+00
4625,316.228,0.5,1.464370e+00
4650,316.228,0.5,1.543670e+00
4675,316.228,0.5,1.632460e+00
4700,316.228,0.5,1.732360e+00
4725,316.228,0.5,1.845350e+00
4750,316.228,0.5,1.973860e+00
4775,316.228,0.5,2.120910e+00
4800,316.228,0.5,2.290310e+00
4825,316.228,0.5,2.486900e+00
4850,316.228,0.5,2.716970e+00
4875,316.228,0.5,2.988780e+00
4900,316.228,0.5,3.313460e+00
4925,316.228,0.5,3.706290e+00
4950,316.228,0.5,4.188880e+00
4975,316.228,0.5,4.792760e+00
5000,316.228,0.5,5.565710e+00
300,562.341,0.5,0.000000e+00
325,562.341,0.5,0.000000e+00
350,562.341,0.5,0.000000e+00
375,562.341,0.5,0.000000e+00
400,562.341,0.5,0.000000e+00
425,562.341,0.5,0.000000e+00
450,562.341,0.5,0.000000e+00
475,562.341,0.5,0.000000e+00
500,562.341,0.5,0.000000e+00
525,562.341,0.5,0.000000e+00
550,562.341,0.5,0.000000e+00
575,562.341,0.5,0.000000e+00
600,562.341,0.5,0.000000e+00
625,562.341,0.5,0.000000e+00
650,562.341,0.5,0.000000e+00
675,562.341,0.5,0.000000e+00
700,562.341,0.5,0.000000e+00
725,562.341,0.5,0.000000e+00
750,562.341,0.5,0.000000e+00
775,562.341,0.5,0.000000e+00
800,562.341,0.5,0.000000e+00
825,562.341,0.5,0.000000e+00
850,562.341,0.5,0.000000e+00
875,562.341,0.5,0.000000e+00
900,562.341,0.5,0.000000e+00
925,562.341,0.5,0.000000e+00
950,562.341,0.5,0.000000e+00
975,562.341,0.5,0.000000e+00
1000,562.341,0.5,0.000000e+00
1025,562.341,0.5,0.000000e+00
1050,562.341,0.5,0.000000e+00
1075,562.341,0.5,0.000000e+00
1100,562.341,0.5,2.937540e-03
1125,562.341,0.5,7.177130e-03
1150,562.341,0.5,1.197290e-02
1175,562.341,0.5,1.734030e-02
1200,562.341,0.5,2.327290e-02
1225,562.341,0.5,2.973910e-02
1250,562.341,0.5,3.668060e-02
1275,562.341,0.5,4.401170e-02
1300,562.341,0.5,5.162190e-02
1325,562.341,0.5,5.938000e-02
1350,562.341,0.5,6.714140e-02
1375,562.341,0.5,7.475680e-02
1400,562.341,0.5,8.208170e-02
1425,562.341,0.5,8.898640e-02
1450,562.341,0.5,9.536340e-02
1475,562.341,0.5,1.011330e-01
1500,562.341,0.5,1.062460e-01
1525,562.341,0.5,1.106830e-01
1550,562.341,0.5,1.144480e-01
1575,562.341,0.5,1.175710e-01
1600,562.341,0.5,1.200960e-01
1625,562.341,0.5,1.220770e-01
1650,562.341,0.5,1.235760e-01
1675,562.341,0.5,1.246560e-01
1700,562.341,0.5,1.253800e-01
1725,562.341,0.5,1.258070e-01
1750,562.341,0.5,1.259930e-01
1775,562.341,0.5,1.259880e-01
1800,562.341,0.5,1.258370e-01
1825,562.341,0.5,1.255790e-01
1850,562.341,0.5,1.252490e-01
1875,562.341,0.5,1.248770e-01
1900,562.341,0.5,1.244870e-01
1925,562.341,0.5,1.241040e-01
1950,562.341,0.5,1.237440e-01
1975,562.341,0.5,1.234240e-01
2000,562.341,0.5,1.231590e-01
2025,562.341,0.5,1.229580e-01
2050,562.341,0.5,1.228340e-01
2075,562.341,0.5,1.227930e-01
2100,562.341,0.5,1.228450e-01
2125,562.341,0.5,1.229950e-01
2150,562.341,0.5,1.232500e-01
2175,562.341,0.5,1.236140e-01
2200,562.341,0.5,1.240940e-01
2225,562.341,0.5,1.246930e-01
2250,562.341,0.5,1.254150e-01
2275,562.341,0.5,1.262650e-01
2300,562.341,0.5,1.272470e-01
2325,562.341,0.5,1.283640e-01
2350,562.341,0.5,1.296200e-01
2375,562.341,0.5,1.310200e-01
2400,562.341,0.5,1.325660e-01
2425,562.341,0.5,1.342620e-01
2450,562.341,0.5,1.361130e-01
2475,562.341,0.5,1.381210e-01
2500,562.341,0.5,1.402900e-01
2525,562.341,0.5,1.426240e-01
2550,562.341,0.5,1.451270e-01
2575,562.341,0.5,1.478020e-01
2600,562.341,0.5,1.506530e-01
2625,562.341,0.5,1.536830e-01
2650,562.341,0.5,1.568960e-01
2675,562.341,0.5,1.602960e-01
2700,562.341,0.5,1.638850e-01
2725,562.341,0.5,1.676670e-01
2750,562.341,0.5,1.716450e-01
2775,562.341,0.5,1.758220e-01
2800,562.341,0.5,1.802020e-01
2825,562.341,0.5,1.847860e-01
2850,562.341,0.5,1.895790e-01
2875,562.341,0.5,1.945820e-01
2900,562.341,0.5,1.997980e-01
2925,562.341,0.5,2.052290e-01
2950,562.341,0.5,2.108770e-01
2975,562.341,0.5,2.167440e-01
3000,562.341,0.5,2.228320e-01
3025,562.341,0.5,2.291430e-01
3050,562.341,0.5,2.356770e-01
3075,562.341,0.5,2.424360e-01
3100,562.341,0.5,2.494210e-01
3125,562.341,0.5,2.566320e-01
3150,562.341,0.5,2.640700e-01
3175,562.341,0.5,2.717360e-01
3200,562.341,0.5,2.796290e-01
3225,562.341,0.5,2.877500e-01
3250,562.341,0.5,2.960970e-01
3275,562.341,0.5,3.046710e-01
3300,562.341,0.5,3.134710e-01
3325,562.341,0.5,3.224960e-01
3350,562.341,0.5,3.317450e-01
3375,562.341,0.5,3.412170e-01
3400,562.341,0.5,3.509110e-01
3425,562.341,0.5,3.608240e-01
3450,562.341,0.5,3.709560e-01
3475,562.341,0.5,3.813050e-01
3500,562.341,0.5,3.918700e-01
3525,562.341,0.5,4.026480e-01
3550,562.341,0.5,4.136390e-01
3575,562.341,0.5,4.248400e-01
3600,562.341,0.5,4.362500e-01
3625,562.341,0.5,4.478680e-01
3650,562.341,0.5,4.596920e-01
3675,562.341,0.5,4.717230e-01
3700,562.341,0.5,4.839590e-01
3725,562.341,0.5,4.964000e-01
3750,562.341,0.5,5.090470e-01
3775,562.341,0.5,5.219010e-01
3800,562.341,0.5,5.349640e-01
3825,562.341,0.5,5.482380e-01
3850,562.341,0.5,5.617260e-01
3875,562.341,0.5,5.754350e-01
3900,562.341,0.5,5.893690e-01
3925,562.341,0.5,6.035350e-01
3950,562.341,0.5,6.179440e-01
3975,562.341,0.5,6.326060e-01
4000,562.341,0.5,6.475330e-01
4025,562.341,0.5,6.627430e-01
4050,562.341,0.5,6.782510e-01
4075,562.341,0.5,6.940810e-01
4100,562.341,0.5,7.102560e-01
4125,562.341,0.5,7.268060e-01
4150,562.341,0.5,7.437620e-01
4175,562.341,0.5,7.611620e-01
4200,562.341,0.5,7.790500e-01
4225,562.341,0.5,7.974750e-01
4250,562.341,0.5,8.164920e-01
4275,562.341,0.5,8.361670e-01
4300,562.341,0.5,8.565700e-01
4325,562.341,0.5,8.777860e-01
4350,562.341,0.5,8.999060e-01
4375,562.341,0.5,9.230380e-01
4400,562.341,0.5,9.473010e-01
4425,562.341,0.5,9.728320e-01
4450,562.341,0.5,9.997860e-01
4475,562.341,0.5,1.028340e+00
4500,562.341,0.5,1.058690e+00
4525,562.341,0.5,1.091070e+00
4550,562.341,0.5,1.125730e+00
4575,562.341,0.5,1.162980e+00
4600,562.341,0.5,1.203150e+00
4625,562.341,0.5,1.246640e+00
4650,562.341,0.5,1.293900e+00
4675,562.341,0.5,1.345440e+00
4700,562.341,0.5,1.401880e+00
4725,562.341,0.5,1.463920e+00
4750,562.341,0.5,1.532390e+00
4775,562.341,0.5,1.608280e+00
4800,562.341,0.5,1.692730e+00
4825,562.341,0.5,1.787160e+00
4850,562.341,0.5,1.893220e+00
4875,562.341,0.5,2.012950e+00
4900,562.341,0.5,2.148850e+00
4925,562.341,0.5,2.304010e+00
4950,562.341,0.5,2.482310e+00
4975,562.341,0.5,2.688680e+00
5000,562.341,0.5,2.929480e+00
300,1000,0.5,0.000000e+00
325,1000,0.5,0.000000e+00
350,1000,0.5,0.000000e+00
375,1000,0.5,0.000000e+00
400,1000,0.5,0.000000e+00
425,1000,0.5,0.000000e+00
450,1000,0.5,0.000000e+00
475,1000,0.5,0.000000e+00
500,1000,0.5,0.000000e+00
525,1000,0.5,0.000000e+00
550,1000,0.5,0.000000e+00
575,1000,0.5,0.000000e+00
600,1000,0.5,0.000000e+00
625,1000,0.5,0.000000e+00
650,1000,0.5,0.000000e+00
675,1000,0.5,0.000000e+00
700,1000,0.5,0.000000e+00
725,1000,0.5,0.000000e+00
750,1000,0.5,0.000000e+00
775,1000,0.5,0.000000e+00
800,1000,0.5,0.000000e+00
825,1000,0.5,0.000000e+00
850,1000,0.5,0.000000e+00
875,1000,0.5,0.000000e+00
900,1000,0.5,0.000000e+00
925,1000,0.5,0.000000e+00
950,1000,0.5,0.000000e+00
975,1000,0.5,0.000000e+00
1000,1000,0.5,0.000000e+00
1025,1000,0.5,0.000000e+00
1050,1000,0.5,0.000000e+00
1075,1000,0.5,0.000000e+00
1100,1000,0.5,2.319700e-03
1125,1000,0.5,5.869440e-03
1150,1000,0.5,9.862480e-03
1175,1000,0.5,1.432830e-02
1200,1000,0.5,1.928340e-02
1225,1000,0.5,2.472920e-02
1250,1000,0.5,3.064940e-02
1275,1000,0.5,3.700860e-02
1300,1000,0.5,4.375160e-02
1325,1000,0.5,5.080430e-02
1350,1000,0.5,5.807510e-02
1375,1000,0.5,6.545890e-02
1400,1000,0.5,7.284150e-02
1425,1000,0.5,8.010580e-02
1450,1000,0.5,8.713830e-02
1475,1000,0.5,9.383480e-02
1500,1000,0.5,1.001060e-01
1525,1000,0.5,1.058830e-01
1550,1000,0.5,1.111150e-01
1575,1000,0.5,1.157740e-01
1600,1000,0.5,1.198540e-01
1625,1000,0.5,1.233620e-01
1650,1000,0.5,1.263250e-01
1675,1000,0.5,1.287770e-01
1700,1000,0.5,1.307600e-01
1725,1000,0.5,1.323230e-01
1750,1000,0.5,1.335140e-01
1775,1000,0.5,1.343830e-01
1800,1000,0.5,1.349780e-01
1825,1000,0.5,1.353440e-01
1850,1000,0.5,1.355230e-01
1875,1000,0.5,1.355550e-01
1900,1000,0.5,1.354740e-01
1925,1000,0.5,1.353120e-01
1950,1000,0.5,1.350970e-01
1975,1000,0.5,1.348530e-01
2000,1000,0.5,1.346040e-01
2025,1000,0.5,1.343690e-01
2050,1000,0.5,1.341640e-01
2075,1000,0.5,1.340050e-01
2100,1000,0.5,1.339060e-01
2125,1000,0.5,1.338770e-01
2150,1000,0.5,1.339300e-01
2175,1000,0.5,1.340740e-01
2200,1000,0.5,1.343170e-01
2225,1000,0.5,1.346670e-01
2250,1000,0.5,1.351300e-01
2275,1000,0.5,1.357140e-01
2300,1000,0.5,1.364240e-01
2325,1000,0.5,1.372660e-01
2350,1000,0.5,1.382450e-01
2375,1000,0.5,1.393650e-01
2400,1000,0.5,1.406320e-01
2425,1000,0.5,1.420500e-01
2450,1000,0.5,1.436230e-01
2475,1000,0.5,1.453560e-01
2500,1000,0.5,1.472530e-01
2525,1000,0.5,1.493180e-01
2550,1000,0.5,1.515550e-01
2575,1000,0.5,1.539670e-01
2600,1000,0.5,1.565590e-01
2625,1000,0.5,1.593350e-01
2650,1000,0.5,1.622980e-01
2675,1000,0.5,1.654510e-01
2700,1000,0.5,1.687980e-01
2725,1000,0.5,1.723430e-01
2750,1000,0.5,1.760890e-01
2775,1000,0.5,1.800390e-01
2800,1000,0.5,1.841960e-01
2825,1000,0.5,1.885630e-01
2850,1000,0.5,1.931430e-01
2875,1000,0.5,1.979380e-01
2900,1000,0.5,2.029510e-01
2925,1000,0.5,2.081850e-01
2950,1000,0.5,2.136410e-01
2975,1000,0.5,2.193210e-01
3000,1000,0.5,2.252270e-01
3025,1000,0.5,2.313610e-01
3050,1000,0.5,2.377240e-01
3075,1000,0.5,2.443180e-01
3100,1000,0.5,2.511430e-01
3125,1000,0.5,2.581990e-01
3150,1000,0.5,2.654880e-01
3175,1000,0.5,2.730100e-01
3200,1000,0.5,2.807650e-01
3225,1000,0.5,2.887520e-01
3250,1000,0.5,2.969710e-01
3275,1000,0.5,3.054220e-01
3300,1000,0.5,3.141030e-01
3325,1000,0.5,3.230140e-01
3350,1000,0.5,3.321540e-01
3375,1000,0.5,3.415200e-01
3400,1000,0.5,3.511100e-01
3425,1000,0.5,3.609240e-01
3450,1000,0.5,3.709590e-01
3475,1000,0.5,3.812120e-01
3500,1000,0.5,3.916820e-01
3525,1000,0.5,4.023640e-01
3550,1000,0.5,4.132580e-01
3575,1000,0.5,4.243600e-01
3600,1000,0.5,4.356670e-01
3625,1000,0.5,4.471760e-01
3650,1000,0.5,4.588840e-01
3675,1000,0.5,4.707890e-01
3700,1000,0.5,4.828880e-01
3725,1000,0.5,4.951780e-01
3750,1000,0.5,5.076570e-01
3775,1000,0.5,5.203220e-01
3800,1000,0.5,5.331720e-01
3825,1000,0.5,5.462050e-01
3850,1000,0.5,5.594210e-01
3875,1000,0.5,5.728190e-01
3900,1000,0.5,5.863980e-01
3925,1000,0.5,6.001610e-01
3950,1000,0.5,6.141100e-01
3975,1000,0.5,6.282460e-01
4000,1000,0.5,6.425750e-01
4025,1000,0.5,6.571020e-01
4050,1000,0.5,6.718330e-01
4075,1000,0.5,6.867780e-01
4100,1000,0.5,7.019470e-01
4125,1000,0.5,7.173520e-01
4150,1000,0.5,7.330100e-01
4175,1000,0.5,7.489360e-01
4200,1000,0.5,7.651540e-01
4225,1000,0.5,7.816850e-01
4250,1000,0.5,7.985580e-01
4275,1000,0.5,8.158060e-01
4300,1000,0.5,8.334640e-01
4325,1000,0.5,8.515740e-01
4350,1000,0.5,8.701830e-01
4375,1000,0.5,8.893460e-01
4400,1000,0.5,9.091230e-01
4425,1000,0.5,9.295820e-01
4450,1000,0.5,9.508030e-01
4475,1000,0.5,9.728720e-01
4500,1000,0.5,9.958890e-01
4525,1000,0.5,1.019970e+00
4550,1000,0.5,1.045230e+00
4575,1000,0.5,1.071820e+00
4600,1000,0.5,1.099900e+00
4625,1000,0.5,1.129650e+00
4650,1000,0.5,1.161280e+00
4675,1000,0.5,1.195020e+00
4700,1000,0.5,1.231140e+00
4725,1000,0.5,1.269930e+00
4750,1000,0.5,1.311750e+00
4775,1000,0.5,1.356980e+00
4800,1000,0.5,1.406090e+00
4825,1000,0.5,1.459590e+00
4850,1000,0.5,1.518080e+00
4875,1000,0.5,1.582270e+00
4900,1000,0.5,1.652980e+00
4925,1000,0.5,1.731170e+00
4950,1000,0.5,1.817970e+00
4975,1000,0.5,1.914760e+00
5000,1000,0.5,2.023130e+00
300,0.001,1,0.000000e+00
325,0.001,1,0.000000e+00
350,0.001,1,0.000000e+00
375,0.001,1,0.000000e+00
400,0.001,1,0.000000e+00
425,0.001,1,0.000000e+00
450,0.001,1,0.000000e+00
475,0.001,1,0.000000e+00
500,0.001,1,0.000000e+00
525,0.001,1,0.000000e+00
550,0.001,1,0.000000e+00
575,0.001,1,0.000000e+00
600,0.001,1,0.000000e+00
625,0.001,1,0.000000e+00
650,0.001,1,0.000000e+00
675,0.001,1,0.000000e+00
700,0.001,1,0.000000e+00
725,0.001,1,0.000000e+00
750,0.001,1,0.000000e+00
775,0.001,1,0.000000e+00
800,0.001,1,0.000000e+00
825,0.001,1,0.000000e+00
850,0.001,1,0.000000e+00
875,0.001,1,1.710720e-03
900,0.001,1,2.669910e-03
925,0.001,1,3.170220e-03
950,0.001,1,3.439030e-03
975,0.001,1,3.587730e-03
1000,0.001,1,3.672470e-03
1025,0.001,1,3.722400e-03
1050,0.001,1,3.753140e-03
1075,0.001,1,3.773340e-03
1100,0.001,1,3.787950e-03
1125,0.001,1,3.800000e-03
1150,0.001,1,3.811400e-03
1175,0.001,1,3.823530e-03
1200,0.001,1,3.837420e-03
1225,0.001,1,3.854000e-03
1250,0.001,1,3.874130e-03
1275,0.001,1,3.898680e-03
1300,0.001,1,3.928580e-03
1325,0.001,1,3.964820e-03
1350,0.001,1,4.008470e-03
1375,0.001,1,4.060720e-03
1400,0.001,1,4.122860e-03
1425,0.001,1,4.196290e-03
1450,0.001,1,4.282560e-03
1475,0.001,1,4.383310e-03
1500,0.001,1,4.500360e-03
1525,0.001,1,4.635660e-03
1550,0.001,1,4.791280e-03
1575,0.001,1,4.969470e-03
1600,0.001,1,5.172620e-03
1625,0.001,1,5.403280e-03
1650,0.001,1,5.664140e-03
1675,0.001,1,5.958080e-03
1700,0.001,1,6.288100e-03
1725,0.001,1,6.657370e-03
1750,0.001,1,7.069200e-03
1775,0.001,1,7.527030e-03
1800,0.001,1,8.034450e-03
1825,0.001,1,8.595120e-03
1850,0.001,1,9.212810e-03
1875,0.001,1,9.891360e-03
1900,0.001,1,1.063460e-02
1925,0.001,1,1.144630e-02
1950,0.001,1,1.233040e-02
1975,0.001,1,1.329030e-02
2000,0.001,1,1.432950e-02
2025,0.001,1,1.545120e-02
2050,0.001,1,1.665820e-02
2075,0.001,1,1.795270e-02
2100,0.001,1,1.933650e-02
2125,0.001,1,2.081060e-02
2150,0.001,1,2.237540e-02
2175,0.001,1,2.403030e-02
2200,0.001,1,2.577410e-02
2225,0.001,1,2.760460e-02
2250,0.001,1,2.951930e-02
2275,0.001,1,3.151520e-02
2300,0.001,1,3.358990e-02
2325,0.001,1,3.574260e-02
2350,0.001,1,3.797560e-02
2375,0.001,1,4.029630e-02
2400,0.001,1,4.272150e-02
2425,0.001,1,4.528100e-02
2450,0.001,1,4.802510e-02
2475,0.001,1,5.103300e-02
2500,0.001,1,5.442500e-02
2525,0.001,1,5.837790e-02
2550,0.001,1,6.314650e-02
2575,0.001,1,6.909050e-02
2600,0.001,1,7.671010e-02
2625,0.001,1,8.669330e-02
2650,0.001,1,9.997690e-02
2675,0.001,1,1.178290e-01
2700,0.001,1,1.419620e-01
2725,0.001,1,1.746800e-01
2750,0.001,1,2.191010e-01
2775,0.001,1,2.794560e-01
2800,0.001,1,3.615520e-01
2825,0.001,1,4.734650e-01
2850,0.001,1,6.266480e-01
2875,0.001,1,8.377780e-01
2900,0.001,1,1.131990e+00
2925,0.001,1,1.548930e+00
2950,0.001,1,2.154900e+00
2975,0.001,1,3.070040e+00
3000,0.001,1,4.537010e+00
3025,0.001,1,7.131750e+00
3050,0.001,1,1.263500e+01
3075,0.001,1,3.060050e+01
3100,0.001,1,2.000000e+02
3125,0.001,1,2.000000e+02
3150,0.001,1,2.000000e+02
3175,0.001,1,2.000000e+02
3200,0.001,1,2.000000e+02
3225,0.001,1,2.000000e+02
3250,0.001,1,2.000000e+02
3275,0.001,1,2.000000e+02
3300,0.001,1,2.000000e+02
3325,0.001,1,2.000000e+02
3350,0.001,1,2.000000e+02
3375,0.001,1,2.000000e+02
3400,0.001,1,2.000000e+02
3425,0.001,1,2.000000e+02
3450,0.001,1,2.000000e+02
3475,0.001,1,2.000000e+02
3500,0.001,1,2.000000e+02
3525,0.001,1,2.000000e+02
3550,0.001,1,2.000000e+02
3575,0.001,1,2.000000e+02
3600,0.001,1,2.000000e+02
3625,0.001,1,2.000000e+02
3650,0.001,1,2.000000e+02
3675,0.001,1,2.000000e+02
3700,0.001,1,2.000000e+02
3725,0.001,1,2.000000e+02
3750,0.001,1,2.000000e+02
3775,0.001,1,2.000000e+02
3800,0.001,1,2.000000e+02
3825,0.001,1,2.000000e+02
3850,0.001,1,2.000000e+02
3875,0.001,1,2.000000e+02
3900,0.001,1,2.000000e+02
3925,0.001,1,2.000000e+02
3950,0.001,1,2.000000e+02
3975,0.001,1,2.000000e+02
4000,0.001,1,2.000000e+02
4025,0.001,1,2.000000e+02
4050,0.001,1,2.000000e+02
4075,0.001,1,2.000000e+02
4100,0.001,1,2.000000e+02
4125,0.001,1,2.000000e+02
4150,0.001,1,2.000000e+02
4175,0.001,1,2.000000e+02
4200,0.001,1,2.000000e+02
4225,0.001,1,2.000000e+02
4250,0.001,1,2.000000e+02
4275,0.001,1,2.000000e+02
4300,0.001,1,2.000000e+02
4325,0.001,1,2.000000e+02
4350,0.001,1,2.000000e+02
4375,0.001,1,2.000000e+02
4400,0.001,1,2.000000e+02
4425,0.001,1,2.000000e+02
4450,0.001,1,2.000000e+02
4475,0.001,1,2.000000e+02
4500,0.001,1,2.000000e+02
4525,0.001,1,2.000000e+02
4550,0.001,1,2.000000e+02
4575,0.001,1,2.000000e+02
4600,0.001,1,2.000000e+02
4625,0.001,1,2.000000e+02
4650,0.001,1,2.000000e+02
4675,0.001,1,2.000000e+02
4700,0.001,1,2.000000e+02
4725,0.001,1,2.000000e+02
4750,0.001,1,2.000000e+02
4775,0.001,1,2.000000e+02
4800,0.001,1,2.000000e+02
4825,0.001,1,2.000000e+02
4850,0.001,1,2.000000e+02
4875,0.001,1,2.000000e+02
4900,0.001,1,2.000000e+02
4925,0.001,1,2.000000e+02
4950,0.001,1,2.000000e+02
4975,0.001,1,2.000000e+02
5000,0.001,1,2.000000e+02
300,0.00177828,1,0.000000e+00
325,0.00177828,1,0.000000e+00
350,0.00177828,1,0.000000e+00
375,0.00177828,1,0.000000e+00
400,0.00177828,1,0.000000e+00
425,0.00177828,1,0.000000e+00
450,0.00177828,1,0.000000e+00
475,0.00177828,1,0.000000e+00
500,0.00177828,1,0.000000e+00
525,0.00177828,1,0.000000e+00
550,0.00177828,1,0.000000e+00
575,0.00177828,1,0.000000e+00
600,0.00177828,1,0.000000e+00
625,0.00177828,1,0.000000e+00
650,0.00177828,1,0.000000e+00
675,0.00177828,1,0.000000e+00
700,0.00177828,1,0.000000e+00
725,0.00177828,1,0.000000e+00
750,0.00177828,1,0.000000e+00
775,0.00177828,1,0.000000e+00
800,0.00177828,1,0.000000e+00
825,0.00177828,1,0.000000e+00
850,0.00177828,1,0.000000e+00
875,0.00177828,1,1.299830e-04
900,0.00177828,1,1.810730e-03
925,0.00177828,1,2.692960e-03
950,0.00177828,1,3.168320e-03
975,0.00177828,1,3.431380e-03
1000,0.00177828,1,3.580860e-03
1025,0.00177828,1,3.668210e-03
1050,0.00177828,1,3.720970e-03
1075,0.00177828,1,3.754320e-03
1100,0.00177828,1,3.776890e-03
1125,0.00177828,1,3.793780e-03
1150,0.00177828,1,3.808150e-03
1175,0.00177828,1,3.822090e-03
1200,0.00177828,1,3.837080e-03
1225,0.00177828,1,3.854310e-03
1250,0.00177828,1,3.874820e-03
1275,0.00177828,1,3.899570e-03
1300,0.00177828,1,3.929560e-03
1325,0.00177828,1,3.965830e-03
1350,0.00177828,1,4.009470e-03
1375,0.00177828,1,4.061680e-03
1400,0.00177828,1,4.123770e-03
1425,0.00177828,1,4.197140e-03
1450,0.00177828,1,4.283350e-03
1475,0.00177828,1,4.384060e-03
1500,0.00177828,1,4.501070e-03
1525,0.00177828,1,4.636330e-03
1550,0.00177828,1,4.791930e-03
1575,0.00177828,1,4.970120e-03
1600,0.00177828,1,5.173300e-03
1625,0.00177828,1,5.404030e-03
1650,0.00177828,1,5.665010e-03
1675,0.00177828,1,5.959140e-03
1700,0.00177828,1,6.289450e-03
1725,0.00177828,1,6.659140e-03
1750,0.00177828,1,7.071580e-03
1775,0.00177828,1,7.530270e-03
1800,0.00177828,1,8.038870e-03
1825,0.00177828,1,8.601180e-03
1850,0.00177828,1,9.221100e-03
1875,0.00177828,1,9.902630e-03
1900,0.00177828,1,1.064990e-02
1925,0.00177828,1,1.146690e-02
1950,0.00177828,1,1.235790e-02
1975,0.00177828,1,1.332690e-02
2000,0.00177828,1,1.437800e-02
2025,0.00177828,1,1.551480e-02
2050,0.00177828,1,1.674120e-02
2075,0.00177828,1,1.806020e-02
2100,0.00177828,1,1.947500e-02
2125,0.00177828,1,2.098770e-02
2150,0.00177828,1,2.260040e-02
2175,0.00177828,1,2.431430e-02
2200,0.00177828,1,2.612970e-02
2225,0.00177828,1,2.804650e-02
2250,0.00177828,1,3.006370e-02
2275,0.00177828,1,3.217990e-02
2300,0.00177828,1,3.439310e-02
2325,0.00177828,1,3.670180e-02
2350,0.00177828,1,3.910510e-02
2375,0.00177828,1,4.160430e-02
2400,0.00177828,1,4.420460e-02
2425,0.00177828,1,4.691730e-02
2450,0.00177828,1,4.976340e-02
2475,0.00177828,1,5.277840e-02
2500,0.00177828,1,5.601890e-02
2525,0.00177828,1,5.957150e-02
2550,0.00177828,1,6.356420e-02
2575,0.00177828,1,6.818220e-02
2600,0.00177828,1,7.368770e-02
2625,0.00177828,1,8.044650e-02
2650,0.00177828,1,8.896200e-02
2675,0.00177828,1,9.991940e-02
2700,0.00177828,1,1.142440e-01
2725,0.00177828,1,1.331790e-01
2750,0.00177828,1,1.583850e-01
2775,0.00177828,1,1.920840e-01
2800,0.00177828,1,2.372520e-01
2825,0.00177828,1,2.978970e-01
2850,0.00177828,1,3.794630e-01
2875,0.00177828,1,4.894470e-01
2900,0.00177828,1,6.383640e-01
2925,0.00177828,1,8.413300e-01
2950,0.00177828,1,1.120780e+00
2975,0.00177828,1,1.511430e+00
3000,0.00177828,1,2.069990e+00
3025,0.00177828,1,2.895900e+00
3050,0.00177828,1,4.181250e+00
3075,0.00177828,1,6.351840e+00
3100,0.00177828,1,1.057880e+01
3125,0.00177828,1,2.166850e+01
3150,0.00177828,1,1.091530e+02
3175,0.00177828,1,2.000000e+02
3200,0.00177828,1,2.000000e+02
3225,0.00177828,1,2.000000e+02
3250,0.00177828,1,2.000000e+02
3275,0.00177828,1,2.000000e+02
3300,0.00177828,1,2.000000e+02
3325,0.00177828,1,2.000000e+02
3350,0.00177828,1,2.000000e+02
3375,0.00177828,1,2.000000e+02
3400,0.00177828,1,2.000000e+02
3425,0.00177828,1,2.000000e+02
3450,0.00177828,1,2.000000e+02
3475,0.00177828,1,2.000000e+02
3500,0.00177828,1,2.000000e+02
3525,0.00177828,1,2.000000e+02
3550,0.00177828,1,2.000000e+02
3575,0.00177828,1,2.000000e+02
3600,0.00177828,1,2.000000e+02
3625,0.00177828,1,2.000000e+02
3650,0.00177828,1,2.000000e+02
3675,0.00177828,1,2.000000e+02
3700,0.00177828,1,2.000000e+02
3725,0.00177828,1,2.000000e+02
3750,0.00177828,1,2.000000e+02
3775,0.00177828,1,2.000000e+02
3800,0.00177828,1,2.000000e+02
3825,0.00177828,1,2.000000e+02
3850,0.00177828,1,2.000000e+02
3875,0.00177828,1,2.000000e+02
3900,0.00177828,1,2.000000e+02
3925,0.00177828,1,2.000000e+02
3950,0.00177828,1,2.000000e+02
3975,0.00177828,1,2.000000e+02
4000,0.00177828,1,2.000000e+02
4025,0.00177828,1,2.000000e+02
4050,0.00177828,1,2.000000e+02
4075,0.00177828,1,2.000000e+02
4100,0.00177828,1,2.000000e+02
4125,0.00177828,1,2.000000e+02
4150,0.00177828,1,2.000000e+02
4175,0.00177828,1,2.000000e+02
4200,0.00177828,1,2.000000e+02
4225,0.00177828,1,2.000000e+02
4250,0.00177828,1,2.000000e+02
4275,0.00177828,1,2.000000e+02
4300,0.00177828,1,2.000000e+02
4325,0.00177828,1,2.000000e+02
4350,0.00177828,1,2.000000e+02
4375,0.00177828,1,2.000000e+02
4400,0.00177828,1,2.000000e+02
4425,0.00177828,1,2.000000e+02
4450,0.00177828,1,2.000000e+02
4475,0.00177828,1,2.000000e+02
4500,0.00177828,1,2.000000e+02
4525,0.00177828,1,2.000000e+02
4550,0.00177828,1,2.000000e+02
4575,0.00177828,1,2.000000e+02
4600,0.00177828,1,2.000000e+02
4625,0.00177828,1,2.000000e+02
4650,0.00177828,1,2.000000e+02
4675,0.00177828,1,2.000000e+02
4700,0.00177828,1,2.000000e+02
4725,0.00177828,1,2.000000e+02
4750,0.00177828,1,2.000000e+02
4775,0.00177828,1,2.000000e+02
4800,0.00177828,1,2.000000e+02
4825,0.00177828,1,2.000000e+02
4850,0.00177828,1,2.000000e+02
4875,0.00177828,1,2.000000e+02
4900,0.00177828,1,2.000000e+02
4925,0.00177828,1,2.000000e+02
4950,0.00177828,1,2.000000e+02
4975,0.00177828,1,2.000000e+02
5000,0.00177828,1,2.000000e+02
300,0.00316228,1,0.000000e+00
325,0.00316228,1,0.000000e+00
350,0.00316228,1,0.000000e+00
375,0.00316228,1,0.000000e+00
400,0.00316228,1,0.000000e+00
425,0.00316228,1,0.000000e+00
450,0.00316228,1,0.000000e+00
475,0.00316228,1,0.000000e+00
500,0.00316228,1,0.000000e+00
525,0.00316228,1,0.000000e+00
550,0.00316228,1,0.000000e+00
575,0.00316228,1,0.000000e+00
600,0.00316228,1,0.000000e+00
625,0.00316228,1,0.000000e+00
650,0.00316228,1,0.000000e+00
675,0.00316228,1,0.000000e+00
700,0.00316228,1,0.000000e+00
725,0.00316228,1,0.000000e+00
750,0.00316228,1,0.000000e+00
775,0.00316228,1,0.000000e+00
800,0.00316228,1,0.000000e+00
825,0.00316228,1,0.000000e+00
850,0.00316228,1,0.000000e+00
875,0.00316228,1,0.000000e+00
900,0.00316228,1,3.050100e-04
925,0.00316228,1,1.851360e-03
950,0.00316228,1,2.689330e-03
975,0.00316228,1,3.154180e-03
1000,0.00316228,1,3.418270e-03
1025,0.00316228,1,3.571970e-03
1050,0.00316228,1,3.663810e-03
1075,0.00316228,1,3.720510e-03
1100,0.00316228,1,3.757210e-03
1125,0.00316228,1,3.782720e-03
1150,0.00316228,1,3.802360e-03
1175,0.00316228,1,3.819520e-03
1200,0.00316228,1,3.836470e-03
1225,0.00316228,1,3.854870e-03
1250,0.00316228,1,3.876040e-03
1275,0.00316228,1,3.901160e-03
1300,0.00316228,1,3.931310e-03
1325,0.00316228,1,3.967620e-03
1350,0.00316228,1,4.011230e-03
1375,0.00316228,1,4.063380e-03
1400,0.00316228,1,4.125370e-03
1425,0.00316228,1,4.198650e-03
1450,0.00316228,1,4.284760e-03
1475,0.00316228,1,4.385360e-03
1500,0.00316228,1,4.502280e-03
1525,0.00316228,1,4.637460e-03
1550,0.00316228,1,4.793000e-03
1575,0.00316228,1,4.971150e-03
1600,0.00316228,1,5.174310e-03
1625,0.00316228,1,5.405050e-03
1650,0.00316228,1,5.666080e-03
1675,0.00316228,1,5.960320e-03
1700,0.00316228,1,6.290820e-03
1725,0.00316228,1,6.660800e-03
1750,0.00316228,1,7.073670e-03
1775,0.00316228,1,7.532980e-03
1800,0.00316228,1,8.042450e-03
1825,0.00316228,1,8.605970e-03
1850,0.00316228,1,9.227540e-03
1875,0.00316228,1,9.911300e-03
1900,0.00316228,1,1.066150e-02
1925,0.00316228,1,1.148250e-02
1950,0.00316228,1,1.237880e-02
1975,0.00316228,1,1.335460e-02
2000,0.00316228,1,1.441450e-02
2025,0.00316228,1,1.556280e-02
2050,0.00316228,1,1.680370e-02
2075,0.00316228,1,1.814130e-02
2100,0.00316228,1,1.957950e-02
2125,0.00316228,1,2.112160e-02
2150,0.00316228,1,2.277080e-02
2175,0.00316228,1,2.452960e-02
2200,0.00316228,1,2.640020e-02
2225,0.00316228,1,2.838400e-02
2250,0.00316228,1,3.048180e-02
2275,0.00316228,1,3.269370e-02
2300,0.00316228,1,3.501940e-02
2325,0.00316228,1,3.745820e-02
2350,0.00316228,1,4.000920e-02
2375,0.00316228,1,4.267230e-02
2400,0.00316228,1,4.544830e-02
2425,0.00316228,1,4.834110e-02
2450,0.00316228,1,5.135850e-02
2475,0.00316228,1,5.451530e-02
2500,0.00316228,1,5.783670e-02
2525,0.00316228,1,6.136280e-02
2550,0.00316228,1,6.515520e-02
2575,0.00316228,1,6.930540e-02
2600,0.00316228,1,7.394600e-02
2625,0.00316228,1,7.926520e-02
2650,0.00316228,1,8.552590e-02
2675,0.00316228,1,9.309050e-02
2700,0.00316228,1,1.024520e-01
2725,0.00316228,1,1.142760e-01
2750,0.00316228,1,1.294530e-01
2775,0.00316228,1,1.491690e-01
2800,0.00316228,1,1.749970e-01
2825,0.00316228,1,2.090260e-01
2850,0.00316228,1,2.540260e-01
2875,0.00316228,1,3.137000e-01
2900,0.00316228,1,3.930240e-01
2925,0.00316228,1,4.987840e-01
2950,0.00316228,1,6.403760e-01
2975,0.00316228,1,8.311150e-01
3000,0.00316228,1,1.090430e+00
3025,0.00316228,1,1.447760e+00
3050,0.00316228,1,1.949900e+00
3075,0.00316228,1,2.676060e+00
3100,0.00316228,1,3.772010e+00
3125,0.00316228,1,5.538830e+00
3150,0.00316228,1,8.715470e+00
3175,0.00316228,1,1.572710e+01
3200,0.00316228,1,4.177740e+01
3225,0.00316228,1,2.000000e+02
3250,0.00316228,1,2.000000e+02
3275,0.00316228,1,2.000000e+02
3300,0.00316228,1,2.000000e+02
3325,0.00316228,1,2.000000e+02
3350,0.00316228,1,2.000000e+02
3375,0.00316228,1,2.000000e+02
3400,0.00316228,1,2.000000e+02
3425,0.00316228,1,2.000000e+02
3450,0.00316228,1,2.000000e+02
3475,0.00316228,1,2.000000e+02
3500,0.00316228,1,2.000000e+02
3525,0.00316228,1,2.000000e+02
3550,0.00316228,1,2.000000e+02
3575,0.00316228,1,2.000000e+02
3600,0.00316228,1,2.000000e+02
3625,0.00316228,1,2.000000e+02
3650,0.00316228,1,2.000000e+02
3675,0.00316228,1,2.000000e+02
3700,0.00316228,1,2.000000e+02
3725,0.00316228,1,2.000000e+02
3750,0.00316228,1,2.000000e+02
3775,0.00316228,1,2.000000e+02
3800,0.00316228,1,2.000000e+02
3825,0.00316228,1,2.000000e+02
3850,0.00316228,1,2.000000e+02
3875,0.00316228,1,2.000000e+02
3900,0.00316228,1,2.000000e+02
3925,0.00316228,1,2.000000e+02
3950,0.00316228,1,2.000000e+02
3975,0.00316228,1,2.000000e+02
4000,0.00316228,1,2.000000e+02
4025,0.00316228,1,2.000000e+02
4050,0.00316228,1,2.000000e+02
4075,0.00316228,1,2.000000e+02
4100,0.00316228,1,2.000000e+02
4125,0.00316228,1,2.000000e+02
4150,0.00316228,1,2.000000e+02
4175,0.00316228,1,2.000000e+02
4200,0.00316228,1,2.000000e+02
4225,0.00316228,1,2.000000e+02
4250,0.00316228,1,2.000000e+02
4275,0.00316228,1,2.000000e+02
4300,0.00316228,1,2.000000e+02
4325,0.00316228,1,2.000000e+02
4350,0.00316228,1,2.000000e+02
4375,0.00316228,1,2.000000e+02
4400,0.00316228,1,2.000000e+02
4425,0.00316228,1,2.000000e+02
4450,0.00316228,1,2.000000e+02
4475,0.00316228,1,2.000000e+02
4500,0.00316228,1,2.000000e+02
4525,0.00316228,1,2.000000e+02
4550,0.00316228,1,2.000000e+02
4575,0.00316228,1,2.000000e+02
4600,0.00316228,1,2.000000e+02
4625,0.00316228,1,2.000000e+02
4650,0.00316228,1,2.000000e+02
4675,0.00316228,1,2.000000e+02
4700,0.00316228,1,2.000000e+02
4725,0.00316228,1,2.000000e+02
4750,0.00316228,1,2.000000e+02
4775,0.00316228,1,2.000000e+02
4800,0.00316228,1,2.000000e+02
4825,0.00316228,1,2.000000e+02
4850,0.00316228,1,2.000000e+02
4875,0.00316228,1,2.000000e+02
4900,0.00316228,1,2.000000e+02
4925,0.00316228,1,2.000000e+02
4950,0.00316228,1,2.000000e+02
4975,0.00316228,1,2.000000e+02
5000,0.00316228,1,2.000000e+02
300,0.00562341,1,0.000000e+00
325,0.00562341,1,0.000000e+00
350,0.00562341,1,0.000000e+00
375,0.00562341,1,0.000000e+00
400,0.00562341,1,0.000000e+00
425,0.00562341,1,0.000000e+00
450,0.00562341,1,0.000000e+00
475,0.00562341,1,0.000000e+00
500,0.00562341,1,0.000000e+00
525,0.00562341,1,0.000000e+00
550,0.00562341,1,0.000000e+00
575,0.00562341,1,0.000000e+00
600,0.00562341,1,0.000000e+00
625,0.00562341,1,0.000000e+00
650,0.00562341,1,0.000000e+00
675,0.00562341,1,0.000000e+00
700,0.00562341,1,0.000000e+00
725,0.00562341,1,0.000000e+00
750,0.00562341,1,0.000000e+00
775,0.00562341,1,0.000000e+00
800,0.00562341,1,0.000000e+00
825,0.00562341,1,0.000000e+00
850,0.00562341,1,0.000000e+00
875,0.00562341,1,0.000000e+00
900,0.00562341,1,0.000000e+00
925,0.00562341,1,3.767340e-04
950,0.00562341,1,1.845060e-03
975,0.00562341,1,2.663950e-03
1000,0.00562341,1,3.130140e-03
1025,0.00562341,1,3.401210e-03
1050,0.00562341,1,3.562310e-03
1075,0.00562341,1,3.660470e-03
1100,0.00562341,1,3.722250e-03
1125,0.00562341,1,3.763060e-03
1150,0.00562341,1,3.792080e-03
1175,0.00562341,1,3.814970e-03
1200,0.00562341,1,3.835400e-03
1225,0.00562341,1,3.855870e-03
1250,0.00562341,1,3.878230e-03
1275,0.00562341,1,3.903980e-03
1300,0.00562341,1,3.934430e-03
1325,0.00562341,1,3.970810e-03
1350,0.00562341,1,4.014380e-03
1375,0.00562341,1,4.066400e-03
1400,0.00562341,1,4.128230e-03
1425,0.00562341,1,4.201330e-03
1450,0.00562341,1,4.287240e-03
1475,0.00562341,1,4.387670e-03
1500,0.00562341,1,4.504420e-03
1525,0.00562341,1,4.639450e-03
1550,0.00562341,1,4.794850e-03
1575,0.00562341,1,4.972880e-03
1600,0.00562341,1,5.175950e-03
1625,0.00562341,1,5.406620e-03
1650,0.00562341,1,5.667640e-03
1675,0.00562341,1,5.961900e-03
1700,0.00562341,1,6.292480e-03
1725,0.00562341,1,6.662630e-03
1750,0.00562341,1,7.075780e-03
1775,0.00562341,1,7.535510e-03
1800,0.00562341,1,8.045610e-03
1825,0.00562341,1,8.609990e-03
1850,0.00562341,1,9.232770e-03
1875,0.00562341,1,9.918180e-03
1900,0.00562341,1,1.067060e-02
1925,0.00562341,1,1.149460e-02
1950,0.00562341,1,1.239470e-02
1975,0.00562341,1,1.337570e-02
2000,0.00562341,1,1.444220e-02
2025,0.00562341,1,1.559900e-02
2050,0.00562341,1,1.685090e-02
2075,0.00562341,1,1.820250e-02
2100,0.00562341,1,1.965830e-02
2125,0.00562341,1,2.122260e-02
2150,0.00562341,1,2.289940e-02
2175,0.00562341,1,2.469250e-02
2200,0.00562341,1,2.660520e-02
2225,0.00562341,1,2.864040e-02
2250,0.00562341,1,3.080040e-02
2275,0.00562341,1,3.308710e-02
2300,0.00562341,1,3.550160e-02
2325,0.00562341,1,3.804470e-02
2350,0.00562341,1,4.071680e-02
2375,0.00562341,1,4.351810e-02
2400,0.00562341,1,4.644900e-02
2425,0.00562341,1,4.951080e-02
2450,0.00562341,1,5.270640e-02
2475,0.00562341,1,5.604190e-02
2500,0.00562341,1,5.952780e-02
2525,0.00562341,1,6.318230e-02
2550,0.00562341,1,6.703370e-02
2575,0.00562341,1,7.112590e-02
2600,0.00562341,1,7.552370e-02
2625,0.00562341,1,8.032120e-02
2650,0.00562341,1,8.565190e-02
2675,0.00562341,1,9.170240e-02
2700,0.00562341,1,9.872980e-02
2725,0.00562341,1,1.070840e-01
2750,0.00562341,1,1.172360e-01
2775,0.00562341,1,1.298160e-01
2800,0.00562341,1,1.456610e-01
2825,0.00562341,1,1.658750e-01
2850,0.00562341,1,1.919110e-01
2875,0.00562341,1,2.256840e-01
2900,0.00562341,1,2.697140e-01
2925,0.00562341,1,3.273360e-01
2950,0.00562341,1,4.029910e-01
2975,0.00562341,1,5.026660e-01
3000,0.00562341,1,6.345450e-01
3025,0.00562341,1,8.100510e-01
3050,0.00562341,1,1.045550e+00
3075,0.00562341,1,1.365260e+00
3100,0.00562341,1,1.806610e+00
3125,0.00562341,1,2.430680e+00
3150,0.00562341,1,3.344360e+00
3175,0.00562341,1,4.753610e+00
3200,0.00562341,1,7.113030e+00
3225,0.00562341,1,1.166290e+01
3250,0.00562341,1,2.340420e+01
3275,0.00562341,1,1.082640e+02
3300,0.00562341,1,2.000000e+02
3325,0.00562341,1,2.000000e+02
3350,0.00562341,1,2.000000e+02
3375,0.00562341,1,2.000000e+02
3400,0.00562341,1,2.000000e+02
3425,0.00562341,1,2.000000e+02
3450,0.00562341,1,2.000000e+02
3475,0.00562341,1,2.000000e+02
3500,0.00562341,1,2.000000e+02
3525,0.00562341,1,2.000000e+02
3550,0.00562341,1,2.000000e+02
3575,0.00562341,1,2.000000e+02
3600,0.00562341,1,2.000000e+02
3625,0.00562341,1,2.000000e+02
3650,0.00562341,1,2.000000e+02
3675,0.00562341,1,2.000000e+02
3700,0.00562341,1,2.000000e+02
3725,0.00562341,1,2.000000e+02
3750,0.00562341,1,2.000000e+02
3775,0.00562341,1,2.000000e+02
3800,0.00562341,1,2.000000e+02
3825,0.00562341,1,2.000000e+02
3850,0.00562341,1,2.000000e+02
3875,0.00562341,1,2.000000e+02
3900,0.00562341,1,2.000000e+02
3925,0.00562341,1,2.000000e+02
3950,0.00562341,1,2.000000e+02
3975,0.00562341,1,2.000000e+02
4000,0.00562341,1,2.000000e+02
4025,0.00562341,1,2.000000e+02
4050,0.00562341,1,2.000000e+02
4075,0.00562341,1,2.000000e+02
4100,0.00562341,1,2.000000e+02
4125,0.00562341,1,2.000000e+02
4150,0.00562341,1,2.000000e+02
4175,0.00562341,1,2.000000e+02
4200,0.00562341,1,2.000000e+02
4225,0.00562341,1,2.000000e+02
4250,0.00562341,1,2.000000e+02
4275,0.00562341,1,2.000000e+02
4300,0.00562341,1,2.000000e+02
4325,0.00562341,1,2.000000e+02
4350,0.00562341,1,2.000000e+02
4375,0.00562341,1,2.000000e+02
4400,0.00562341,1,2.000000e+02
4425,0.00562341,1,2.000000e+02
4450,0.00562341,1,2.000000e+02
4475,0.00562341,1,2.000000e+02
4500,0.00562341,1,2.000000e+02
4525,0.00562341,1,2.000000e+02
4550,0.00562341,1,2.000000e+02
4575,0.00562341,1,2.000000e+02
4600,0.00562341,1,2.000000e+02
4625,0.00562341,1,2.000000e+02
4650,0.00562341,1,2.000000e+02
4675,0.00562341,1,2.000000e+02
4700,0.00562341,1,2.000000e+02
4725,0.00562341,1,2.000000e+02
4750,0.00562341,1,2.000000e+02
4775,0.00562341,1,2.000000e+02
4800,0.00562341,1,2.000000e+02
4825,0.00562341,1,2.000000e+02
4850,0.00562341,1,2.000000e+02
4875,0.00562341,1,2.000000e+02
4900,0.00562341,1,2.000000e+02
4925,0.00562341,1,2.000000e+02
4950,0.00562341,1,2.000000e+02
4975,0.00562341,1,2.000000e+02
5000,0.00562341,1,2.000000e+02
300,0.01,1,0.000000e+00
325,0.01,1,0.000000e+00
350,0.01,1,0.000000e+00
375,0.01,1,0.000000e+00
400,0.01,1,0.000000e+00
425,0.01,1,0.000000e+00
450,0.01,1,0.000000e+00
475,0.01,1,0.000000e+00
500,0.01,1,0.000000e+00
525,0.01,1,0.000000e+00
550,0.01,1,0.000000e+00
575,0.01,1,0.000000e+00
600,0.01,1,0.000000e+00
625,0.01,1,0.000000e+00
650,0.01,1,0.000000e+00
675,0.01,1,0.000000e+00
700,0.01,1,0.000000e+00
725,0.01,1,0.000000e+00
750,0.01,1,0.000000e+00
775,0.01,1,0.000000e+00
800,0.01,1,0.000000e+00
825,0.01,1,0.000000e+00
850,0.01,1,0.000000e+00
875,0.01,1,0.000000e+00
900,0.01,1,0.000000e+00
925,0.01,1,0.000000e+00
950,0.01,1,3.669590e-04
975,0.01,1,1.800560e-03
1000,0.01,1,2.620930e-03
1025,0.01,1,3.098790e-03
1050,0.01,1,3.382320e-03
1075,0.01,1,3.553900e-03
1100,0.01,1,3.660170e-03
1125,0.01,1,3.728140e-03
1150,0.01,1,3.773800e-03
1175,0.01,1,3.806880e-03
1200,0.01,1,3.833490e-03
1225,0.01,1,3.857630e-03
1250,0.01,1,3.882110e-03
1275,0.01,1,3.908990e-03
1300,0.01,1,3.939960e-03
1325,0.01,1,3.976490e-03
1350,0.01,1,4.019960e-03
1375,0.01,1,4.071760e-03
1400,0.01,1,4.133300e-03
1425,0.01,1,4.206080e-03
1450,0.01,1,4.291660e-03
1475,0.01,1,4.391760e-03
1500,0.01,1,4.508200e-03
1525,0.01,1,4.642940e-03
1550,0.01,1,4.798080e-03
1575,0.01,1,4.975870e-03
1600,0.01,1,5.178740e-03
1625,0.01,1,5.409240e-03
1650,0.01,1,5.670130e-03
1675,0.01,1,5.964300e-03
1700,0.01,1,6.294860e-03
1725,0.01,1,6.665050e-03
1750,0.01,1,7.078330e-03
1775,0.01,1,7.538320e-03
1800,0.01,1,8.048810e-03
1825,0.01,1,8.613790e-03
1850,0.01,1,9.237420e-03
1875,0.01,1,9.924020e-03
1900,0.01,1,1.067810e-02
1925,0.01,1,1.150420e-02
1950,0.01,1,1.240720e-02
1975,0.01,1,1.339200e-02
2000,0.01,1,1.446350e-02
2025,0.01,1,1.562670e-02
2050,0.01,1,1.688680e-02
2075,0.01,1,1.824890e-02
2100,0.01,1,1.971790e-02
2125,0.01,1,2.129890e-02
2150,0.01,1,2.299660e-02
2175,0.01,1,2.481560e-02
2200,0.01,1,2.676030e-02
2225,0.01,1,2.883460e-02
2250,0.01,1,3.104230e-02
2275,0.01,1,3.338640e-02
2300,0.01,1,3.586980e-02
2325,0.01,1,3.849470e-02
2350,0.01,1,4.126290e-02
2375,0.01,1,4.417590e-02
2400,0.01,1,4.723480e-02
2425,0.01,1,5.044100e-02
2450,0.01,1,5.379620e-02
2475,0.01,1,5.730330e-02
2500,0.01,1,6.096720e-02
2525,0.01,1,6.479610e-02
2550,0.01,1,6.880310e-02
2575,0.01,1,7.300880e-02
2600,0.01,1,7.744450e-02
2625,0.01,1,8.215630e-02
2650,0.01,1,8.721060e-02
2675,0.01,1,9.270160e-02
2700,0.01,1,9.876070e-02
2725,0.01,1,1.055680e-01
2750,0.01,1,1.133700e-01
2775,0.01,1,1.224960e-01
2800,0.01,1,1.333870e-01
2825,0.01,1,1.466250e-01
2850,0.01,1,1.629760e-01
2875,0.01,1,1.834460e-01
2900,0.01,1,2.093470e-01
2925,0.01,1,2.423920e-01
2950,0.01,1,2.848180e-01
2975,0.01,1,3.395600e-01
3000,0.01,1,4.104870e-01
3025,0.01,1,5.027570e-01
3050,0.01,1,6.233250e-01
3075,0.01,1,7.817500e-01
3100,0.01,1,9.914580e-01
3125,0.01,1,1.271880e+00
3150,0.01,1,1.652150e+00
3175,0.01,1,2.178080e+00
3200,0.01,1,2.926020e+00
3225,0.01,1,4.033650e+00
3250,0.01,1,5.776990e+00
3275,0.01,1,8.802800e+00
3300,0.01,1,1.506300e+01
3325,0.01,1,3.440400e+01
3350,0.01,1,2.000000e+02
3375,0.01,1,2.000000e+02
3400,0.01,1,2.000000e+02
3425,0.01,1,2.000000e+02
3450,0.01,1,2.000000e+02
3475,0.01,1,2.000000e+02
3500,0.01,1,2.000000e+02
3525,0.01,1,2.000000e+02
3550,0.01,1,2.000000e+02
3575,0.01,1,2.000000e+02
3600,0.01,1,2.000000e+02
3625,0.01,1,2.000000e+02
3650,0.01,1,2.000000e+02
3675,0.01,1,2.000000e+02
3700,0.01,1,2.000000e+02
3725,0.01,1,2.000000e+02
3750,0.01,1,2.000000e+02
3775,0.01,1,2.000000e+02
3800,0.01,1,2.000000e+02
3825,0.01,1,2.000000e+02
3850,0.01,1,2.000000e+02
3875,0.01,1,2.000000e+02
3900,0.01,1,2.000000e+02
3925,0.01,1,2.000000e+02
3950,0.01,1,2.000000e+02
3975,0.01,1,2.000000e+02
4000,0.01,1,2.000000e+02
4025,0.01,1,2.000000e+02
4050,0.01,1,2.000000e+02
4075,0.01,1,2.000000e+02
4100,0.01,1,2.000000e+02
4125,0.01,1,2.000000e+02
4150,0.01,1,2.000000e+02
4175,0.01,1,2.000000e+02
4200,0.01,1,2.000000e+02
4225,0.01,1,2.000000e+02
4250,0.01,1,2.000000e+02
4275,0.01,1,2.000000e+02
4300,0.01,1,2.000000e+02
4325,0.01,1,2.000000e+02
4350,0.01,1,2.000000e+02
4375,0.01,1,2.000000e+02
4400,0.01,1,2.000000e+02
4425,0.01,1,2.000000e+02
4450,0.01,1,2.000000e+02
4475,0.01,1,2.000000e+02
4500,0.01,1,2.000000e+02
4525,0.01,1,2.000000e+02
4550,0.01,1,2.000000e+02
4575,0.01,1,2.000000e+02
4600,0.01,1,2.000000e+02
4625,0.01,1,2.000000e+02
4650,0.01,1,2.000000e+02
4675,0.01,1,2.000000e+02
4700,0.01,1,2.000000e+02
4725,0.01,1,2.000000e+02
4750,0.01,1,2.000000e+02
4775,0.01,1,2.000000e+02
4800,0.01,1,2.000000e+02
4825,0.01,1,2.000000e+02
4850,0.01,1,2.000000e+02
4875,0.01,1,2.000000e+02
4900,0.01,1,2.000000e+02
4925,0.01,1,2.000000e+02
4950,0.01,1,2.000000e+02
4975,0.01,1,2.000000e+02
5000,0.01,1,2.000000e+02
300,0.0177828,1,0.000000e+00
325,0.0177828,1,0.000000e+00
350,0.0177828,1,0.000000e+00
375,0.0177828,1,0.000000e+00
400,0.0177828,1,0.000000e+00
425,0.0177828,1,0.000000e+00
450,0.0177828,1,0.000000e+00
475,0.0177828,1,0.000000e+00
500,0.0177828,1,0.000000e+00
525,0.0177828,1,0.000000e+00
550,0.0177828,1,0.000000e+00
575,0.0177828,1,0.000000e+00
600,0.0177828,1,0.000000e+00
625,0.0177828,1,0.000000e+00
650,0.0177828,1,0.000000e+00
675,0.0177828,1,0.000000e+00
700,0.0177828,1,0.000000e+00
725,0.0177828,1,0.000000e+00
750,0.0177828,1,0.000000e+00
775,0.0177828,1,0.000000e+00
800,0.0177828,1,0.000000e+00
825,0.0177828,1,0.000000e+00
850,0.0177828,1,0.000000e+00
875,0.0177828,1,0.000000e+00
900,0.0177828,1,0.000000e+00
925,0.0177828,1,0.000000e+00
950,0.0177828,1,0.000000e+00
975,0.0177828,1,2.912180e-04
1000,0.0177828,1,1.725260e-03
1025,0.0177828,1,2.564860e-03
1050,0.0177828,1,3.063810e-03
1075,0.0177828,1,3.365020e-03
1100,0.0177828,1,3.550030e-03
1125,0.0177828,1,3.666150e-03
1150,0.0177828,1,3.741340e-03
1175,0.0177828,1,3.792500e-03
1200,0.0177828,1,3.830090e-03
1225,0.0177828,1,3.860770e-03
1250,0.0177828,1,3.889010e-03
1275,0.0177828,1,3.917900e-03
1300,0.0177828,1,3.949790e-03
1325,0.0177828,1,3.986570e-03
1350,0.0177828,1,4.029890e-03
1375,0.0177828,1,4.081300e-03
1400,0.0177828,1,4.142320e-03
1425,0.0177828,1,4.214520e-03
1450,0.0177828,1,4.299510e-03
1475,0.0177828,1,4.399030e-03
1500,0.0177828,1,4.514910e-03
1525,0.0177828,1,4.649130e-03
1550,0.0177828,1,4.803780e-03
1575,0.0177828,1,4.981140e-03
1600,0.0177828,1,5.183610e-03
1625,0.0177828,1,5.413770e-03
1650,0.0177828,1,5.674360e-03
1675,0.0177828,1,5.968290e-03
1700,0.0177828,1,6.298650e-03
1725,0.0177828,1,6.668730e-03
1750,0.0177828,1,7.081970e-03
1775,0.0177828,1,7.542020e-03
1800,0.0177828,1,8.052690e-03
1825,0.0177828,1,8.618020e-03
1850,0.0177828,1,9.242190e-03
1875,0.0177828,1,9.929590e-03
1900,0.0177828,1,1.068480e-02
1925,0.0177828,1,1.151250e-02
1950,0.0177828,1,1.241760e-02
1975,0.0177828,1,1.340510e-02
2000,0.0177828,1,1.448030e-02
2025,0.0177828,1,1.564830e-02
2050,0.0177828,1,1.691450e-02
2075,0.0177828,1,1.828440e-02
2100,0.0177828,1,1.976340e-02
2125,0.0177828,1,2.135690e-02
2150,0.0177828,1,2.307030e-02
2175,0.0177828,1,2.490880e-02
2200,0.0177828,1,2.687770e-02
2225,0.0177828,1,2.898170e-02
2250,0.0177828,1,3.122550e-02
2275,0.0177828,1,3.361360e-02
2300,0.0177828,1,3.614980e-02
2325,0.0177828,1,3.883780e-02
2350,0.0177828,1,4.168080e-02
2375,0.0177828,1,4.468170e-02
2400,0.0177828,1,4.784280e-02
2425,0.0177828,1,5.116640e-02
2450,0.0177828,1,5.465480e-02
2475,0.0177828,1,5.831030e-02
2500,0.0177828,1,6.213600e-02
2525,0.0177828,1,6.613650e-02
2550,0.0177828,1,7.031850e-02
2575,0.0177828,1,7.469210e-02
2600,0.0177828,1,7.927270e-02
2625,0.0177828,1,8.408300e-02
2650,0.0177828,1,8.915580e-02
2675,0.0177828,1,9.453860e-02
2700,0.0177828,1,1.002980e-01
2725,0.0177828,1,1.065260e-01
2750,0.0177828,1,1.133480e-01
2775,0.0177828,1,1.209370e-01
2800,0.0177828,1,1.295210e-01
2825,0.0177828,1,1.394050e-01
2850,0.0177828,1,1.509910e-01
2875,0.0177828,1,1.648070e-01
2900,0.0177828,1,1.815410e-01
2925,0.0177828,1,2.020860e-01
2950,0.0177828,1,2.276010e-01
2975,0.0177828,1,2.595830e-01
3000,0.0177828,1,2.999750e-01
3025,0.0177828,1,3.513000e-01
3050,0.0177828,1,4.168540e-01
3075,0.0177828,1,5.009760e-01
3100,0.0177828,1,6.094460e-01
3125,0.0177828,1,7.500750e-01
3150,0.0177828,1,9.336330e-01
3175,0.0177828,1,1.175340e+00
3200,0.0177828,1,1.497370e+00
3225,0.0177828,1,1.933330e+00
3250,0.0177828,1,2.536710e+00
3275,0.0177828,1,3.398150e+00
3300,0.0177828,1,4.684580e+00
3325,0.0177828,1,6.740960e+00
3350,0.0177828,1,1.041340e+01
3375,0.0177828,1,1.847200e+01
3400,0.0177828,1,4.812720e+01
3425,0.0177828,1,2.000000e+02
3450,0.0177828,1,2.000000e+02
3475,0.0177828,1,2.000000e+02
3500,0.0177828,1,2.000000e+02
3525,0.0177828,1,2.000000e+02
3550,0.0177828,1,2.000000e+02
3575,0.0177828,1,2.000000e+02
3600,0.0177828,1,2.000000e+02
3625,0.0177828,1,2.000000e+02
3650,0.0177828,1,2.000000e+02
3675,0.0177828,1,2.000000e+02
3700,0.0177828,1,2.000000e+02
3725,0.0177828,1,2.000000e+02
3750,0.0177828,1,2.000000e+02
3775,0.0177828,1,2.000000e+02
3800,0.0177828,1,2.000000e+02
3825,0.0177828,1,2.000000e+02
3850,0.0177828,1,2.000000e+02
3875,0.0177828,1,2.000000e+02
3900,0.0177828,1,2.000000e+02
3925,0.0177828,1,2.000000e+02
3950,0.0177828,1,2.000000e+02
3975,0.0177828,1,2.000000e+02
4000,0.0177828,1,2.000000e+02
4025,0.0177828,1,2.000000e+02
4050,0.0177828,1,2.000000e+02
4075,0.0177828,1,2.000000e+02
4100,0.0177828,1,2.000000e+02
4125,0.0177828,1,2.000000e+02
4150,0.0177828,1,2.000000e+02
4175,0.0177828,1,2.000000e+02
4200,0.0177828,1,2.000000e+02
4225,0.0177828,1,2.000000e+02
4250,0.0177828,1,2.000000e+02
4275,0.0177828,1,2.000000e+02
4300,0.0177828,1,2.000000e+02
4325,0.0177828,1,2.000000e+02
4350,0.0177828,1,2.000000e+02
4375,0.0177828,1,2.000000e+02
4400,0.0177828,1,2.000000e+02
4425,0.0177828,1,2.000000e+02
4450,0.0177828,1,2.000000e+02
4475,0.0177828,1,2.000000e+02
4500,0.0177828,1,2.000000e+02
4525,0.0177828,1,2.000000e+02
4550,0.0177828,1,2.000000e+02
4575,0.0177828,1,2.000000e+02
4600,0.0177828,1,2.000000e+02
4625,0.0177828,1,2.000000e+02
4650,0.0177828,1,2.000000e+02
4675,0.0177828,1,2.000000e+02
4700,0.0177828,1,2.000000e+02
4725,0.0177828,1,2.000000e+02
4750,0.0177828,1,2.000000e+02
4775,0.0177828,1,2.000000e+02
4800,0.0177828,1,2.000000e+02
4825,0.0177828,1,2.000000e+02
4850,0.0177828,1,2.000000e+02
4875,0.0177828,1,2.000000e+02
4900,0.0177828,1,2.000000e+02
4925,0.0177828,1,2.000000e+02
4950,0.0177828,1,2.000000e+02
4975,0.0177828,1,2.000000e+02
5000,0.0177828,1,2.000000e+02
300,0.0316228,1,0.000000e+00
325,0.0316228,1,0.000000e+00
350,0.0316228,1,0.000000e+00
375,0.0316228,1,0.000000e+00
400,0.0316228,1,0.000000e+00
425,0.0316228,1,0.000000e+00
450,0.0316228,1,0.000000e+00
475,0.0316228,1,0.000000e+00
500,0.0316228,1,0.000000e+00
525,0.0316228,1,0.000000e+00
550,0.0316228,1,0.000000e+00
575,0.0316228,1,0.000000e+00
600,0.0316228,1,0.000000e+00
625,0.0316228,1,0.000000e+00
650,0.0316228,1,0.000000e+00
675,0.0316228,1,0.000000e+00
700,0.0316228,1,0.000000e+00
725,0.0316228,1,0.000000e+00
750,0.0316228,1,0.000000e+00
775,0.0316228,1,0.000000e+00
800,0.0316228,1,0.000000e+00
825,0.0316228,1,0.000000e+00
850,0.0316228,1,0.000000e+00
875,0.0316228,1,0.000000e+00
900,0.0316228,1,0.000000e+00
925,0.0316228,1,0.000000e+00
950,0.0316228,1,0.000000e+00
975,0.0316228,1,0.000000e+00
1000,0.0316228,1,1.629530e-04
1025,0.0316228,1,1.627420e-03
1050,0.0316228,1,2.502270e-03
1075,0.0316228,1,3.031140e-03
1100,0.0316228,1,3.355000e-03
1125,0.0316228,1,3.556240e-03
1150,0.0316228,1,3.683750e-03
1175,0.0316228,1,3.766980e-03
1200,0.0316228,1,3.824050e-03
1225,0.0316228,1,3.866350e-03
1250,0.0316228,1,3.901260e-03
1275,0.0316228,1,3.933730e-03
1300,0.0316228,1,3.967270e-03
1325,0.0316228,1,4.004500e-03
1350,0.0316228,1,4.047540e-03
1375,0.0316228,1,4.098260e-03
1400,0.0316228,1,4.158360e-03
1425,0.0316228,1,4.229530e-03
1450,0.0316228,1,4.313460e-03
1475,0.0316228,1,4.411940e-03
1500,0.0316228,1,4.526830e-03
1525,0.0316228,1,4.660110e-03
1550,0.0316228,1,4.813900e-03
1575,0.0316228,1,4.990470e-03
1600,0.0316228,1,5.192220e-03
1625,0.0316228,1,5.421720e-03
1650,0.0316228,1,5.681730e-03
1675,0.0316228,1,5.975150e-03
1700,0.0316228,1,6.305080e-03
1725,0.0316228,1,6.674800e-03
1750,0.0316228,1,7.087770e-03
1775,0.0316228,1,7.547630e-03
1800,0.0316228,1,8.058250e-03
1825,0.0316228,1,8.623640e-03
1850,0.0316228,1,9.248050e-03
1875,0.0316228,1,9.935900e-03
1900,0.0316228,1,1.069180e-02
1925,0.0316228,1,1.152050e-02
1950,0.0316228,1,1.242710e-02
1975,0.0316228,1,1.341660e-02
2000,0.0316228,1,1.449440e-02
2025,0.0316228,1,1.566590e-02
2050,0.0316228,1,1.693670e-02
2075,0.0316228,1,1.831240e-02
2100,0.0316228,1,1.979870e-02
2125,0.0316228,1,2.140160e-02
2150,0.0316228,1,2.312670e-02
2175,0.0316228,1,2.497990e-02
2200,0.0316228,1,2.696690e-02
2225,0.0316228,1,2.909330e-02
2250,0.0316228,1,3.136450e-02
2275,0.0316228,1,3.378580e-02
2300,0.0316228,1,3.636230e-02
2325,0.0316228,1,3.909860e-02
2350,0.0316228,1,4.199920e-02
2375,0.0316228,1,4.506810e-02
2400,0.0316228,1,4.830910e-02
2425,0.0316228,1,5.172560e-02
2450,0.0316228,1,5.532080e-02
2475,0.0316228,1,5.909780e-02
2500,0.0316228,1,6.305980e-02
2525,0.0316228,1,6.721040e-02
2550,0.0316228,1,7.155410e-02
2575,0.0316228,1,7.609690e-02
2600,0.0316228,1,8.084720e-02
2625,0.0316228,1,8.581680e-02
2650,0.0316228,1,9.102280e-02
2675,0.0316228,1,9.648940e-02
2700,0.0316228,1,1.022500e-01
2725,0.0316228,1,1.083530e-01
2750,0.0316228,1,1.148630e-01
2775,0.0316228,1,1.218680e-01
2800,0.0316228,1,1.294870e-01
2825,0.0316228,1,1.378790e-01
2850,0.0316228,1,1.472540e-01
2875,0.0316228,1,1.578890e-01
2900,0.0316228,1,1.701440e-01
2925,0.0316228,1,1.844860e-01
2950,0.0316228,1,2.015210e-01
2975,0.0316228,1,2.220260e-01
3000,0.0316228,1,2.470020e-01
3025,0.0316228,1,2.777340e-01
3050,0.0316228,1,3.158710e-01
3075,0.0316228,1,3.635350e-01
3100,0.0316228,1,4.234730e-01
3125,0.0316228,1,4.992600e-01
3150,0.0316228,1,5.955910e-01
3175,0.0316228,1,7.187180e-01
3200,0.0316228,1,8.770990e-01
3225,0.0316228,1,1.082410e+00
3250,0.0316228,1,1.351220e+00
3275,0.0316228,1,1.707750e+00
3300,0.0316228,1,2.188940e+00
3325,0.0316228,1,2.853960e+00
3350,0.0316228,1,3.803960e+00
3375,0.0316228,1,5.227390e+00
3400,0.0316228,1,7.519880e+00
3425,0.0316228,1,1.167570e+01
3450,0.0316228,1,2.109890e+01
3475,0.0316228,1,5.982850e+01
3500,0.0316228,1,2.000000e+02
3525,0.0316228,1,2.000000e+02
3550,0.0316228,1,2.000000e+02
3575,0.0316228,1,2.000000e+02
3600,0.0316228,1,2.000000e+02
3625,0.0316228,1,2.000000e+02
3650,0.0316228,1,2.000000e+02
3675,0.0316228,1,2.000000e+02
3700,0.0316228,1,2.000000e+02
3725,0.0316228,1,2.000000e+02
3750,0.0316228,1,2.000000e+02
3775,0.0316228,1,2.000000e+02
3800,0.0316228,1,2.000000e+02
3825,0.0316228,1,2.000000e+02
3850,0.0316228,1,2.000000e+02
3875,0.0316228,1,2.000000e+02
3900,0.0316228,1,2.000000e+02
3925,0.0316228,1,2.000000e+02
3950,0.0316228,1,2.000000e+02
3975,0.0316228,1,2.000000e+02
4000,0.0316228,1,2.000000e+02
4025,0.0316228,1,2.000000e+02
4050,0.0316228,1,2.000000e+02
4075,0.0316228,1,2.000000e+02
4100,0.0316228,1,2.000000e+02
4125,0.0316228,1,2.000000e+02
4150,0.0316228,1,2.000000e+02
4175,0.0316228,1,2.000000e+02
4200,0.0316228,1,2.000000e+02
4225,0.0316228,1,2.000000e+02
4250,0.0316228,1,2.000000e+02
4275,0.0316228,1,2.000000e+02
4300,0.0316228,1,2.000000e+02
4325,0.0316228,1,2.000000e+02
4350,0.0316228,1,2.000000e+02
4375,0.0316228,1,2.000000e+02
4400,0.0316228,1,2.000000e+02
4425,0.0316228,1,2.000000e+02
4450,0.0316228,1,2.000000e+02
4475,0.0316228,1,2.000000e+02
4500,0.0316228,1,2.000000e+02
4525,0.0316228,1,2.000000e+02
4550,0.0316228,1,2.000000e+02
4575,0.0316228,1,2.000000e+02
4600,0.0316228,1,2.000000e+02
4625,0.0316228,1,2.000000e+02
4650,0.0316228,1,2.000000e+02
4675,0.0316228,1,2.000000e+02
4700,0.0316228,1,2.000000e+02
4725,0.0316228,1,2.000000e+02
4750,0.0316228,1,2.000000e+02
4775,0.0316228,1,2.000000e+02
4800,0.0316228,1,2.000000e+02
4825,0.0316228,1,2.000000e+02
4850,0.0316228,1,2.000000e+02
4875,0.0316228,1,2.000000e+02
4900,0.0316228,1,2.000000e+02
4925,0.0316228,1,2.000000e+02
4950,0.0316228,1,2.000000e+02
4975,0.0316228,1,2.000000e+02
5000,0.0316228,1,2.000000e+02
300,0.0562341,1,0.000000e+00
325,0.0562341,1,0.000000e+00
350,0.0562341,1,0.000000e+00
375,0.0562341,1,0.000000e+00
400,0.0562341,1,0.000000e+00
425,0.0562341,1,0.000000e+00
450,0.0562341,1,0.000000e+00
475,0.0562341,1,0.000000e+00
500,0.0562341,1,0.000000e+00
525,0.0562341,1,0.000000e+00
550,0.0562341,1,0.000000e+00
575,0.0562341,1,0.000000e+00
600,0.0562341,1,0.000000e+00
625,0.0562341,1,0.000000e+00
650,0.0562341,1,0.000000e+00
675,0.0562341,1,0.000000e+00
700,0.0562341,1,0.000000e+00
725,0.0562341,1,0.000000e+00
750,0.0562341,1,0.000000e+00
775,0.0562341,1,0.000000e+00
800,0.0562341,1,0.000000e+00
825,0.0562341,1,0.000000e+00
850,0.0562341,1,0.000000e+00
875,0.0562341,1,0.000000e+00
900,0.0562341,1,0.000000e+00
925,0.0562341,1,0.000000e+00
950,0.0562341,1,0.000000e+00
975,0.0562341,1,0.000000e+00
1000,0.0562341,1,0.000000e+00
1025,0.0562341,1,0.000000e+00
1050,0.0562341,1,1.518840e-03
1075,0.0562341,1,2.443690e-03
1100,0.0562341,1,3.010780e-03
1125,0.0562341,1,3.361850e-03
1150,0.0562341,1,3.581720e-03
1175,0.0562341,1,3.721710e-03
1200,0.0562341,1,3.813320e-03
1225,0.0562341,1,3.876240e-03
1250,0.0562341,1,3.923020e-03
1275,0.0562341,1,3.961850e-03
1300,0.0562341,1,3.998310e-03
1325,0.0562341,1,4.036340e-03
1350,0.0562341,1,4.078910e-03
1375,0.0562341,1,4.128390e-03
1400,0.0562341,1,4.186860e-03
1425,0.0562341,1,4.256200e-03
1450,0.0562341,1,4.338260e-03
1475,0.0562341,1,4.434890e-03
1500,0.0562341,1,4.548010e-03
1525,0.0562341,1,4.679630e-03
1550,0.0562341,1,4.831880e-03
1575,0.0562341,1,5.007020e-03
1600,0.0562341,1,5.207470e-03
1625,0.0562341,1,5.435790e-03
1650,0.0562341,1,5.694730e-03
1675,0.0562341,1,5.987190e-03
1700,0.0562341,1,6.316270e-03
1725,0.0562341,1,6.685240e-03
1750,0.0562341,1,7.097570e-03
1775,0.0562341,1,7.556910e-03
1800,0.0562341,1,8.067110e-03
1825,0.0562341,1,8.632230e-03
1850,0.0562341,1,9.256520e-03
1875,0.0562341,1,9.944430e-03
1900,0.0562341,1,1.070060e-02
1925,0.0562341,1,1.152990e-02
1950,0.0562341,1,1.243730e-02
1975,0.0562341,1,1.342810e-02
2000,0.0562341,1,1.450770e-02
2025,0.0562341,1,1.568170e-02
2050,0.0562341,1,1.695570e-02
2075,0.0562341,1,1.833560e-02
2100,0.0562341,1,1.982740e-02
2125,0.0562341,1,2.143710e-02
2150,0.0562341,1,2.317100e-02
2175,0.0562341,1,2.503510e-02
2200,0.0562341,1,2.703570e-02
2225,0.0562341,1,2.917880e-02
2250,0.0562341,1,3.147060e-02
2275,0.0562341,1,3.391700e-02
2300,0.0562341,1,3.652390e-02
2325,0.0562341,1,3.929690e-02
2350,0.0562341,1,4.224140e-02
2375,0.0562341,1,4.536240e-02
2400,0.0562341,1,4.866500e-02
2425,0.0562341,1,5.215370e-02
2450,0.0562341,1,5.583270e-02
2475,0.0562341,1,5.970620e-02
2500,0.0562341,1,6.377810e-02
2525,0.0562341,1,6.805250e-02
2550,0.0562341,1,7.253350e-02
2575,0.0562341,1,7.722590e-02
2600,0.0562341,1,8.213540e-02
2625,0.0562341,1,8.726950e-02
2650,0.0562341,1,9.263780e-02
2675,0.0562341,1,9.825390e-02
2700,0.0562341,1,1.041360e-01
2725,0.0562341,1,1.103090e-01
2750,0.0562341,1,1.168060e-01
2775,0.0562341,1,1.236750e-01
2800,0.0562341,1,1.309780e-01
2825,0.0562341,1,1.387980e-01
2850,0.0562341,1,1.472450e-01
2875,0.0562341,1,1.564630e-01
2900,0.0562341,1,1.666430e-01
2925,0.0562341,1,1.780300e-01
2950,0.0562341,1,1.909420e-01
2975,0.0562341,1,2.057850e-01
3000,0.0562341,1,2.230820e-01
3025,0.0562341,1,2.434970e-01
3050,0.0562341,1,2.678810e-01
3075,0.0562341,1,2.973100e-01
3100,0.0562341,1,3.331590e-01
3125,0.0562341,1,3.771790e-01
3150,0.0562341,1,4.316120e-01
3175,0.0562341,1,4.993440e-01
3200,0.0562341,1,5.841160e-01
3225,0.0562341,1,6.908330e-01
3250,0.0562341,1,8.260140e-01
3275,0.0562341,1,9.984660e-01
3300,0.0562341,1,1.220350e+00
3325,0.0562341,1,1.508910e+00
3350,0.0562341,1,1.889390e+00
3375,0.0562341,1,2.400250e+00
3400,0.0562341,1,3.103180e+00
3425,0.0562341,1,4.103570e+00
3450,0.0562341,1,5.597720e+00
3475,0.0562341,1,7.997200e+00
3500,0.0562341,1,1.233400e+01
3525,0.0562341,1,2.212280e+01
3550,0.0562341,1,6.178280e+01
3575,0.0562341,1,2.000000e+02
3600,0.0562341,1,2.000000e+02
3625,0.0562341,1,2.000000e+02
3650,0.0562341,1,2.000000e+02
3675,0.0562341,1,2.000000e+02
3700,0.0562341,1,2.000000e+02
3725,0.0562341,1,2.000000e+02
3750,0.0562341,1,2.000000e+02
3775,0.0562341,1,2.000000e+02
3800,0.0562341,1,2.000000e+02
3825,0.0562341,1,2.000000e+02
3850,0.0562341,1,2.000000e+02
3875,0.0562341,1,2.000000e+02
3900,0.0562341,1,2.000000e+02
3925,0.0562341,1,2.000000e+02
3950,0.0562341,1,2.000000e+02
3975,0.0562341,1,2.000000e+02
4000,0.0562341,1,2.000000e+02
4025,0.0562341,1,2.000000e+02
4050,0.0562341,1,2.000000e+02
4075,0.0562341,1,2.000000e+02
4100,0.0562341,1,2.000000e+02
4125,0.0562341,1,2.000000e+02
4150,0.0562341,1,2.000000e+02
4175,0.0562341,1,2.000000e+02
4200,0.0562341,1,2.000000e+02
4225,0.0562341,1,2.000000e+02
4250,0.0562341,1,2.000000e+02
4275,0.0562341,1,2.000000e+02
4300,0.0562341,1,2.000000e+02
4325,0.0562341,1,2.000000e+02
4350,0.0562341,1,2.000000e+02
4375,0.0562341,1,2.000000e+02
4400,0.0562341,1,2.000000e+02
4425,0.0562341,1,2.000000e+02
4450,0.0562341,1,2.000000e+02
4475,0.0562341,1,2.000000e+02
4500,0.0562341,1,2.000000e+02
4525,0.0562341,1,2.000000e+02
4550,0.0562341,1,2.000000e+02
4575,0.0562341,1,2.000000e+02
4600,0.0562341,1,2.000000e+02
4625,0.0562341,1,2.000000e+02
4650,0.0562341,1,2.000000e+02
4675,0.0562341,1,2.000000e+02
4700,0.0562341,1,2.000000e+02
4725,0.0562341,1,2.000000e+02
4750,0.0562341,1,2.000000e+02
4775,0.0562341,1,2.000000e+02
4800,0.0562341,1,2.000000e+02
4825,0.0562341,1,2.000000e+02
4850,0.0562341,1,2.000000e+02
4875,0.0562341,1,2.000000e+02
4900,0.0562341,1,2.000000e+02
4925,0.0562341,1,2.000000e+02
4950,0.0562341,1,2.000000e+02
4975,0.0562341,1,2.000000e+02
5000,0.0562341,1,2.000000e+02
300,0.1,1,0.000000e+00
325,0.1,1,0.000000e+00
350,0.1,1,0.000000e+00
375,0.1,1,0.000000e+00
400,0.1,1,0.000000e+00
425,0.1,1,0.000000e+00
450,0.1,1,0.000000e+00
475,0.1,1,0.000000e+00
500,0.1,1,0.000000e+00
525,0.1,1,0.000000e+00
550,0.1,1,0.000000e+00
575,0.1,1,0.000000e+00
600,0.1,1,0.000000e+00
625,0.1,1,0.000000e+00
650,0.1,1,0.000000e+00
675,0.1,1,0.000000e+00
700,0.1,1,0.000000e+00
725,0.1,1,0.000000e+00
750,0.1,1,0.000000e+00
775,0.1,1,0.000000e+00
800,0.1,1,0.000000e+00
825,0.1,1,0.000000e+00
850,0.1,1,0.000000e+00
875,0.1,1,0.000000e+00
900,0.1,1,0.000000e+00
925,0.1,1,0.000000e+00
950,0.1,1,0.000000e+00
975,0.1,1,0.000000e+00
1000,0.1,1,0.000000e+00
1025,0.1,1,0.000000e+00
1050,0.1,1,0.000000e+00
1075,0.1,1,1.418450e-03
1100,0.1,1,2.406750e-03
1125,0.1,1,3.019480e-03
1150,0.1,1,3.401560e-03
1175,0.1,1,3.641610e-03
1200,0.1,1,3.794300e-03
1225,0.1,1,3.893750e-03
1250,0.1,1,3.961590e-03
1275,0.1,1,4.011740e-03
1300,0.1,1,4.053420e-03
1325,0.1,1,4.092890e-03
1350,0.1,1,4.134620e-03
1375,0.1,1,4.181930e-03
1400,0.1,1,4.237500e-03
1425,0.1,1,4.303600e-03
1450,0.1,1,4.382330e-03
1475,0.1,1,4.475680e-03
1500,0.1,1,4.585650e-03
1525,0.1,1,4.714310e-03
1550,0.1,1,4.863810e-03
1575,0.1,1,5.036420e-03
1600,0.1,1,5.234540e-03
1625,0.1,1,5.460740e-03
1650,0.1,1,5.717760e-03
1675,0.1,1,6.008480e-03
1700,0.1,1,6.335990e-03
1725,0.1,1,6.703550e-03
1750,0.1,1,7.114620e-03
1775,0.1,1,7.572860e-03
1800,0.1,1,8.082120e-03
1825,0.1,1,8.646440e-03
1850,0.1,1,9.270110e-03
1875,0.1,1,9.957570e-03
1900,0.1,1,1.071350e-02
1925,0.1,1,1.154280e-02
1950,0.1,1,1.245050e-02
1975,0.1,1,1.344200e-02
2000,0.1,1,1.452260e-02
2025,0.1,1,1.569800e-02
2050,0.1,1,1.697420e-02
2075,0.1,1,1.835700e-02
2100,0.1,1,1.985270e-02
2125,0.1,1,2.146740e-02
2150,0.1,1,2.320760e-02
2175,0.1,1,2.507970e-02
2200,0.1,1,2.709030e-02
2225,0.1,1,2.924590e-02
2250,0.1,1,3.155310e-02
2275,0.1,1,3.401830e-02
2300,0.1,1,3.664810e-02
2325,0.1,1,3.944870e-02
2350,0.1,1,4.242640e-02
2375,0.1,1,4.558710e-02
2400,0.1,1,4.893660e-02
2425,0.1,1,5.248060e-02
2450,0.1,1,5.622440e-02
2475,0.1,1,6.017310e-02
2500,0.1,1,6.433160e-02
2525,0.1,1,6.870460e-02
2550,0.1,1,7.329700e-02
2575,0.1,1,7.811350e-02
2600,0.1,1,8.315930e-02
2625,0.1,1,8.844030e-02
2650,0.1,1,9.396340e-02
2675,0.1,1,9.973700e-02
2700,0.1,1,1.057720e-01
2725,0.1,1,1.120840e-01
2750,0.1,1,1.186900e-01
2775,0.1,1,1.256160e-01
2800,0.1,1,1.328960e-01
2825,0.1,1,1.405750e-01
2850,0.1,1,1.487100e-01
2875,0.1,1,1.573800e-01
2900,0.1,1,1.666840e-01
2925,0.1,1,1.767530e-01
2950,0.1,1,1.877550e-01
2975,0.1,1,1.999040e-01
3000,0.1,1,2.134760e-01
3025,0.1,1,2.288200e-01
3050,0.1,1,2.463780e-01
3075,0.1,1,2.667120e-01
3100,0.1,1,2.905270e-01
3125,0.1,1,3.187140e-01
3150,0.1,1,3.523970e-01
3175,0.1,1,3.929950e-01
3200,0.1,1,4.423060e-01
3225,0.1,1,5.026170e-01
3250,0.1,1,5.768560e-01
3275,0.1,1,6.688070e-01
3300,0.1,1,7.834080e-01
3325,0.1,1,9.272020e-01
3350,0.1,1,1.109000e+00
3375,0.1,1,1.340940e+00
3400,0.1,1,1.640160e+00
3425,0.1,1,2.031650e+00
3450,0.1,1,2.553290e+00
3475,0.1,1,3.265430e+00
3500,0.1,1,4.270240e+00
3525,0.1,1,5.755560e+00
3550,0.1,1,8.107970e+00
3575,0.1,1,1.226800e+01
3600,0.1,1,2.126520e+01
3625,0.1,1,5.305190e+01
3650,0.1,1,2.000000e+02
3675,0.1,1,2.000000e+02
3700,0.1,1,2.000000e+02
3725,0.1,1,2.000000e+02
3750,0.1,1,2.000000e+02
3775,0.1,1,2.000000e+02
3800,0.1,1,2.000000e+02
3825,0.1,1,2.000000e+02
3850,0.1,1,2.000000e+02
3875,0.1,1,2.000000e+02
3900,0.1,1,2.000000e+02
3925,0.1,1,2.000000e+02
3950,0.1,1,2.000000e+02
3975,0.1,1,2.000000e+02
4000,0.1,1,2.000000e+02
4025,0.1,1,2.000000e+02
4050,0.1,1,2.000000e+02
4075,0.1,1,2.000000e+02
4100,0.1,1,2.000000e+02
4125,0.1,1,2.000000e+02
4150,0.1,1,2.000000e+02
4175,0.1,1,2.000000e+02
4200,0.1,1,2.000000e+02
4225,0.1,1,2.000000e+02
4250,0.1,1,2.000000e+02
4275,0.1,1,2.000000e+02
4300,0.1,1,2.000000e+02
4325,0.1,1,2.000000e+02
4350,0.1,1,2.000000e+02
4375,0.1,1,2.000000e+02
4400,0.1,1,2.000000e+02
4425,0.1,1,2.000000e+02
4450,0.1,1,2.000000e+02
4475,0.1,1,2.000000e+02
4500,0.1,1,2.000000e+02
4525,0.1,1,2.000000e+02
4550,0.1,1,2.000000e+02
4575,0.1,1,2.000000e+02
4600,0.1,1,2.000000e+02
4625,0.1,1,2.000000e+02
4650,0.1,1,2.000000e+02
4675,0.1,1,2.000000e+02
4700,0.1,1,2.000000e+02
4725,0.1,1,2.000000e+02
4750,0.1,1,2.000000e+02
4775,0.1,1,2.000000e+02
4800,0.1,1,2.000000e+02
4825,0.1,1,2.000000e+02
4850,0.1,1,2.000000e+02
4875,0.1,1,2.000000e+02
4900,0.1,1,2.000000e+02
4925,0.1,1,2.000000e+02
4950,0.1,1,2.000000e+02
4975,0.1,1,2.000000e+02
5000,0.1,1,2.000000e+02
300,0.177828,1,0.000000e+00
325,0.177828,1,0.000000e+00
350,0.177828,1,0.000000e+00
375,0.177828,1,0.000000e+00
400,0.177828,1,0.000000e+00
425,0.177828,1,0.000000e+00
450,0.177828,1,0.000000e+00
475,0.177828,1,0.000000e+00
500,0.177828,1,0.000000e+00
525,0.177828,1,0.000000e+00
550,0.177828,1,0.000000e+00
575,0.177828,1,0.000000e+00
600,0.177828,1,0.000000e+00
625,0.177828,1,0.000000e+00
650,0.177828,1,0.000000e+00
675,0.177828,1,0.000000e+00
700,0.177828,1,0.000000e+00
725,0.177828,1,0.000000e+00
750,0.177828,1,0.000000e+00
775,0.177828,1,0.000000e+00
800,0.177828,1,0.000000e+00
825,0.177828,1,0.000000e+00
850,0.177828,1,0.000000e+00
875,0.177828,1,0.000000e+00
900,0.177828,1,0.000000e+00
925,0.177828,1,0.000000e+00
950,0.177828,1,0.000000e+00
975,0.177828,1,0.000000e+00
1000,0.177828,1,0.000000e+00
1025,0.177828,1,0.000000e+00
1050,0.177828,1,0.000000e+00
1075,0.177828,1,0.000000e+00
1100,0.177828,1,1.357550e-03
1125,0.177828,1,2.420890e-03
1150,0.177828,1,3.085110e-03
1175,0.177828,1,3.500420e-03
1200,0.177828,1,3.760620e-03
1225,0.177828,1,3.924630e-03
1250,0.177828,1,4.029790e-03
1275,0.177828,1,4.100080e-03
1300,0.177828,1,4.151080e-03
1325,0.177828,1,4.193180e-03
1350,0.177828,1,4.233460e-03
1375,0.177828,1,4.276950e-03
1400,0.177828,1,4.327400e-03
1425,0.177828,1,4.387780e-03
1450,0.177828,1,4.460600e-03
1475,0.177828,1,4.548140e-03
1500,0.177828,1,4.652530e-03
1525,0.177828,1,4.775940e-03
1550,0.177828,1,4.920550e-03
1575,0.177828,1,5.088650e-03
1600,0.177828,1,5.282640e-03
1625,0.177828,1,5.505060e-03
1650,0.177828,1,5.758640e-03
1675,0.177828,1,6.046230e-03
1700,0.177828,1,6.370900e-03
1725,0.177828,1,6.735900e-03
1750,0.177828,1,7.144660e-03
1775,0.177828,1,7.600830e-03
1800,0.177828,1,8.108230e-03
1825,0.177828,1,8.670920e-03
1850,0.177828,1,9.293160e-03
1875,0.177828,1,9.979420e-03
1900,0.177828,1,1.073440e-02
1925,0.177828,1,1.156290e-02
1950,0.177828,1,1.247020e-02
1975,0.177828,1,1.346150e-02
2000,0.177828,1,1.454230e-02
2025,0.177828,1,1.571840e-02
2050,0.177828,1,1.699570e-02
2075,0.177828,1,1.838030e-02
2100,0.177828,1,1.987840e-02
2125,0.177828,1,2.149640e-02
2150,0.177828,1,2.324100e-02
2175,0.177828,1,2.511890e-02
2200,0.177828,1,2.713670e-02
2225,0.177828,1,2.930140e-02
2250,0.177828,1,3.161980e-02
2275,0.177828,1,3.409900e-02
2300,0.177828,1,3.674580e-02
2325,0.177828,1,3.956700e-02
2350,0.177828,1,4.256960e-02
2375,0.177828,1,4.576020e-02
2400,0.177828,1,4.914530e-02
2425,0.177828,1,5.273140e-02
2450,0.177828,1,5.652460e-02
2475,0.177828,1,6.053110e-02
2500,0.177828,1,6.475650e-02
2525,0.177828,1,6.920670e-02
2550,0.177828,1,7.388690e-02
2575,0.177828,1,7.880280e-02
2600,0.177828,1,8.395970e-02
2625,0.177828,1,8.936330e-02
2650,0.177828,1,9.501970e-02
2675,0.177828,1,1.009360e-01
2700,0.177828,1,1.071190e-01
2725,0.177828,1,1.135790e-01
2750,0.177828,1,1.203290e-01
2775,0.177828,1,1.273820e-01
2800,0.177828,1,1.347580e-01
2825,0.177828,1,1.424820e-01
2850,0.177828,1,1.505870e-01
2875,0.177828,1,1.591150e-01
2900,0.177828,1,1.681200e-01
2925,0.177828,1,1.776720e-01
2950,0.177828,1,1.878630e-01
2975,0.177828,1,1.988060e-01
3000,0.177828,1,2.106490e-01
3025,0.177828,1,2.235770e-01
3050,0.177828,1,2.378260e-01
3075,0.177828,1,2.536910e-01
3100,0.177828,1,2.715420e-01
3125,0.177828,1,2.918430e-01
3150,0.177828,1,3.151750e-01
3175,0.177828,1,3.422620e-01
3200,0.177828,1,3.740100e-01
3225,0.177828,1,4.115500e-01
3250,0.177828,1,4.563010e-01
3275,0.177828,1,5.100480e-01
3300,0.177828,1,5.750480e-01
3325,0.177828,1,6.541740e-01
3350,0.177828,1,7.511170e-01
3375,0.177828,1,8.706750e-01
3400,0.177828,1,1.019160e+00
3425,0.177828,1,1.205050e+00
3450,0.177828,1,1.439930e+00
3475,0.177828,1,1.740040e+00
3500,0.177828,1,2.128880e+00
3525,0.177828,1,2.641700e+00
3550,0.177828,1,3.333870e+00
3575,0.177828,1,4.297550e+00
3600,0.177828,1,5.698090e+00
3625,0.177828,1,7.864270e+00
3650,0.177828,1,1.155460e+01
3675,0.177828,1,1.899100e+01
3700,0.177828,1,4.058760e+01
3725,0.177828,1,2.000000e+02
3750,0.177828,1,2.000000e+02
3775,0.177828,1,2.000000e+02
3800,0.177828,1,2.000000e+02
3825,0.177828,1,2.000000e+02
3850,0.177828,1,2.000000e+02
3875,0.177828,1,2.000000e+02
3900,0.177828,1,2.000000e+02
3925,0.177828,1,2.000000e+02
3950,0.177828,1,2.000000e+02
3975,0.177828,1,2.000000e+02
4000,0.177828,1,2.000000e+02
4025,0.177828,1,2.000000e+02
4050,0.177828,1,2.000000e+02
4075,0.177828,1,2.000000e+02
4100,0.177828,1,2.000000e+02
4125,0.177828,1,2.000000e+02
4150,0.177828,1,2.000000e+02
4175,0.177828,1,2.000000e+02
4200,0.177828,1,2.000000e+02
4225,0.177828,1,2.000000e+02
4250,0.177828,1,2.000000e+02
4275,0.177828,1,2.000000e+02
4300,0.177828,1,2.000000e+02
4325,0.177828,1,2.000000e+02
4350,0.177828,1,2.000000e+02
4375,0.177828,1,2.000000e+02
4400,0.177828,1,2.000000e+02
4425,0.177828,1,2.000000e+02
4450,0.177828,1,2.000000e+02
4475,0.177828,1,2.000000e+02
4500,0.177828,1,2.000000e+02
4525,0.177828,1,2.000000e+02
4550,0.177828,1,2.000000e+02
4575,0.177828,1,2.000000e+02
4600,0.177828,1,2.000000e+02
4625,0.177828,1,2.000000e+02
4650,0.177828,1,2.000000e+02
4675,0.177828,1,2.000000e+02
4700,0.177828,1,2.000000e+02
4725,0.177828,1,2.000000e+02
4750,0.177828,1,2.000000e+02
4775,0.177828,1,2.000000e+02
4800,0.177828,1,2.000000e+02
4825,0.177828,1,2.000000e+02
4850,0.177828,1,2.000000e+02
4875,0.177828,1,2.000000e+02
4900,0.177828,1,2.000000e+02
4925,0.177828,1,2.000000e+02
4950,0.177828,1,2.000000e+02
4975,0.177828,1,2.000000e+02
5000,0.177828,1,2.000000e+02
300,0.316228,1,0.000000e+00
325,0.316228,1,0.000000e+00
350,0.316228,1,0.000000e+00
375,0.316228,1,0.000000e+00
400,0.316228,1,0.000000e+00
425,0.316228,1,0.000000e+00
450,0.316228,1,0.000000e+00
475,0.316228,1,0.000000e+00
500,0.316228,1,0.000000e+00
525,0.316228,1,0.000000e+00
550,0.316228,1,0.000000e+00
575,0.316228,1,0.000000e+00
600,0.316228,1,0.000000e+00
625,0.316228,1,0.000000e+00
650,0.316228,1,0.000000e+00
675,0.316228,1,0.000000e+00
700,0.316228,1,0.000000e+00
725,0.316228,1,0.000000e+00
750,0.316228,1,0.000000e+00
775,0.316228,1,0.000000e+00
800,0.316228,1,0.000000e+00
825,0.316228,1,0.000000e+00
850,0.316228,1,0.000000e+00
875,0.316228,1,0.000000e+00
900,0.316228,1,0.000000e+00
925,0.316228,1,0.000000e+00
950,0.316228,1,0.000000e+00
975,0.316228,1,0.000000e+00
1000,0.316228,1,0.000000e+00
1025,0.316228,1,0.000000e+00
1050,0.316228,1,0.000000e+00
1075,0.316228,1,0.000000e+00
1100,0.316228,1,0.000000e+00
1125,0.316228,1,1.387720e-03
1150,0.316228,1,2.534490e-03
1175,0.316228,1,3.253210e-03
1200,0.316228,1,3.701190e-03
1225,0.316228,1,3.978710e-03
1250,0.316228,1,4.149900e-03
1275,0.316228,1,4.255990e-03
1300,0.316228,1,4.323720e-03
1325,0.316228,1,4.370650e-03
1350,0.316228,1,4.408530e-03
1375,0.316228,1,4.445360e-03
1400,0.316228,1,4.486830e-03
1425,0.316228,1,4.537120e-03
1450,0.316228,1,4.599520e-03
1475,0.316228,1,4.676760e-03
1500,0.316228,1,4.771290e-03
1525,0.316228,1,4.885390e-03
1550,0.316228,1,5.021330e-03
1575,0.316228,1,5.181430e-03
1600,0.316228,1,5.368070e-03
1625,0.316228,1,5.583780e-03
1650,0.316228,1,5.831230e-03
1675,0.316228,1,6.113250e-03
1700,0.316228,1,6.432860e-03
1725,0.316228,1,6.793260e-03
1750,0.316228,1,7.197850e-03
1775,0.316228,1,7.650240e-03
1800,0.316228,1,8.154230e-03
1825,0.316228,1,8.713850e-03
1850,0.316228,1,9.333340e-03
1875,0.316228,1,1.001720e-02
1900,0.316228,1,1.077000e-02
1925,0.316228,1,1.159670e-02
1950,0.316228,1,1.250240e-02
1975,0.316228,1,1.349250e-02
2000,0.316228,1,1.457250e-02
2025,0.316228,1,1.574810e-02
2050,0.316228,1,1.702540e-02
2075,0.316228,1,1.841040e-02
2100,0.316228,1,1.990970e-02
2125,0.316228,1,2.152960e-02
2150,0.316228,1,2.327680e-02
2175,0.316228,1,2.515830e-02
2200,0.316228,1,2.718100e-02
2225,0.316228,1,2.935200e-02
2250,0.316228,1,3.167850e-02
2275,0.316228,1,3.416760e-02
2300,0.316228,1,3.682680e-02
2325,0.316228,1,3.966320e-02
2350,0.316228,1,4.268420e-02
2375,0.316228,1,4.589700e-02
2400,0.316228,1,4.930870e-02
2425,0.316228,1,5.292650e-02
2450,0.316228,1,5.675710e-02
2475,0.316228,1,6.080740e-02
2500,0.316228,1,6.508400e-02
2525,0.316228,1,6.959340e-02
2550,0.316228,1,7.434180e-02
2575,0.316228,1,7.933540e-02
2600,0.316228,1,8.458030e-02
2625,0.316228,1,9.008240e-02
2650,0.316228,1,9.584790e-02
2675,0.316228,1,1.018830e-01
2700,0.316228,1,1.081950e-01
2725,0.316228,1,1.147920e-01
2750,0.316228,1,1.216810e-01
2775,0.316228,1,1.288730e-01
2800,0.316228,1,1.363810e-01
2825,0.316228,1,1.442190e-01
2850,0.316228,1,1.524080e-01
2875,0.316228,1,1.609710e-01
2900,0.316228,1,1.699400e-01
2925,0.316228,1,1.793530e-01
2950,0.316228,1,1.892600e-01
2975,0.316228,1,1.997260e-01
3000,0.316228,1,2.108280e-01
3025,0.316228,1,2.226690e-01
3050,0.316228,1,2.353760e-01
3075,0.316228,1,2.491050e-01
3100,0.316228,1,2.640570e-01
3125,0.316228,1,2.804770e-01
3150,0.316228,1,2.986720e-01
3175,0.316228,1,3.190210e-01
3200,0.316228,1,3.419950e-01
3225,0.316228,1,3.681750e-01
3250,0.316228,1,3.982820e-01
3275,0.316228,1,4.332060e-01
3300,0.316228,1,4.740510e-01
3325,0.316228,1,5.221940e-01
3350,0.316228,1,5.793500e-01
3375,0.316228,1,6.476760e-01
3400,0.316228,1,7.298980e-01
3425,0.316228,1,8.294970e-01
3450,0.316228,1,9.509640e-01
3475,0.316228,1,1.100170e+00
3500,0.316228,1,1.284940e+00
3525,0.316228,1,1.515860e+00
3550,0.316228,1,1.807630e+00
3575,0.316228,1,2.181260e+00
3600,0.316228,1,2.667760e+00
3625,0.316228,1,3.314950e+00
3650,0.316228,1,4.200410e+00
3675,0.316228,1,5.458880e+00
3700,0.316228,1,7.346120e+00
3725,0.316228,1,1.041290e+01
3750,0.316228,1,1.609670e+01
3775,0.316228,1,2.967360e+01
3800,0.316228,1,9.768990e+01
3825,0.316228,1,2.000000e+02
3850,0.316228,1,2.000000e+02
3875,0.316228,1,2.000000e+02
3900,0.316228,1,2.000000e+02
3925,0.316228,1,2.000000e+02
3950,0.316228,1,2.000000e+02
3975,0.316228,1,2.000000e+02
4000,0.316228,1,2.000000e+02
4025,0.316228,1,2.000000e+02
4050,0.316228,1,2.000000e+02
4075,0.316228,1,2.000000e+02
4100,0.316228,1,2.000000e+02
4125,0.316228,1,2.000000e+02
4150,0.316228,1,2.000000e+02
4175,0.316228,1,2.000000e+02
4200,0.316228,1,2.000000e+02
4225,0.316228,1,2.000000e+02
4250,0.316228,1,2.000000e+02
4275,0.316228,1,2.000000e+02
4300,0.316228,1,2.000000e+02
4325,0.316228,1,2.000000e+02
4350,0.316228,1,2.000000e+02
4375,0.316228,1,2.000000e+02
4400,0.316228,1,2.000000e+02
4425,0.316228,1,2.000000e+02
4450,0.316228,1,2.000000e+02
4475,0.316228,1,2.000000e+02
4500,0.316228,1,2.000000e+02
4525,0.316228,1,2.000000e+02
4550,0.316228,1,2.000000e+02
4575,0.316228,1,2.000000e+02
4600,0.316228,1,2.000000e+02
4625,0.316228,1,2.000000e+02
4650,0.316228,1,2.000000e+02
4675,0.316228,1,2.000000e+02
4700,0.316228,1,2.000000e+02
4725,0.316228,1,2.000000e+02
4750,0.316228,1,2.000000e+02
4775,0.316228,1,2.000000e+02
4800,0.316228,1,2.000000e+02
4825,0.316228,1,2.000000e+02
4850,0.316228,1,2.000000e+02
4875,0.316228,1,2.000000e+02
4900,0.316228,1,2.000000e+02
4925,0.316228,1,2.000000e+02
4950,0.316228,1,2.000000e+02
4975,0.316228,1,2.000000e+02
5000,0.316228,1,2.000000e+02
300,0.562341,1,0.000000e+00
325,0.562341,1,0.000000e+00
350,0.562341,1,0.000000e+00
375,0.562341,1,0.000000e+00
400,0.562341,1,0.000000e+00
425,0.562341,1,0.000000e+00
450,0.562341,1,0.000000e+00
475,0.562341,1,0.000000e+00
500,0.562341,1,0.000000e+00
525,0.562341,1,0.000000e+00
550,0.562341,1,0.000000e+00
575,0.562341,1,0.000000e+00
600,0.562341,1,0.000000e+00
625,0.562341,1,0.000000e+00
650,0.562341,1,0.000000e+00
675,0.562341,1,0.000000e+00
700,0.562341,1,0.000000e+00
725,0.562341,1,0.000000e+00
750,0.562341,1,0.000000e+00
775,0.562341,1,0.000000e+00
800,0.562341,1,0.000000e+00
825,0.562341,1,0.000000e+00
850,0.562341,1,0.000000e+00
875,0.562341,1,0.000000e+00
900,0.562341,1,0.000000e+00
925,0.562341,1,0.000000e+00
950,0.562341,1,0.000000e+00
975,0.562341,1,0.000000e+00
1000,0.562341,1,0.000000e+00
1025,0.562341,1,0.000000e+00
1050,0.562341,1,0.000000e+00
1075,0.562341,1,0.000000e+00
1100,0.562341,1,0.000000e+00
1125,0.562341,1,0.000000e+00
1150,0.562341,1,1.591980e-03
1175,0.562341,1,2.825460e-03
1200,0.562341,1,3.596950e-03
1225,0.562341,1,4.072380e-03
1250,0.562341,1,4.359830e-03
1275,0.562341,1,4.529590e-03
1300,0.562341,1,4.627490e-03
1325,0.562341,1,4.683560e-03
1350,0.562341,1,4.717660e-03
1375,0.562341,1,4.743100e-03
1400,0.562341,1,4.768950e-03
1425,0.562341,1,4.801580e-03
1450,0.562341,1,4.845670e-03
1475,0.562341,1,4.904790e-03
1500,0.562341,1,4.981900e-03
1525,0.562341,1,5.079560e-03
1550,0.562341,1,5.200180e-03
1575,0.562341,1,5.346120e-03
1600,0.562341,1,5.519750e-03
1625,0.562341,1,5.723550e-03
1650,0.562341,1,5.960140e-03
1675,0.562341,1,6.232260e-03
1700,0.562341,1,6.542860e-03
1725,0.562341,1,6.895060e-03
1750,0.562341,1,7.292200e-03
1775,0.562341,1,7.737820e-03
1800,0.562341,1,8.235660e-03
1825,0.562341,1,8.789710e-03
1850,0.562341,1,9.404140e-03
1875,0.562341,1,1.008340e-02
1900,0.562341,1,1.083210e-02
1925,0.562341,1,1.165510e-02
1950,0.562341,1,1.255760e-02
1975,0.562341,1,1.354480e-02
2000,0.562341,1,1.462240e-02
2025,0.562341,1,1.579600e-02
2050,0.562341,1,1.707170e-02
2075,0.562341,1,1.845580e-02
2100,0.562341,1,1.995450e-02
2125,0.562341,1,2.157450e-02
2150,0.562341,1,2.332270e-02
2175,0.562341,1,2.520590e-02
2200,0.562341,1,2.723130e-02
2225,0.562341,1,2.940610e-02
2250,0.562341,1,3.173770e-02
2275,0.562341,1,3.423360e-02
2300,0.562341,1,3.690130e-02
2325,0.562341,1,3.974840e-02
2350,0.562341,1,4.278260e-02
2375,0.562341,1,4.601150e-02
2400,0.562341,1,4.944280e-02
2425,0.562341,1,5.308380e-02
2450,0.562341,1,5.694230e-02
2475,0.562341,1,6.102550e-02
2500,0.562341,1,6.534060e-02
2525,0.562341,1,6.989490e-02
2550,0.562341,1,7.469530e-02
2575,0.562341,1,7.974870e-02
2600,0.562341,1,8.506170e-02
2625,0.562341,1,9.064090e-02
2650,0.562341,1,9.649300e-02
2675,0.562341,1,1.026240e-01
2700,0.562341,1,1.090420e-01
2725,0.562341,1,1.157530e-01
2750,0.562341,1,1.227640e-01
2775,0.562341,1,1.300840e-01
2800,0.562341,1,1.377220e-01
2825,0.562341,1,1.456890e-01
2850,0.562341,1,1.539970e-01
2875,0.562341,1,1.626620e-01
2900,0.562341,1,1.717030e-01
2925,0.562341,1,1.811420e-01
2950,0.562341,1,1.910090e-01
2975,0.562341,1,2.013390e-01
3000,0.562341,1,2.121790e-01
3025,0.562341,1,2.235830e-01
3050,0.562341,1,2.356230e-01
3075,0.562341,1,2.483840e-01
3100,0.562341,1,2.619760e-01
3125,0.562341,1,2.765320e-01
3150,0.562341,1,2.922170e-01
3175,0.562341,1,3.092350e-01
3200,0.562341,1,3.278370e-01
3225,0.562341,1,3.483290e-01
3250,0.562341,1,3.710900e-01
3275,0.562341,1,3.965800e-01
3300,0.562341,1,4.253660e-01
3325,0.562341,1,4.581410e-01
3350,0.562341,1,4.957560e-01
3375,0.562341,1,5.392600e-01
3400,0.562341,1,5.899440e-01
3425,0.562341,1,6.494100e-01
3450,0.562341,1,7.196550e-01
3475,0.562341,1,8.031850e-01
3500,0.562341,1,9.031750e-01
3525,0.562341,1,1.023690e+00
3550,0.562341,1,1.169990e+00
3575,0.562341,1,1.349010e+00
3600,0.562341,1,1.570040e+00
3625,0.562341,1,1.845830e+00
3650,0.562341,1,2.194250e+00
3675,0.562341,1,2.641230e+00
3700,0.562341,1,3.225800e+00
3725,0.562341,1,4.009390e+00
3750,0.562341,1,5.094590e+00
3775,0.562341,1,6.666040e+00
3800,0.562341,1,9.092120e+00
3825,0.562341,1,1.322590e+01
3850,0.562341,1,2.157890e+01
3875,0.562341,1,4.602890e+01
3900,0.562341,1,2.000000e+02
3925,0.562341,1,2.000000e+02
3950,0.562341,1,2.000000e+02
3975,0.562341,1,2.000000e+02
4000,0.562341,1,2.000000e+02
4025,0.562341,1,2.000000e+02
4050,0.562341,1,2.000000e+02
4075,0.562341,1,2.000000e+02
4100,0.562341,1,2.000000e+02
4125,0.562341,1,2.000000e+02
4150,0.562341,1,2.000000e+02
4175,0.562341,1,2.000000e+02
4200,0.562341,1,2.000000e+02
4225,0.562341,1,2.000000e+02
4250,0.562341,1,2.000000e+02
4275,0.562341,1,2.000000e+02
4300,0.562341,1,2.000000e+02
4325,0.562341,1,2.000000e+02
4350,0.562341,1,2.000000e+02
4375,0.562341,1,2.000000e+02
4400,0.562341,1,2.000000e+02
4425,0.562341,1,2.000000e+02
4450,0.562341,1,2.000000e+02
4475,0.562341,1,2.000000e+02
4500,0.562341,1,2.000000e+02
4525,0.562341,1,2.000000e+02
4550,0.562341,1,2.000000e+02
4575,0.562341,1,2.000000e+02
4600,0.562341,1,2.000000e+02
4625,0.562341,1,2.000000e+02
4650,0.562341,1,2.000000e+02
4675,0.562341,1,2.000000e+02
4700,0.562341,1,2.000000e+02
4725,0.562341,1,2.000000e+02
4750,0.562341,1,2.000000e+02
4775,0.562341,1,2.000000e+02
4800,0.562341,1,2.000000e+02
4825,0.562341,1,2.000000e+02
4850,0.562341,1,2.000000e+02
4875,0.562341,1,2.000000e+02
4900,0.562341,1,2.000000e+02
4925,0.562341,1,2.000000e+02
4950,0.562341,1,2.000000e+02
4975,0.562341,1,2.000000e+02
5000,0.562341,1,2.000000e+02
300,1,1,0.000000e+00
325,1,1,0.000000e+00
350,1,1,0.000000e+00
375,1,1,0.000000e+00
400,1,1,0.000000e+00
425,1,1,0.000000e+00
450,1,1,0.000000e+00
475,1,1,0.000000e+00
500,1,1,0.000000e+00
525,1,1,0.000000e+00
550,1,1,0.000000e+00
575,1,1,0.000000e+00
600,1,1,0.000000e+00
625,1,1,0.000000e+00
650,1,1,0.000000e+00
675,1,1,0.000000e+00
700,1,1,0.000000e+00
725,1,1,0.000000e+00
750,1,1,0.000000e+00
775,1,1,0.000000e+00
800,1,1,0.000000e+00
825,1,1,0.000000e+00
850,1,1,0.000000e+00
875,1,1,0.000000e+00
900,1,1,0.000000e+00
925,1,1,0.000000e+00
950,1,1,0.000000e+00
975,1,1,0.000000e+00
1000,1,1,0.000000e+00
1025,1,1,0.000000e+00
1050,1,1,0.000000e+00
1075,1,1,0.000000e+00
1100,1,1,0.000000e+00
1125,1,1,0.000000e+00
1150,1,1,2.335850e-05
1175,1,1,2.100170e-03
1200,1,1,3.415990e-03
1225,1,1,4.231310e-03
1250,1,1,4.721900e-03
1275,1,1,5.004850e-03
1300,1,1,5.157670e-03
1325,1,1,5.231610e-03
1350,1,1,5.260560e-03
1375,1,1,5.267070e-03
1400,1,1,5.266260e-03
1425,1,1,5.268400e-03
1450,1,1,5.280630e-03
1475,1,1,5.308090e-03
1500,1,1,5.354660e-03
1525,1,1,5.423430e-03
1550,1,1,5.517080e-03
1575,1,1,5.638050e-03
1600,1,1,5.788710e-03
1625,1,1,5.971480e-03
1650,1,1,6.188840e-03
1675,1,1,6.443430e-03
1700,1,1,6.738060e-03
1725,1,1,7.075730e-03
1750,1,1,7.459640e-03
1775,1,1,7.893210e-03
1800,1,1,8.380080e-03
1825,1,1,8.924140e-03
1850,1,1,9.529470e-03
1875,1,1,1.020040e-02
1900,1,1,1.094160e-02
1925,1,1,1.175780e-02
1950,1,1,1.265410e-02
1975,1,1,1.363570e-02
2000,1,1,1.470830e-02
2025,1,1,1.587750e-02
2050,1,1,1.714930e-02
2075,1,1,1.853010e-02
2100,1,1,2.002610e-02
2125,1,1,2.164410e-02
2150,1,1,2.339090e-02
2175,1,1,2.527350e-02
2200,1,1,2.729920e-02
2225,1,1,2.947520e-02
2250,1,1,3.180920e-02
2275,1,1,3.430870e-02
2300,1,1,3.698140e-02
2325,1,1,3.983540e-02
2350,1,1,4.287830e-02
2375,1,1,4.611830e-02
2400,1,1,4.956310e-02
2425,1,1,5.322090e-02
2450,1,1,5.709940e-02
2475,1,1,6.120650e-02
2500,1,1,6.555010e-02
2525,1,1,7.013780e-02
2550,1,1,7.497710e-02
2575,1,1,8.007550e-02
2600,1,1,8.544030e-02
2625,1,1,9.107870e-02
2650,1,1,9.699780e-02
2675,1,1,1.032050e-01
2700,1,1,1.097060e-01
2725,1,1,1.165090e-01
2750,1,1,1.236210e-01
2775,1,1,1.310490e-01
2800,1,1,1.388010e-01
2825,1,1,1.468870e-01
2850,1,1,1.553140e-01
2875,1,1,1.640950e-01
2900,1,1,1.732420e-01
2925,1,1,1.827700e-01
2950,1,1,1.926980e-01
2975,1,1,2.030460e-01
3000,1,1,2.138420e-01
3025,1,1,2.251180e-01
3050,1,1,2.369140e-01
3075,1,1,2.492810e-01
3100,1,1,2.622770e-01
3125,1,1,2.759790e-01
3150,1,1,2.904770e-01
3175,1,1,3.058840e-01
3200,1,1,3.223350e-01
3225,1,1,3.399970e-01
3250,1,1,3.590720e-01
3275,1,1,3.798090e-01
3300,1,1,4.025040e-01
3325,1,1,4.275230e-01
3350,1,1,4.553050e-01
3375,1,1,4.863850e-01
3400,1,1,5.214150e-01
3425,1,1,5.611840e-01
3450,1,1,6.066580e-01
3475,1,1,6.590180e-01
3500,1,1,7.197180e-01
3525,1,1,7.905510e-01
3550,1,1,8.737540e-01
3575,1,1,9.721320e-01
3600,1,1,1.089240e+00
3625,1,1,1.229640e+00
3650,1,1,1.399260e+00
3675,1,1,1.605960e+00
3700,1,1,1.860310e+00
3725,1,1,2.176910e+00
3750,1,1,2.576460e+00
3775,1,1,3.089260e+00
3800,1,1,3.761490e+00
3825,1,1,4.667000e+00
3850,1,1,5.931530e+00
3875,1,1,7.787340e+00
3900,1,1,1.071460e+01
3925,1,1,1.588750e+01
3950,1,1,2.710690e+01
3975,1,1,6.708230e+01
4000,1,1,2.000000e+02
4025,1,1,2.000000e+02
4050,1,1,2.000000e+02
4075,1,1,2.000000e+02
4100,1,1,2.000000e+02
4125,1,1,2.000000e+02
4150,1,1,2.000000e+02
4175,1,1,2.000000e+02
4200,1,1,2.000000e+02
4225,1,1,2.000000e+02
4250,1,1,2.000000e+02
4275,1,1,2.000000e+02
4300,1,1,2.000000e+02
4325,1,1,2.000000e+02
4350,1,1,2.000000e+02
4375,1,1,2.000000e+02
4400,1,1,2.000000e+02
4425,1,1,2.000000e+02
4450,1,1,2.000000e+02
4475,1,1,2.000000e+02
4500,1,1,2.000000e+02
4525,1,1,2.000000e+02
4550,1,1,2.000000e+02
4575,1,1,2.000000e+02
4600,1,1,2.000000e+02
4625,1,1,2.000000e+02
4650,1,1,2.000000e+02
4675,1,1,2.000000e+02
4700,1,1,2.000000e+02
4725,1,1,2.000000e+02
4750,1,1,2.000000e+02
4775,1,1,2.000000e+02
4800,1,1,2.000000e+02
4825,1,1,2.000000e+02
4850,1,1,2.000000e+02
4875,1,1,2.000000e+02
4900,1,1,2.000000e+02
4925,1,1,2.000000e+02
4950,1,1,2.000000e+02
4975,1,1,2.000000e+02
5000,1,1,2.000000e+02
300,1.77828,1,0.000000e+00
325,1.77828,1,0.000000e+00
350,1.77828,1,0.000000e+00
375,1.77828,1,0.000000e+00
400,1.77828,1,0.000000e+00
425,1.77828,1,0.000000e+00
450,1.77828,1,0.000000e+00
475,1.77828,1,0.000000e+00
500,1.77828,1,0.000000e+00
525,1.77828,1,0.000000e+00
550,1.77828,1,0.000000e+00
575,1.77828,1,0.000000e+00
600,1.77828,1,0.000000e+00
625,1.77828,1,0.000000e+00
650,1.77828,1,0.000000e+00
675,1.77828,1,0.000000e+00
700,1.77828,1,0.000000e+00
725,1.77828,1,0.000000e+00
750,1.77828,1,0.000000e+00
775,1.77828,1,0.000000e+00
800,1.77828,1,0.000000e+00
825,1.77828,1,0.000000e+00
850,1.77828,1,0.000000e+00
875,1.77828,1,0.000000e+00
900,1.77828,1,0.000000e+00
925,1.77828,1,0.000000e+00
950,1.77828,1,0.000000e+00
975,1.77828,1,0.000000e+00
1000,1.77828,1,0.000000e+00
1025,1.77828,1,0.000000e+00
1050,1.77828,1,0.000000e+00
1075,1.77828,1,0.000000e+00
1100,1.77828,1,0.000000e+00
1125,1.77828,1,0.000000e+00
1150,1.77828,1,0.000000e+00
1175,1.77828,1,9.118750e-04
1200,1.77828,1,3.107360e-03
1225,1.77828,1,4.491440e-03
1250,1.77828,1,5.332090e-03
1275,1.77828,1,5.815810e-03
1300,1.77828,1,6.069940e-03
1325,1.77828,1,6.180430e-03
1350,1.77828,1,6.204900e-03
1375,1.77828,1,6.181850e-03
1400,1.77828,1,6.137030e-03
1425,1.77828,1,6.087690e-03
1450,1.77828,1,6.045480e-03
1475,1.77828,1,6.018380e-03
1500,1.77828,1,6.012010e-03
1525,1.77828,1,6.030490e-03
1550,1.77828,1,6.077020e-03
1575,1.77828,1,6.154270e-03
1600,1.77828,1,6.264620e-03
1625,1.77828,1,6.410390e-03
1650,1.77828,1,6.593910e-03
1675,1.77828,1,6.817600e-03
1700,1.77828,1,7.084050e-03
1725,1.77828,1,7.396030e-03
1750,1.77828,1,7.756530e-03
1775,1.77828,1,8.168770e-03
1800,1.77828,1,8.636190e-03
1825,1.77828,1,9.162490e-03
1850,1.77828,1,9.751630e-03
1875,1.77828,1,1.040780e-02
1900,1.77828,1,1.113540e-02
1925,1.77828,1,1.193930e-02
1950,1.77828,1,1.282430e-02
1975,1.77828,1,1.379560e-02
2000,1.77828,1,1.485880e-02
2025,1.77828,1,1.601950e-02
2050,1.77828,1,1.728370e-02
2075,1.77828,1,1.865750e-02
2100,1.77828,1,2.014740e-02
2125,1.77828,1,2.176010e-02
2150,1.77828,1,2.350230e-02
2175,1.77828,1,2.538110e-02
2200,1.77828,1,2.740390e-02
2225,1.77828,1,2.957790e-02
2250,1.77828,1,3.191090e-02
2275,1.77828,1,3.441060e-02
2300,1.77828,1,3.708480e-02
2325,1.77828,1,3.994160e-02
2350,1.77828,1,4.298900e-02
2375,1.77828,1,4.623520e-02
2400,1.77828,1,4.968850e-02
2425,1.77828,1,5.335700e-02
2450,1.77828,1,5.724890e-02
2475,1.77828,1,6.137260e-02
2500,1.77828,1,6.573610e-02
2525,1.77828,1,7.034770e-02
2550,1.77828,1,7.521520e-02
2575,1.77828,1,8.034670e-02
2600,1.77828,1,8.574990e-02
2625,1.77828,1,9.143250e-02
2650,1.77828,1,9.740210e-02
2675,1.77828,1,1.036660e-01
2700,1.77828,1,1.102320e-01
2725,1.77828,1,1.171070e-01
2750,1.77828,1,1.242990e-01
2775,1.77828,1,1.318140e-01
2800,1.77828,1,1.396600e-01
2825,1.77828,1,1.478460e-01
2850,1.77828,1,1.563790e-01
2875,1.77828,1,1.652680e-01
2900,1.77828,1,1.745230e-01
2925,1.77828,1,1.841540e-01
2950,1.77828,1,1.941740e-01
2975,1.77828,1,2.045990e-01
3000,1.77828,1,2.154430e-01
3025,1.77828,1,2.267290e-01
3050,1.77828,1,2.384790e-01
3075,1.77828,1,2.507240e-01
3100,1.77828,1,2.634980e-01
3125,1.77828,1,2.768450e-01
3150,1.77828,1,2.908160e-01
3175,1.77828,1,3.054750e-01
3200,1.77828,1,3.208980e-01
3225,1.77828,1,3.371770e-01
3250,1.77828,1,3.544230e-01
3275,1.77828,1,3.727720e-01
3300,1.77828,1,3.923870e-01
3325,1.77828,1,4.134620e-01
3350,1.77828,1,4.362340e-01
3375,1.77828,1,4.609860e-01
3400,1.77828,1,4.880580e-01
3425,1.77828,1,5.178600e-01
3450,1.77828,1,5.508840e-01
3475,1.77828,1,5.877240e-01
3500,1.77828,1,6.290960e-01
3525,1.77828,1,6.758660e-01
3550,1.77828,1,7.290860e-01
3575,1.77828,1,7.900390e-01
3600,1.77828,1,8.602940e-01
3625,1.77828,1,9.417910e-01
3650,1.77828,1,1.036940e+00
3675,1.77828,1,1.148750e+00
3700,1.77828,1,1.281060e+00
3725,1.77828,1,1.438790e+00
3750,1.77828,1,1.628320e+00
3775,1.77828,1,1.858160e+00
3800,1.77828,1,2.139770e+00
3825,1.77828,1,2.489020e+00
3850,1.77828,1,2.928510e+00
3875,1.77828,1,3.491490e+00
3900,1.77828,1,4.228890e+00
3925,1.77828,1,5.222740e+00
3950,1.77828,1,6.613890e+00
3975,1.77828,1,8.665410e+00
4000,1.77828,1,1.192970e+01
4025,1.77828,1,1.778970e+01
4050,1.77828,1,3.091640e+01
4075,1.77828,1,8.266490e+01
4100,1.77828,1,2.000000e+02
4125,1.77828,1,2.000000e+02
4150,1.77828,1,2.000000e+02
4175,1.77828,1,2.000000e+02
4200,1.77828,1,2.000000e+02
4225,1.77828,1,2.000000e+02
4250,1.77828,1,2.000000e+02
4275,1.77828,1,2.000000e+02
4300,1.77828,1,2.000000e+02
4325,1.77828,1,2.000000e+02
4350,1.77828,1,2.000000e+02
4375,1.77828,1,2.000000e+02
4400,1.77828,1,2.000000e+02
4425,1.77828,1,2.000000e+02
4450,1.77828,1,2.000000e+02
4475,1.77828,1,2.000000e+02
4500,1.77828,1,2.000000e+02
4525,1.77828,1,2.000000e+02
4550,1.77828,1,2.000000e+02
4575,1.77828,1,2.000000e+02
4600,1.77828,1,2.000000e+02
4625,1.77828,1,2.000000e+02
4650,1.77828,1,2.000000e+02
4675,1.77828,1,2.000000e+02
4700,1.77828,1,2.000000e+02
4725,1.77828,1,2.000000e+02
4750,1.77828,1,2.000000e+02
4775,1.77828,1,2.000000e+02
4800,1.77828,1,2.000000e+02
4825,1.77828,1,2.000000e+02
4850,1.77828,1,2.000000e+02
4875,1.77828,1,2.000000e+02
4900,1.77828,1,2.000000e+02
4925,1.77828,1,2.000000e+02
4950,1.77828,1,2.000000e+02
4975,1.77828,1,2.000000e+02
5000,1.77828,1,2.000000e+02
300,3.16228,1,0.000000e+00
325,3.16228,1,0.000000e+00
350,3.16228,1,0.000000e+00
375,3.16228,1,0.000000e+00
400,3.16228,1,0.000000e+00
425,3.16228,1,0.000000e+00
450,3.16228,1,0.000000e+00
475,3.16228,1,0.000000e+00
500,3.16228,1,0.000000e+00
525,3.16228,1,0.000000e+00
550,3.16228,1,0.000000e+00
575,3.16228,1,0.000000e+00
600,3.16228,1,0.000000e+00
625,3.16228,1,0.000000e+00
650,3.16228,1,0.000000e+00
675,3.16228,1,0.000000e+00
700,3.16228,1,0.000000e+00
725,3.16228,1,0.000000e+00
750,3.16228,1,0.000000e+00
775,3.16228,1,0.000000e+00
800,3.16228,1,0.000000e+00
825,3.16228,1,0.000000e+00
850,3.16228,1,0.000000e+00
875,3.16228,1,0.000000e+00
900,3.16228,1,0.000000e+00
925,3.16228,1,0.000000e+00
950,3.16228,1,0.000000e+00
975,3.16228,1,0.000000e+00
1000,3.16228,1,0.000000e+00
1025,3.16228,1,0.000000e+00
1050,3.16228,1,0.000000e+00
1075,3.16228,1,0.000000e+00
1100,3.16228,1,0.000000e+00
1125,3.16228,1,0.000000e+00
1150,3.16228,1,0.000000e+00
1175,3.16228,1,0.000000e+00
1200,3.16228,1,2.596230e-03
1225,3.16228,1,4.891140e-03
1250,3.16228,1,6.320200e-03
1275,3.16228,1,7.157660e-03
1300,3.16228,1,7.601370e-03
1325,3.16228,1,7.790280e-03
1350,3.16228,1,7.820290e-03
1375,3.16228,1,7.756750e-03
1400,3.16228,1,7.643840e-03
1425,3.16228,1,7.511250e-03
1450,3.16228,1,7.378890e-03
1475,3.16228,1,7.260080e-03
1500,3.16228,1,7.163790e-03
1525,3.16228,1,7.096170e-03
1550,3.16228,1,7.061550e-03
1575,3.16228,1,7.063140e-03
1600,3.16228,1,7.103480e-03
1625,3.16228,1,7.184810e-03
1650,3.16228,1,7.309210e-03
1675,3.16228,1,7.478810e-03
1700,3.16228,1,7.695830e-03
1725,3.16228,1,7.962690e-03
1750,3.16228,1,8.282010e-03
1775,3.16228,1,8.656660e-03
1800,3.16228,1,9.089760e-03
1825,3.16228,1,9.584710e-03
1850,3.16228,1,1.014520e-02
1875,3.16228,1,1.077510e-02
1900,3.16228,1,1.147880e-02
1925,3.16228,1,1.226060e-02
1950,3.16228,1,1.312540e-02
1975,3.16228,1,1.407830e-02
2000,3.16228,1,1.512450e-02
2025,3.16228,1,1.626960e-02
2050,3.16228,1,1.751950e-02
2075,3.16228,1,1.888030e-02
2100,3.16228,1,2.035830e-02
2125,3.16228,1,2.196020e-02
2150,3.16228,1,2.369260e-02
2175,3.16228,1,2.556280e-02
2200,3.16228,1,2.757790e-02
2225,3.16228,1,2.974530e-02
2250,3.16228,1,3.207280e-02
2275,3.16228,1,3.456810e-02
2300,3.16228,1,3.723920e-02
2325,3.16228,1,4.009410e-02
2350,3.16228,1,4.314120e-02
2375,3.16228,1,4.638860e-02
2400,3.16228,1,4.984480e-02
2425,3.16228,1,5.351820e-02
2450,3.16228,1,5.741740e-02
2475,3.16228,1,6.155060e-02
2500,3.16228,1,6.592660e-02
2525,3.16228,1,7.055350e-02
2550,3.16228,1,7.544000e-02
2575,3.16228,1,8.059420e-02
2600,3.16228,1,8.602440e-02
2625,3.16228,1,9.173870e-02
2650,3.16228,1,9.774500e-02
2675,3.16228,1,1.040510e-01
2700,3.16228,1,1.106650e-01
2725,3.16228,1,1.175950e-01
2750,3.16228,1,1.248470e-01
2775,3.16228,1,1.324300e-01
2800,3.16228,1,1.403500e-01
2825,3.16228,1,1.486160e-01
2850,3.16228,1,1.572350e-01
2875,3.16228,1,1.662160e-01
2900,3.16228,1,1.755650e-01
2925,3.16228,1,1.852930e-01
2950,3.16228,1,1.954080e-01
2975,3.16228,1,2.059220e-01
3000,3.16228,1,2.168470e-01
3025,3.16228,1,2.281950e-01
3050,3.16228,1,2.399830e-01
3075,3.16228,1,2.522290e-01
3100,3.16228,1,2.649550e-01
3125,3.16228,1,2.781860e-01
3150,3.16228,1,2.919540e-01
3175,3.16228,1,3.062950e-01
3200,3.16228,1,3.212540e-01
3225,3.16228,1,3.368810e-01
3250,3.16228,1,3.532420e-01
3275,3.16228,1,3.704110e-01
3300,3.16228,1,3.884780e-01
3325,3.16228,1,4.075530e-01
3350,3.16228,1,4.277630e-01
3375,3.16228,1,4.492640e-01
3400,3.16228,1,4.722380e-01
3425,3.16228,1,4.969050e-01
3450,3.16228,1,5.235260e-01
3475,3.16228,1,5.524120e-01
3500,3.16228,1,5.839340e-01
3525,3.16228,1,6.185340e-01
3550,3.16228,1,6.567400e-01
3575,3.16228,1,6.991860e-01
3600,3.16228,1,7.466290e-01
3625,3.16228,1,7.999850e-01
3650,3.16228,1,8.603550e-01
3675,3.16228,1,9.290820e-01
3700,3.16228,1,1.007800e+00
3725,3.16228,1,1.098530e+00
3750,3.16228,1,1.203760e+00
3775,3.16228,1,1.326620e+00
3800,3.16228,1,1.471060e+00
3825,3.16228,1,1.642150e+00
3850,3.16228,1,1.846500e+00
3875,3.16228,1,2.092830e+00
3900,3.16228,1,2.392940e+00
3925,3.16228,1,2.763130e+00
3950,3.16228,1,3.226580e+00
3975,3.16228,1,3.817320e+00
4000,3.16228,1,4.587350e+00
4025,3.16228,1,5.620200e+00
4050,3.16228,1,7.058670e+00
4075,3.16228,1,9.167900e+00
4100,3.16228,1,1.249990e+01
4125,3.16228,1,1.841660e+01
4150,3.16228,1,3.139550e+01
4175,3.16228,1,7.920720e+01
4200,3.16228,1,2.000000e+02
4225,3.16228,1,2.000000e+02
4250,3.16228,1,2.000000e+02
4275,3.16228,1,2.000000e+02
4300,3.16228,1,2.000000e+02
4325,3.16228,1,2.000000e+02
4350,3.16228,1,2.000000e+02
4375,3.16228,1,2.000000e+02
4400,3.16228,1,2.000000e+02
4425,3.16228,1,2.000000e+02
4450,3.16228,1,2.000000e+02
4475,3.16228,1,2.000000e+02
4500,3.16228,1,2.000000e+02
4525,3.16228,1,2.000000e+02
4550,3.16228,1,2.000000e+02
4575,3.16228,1,2.000000e+02
4600,3.16228,1,2.000000e+02
4625,3.16228,1,2.000000e+02
4650,3.16228,1,2.000000e+02
4675,3.16228,1,2.000000e+02
4700,3.16228,1,2.000000e+02
4725,3.16228,1,2.000000e+02
4750,3.16228,1,2.000000e+02
4775,3.16228,1,2.000000e+02
4800,3.16228,1,2.000000e+02
4825,3.16228,1,2.000000e+02
4850,3.16228,1,2.000000e+02
4875,3.16228,1,2.000000e+02
4900,3.16228,1,2.000000e+02
4925,3.16228,1,2.000000e+02
4950,3.16228,1,2.000000e+02
4975,3.16228,1,2.000000e+02
5000,3.16228,1,2.000000e+02
300,5.62341,1,0.000000e+00
325,5.62341,1,0.000000e+00
350,5.62341,1,0.000000e+00
375,5.62341,1,0.000000e+00
400,5.62341,1,0.000000e+00
425,5.62341,1,0.000000e+00
450,5.62341,1,0.000000e+00
475,5.62341,1,0.000000e+00
500,5.62341,1,0.000000e+00
525,5.62341,1,0.000000e+00
550,5.62341,1,0.000000e+00
575,5.62341,1,0.000000e+00
600,5.62341,1,0.000000e+00
625,5.62341,1,0.000000e+00
650,5.62341,1,0.000000e+00
675,5.62341,1,0.000000e+00
700,5.62341,1,0.000000e+00
725,5.62341,1,0.000000e+00
750,5.62341,1,0.000000e+00
775,5.62341,1,0.000000e+00
800,5.62341,1,0.000000e+00
825,5.62341,1,0.000000e+00
850,5.62341,1,0.000000e+00
875,5.62341,1,0.000000e+00
900,5.62341,1,0.000000e+00
925,5.62341,1,0.000000e+00
950,5.62341,1,0.000000e+00
975,5.62341,1,0.000000e+00
1000,5.62341,1,0.000000e+00
1025,5.62341,1,0.000000e+00
1050,5.62341,1,0.000000e+00
1075,5.62341,1,0.000000e+00
1100,5.62341,1,0.000000e+00
1125,5.62341,1,0.000000e+00
1150,5.62341,1,0.000000e+00
1175,5.62341,1,0.000000e+00
1200,5.62341,1,1.788310e-03
1225,5.62341,1,5.440470e-03
1250,5.62341,1,7.815950e-03
1275,5.62341,1,9.265140e-03
1300,5.62341,1,1.006630e-02
1325,5.62341,1,1.042890e-02
1350,5.62341,1,1.050530e-02
1375,5.62341,1,1.040340e-02
1400,5.62341,1,1.019850e-02
1425,5.62341,1,9.941980e-03
1450,5.62341,1,9.668950e-03
1475,5.62341,1,9.402840e-03
1500,5.62341,1,9.159280e-03
1525,5.62341,1,8.948630e-03
1550,5.62341,1,8.777720e-03
1575,5.62341,1,8.651160e-03
1600,5.62341,1,8.572120e-03
1625,5.62341,1,8.542940e-03
1650,5.62341,1,8.565530e-03
1675,5.62341,1,8.641600e-03
1700,5.62341,1,8.772890e-03
1725,5.62341,1,8.961270e-03
1750,5.62341,1,9.208790e-03
1775,5.62341,1,9.517760e-03
1800,5.62341,1,9.890790e-03
1825,5.62341,1,1.033080e-02
1850,5.62341,1,1.084090e-02
1875,5.62341,1,1.142470e-02
1900,5.62341,1,1.208600e-02
1925,5.62341,1,1.282900e-02
1950,5.62341,1,1.365810e-02
1975,5.62341,1,1.457820e-02
2000,5.62341,1,1.559410e-02
2025,5.62341,1,1.671140e-02
2050,5.62341,1,1.793570e-02
2075,5.62341,1,1.927280e-02
2100,5.62341,1,2.072910e-02
2125,5.62341,1,2.231090e-02
2150,5.62341,1,2.402490e-02
2175,5.62341,1,2.587820e-02
2200,5.62341,1,2.787780e-02
2225,5.62341,1,3.003130e-02
2250,5.62341,1,3.234620e-02
2275,5.62341,1,3.483020e-02
2300,5.62341,1,3.749150e-02
2325,5.62341,1,4.033800e-02
2350,5.62341,1,4.337810e-02
2375,5.62341,1,4.662020e-02
2400,5.62341,1,5.007280e-02
2425,5.62341,1,5.374430e-02
2450,5.62341,1,5.764350e-02
2475,5.62341,1,6.177900e-02
2500,5.62341,1,6.615950e-02
2525,5.62341,1,7.079360e-02
2550,5.62341,1,7.569000e-02
2575,5.62341,1,8.085730e-02
2600,5.62341,1,8.630400e-02
2625,5.62341,1,9.203850e-02
2650,5.62341,1,9.806920e-02
2675,5.62341,1,1.044040e-01
2700,5.62341,1,1.110520e-01
2725,5.62341,1,1.180200e-01
2750,5.62341,1,1.253160e-01
2775,5.62341,1,1.329490e-01
2800,5.62341,1,1.409250e-01
2825,5.62341,1,1.492520e-01
2850,5.62341,1,1.579380e-01
2875,5.62341,1,1.669910e-01
2900,5.62341,1,1.764170e-01
2925,5.62341,1,1.862260e-01
2950,5.62341,1,1.964250e-01
2975,5.62341,1,2.070230e-01
3000,5.62341,1,2.180290e-01
3025,5.62341,1,2.294530e-01
3050,5.62341,1,2.413060e-01
3075,5.62341,1,2.536020e-01
3100,5.62341,1,2.663540e-01
3125,5.62341,1,2.795790e-01
3150,5.62341,1,2.932960e-01
3175,5.62341,1,3.075270e-01
3200,5.62341,1,3.222990e-01
3225,5.62341,1,3.376420e-01
3250,5.62341,1,3.535940e-01
3275,5.62341,1,3.701970e-01
3300,5.62341,1,3.875030e-01
3325,5.62341,1,4.055740e-01
3350,5.62341,1,4.244810e-01
3375,5.62341,1,4.443110e-01
3400,5.62341,1,4.651640e-01
3425,5.62341,1,4.871610e-01
3450,5.62341,1,5.104440e-01
3475,5.62341,1,5.351800e-01
3500,5.62341,1,5.615690e-01
3525,5.62341,1,5.898450e-01
3550,5.62341,1,6.202840e-01
3575,5.62341,1,6.532150e-01
3600,5.62341,1,6.890250e-01
3625,5.62341,1,7.281750e-01
3650,5.62341,1,7.712110e-01
3675,5.62341,1,8.187820e-01
3700,5.62341,1,8.716630e-01
3725,5.62341,1,9.307850e-01
3750,5.62341,1,9.972640e-01
3775,5.62341,1,1.072450e+00
3800,5.62341,1,1.157990e+00
3825,5.62341,1,1.255900e+00
3850,5.62341,1,1.368670e+00
3875,5.62341,1,1.499410e+00
3900,5.62341,1,1.652020e+00
3925,5.62341,1,1.831520e+00
3950,5.62341,1,2.044380e+00
3975,5.62341,1,2.299160e+00
4000,5.62341,1,2.607330e+00
4025,5.62341,1,2.984660e+00
4050,5.62341,1,3.453430e+00
4075,5.62341,1,4.046060e+00
4100,5.62341,1,4.811600e+00
4125,5.62341,1,5.827810e+00
4150,5.62341,1,7.225390e+00
4175,5.62341,1,9.241600e+00
4200,5.62341,1,1.235470e+01
4225,5.62341,1,1.768700e+01
4250,5.62341,1,2.861080e+01
4275,5.62341,1,6.174200e+01
4300,5.62341,1,2.000000e+02
4325,5.62341,1,2.000000e+02
4350,5.62341,1,2.000000e+02
4375,5.62341,1,2.000000e+02
4400,5.62341,1,2.000000e+02
4425,5.62341,1,2.000000e+02
4450,5.62341,1,2.000000e+02
4475,5.62341,1,2.000000e+02
4500,5.62341,1,2.000000e+02
4525,5.62341,1,2.000000e+02
4550,5.62341,1,2.000000e+02
4575,5.62341,1,2.000000e+02
4600,5.62341,1,2.000000e+02
4625,5.62341,1,2.000000e+02
4650,5.62341,1,2.000000e+02
4675,5.62341,1,2.000000e+02
4700,5.62341,1,2.000000e+02
4725,5.62341,1,2.000000e+02
4750,5.62341,1,2.000000e+02
4775,5.62341,1,2.000000e+02
4800,5.62341,1,2.000000e+02
4825,5.62341,1,2.000000e+02
4850,5.62341,1,2.000000e+02
4875,5.62341,1,2.000000e+02
4900,5.62341,1,2.000000e+02
4925,5.62341,1,2.000000e+02
4950,5.62341,1,2.000000e+02
4975,5.62341,1,2.000000e+02
5000,5.62341,1,2.000000e+02
300,10,1,0.000000e+00
325,10,1,0.000000e+00
350,10,1,0.000000e+00
375,10,1,0.000000e+00
400,10,1,0.000000e+00
425,10,1,0.000000e+00
450,10,1,0.000000e+00
475,10,1,0.000000e+00
500,10,1,0.000000e+00
525,10,1,0.000000e+00
550,10,1,0.000000e+00
575,10,1,0.000000e+00
600,10,1,0.000000e+00
625,10,1,0.000000e+00
650,10,1,0.000000e+00
675,10,1,0.000000e+00
700,10,1,0.000000e+00
725,10,1,0.000000e+00
750,10,1,0.000000e+00
775,10,1,0.000000e+00
800,10,1,0.000000e+00
825,10,1,0.000000e+00
850,10,1,0.000000e+00
875,10,1,0.000000e+00
900,10,1,0.000000e+00
925,10,1,0.000000e+00
950,10,1,0.000000e+00
975,10,1,0.000000e+00
1000,10,1,0.000000e+00
1025,10,1,0.000000e+00
1050,10,1,0.000000e+00
1075,10,1,0.000000e+00
1100,10,1,0.000000e+00
1125,10,1,0.000000e+00
1150,10,1,0.000000e+00
1175,10,1,0.000000e+00
1200,10,1,5.965840e-04
1225,10,1,6.055620e-03
1250,10,1,9.841710e-03
1275,10,1,1.230270e-02
1300,10,1,1.376640e-02
1325,10,1,1.451080e-02
1350,10,1,1.475710e-02
1375,10,1,1.467280e-02
1400,10,1,1.438120e-02
1425,10,1,1.397030e-02
1450,10,1,1.350190e-02
1475,10,1,1.301880e-02
1500,10,1,1.254980e-02
1525,10,1,1.211420e-02
1550,10,1,1.172460e-02
1575,10,1,1.138910e-02
1600,10,1,1.111310e-02
1625,10,1,1.089980e-02
1650,10,1,1.075130e-02
1675,10,1,1.066920e-02
1700,10,1,1.065460e-02
1725,10,1,1.070880e-02
1750,10,1,1.083310e-02
1775,10,1,1.102890e-02
1800,10,1,1.129810e-02
1825,10,1,1.164280e-02
1850,10,1,1.206550e-02
1875,10,1,1.256900e-02
1900,10,1,1.315650e-02
1925,10,1,1.383150e-02
1950,10,1,1.459810e-02
1975,10,1,1.546050e-02
2000,10,1,1.642330e-02
2025,10,1,1.749150e-02
2050,10,1,1.867030e-02
2075,10,1,1.996550e-02
2100,10,1,2.138290e-02
2125,10,1,2.292860e-02
2150,10,1,2.460930e-02
2175,10,1,2.643170e-02
2200,10,1,2.840280e-02
2225,10,1,3.052980e-02
2250,10,1,3.282030e-02
2275,10,1,3.528190e-02
2300,10,1,3.792260e-02
2325,10,1,4.075050e-02
2350,10,1,4.377370e-02
2375,10,1,4.700080e-02
2400,10,1,5.044010e-02
2425,10,1,5.410040e-02
2450,10,1,5.799030e-02
2475,10,1,6.211860e-02
2500,10,1,6.649410e-02
2525,10,1,7.112560e-02
2550,10,1,7.602190e-02
2575,10,1,8.119170e-02
2600,10,1,8.664390e-02
2625,10,1,9.238710e-02
2650,10,1,9.842990e-02
2675,10,1,1.047810e-01
2700,10,1,1.114480e-01
2725,10,1,1.184400e-01
2750,10,1,1.257650e-01
2775,10,1,1.334300e-01
2800,10,1,1.414440e-01
2825,10,1,1.498150e-01
2850,10,1,1.585490e-01
2875,10,1,1.676550e-01
2900,10,1,1.771400e-01
2925,10,1,1.870110e-01
2950,10,1,1.972760e-01
2975,10,1,2.079430e-01
3000,10,1,2.190200e-01
3025,10,1,2.305140e-01
3050,10,1,2.424350e-01
3075,10,1,2.547920e-01
3100,10,1,2.675950e-01
3125,10,1,2.808560e-01
3150,10,1,2.945870e-01
3175,10,1,3.088030e-01
3200,10,1,3.235200e-01
3225,10,1,3.387580e-01
3250,10,1,3.545370e-01
3275,10,1,3.708850e-01
3300,10,1,3.878310e-01
3325,10,1,4.054100e-01
3350,10,1,4.236640e-01
3375,10,1,4.426410e-01
3400,10,1,4.623990e-01
3425,10,1,4.830030e-01
3450,10,1,5.045330e-01
3475,10,1,5.270820e-01
3500,10,1,5.507580e-01
3525,10,1,5.756880e-01
3550,10,1,6.020220e-01
3575,10,1,6.299350e-01
3600,10,1,6.596320e-01
3625,10,1,6.913550e-01
3650,10,1,7.253870e-01
3675,10,1,7.620600e-01
3700,10,1,8.017670e-01
3725,10,1,8.449670e-01
3750,10,1,8.922060e-01
3775,10,1,9.441280e-01
3800,10,1,1.001500e+00
3825,10,1,1.065230e+00
3850,10,1,1.136420e+00
3875,10,1,1.216380e+00
3900,10,1,1.306700e+00
3925,10,1,1.409320e+00
3950,10,1,1.526650e+00
3975,10,1,1.661630e+00
4000,10,1,1.817990e+00
4025,10,1,2.000450e+00
4050,10,1,2.215080e+00
4075,10,1,2.469830e+00
4100,10,1,2.775280e+00
4125,10,1,3.145810e+00
4150,10,1,3.601500e+00
4175,10,1,4.171150e+00
4200,10,1,4.897570e+00
4225,10,1,5.847160e+00
4250,10,1,7.128500e+00
4275,10,1,8.931590e+00
4300,10,1,1.162040e+01
4325,10,1,1.598710e+01
4350,10,1,2.412690e+01
4375,10,1,4.388620e+01
4400,10,1,1.485470e+02
4425,10,1,2.000000e+02
4450,10,1,2.000000e+02
4475,10,1,2.000000e+02
4500,10,1,2.000000e+02
4525,10,1,2.000000e+02
4550,10,1,2.000000e+02
4575,10,1,2.000000e+02
4600,10,1,2.000000e+02
4625,10,1,2.000000e+02
4650,10,1,2.000000e+02
4675,10,1,2.000000e+02
4700,10,1,2.000000e+02
4725,10,1,2.000000e+02
4750,10,1,2.000000e+02
4775,10,1,2.000000e+02
4800,10,1,2.000000e+02
4825,10,1,2.000000e+02
4850,10,1,2.000000e+02
4875,10,1,2.000000e+02
4900,10,1,2.000000e+02
4925,10,1,2.000000e+02
4950,10,1,2.000000e+02
4975,10,1,2.000000e+02
5000,10,1,2.000000e+02
300,17.7828,1,0.000000e+00
325,17.7828,1,0.000000e+00
350,17.7828,1,0.000000e+00
375,17.7828,1,0.000000e+00
400,17.7828,1,0.000000e+00
425,17.7828,1,0.000000e+00
450,17.7828,1,0.000000e+00
475,17.7828,1,0.000000e+00
500,17.7828,1,0.000000e+00
525,17.7828,1,0.000000e+00
550,17.7828,1,0.000000e+00
575,17.7828,1,0.000000e+00
600,17.7828,1,0.000000e+00
625,17.7828,1,0.000000e+00
650,17.7828,1,0.000000e+00
675,17.7828,1,0.000000e+00
700,17.7828,1,0.000000e+00
725,17.7828,1,0.000000e+00
750,17.7828,1,0.000000e+00
775,17.7828,1,0.000000e+00
800,17.7828,1,0.000000e+00
825,17.7828,1,0.000000e+00
850,17.7828,1,0.000000e+00
875,17.7828,1,0.000000e+00
900,17.7828,1,0.000000e+00
925,17.7828,1,0.000000e+00
950,17.7828,1,0.000000e+00
975,17.7828,1,0.000000e+00
1000,17.7828,1,0.000000e+00
1025,17.7828,1,0.000000e+00
1050,17.7828,1,0.000000e+00
1075,17.7828,1,0.000000e+00
1100,17.7828,1,0.000000e+00
1125,17.7828,1,0.000000e+00
1150,17.7828,1,0.000000e+00
1175,17.7828,1,0.000000e+00
1200,17.7828,1,0.000000e+00
1225,17.7828,1,6.489090e-03
1250,17.7828,1,1.213230e-02
1275,17.7828,1,1.612230e-02
1300,17.7828,1,1.873540e-02
1325,17.7828,1,2.026440e-02
1350,17.7828,1,2.098000e-02
1375,17.7828,1,2.111230e-02
1400,17.7828,1,2.084550e-02
1425,17.7828,1,2.032150e-02
1450,17.7828,1,1.964570e-02
1475,17.7828,1,1.889480e-02
1500,17.7828,1,1.812300e-02
1525,17.7828,1,1.736820e-02
1550,17.7828,1,1.665580e-02
1575,17.7828,1,1.600300e-02
1600,17.7828,1,1.542070e-02
1625,17.7828,1,1.491580e-02
1650,17.7828,1,1.449240e-02
1675,17.7828,1,1.415290e-02
1700,17.7828,1,1.389860e-02
1725,17.7828,1,1.373040e-02
1750,17.7828,1,1.364880e-02
1775,17.7828,1,1.365440e-02
1800,17.7828,1,1.374820e-02
1825,17.7828,1,1.393110e-02
1850,17.7828,1,1.420460e-02
1875,17.7828,1,1.457050e-02
1900,17.7828,1,1.503120e-02
1925,17.7828,1,1.558930e-02
1950,17.7828,1,1.624780e-02
1975,17.7828,1,1.701030e-02
2000,17.7828,1,1.788070e-02
2025,17.7828,1,1.886340e-02
2050,17.7828,1,1.996300e-02
2075,17.7828,1,2.118470e-02
2100,17.7828,1,2.253380e-02
2125,17.7828,1,2.401620e-02
2150,17.7828,1,2.563790e-02
2175,17.7828,1,2.740530e-02
2200,17.7828,1,2.932530e-02
2225,17.7828,1,3.140460e-02
2250,17.7828,1,3.365070e-02
2275,17.7828,1,3.607110e-02
2300,17.7828,1,3.867330e-02
2325,17.7828,1,4.146550e-02
2350,17.7828,1,4.445560e-02
2375,17.7828,1,4.765200e-02
2400,17.7828,1,5.106320e-02
2425,17.7828,1,5.469770e-02
2450,17.7828,1,5.856420e-02
2475,17.7828,1,6.267150e-02
2500,17.7828,1,6.702840e-02
2525,17.7828,1,7.164370e-02
2550,17.7828,1,7.652640e-02
2575,17.7828,1,8.168540e-02
2600,17.7828,1,8.712950e-02
2625,17.7828,1,9.286750e-02
2650,17.7828,1,9.890820e-02
2675,17.7828,1,1.052600e-01
2700,17.7828,1,1.119320e-01
2725,17.7828,1,1.189330e-01
2750,17.7828,1,1.262690e-01
2775,17.7828,1,1.339510e-01
2800,17.7828,1,1.419860e-01
2825,17.7828,1,1.503810e-01
2850,17.7828,1,1.591450e-01
2875,17.7828,1,1.682850e-01
2900,17.7828,1,1.778080e-01
2925,17.7828,1,1.877220e-01
2950,17.7828,1,1.980340e-01
2975,17.7828,1,2.087510e-01
3000,17.7828,1,2.198810e-01
3025,17.7828,1,2.314310e-01
3050,17.7828,1,2.434080e-01
3075,17.7828,1,2.558200e-01
3100,17.7828,1,2.686750e-01
3125,17.7828,1,2.819810e-01
3150,17.7828,1,2.957480e-01
3175,17.7828,1,3.099850e-01
3200,17.7828,1,3.247050e-01
3225,17.7828,1,3.399180e-01
3250,17.7828,1,3.556380e-01
3275,17.7828,1,3.718820e-01
3300,17.7828,1,3.886680e-01
3325,17.7828,1,4.060160e-01
3350,17.7828,1,4.239500e-01
3375,17.7828,1,4.424990e-01
3400,17.7828,1,4.616940e-01
3425,17.7828,1,4.815740e-01
3450,17.7828,1,5.021820e-01
3475,17.7828,1,5.235710e-01
3500,17.7828,1,5.457990e-01
3525,17.7828,1,5.689390e-01
3550,17.7828,1,5.930700e-01
3575,17.7828,1,6.182880e-01
3600,17.7828,1,6.447050e-01
3625,17.7828,1,6.724490e-01
3650,17.7828,1,7.016720e-01
3675,17.7828,1,7.325500e-01
3700,17.7828,1,7.652870e-01
3725,17.7828,1,8.001230e-01
3750,17.7828,1,8.373370e-01
3775,17.7828,1,8.772550e-01
3800,17.7828,1,9.202580e-01
3825,17.7828,1,9.667940e-01
3850,17.7828,1,1.017390e+00
3875,17.7828,1,1.072660e+00
3900,17.7828,1,1.133340e+00
3925,17.7828,1,1.200300e+00
3950,17.7828,1,1.274560e+00
3975,17.7828,1,1.357370e+00
4000,17.7828,1,1.450220e+00
4025,17.7828,1,1.554920e+00
4050,17.7828,1,1.673660e+00
4075,17.7828,1,1.809180e+00
4100,17.7828,1,1.964850e+00
4125,17.7828,1,2.144950e+00
4150,17.7828,1,2.354910e+00
4175,17.7828,1,2.601750e+00
4200,17.7828,1,2.894750e+00
4225,17.7828,1,3.246300e+00
4250,17.7828,1,3.673430e+00
4275,17.7828,1,4.200100e+00
4300,17.7828,1,4.861140e+00
4325,17.7828,1,5.708990e+00
4350,17.7828,1,6.826440e+00
4375,17.7828,1,8.351830e+00
4400,17.7828,1,1.053430e+01
4425,17.7828,1,1.387010e+01
4450,17.7828,1,1.950370e+01
4475,17.7828,1,3.076500e+01
4500,17.7828,1,6.287000e+01
4525,17.7828,1,2.000000e+02
4550,17.7828,1,2.000000e+02
4575,17.7828,1,2.000000e+02
4600,17.7828,1,2.000000e+02
4625,17.7828,1,2.000000e+02
4650,17.7828,1,2.000000e+02
4675,17.7828,1,2.000000e+02
4700,17.7828,1,2.000000e+02
4725,17.7828,1,2.000000e+02
4750,17.7828,1,2.000000e+02
4775,17.7828,1,2.000000e+02
4800,17.7828,1,2.000000e+02
4825,17.7828,1,2.000000e+02
4850,17.7828,1,2.000000e+02
4875,17.7828,1,2.000000e+02
4900,17.7828,1,2.000000e+02
4925,17.7828,1,2.000000e+02
4950,17.7828,1,2.000000e+02
4975,17.7828,1,2.000000e+02
5000,17.7828,1,2.000000e+02
300,31.6228,1,0.000000e+00
325,31.6228,1,0.000000e+00
350,31.6228,1,0.000000e+00
375,31.6228,1,0.000000e+00
400,31.6228,1,0.000000e+00
425,31.6228,1,0.000000e+00
450,31.6228,1,0.000000e+00
475,31.6228,1,0.000000e+00
500,31.6228,1,0.000000e+00
525,31.6228,1,0.000000e+00
550,31.6228,1,0.000000e+00
575,31.6228,1,0.000000e+00
600,31.6228,1,0.000000e+00
625,31.6228,1,0.000000e+00
650,31.6228,1,0.000000e+00
675,31.6228,1,0.000000e+00
700,31.6228,1,0.000000e+00
725,31.6228,1,0.000000e+00
750,31.6228,1,0.000000e+00
775,31.6228,1,0.000000e+00
800,31.6228,1,0.000000e+00
825,31.6228,1,0.000000e+00
850,31.6228,1,0.000000e+00
875,31.6228,1,0.000000e+00
900,31.6228,1,0.000000e+00
925,31.6228,1,0.000000e+00
950,31.6228,1,0.000000e+00
975,31.6228,1,0.000000e+00
1000,31.6228,1,0.000000e+00
1025,31.6228,1,0.000000e+00
1050,31.6228,1,0.000000e+00
1075,31.6228,1,0.000000e+00
1100,31.6228,1,0.000000e+00
1125,31.6228,1,0.000000e+00
1150,31.6228,1,0.000000e+00
1175,31.6228,1,0.000000e+00
1200,31.6228,1,0.000000e+00
1225,31.6228,1,6.365820e-03
1250,31.6228,1,1.403580e-02
1275,31.6228,1,2.000500e-02
1300,31.6228,1,2.435980e-02
1325,31.6228,1,2.729050e-02
1350,31.6228,1,2.903780e-02
1375,31.6228,1,2.985090e-02
1400,31.6228,1,2.996050e-02
1425,31.6228,1,2.956490e-02
1450,31.6228,1,2.882620e-02
1475,31.6228,1,2.787170e-02
1500,31.6228,1,2.679810e-02
1525,31.6228,1,2.567710e-02
1550,31.6228,1,2.456050e-02
1575,31.6228,1,2.348520e-02
1600,31.6228,1,2.247620e-02
1625,31.6228,1,2.155070e-02
1650,31.6228,1,2.071950e-02
1675,31.6228,1,1.998950e-02
1700,31.6228,1,1.936470e-02
1725,31.6228,1,1.884720e-02
1750,31.6228,1,1.843800e-02
1775,31.6228,1,1.813770e-02
1800,31.6228,1,1.794630e-02
1825,31.6228,1,1.786400e-02
1850,31.6228,1,1.789120e-02
1875,31.6228,1,1.802860e-02
1900,31.6228,1,1.827720e-02
1925,31.6228,1,1.863860e-02
1950,31.6228,1,1.911470e-02
1975,31.6228,1,1.970800e-02
2000,31.6228,1,2.042120e-02
2025,31.6228,1,2.125790e-02
2050,31.6228,1,2.222180e-02
2075,31.6228,1,2.331710e-02
2100,31.6228,1,2.454850e-02
2125,31.6228,1,2.592120e-02
2150,31.6228,1,2.744050e-02
2175,31.6228,1,2.911240e-02
2200,31.6228,1,3.094290e-02
2225,31.6228,1,3.293870e-02
2250,31.6228,1,3.510650e-02
2275,31.6228,1,3.745350e-02
2300,31.6228,1,3.998700e-02
2325,31.6228,1,4.271470e-02
2350,31.6228,1,4.564450e-02
2375,31.6228,1,4.878430e-02
2400,31.6228,1,5.214250e-02
2425,31.6228,1,5.572750e-02
2450,31.6228,1,5.954770e-02
2475,31.6228,1,6.361200e-02
2500,31.6228,1,6.792900e-02
2525,31.6228,1,7.250750e-02
2550,31.6228,1,7.735650e-02
2575,31.6228,1,8.248470e-02
2600,31.6228,1,8.790120e-02
2625,31.6228,1,9.361470e-02
2650,31.6228,1,9.963410e-02
2675,31.6228,1,1.059680e-01
2700,31.6228,1,1.126250e-01
2725,31.6228,1,1.196150e-01
2750,31.6228,1,1.269440e-01
2775,31.6228,1,1.346220e-01
2800,31.6228,1,1.426570e-01
2825,31.6228,1,1.510560e-01
2850,31.6228,1,1.598280e-01
2875,31.6228,1,1.689810e-01
2900,31.6228,1,1.785200e-01
2925,31.6228,1,1.884550e-01
2950,31.6228,1,1.987920e-01
2975,31.6228,1,2.095380e-01
3000,31.6228,1,2.207000e-01
3025,31.6228,1,2.322850e-01
3050,31.6228,1,2.443000e-01
3075,31.6228,1,2.567500e-01
3100,31.6228,1,2.696440e-01
3125,31.6228,1,2.829880e-01
3150,31.6228,1,2.967890e-01
3175,31.6228,1,3.110540e-01
3200,31.6228,1,3.257920e-01
3225,31.6228,1,3.410110e-01
3250,31.6228,1,3.567200e-01
3275,31.6228,1,3.729280e-01
3300,31.6228,1,3.896480e-01
3325,31.6228,1,4.068920e-01
3350,31.6228,1,4.246740e-01
3375,31.6228,1,4.430100e-01
3400,31.6228,1,4.619190e-01
3425,31.6228,1,4.814230e-01
3450,31.6228,1,5.015450e-01
3475,31.6228,1,5.223150e-01
3500,31.6228,1,5.437670e-01
3525,31.6228,1,5.659370e-01
3550,31.6228,1,5.888720e-01
3575,31.6228,1,6.126230e-01
3600,31.6228,1,6.372500e-01
3625,31.6228,1,6.628240e-01
3650,31.6228,1,6.894240e-01
3675,31.6228,1,7.171470e-01
3700,31.6228,1,7.461000e-01
3725,31.6228,1,7.764100e-01
3750,31.6228,1,8.082250e-01
3775,31.6228,1,8.417140e-01
3800,31.6228,1,8.770750e-01
3825,31.6228,1,9.145360e-01
3850,31.6228,1,9.543650e-01
3875,31.6228,1,9.968710e-01
3900,31.6228,1,1.042410e+00
3925,31.6228,1,1.091410e+00
3950,31.6228,1,1.144360e+00
3975,31.6228,1,1.201840e+00
4000,31.6228,1,1.264520e+00
4025,31.6228,1,1.333200e+00
4050,31.6228,1,1.408830e+00
4075,31.6228,1,1.492530e+00
4100,31.6228,1,1.585650e+00
4125,31.6228,1,1.689820e+00
4150,31.6228,1,1.807000e+00
4175,31.6228,1,1.939600e+00
4200,31.6228,1,2.090580e+00
4225,31.6228,1,2.263630e+00
4250,31.6228,1,2.463430e+00
4275,31.6228,1,2.695910e+00
4300,31.6228,1,2.968790e+00
4325,31.6228,1,3.292250e+00
4350,31.6228,1,3.679950e+00
4375,31.6228,1,4.150730e+00
4400,31.6228,1,4.731190e+00
4425,31.6228,1,5.460130e+00
4450,31.6228,1,6.396360e+00
4475,31.6228,1,7.633320e+00
4500,31.6228,1,9.328520e+00
4525,31.6228,1,1.176890e+01
4550,31.6228,1,1.553510e+01
4575,31.6228,1,2.199840e+01
4600,31.6228,1,3.531450e+01
4625,31.6228,1,7.630910e+01
4650,31.6228,1,2.000000e+02
4675,31.6228,1,2.000000e+02
4700,31.6228,1,2.000000e+02
4725,31.6228,1,2.000000e+02
4750,31.6228,1,2.000000e+02
4775,31.6228,1,2.000000e+02
4800,31.6228,1,2.000000e+02
4825,31.6228,1,2.000000e+02
4850,31.6228,1,2.000000e+02
4875,31.6228,1,2.000000e+02
4900,31.6228,1,2.000000e+02
4925,31.6228,1,2.000000e+02
4950,31.6228,1,2.000000e+02
4975,31.6228,1,2.000000e+02
5000,31.6228,1,2.000000e+02
300,56.2341,1,0.000000e+00
325,56.2341,1,0.000000e+00
350,56.2341,1,0.000000e+00
375,56.2341,1,0.000000e+00
400,56.2341,1,0.000000e+00
425,56.2341,1,0.000000e+00
450,56.2341,1,0.000000e+00
475,56.2341,1,0.000000e+00
500,56.2341,1,0.000000e+00
525,56.2341,1,0.000000e+00
550,56.2341,1,0.000000e+00
575,56.2341,1,0.000000e+00
600,56.2341,1,0.000000e+00
625,56.2341,1,0.000000e+00
650,56.2341,1,0.000000e+00
675,56.2341,1,0.000000e+00
700,56.2341,1,0.000000e+00
725,56.2341,1,0.000000e+00
750,56.2341,1,0.000000e+00
775,56.2341,1,0.000000e+00
800,56.2341,1,0.000000e+00
825,56.2341,1,0.000000e+00
850,56.2341,1,0.000000e+00
875,56.2341,1,0.000000e+00
900,56.2341,1,0.000000e+00
925,56.2341,1,0.000000e+00
950,56.2341,1,0.000000e+00
975,56.2341,1,0.000000e+00
1000,56.2341,1,0.000000e+00
1025,56.2341,1,0.000000e+00
1050,56.2341,1,0.000000e+00
1075,56.2341,1,0.000000e+00
1100,56.2341,1,0.000000e+00
1125,56.2341,1,0.000000e+00
1150,56.2341,1,0.000000e+00
1175,56.2341,1,0.000000e+00
1200,56.2341,1,0.000000e+00
1225,56.2341,1,5.395160e-03
1250,56.2341,1,1.475420e-02
1275,56.2341,1,2.276140e-02
1300,56.2341,1,2.925500e-02
1325,56.2341,1,3.421440e-02
1350,56.2341,1,3.773200e-02
1375,56.2341,1,3.997570e-02
1400,56.2341,1,4.115090e-02
1425,56.2341,1,4.147130e-02
1450,56.2341,1,4.113790e-02
1475,56.2341,1,4.032790e-02
1500,56.2341,1,3.919010e-02
1525,56.2341,1,3.784490e-02
1550,56.2341,1,3.638680e-02
1575,56.2341,1,3.488800e-02
1600,56.2341,1,3.340260e-02
1625,56.2341,1,3.197000e-02
1650,56.2341,1,3.061850e-02
1675,56.2341,1,2.936740e-02
1700,56.2341,1,2.823020e-02
1725,56.2341,1,2.721530e-02
1750,56.2341,1,2.632820e-02
1775,56.2341,1,2.557200e-02
1800,56.2341,1,2.494810e-02
1825,56.2341,1,2.445760e-02
1850,56.2341,1,2.410050e-02
1875,56.2341,1,2.387720e-02
1900,56.2341,1,2.378780e-02
1925,56.2341,1,2.383280e-02
1950,56.2341,1,2.401300e-02
1975,56.2341,1,2.432970e-02
2000,56.2341,1,2.478460e-02
2025,56.2341,1,2.537980e-02
2050,56.2341,1,2.611790e-02
2075,56.2341,1,2.700210e-02
2100,56.2341,1,2.803610e-02
2125,56.2341,1,2.922380e-02
2150,56.2341,1,3.056990e-02
2175,56.2341,1,3.207930e-02
2200,56.2341,1,3.375740e-02
2225,56.2341,1,3.561000e-02
2250,56.2341,1,3.764320e-02
2275,56.2341,1,3.986360e-02
2300,56.2341,1,4.227790e-02
2325,56.2341,1,4.489320e-02
2350,56.2341,1,4.771710e-02
2375,56.2341,1,5.075700e-02
2400,56.2341,1,5.402100e-02
2425,56.2341,1,5.751690e-02
2450,56.2341,1,6.125330e-02
2475,56.2341,1,6.523830e-02
2500,56.2341,1,6.948060e-02
2525,56.2341,1,7.398880e-02
2550,56.2341,1,7.877150e-02
2575,56.2341,1,8.383770e-02
2600,56.2341,1,8.919600e-02
2625,56.2341,1,9.485530e-02
2650,56.2341,1,1.008240e-01
2675,56.2341,1,1.071120e-01
2700,56.2341,1,1.137260e-01
2725,56.2341,1,1.206770e-01
2750,56.2341,1,1.279710e-01
2775,56.2341,1,1.356180e-01
2800,56.2341,1,1.436260e-01
2825,56.2341,1,1.520020e-01
2850,56.2341,1,1.607550e-01
2875,56.2341,1,1.698930e-01
2900,56.2341,1,1.794220e-01
2925,56.2341,1,1.893510e-01
2950,56.2341,1,1.996850e-01
2975,56.2341,1,2.104330e-01
3000,56.2341,1,2.216010e-01
3025,56.2341,1,2.331950e-01
3050,56.2341,1,2.452220e-01
3075,56.2341,1,2.576870e-01
3100,56.2341,1,2.705980e-01
3125,56.2341,1,2.839600e-01
3150,56.2341,1,2.977780e-01
3175,56.2341,1,3.120600e-01
3200,56.2341,1,3.268110e-01
3225,56.2341,1,3.420370e-01
3250,56.2341,1,3.577440e-01
3275,56.2341,1,3.739400e-01
3300,56.2341,1,3.906320e-01
3325,56.2341,1,4.078260e-01
3350,56.2341,1,4.255330e-01
3375,56.2341,1,4.437620e-01
3400,56.2341,1,4.625220e-01
3425,56.2341,1,4.818270e-01
3450,56.2341,1,5.016890e-01
3475,56.2341,1,5.221240e-01
3500,56.2341,1,5.431510e-01
3525,56.2341,1,5.647900e-01
3550,56.2341,1,5.870650e-01
3575,56.2341,1,6.100040e-01
3600,56.2341,1,6.336390e-01
3625,56.2341,1,6.580070e-01
3650,56.2341,1,6.831510e-01
3675,56.2341,1,7.091210e-01
3700,56.2341,1,7.359750e-01
3725,56.2341,1,7.637790e-01
3750,56.2341,1,7.926110e-01
3775,56.2341,1,8.225610e-01
3800,56.2341,1,8.537320e-01
3825,56.2341,1,8.862430e-01
3850,56.2341,1,9.202320e-01
3875,56.2341,1,9.558590e-01
3900,56.2341,1,9.933080e-01
3925,56.2341,1,1.032790e+00
3950,56.2341,1,1.074560e+00
3975,56.2341,1,1.118890e+00
4000,56.2341,1,1.166120e+00
4025,56.2341,1,1.216630e+00
4050,56.2341,1,1.270860e+00
4075,56.2341,1,1.329350e+00
4100,56.2341,1,1.392690e+00
4125,56.2341,1,1.461610e+00
4150,56.2341,1,1.536930e+00
4175,56.2341,1,1.619670e+00
4200,56.2341,1,1.710990e+00
4225,56.2341,1,1.812310e+00
4250,56.2341,1,1.925320e+00
4275,56.2341,1,2.052070e+00
4300,56.2341,1,2.195080e+00
4325,56.2341,1,2.357420e+00
4350,56.2341,1,2.542930e+00
4375,56.2341,1,2.756460e+00
4400,56.2341,1,3.004140e+00
4425,56.2341,1,3.293960e+00
4450,56.2341,1,3.636410e+00
4475,56.2341,1,4.045560e+00
4500,56.2341,1,4.540740e+00
4525,56.2341,1,5.149170e+00
4550,56.2341,1,5.910440e+00
4575,56.2341,1,6.884260e+00
4600,56.2341,1,8.165030e+00
4625,56.2341,1,9.910800e+00
4650,56.2341,1,1.240690e+01
4675,56.2341,1,1.622360e+01
4700,56.2341,1,2.268220e+01
4725,56.2341,1,3.565610e+01
4750,56.2341,1,7.311070e+01
4775,56.2341,1,2.000000e+02
4800,56.2341,1,2.000000e+02
4825,56.2341,1,2.000000e+02
4850,56.2341,1,2.000000e+02
4875,56.2341,1,2.000000e+02
4900,56.2341,1,2.000000e+02
4925,56.2341,1,2.000000e+02
4950,56.2341,1,2.000000e+02
4975,56.2341,1,2.000000e+02
5000,56.2341,1,2.000000e+02
300,100,1,0.000000e+00
325,100,1,0.000000e+00
350,100,1,0.000000e+00
375,100,1,0.000000e+00
400,100,1,0.000000e+00
425,100,1,0.000000e+00
450,100,1,0.000000e+00
475,100,1,0.000000e+00
500,100,1,0.000000e+00
525,100,1,0.000000e+00
550,100,1,0.000000e+00
575,100,1,0.000000e+00
600,100,1,0.000000e+00
625,100,1,0.000000e+00
650,100,1,0.000000e+00
675,100,1,0.000000e+00
700,100,1,0.000000e+00
725,100,1,0.000000e+00
750,100,1,0.000000e+00
775,100,1,0.000000e+00
800,100,1,0.000000e+00
825,100,1,0.000000e+00
850,100,1,0.000000e+00
875,100,1,0.000000e+00
900,100,1,0.000000e+00
925,100,1,0.000000e+00
950,100,1,0.000000e+00
975,100,1,0.000000e+00
1000,100,1,0.000000e+00
1025,100,1,0.000000e+00
1050,100,1,0.000000e+00
1075,100,1,0.000000e+00
1100,100,1,0.000000e+00
1125,100,1,0.000000e+00
1150,100,1,0.000000e+00
1175,100,1,0.000000e+00
1200,100,1,0.000000e+00
1225,100,1,3.587140e-03
1250,100,1,1.385070e-02
1275,100,1,2.338120e-02
1300,100,1,3.185780e-02
1325,100,1,3.905830e-02
1350,100,1,4.487120e-02
1375,100,1,4.929020e-02
1400,100,1,5.239350e-02
1425,100,1,5.431880e-02
1450,100,1,5.523660e-02
1475,100,1,5.532780e-02
1500,100,1,5.476850e-02
1525,100,1,5.371890e-02
1550,100,1,5.231870e-02
1575,100,1,5.068550e-02
1600,100,1,4.891520e-02
1625,100,1,4.708410e-02
1650,100,1,4.525210e-02
1675,100,1,4.346470e-02
1700,100,1,4.175620e-02
1725,100,1,4.015190e-02
1750,100,1,3.866990e-02
1775,100,1,3.732300e-02
1800,100,1,3.612020e-02
1825,100,1,3.506710e-02
1850,100,1,3.416780e-02
1875,100,1,3.342460e-02
1900,100,1,3.283910e-02
1925,100,1,3.241220e-02
1950,100,1,3.214490e-02
1975,100,1,3.203800e-02
2000,100,1,3.209250e-02
2025,100,1,3.230960e-02
2050,100,1,3.269120e-02
2075,100,1,3.323910e-02
2100,100,1,3.395610e-02
2125,100,1,3.484490e-02
2150,100,1,3.590920e-02
2175,100,1,3.715280e-02
2200,100,1,3.858000e-02
2225,100,1,4.019580e-02
2250,100,1,4.200520e-02
2275,100,1,4.401400e-02
2300,100,1,4.622820e-02
2325,100,1,4.865410e-02
2350,100,1,5.129840e-02
2375,100,1,5.416820e-02
2400,100,1,5.727070e-02
2425,100,1,6.061340e-02
2450,100,1,6.420410e-02
2475,100,1,6.805080e-02
2500,100,1,7.216160e-02
2525,100,1,7.654480e-02
2550,100,1,8.120870e-02
2575,100,1,8.616190e-02
2600,100,1,9.141290e-02
2625,100,1,9.697020e-02
2650,100,1,1.028430e-01
2675,100,1,1.090380e-01
2700,100,1,1.155660e-01
2725,100,1,1.224350e-01
2750,100,1,1.296520e-01
2775,100,1,1.372270e-01
2800,100,1,1.451670e-01
2825,100,1,1.534810e-01
2850,100,1,1.621760e-01
2875,100,1,1.712600e-01
2900,100,1,1.807400e-01
2925,100,1,1.906250e-01
2950,100,1,2.009190e-01
2975,100,1,2.116320e-01
3000,100,1,2.227690e-01
3025,100,1,2.343360e-01
3050,100,1,2.463400e-01
3075,100,1,2.587870e-01
3100,100,1,2.716820e-01
3125,100,1,2.850300e-01
3150,100,1,2.988380e-01
3175,100,1,3.131090e-01
3200,100,1,3.278500e-01
3225,100,1,3.430650e-01
3250,100,1,3.587580e-01
3275,100,1,3.749350e-01
3300,100,1,3.916010e-01
3325,100,1,4.087600e-01
3350,100,1,4.264170e-01
3375,100,1,4.445790e-01
3400,100,1,4.632500e-01
3425,100,1,4.824380e-01
3450,100,1,5.021500e-01
3475,100,1,5.223930e-01
3500,100,1,5.431780e-01
3525,100,1,5.645130e-01
3550,100,1,5.864120e-01
3575,100,1,6.088890e-01
3600,100,1,6.319590e-01
3625,100,1,6.556400e-01
3650,100,1,6.799560e-01
3675,100,1,7.049310e-01
3700,100,1,7.305930e-01
3725,100,1,7.569790e-01
3750,100,1,7.841260e-01
3775,100,1,8.120800e-01
3800,100,1,8.408950e-01
3825,100,1,8.706330e-01
3850,100,1,9.013630e-01
3875,100,1,9.331680e-01
3900,100,1,9.661430e-01
3925,100,1,1.000400e+00
3950,100,1,1.036050e+00
3975,100,1,1.073260e+00
4000,100,1,1.112180e+00
4025,100,1,1.153020e+00
4050,100,1,1.195980e+00
4075,100,1,1.241320e+00
4100,100,1,1.289350e+00
4125,100,1,1.340400e+00
4150,100,1,1.394870e+00
4175,100,1,1.453210e+00
4200,100,1,1.515960e+00
4225,100,1,1.583750e+00
4250,100,1,1.657280e+00
4275,100,1,1.737420e+00
4300,100,1,1.825180e+00
4325,100,1,1.921730e+00
4350,100,1,2.028510e+00
4375,100,1,2.147200e+00
4400,100,1,2.279850e+00
4425,100,1,2.428950e+00
4450,100,1,2.597560e+00
4475,100,1,2.789470e+00
4500,100,1,3.009400e+00
4525,100,1,3.263390e+00
4550,100,1,3.559170e+00
4575,100,1,3.906850e+00
4600,100,1,4.319940e+00
4625,100,1,4.816770e+00
4650,100,1,5.422980e+00
4675,100,1,6.175340e+00
4700,100,1,7.128640e+00
4725,100,1,8.367940e+00
4750,100,1,1.003260e+01
4775,100,1,1.236700e+01
4800,100,1,1.584090e+01
4825,100,1,2.148030e+01
4850,100,1,3.201350e+01
4875,100,1,5.773930e+01
4900,100,1,1.968330e+02
4925,100,1,2.000000e+02
4950,100,1,2.000000e+02
4975,100,1,2.000000e+02
5000,100,1,2.000000e+02
300,177.828,1,0.000000e+00
325,177.828,1,0.000000e+00
350,177.828,1,0.000000e+00
375,177.828,1,0.000000e+00
400,177.828,1,0.000000e+00
425,177.828,1,0.000000e+00
450,177.828,1,0.000000e+00
475,177.828,1,0.000000e+00
500,177.828,1,0.000000e+00
525,177.828,1,0.000000e+00
550,177.828,1,0.000000e+00
575,177.828,1,0.000000e+00
600,177.828,1,0.000000e+00
625,177.828,1,0.000000e+00
650,177.828,1,0.000000e+00
675,177.828,1,0.000000e+00
700,177.828,1,0.000000e+00
725,177.828,1,0.000000e+00
750,177.828,1,0.000000e+00
775,177.828,1,0.000000e+00
800,177.828,1,0.000000e+00
825,177.828,1,0.000000e+00
850,177.828,1,0.000000e+00
875,177.828,1,0.000000e+00
900,177.828,1,0.000000e+00
925,177.828,1,0.000000e+00
950,177.828,1,0.000000e+00
975,177.828,1,0.000000e+00
1000,177.828,1,0.000000e+00
1025,177.828,1,0.000000e+00
1050,177.828,1,0.000000e+00
1075,177.828,1,0.000000e+00
1100,177.828,1,0.000000e+00
1125,177.828,1,0.000000e+00
1150,177.828,1,0.000000e+00
1175,177.828,1,0.000000e+00
1200,177.828,1,0.000000e+00
1225,177.828,1,1.234480e-03
1250,177.828,1,1.150960e-02
1275,177.828,1,2.167570e-02
1300,177.828,1,3.140050e-02
1325,177.828,1,4.038000e-02
1350,177.828,1,4.836680e-02
1375,177.828,1,5.518830e-02
1400,177.828,1,6.075460e-02
1425,177.828,1,6.505400e-02
1450,177.828,1,6.814090e-02
1475,177.828,1,7.011850e-02
1500,177.828,1,7.112070e-02
1525,177.828,1,7.129610e-02
1550,177.828,1,7.079480e-02
1575,177.828,1,6.975980e-02
1600,177.828,1,6.832110e-02
1625,177.828,1,6.659280e-02
1650,177.828,1,6.467240e-02
1675,177.828,1,6.264150e-02
1700,177.828,1,6.056680e-02
1725,177.828,1,5.850220e-02
1750,177.828,1,5.649010e-02
1775,177.828,1,5.456410e-02
1800,177.828,1,5.274990e-02
1825,177.828,1,5.106700e-02
1850,177.828,1,4.953040e-02
1875,177.828,1,4.815100e-02
1900,177.828,1,4.693700e-02
1925,177.828,1,4.589440e-02
1950,177.828,1,4.502780e-02
1975,177.828,1,4.434050e-02
2000,177.828,1,4.383530e-02
2025,177.828,1,4.351450e-02
2050,177.828,1,4.338030e-02
2075,177.828,1,4.343480e-02
2100,177.828,1,4.368040e-02
2125,177.828,1,4.411960e-02
2150,177.828,1,4.475520e-02
2175,177.828,1,4.559030e-02
2200,177.828,1,4.662860e-02
2225,177.828,1,4.787390e-02
2250,177.828,1,4.933060e-02
2275,177.828,1,5.100350e-02
2300,177.828,1,5.289760e-02
2325,177.828,1,5.501840e-02
2350,177.828,1,5.737200e-02
2375,177.828,1,5.996430e-02
2400,177.828,1,6.280200e-02
2425,177.828,1,6.589190e-02
2450,177.828,1,6.924110e-02
2475,177.828,1,7.285690e-02
2500,177.828,1,7.674690e-02
2525,177.828,1,8.091870e-02
2550,177.828,1,8.538030e-02
2575,177.828,1,9.013970e-02
2600,177.828,1,9.520510e-02
2625,177.828,1,1.005850e-01
2650,177.828,1,1.062870e-01
2675,177.828,1,1.123190e-01
2700,177.828,1,1.186910e-01
2725,177.828,1,1.254100e-01
2750,177.828,1,1.324840e-01
2775,177.828,1,1.399220e-01
2800,177.828,1,1.477320e-01
2825,177.828,1,1.559210e-01
2850,177.828,1,1.644970e-01
2875,177.828,1,1.734690e-01
2900,177.828,1,1.828420e-01
2925,177.828,1,1.926250e-01
2950,177.828,1,2.028240e-01
2975,177.828,1,2.134460e-01
3000,177.828,1,2.244980e-01
3025,177.828,1,2.359850e-01
3050,177.828,1,2.479150e-01
3075,177.828,1,2.602920e-01
3100,177.828,1,2.731220e-01
3125,177.828,1,2.864090e-01
3150,177.828,1,3.001600e-01
3175,177.828,1,3.143780e-01
3200,177.828,1,3.290680e-01
3225,177.828,1,3.442340e-01
3250,177.828,1,3.598790e-01
3275,177.828,1,3.760070e-01
3300,177.828,1,3.926230e-01
3325,177.828,1,4.097280e-01
3350,177.828,1,4.273260e-01
3375,177.828,1,4.454200e-01
3400,177.828,1,4.640140e-01
3425,177.828,1,4.831100e-01
3450,177.828,1,5.027120e-01
3475,177.828,1,5.228230e-01
3500,177.828,1,5.434480e-01
3525,177.828,1,5.645900e-01
3550,177.828,1,5.862550e-01
3575,177.828,1,6.084490e-01
3600,177.828,1,6.311770e-01
3625,177.828,1,6.544490e-01
3650,177.828,1,6.782730e-01
3675,177.828,1,7.026620e-01
3700,177.828,1,7.276260e-01
3725,177.828,1,7.531830e-01
3750,177.828,1,7.793510e-01
3775,177.828,1,8.061500e-01
3800,177.828,1,8.336070e-01
3825,177.828,1,8.617500e-01
3850,177.828,1,8.906140e-01
3875,177.828,1,9.202390e-01
3900,177.828,1,9.506720e-01
3925,177.828,1,9.819670e-01
3950,177.828,1,1.014190e+00
3975,177.828,1,1.047410e+00
4000,177.828,1,1.081710e+00
4025,177.828,1,1.117180e+00
4050,177.828,1,1.153950e+00
4075,177.828,1,1.192130e+00
4100,177.828,1,1.231880e+00
4125,177.828,1,1.273370e+00
4150,177.828,1,1.316780e+00
4175,177.828,1,1.362340e+00
4200,177.828,1,1.410320e+00
4225,177.828,1,1.461000e+00
4250,177.828,1,1.514720e+00
4275,177.828,1,1.571880e+00
4300,177.828,1,1.632940e+00
4325,177.828,1,1.698420e+00
4350,177.828,1,1.768920e+00
4375,177.828,1,1.845170e+00
4400,177.828,1,1.928000e+00
4425,177.828,1,2.018370e+00
4450,177.828,1,2.117450e+00
4475,177.828,1,2.226590e+00
4500,177.828,1,2.347420e+00
4525,177.828,1,2.481900e+00
4550,177.828,1,2.632380e+00
4575,177.828,1,2.801740e+00
4600,177.828,1,2.993510e+00
4625,177.828,1,3.212110e+00
4650,177.828,1,3.463070e+00
4675,177.828,1,3.753440e+00
4700,177.828,1,4.092370e+00
4725,177.828,1,4.491880e+00
4750,177.828,1,4.968130e+00
4775,177.828,1,5.543290e+00
4800,177.828,1,6.248630e+00
4825,177.828,1,7.129670e+00
4850,177.828,1,8.255190e+00
4875,177.828,1,9.734070e+00
4900,177.828,1,1.174910e+01
4925,177.828,1,1.463100e+01
4950,177.828,1,1.904410e+01
4975,177.828,1,2.653630e+01
5000,177.828,1,4.169200e+01
300,316.228,1,0.000000e+00
325,316.228,1,0.000000e+00
350,316.228,1,0.000000e+00
375,316.228,1,0.000000e+00
400,316.228,1,0.000000e+00
425,316.228,1,0.000000e+00
450,316.228,1,0.000000e+00
475,316.228,1,0.000000e+00
500,316.228,1,0.000000e+00
525,316.228,1,0.000000e+00
550,316.228,1,0.000000e+00
575,316.228,1,0.000000e+00
600,316.228,1,0.000000e+00
625,316.228,1,0.000000e+00
650,316.228,1,0.000000e+00
675,316.228,1,0.000000e+00
700,316.228,1,0.000000e+00
725,316.228,1,0.000000e+00
750,316.228,1,0.000000e+00
775,316.228,1,0.000000e+00
800,316.228,1,0.000000e+00
825,316.228,1,0.000000e+00
850,316.228,1,0.000000e+00
875,316.228,1,0.000000e+00
900,316.228,1,0.000000e+00
925,316.228,1,0.000000e+00
950,316.228,1,0.000000e+00
975,316.228,1,0.000000e+00
1000,316.228,1,0.000000e+00
1025,316.228,1,0.000000e+00
1050,316.228,1,0.000000e+00
1075,316.228,1,0.000000e+00
1100,316.228,1,0.000000e+00
1125,316.228,1,0.000000e+00
1150,316.228,1,0.000000e+00
1175,316.228,1,0.000000e+00
1200,316.228,1,0.000000e+00
1225,316.228,1,0.000000e+00
1250,316.228,1,8.315270e-03
1275,316.228,1,1.825140e-02
1300,316.228,1,2.827140e-02
1325,316.228,1,3.810760e-02
1350,316.228,1,4.749590e-02
1375,316.228,1,5.619590e-02
1400,316.228,1,6.400950e-02
1425,316.228,1,7.079330e-02
1450,316.228,1,7.646400e-02
1475,316.228,1,8.099690e-02
1500,316.228,1,8.441900e-02
1525,316.228,1,8.679800e-02
1550,316.228,1,8.823060e-02
1575,316.228,1,8.883140e-02
1600,316.228,1,8.872200e-02
1625,316.228,1,8.802430e-02
1650,316.228,1,8.685450e-02
1675,316.228,1,8.531930e-02
1700,316.228,1,8.351440e-02
1725,316.228,1,8.152370e-02
1750,316.228,1,7.941920e-02
1775,316.228,1,7.726220e-02
1800,316.228,1,7.510370e-02
1825,316.228,1,7.298590e-02
1850,316.228,1,7.094360e-02
1875,316.228,1,6.900480e-02
1900,316.228,1,6.719240e-02
1925,316.228,1,6.552450e-02
1950,316.228,1,6.401590e-02
1975,316.228,1,6.267840e-02
2000,316.228,1,6.152130e-02
2025,316.228,1,6.055250e-02
2050,316.228,1,5.977840e-02
2075,316.228,1,5.920450e-02
2100,316.228,1,5.883550e-02
2125,316.228,1,5.867580e-02
2150,316.228,1,5.872950e-02
2175,316.228,1,5.900050e-02
2200,316.228,1,5.949290e-02
2225,316.228,1,6.021090e-02
2250,316.228,1,6.115860e-02
2275,316.228,1,6.234070e-02
2300,316.228,1,6.376190e-02
2325,316.228,1,6.542720e-02
2350,316.228,1,6.734210e-02
2375,316.228,1,6.951200e-02
2400,316.228,1,7.194300e-02
2425,316.228,1,7.464120e-02
2450,316.228,1,7.761310e-02
2475,316.228,1,8.086550e-02
2500,316.228,1,8.440520e-02
2525,316.228,1,8.823940e-02
2550,316.228,1,9.237550e-02
2575,316.228,1,9.682100e-02
2600,316.228,1,1.015830e-01
2625,316.228,1,1.066710e-01
2650,316.228,1,1.120910e-01
2675,316.228,1,1.178510e-01
2700,316.228,1,1.239600e-01
2725,316.228,1,1.304250e-01
2750,316.228,1,1.372540e-01
2775,316.228,1,1.444550e-01
2800,316.228,1,1.520370e-01
2825,316.228,1,1.600050e-01
2850,316.228,1,1.683690e-01
2875,316.228,1,1.771360e-01
2900,316.228,1,1.863120e-01
2925,316.228,1,1.959050e-01
2950,316.228,1,2.059220e-01
2975,316.228,1,2.163690e-01
3000,316.228,1,2.272530e-01
3025,316.228,1,2.385800e-01
3050,316.228,1,2.503550e-01
3075,316.228,1,2.625840e-01
3100,316.228,1,2.752730e-01
3125,316.228,1,2.884260e-01
3150,316.228,1,3.020480e-01
3175,316.228,1,3.161430e-01
3200,316.228,1,3.307150e-01
3225,316.228,1,3.457670e-01
3250,316.228,1,3.613040e-01
3275,316.228,1,3.773270e-01
3300,316.228,1,3.938390e-01
3325,316.228,1,4.108430e-01
3350,316.228,1,4.283400e-01
3375,316.228,1,4.463320e-01
3400,316.228,1,4.648200e-01
3425,316.228,1,4.838060e-01
3450,316.228,1,5.032900e-01
3475,316.228,1,5.232730e-01
3500,316.228,1,5.437570e-01
3525,316.228,1,5.647410e-01
3550,316.228,1,5.862270e-01
3575,316.228,1,6.082150e-01
3600,316.228,1,6.307070e-01
3625,316.228,1,6.537040e-01
3650,316.228,1,6.772090e-01
3675,316.228,1,7.012230e-01
3700,316.228,1,7.257510e-01
3725,316.228,1,7.507980e-01
3750,316.228,1,7.763690e-01
3775,316.228,1,8.024710e-01
3800,316.228,1,8.291150e-01
3825,316.228,1,8.563110e-01
3850,316.228,1,8.840730e-01
3875,316.228,1,9.124190e-01
3900,316.228,1,9.413680e-01
3925,316.228,1,9.709440e-01
3950,316.228,1,1.001180e+00
3975,316.228,1,1.032100e+00
4000,316.228,1,1.063750e+00
4025,316.228,1,1.096180e+00
4050,316.228,1,1.129440e+00
4075,316.228,1,1.163590e+00
4100,316.228,1,1.198700e+00
4125,316.228,1,1.234860e+00
4150,316.228,1,1.272170e+00
4175,316.228,1,1.310720e+00
4200,316.228,1,1.350670e+00
4225,316.228,1,1.392130e+00
4250,316.228,1,1.435290e+00
4275,316.228,1,1.480340e+00
4300,316.228,1,1.527490e+00
4325,316.228,1,1.576990e+00
4350,316.228,1,1.629140e+00
4375,316.228,1,1.684250e+00
4400,316.228,1,1.742720e+00
4425,316.228,1,1.804970e+00
4450,316.228,1,1.871510e+00
4475,316.228,1,1.942920e+00
4500,316.228,1,2.019870e+00
4525,316.228,1,2.103140e+00
4550,316.228,1,2.193650e+00
4575,316.228,1,2.292470e+00
4600,316.228,1,2.400850e+00
4625,316.228,1,2.520280e+00
4650,316.228,1,2.652550e+00
4675,316.228,1,2.799790e+00
4700,316.228,1,2.964570e+00
4725,316.228,1,3.150040e+00
4750,316.228,1,3.360070e+00
4775,316.228,1,3.599470e+00
4800,316.228,1,3.874300e+00
4825,316.228,1,4.192300e+00
4850,316.228,1,4.563500e+00
4875,316.228,1,5.001110e+00
4900,316.228,1,5.522930e+00
4925,316.228,1,6.153420e+00
4950,316.228,1,6.927220e+00
4975,316.228,1,7.894850e+00
5000,316.228,1,9.133030e+00
300,562.341,1,0.000000e+00
325,562.341,1,0.000000e+00
350,562.341,1,0.000000e+00
375,562.341,1,0.000000e+00
400,562.341,1,0.000000e+00
425,562.341,1,0.000000e+00
450,562.341,1,0.000000e+00
475,562.341,1,0.000000e+00
500,562.341,1,0.000000e+00
525,562.341,1,0.000000e+00
550,562.341,1,0.000000e+00
575,562.341,1,0.000000e+00
600,562.341,1,0.000000e+00
625,562.341,1,0.000000e+00
650,562.341,1,0.000000e+00
675,562.341,1,0.000000e+00
700,562.341,1,0.000000e+00
725,562.341,1,0.000000e+00
750,562.341,1,0.000000e+00
775,562.341,1,0.000000e+00
800,562.341,1,0.000000e+00
825,562.341,1,0.000000e+00
850,562.341,1,0.000000e+00
875,562.341,1,0.000000e+00
900,562.341,1,0.000000e+00
925,562.341,1,0.000000e+00
950,562.341,1,0.000000e+00
975,562.341,1,0.000000e+00
1000,562.341,1,0.000000e+00
1025,562.341,1,0.000000e+00
1050,562.341,1,0.000000e+00
1075,562.341,1,0.000000e+00
1100,562.341,1,0.000000e+00
1125,562.341,1,0.000000e+00
1150,562.341,1,0.000000e+00
1175,562.341,1,0.000000e+00
1200,562.341,1,0.000000e+00
1225,562.341,1,0.000000e+00
1250,562.341,1,4.877330e-03
1275,562.341,1,1.399840e-02
1300,562.341,1,2.352960e-02
1325,562.341,1,3.328960e-02
1350,562.341,1,4.307480e-02
1375,562.341,1,5.267180e-02
1400,562.341,1,6.187100e-02
1425,562.341,1,7.048030e-02
1450,562.341,1,7.833690e-02
1475,562.341,1,8.531650e-02
1500,562.341,1,9.133740e-02
1525,562.341,1,9.636110e-02
1550,562.341,1,1.003890e-01
1575,562.341,1,1.034550e-01
1600,562.341,1,1.056210e-01
1625,562.341,1,1.069670e-01
1650,562.341,1,1.075840e-01
1675,562.341,1,1.075700e-01
1700,562.341,1,1.070200e-01
1725,562.341,1,1.060290e-01
1750,562.341,1,1.046840e-01
1775,562.341,1,1.030670e-01
1800,562.341,1,1.012500e-01
1825,562.341,1,9.929780e-02
1850,562.341,1,9.726720e-02
1875,562.341,1,9.520730e-02
1900,562.341,1,9.316050e-02
1925,562.341,1,9.116330e-02
1950,562.341,1,8.924630e-02
1975,562.341,1,8.743610e-02
2000,562.341,1,8.575460e-02
2025,562.341,1,8.422100e-02
2050,562.341,1,8.285120e-02
2075,562.341,1,8.165890e-02
2100,562.341,1,8.065590e-02
2125,562.341,1,7.985250e-02
2150,562.341,1,7.925770e-02
2175,562.341,1,7.887970e-02
2200,562.341,1,7.872590e-02
2225,562.341,1,7.880300e-02
2250,562.341,1,7.911750e-02
2275,562.341,1,7.967580e-02
2300,562.341,1,8.048380e-02
2325,562.341,1,8.154780e-02
2350,562.341,1,8.287360e-02
2375,562.341,1,8.446750e-02
2400,562.341,1,8.633570e-02
2425,562.341,1,8.848460e-02
2450,562.341,1,9.092060e-02
2475,562.341,1,9.365040e-02
2500,562.341,1,9.668080e-02
2525,562.341,1,1.000190e-01
2550,562.341,1,1.036710e-01
2575,562.341,1,1.076460e-01
2600,562.341,1,1.119500e-01
2625,562.341,1,1.165910e-01
2650,562.341,1,1.215750e-01
2675,562.341,1,1.269120e-01
2700,562.341,1,1.326080e-01
2725,562.341,1,1.386720e-01
2750,562.341,1,1.451100e-01
2775,562.341,1,1.519310e-01
2800,562.341,1,1.591420e-01
2825,562.341,1,1.667500e-01
2850,562.341,1,1.747640e-01
2875,562.341,1,1.831890e-01
2900,562.341,1,1.920340e-01
2925,562.341,1,2.013060e-01
2950,562.341,1,2.110100e-01
2975,562.341,1,2.211540e-01
3000,562.341,1,2.317440e-01
3025,562.341,1,2.427860e-01
3050,562.341,1,2.542850e-01
3075,562.341,1,2.662480e-01
3100,562.341,1,2.786790e-01
3125,562.341,1,2.915830e-01
3150,562.341,1,3.049640e-01
3175,562.341,1,3.188280e-01
3200,562.341,1,3.331760e-01
3225,562.341,1,3.480130e-01
3250,562.341,1,3.633420e-01
3275,562.341,1,3.791640e-01
3300,562.341,1,3.954820e-01
3325,562.341,1,4.122980e-01
3350,562.341,1,4.296130e-01
3375,562.341,1,4.474270e-01
3400,562.341,1,4.657410e-01
3425,562.341,1,4.845550e-01
3450,562.341,1,5.038680e-01
3475,562.341,1,5.236790e-01
3500,562.341,1,5.439880e-01
3525,562.341,1,5.647920e-01
3550,562.341,1,5.860900e-01
3575,562.341,1,6.078800e-01
3600,562.341,1,6.301590e-01
3625,562.341,1,6.529260e-01
3650,562.341,1,6.761770e-01
3675,562.341,1,6.999110e-01
3700,562.341,1,7.241260e-01
3725,562.341,1,7.488190e-01
3750,562.341,1,7.739900e-01
3775,562.341,1,7.996370e-01
3800,562.341,1,8.257600e-01
3825,562.341,1,8.523610e-01
3850,562.341,1,8.794410e-01
3875,562.341,1,9.070030e-01
3900,562.341,1,9.350530e-01
3925,562.341,1,9.635970e-01
3950,562.341,1,9.926460e-01
3975,562.341,1,1.022210e+00
4000,562.341,1,1.052300e+00
4025,562.341,1,1.082950e+00
4050,562.341,1,1.114160e+00
4075,562.341,1,1.145980e+00
4100,562.341,1,1.178430e+00
4125,562.341,1,1.211540e+00
4150,562.341,1,1.245370e+00
4175,562.341,1,1.279960e+00
4200,562.341,1,1.315390e+00
4225,562.341,1,1.351710e+00
4250,562.341,1,1.389000e+00
4275,562.341,1,1.427370e+00
4300,562.341,1,1.466920e+00
4325,562.341,1,1.507770e+00
4350,562.341,1,1.550070e+00
4375,562.341,1,1.593960e+00
4400,562.341,1,1.639640e+00
4425,562.341,1,1.687310e+00
4450,562.341,1,1.737210e+00
4475,562.341,1,1.789610e+00
4500,562.341,1,1.844820e+00
4525,562.341,1,1.903190e+00
4550,562.341,1,1.965140e+00
4575,562.341,1,2.031110e+00
4600,562.341,1,2.101650e+00
4625,562.341,1,2.177360e+00
4650,562.341,1,2.258970e+00
4675,562.341,1,2.347270e+00
4700,562.341,1,2.443240e+00
4725,562.341,1,2.547990e+00
4750,562.341,1,2.662830e+00
4775,562.341,1,2.789310e+00
4800,562.341,1,2.929270e+00
4825,562.341,1,3.084920e+00
4850,562.341,1,3.258910e+00
4875,562.341,1,3.454460e+00
4900,562.341,1,3.675560e+00
4925,562.341,1,3.927120e+00
4950,562.341,1,4.215320e+00
4975,562.341,1,4.548010e+00
5000,562.341,1,4.935360e+00
300,1000,1,0.000000e+00
325,1000,1,0.000000e+00
350,1000,1,0.000000e+00
375,1000,1,0.000000e+00
400,1000,1,0.000000e+00
425,1000,1,0.000000e+00
450,1000,1,0.000000e+00
475,1000,1,0.000000e+00
500,1000,1,0.000000e+00
525,1000,1,0.000000e+00
550,1000,1,0.000000e+00
575,1000,1,0.000000e+00
600,1000,1,0.000000e+00
625,1000,1,0.000000e+00
650,1000,1,0.000000e+00
675,1000,1,0.000000e+00
700,1000,1,0.000000e+00
725,1000,1,0.000000e+00
750,1000,1,0.000000e+00
775,1000,1,0.000000e+00
800,1000,1,0.000000e+00
825,1000,1,0.000000e+00
850,1000,1,0.000000e+00
875,1000,1,0.000000e+00
900,1000,1,0.000000e+00
925,1000,1,0.000000e+00
950,1000,1,0.000000e+00
975,1000,1,0.000000e+00
1000,1000,1,0.000000e+00
1025,1000,1,0.000000e+00
1050,1000,1,0.000000e+00
1075,1000,1,0.000000e+00
1100,1000,1,0.000000e+00
1125,1000,1,0.000000e+00
1150,1000,1,0.000000e+00
1175,1000,1,0.000000e+00
1200,1000,1,0.000000e+00
1225,1000,1,0.000000e+00
1250,1000,1,1.622390e-03
1275,1000,1,9.658620e-03
1300,1000,1,1.824430e-02
1325,1000,1,2.727950e-02
1350,1000,1,3.663890e-02
1375,1000,1,4.617580e-02
1400,1000,1,5.572890e-02
1425,1000,1,6.513050e-02
1450,1000,1,7.421490e-02
1475,1000,1,8.282820e-02
1500,1000,1,9.083560e-02
1525,1000,1,9.812800e-02
1550,1000,1,1.046260e-01
1575,1000,1,1.102790e-01
1600,1000,1,1.150700e-01
1625,1000,1,1.190040e-01
1650,1000,1,1.221130e-01
1675,1000,1,1.244440e-01
1700,1000,1,1.260580e-01
1725,1000,1,1.270260e-01
1750,1000,1,1.274210e-01
1775,1000,1,1.273190e-01
1800,1000,1,1.267940e-01
1825,1000,1,1.259190e-01
1850,1000,1,1.247600e-01
1875,1000,1,1.233810e-01
1900,1000,1,1.218370e-01
1925,1000,1,1.201820e-01
1950,1000,1,1.184610e-01
1975,1000,1,1.167170e-01
2000,1000,1,1.149860e-01
2025,1000,1,1.133010e-01
2050,1000,1,1.116910e-01
2075,1000,1,1.101810e-01
2100,1000,1,1.087950e-01
2125,1000,1,1.075520e-01
2150,1000,1,1.064700e-01
2175,1000,1,1.055650e-01
2200,1000,1,1.048520e-01
2225,1000,1,1.043420e-01
2250,1000,1,1.040490e-01
2275,1000,1,1.039820e-01
2300,1000,1,1.041530e-01
2325,1000,1,1.045710e-01
2350,1000,1,1.052450e-01
2375,1000,1,1.061830e-01
2400,1000,1,1.073940e-01
2425,1000,1,1.088860e-01
2450,1000,1,1.106670e-01
2475,1000,1,1.127460e-01
2500,1000,1,1.151300e-01
2525,1000,1,1.178270e-01
2550,1000,1,1.208450e-01
2575,1000,1,1.241920e-01
2600,1000,1,1.278750e-01
2625,1000,1,1.319030e-01
2650,1000,1,1.362830e-01
2675,1000,1,1.410240e-01
2700,1000,1,1.461330e-01
2725,1000,1,1.516170e-01
2750,1000,1,1.574860e-01
2775,1000,1,1.637470e-01
2800,1000,1,1.704070e-01
2825,1000,1,1.774730e-01
2850,1000,1,1.849550e-01
2875,1000,1,1.928580e-01
2900,1000,1,2.011910e-01
2925,1000,1,2.099600e-01
2950,1000,1,2.191720e-01
2975,1000,1,2.288340e-01
3000,1000,1,2.389520e-01
3025,1000,1,2.495330e-01
3050,1000,1,2.605820e-01
3075,1000,1,2.721050e-01
3100,1000,1,2.841080e-01
3125,1000,1,2.965950e-01
3150,1000,1,3.095700e-01
3175,1000,1,3.230390e-01
3200,1000,1,3.370040e-01
3225,1000,1,3.514690e-01
3250,1000,1,3.664380e-01
3275,1000,1,3.819110e-01
3300,1000,1,3.978910e-01
3325,1000,1,4.143800e-01
3350,1000,1,4.313790e-01
3375,1000,1,4.488870e-01
3400,1000,1,4.669050e-01
3425,1000,1,4.854310e-01
3450,1000,1,5.044660e-01
3475,1000,1,5.240050e-01
3500,1000,1,5.440490e-01
3525,1000,1,5.645930e-01
3550,1000,1,5.856330e-01
3575,1000,1,6.071680e-01
3600,1000,1,6.291910e-01
3625,1000,1,6.516980e-01
3650,1000,1,6.746850e-01
3675,1000,1,6.981460e-01
3700,1000,1,7.220740e-01
3725,1000,1,7.464650e-01
3750,1000,1,7.713120e-01
3775,1000,1,7.966090e-01
3800,1000,1,8.223510e-01
3825,1000,1,8.485320e-01
3850,1000,1,8.751470e-01
3875,1000,1,9.021910e-01
3900,1000,1,9.296600e-01
3925,1000,1,9.575500e-01
3950,1000,1,9.858610e-01
3975,1000,1,1.014590e+00
4000,1000,1,1.043740e+00
4025,1000,1,1.073310e+00
4050,1000,1,1.103310e+00
4075,1000,1,1.133740e+00
4100,1000,1,1.164620e+00
4125,1000,1,1.195950e+00
4150,1000,1,1.227760e+00
4175,1000,1,1.260060e+00
4200,1000,1,1.292880e+00
4225,1000,1,1.326250e+00
4250,1000,1,1.360210e+00
4275,1000,1,1.394790e+00
4300,1000,1,1.430060e+00
4325,1000,1,1.466060e+00
4350,1000,1,1.502870e+00
4375,1000,1,1.540560e+00
4400,1000,1,1.579220e+00
4425,1000,1,1.618950e+00
4450,1000,1,1.659870e+00
4475,1000,1,1.702110e+00
4500,1000,1,1.745820e+00
4525,1000,1,1.791170e+00
4550,1000,1,1.838350e+00
4575,1000,1,1.887570e+00
4600,1000,1,1.939100e+00
4625,1000,1,1.993210e+00
4650,1000,1,2.050210e+00
4675,1000,1,2.110480e+00
4700,1000,1,2.174420e+00
4725,1000,1,2.242510e+00
4750,1000,1,2.315290e+00
4775,1000,1,2.393380e+00
4800,1000,1,2.477490e+00
4825,1000,1,2.568440e+00
4850,1000,1,2.667190e+00
4875,1000,1,2.774830e+00
4900,1000,1,2.892680e+00
4925,1000,1,3.022240e+00
4950,1000,1,3.165330e+00
4975,1000,1,3.324090e+00
5000,1000,1,3.501090e+00
300,0.001,2,0.000000e+00
325,0.001,2,0.000000e+00
350,0.001,2,0.000000e+00
375,0.001,2,0.000000e+00
400,0.001,2,0.000000e+00
425,0.001,2,0.000000e+00
450,0.001,2,0.000000e+00
475,0.001,2,0.000000e+00
500,0.001,2,0.000000e+00
525,0.001,2,0.000000e+00
550,0.001,2,0.000000e+00
575,0.001,2,0.000000e+00
600,0.001,2,0.000000e+00
625,0.001,2,0.000000e+00
650,0.001,2,0.000000e+00
675,0.001,2,0.000000e+00
700,0.001,2,0.000000e+00
725,0.001,2,0.000000e+00
750,0.001,2,0.000000e+00
775,0.001,2,0.000000e+00
800,0.001,2,0.000000e+00
825,0.001,2,0.000000e+00
850,0.001,2,0.000000e+00
875,0.001,2,0.000000e+00
900,0.001,2,0.000000e+00
925,0.001,2,0.000000e+00
950,0.001,2,0.000000e+00
975,0.001,2,0.000000e+00
1000,0.001,2,0.000000e+00
1025,0.001,2,0.000000e+00
1050,0.001,2,0.000000e+00
1075,0.001,2,0.000000e+00
1100,0.001,2,0.000000e+00
1125,0.001,2,0.000000e+00
1150,0.001,2,0.000000e+00
1175,0.001,2,0.000000e+00
1200,0.001,2,0.000000e+00
1225,0.001,2,0.000000e+00
1250,0.001,2,0.000000e+00
1275,0.001,2,0.000000e+00
1300,0.001,2,0.000000e+00
1325,0.001,2,0.000000e+00
1350,0.001,2,0.000000e+00
1375,0.001,2,0.000000e+00
1400,0.001,2,0.000000e+00
1425,0.001,2,0.000000e+00
1450,0.001,2,0.000000e+00
1475,0.001,2,0.000000e+00
1500,0.001,2,0.000000e+00
1525,0.001,2,0.000000e+00
1550,0.001,2,0.000000e+00
1575,0.001,2,0.000000e+00
1600,0.001,2,0.000000e+00
1625,0.001,2,0.000000e+00
1650,0.001,2,0.000000e+00
1675,0.001,2,0.000000e+00
1700,0.001,2,0.000000e+00
1725,0.001,2,0.000000e+00
1750,0.001,2,0.000000e+00
1775,0.001,2,0.000000e+00
1800,0.001,2,0.000000e+00
1825,0.001,2,0.000000e+00
1850,0.001,2,0.000000e+00
1875,0.001,2,0.000000e+00
1900,0.001,2,0.000000e+00
1925,0.001,2,0.000000e+00
1950,0.001,2,0.000000e+00
1975,0.001,2,0.000000e+00
2000,0.001,2,0.000000e+00
2025,0.001,2,0.000000e+00
2050,0.001,2,0.000000e+00
2075,0.001,2,0.000000e+00
2100,0.001,2,0.000000e+00
2125,0.001,2,0.000000e+00
2150,0.001,2,0.000000e+00
2175,0.001,2,0.000000e+00
2200,0.001,2,0.000000e+00
2225,0.001,2,0.000000e+00
2250,0.001,2,0.000000e+00
2275,0.001,2,0.000000e+00
2300,0.001,2,0.000000e+00
2325,0.001,2,0.000000e+00
2350,0.001,2,0.000000e+00
2375,0.001,2,0.000000e+00
2400,0.001,2,0.000000e+00
2425,0.001,2,0.000000e+00
2450,0.001,2,0.000000e+00
2475,0.001,2,0.000000e+00
2500,0.001,2,0.000000e+00
2525,0.001,2,0.000000e+00
2550,0.001,2,0.000000e+00
2575,0.001,2,0.000000e+00
2600,0.001,2,0.000000e+00
2625,0.001,2,0.000000e+00
2650,0.001,2,0.000000e+00
2675,0.001,2,2.420820e-02
2700,0.001,2,6.664030e-02
2725,0.001,2,1.243670e-01
2750,0.001,2,2.029840e-01
2775,0.001,2,3.101000e-01
2800,0.001,2,4.561530e-01
2825,0.001,2,6.556630e-01
2850,0.001,2,9.292220e-01
2875,0.001,2,1.306790e+00
2900,0.001,2,1.833510e+00
2925,0.001,2,2.580500e+00
2950,0.001,2,3.666640e+00
2975,0.001,2,5.306980e+00
3000,0.001,2,7.935360e+00
3025,0.001,2,1.257940e+01
3050,0.001,2,2.240790e+01
3075,0.001,2,5.433730e+01
3100,0.001,2,2.000000e+02
3125,0.001,2,2.000000e+02
3150,0.001,2,2.000000e+02
3175,0.001,2,2.000000e+02
3200,0.001,2,2.000000e+02
3225,0.001,2,2.000000e+02
3250,0.001,2,2.000000e+02
3275,0.001,2,2.000000e+02
3300,0.001,2,2.000000e+02
3325,0.001,2,2.000000e+02
3350,0.001,2,2.000000e+02
3375,0.001,2,2.000000e+02
3400,0.001,2,2.000000e+02
3425,0.001,2,2.000000e+02
3450,0.001,2,2.000000e+02
3475,0.001,2,2.000000e+02
3500,0.001,2,2.000000e+02
3525,0.001,2,2.000000e+02
3550,0.001,2,2.000000e+02
3575,0.001,2,2.000000e+02
3600,0.001,2,2.000000e+02
3625,0.001,2,2.000000e+02
3650,0.001,2,2.000000e+02
3675,0.001,2,2.000000e+02
3700,0.001,2,2.000000e+02
3725,0.001,2,2.000000e+02
3750,0.001,2,2.000000e+02
3775,0.001,2,2.000000e+02
3800,0.001,2,2.000000e+02
3825,0.001,2,2.000000e+02
3850,0.001,2,2.000000e+02
3875,0.001,2,2.000000e+02
3900,0.001,2,2.000000e+02
3925,0.001,2,2.000000e+02
3950,0.001,2,2.000000e+02
3975,0.001,2,2.000000e+02
4000,0.001,2,2.000000e+02
4025,0.001,2,2.000000e+02
4050,0.001,2,2.000000e+02
4075,0.001,2,2.000000e+02
4100,0.001,2,2.000000e+02
4125,0.001,2,2.000000e+02
4150,0.001,2,2.000000e+02
4175,0.001,2,2.000000e+02
4200,0.001,2,2.000000e+02
4225,0.001,2,2.000000e+02
4250,0.001,2,2.000000e+02
4275,0.001,2,2.000000e+02
4300,0.001,2,2.000000e+02
4325,0.001,2,2.000000e+02
4350,0.001,2,2.000000e+02
4375,0.001,2,2.000000e+02
4400,0.001,2,2.000000e+02
4425,0.001,2,2.000000e+02
4450,0.001,2,2.000000e+02
4475,0.001,2,2.000000e+02
4500,0.001,2,2.000000e+02
4525,0.001,2,2.000000e+02
4550,0.001,2,2.000000e+02
4575,0.001,2,2.000000e+02
4600,0.001,2,2.000000e+02
4625,0.001,2,2.000000e+02
4650,0.001,2,2.000000e+02
4675,0.001,2,2.000000e+02
4700,0.001,2,2.000000e+02
4725,0.001,2,2.000000e+02
4750,0.001,2,2.000000e+02
4775,0.001,2,2.000000e+02
4800,0.001,2,2.000000e+02
4825,0.001,2,2.000000e+02
4850,0.001,2,2.000000e+02
4875,0.001,2,2.000000e+02
4900,0.001,2,2.000000e+02
4925,0.001,2,2.000000e+02
4950,0.001,2,2.000000e+02
4975,0.001,2,2.000000e+02
5000,0.001,2,2.000000e+02
300,0.00177828,2,0.000000e+00
325,0.00177828,2,0.000000e+00
350,0.00177828,2,0.000000e+00
375,0.00177828,2,0.000000e+00
400,0.00177828,2,0.000000e+00
425,0.00177828,2,0.000000e+00
450,0.00177828,2,0.000000e+00
475,0.00177828,2,0.000000e+00
500,0.00177828,2,0.000000e+00
525,0.00177828,2,0.000000e+00
550,0.00177828,2,0.000000e+00
575,0.00177828,2,0.000000e+00
600,0.00177828,2,0.000000e+00
625,0.00177828,2,0.000000e+00
650,0.00177828,2,0.000000e+00
675,0.00177828,2,0.000000e+00
700,0.00177828,2,0.000000e+00
725,0.00177828,2,0.000000e+00
750,0.00177828,2,0.000000e+00
775,0.00177828,2,0.000000e+00
800,0.00177828,2,0.000000e+00
825,0.00177828,2,0.000000e+00
850,0.00177828,2,0.000000e+00
875,0.00177828,2,0.000000e+00
900,0.00177828,2,0.000000e+00
925,0.00177828,2,0.000000e+00
950,0.00177828,2,0.000000e+00
975,0.00177828,2,0.000000e+00
1000,0.00177828,2,0.000000e+00
1025,0.00177828,2,0.000000e+00
1050,0.00177828,2,0.000000e+00
1075,0.00177828,2,0.000000e+00
1100,0.00177828,2,0.000000e+00
1125,0.00177828,2,0.000000e+00
1150,0.00177828,2,0.000000e+00
1175,0.00177828,2,0.000000e+00
1200,0.00177828,2,0.000000e+00
1225,0.00177828,2,0.000000e+00
1250,0.00177828,2,0.000000e+00
1275,0.00177828,2,0.000000e+00
1300,0.00177828,2,0.000000e+00
1325,0.00177828,2,0.000000e+00
1350,0.00177828,2,0.000000e+00
1375,0.00177828,2,0.000000e+00
1400,0.00177828,2,0.000000e+00
1425,0.00177828,2,0.000000e+00
1450,0.00177828,2,0.000000e+00
1475,0.00177828,2,0.000000e+00
1500,0.00177828,2,0.000000e+00
1525,0.00177828,2,0.000000e+00
1550,0.00177828,2,0.000000e+00
1575,0.00177828,2,0.000000e+00
1600,0.00177828,2,0.000000e+00
1625,0.00177828,2,0.000000e+00
1650,0.00177828,2,0.000000e+00
1675,0.00177828,2,0.000000e+00
1700,0.00177828,2,0.000000e+00
1725,0.00177828,2,0.000000e+00
1750,0.00177828,2,0.000000e+00
1775,0.00177828,2,0.000000e+00
1800,0.00177828,2,0.000000e+00
1825,0.00177828,2,0.000000e+00
1850,0.00177828,2,0.000000e+00
1875,0.00177828,2,0.000000e+00
1900,0.00177828,2,0.000000e+00
1925,0.00177828,2,0.000000e+00
1950,0.00177828,2,0.000000e+00
1975,0.00177828,2,0.000000e+00
2000,0.00177828,2,0.000000e+00
2025,0.00177828,2,0.000000e+00
2050,0.00177828,2,0.000000e+00
2075,0.00177828,2,0.000000e+00
2100,0.00177828,2,0.000000e+00
2125,0.00177828,2,0.000000e+00
2150,0.00177828,2,0.000000e+00
2175,0.00177828,2,0.000000e+00
2200,0.00177828,2,0.000000e+00
2225,0.00177828,2,0.000000e+00
2250,0.00177828,2,0.000000e+00
2275,0.00177828,2,0.000000e+00
2300,0.00177828,2,0.000000e+00
2325,0.00177828,2,0.000000e+00
2350,0.00177828,2,0.000000e+00
2375,0.00177828,2,0.000000e+00
2400,0.00177828,2,0.000000e+00
2425,0.00177828,2,0.000000e+00
2450,0.00177828,2,0.000000e+00
2475,0.00177828,2,0.000000e+00
2500,0.00177828,2,0.000000e+00
2525,0.00177828,2,0.000000e+00
2550,0.00177828,2,0.000000e+00
2575,0.00177828,2,0.000000e+00
2600,0.00177828,2,0.000000e+00
2625,0.00177828,2,0.000000e+00
2650,0.00177828,2,0.000000e+00
2675,0.00177828,2,0.000000e+00
2700,0.00177828,2,1.731740e-02
2725,0.00177828,2,5.049350e-02
2750,0.00177828,2,9.480380e-02
2775,0.00177828,2,1.542290e-01
2800,0.00177828,2,2.341110e-01
2825,0.00177828,2,3.416470e-01
2850,0.00177828,2,4.866220e-01
2875,0.00177828,2,6.825130e-01
2900,0.00177828,2,9.482160e-01
2925,0.00177828,2,1.310880e+00
2950,0.00177828,2,1.810800e+00
2975,0.00177828,2,2.510230e+00
3000,0.00177828,2,3.510830e+00
3025,0.00177828,2,4.990630e+00
3050,0.00177828,2,7.293010e+00
3075,0.00177828,2,1.117790e+01
3100,0.00177828,2,1.873020e+01
3125,0.00177828,2,3.847320e+01
3150,0.00177828,2,1.924470e+02
3175,0.00177828,2,2.000000e+02
3200,0.00177828,2,2.000000e+02
3225,0.00177828,2,2.000000e+02
3250,0.00177828,2,2.000000e+02
3275,0.00177828,2,2.000000e+02
3300,0.00177828,2,2.000000e+02
3325,0.00177828,2,2.000000e+02
3350,0.00177828,2,2.000000e+02
3375,0.00177828,2,2.000000e+02
3400,0.00177828,2,2.000000e+02
3425,0.00177828,2,2.000000e+02
3450,0.00177828,2,2.000000e+02
3475,0.00177828,2,2.000000e+02
3500,0.00177828,2,2.000000e+02
3525,0.00177828,2,2.000000e+02
3550,0.00177828,2,2.000000e+02
3575,0.00177828,2,2.000000e+02
3600,0.00177828,2,2.000000e+02
3625,0.00177828,2,2.000000e+02
3650,0.00177828,2,2.000000e+02
3675,0.00177828,2,2.000000e+02
3700,0.00177828,2,2.000000e+02
3725,0.00177828,2,2.000000e+02
3750,0.00177828,2,2.000000e+02
3775,0.00177828,2,2.000000e+02
3800,0.00177828,2,2.000000e+02
3825,0.00177828,2,2.000000e+02
3850,0.00177828,2,2.000000e+02
3875,0.00177828,2,2.000000e+02
3900,0.00177828,2,2.000000e+02
3925,0.00177828,2,2.000000e+02
3950,0.00177828,2,2.000000e+02
3975,0.00177828,2,2.000000e+02
4000,0.00177828,2,2.000000e+02
4025,0.00177828,2,2.000000e+02
4050,0.00177828,2,2.000000e+02
4075,0.00177828,2,2.000000e+02
4100,0.00177828,2,2.000000e+02
4125,0.00177828,2,2.000000e+02
4150,0.00177828,2,2.000000e+02
4175,0.00177828,2,2.000000e+02
4200,0.00177828,2,2.000000e+02
4225,0.00177828,2,2.000000e+02
4250,0.00177828,2,2.000000e+02
4275,0.00177828,2,2.000000e+02
4300,0.00177828,2,2.000000e+02
4325,0.00177828,2,2.000000e+02
4350,0.00177828,2,2.000000e+02
4375,0.00177828,2,2.000000e+02
4400,0.00177828,2,2.000000e+02
4425,0.00177828,2,2.000000e+02
4450,0.00177828,2,2.000000e+02
4475,0.00177828,2,2.000000e+02
4500,0.00177828,2,2.000000e+02
4525,0.00177828,2,2.000000e+02
4550,0.00177828,2,2.000000e+02
4575,0.00177828,2,2.000000e+02
4600,0.00177828,2,2.000000e+02
4625,0.00177828,2,2.000000e+02
4650,0.00177828,2,2.000000e+02
4675,0.00177828,2,2.000000e+02
4700,0.00177828,2,2.000000e+02
4725,0.00177828,2,2.000000e+02
4750,0.00177828,2,2.000000e+02
4775,0.00177828,2,2.000000e+02
4800,0.00177828,2,2.000000e+02
4825,0.00177828,2,2.000000e+02
4850,0.00177828,2,2.000000e+02
4875,0.00177828,2,2.000000e+02
4900,0.00177828,2,2.000000e+02
4925,0.00177828,2,2.000000e+02
4950,0.00177828,2,2.000000e+02
4975,0.00177828,2,2.000000e+02
5000,0.00177828,2,2.000000e+02
300,0.00316228,2,0.000000e+00
325,0.00316228,2,0.000000e+00
350,0.00316228,2,0.000000e+00
375,0.00316228,2,0.000000e+00
400,0.00316228,2,0.000000e+00
425,0.00316228,2,0.000000e+00
450,0.00316228,2,0.000000e+00
475,0.00316228,2,0.000000e+00
500,0.00316228,2,0.000000e+00
525,0.00316228,2,0.000000e+00
550,0.00316228,2,0.000000e+00
575,0.00316228,2,0.000000e+00
600,0.00316228,2,0.000000e+00
625,0.00316228,2,0.000000e+00
650,0.00316228,2,0.000000e+00
675,0.00316228,2,0.000000e+00
700,0.00316228,2,0.000000e+00
725,0.00316228,2,0.000000e+00
750,0.00316228,2,0.000000e+00
775,0.00316228,2,0.000000e+00
800,0.00316228,2,0.000000e+00
825,0.00316228,2,0.000000e+00
850,0.00316228,2,0.000000e+00
875,0.00316228,2,0.000000e+00
900,0.00316228,2,0.000000e+00
925,0.00316228,2,0.000000e+00
950,0.00316228,2,0.000000e+00
975,0.00316228,2,0.000000e+00
1000,0.00316228,2,0.000000e+00
1025,0.00316228,2,0.000000e+00
1050,0.00316228,2,0.000000e+00
1075,0.00316228,2,0.000000e+00
1100,0.00316228,2,0.000000e+00
1125,0.00316228,2,0.000000e+00
1150,0.00316228,2,0.000000e+00
1175,0.00316228,2,0.000000e+00
1200,0.00316228,2,0.000000e+00
1225,0.00316228,2,0.000000e+00
1250,0.00316228,2,0.000000e+00
1275,0.00316228,2,0.000000e+00
1300,0.00316228,2,0.000000e+00
1325,0.00316228,2,0.000000e+00
1350,0.00316228,2,0.000000e+00
1375,0.00316228,2,0.000000e+00
1400,0.00316228,2,0.000000e+00
1425,0.00316228,2,0.000000e+00
1450,0.00316228,2,0.000000e+00
1475,0.00316228,2,0.000000e+00
1500,0.00316228,2,0.000000e+00
1525,0.00316228,2,0.000000e+00
1550,0.00316228,2,0.000000e+00
1575,0.00316228,2,0.000000e+00
1600,0.00316228,2,0.000000e+00
1625,0.00316228,2,0.000000e+00
1650,0.00316228,2,0.000000e+00
1675,0.00316228,2,0.000000e+00
1700,0.00316228,2,0.000000e+00
1725,0.00316228,2,0.000000e+00
1750,0.00316228,2,0.000000e+00
1775,0.00316228,2,0.000000e+00
1800,0.00316228,2,0.000000e+00
1825,0.00316228,2,0.000000e+00
1850,0.00316228,2,0.000000e+00
1875,0.00316228,2,0.000000e+00
1900,0.00316228,2,0.000000e+00
1925,0.00316228,2,0.000000e+00
1950,0.00316228,2,0.000000e+00
1975,0.00316228,2,0.000000e+00
2000,0.00316228,2,0.000000e+00
2025,0.00316228,2,0.000000e+00
2050,0.00316228,2,0.000000e+00
2075,0.00316228,2,0.000000e+00
2100,0.00316228,2,0.000000e+00
2125,0.00316228,2,0.000000e+00
2150,0.00316228,2,0.000000e+00
2175,0.00316228,2,0.000000e+00
2200,0.00316228,2,0.000000e+00
2225,0.00316228,2,0.000000e+00
2250,0.00316228,2,0.000000e+00
2275,0.00316228,2,0.000000e+00
2300,0.00316228,2,0.000000e+00
2325,0.00316228,2,0.000000e+00
2350,0.00316228,2,0.000000e+00
2375,0.00316228,2,0.000000e+00
2400,0.00316228,2,0.000000e+00
2425,0.00316228,2,0.000000e+00
2450,0.00316228,2,0.000000e+00
2475,0.00316228,2,0.000000e+00
2500,0.00316228,2,0.000000e+00
2525,0.00316228,2,0.000000e+00
2550,0.00316228,2,0.000000e+00
2575,0.00316228,2,0.000000e+00
2600,0.00316228,2,0.000000e+00
2625,0.00316228,2,0.000000e+00
2650,0.00316228,2,0.000000e+00
2675,0.00316228,2,0.000000e+00
2700,0.00316228,2,0.000000e+00
2725,0.00316228,2,1.693130e-02
2750,0.00316228,2,4.345840e-02
2775,0.00316228,2,7.801460e-02
2800,0.00316228,2,1.234110e-01
2825,0.00316228,2,1.833830e-01
2850,0.00316228,2,2.629020e-01
2875,0.00316228,2,3.686070e-01
2900,0.00316228,2,5.094420e-01
2925,0.00316228,2,6.975920e-01
2950,0.00316228,2,9.499400e-01
2975,0.00316228,2,1.290400e+00
3000,0.00316228,2,1.753850e+00
3025,0.00316228,2,2.393080e+00
3050,0.00316228,2,3.291960e+00
3075,0.00316228,2,4.592330e+00
3100,0.00316228,2,6.554780e+00
3125,0.00316228,2,9.716800e+00
3150,0.00316228,2,1.539460e+01
3175,0.00316228,2,2.789480e+01
3200,0.00316228,2,7.405530e+01
3225,0.00316228,2,2.000000e+02
3250,0.00316228,2,2.000000e+02
3275,0.00316228,2,2.000000e+02
3300,0.00316228,2,2.000000e+02
3325,0.00316228,2,2.000000e+02
3350,0.00316228,2,2.000000e+02
3375,0.00316228,2,2.000000e+02
3400,0.00316228,2,2.000000e+02
3425,0.00316228,2,2.000000e+02
3450,0.00316228,2,2.000000e+02
3475,0.00316228,2,2.000000e+02
3500,0.00316228,2,2.000000e+02
3525,0.00316228,2,2.000000e+02
3550,0.00316228,2,2.000000e+02
3575,0.00316228,2,2.000000e+02
3600,0.00316228,2,2.000000e+02
3625,0.00316228,2,2.000000e+02
3650,0.00316228,2,2.000000e+02
3675,0.00316228,2,2.000000e+02
3700,0.00316228,2,2.000000e+02
3725,0.00316228,2,2.000000e+02
3750,0.00316228,2,2.000000e+02
3775,0.00316228,2,2.000000e+02
3800,0.00316228,2,2.000000e+02
3825,0.00316228,2,2.000000e+02
3850,0.00316228,2,2.000000e+02
3875,0.00316228,2,2.000000e+02
3900,0.00316228,2,2.000000e+02
3925,0.00316228,2,2.000000e+02
3950,0.00316228,2,2.000000e+02
3975,0.00316228,2,2.000000e+02
4000,0.00316228,2,2.000000e+02
4025,0.00316228,2,2.000000e+02
4050,0.00316228,2,2.000000e+02
4075,0.00316228,2,2.000000e+02
4100,0.00316228,2,2.000000e+02
4125,0.00316228,2,2.000000e+02
4150,0.00316228,2,2.000000e+02
4175,0.00316228,2,2.000000e+02
4200,0.00316228,2,2.000000e+02
4225,0.00316228,2,2.000000e+02
4250,0.00316228,2,2.000000e+02
4275,0.00316228,2,2.000000e+02
4300,0.00316228,2,2.000000e+02
4325,0.00316228,2,2.000000e+02
4350,0.00316228,2,2.000000e+02
4375,0.00316228,2,2.000000e+02
4400,0.00316228,2,2.000000e+02
4425,0.00316228,2,2.000000e+02
4450,0.00316228,2,2.000000e+02
4475,0.00316228,2,2.000000e+02
4500,0.00316228,2,2.000000e+02
4525,0.00316228,2,2.000000e+02
4550,0.00316228,2,2.000000e+02
4575,0.00316228,2,2.000000e+02
4600,0.00316228,2,2.000000e+02
4625,0.00316228,2,2.000000e+02
4650,0.00316228,2,2.000000e+02
4675,0.00316228,2,2.000000e+02
4700,0.00316228,2,2.000000e+02
4725,0.00316228,2,2.000000e+02
4750,0.00316228,2,2.000000e+02
4775,0.00316228,2,2.000000e+02
4800,0.00316228,2,2.000000e+02
4825,0.00316228,2,2.000000e+02
4850,0.00316228,2,2.000000e+02
4875,0.00316228,2,2.000000e+02
4900,0.00316228,2,2.000000e+02
4925,0.00316228,2,2.000000e+02
4950,0.00316228,2,2.000000e+02
4975,0.00316228,2,2.000000e+02
5000,0.00316228,2,2.000000e+02
300,0.00562341,2,0.000000e+00
325,0.00562341,2,0.000000e+00
350,0.00562341,2,0.000000e+00
375,0.00562341,2,0.000000e+00
400,0.00562341,2,0.000000e+00
425,0.00562341,2,0.000000e+00
450,0.00562341,2,0.000000e+00
475,0.00562341,2,0.000000e+00
500,0.00562341,2,0.000000e+00
525,0.00562341,2,0.000000e+00
550,0.00562341,2,0.000000e+00
575,0.00562341,2,0.000000e+00
600,0.00562341,2,0.000000e+00
625,0.00562341,2,0.000000e+00
650,0.00562341,2,0.000000e+00
675,0.00562341,2,0.000000e+00
700,0.00562341,2,0.000000e+00
725,0.00562341,2,0.000000e+00
750,0.00562341,2,0.000000e+00
775,0.00562341,2,0.000000e+00
800,0.00562341,2,0.000000e+00
825,0.00562341,2,0.000000e+00
850,0.00562341,2,0.000000e+00
875,0.00562341,2,0.000000e+00
900,0.00562341,2,0.000000e+00
925,0.00562341,2,0.000000e+00
950,0.00562341,2,0.000000e+00
975,0.00562341,2,0.000000e+00
1000,0.00562341,2,0.000000e+00
1025,0.00562341,2,0.000000e+00
1050,0.00562341,2,0.000000e+00
1075,0.00562341,2,0.000000e+00
1100,0.00562341,2,0.000000e+00
1125,0.00562341,2,0.000000e+00
1150,0.00562341,2,0.000000e+00
1175,0.00562341,2,0.000000e+00
1200,0.00562341,2,0.000000e+00
1225,0.00562341,2,0.000000e+00
1250,0.00562341,2,0.000000e+00
1275,0.00562341,2,0.000000e+00
1300,0.00562341,2,0.000000e+00
1325,0.00562341,2,0.000000e+00
1350,0.00562341,2,0.000000e+00
1375,0.00562341,2,0.000000e+00
1400,0.00562341,2,0.000000e+00
1425,0.00562341,2,0.000000e+00
1450,0.00562341,2,0.000000e+00
1475,0.00562341,2,0.000000e+00
1500,0.00562341,2,0.000000e+00
1525,0.00562341,2,0.000000e+00
1550,0.00562341,2,0.000000e+00
1575,0.00562341,2,0.000000e+00
1600,0.00562341,2,0.000000e+00
1625,0.00562341,2,0.000000e+00
1650,0.00562341,2,0.000000e+00
1675,0.00562341,2,0.000000e+00
1700,0.00562341,2,0.000000e+00
1725,0.00562341,2,0.000000e+00
1750,0.00562341,2,0.000000e+00
1775,0.00562341,2,0.000000e+00
1800,0.00562341,2,0.000000e+00
1825,0.00562341,2,0.000000e+00
1850,0.00562341,2,0.000000e+00
1875,0.00562341,2,0.000000e+00
1900,0.00562341,2,0.000000e+00
1925,0.00562341,2,0.000000e+00
1950,0.00562341,2,0.000000e+00
1975,0.00562341,2,0.000000e+00
2000,0.00562341,2,0.000000e+00
2025,0.00562341,2,0.000000e+00
2050,0.00562341,2,0.000000e+00
2075,0.00562341,2,0.000000e+00
2100,0.00562341,2,0.000000e+00
2125,0.00562341,2,0.000000e+00
2150,0.00562341,2,0.000000e+00
2175,0.00562341,2,0.000000e+00
2200,0.00562341,2,0.000000e+00
2225,0.00562341,2,0.000000e+00
2250,0.00562341,2,0.000000e+00
2275,0.00562341,2,0.000000e+00
2300,0.00562341,2,0.000000e+00
2325,0.00562341,2,0.000000e+00
2350,0.00562341,2,0.000000e+00
2375,0.00562341,2,0.000000e+00
2400,0.00562341,2,0.000000e+00
2425,0.00562341,2,0.000000e+00
2450,0.00562341,2,0.000000e+00
2475,0.00562341,2,0.000000e+00
2500,0.00562341,2,0.000000e+00
2525,0.00562341,2,0.000000e+00
2550,0.00562341,2,0.000000e+00
2575,0.00562341,2,0.000000e+00
2600,0.00562341,2,0.000000e+00
2625,0.00562341,2,0.000000e+00
2650,0.00562341,2,0.000000e+00
2675,0.00562341,2,0.000000e+00
2700,0.00562341,2,0.000000e+00
2725,0.00562341,2,4.108990e-03
2750,0.00562341,2,2.180960e-02
2775,0.00562341,2,4.378480e-02
2800,0.00562341,2,7.151660e-02
2825,0.00562341,2,1.069690e-01
2850,0.00562341,2,1.527340e-01
2875,0.00562341,2,2.122320e-01
2900,0.00562341,2,2.899740e-01
2925,0.00562341,2,3.919370e-01
2950,0.00562341,2,5.260940e-01
2975,0.00562341,2,7.031860e-01
3000,0.00562341,2,9.379120e-01
3025,0.00562341,2,1.250780e+00
3050,0.00562341,2,1.671140e+00
3075,0.00562341,2,2.242450e+00
3100,0.00562341,2,3.031800e+00
3125,0.00562341,2,4.148500e+00
3150,0.00562341,2,5.783750e+00
3175,0.00562341,2,8.305310e+00
3200,0.00562341,2,1.252340e+01
3225,0.00562341,2,2.064330e+01
3250,0.00562341,2,4.151990e+01
3275,0.00562341,2,1.907380e+02
3300,0.00562341,2,2.000000e+02
3325,0.00562341,2,2.000000e+02
3350,0.00562341,2,2.000000e+02
3375,0.00562341,2,2.000000e+02
3400,0.00562341,2,2.000000e+02
3425,0.00562341,2,2.000000e+02
3450,0.00562341,2,2.000000e+02
3475,0.00562341,2,2.000000e+02
3500,0.00562341,2,2.000000e+02
3525,0.00562341,2,2.000000e+02
3550,0.00562341,2,2.000000e+02
3575,0.00562341,2,2.000000e+02
3600,0.00562341,2,2.000000e+02
3625,0.00562341,2,2.000000e+02
3650,0.00562341,2,2.000000e+02
3675,0.00562341,2,2.000000e+02
3700,0.00562341,2,2.000000e+02
3725,0.00562341,2,2.000000e+02
3750,0.00562341,2,2.000000e+02
3775,0.00562341,2,2.000000e+02
3800,0.00562341,2,2.000000e+02
3825,0.00562341,2,2.000000e+02
3850,0.00562341,2,2.000000e+02
3875,0.00562341,2,2.000000e+02
3900,0.00562341,2,2.000000e+02
3925,0.00562341,2,2.000000e+02
3950,0.00562341,2,2.000000e+02
3975,0.00562341,2,2.000000e+02
4000,0.00562341,2,2.000000e+02
4025,0.00562341,2,2.000000e+02
4050,0.00562341,2,2.000000e+02
4075,0.00562341,2,2.000000e+02
4100,0.00562341,2,2.000000e+02
4125,0.00562341,2,2.000000e+02
4150,0.00562341,2,2.000000e+02
4175,0.00562341,2,2.000000e+02
4200,0.00562341,2,2.000000e+02
4225,0.00562341,2,2.000000e+02
4250,0.00562341,2,2.000000e+02
4275,0.00562341,2,2.000000e+02
4300,0.00562341,2,2.000000e+02
4325,0.00562341,2,2.000000e+02
4350,0.00562341,2,2.000000e+02
4375,0.00562341,2,2.000000e+02
4400,0.00562341,2,2.000000e+02
4425,0.00562341,2,2.000000e+02
4450,0.00562341,2,2.000000e+02
4475,0.00562341,2,2.000000e+02
4500,0.00562341,2,2.000000e+02
4525,0.00562341,2,2.000000e+02
4550,0.00562341,2,2.000000e+02
4575,0.00562341,2,2.000000e+02
4600,0.00562341,2,2.000000e+02
4625,0.00562341,2,2.000000e+02
4650,0.00562341,2,2.000000e+02
4675,0.00562341,2,2.000000e+02
4700,0.00562341,2,2.000000e+02
4725,0.00562341,2,2.000000e+02
4750,0.00562341,2,2.000000e+02
4775,0.00562341,2,2.000000e+02
4800,0.00562341,2,2.000000e+02
4825,0.00562341,2,2.000000e+02
4850,0.00562341,2,2.000000e+02
4875,0.00562341,2,2.000000e+02
4900,0.00562341,2,2.000000e+02
4925,0.00562341,2,2.000000e+02
4950,0.00562341,2,2.000000e+02
4975,0.00562341,2,2.000000e+02
5000,0.00562341,2,2.000000e+02
300,0.01,2,0.000000e+00
325,0.01,2,0.000000e+00
350,0.01,2,0.000000e+00
375,0.01,2,0.000000e+00
400,0.01,2,0.000000e+00
425,0.01,2,0.000000e+00
450,0.01,2,0.000000e+00
475,0.01,2,0.000000e+00
500,0.01,2,0.000000e+00
525,0.01,2,0.000000e+00
550,0.01,2,0.000000e+00
575,0.01,2,0.000000e+00
600,0.01,2,0.000000e+00
625,0.01,2,0.000000e+00
650,0.01,2,0.000000e+00
675,0.01,2,0.000000e+00
700,0.01,2,0.000000e+00
725,0.01,2,0.000000e+00
750,0.01,2,0.000000e+00
775,0.01,2,0.000000e+00
800,0.01,2,0.000000e+00
825,0.01,2,0.000000e+00
850,0.01,2,0.000000e+00
875,0.01,2,0.000000e+00
900,0.01,2,0.000000e+00
925,0.01,2,0.000000e+00
950,0.01,2,0.000000e+00
975,0.01,2,0.000000e+00
1000,0.01,2,0.000000e+00
1025,0.01,2,0.000000e+00
1050,0.01,2,0.000000e+00
1075,0.01,2,0.000000e+00
1100,0.01,2,0.000000e+00
1125,0.01,2,0.000000e+00
1150,0.01,2,0.000000e+00
1175,0.01,2,0.000000e+00
1200,0.01,2,0.000000e+00
1225,0.01,2,0.000000e+00
1250,0.01,2,0.000000e+00
1275,0.01,2,0.000000e+00
1300,0.01,2,0.000000e+00
1325,0.01,2,0.000000e+00
1350,0.01,2,0.000000e+00
1375,0.01,2,0.000000e+00
1400,0.01,2,0.000000e+00
1425,0.01,2,0.000000e+00
1450,0.01,2,0.000000e+00
1475,0.01,2,0.000000e+00
1500,0.01,2,0.000000e+00
1525,0.01,2,0.000000e+00
1550,0.01,2,0.000000e+00
1575,0.01,2,0.000000e+00
1600,0.01,2,0.000000e+00
1625,0.01,2,0.000000e+00
1650,0.01,2,0.000000e+00
1675,0.01,2,0.000000e+00
1700,0.01,2,0.000000e+00
1725,0.01,2,0.000000e+00
1750,0.01,2,0.000000e+00
1775,0.01,2,0.000000e+00
1800,0.01,2,0.000000e+00
1825,0.01,2,0.000000e+00
1850,0.01,2,0.000000e+00
1875,0.01,2,0.000000e+00
1900,0.01,2,0.000000e+00
1925,0.01,2,0.000000e+00
1950,0.01,2,0.000000e+00
1975,0.01,2,0.000000e+00
2000,0.01,2,0.000000e+00
2025,0.01,2,0.000000e+00
2050,0.01,2,0.000000e+00
2075,0.01,2,0.000000e+00
2100,0.01,2,0.000000e+00
2125,0.01,2,0.000000e+00
2150,0.01,2,0.000000e+00
2175,0.01,2,0.000000e+00
2200,0.01,2,0.000000e+00
2225,0.01,2,0.000000e+00
2250,0.01,2,0.000000e+00
2275,0.01,2,0.000000e+00
2300,0.01,2,0.000000e+00
2325,0.01,2,0.000000e+00
2350,0.01,2,0.000000e+00
2375,0.01,2,0.000000e+00
2400,0.01,2,0.000000e+00
2425,0.01,2,0.000000e+00
2450,0.01,2,0.000000e+00
2475,0.01,2,0.000000e+00
2500,0.01,2,0.000000e+00
2525,0.01,2,0.000000e+00
2550,0.01,2,0.000000e+00
2575,0.01,2,0.000000e+00
2600,0.01,2,0.000000e+00
2625,0.01,2,0.000000e+00
2650,0.01,2,0.000000e+00
2675,0.01,2,0.000000e+00
2700,0.01,2,0.000000e+00
2725,0.01,2,1.259480e-03
2750,0.01,2,1.487630e-02
2775,0.01,2,3.082500e-02
2800,0.01,2,4.987910e-02
2825,0.01,2,7.306600e-02
2850,0.01,2,1.017420e-01
2875,0.01,2,1.376890e-01
2900,0.01,2,1.832420e-01
2925,0.01,2,2.414560e-01
2950,0.01,2,3.163280e-01
2975,0.01,2,4.131100e-01
3000,0.01,2,5.387360e-01
3025,0.01,2,7.024490e-01
3050,0.01,2,9.167320e-01
3075,0.01,2,1.198730e+00
3100,0.01,2,1.572520e+00
3125,0.01,2,2.072950e+00
3150,0.01,2,2.752240e+00
3175,0.01,2,3.692380e+00
3200,0.01,2,5.029970e+00
3225,0.01,2,7.010930e+00
3250,0.01,2,1.012760e+01
3275,0.01,2,1.553110e+01
3300,0.01,2,2.668510e+01
3325,0.01,2,6.097330e+01
3350,0.01,2,2.000000e+02
3375,0.01,2,2.000000e+02
3400,0.01,2,2.000000e+02
3425,0.01,2,2.000000e+02
3450,0.01,2,2.000000e+02
3475,0.01,2,2.000000e+02
3500,0.01,2,2.000000e+02
3525,0.01,2,2.000000e+02
3550,0.01,2,2.000000e+02
3575,0.01,2,2.000000e+02
3600,0.01,2,2.000000e+02
3625,0.01,2,2.000000e+02
3650,0.01,2,2.000000e+02
3675,0.01,2,2.000000e+02
3700,0.01,2,2.000000e+02
3725,0.01,2,2.000000e+02
3750,0.01,2,2.000000e+02
3775,0.01,2,2.000000e+02
3800,0.01,2,2.000000e+02
3825,0.01,2,2.000000e+02
3850,0.01,2,2.000000e+02
3875,0.01,2,2.000000e+02
3900,0.01,2,2.000000e+02
3925,0.01,2,2.000000e+02
3950,0.01,2,2.000000e+02
3975,0.01,2,2.000000e+02
4000,0.01,2,2.000000e+02
4025,0.01,2,2.000000e+02
4050,0.01,2,2.000000e+02
4075,0.01,2,2.000000e+02
4100,0.01,2,2.000000e+02
4125,0.01,2,2.000000e+02
4150,0.01,2,2.000000e+02
4175,0.01,2,2.000000e+02
4200,0.01,2,2.000000e+02
4225,0.01,2,2.000000e+02
4250,0.01,2,2.000000e+02
4275,0.01,2,2.000000e+02
4300,0.01,2,2.000000e+02
4325,0.01,2,2.000000e+02
4350,0.01,2,2.000000e+02
4375,0.01,2,2.000000e+02
4400,0.01,2,2.000000e+02
4425,0.01,2,2.000000e+02
4450,0.01,2,2.000000e+02
4475,0.01,2,2.000000e+02
4500,0.01,2,2.000000e+02
4525,0.01,2,2.000000e+02
4550,0.01,2,2.000000e+02
4575,0.01,2,2.000000e+02
4600,0.01,2,2.000000e+02
4625,0.01,2,2.000000e+02
4650,0.01,2,2.000000e+02
4675,0.01,2,2.000000e+02
4700,0.01,2,2.000000e+02
4725,0.01,2,2.000000e+02
4750,0.01,2,2.000000e+02
4775,0.01,2,2.000000e+02
4800,0.01,2,2.000000e+02
4825,0.01,2,2.000000e+02
4850,0.01,2,2.000000e+02
4875,0.01,2,2.000000e+02
4900,0.01,2,2.000000e+02
4925,0.01,2,2.000000e+02
4950,0.01,2,2.000000e+02
4975,0.01,2,2.000000e+02
5000,0.01,2,2.000000e+02
300,0.0177828,2,0.000000e+00
325,0.0177828,2,0.000000e+00
350,0.0177828,2,0.000000e+00
375,0.0177828,2,0.000000e+00
400,0.0177828,2,0.000000e+00
425,0.0177828,2,0.000000e+00
450,0.0177828,2,0.000000e+00
475,0.0177828,2,0.000000e+00
500,0.0177828,2,0.000000e+00
525,0.0177828,2,0.000000e+00
550,0.0177828,2,0.000000e+00
575,0.0177828,2,0.000000e+00
600,0.0177828,2,0.000000e+00
625,0.0177828,2,0.000000e+00
650,0.0177828,2,0.000000e+00
675,0.0177828,2,0.000000e+00
700,0.0177828,2,0.000000e+00
725,0.0177828,2,0.000000e+00
750,0.0177828,2,0.000000e+00
775,0.0177828,2,0.000000e+00
800,0.0177828,2,0.000000e+00
825,0.0177828,2,0.000000e+00
850,0.0177828,2,0.000000e+00
875,0.0177828,2,0.000000e+00
900,0.0177828,2,0.000000e+00
925,0.0177828,2,0.000000e+00
950,0.0177828,2,0.000000e+00
975,0.0177828,2,0.000000e+00
1000,0.0177828,2,0.000000e+00
1025,0.0177828,2,0.000000e+00
1050,0.0177828,2,0.000000e+00
1075,0.0177828,2,0.000000e+00
1100,0.0177828,2,0.000000e+00
1125,0.0177828,2,0.000000e+00
1150,0.0177828,2,0.000000e+00
1175,0.0177828,2,0.000000e+00
1200,0.0177828,2,0.000000e+00
1225,0.0177828,2,0.000000e+00
1250,0.0177828,2,0.000000e+00
1275,0.0177828,2,0.000000e+00
1300,0.0177828,2,0.000000e+00
1325,0.0177828,2,0.000000e+00
1350,0.0177828,2,0.000000e+00
1375,0.0177828,2,0.000000e+00
1400,0.0177828,2,0.000000e+00
1425,0.0177828,2,0.000000e+00
1450,0.0177828,2,0.000000e+00
1475,0.0177828,2,0.000000e+00
1500,0.0177828,2,0.000000e+00
1525,0.0177828,2,0.000000e+00
1550,0.0177828,2,0.000000e+00
1575,0.0177828,2,0.000000e+00
1600,0.0177828,2,0.000000e+00
1625,0.0177828,2,0.000000e+00
1650,0.0177828,2,0.000000e+00
1675,0.0177828,2,0.000000e+00
1700,0.0177828,2,0.000000e+00
1725,0.0177828,2,0.000000e+00
1750,0.0177828,2,0.000000e+00
1775,0.0177828,2,0.000000e+00
1800,0.0177828,2,0.000000e+00
1825,0.0177828,2,0.000000e+00
1850,0.0177828,2,0.000000e+00
1875,0.0177828,2,0.000000e+00
1900,0.0177828,2,0.000000e+00
1925,0.0177828,2,0.000000e+00
1950,0.0177828,2,0.000000e+00
1975,0.0177828,2,0.000000e+00
2000,0.0177828,2,0.000000e+00
2025,0.0177828,2,0.000000e+00
2050,0.0177828,2,0.000000e+00
2075,0.0177828,2,0.000000e+00
2100,0.0177828,2,0.000000e+00
2125,0.0177828,2,0.000000e+00
2150,0.0177828,2,0.000000e+00
2175,0.0177828,2,0.000000e+00
2200,0.0177828,2,0.000000e+00
2225,0.0177828,2,0.000000e+00
2250,0.0177828,2,0.000000e+00
2275,0.0177828,2,0.000000e+00
2300,0.0177828,2,0.000000e+00
2325,0.0177828,2,0.000000e+00
2350,0.0177828,2,0.000000e+00
2375,0.0177828,2,0.000000e+00
2400,0.0177828,2,0.000000e+00
2425,0.0177828,2,0.000000e+00
2450,0.0177828,2,0.000000e+00
2475,0.0177828,2,0.000000e+00
2500,0.0177828,2,0.000000e+00
2525,0.0177828,2,0.000000e+00
2550,0.0177828,2,0.000000e+00
2575,0.0177828,2,0.000000e+00
2600,0.0177828,2,0.000000e+00
2625,0.0177828,2,0.000000e+00
2650,0.0177828,2,0.000000e+00
2675,0.0177828,2,0.000000e+00
2700,0.0177828,2,0.000000e+00
2725,0.0177828,2,2.725830e-03
2750,0.0177828,2,1.466260e-02
2775,0.0177828,2,2.796140e-02
2800,0.0177828,2,4.302230e-02
2825,0.0177828,2,6.037870e-02
2850,0.0177828,2,8.073630e-02
2875,0.0177828,2,1.050230e-01
2900,0.0177828,2,1.344530e-01
2925,0.0177828,2,1.706070e-01
2950,0.0177828,2,2.155400e-01
2975,0.0177828,2,2.719190e-01
3000,0.0177828,2,3.432060e-01
3025,0.0177828,2,4.339050e-01
3050,0.0177828,2,5.499110e-01
3075,0.0177828,2,6.989910e-01
3100,0.0177828,2,8.914980e-01
3125,0.0177828,2,1.141430e+00
3150,0.0177828,2,1.468100e+00
3175,0.0177828,2,1.898760e+00
3200,0.0177828,2,2.473150e+00
3225,0.0177828,2,3.251450e+00
3250,0.0177828,2,4.329310e+00
3275,0.0177828,2,5.868730e+00
3300,0.0177828,2,8.167630e+00
3325,0.0177828,2,1.184060e+01
3350,0.0177828,2,1.839160e+01
3375,0.0177828,2,3.272810e+01
3400,0.0177828,2,8.515150e+01
3425,0.0177828,2,2.000000e+02
3450,0.0177828,2,2.000000e+02
3475,0.0177828,2,2.000000e+02
3500,0.0177828,2,2.000000e+02
3525,0.0177828,2,2.000000e+02
3550,0.0177828,2,2.000000e+02
3575,0.0177828,2,2.000000e+02
3600,0.0177828,2,2.000000e+02
3625,0.0177828,2,2.000000e+02
3650,0.0177828,2,2.000000e+02
3675,0.0177828,2,2.000000e+02
3700,0.0177828,2,2.000000e+02
3725,0.0177828,2,2.000000e+02
3750,0.0177828,2,2.000000e+02
3775,0.0177828,2,2.000000e+02
3800,0.0177828,2,2.000000e+02
3825,0.0177828,2,2.000000e+02
3850,0.0177828,2,2.000000e+02
3875,0.0177828,2,2.000000e+02
3900,0.0177828,2,2.000000e+02
3925,0.0177828,2,2.000000e+02
3950,0.0177828,2,2.000000e+02
3975,0.0177828,2,2.000000e+02
4000,0.0177828,2,2.000000e+02
4025,0.0177828,2,2.000000e+02
4050,0.0177828,2,2.000000e+02
4075,0.0177828,2,2.000000e+02
4100,0.0177828,2,2.000000e+02
4125,0.0177828,2,2.000000e+02
4150,0.0177828,2,2.000000e+02
4175,0.0177828,2,2.000000e+02
4200,0.0177828,2,2.000000e+02
4225,0.0177828,2,2.000000e+02
4250,0.0177828,2,2.000000e+02
4275,0.0177828,2,2.000000e+02
4300,0.0177828,2,2.000000e+02
4325,0.0177828,2,2.000000e+02
4350,0.0177828,2,2.000000e+02
4375,0.0177828,2,2.000000e+02
4400,0.0177828,2,2.000000e+02
4425,0.0177828,2,2.000000e+02
4450,0.0177828,2,2.000000e+02
4475,0.0177828,2,2.000000e+02
4500,0.0177828,2,2.000000e+02
4525,0.0177828,2,2.000000e+02
4550,0.0177828,2,2.000000e+02
4575,0.0177828,2,2.000000e+02
4600,0.0177828,2,2.000000e+02
4625,0.0177828,2,2.000000e+02
4650,0.0177828,2,2.000000e+02
4675,0.0177828,2,2.000000e+02
4700,0.0177828,2,2.000000e+02
4725,0.0177828,2,2.000000e+02
4750,0.0177828,2,2.000000e+02
4775,0.0177828,2,2.000000e+02
4800,0.0177828,2,2.000000e+02
4825,0.0177828,2,2.000000e+02
4850,0.0177828,2,2.000000e+02
4875,0.0177828,2,2.000000e+02
4900,0.0177828,2,2.000000e+02
4925,0.0177828,2,2.000000e+02
4950,0.0177828,2,2.000000e+02
4975,0.0177828,2,2.000000e+02
5000,0.0177828,2,2.000000e+02
300,0.0316228,2,0.000000e+00
325,0.0316228,2,0.000000e+00
350,0.0316228,2,0.000000e+00
375,0.0316228,2,0.000000e+00
400,0.0316228,2,0.000000e+00
425,0.0316228,2,0.000000e+00
450,0.0316228,2,0.000000e+00
475,0.0316228,2,0.000000e+00
500,0.0316228,2,0.000000e+00
525,0.0316228,2,0.000000e+00
550,0.0316228,2,0.000000e+00
575,0.0316228,2,0.000000e+00
600,0.0316228,2,0.000000e+00
625,0.0316228,2,0.000000e+00
650,0.0316228,2,0.000000e+00
675,0.0316228,2,0.000000e+00
700,0.0316228,2,0.000000e+00
725,0.0316228,2,0.000000e+00
750,0.0316228,2,0.000000e+00
775,0.0316228,2,0.000000e+00
800,0.0316228,2,0.000000e+00
825,0.0316228,2,0.000000e+00
850,0.0316228,2,0.000000e+00
875,0.0316228,2,0.000000e+00
900,0.0316228,2,0.000000e+00
925,0.0316228,2,0.000000e+00
950,0.0316228,2,0.000000e+00
975,0.0316228,2,0.000000e+00
1000,0.0316228,2,0.000000e+00
1025,0.0316228,2,0.000000e+00
1050,0.0316228,2,0.000000e+00
1075,0.0316228,2,0.000000e+00
1100,0.0316228,2,0.000000e+00
1125,0.0316228,2,0.000000e+00
1150,0.0316228,2,0.000000e+00
1175,0.0316228,2,0.000000e+00
1200,0.0316228,2,0.000000e+00
1225,0.0316228,2,0.000000e+00
1250,0.0316228,2,0.000000e+00
1275,0.0316228,2,0.000000e+00
1300,0.0316228,2,0.000000e+00
1325,0.0316228,2,0.000000e+00
1350,0.0316228,2,0.000000e+00
1375,0.0316228,2,0.000000e+00
1400,0.0316228,2,0.000000e+00
1425,0.0316228,2,0.000000e+00
1450,0.0316228,2,0.000000e+00
1475,0.0316228,2,0.000000e+00
1500,0.0316228,2,0.000000e+00
1525,0.0316228,2,0.000000e+00
1550,0.0316228,2,0.000000e+00
1575,0.0316228,2,0.000000e+00
1600,0.0316228,2,0.000000e+00
1625,0.0316228,2,0.000000e+00
1650,0.0316228,2,0.000000e+00
1675,0.0316228,2,0.000000e+00
1700,0.0316228,2,0.000000e+00
1725,0.0316228,2,0.000000e+00
1750,0.0316228,2,0.000000e+00
1775,0.0316228,2,0.000000e+00
1800,0.0316228,2,0.000000e+00
1825,0.0316228,2,0.000000e+00
1850,0.0316228,2,0.000000e+00
1875,0.0316228,2,0.000000e+00
1900,0.0316228,2,0.000000e+00
1925,0.0316228,2,0.000000e+00
1950,0.0316228,2,0.000000e+00
1975,0.0316228,2,0.000000e+00
2000,0.0316228,2,0.000000e+00
2025,0.0316228,2,0.000000e+00
2050,0.0316228,2,0.000000e+00
2075,0.0316228,2,0.000000e+00
2100,0.0316228,2,0.000000e+00
2125,0.0316228,2,0.000000e+00
2150,0.0316228,2,0.000000e+00
2175,0.0316228,2,0.000000e+00
2200,0.0316228,2,0.000000e+00
2225,0.0316228,2,0.000000e+00
2250,0.0316228,2,0.000000e+00
2275,0.0316228,2,0.000000e+00
2300,0.0316228,2,0.000000e+00
2325,0.0316228,2,0.000000e+00
2350,0.0316228,2,0.000000e+00
2375,0.0316228,2,0.000000e+00
2400,0.0316228,2,0.000000e+00
2425,0.0316228,2,0.000000e+00
2450,0.0316228,2,0.000000e+00
2475,0.0316228,2,0.000000e+00
2500,0.0316228,2,0.000000e+00
2525,0.0316228,2,0.000000e+00
2550,0.0316228,2,0.000000e+00
2575,0.0316228,2,0.000000e+00
2600,0.0316228,2,0.000000e+00
2625,0.0316228,2,0.000000e+00
2650,0.0316228,2,0.000000e+00
2675,0.0316228,2,0.000000e+00
2700,0.0316228,2,0.000000e+00
2725,0.0316228,2,5.711850e-03
2750,0.0316228,2,1.712220e-02
2775,0.0316228,2,2.943100e-02
2800,0.0316228,2,4.284540e-02
2825,0.0316228,2,5.764220e-02
2850,0.0316228,2,7.418790e-02
2875,0.0316228,2,9.296510e-02
2900,0.0316228,2,1.146050e-01
2925,0.0316228,2,1.399300e-01
2950,0.0316228,2,1.700040e-01
2975,0.0316228,2,2.062010e-01
3000,0.0316228,2,2.502920e-01
3025,0.0316228,2,3.045560e-01
3050,0.0316228,2,3.719240e-01
3075,0.0316228,2,4.561780e-01
3100,0.0316228,2,5.622160e-01
3125,0.0316228,2,6.964230e-01
3150,0.0316228,2,8.671970e-01
3175,0.0316228,2,1.085720e+00
3200,0.0316228,2,1.367140e+00
3225,0.0316228,2,1.732360e+00
3250,0.0316228,2,2.211020e+00
3275,0.0316228,2,2.846490e+00
3300,0.0316228,2,3.704830e+00
3325,0.0316228,2,4.891800e+00
3350,0.0316228,2,6.588010e+00
3375,0.0316228,2,9.129470e+00
3400,0.0316228,2,1.322040e+01
3425,0.0316228,2,2.062640e+01
3450,0.0316228,2,3.736980e+01
3475,0.0316228,2,1.056920e+02
3500,0.0316228,2,2.000000e+02
3525,0.0316228,2,2.000000e+02
3550,0.0316228,2,2.000000e+02
3575,0.0316228,2,2.000000e+02
3600,0.0316228,2,2.000000e+02
3625,0.0316228,2,2.000000e+02
3650,0.0316228,2,2.000000e+02
3675,0.0316228,2,2.000000e+02
3700,0.0316228,2,2.000000e+02
3725,0.0316228,2,2.000000e+02
3750,0.0316228,2,2.000000e+02
3775,0.0316228,2,2.000000e+02
3800,0.0316228,2,2.000000e+02
3825,0.0316228,2,2.000000e+02
3850,0.0316228,2,2.000000e+02
3875,0.0316228,2,2.000000e+02
3900,0.0316228,2,2.000000e+02
3925,0.0316228,2,2.000000e+02
3950,0.0316228,2,2.000000e+02
3975,0.0316228,2,2.000000e+02
4000,0.0316228,2,2.000000e+02
4025,0.0316228,2,2.000000e+02
4050,0.0316228,2,2.000000e+02
4075,0.0316228,2,2.000000e+02
4100,0.0316228,2,2.000000e+02
4125,0.0316228,2,2.000000e+02
4150,0.0316228,2,2.000000e+02
4175,0.0316228,2,2.000000e+02
4200,0.0316228,2,2.000000e+02
4225,0.0316228,2,2.000000e+02
4250,0.0316228,2,2.000000e+02
4275,0.0316228,2,2.000000e+02
4300,0.0316228,2,2.000000e+02
4325,0.0316228,2,2.000000e+02
4350,0.0316228,2,2.000000e+02
4375,0.0316228,2,2.000000e+02
4400,0.0316228,2,2.000000e+02
4425,0.0316228,2,2.000000e+02
4450,0.0316228,2,2.000000e+02
4475,0.0316228,2,2.000000e+02
4500,0.0316228,2,2.000000e+02
4525,0.0316228,2,2.000000e+02
4550,0.0316228,2,2.000000e+02
4575,0.0316228,2,2.000000e+02
4600,0.0316228,2,2.000000e+02
4625,0.0316228,2,2.000000e+02
4650,0.0316228,2,2.000000e+02
4675,0.0316228,2,2.000000e+02
4700,0.0316228,2,2.000000e+02
4725,0.0316228,2,2.000000e+02
4750,0.0316228,2,2.000000e+02
4775,0.0316228,2,2.000000e+02
4800,0.0316228,2,2.000000e+02
4825,0.0316228,2,2.000000e+02
4850,0.0316228,2,2.000000e+02
4875,0.0316228,2,2.000000e+02
4900,0.0316228,2,2.000000e+02
4925,0.0316228,2,2.000000e+02
4950,0.0316228,2,2.000000e+02
4975,0.0316228,2,2.000000e+02
5000,0.0316228,2,2.000000e+02
300,0.0562341,2,0.000000e+00
325,0.0562341,2,0.000000e+00
350,0.0562341,2,0.000000e+00
375,0.0562341,2,0.000000e+00
400,0.0562341,2,0.000000e+00
425,0.0562341,2,0.000000e+00
450,0.0562341,2,0.000000e+00
475,0.0562341,2,0.000000e+00
500,0.0562341,2,0.000000e+00
525,0.0562341,2,0.000000e+00
550,0.0562341,2,0.000000e+00
575,0.0562341,2,0.000000e+00
600,0.0562341,2,0.000000e+00
625,0.0562341,2,0.000000e+00
650,0.0562341,2,0.000000e+00
675,0.0562341,2,0.000000e+00
700,0.0562341,2,0.000000e+00
725,0.0562341,2,0.000000e+00
750,0.0562341,2,0.000000e+00
775,0.0562341,2,0.000000e+00
800,0.0562341,2,0.000000e+00
825,0.0562341,2,0.000000e+00
850,0.0562341,2,0.000000e+00
875,0.0562341,2,0.000000e+00
900,0.0562341,2,0.000000e+00
925,0.0562341,2,0.000000e+00
950,0.0562341,2,0.000000e+00
975,0.0562341,2,0.000000e+00
1000,0.0562341,2,0.000000e+00
1025,0.0562341,2,0.000000e+00
1050,0.0562341,2,0.000000e+00
1075,0.0562341,2,0.000000e+00
1100,0.0562341,2,0.000000e+00
1125,0.0562341,2,0.000000e+00
1150,0.0562341,2,0.000000e+00
1175,0.0562341,2,0.000000e+00
1200,0.0562341,2,0.000000e+00
1225,0.0562341,2,0.000000e+00
1250,0.0562341,2,0.000000e+00
1275,0.0562341,2,0.000000e+00
1300,0.0562341,2,0.000000e+00
1325,0.0562341,2,0.000000e+00
1350,0.0562341,2,0.000000e+00
1375,0.0562341,2,0.000000e+00
1400,0.0562341,2,0.000000e+00
1425,0.0562341,2,0.000000e+00
1450,0.0562341,2,0.000000e+00
1475,0.0562341,2,0.000000e+00
1500,0.0562341,2,0.000000e+00
1525,0.0562341,2,0.000000e+00
1550,0.0562341,2,0.000000e+00
1575,0.0562341,2,0.000000e+00
1600,0.0562341,2,0.000000e+00
1625,0.0562341,2,0.000000e+00
1650,0.0562341,2,0.000000e+00
1675,0.0562341,2,0.000000e+00
1700,0.0562341,2,0.000000e+00
1725,0.0562341,2,0.000000e+00
1750,0.0562341,2,0.000000e+00
1775,0.0562341,2,0.000000e+00
1800,0.0562341,2,0.000000e+00
1825,0.0562341,2,0.000000e+00
1850,0.0562341,2,0.000000e+00
1875,0.0562341,2,0.000000e+00
1900,0.0562341,2,0.000000e+00
1925,0.0562341,2,0.000000e+00
1950,0.0562341,2,0.000000e+00
1975,0.0562341,2,0.000000e+00
2000,0.0562341,2,0.000000e+00
2025,0.0562341,2,0.000000e+00
2050,0.0562341,2,0.000000e+00
2075,0.0562341,2,0.000000e+00
2100,0.0562341,2,0.000000e+00
2125,0.0562341,2,0.000000e+00
2150,0.0562341,2,0.000000e+00
2175,0.0562341,2,0.000000e+00
2200,0.0562341,2,0.000000e+00
2225,0.0562341,2,0.000000e+00
2250,0.0562341,2,0.000000e+00
2275,0.0562341,2,0.000000e+00
2300,0.0562341,2,0.000000e+00
2325,0.0562341,2,0.000000e+00
2350,0.0562341,2,0.000000e+00
2375,0.0562341,2,0.000000e+00
2400,0.0562341,2,0.000000e+00
2425,0.0562341,2,0.000000e+00
2450,0.0562341,2,0.000000e+00
2475,0.0562341,2,0.000000e+00
2500,0.0562341,2,0.000000e+00
2525,0.0562341,2,0.000000e+00
2550,0.0562341,2,0.000000e+00
2575,0.0562341,2,0.000000e+00
2600,0.0562341,2,0.000000e+00
2625,0.0562341,2,0.000000e+00
2650,0.0562341,2,0.000000e+00
2675,0.0562341,2,0.000000e+00
2700,0.0562341,2,0.000000e+00
2725,0.0562341,2,8.933940e-03
2750,0.0562341,2,2.033270e-02
2775,0.0562341,2,3.242150e-02
2800,0.0562341,2,4.530960e-02
2825,0.0562341,2,5.914250e-02
2850,0.0562341,2,7.411250e-02
2875,0.0562341,2,9.047210e-02
2900,0.0562341,2,1.085520e-01
2925,0.0562341,2,1.287810e-01
2950,0.0562341,2,1.517140e-01
2975,0.0562341,2,1.780660e-01
3000,0.0562341,2,2.087530e-01
3025,0.0562341,2,2.449490e-01
3050,0.0562341,2,2.881490e-01
3075,0.0562341,2,3.402630e-01
3100,0.0562341,2,4.037250e-01
3125,0.0562341,2,4.816450e-01
3150,0.0562341,2,5.780100e-01
3175,0.0562341,2,6.979620e-01
3200,0.0562341,2,8.481740e-01
3225,0.0562341,2,1.037400e+00
3250,0.0562341,2,1.277300e+00
3275,0.0562341,2,1.583600e+00
3300,0.0562341,2,1.978050e+00
3325,0.0562341,2,2.491480e+00
3350,0.0562341,2,3.169020e+00
3375,0.0562341,2,4.079410e+00
3400,0.0562341,2,5.332760e+00
3425,0.0562341,2,7.117150e+00
3450,0.0562341,2,9.782300e+00
3475,0.0562341,2,1.406030e+01
3500,0.0562341,2,2.178220e+01
3525,0.0562341,2,3.916190e+01
3550,0.0562341,2,1.090760e+02
3575,0.0562341,2,2.000000e+02
3600,0.0562341,2,2.000000e+02
3625,0.0562341,2,2.000000e+02
3650,0.0562341,2,2.000000e+02
3675,0.0562341,2,2.000000e+02
3700,0.0562341,2,2.000000e+02
3725,0.0562341,2,2.000000e+02
3750,0.0562341,2,2.000000e+02
3775,0.0562341,2,2.000000e+02
3800,0.0562341,2,2.000000e+02
3825,0.0562341,2,2.000000e+02
3850,0.0562341,2,2.000000e+02
3875,0.0562341,2,2.000000e+02
3900,0.0562341,2,2.000000e+02
3925,0.0562341,2,2.000000e+02
3950,0.0562341,2,2.000000e+02
3975,0.0562341,2,2.000000e+02
4000,0.0562341,2,2.000000e+02
4025,0.0562341,2,2.000000e+02
4050,0.0562341,2,2.000000e+02
4075,0.0562341,2,2.000000e+02
4100,0.0562341,2,2.000000e+02
4125,0.0562341,2,2.000000e+02
4150,0.0562341,2,2.000000e+02
4175,0.0562341,2,2.000000e+02
4200,0.0562341,2,2.000000e+02
4225,0.0562341,2,2.000000e+02
4250,0.0562341,2,2.000000e+02
4275,0.0562341,2,2.000000e+02
4300,0.0562341,2,2.000000e+02
4325,0.0562341,2,2.000000e+02
4350,0.0562341,2,2.000000e+02
4375,0.0562341,2,2.000000e+02
4400,0.0562341,2,2.000000e+02
4425,0.0562341,2,2.000000e+02
4450,0.0562341,2,2.000000e+02
4475,0.0562341,2,2.000000e+02
4500,0.0562341,2,2.000000e+02
4525,0.0562341,2,2.000000e+02
4550,0.0562341,2,2.000000e+02
4575,0.0562341,2,2.000000e+02
4600,0.0562341,2,2.000000e+02
4625,0.0562341,2,2.000000e+02
4650,0.0562341,2,2.000000e+02
4675,0.0562341,2,2.000000e+02
4700,0.0562341,2,2.000000e+02
4725,0.0562341,2,2.000000e+02
4750,0.0562341,2,2.000000e+02
4775,0.0562341,2,2.000000e+02
4800,0.0562341,2,2.000000e+02
4825,0.0562341,2,2.000000e+02
4850,0.0562341,2,2.000000e+02
4875,0.0562341,2,2.000000e+02
4900,0.0562341,2,2.000000e+02
4925,0.0562341,2,2.000000e+02
4950,0.0562341,2,2.000000e+02
4975,0.0562341,2,2.000000e+02
5000,0.0562341,2,2.000000e+02
300,0.1,2,0.000000e+00
325,0.1,2,0.000000e+00
350,0.1,2,0.000000e+00
375,0.1,2,0.000000e+00
400,0.1,2,0.000000e+00
425,0.1,2,0.000000e+00
450,0.1,2,0.000000e+00
475,0.1,2,0.000000e+00
500,0.1,2,0.000000e+00
525,0.1,2,0.000000e+00
550,0.1,2,0.000000e+00
575,0.1,2,0.000000e+00
600,0.1,2,0.000000e+00
625,0.1,2,0.000000e+00
650,0.1,2,0.000000e+00
675,0.1,2,0.000000e+00
700,0.1,2,0.000000e+00
725,0.1,2,0.000000e+00
750,0.1,2,0.000000e+00
775,0.1,2,0.000000e+00
800,0.1,2,0.000000e+00
825,0.1,2,0.000000e+00
850,0.1,2,0.000000e+00
875,0.1,2,0.000000e+00
900,0.1,2,0.000000e+00
925,0.1,2,0.000000e+00
950,0.1,2,0.000000e+00
975,0.1,2,0.000000e+00
1000,0.1,2,0.000000e+00
1025,0.1,2,0.000000e+00
1050,0.1,2,0.000000e+00
1075,0.1,2,0.000000e+00
1100,0.1,2,0.000000e+00
1125,0.1,2,0.000000e+00
1150,0.1,2,0.000000e+00
1175,0.1,2,0.000000e+00
1200,0.1,2,0.000000e+00
1225,0.1,2,0.000000e+00
1250,0.1,2,0.000000e+00
1275,0.1,2,0.000000e+00
1300,0.1,2,0.000000e+00
1325,0.1,2,0.000000e+00
1350,0.1,2,0.000000e+00
1375,0.1,2,0.000000e+00
1400,0.1,2,0.000000e+00
1425,0.1,2,0.000000e+00
1450,0.1,2,0.000000e+00
1475,0.1,2,0.000000e+00
1500,0.1,2,0.000000e+00
1525,0.1,2,0.000000e+00
1550,0.1,2,0.000000e+00
1575,0.1,2,0.000000e+00
1600,0.1,2,0.000000e+00
1625,0.1,2,0.000000e+00
1650,0.1,2,0.000000e+00
1675,0.1,2,0.000000e+00
1700,0.1,2,0.000000e+00
1725,0.1,2,0.000000e+00
1750,0.1,2,0.000000e+00
1775,0.1,2,0.000000e+00
1800,0.1,2,0.000000e+00
1825,0.1,2,0.000000e+00
1850,0.1,2,0.000000e+00
1875,0.1,2,0.000000e+00
1900,0.1,2,0.000000e+00
1925,0.1,2,0.000000e+00
1950,0.1,2,0.000000e+00
1975,0.1,2,0.000000e+00
2000,0.1,2,0.000000e+00
2025,0.1,2,0.000000e+00
2050,0.1,2,0.000000e+00
2075,0.1,2,0.000000e+00
2100,0.1,2,0.000000e+00
2125,0.1,2,0.000000e+00
2150,0.1,2,0.000000e+00
2175,0.1,2,0.000000e+00
2200,0.1,2,0.000000e+00
2225,0.1,2,0.000000e+00
2250,0.1,2,0.000000e+00
2275,0.1,2,0.000000e+00
2300,0.1,2,0.000000e+00
2325,0.1,2,0.000000e+00
2350,0.1,2,0.000000e+00
2375,0.1,2,0.000000e+00
2400,0.1,2,0.000000e+00
2425,0.1,2,0.000000e+00
2450,0.1,2,0.000000e+00
2475,0.1,2,0.000000e+00
2500,0.1,2,0.000000e+00
2525,0.1,2,0.000000e+00
2550,0.1,2,0.000000e+00
2575,0.1,2,0.000000e+00
2600,0.1,2,0.000000e+00
2625,0.1,2,0.000000e+00
2650,0.1,2,0.000000e+00
2675,0.1,2,0.000000e+00
2700,0.1,2,8.355970e-04
2725,0.1,2,1.186500e-02
2750,0.1,2,2.345440e-02
2775,0.1,2,3.565010e-02
2800,0.1,2,4.851250e-02
2825,0.1,2,6.212090e-02
2850,0.1,2,7.657870e-02
2875,0.1,2,9.202120e-02
2900,0.1,2,1.086240e-01
2925,0.1,2,1.266150e-01
2950,0.1,2,1.462860e-01
2975,0.1,2,1.680140e-01
3000,0.1,2,1.922800e-01
3025,0.1,2,2.196940e-01
3050,0.1,2,2.510350e-01
3075,0.1,2,2.872860e-01
3100,0.1,2,3.296900e-01
3125,0.1,2,3.798200e-01
3150,0.1,2,4.396610e-01
3175,0.1,2,5.117260e-01
3200,0.1,2,5.992010e-01
3225,0.1,2,7.061490e-01
3250,0.1,2,8.377780e-01
3275,0.1,2,1.000820e+00
3300,0.1,2,1.204090e+00
3325,0.1,2,1.459240e+00
3350,0.1,2,1.782010e+00
3375,0.1,2,2.194050e+00
3400,0.1,2,2.725970e+00
3425,0.1,2,3.422390e+00
3450,0.1,2,4.350930e+00
3475,0.1,2,5.619230e+00
3500,0.1,2,7.409430e+00
3525,0.1,2,1.005600e+01
3550,0.1,2,1.424620e+01
3575,0.1,2,2.164820e+01
3600,0.1,2,3.761690e+01
3625,0.1,2,9.369120e+01
3650,0.1,2,2.000000e+02
3675,0.1,2,2.000000e+02
3700,0.1,2,2.000000e+02
3725,0.1,2,2.000000e+02
3750,0.1,2,2.000000e+02
3775,0.1,2,2.000000e+02
3800,0.1,2,2.000000e+02
3825,0.1,2,2.000000e+02
3850,0.1,2,2.000000e+02
3875,0.1,2,2.000000e+02
3900,0.1,2,2.000000e+02
3925,0.1,2,2.000000e+02
3950,0.1,2,2.000000e+02
3975,0.1,2,2.000000e+02
4000,0.1,2,2.000000e+02
4025,0.1,2,2.000000e+02
4050,0.1,2,2.000000e+02
4075,0.1,2,2.000000e+02
4100,0.1,2,2.000000e+02
4125,0.1,2,2.000000e+02
4150,0.1,2,2.000000e+02
4175,0.1,2,2.000000e+02
4200,0.1,2,2.000000e+02
4225,0.1,2,2.000000e+02
4250,0.1,2,2.000000e+02
4275,0.1,2,2.000000e+02
4300,0.1,2,2.000000e+02
4325,0.1,2,2.000000e+02
4350,0.1,2,2.000000e+02
4375,0.1,2,2.000000e+02
4400,0.1,2,2.000000e+02
4425,0.1,2,2.000000e+02
4450,0.1,2,2.000000e+02
4475,0.1,2,2.000000e+02
4500,0.1,2,2.000000e+02
4525,0.1,2,2.000000e+02
4550,0.1,2,2.000000e+02
4575,0.1,2,2.000000e+02
4600,0.1,2,2.000000e+02
4625,0.1,2,2.000000e+02
4650,0.1,2,2.000000e+02
4675,0.1,2,2.000000e+02
4700,0.1,2,2.000000e+02
4725,0.1,2,2.000000e+02
4750,0.1,2,2.000000e+02
4775,0.1,2,2.000000e+02
4800,0.1,2,2.000000e+02
4825,0.1,2,2.000000e+02
4850,0.1,2,2.000000e+02
4875,0.1,2,2.000000e+02
4900,0.1,2,2.000000e+02
4925,0.1,2,2.000000e+02
4950,0.1,2,2.000000e+02
4975,0.1,2,2.000000e+02
5000,0.1,2,2.000000e+02
300,0.177828,2,0.000000e+00
325,0.177828,2,0.000000e+00
350,0.177828,2,0.000000e+00
375,0.177828,2,0.000000e+00
400,0.177828,2,0.000000e+00
425,0.177828,2,0.000000e+00
450,0.177828,2,0.000000e+00
475,0.177828,2,0.000000e+00
500,0.177828,2,0.000000e+00
525,0.177828,2,0.000000e+00
550,0.177828,2,0.000000e+00
575,0.177828,2,0.000000e+00
600,0.177828,2,0.000000e+00
625,0.177828,2,0.000000e+00
650,0.177828,2,0.000000e+00
675,0.177828,2,0.000000e+00
700,0.177828,2,0.000000e+00
725,0.177828,2,0.000000e+00
750,0.177828,2,0.000000e+00
775,0.177828,2,0.000000e+00
800,0.177828,2,0.000000e+00
825,0.177828,2,0.000000e+00
850,0.177828,2,0.000000e+00
875,0.177828,2,0.000000e+00
900,0.177828,2,0.000000e+00
925,0.177828,2,0.000000e+00
950,0.177828,2,0.000000e+00
975,0.177828,2,0.000000e+00
1000,0.177828,2,0.000000e+00
1025,0.177828,2,0.000000e+00
1050,0.177828,2,0.000000e+00
1075,0.177828,2,0.000000e+00
1100,0.177828,2,0.000000e+00
1125,0.177828,2,0.000000e+00
1150,0.177828,2,0.000000e+00
1175,0.177828,2,0.000000e+00
1200,0.177828,2,0.000000e+00
1225,0.177828,2,0.000000e+00
1250,0.177828,2,0.000000e+00
1275,0.177828,2,0.000000e+00
1300,0.177828,2,0.000000e+00
1325,0.177828,2,0.000000e+00
1350,0.177828,2,0.000000e+00
1375,0.177828,2,0.000000e+00
1400,0.177828,2,0.000000e+00
1425,0.177828,2,0.000000e+00
1450,0.177828,2,0.000000e+00
1475,0.177828,2,0.000000e+00
1500,0.177828,2,0.000000e+00
1525,0.177828,2,0.000000e+00
1550,0.177828,2,0.000000e+00
1575,0.177828,2,0.000000e+00
1600,0.177828,2,0.000000e+00
1625,0.177828,2,0.000000e+00
1650,0.177828,2,0.000000e+00
1675,0.177828,2,0.000000e+00
1700,0.177828,2,0.000000e+00
1725,0.177828,2,0.000000e+00
1750,0.177828,2,0.000000e+00
1775,0.177828,2,0.000000e+00
1800,0.177828,2,0.000000e+00
1825,0.177828,2,0.000000e+00
1850,0.177828,2,0.000000e+00
1875,0.177828,2,0.000000e+00
1900,0.177828,2,0.000000e+00
1925,0.177828,2,0.000000e+00
1950,0.177828,2,0.000000e+00
1975,0.177828,2,0.000000e+00
2000,0.177828,2,0.000000e+00
2025,0.177828,2,0.000000e+00
2050,0.177828,2,0.000000e+00
2075,0.177828,2,0.000000e+00
2100,0.177828,2,0.000000e+00
2125,0.177828,2,0.000000e+00
2150,0.177828,2,0.000000e+00
2175,0.177828,2,0.000000e+00
2200,0.177828,2,0.000000e+00
2225,0.177828,2,0.000000e+00
2250,0.177828,2,0.000000e+00
2275,0.177828,2,0.000000e+00
2300,0.177828,2,0.000000e+00
2325,0.177828,2,0.000000e+00
2350,0.177828,2,0.000000e+00
2375,0.177828,2,0.000000e+00
2400,0.177828,2,0.000000e+00
2425,0.177828,2,0.000000e+00
2450,0.177828,2,0.000000e+00
2475,0.177828,2,0.000000e+00
2500,0.177828,2,0.000000e+00
2525,0.177828,2,0.000000e+00
2550,0.177828,2,0.000000e+00
2575,0.177828,2,0.000000e+00
2600,0.177828,2,0.000000e+00
2625,0.177828,2,0.000000e+00
2650,0.177828,2,0.000000e+00
2675,0.177828,2,0.000000e+00
2700,0.177828,2,3.052310e-03
2725,0.177828,2,1.433670e-02
2750,0.177828,2,2.617310e-02
2775,0.177828,2,3.859080e-02
2800,0.177828,2,5.162610e-02
2825,0.177828,2,6.532550e-02
2850,0.177828,2,7.974770e-02
2875,0.177828,2,9.496840e-02
2900,0.177828,2,1.110840e-01
2925,0.177828,2,1.282190e-01
2950,0.177828,2,1.465310e-01
2975,0.177828,2,1.662230e-01
3000,0.177828,2,1.875510e-01
3025,0.177828,2,2.108400e-01
3050,0.177828,2,2.365010e-01
3075,0.177828,2,2.650500e-01
3100,0.177828,2,2.971370e-01
3125,0.177828,2,3.335760e-01
3150,0.177828,2,3.753850e-01
3175,0.177828,2,4.238390e-01
3200,0.177828,2,4.805340e-01
3225,0.177828,2,5.474670e-01
3250,0.177828,2,6.271460e-01
3275,0.177828,2,7.227300e-01
3300,0.177828,2,8.382200e-01
3325,0.177828,2,9.787160e-01
3350,0.177828,2,1.150780e+00
3375,0.177828,2,1.362930e+00
3400,0.177828,2,1.626430e+00
3425,0.177828,2,1.956350e+00
3450,0.177828,2,2.373340e+00
3475,0.177828,2,2.906360e+00
3500,0.177828,2,3.597300e+00
3525,0.177828,2,4.509000e+00
3550,0.177828,2,5.740140e+00
3575,0.177828,2,7.454840e+00
3600,0.177828,2,9.947330e+00
3625,0.177828,2,1.380190e+01
3650,0.177828,2,2.036360e+01
3675,0.177828,2,3.356120e+01
3700,0.177828,2,7.171480e+01
3725,0.177828,2,2.000000e+02
3750,0.177828,2,2.000000e+02
3775,0.177828,2,2.000000e+02
3800,0.177828,2,2.000000e+02
3825,0.177828,2,2.000000e+02
3850,0.177828,2,2.000000e+02
3875,0.177828,2,2.000000e+02
3900,0.177828,2,2.000000e+02
3925,0.177828,2,2.000000e+02
3950,0.177828,2,2.000000e+02
3975,0.177828,2,2.000000e+02
4000,0.177828,2,2.000000e+02
4025,0.177828,2,2.000000e+02
4050,0.177828,2,2.000000e+02
4075,0.177828,2,2.000000e+02
4100,0.177828,2,2.000000e+02
4125,0.177828,2,2.000000e+02
4150,0.177828,2,2.000000e+02
4175,0.177828,2,2.000000e+02
4200,0.177828,2,2.000000e+02
4225,0.177828,2,2.000000e+02
4250,0.177828,2,2.000000e+02
4275,0.177828,2,2.000000e+02
4300,0.177828,2,2.000000e+02
4325,0.177828,2,2.000000e+02
4350,0.177828,2,2.000000e+02
4375,0.177828,2,2.000000e+02
4400,0.177828,2,2.000000e+02
4425,0.177828,2,2.000000e+02
4450,0.177828,2,2.000000e+02
4475,0.177828,2,2.000000e+02
4500,0.177828,2,2.000000e+02
4525,0.177828,2,2.000000e+02
4550,0.177828,2,2.000000e+02
4575,0.177828,2,2.000000e+02
4600,0.177828,2,2.000000e+02
4625,0.177828,2,2.000000e+02
4650,0.177828,2,2.000000e+02
4675,0.177828,2,2.000000e+02
4700,0.177828,2,2.000000e+02
4725,0.177828,2,2.000000e+02
4750,0.177828,2,2.000000e+02
4775,0.177828,2,2.000000e+02
4800,0.177828,2,2.000000e+02
4825,0.177828,2,2.000000e+02
4850,0.177828,2,2.000000e+02
4875,0.177828,2,2.000000e+02
4900,0.177828,2,2.000000e+02
4925,0.177828,2,2.000000e+02
4950,0.177828,2,2.000000e+02
4975,0.177828,2,2.000000e+02
5000,0.177828,2,2.000000e+02
300,0.316228,2,0.000000e+00
325,0.316228,2,0.000000e+00
350,0.316228,2,0.000000e+00
375,0.316228,2,0.000000e+00
400,0.316228,2,0.000000e+00
425,0.316228,2,0.000000e+00
450,0.316228,2,0.000000e+00
475,0.316228,2,0.000000e+00
500,0.316228,2,0.000000e+00
525,0.316228,2,0.000000e+00
550,0.316228,2,0.000000e+00
575,0.316228,2,0.000000e+00
600,0.316228,2,0.000000e+00
625,0.316228,2,0.000000e+00
650,0.316228,2,0.000000e+00
675,0.316228,2,0.000000e+00
700,0.316228,2,0.000000e+00
725,0.316228,2,0.000000e+00
750,0.316228,2,0.000000e+00
775,0.316228,2,0.000000e+00
800,0.316228,2,0.000000e+00
825,0.316228,2,0.000000e+00
850,0.316228,2,0.000000e+00
875,0.316228,2,0.000000e+00
900,0.316228,2,0.000000e+00
925,0.316228,2,0.000000e+00
950,0.316228,2,0.000000e+00
975,0.316228,2,0.000000e+00
1000,0.316228,2,0.000000e+00
1025,0.316228,2,0.000000e+00
1050,0.316228,2,0.000000e+00
1075,0.316228,2,0.000000e+00
1100,0.316228,2,0.000000e+00
1125,0.316228,2,0.000000e+00
1150,0.316228,2,0.000000e+00
1175,0.316228,2,0.000000e+00
1200,0.316228,2,0.000000e+00
1225,0.316228,2,0.000000e+00
1250,0.316228,2,0.000000e+00
1275,0.316228,2,0.000000e+00
1300,0.316228,2,0.000000e+00
1325,0.316228,2,0.000000e+00
1350,0.316228,2,0.000000e+00
1375,0.316228,2,0.000000e+00
1400,0.316228,2,0.000000e+00
1425,0.316228,2,0.000000e+00
1450,0.316228,2,0.000000e+00
1475,0.316228,2,0.000000e+00
1500,0.316228,2,0.000000e+00
1525,0.316228,2,0.000000e+00
1550,0.316228,2,0.000000e+00
1575,0.316228,2,0.000000e+00
1600,0.316228,2,0.000000e+00
1625,0.316228,2,0.000000e+00
1650,0.316228,2,0.000000e+00
1675,0.316228,2,0.000000e+00
1700,0.316228,2,0.000000e+00
1725,0.316228,2,0.000000e+00
1750,0.316228,2,0.000000e+00
1775,0.316228,2,0.000000e+00
1800,0.316228,2,0.000000e+00
1825,0.316228,2,0.000000e+00
1850,0.316228,2,0.000000e+00
1875,0.316228,2,0.000000e+00
1900,0.316228,2,0.000000e+00
1925,0.316228,2,0.000000e+00
1950,0.316228,2,0.000000e+00
1975,0.316228,2,0.000000e+00
2000,0.316228,2,0.000000e+00
2025,0.316228,2,0.000000e+00
2050,0.316228,2,0.000000e+00
2075,0.316228,2,0.000000e+00
2100,0.316228,2,0.000000e+00
2125,0.316228,2,0.000000e+00
2150,0.316228,2,0.000000e+00
2175,0.316228,2,0.000000e+00
2200,0.316228,2,0.000000e+00
2225,0.316228,2,0.000000e+00
2250,0.316228,2,0.000000e+00
2275,0.316228,2,0.000000e+00
2300,0.316228,2,0.000000e+00
2325,0.316228,2,0.000000e+00
2350,0.316228,2,0.000000e+00
2375,0.316228,2,0.000000e+00
2400,0.316228,2,0.000000e+00
2425,0.316228,2,0.000000e+00
2450,0.316228,2,0.000000e+00
2475,0.316228,2,0.000000e+00
2500,0.316228,2,0.000000e+00
2525,0.316228,2,0.000000e+00
2550,0.316228,2,0.000000e+00
2575,0.316228,2,0.000000e+00
2600,0.316228,2,0.000000e+00
2625,0.316228,2,0.000000e+00
2650,0.316228,2,0.000000e+00
2675,0.316228,2,0.000000e+00
2700,0.316228,2,4.825540e-03
2725,0.316228,2,1.634100e-02
2750,0.316228,2,2.841710e-02
2775,0.316228,2,4.107540e-02
2800,0.316228,2,5.434110e-02
2825,0.316228,2,6.824430e-02
2850,0.316228,2,8.282170e-02
2875,0.316228,2,9.811890e-02
2900,0.316228,2,1.141920e-01
2925,0.316228,2,1.311130e-01
2950,0.316228,2,1.489710e-01
2975,0.316228,2,1.678770e-01
3000,0.316228,2,1.879740e-01
3025,0.316228,2,2.094380e-01
3050,0.316228,2,2.324910e-01
3075,0.316228,2,2.574120e-01
3100,0.316228,2,2.845470e-01
3125,0.316228,2,3.143270e-01
3150,0.316228,2,3.472890e-01
3175,0.316228,2,3.840980e-01
3200,0.316228,2,4.255780e-01
3225,0.316228,2,4.727510e-01
3250,0.316228,2,5.268810e-01
3275,0.316228,2,5.895350e-01
3300,0.316228,2,6.626620e-01
3325,0.316228,2,7.486870e-01
3350,0.316228,2,8.506410e-01
3375,0.316228,2,9.723400e-01
3400,0.316228,2,1.118610e+00
3425,0.316228,2,1.295630e+00
3450,0.316228,2,1.511350e+00
3475,0.316228,2,1.776230e+00
3500,0.316228,2,2.104130e+00
3525,0.316228,2,2.513910e+00
3550,0.316228,2,3.031710e+00
3575,0.316228,2,3.694920e+00
3600,0.316228,2,4.558750e+00
3625,0.316228,2,5.708280e+00
3650,0.316228,2,7.281570e+00
3675,0.316228,2,9.518170e+00
3700,0.316228,2,1.287240e+01
3725,0.316228,2,1.832090e+01
3750,0.316228,2,2.840690e+01
3775,0.316228,2,5.242750e+01
3800,0.316228,2,1.717590e+02
3825,0.316228,2,2.000000e+02
3850,0.316228,2,2.000000e+02
3875,0.316228,2,2.000000e+02
3900,0.316228,2,2.000000e+02
3925,0.316228,2,2.000000e+02
3950,0.316228,2,2.000000e+02
3975,0.316228,2,2.000000e+02
4000,0.316228,2,2.000000e+02
4025,0.316228,2,2.000000e+02
4050,0.316228,2,2.000000e+02
4075,0.316228,2,2.000000e+02
4100,0.316228,2,2.000000e+02
4125,0.316228,2,2.000000e+02
4150,0.316228,2,2.000000e+02
4175,0.316228,2,2.000000e+02
4200,0.316228,2,2.000000e+02
4225,0.316228,2,2.000000e+02
4250,0.316228,2,2.000000e+02
4275,0.316228,2,2.000000e+02
4300,0.316228,2,2.000000e+02
4325,0.316228,2,2.000000e+02
4350,0.316228,2,2.000000e+02
4375,0.316228,2,2.000000e+02
4400,0.316228,2,2.000000e+02
4425,0.316228,2,2.000000e+02
4450,0.316228,2,2.000000e+02
4475,0.316228,2,2.000000e+02
4500,0.316228,2,2.000000e+02
4525,0.316228,2,2.000000e+02
4550,0.316228,2,2.000000e+02
4575,0.316228,2,2.000000e+02
4600,0.316228,2,2.000000e+02
4625,0.316228,2,2.000000e+02
4650,0.316228,2,2.000000e+02
4675,0.316228,2,2.000000e+02
4700,0.316228,2,2.000000e+02
4725,0.316228,2,2.000000e+02
4750,0.316228,2,2.000000e+02
4775,0.316228,2,2.000000e+02
4800,0.316228,2,2.000000e+02
4825,0.316228,2,2.000000e+02
4850,0.316228,2,2.000000e+02
4875,0.316228,2,2.000000e+02
4900,0.316228,2,2.000000e+02
4925,0.316228,2,2.000000e+02
4950,0.316228,2,2.000000e+02
4975,0.316228,2,2.000000e+02
5000,0.316228,2,2.000000e+02
300,0.562341,2,0.000000e+00
325,0.562341,2,0.000000e+00
350,0.562341,2,0.000000e+00
375,0.562341,2,0.000000e+00
400,0.562341,2,0.000000e+00
425,0.562341,2,0.000000e+00
450,0.562341,2,0.000000e+00
475,0.562341,2,0.000000e+00
500,0.562341,2,0.000000e+00
525,0.562341,2,0.000000e+00
550,0.562341,2,0.000000e+00
575,0.562341,2,0.000000e+00
600,0.562341,2,0.000000e+00
625,0.562341,2,0.000000e+00
650,0.562341,2,0.000000e+00
675,0.562341,2,0.000000e+00
700,0.562341,2,0.000000e+00
725,0.562341,2,0.000000e+00
750,0.562341,2,0.000000e+00
775,0.562341,2,0.000000e+00
800,0.562341,2,0.000000e+00
825,0.562341,2,0.000000e+00
850,0.562341,2,0.000000e+00
875,0.562341,2,0.000000e+00
900,0.562341,2,0.000000e+00
925,0.562341,2,0.000000e+00
950,0.562341,2,0.000000e+00
975,0.562341,2,0.000000e+00
1000,0.562341,2,0.000000e+00
1025,0.562341,2,0.000000e+00
1050,0.562341,2,0.000000e+00
1075,0.562341,2,0.000000e+00
1100,0.562341,2,0.000000e+00
1125,0.562341,2,0.000000e+00
1150,0.562341,2,0.000000e+00
1175,0.562341,2,0.000000e+00
1200,0.562341,2,0.000000e+00
1225,0.562341,2,0.000000e+00
1250,0.562341,2,0.000000e+00
1275,0.562341,2,0.000000e+00
1300,0.562341,2,0.000000e+00
1325,0.562341,2,0.000000e+00
1350,0.562341,2,0.000000e+00
1375,0.562341,2,0.000000e+00
1400,0.562341,2,0.000000e+00
1425,0.562341,2,0.000000e+00
1450,0.562341,2,0.000000e+00
1475,0.562341,2,0.000000e+00
1500,0.562341,2,0.000000e+00
1525,0.562341,2,0.000000e+00
1550,0.562341,2,0.000000e+00
1575,0.562341,2,0.000000e+00
1600,0.562341,2,0.000000e+00
1625,0.562341,2,0.000000e+00
1650,0.562341,2,0.000000e+00
1675,0.562341,2,0.000000e+00
1700,0.562341,2,0.000000e+00
1725,0.562341,2,0.000000e+00
1750,0.562341,2,0.000000e+00
1775,0.562341,2,0.000000e+00
1800,0.562341,2,0.000000e+00
1825,0.562341,2,0.000000e+00
1850,0.562341,2,0.000000e+00
1875,0.562341,2,0.000000e+00
1900,0.562341,2,0.000000e+00
1925,0.562341,2,0.000000e+00
1950,0.562341,2,0.000000e+00
1975,0.562341,2,0.000000e+00
2000,0.562341,2,0.000000e+00
2025,0.562341,2,0.000000e+00
2050,0.562341,2,0.000000e+00
2075,0.562341,2,0.000000e+00
2100,0.562341,2,0.000000e+00
2125,0.562341,2,0.000000e+00
2150,0.562341,2,0.000000e+00
2175,0.562341,2,0.000000e+00
2200,0.562341,2,0.000000e+00
2225,0.562341,2,0.000000e+00
2250,0.562341,2,0.000000e+00
2275,0.562341,2,0.000000e+00
2300,0.562341,2,0.000000e+00
2325,0.562341,2,0.000000e+00
2350,0.562341,2,0.000000e+00
2375,0.562341,2,0.000000e+00
2400,0.562341,2,0.000000e+00
2425,0.562341,2,0.000000e+00
2450,0.562341,2,0.000000e+00
2475,0.562341,2,0.000000e+00
2500,0.562341,2,0.000000e+00
2525,0.562341,2,0.000000e+00
2550,0.562341,2,0.000000e+00
2575,0.562341,2,0.000000e+00
2600,0.562341,2,0.000000e+00
2625,0.562341,2,0.000000e+00
2650,0.562341,2,0.000000e+00
2675,0.562341,2,0.000000e+00
2700,0.562341,2,6.224890e-03
2725,0.562341,2,1.793430e-02
2750,0.562341,2,3.021870e-02
2775,0.562341,2,4.309640e-02
2800,0.562341,2,5.658760e-02
2825,0.562341,2,7.071480e-02
2850,0.562341,2,8.550400e-02
2875,0.562341,2,1.009860e-01
2900,0.562341,2,1.171970e-01
2925,0.562341,2,1.341810e-01
2950,0.562341,2,1.519920e-01
2975,0.562341,2,1.706950e-01
3000,0.562341,2,1.903730e-01
3025,0.562341,2,2.111260e-01
3050,0.562341,2,2.330770e-01
3075,0.562341,2,2.563830e-01
3100,0.562341,2,2.812320e-01
3125,0.562341,2,3.078590e-01
3150,0.562341,2,3.365550e-01
3175,0.562341,2,3.676760e-01
3200,0.562341,2,4.016610e-01
3225,0.562341,2,4.390470e-01
3250,0.562341,2,4.804950e-01
3275,0.562341,2,5.268130e-01
3300,0.562341,2,5.789950e-01
3325,0.562341,2,6.382570e-01
3350,0.562341,2,7.060950e-01
3375,0.562341,2,7.843520e-01
3400,0.562341,2,8.753030e-01
3425,0.562341,2,9.817720e-01
3450,0.562341,2,1.107280e+00
3475,0.562341,2,1.256260e+00
3500,0.562341,2,1.434320e+00
3525,0.562341,2,1.648660e+00
3550,0.562341,2,1.908590e+00
3575,0.562341,2,2.226420e+00
3600,0.562341,2,2.618630e+00
3625,0.562341,2,3.107820e+00
3650,0.562341,2,3.725760e+00
3675,0.562341,2,4.518520e+00
3700,0.562341,2,5.555430e+00
3725,0.562341,2,6.945650e+00
3750,0.562341,2,8.871400e+00
3775,0.562341,2,1.166050e+01
3800,0.562341,2,1.596610e+01
3825,0.562341,2,2.329820e+01
3850,0.562341,2,3.808960e+01
3875,0.562341,2,8.119930e+01
3900,0.562341,2,2.000000e+02
3925,0.562341,2,2.000000e+02
3950,0.562341,2,2.000000e+02
3975,0.562341,2,2.000000e+02
4000,0.562341,2,2.000000e+02
4025,0.562341,2,2.000000e+02
4050,0.562341,2,2.000000e+02
4075,0.562341,2,2.000000e+02
4100,0.562341,2,2.000000e+02
4125,0.562341,2,2.000000e+02
4150,0.562341,2,2.000000e+02
4175,0.562341,2,2.000000e+02
4200,0.562341,2,2.000000e+02
4225,0.562341,2,2.000000e+02
4250,0.562341,2,2.000000e+02
4275,0.562341,2,2.000000e+02
4300,0.562341,2,2.000000e+02
4325,0.562341,2,2.000000e+02
4350,0.562341,2,2.000000e+02
4375,0.562341,2,2.000000e+02
4400,0.562341,2,2.000000e+02
4425,0.562341,2,2.000000e+02
4450,0.562341,2,2.000000e+02
4475,0.562341,2,2.000000e+02
4500,0.562341,2,2.000000e+02
4525,0.562341,2,2.000000e+02
4550,0.562341,2,2.000000e+02
4575,0.562341,2,2.000000e+02
4600,0.562341,2,2.000000e+02
4625,0.562341,2,2.000000e+02
4650,0.562341,2,2.000000e+02
4675,0.562341,2,2.000000e+02
4700,0.562341,2,2.000000e+02
4725,0.562341,2,2.000000e+02
4750,0.562341,2,2.000000e+02
4775,0.562341,2,2.000000e+02
4800,0.562341,2,2.000000e+02
4825,0.562341,2,2.000000e+02
4850,0.562341,2,2.000000e+02
4875,0.562341,2,2.000000e+02
4900,0.562341,2,2.000000e+02
4925,0.562341,2,2.000000e+02
4950,0.562341,2,2.000000e+02
4975,0.562341,2,2.000000e+02
5000,0.562341,2,2.000000e+02
300,1,2,0.000000e+00
325,1,2,0.000000e+00
350,1,2,0.000000e+00
375,1,2,0.000000e+00
400,1,2,0.000000e+00
425,1,2,0.000000e+00
450,1,2,0.000000e+00
475,1,2,0.000000e+00
500,1,2,0.000000e+00
525,1,2,0.000000e+00
550,1,2,0.000000e+00
575,1,2,0.000000e+00
600,1,2,0.000000e+00
625,1,2,0.000000e+00
650,1,2,0.000000e+00
675,1,2,0.000000e+00
700,1,2,0.000000e+00
725,1,2,0.000000e+00
750,1,2,0.000000e+00
775,1,2,0.000000e+00
800,1,2,0.000000e+00
825,1,2,0.000000e+00
850,1,2,0.000000e+00
875,1,2,0.000000e+00
900,1,2,0.000000e+00
925,1,2,0.000000e+00
950,1,2,0.000000e+00
975,1,2,0.000000e+00
1000,1,2,0.000000e+00
1025,1,2,0.000000e+00
1050,1,2,0.000000e+00
1075,1,2,0.000000e+00
1100,1,2,0.000000e+00
1125,1,2,0.000000e+00
1150,1,2,0.000000e+00
1175,1,2,0.000000e+00
1200,1,2,0.000000e+00
1225,1,2,0.000000e+00
1250,1,2,0.000000e+00
1275,1,2,0.000000e+00
1300,1,2,0.000000e+00
1325,1,2,0.000000e+00
1350,1,2,0.000000e+00
1375,1,2,0.000000e+00
1400,1,2,0.000000e+00
1425,1,2,0.000000e+00
1450,1,2,0.000000e+00
1475,1,2,0.000000e+00
1500,1,2,0.000000e+00
1525,1,2,0.000000e+00
1550,1,2,0.000000e+00
1575,1,2,0.000000e+00
1600,1,2,0.000000e+00
1625,1,2,0.000000e+00
1650,1,2,0.000000e+00
1675,1,2,0.000000e+00
1700,1,2,0.000000e+00
1725,1,2,0.000000e+00
1750,1,2,0.000000e+00
1775,1,2,0.000000e+00
1800,1,2,0.000000e+00
1825,1,2,0.000000e+00
1850,1,2,0.000000e+00
1875,1,2,0.000000e+00
1900,1,2,0.000000e+00
1925,1,2,0.000000e+00
1950,1,2,0.000000e+00
1975,1,2,0.000000e+00
2000,1,2,0.000000e+00
2025,1,2,0.000000e+00
2050,1,2,0.000000e+00
2075,1,2,0.000000e+00
2100,1,2,0.000000e+00
2125,1,2,0.000000e+00
2150,1,2,0.000000e+00
2175,1,2,0.000000e+00
2200,1,2,0.000000e+00
2225,1,2,0.000000e+00
2250,1,2,0.000000e+00
2275,1,2,0.000000e+00
2300,1,2,0.000000e+00
2325,1,2,0.000000e+00
2350,1,2,0.000000e+00
2375,1,2,0.000000e+00
2400,1,2,0.000000e+00
2425,1,2,0.000000e+00
2450,1,2,0.000000e+00
2475,1,2,0.000000e+00
2500,1,2,0.000000e+00
2525,1,2,0.000000e+00
2550,1,2,0.000000e+00
2575,1,2,0.000000e+00
2600,1,2,0.000000e+00
2625,1,2,0.000000e+00
2650,1,2,0.000000e+00
2675,1,2,0.000000e+00
2700,1,2,7.329900e-03
2725,1,2,1.919490e-02
2750,1,2,3.164990e-02
2775,1,2,4.471220e-02
2800,1,2,5.839980e-02
2825,1,2,7.273210e-02
2850,1,2,8.773020e-02
2875,1,2,1.034170e-01
2900,1,2,1.198200e-01
2925,1,2,1.369690e-01
2950,1,2,1.548990e-01
2975,1,2,1.736530e-01
3000,1,2,1.932810e-01
3025,1,2,2.138430e-01
3050,1,2,2.354130e-01
3075,1,2,2.580800e-01
3100,1,2,2.819530e-01
3125,1,2,3.071640e-01
3150,1,2,3.338760e-01
3175,1,2,3.622840e-01
3200,1,2,3.926300e-01
3225,1,2,4.252050e-01
3250,1,2,4.603630e-01
3275,1,2,4.985370e-01
3300,1,2,5.402510e-01
3325,1,2,5.861390e-01
3350,1,2,6.369740e-01
3375,1,2,6.936920e-01
3400,1,2,7.574320e-01
3425,1,2,8.295830e-01
3450,1,2,9.118380e-01
3475,1,2,1.006270e+00
3500,1,2,1.115440e+00
3525,1,2,1.242510e+00
3550,1,2,1.391400e+00
3575,1,2,1.567080e+00
3600,1,2,1.775810e+00
3625,1,2,2.025660e+00
3650,1,2,2.327120e+00
3675,1,2,2.694070e+00
3700,1,2,3.145240e+00
3725,1,2,3.706510e+00
3750,1,2,4.414560e+00
3775,1,2,5.323120e+00
3800,1,2,6.514110e+00
3825,1,2,8.118540e+00
3850,1,2,1.035940e+01
3875,1,2,1.364830e+01
3900,1,2,1.883550e+01
3925,1,2,2.799560e+01
3950,1,2,4.782420e+01
3975,1,2,1.180880e+02
4000,1,2,2.000000e+02
4025,1,2,2.000000e+02
4050,1,2,2.000000e+02
4075,1,2,2.000000e+02
4100,1,2,2.000000e+02
4125,1,2,2.000000e+02
4150,1,2,2.000000e+02
4175,1,2,2.000000e+02
4200,1,2,2.000000e+02
4225,1,2,2.000000e+02
4250,1,2,2.000000e+02
4275,1,2,2.000000e+02
4300,1,2,2.000000e+02
4325,1,2,2.000000e+02
4350,1,2,2.000000e+02
4375,1,2,2.000000e+02
4400,1,2,2.000000e+02
4425,1,2,2.000000e+02
4450,1,2,2.000000e+02
4475,1,2,2.000000e+02
4500,1,2,2.000000e+02
4525,1,2,2.000000e+02
4550,1,2,2.000000e+02
4575,1,2,2.000000e+02
4600,1,2,2.000000e+02
4625,1,2,2.000000e+02
4650,1,2,2.000000e+02
4675,1,2,2.000000e+02
4700,1,2,2.000000e+02
4725,1,2,2.000000e+02
4750,1,2,2.000000e+02
4775,1,2,2.000000e+02
4800,1,2,2.000000e+02
4825,1,2,2.000000e+02
4850,1,2,2.000000e+02
4875,1,2,2.000000e+02
4900,1,2,2.000000e+02
4925,1,2,2.000000e+02
4950,1,2,2.000000e+02
4975,1,2,2.000000e+02
5000,1,2,2.000000e+02
300,1.77828,2,0.000000e+00
325,1.77828,2,0.000000e+00
350,1.77828,2,0.000000e+00
375,1.77828,2,0.000000e+00
400,1.77828,2,0.000000e+00
425,1.77828,2,0.000000e+00
450,1.77828,2,0.000000e+00
475,1.77828,2,0.000000e+00
500,1.77828,2,0.000000e+00
525,1.77828,2,0.000000e+00
550,1.77828,2,0.000000e+00
575,1.77828,2,0.000000e+00
600,1.77828,2,0.000000e+00
625,1.77828,2,0.000000e+00
650,1.77828,2,0.000000e+00
675,1.77828,2,0.000000e+00
700,1.77828,2,0.000000e+00
725,1.77828,2,0.000000e+00
750,1.77828,2,0.000000e+00
775,1.77828,2,0.000000e+00
800,1.77828,2,0.000000e+00
825,1.77828,2,0.000000e+00
850,1.77828,2,0.000000e+00
875,1.77828,2,0.000000e+00
900,1.77828,2,0.000000e+00
925,1.77828,2,0.000000e+00
950,1.77828,2,0.000000e+00
975,1.77828,2,0.000000e+00
1000,1.77828,2,0.000000e+00
1025,1.77828,2,0.000000e+00
1050,1.77828,2,0.000000e+00
1075,1.77828,2,0.000000e+00
1100,1.77828,2,0.000000e+00
1125,1.77828,2,0.000000e+00
1150,1.77828,2,0.000000e+00
1175,1.77828,2,0.000000e+00
1200,1.77828,2,0.000000e+00
1225,1.77828,2,0.000000e+00
1250,1.77828,2,0.000000e+00
1275,1.77828,2,0.000000e+00
1300,1.77828,2,0.000000e+00
1325,1.77828,2,0.000000e+00
1350,1.77828,2,0.000000e+00
1375,1.77828,2,0.000000e+00
1400,1.77828,2,0.000000e+00
1425,1.77828,2,0.000000e+00
1450,1.77828,2,0.000000e+00
1475,1.77828,2,0.000000e+00
1500,1.77828,2,0.000000e+00
1525,1.77828,2,0.000000e+00
1550,1.77828,2,0.000000e+00
1575,1.77828,2,0.000000e+00
1600,1.77828,2,0.000000e+00
1625,1.77828,2,0.000000e+00
1650,1.77828,2,0.000000e+00
1675,1.77828,2,0.000000e+00
1700,1.77828,2,0.000000e+00
1725,1.77828,2,0.000000e+00
1750,1.77828,2,0.000000e+00
1775,1.77828,2,0.000000e+00
1800,1.77828,2,0.000000e+00
1825,1.77828,2,0.000000e+00
1850,1.77828,2,0.000000e+00
1875,1.77828,2,0.000000e+00
1900,1.77828,2,0.000000e+00
1925,1.77828,2,0.000000e+00
1950,1.77828,2,0.000000e+00
1975,1.77828,2,0.000000e+00
2000,1.77828,2,0.000000e+00
2025,1.77828,2,0.000000e+00
2050,1.77828,2,0.000000e+00
2075,1.77828,2,0.000000e+00
2100,1.77828,2,0.000000e+00
2125,1.77828,2,0.000000e+00
2150,1.77828,2,0.000000e+00
2175,1.77828,2,0.000000e+00
2200,1.77828,2,0.000000e+00
2225,1.77828,2,0.000000e+00
2250,1.77828,2,0.000000e+00
2275,1.77828,2,0.000000e+00
2300,1.77828,2,0.000000e+00
2325,1.77828,2,0.000000e+00
2350,1.77828,2,0.000000e+00
2375,1.77828,2,0.000000e+00
2400,1.77828,2,0.000000e+00
2425,1.77828,2,0.000000e+00
2450,1.77828,2,0.000000e+00
2475,1.77828,2,0.000000e+00
2500,1.77828,2,0.000000e+00
2525,1.77828,2,0.000000e+00
2550,1.77828,2,0.000000e+00
2575,1.77828,2,0.000000e+00
2600,1.77828,2,0.000000e+00
2625,1.77828,2,0.000000e+00
2650,1.77828,2,0.000000e+00
2675,1.77828,2,0.000000e+00
2700,1.77828,2,8.220850e-03
2725,1.77828,2,2.020640e-02
2750,1.77828,2,3.279550e-02
2775,1.77828,2,4.600540e-02
2800,1.77828,2,5.985360e-02
2825,1.77828,2,7.435840e-02
2850,1.77828,2,8.953860e-02
2875,1.77828,2,1.054140e-01
2900,1.77828,2,1.220070e-01
2925,1.77828,2,1.393410e-01
2950,1.77828,2,1.574420e-01
2975,1.77828,2,1.763390e-01
3000,1.77828,2,1.960680e-01
3025,1.77828,2,2.166670e-01
3050,1.77828,2,2.381840e-01
3075,1.77828,2,2.606730e-01
3100,1.77828,2,2.841990e-01
3125,1.77828,2,3.088420e-01
3150,1.77828,2,3.346950e-01
3175,1.77828,2,3.618710e-01
3200,1.77828,2,3.905060e-01
3225,1.77828,2,4.207640e-01
3250,1.77828,2,4.528420e-01
3275,1.77828,2,4.869770e-01
3300,1.77828,2,5.234530e-01
3325,1.77828,2,5.626150e-01
3350,1.77828,2,6.048730e-01
3375,1.77828,2,6.507240e-01
3400,1.77828,2,7.007620e-01
3425,1.77828,2,7.557030e-01
3450,1.77828,2,8.164090e-01
3475,1.77828,2,8.839180e-01
3500,1.77828,2,9.594840e-01
3525,1.77828,2,1.044620e+00
3550,1.77828,2,1.141180e+00
3575,1.77828,2,1.251400e+00
3600,1.77828,2,1.378050e+00
3625,1.77828,2,1.524520e+00
3650,1.77828,2,1.695060e+00
3675,1.77828,2,1.894980e+00
3700,1.77828,2,2.131030e+00
3725,1.77828,2,2.411860e+00
3750,1.77828,2,2.748790e+00
3775,1.77828,2,3.156780e+00
3800,1.77828,2,3.656100e+00
3825,1.77828,2,4.274850e+00
3850,1.77828,2,5.052980e+00
3875,1.77828,2,6.049340e+00
3900,1.77828,2,7.354120e+00
3925,1.77828,2,9.112600e+00
3950,1.77828,2,1.157410e+01
3975,1.77828,2,1.520430e+01
4000,1.77828,2,2.097980e+01
4025,1.77828,2,3.134110e+01
4050,1.77828,2,5.450500e+01
4075,1.77828,2,1.452860e+02
4100,1.77828,2,2.000000e+02
4125,1.77828,2,2.000000e+02
4150,1.77828,2,2.000000e+02
4175,1.77828,2,2.000000e+02
4200,1.77828,2,2.000000e+02
4225,1.77828,2,2.000000e+02
4250,1.77828,2,2.000000e+02
4275,1.77828,2,2.000000e+02
4300,1.77828,2,2.000000e+02
4325,1.77828,2,2.000000e+02
4350,1.77828,2,2.000000e+02
4375,1.77828,2,2.000000e+02
4400,1.77828,2,2.000000e+02
4425,1.77828,2,2.000000e+02
4450,1.77828,2,2.000000e+02
4475,1.77828,2,2.000000e+02
4500,1.77828,2,2.000000e+02
4525,1.77828,2,2.000000e+02
4550,1.77828,2,2.000000e+02
4575,1.77828,2,2.000000e+02
4600,1.77828,2,2.000000e+02
4625,1.77828,2,2.000000e+02
4650,1.77828,2,2.000000e+02
4675,1.77828,2,2.000000e+02
4700,1.77828,2,2.000000e+02
4725,1.77828,2,2.000000e+02
4750,1.77828,2,2.000000e+02
4775,1.77828,2,2.000000e+02
4800,1.77828,2,2.000000e+02
4825,1.77828,2,2.000000e+02
4850,1.77828,2,2.000000e+02
4875,1.77828,2,2.000000e+02
4900,1.77828,2,2.000000e+02
4925,1.77828,2,2.000000e+02
4950,1.77828,2,2.000000e+02
4975,1.77828,2,2.000000e+02
5000,1.77828,2,2.000000e+02
300,3.16228,2,0.000000e+00
325,3.16228,2,0.000000e+00
350,3.16228,2,0.000000e+00
375,3.16228,2,0.000000e+00
400,3.16228,2,0.000000e+00
425,3.16228,2,0.000000e+00
450,3.16228,2,0.000000e+00
475,3.16228,2,0.000000e+00
500,3.16228,2,0.000000e+00
525,3.16228,2,0.000000e+00
550,3.16228,2,0.000000e+00
575,3.16228,2,0.000000e+00
600,3.16228,2,0.000000e+00
625,3.16228,2,0.000000e+00
650,3.16228,2,0.000000e+00
675,3.16228,2,0.000000e+00
700,3.16228,2,0.000000e+00
725,3.16228,2,0.000000e+00
750,3.16228,2,0.000000e+00
775,3.16228,2,0.000000e+00
800,3.16228,2,0.000000e+00
825,3.16228,2,0.000000e+00
850,3.16228,2,0.000000e+00
875,3.16228,2,0.000000e+00
900,3.16228,2,0.000000e+00
925,3.16228,2,0.000000e+00
950,3.16228,2,0.000000e+00
975,3.16228,2,0.000000e+00
1000,3.16228,2,0.000000e+00
1025,3.16228,2,0.000000e+00
1050,3.16228,2,0.000000e+00
1075,3.16228,2,0.000000e+00
1100,3.16228,2,0.000000e+00
1125,3.16228,2,0.000000e+00
1150,3.16228,2,0.000000e+00
1175,3.16228,2,0.000000e+00
1200,3.16228,2,0.000000e+00
1225,3.16228,2,0.000000e+00
1250,3.16228,2,0.000000e+00
1275,3.16228,2,0.000000e+00
1300,3.16228,2,0.000000e+00
1325,3.16228,2,0.000000e+00
1350,3.16228,2,0.000000e+00
1375,3.16228,2,0.000000e+00
1400,3.16228,2,0.000000e+00
1425,3.16228,2,0.000000e+00
1450,3.16228,2,0.000000e+00
1475,3.16228,2,0.000000e+00
1500,3.16228,2,0.000000e+00
1525,3.16228,2,0.000000e+00
1550,3.16228,2,0.000000e+00
1575,3.16228,2,0.000000e+00
1600,3.16228,2,0.000000e+00
1625,3.16228,2,0.000000e+00
1650,3.16228,2,0.000000e+00
1675,3.16228,2,0.000000e+00
1700,3.16228,2,0.000000e+00
1725,3.16228,2,0.000000e+00
1750,3.16228,2,0.000000e+00
1775,3.16228,2,0.000000e+00
1800,3.16228,2,0.000000e+00
1825,3.16228,2,0.000000e+00
1850,3.16228,2,0.000000e+00
1875,3.16228,2,0.000000e+00
1900,3.16228,2,0.000000e+00
1925,3.16228,2,0.000000e+00
1950,3.16228,2,0.000000e+00
1975,3.16228,2,0.000000e+00
2000,3.16228,2,0.000000e+00
2025,3.16228,2,0.000000e+00
2050,3.16228,2,0.000000e+00
2075,3.16228,2,0.000000e+00
2100,3.16228,2,0.000000e+00
2125,3.16228,2,0.000000e+00
2150,3.16228,2,0.000000e+00
2175,3.16228,2,0.000000e+00
2200,3.16228,2,0.000000e+00
2225,3.16228,2,0.000000e+00
2250,3.16228,2,0.000000e+00
2275,3.16228,2,0.000000e+00
2300,3.16228,2,0.000000e+00
2325,3.16228,2,0.000000e+00
2350,3.16228,2,0.000000e+00
2375,3.16228,2,0.000000e+00
2400,3.16228,2,0.000000e+00
2425,3.16228,2,0.000000e+00
2450,3.16228,2,0.000000e+00
2475,3.16228,2,0.000000e+00
2500,3.16228,2,0.000000e+00
2525,3.16228,2,0.000000e+00
2550,3.16228,2,0.000000e+00
2575,3.16228,2,0.000000e+00
2600,3.16228,2,0.000000e+00
2625,3.16228,2,0.000000e+00
2650,3.16228,2,0.000000e+00
2675,3.16228,2,0.000000e+00
2700,3.16228,2,8.980170e-03
2725,3.16228,2,2.105530e-02
2750,3.16228,2,3.374540e-02
2775,3.16228,2,4.706830e-02
2800,3.16228,2,6.104160e-02
2825,3.16228,2,7.568310e-02
2850,3.16228,2,9.101120e-02
2875,3.16228,2,1.070450e-01
2900,3.16228,2,1.238030e-01
2925,3.16228,2,1.413060e-01
2950,3.16228,2,1.595760e-01
2975,3.16228,2,1.786360e-01
3000,3.16228,2,1.985130e-01
3025,3.16228,2,2.192340e-01
3050,3.16228,2,2.408330e-01
3075,3.16228,2,2.633460e-01
3100,3.16228,2,2.868150e-01
3125,3.16228,2,3.112900e-01
3150,3.16228,2,3.368280e-01
3175,3.16228,2,3.634990e-01
3200,3.16228,2,3.913820e-01
3225,3.16228,2,4.205720e-01
3250,3.16228,2,4.511830e-01
3275,3.16228,2,4.833490e-01
3300,3.16228,2,5.172310e-01
3325,3.16228,2,5.530200e-01
3350,3.16228,2,5.909410e-01
3375,3.16228,2,6.312660e-01
3400,3.16228,2,6.743160e-01
3425,3.16228,2,7.204740e-01
3450,3.16228,2,7.701970e-01
3475,3.16228,2,8.240250e-01
3500,3.16228,2,8.826080e-01
3525,3.16228,2,9.467170e-01
3550,3.16228,2,1.017270e+00
3575,3.16228,2,1.095380e+00
3600,3.16228,2,1.182370e+00
3625,3.16228,2,1.279840e+00
3650,3.16228,2,1.389710e+00
3675,3.16228,2,1.514340e+00
3700,3.16228,2,1.656590e+00
3725,3.16228,2,1.819990e+00
3750,3.16228,2,2.008920e+00
3775,3.16228,2,2.228880e+00
3800,3.16228,2,2.486820e+00
3825,3.16228,2,2.791660e+00
3850,3.16228,2,3.155000e+00
3875,3.16228,2,3.592260e+00
3900,3.16228,2,4.124210e+00
3925,3.16228,2,4.779640e+00
3950,3.16228,2,5.599450e+00
3975,3.16228,2,6.643770e+00
4000,3.16228,2,8.004530e+00
4025,3.16228,2,9.829350e+00
4050,3.16228,2,1.237070e+01
4075,3.16228,2,1.609710e+01
4100,3.16228,2,2.198330e+01
4125,3.16228,2,3.243070e+01
4150,3.16228,2,5.531030e+01
4175,3.16228,2,1.391660e+02
4200,3.16228,2,2.000000e+02
4225,3.16228,2,2.000000e+02
4250,3.16228,2,2.000000e+02
4275,3.16228,2,2.000000e+02
4300,3.16228,2,2.000000e+02
4325,3.16228,2,2.000000e+02
4350,3.16228,2,2.000000e+02
4375,3.16228,2,2.000000e+02
4400,3.16228,2,2.000000e+02
4425,3.16228,2,2.000000e+02
4450,3.16228,2,2.000000e+02
4475,3.16228,2,2.000000e+02
4500,3.16228,2,2.000000e+02
4525,3.16228,2,2.000000e+02
4550,3.16228,2,2.000000e+02
4575,3.16228,2,2.000000e+02
4600,3.16228,2,2.000000e+02
4625,3.16228,2,2.000000e+02
4650,3.16228,2,2.000000e+02
4675,3.16228,2,2.000000e+02
4700,3.16228,2,2.000000e+02
4725,3.16228,2,2.000000e+02
4750,3.16228,2,2.000000e+02
4775,3.16228,2,2.000000e+02
4800,3.16228,2,2.000000e+02
4825,3.16228,2,2.000000e+02
4850,3.16228,2,2.000000e+02
4875,3.16228,2,2.000000e+02
4900,3.16228,2,2.000000e+02
4925,3.16228,2,2.000000e+02
4950,3.16228,2,2.000000e+02
4975,3.16228,2,2.000000e+02
5000,3.16228,2,2.000000e+02
300,5.62341,2,0.000000e+00
325,5.62341,2,0.000000e+00
350,5.62341,2,0.000000e+00
375,5.62341,2,0.000000e+00
400,5.62341,2,0.000000e+00
425,5.62341,2,0.000000e+00
450,5.62341,2,0.000000e+00
475,5.62341,2,0.000000e+00
500,5.62341,2,0.000000e+00
525,5.62341,2,0.000000e+00
550,5.62341,2,0.000000e+00
575,5.62341,2,0.000000e+00
600,5.62341,2,0.000000e+00
625,5.62341,2,0.000000e+00
650,5.62341,2,0.000000e+00
675,5.62341,2,0.000000e+00
700,5.62341,2,0.000000e+00
725,5.62341,2,0.000000e+00
750,5.62341,2,0.000000e+00
775,5.62341,2,0.000000e+00
800,5.62341,2,0.000000e+00
825,5.62341,2,0.000000e+00
850,5.62341,2,0.000000e+00
875,5.62341,2,0.000000e+00
900,5.62341,2,0.000000e+00
925,5.62341,2,0.000000e+00
950,5.62341,2,0.000000e+00
975,5.62341,2,0.000000e+00
1000,5.62341,2,0.000000e+00
1025,5.62341,2,0.000000e+00
1050,5.62341,2,0.000000e+00
1075,5.62341,2,0.000000e+00
1100,5.62341,2,0.000000e+00
1125,5.62341,2,0.000000e+00
1150,5.62341,2,0.000000e+00
1175,5.62341,2,0.000000e+00
1200,5.62341,2,0.000000e+00
1225,5.62341,2,0.000000e+00
1250,5.62341,2,0.000000e+00
1275,5.62341,2,0.000000e+00
1300,5.62341,2,0.000000e+00
1325,5.62341,2,0.000000e+00
1350,5.62341,2,0.000000e+00
1375,5.62341,2,0.000000e+00
1400,5.62341,2,0.000000e+00
1425,5.62341,2,0.000000e+00
1450,5.62341,2,0.000000e+00
1475,5.62341,2,0.000000e+00
1500,5.62341,2,0.000000e+00
1525,5.62341,2,0.000000e+00
1550,5.62341,2,0.000000e+00
1575,5.62341,2,0.000000e+00
1600,5.62341,2,0.000000e+00
1625,5.62341,2,0.000000e+00
1650,5.62341,2,0.000000e+00
1675,5.62341,2,0.000000e+00
1700,5.62341,2,0.000000e+00
1725,5.62341,2,0.000000e+00
1750,5.62341,2,0.000000e+00
1775,5.62341,2,0.000000e+00
1800,5.62341,2,0.000000e+00
1825,5.62341,2,0.000000e+00
1850,5.62341,2,0.000000e+00
1875,5.62341,2,0.000000e+00
1900,5.62341,2,0.000000e+00
1925,5.62341,2,0.000000e+00
1950,5.62341,2,0.000000e+00
1975,5.62341,2,0.000000e+00
2000,5.62341,2,0.000000e+00
2025,5.62341,2,0.000000e+00
2050,5.62341,2,0.000000e+00
2075,5.62341,2,0.000000e+00
2100,5.62341,2,0.000000e+00
2125,5.62341,2,0.000000e+00
2150,5.62341,2,0.000000e+00
2175,5.62341,2,0.000000e+00
2200,5.62341,2,0.000000e+00
2225,5.62341,2,0.000000e+00
2250,5.62341,2,0.000000e+00
2275,5.62341,2,0.000000e+00
2300,5.62341,2,0.000000e+00
2325,5.62341,2,0.000000e+00
2350,5.62341,2,0.000000e+00
2375,5.62341,2,0.000000e+00
2400,5.62341,2,0.000000e+00
2425,5.62341,2,0.000000e+00
2450,5.62341,2,0.000000e+00
2475,5.62341,2,0.000000e+00
2500,5.62341,2,0.000000e+00
2525,5.62341,2,0.000000e+00
2550,5.62341,2,0.000000e+00
2575,5.62341,2,0.000000e+00
2600,5.62341,2,0.000000e+00
2625,5.62341,2,0.000000e+00
2650,5.62341,2,0.000000e+00
2675,5.62341,2,0.000000e+00
2700,5.62341,2,9.701310e-03
2725,5.62341,2,2.183780e-02
2750,5.62341,2,3.459900e-02
2775,5.62341,2,4.800300e-02
2800,5.62341,2,6.206780e-02
2825,5.62341,2,7.681160e-02
2850,5.62341,2,9.225240e-02
2875,5.62341,2,1.084090e-01
2900,5.62341,2,1.252990e-01
2925,5.62341,2,1.429420e-01
2950,5.62341,2,1.613580e-01
2975,5.62341,2,1.805660e-01
3000,5.62341,2,2.005890e-01
3025,5.62341,2,2.214500e-01
3050,5.62341,2,2.431720e-01
3075,5.62341,2,2.657840e-01
3100,5.62341,2,2.893150e-01
3125,5.62341,2,3.137990e-01
3150,5.62341,2,3.392750e-01
3175,5.62341,2,3.657850e-01
3200,5.62341,2,3.933810e-01
3225,5.62341,2,4.221210e-01
3250,5.62341,2,4.520730e-01
3275,5.62341,2,4.833150e-01
3300,5.62341,2,5.159420e-01
3325,5.62341,2,5.500630e-01
3350,5.62341,2,5.858070e-01
3375,5.62341,2,6.233250e-01
3400,5.62341,2,6.627960e-01
3425,5.62341,2,7.044320e-01
3450,5.62341,2,7.484810e-01
3475,5.62341,2,7.952360e-01
3500,5.62341,2,8.450430e-01
3525,5.62341,2,8.983120e-01
3550,5.62341,2,9.555250e-01
3575,5.62341,2,1.017250e+00
3600,5.62341,2,1.084170e+00
3625,5.62341,2,1.157080e+00
3650,5.62341,2,1.236930e+00
3675,5.62341,2,1.324850e+00
3700,5.62341,2,1.422200e+00
3725,5.62341,2,1.530590e+00
3750,5.62341,2,1.651980e+00
3775,5.62341,2,1.788730e+00
3800,5.62341,2,1.943710e+00
3825,5.62341,2,2.120450e+00
3850,5.62341,2,2.323300e+00
3875,5.62341,2,2.557720e+00
3900,5.62341,2,2.830570e+00
3925,5.62341,2,3.150630e+00
3950,5.62341,2,3.529290e+00
3975,5.62341,2,3.981590e+00
4000,5.62341,2,4.527700e+00
4025,5.62341,2,5.195430e+00
4050,5.62341,2,6.024010e+00
4075,5.62341,2,7.070600e+00
4100,5.62341,2,8.421730e+00
4125,5.62341,2,1.021460e+01
4150,5.62341,2,1.267990e+01
4175,5.62341,2,1.623640e+01
4200,5.62341,2,2.172740e+01
4225,5.62341,2,3.113060e+01
4250,5.62341,2,5.037340e+01
4275,5.62341,2,1.085330e+02
4300,5.62341,2,2.000000e+02
4325,5.62341,2,2.000000e+02
4350,5.62341,2,2.000000e+02
4375,5.62341,2,2.000000e+02
4400,5.62341,2,2.000000e+02
4425,5.62341,2,2.000000e+02
4450,5.62341,2,2.000000e+02
4475,5.62341,2,2.000000e+02
4500,5.62341,2,2.000000e+02
4525,5.62341,2,2.000000e+02
4550,5.62341,2,2.000000e+02
4575,5.62341,2,2.000000e+02
4600,5.62341,2,2.000000e+02
4625,5.62341,2,2.000000e+02
4650,5.62341,2,2.000000e+02
4675,5.62341,2,2.000000e+02
4700,5.62341,2,2.000000e+02
4725,5.62341,2,2.000000e+02
4750,5.62341,2,2.000000e+02
4775,5.62341,2,2.000000e+02
4800,5.62341,2,2.000000e+02
4825,5.62341,2,2.000000e+02
4850,5.62341,2,2.000000e+02
4875,5.62341,2,2.000000e+02
4900,5.62341,2,2.000000e+02
4925,5.62341,2,2.000000e+02
4950,5.62341,2,2.000000e+02
4975,5.62341,2,2.000000e+02
5000,5.62341,2,2.000000e+02
300,10,2,0.000000e+00
325,10,2,0.000000e+00
350,10,2,0.000000e+00
375,10,2,0.000000e+00
400,10,2,0.000000e+00
425,10,2,0.000000e+00
450,10,2,0.000000e+00
475,10,2,0.000000e+00
500,10,2,0.000000e+00
525,10,2,0.000000e+00
550,10,2,0.000000e+00
575,10,2,0.000000e+00
600,10,2,0.000000e+00
625,10,2,0.000000e+00
650,10,2,0.000000e+00
675,10,2,0.000000e+00
700,10,2,0.000000e+00
725,10,2,0.000000e+00
750,10,2,0.000000e+00
775,10,2,0.000000e+00
800,10,2,0.000000e+00
825,10,2,0.000000e+00
850,10,2,0.000000e+00
875,10,2,0.000000e+00
900,10,2,0.000000e+00
925,10,2,0.000000e+00
950,10,2,0.000000e+00
975,10,2,0.000000e+00
1000,10,2,0.000000e+00
1025,10,2,0.000000e+00
1050,10,2,0.000000e+00
1075,10,2,0.000000e+00
1100,10,2,0.000000e+00
1125,10,2,0.000000e+00
1150,10,2,0.000000e+00
1175,10,2,0.000000e+00
1200,10,2,0.000000e+00
1225,10,2,0.000000e+00
1250,10,2,0.000000e+00
1275,10,2,0.000000e+00
1300,10,2,0.000000e+00
1325,10,2,0.000000e+00
1350,10,2,0.000000e+00
1375,10,2,0.000000e+00
1400,10,2,0.000000e+00
1425,10,2,0.000000e+00
1450,10,2,0.000000e+00
1475,10,2,0.000000e+00
1500,10,2,0.000000e+00
1525,10,2,0.000000e+00
1550,10,2,0.000000e+00
1575,10,2,0.000000e+00
1600,10,2,0.000000e+00
1625,10,2,0.000000e+00
1650,10,2,0.000000e+00
1675,10,2,0.000000e+00
1700,10,2,0.000000e+00
1725,10,2,0.000000e+00
1750,10,2,0.000000e+00
1775,10,2,0.000000e+00
1800,10,2,0.000000e+00
1825,10,2,0.000000e+00
1850,10,2,0.000000e+00
1875,10,2,0.000000e+00
1900,10,2,0.000000e+00
1925,10,2,0.000000e+00
1950,10,2,0.000000e+00
1975,10,2,0.000000e+00
2000,10,2,0.000000e+00
2025,10,2,0.000000e+00
2050,10,2,0.000000e+00
2075,10,2,0.000000e+00
2100,10,2,0.000000e+00
2125,10,2,0.000000e+00
2150,10,2,0.000000e+00
2175,10,2,0.000000e+00
2200,10,2,0.000000e+00
2225,10,2,0.000000e+00
2250,10,2,0.000000e+00
2275,10,2,0.000000e+00
2300,10,2,0.000000e+00
2325,10,2,0.000000e+00
2350,10,2,0.000000e+00
2375,10,2,0.000000e+00
2400,10,2,0.000000e+00
2425,10,2,0.000000e+00
2450,10,2,0.000000e+00
2475,10,2,0.000000e+00
2500,10,2,0.000000e+00
2525,10,2,0.000000e+00
2550,10,2,0.000000e+00
2575,10,2,0.000000e+00
2600,10,2,0.000000e+00
2625,10,2,0.000000e+00
2650,10,2,0.000000e+00
2675,10,2,0.000000e+00
2700,10,2,1.050630e-02
2725,10,2,2.267650e-02
2750,10,2,3.547940e-02
2775,10,2,4.893370e-02
2800,10,2,6.305770e-02
2825,10,2,7.786990e-02
2850,10,2,9.338860e-02
2875,10,2,1.096320e-01
2900,10,2,1.266190e-01
2925,10,2,1.443670e-01
2950,10,2,1.628950e-01
2975,10,2,1.822230e-01
3000,10,2,2.023680e-01
3025,10,2,2.233530e-01
3050,10,2,2.451960e-01
3075,10,2,2.679200e-01
3100,10,2,2.915490e-01
3125,10,2,3.161080e-01
3150,10,2,3.416240e-01
3175,10,2,3.681270e-01
3200,10,2,3.956520e-01
3225,10,2,4.242360e-01
3250,10,2,4.539230e-01
3275,10,2,4.847610e-01
3300,10,2,5.168080e-01
3325,10,2,5.501280e-01
3350,10,2,5.847970e-01
3375,10,2,6.209030e-01
3400,10,2,6.585480e-01
3425,10,2,6.978510e-01
3450,10,2,7.389520e-01
3475,10,2,7.820120e-01
3500,10,2,8.272220e-01
3525,10,2,8.748040e-01
3550,10,2,9.250190e-01
3575,10,2,9.781710e-01
3600,10,2,1.034620e+00
3625,10,2,1.094780e+00
3650,10,2,1.159140e+00
3675,10,2,1.228290e+00
3700,10,2,1.302890e+00
3725,10,2,1.383760e+00
3750,10,2,1.471830e+00
3775,10,2,1.568230e+00
3800,10,2,1.674290e+00
3825,10,2,1.791590e+00
3850,10,2,1.922040e+00
3875,10,2,2.067930e+00
3900,10,2,2.232030e+00
3925,10,2,2.417750e+00
3950,10,2,2.629250e+00
3975,10,2,2.871720e+00
4000,10,2,3.151660e+00
4025,10,2,3.477340e+00
4050,10,2,3.859410e+00
4075,10,2,4.311820e+00
4100,10,2,4.853120e+00
4125,10,2,5.508630e+00
4150,10,2,6.313600e+00
4175,10,2,7.318740e+00
4200,10,2,8.599410e+00
4225,10,2,1.027260e+01
4250,10,2,1.252950e+01
4275,10,2,1.570510e+01
4300,10,2,2.044050e+01
4325,10,2,2.813020e+01
4350,10,2,4.245770e+01
4375,10,2,7.717460e+01
4400,10,2,2.000000e+02
4425,10,2,2.000000e+02
4450,10,2,2.000000e+02
4475,10,2,2.000000e+02
4500,10,2,2.000000e+02
4525,10,2,2.000000e+02
4550,10,2,2.000000e+02
4575,10,2,2.000000e+02
4600,10,2,2.000000e+02
4625,10,2,2.000000e+02
4650,10,2,2.000000e+02
4675,10,2,2.000000e+02
4700,10,2,2.000000e+02
4725,10,2,2.000000e+02
4750,10,2,2.000000e+02
4775,10,2,2.000000e+02
4800,10,2,2.000000e+02
4825,10,2,2.000000e+02
4850,10,2,2.000000e+02
4875,10,2,2.000000e+02
4900,10,2,2.000000e+02
4925,10,2,2.000000e+02
4950,10,2,2.000000e+02
4975,10,2,2.000000e+02
5000,10,2,2.000000e+02
300,17.7828,2,0.000000e+00
325,17.7828,2,0.000000e+00
350,17.7828,2,0.000000e+00
375,17.7828,2,0.000000e+00
400,17.7828,2,0.000000e+00
425,17.7828,2,0.000000e+00
450,17.7828,2,0.000000e+00
475,17.7828,2,0.000000e+00
500,17.7828,2,0.000000e+00
525,17.7828,2,0.000000e+00
550,17.7828,2,0.000000e+00
575,17.7828,2,0.000000e+00
600,17.7828,2,0.000000e+00
625,17.7828,2,0.000000e+00
650,17.7828,2,0.000000e+00
675,17.7828,2,0.000000e+00
700,17.7828,2,0.000000e+00
725,17.7828,2,0.000000e+00
750,17.7828,2,0.000000e+00
775,17.7828,2,0.000000e+00
800,17.7828,2,0.000000e+00
825,17.7828,2,0.000000e+00
850,17.7828,2,0.000000e+00
875,17.7828,2,0.000000e+00
900,17.7828,2,0.000000e+00
925,17.7828,2,0.000000e+00
950,17.7828,2,0.000000e+00
975,17.7828,2,0.000000e+00
1000,17.7828,2,0.000000e+00
1025,17.7828,2,0.000000e+00
1050,17.7828,2,0.000000e+00
1075,17.7828,2,0.000000e+00
1100,17.7828,2,0.000000e+00
1125,17.7828,2,0.000000e+00
1150,17.7828,2,0.000000e+00
1175,17.7828,2,0.000000e+00
1200,17.7828,2,0.000000e+00
1225,17.7828,2,0.000000e+00
1250,17.7828,2,0.000000e+00
1275,17.7828,2,0.000000e+00
1300,17.7828,2,0.000000e+00
1325,17.7828,2,0.000000e+00
1350,17.7828,2,0.000000e+00
1375,17.7828,2,0.000000e+00
1400,17.7828,2,0.000000e+00
1425,17.7828,2,0.000000e+00
1450,17.7828,2,0.000000e+00
1475,17.7828,2,0.000000e+00
1500,17.7828,2,0.000000e+00
1525,17.7828,2,0.000000e+00
1550,17.7828,2,0.000000e+00
1575,17.7828,2,0.000000e+00
1600,17.7828,2,0.000000e+00
1625,17.7828,2,0.000000e+00
1650,17.7828,2,0.000000e+00
1675,17.7828,2,0.000000e+00
1700,17.7828,2,0.000000e+00
1725,17.7828,2,0.000000e+00
1750,17.7828,2,0.000000e+00
1775,17.7828,2,0.000000e+00
1800,17.7828,2,0.000000e+00
1825,17.7828,2,0.000000e+00
1850,17.7828,2,0.000000e+00
1875,17.7828,2,0.000000e+00
1900,17.7828,2,0.000000e+00
1925,17.7828,2,0.000000e+00
1950,17.7828,2,0.000000e+00
1975,17.7828,2,0.000000e+00
2000,17.7828,2,0.000000e+00
2025,17.7828,2,0.000000e+00
2050,17.7828,2,0.000000e+00
2075,17.7828,2,0.000000e+00
2100,17.7828,2,0.000000e+00
2125,17.7828,2,0.000000e+00
2150,17.7828,2,0.000000e+00
2175,17.7828,2,0.000000e+00
2200,17.7828,2,0.000000e+00
2225,17.7828,2,0.000000e+00
2250,17.7828,2,0.000000e+00
2275,17.7828,2,0.000000e+00
2300,17.7828,2,0.000000e+00
2325,17.7828,2,0.000000e+00
2350,17.7828,2,0.000000e+00
2375,17.7828,2,0.000000e+00
2400,17.7828,2,0.000000e+00
2425,17.7828,2,0.000000e+00
2450,17.7828,2,0.000000e+00
2475,17.7828,2,0.000000e+00
2500,17.7828,2,0.000000e+00
2525,17.7828,2,0.000000e+00
2550,17.7828,2,0.000000e+00
2575,17.7828,2,0.000000e+00
2600,17.7828,2,0.000000e+00
2625,17.7828,2,0.000000e+00
2650,17.7828,2,0.000000e+00
2675,17.7828,2,2.488020e-05
2700,17.7828,2,1.157620e-02
2725,17.7828,2,2.374850e-02
2750,17.7828,2,3.656070e-02
2775,17.7828,2,5.003180e-02
2800,17.7828,2,6.418040e-02
2825,17.7828,2,7.902540e-02
2850,17.7828,2,9.458520e-02
2875,17.7828,2,1.108780e-01
2900,17.7828,2,1.279230e-01
2925,17.7828,2,1.457380e-01
2950,17.7828,2,1.643410e-01
2975,17.7828,2,1.837500e-01
3000,17.7828,2,2.039840e-01
3025,17.7828,2,2.250610e-01
3050,17.7828,2,2.469990e-01
3075,17.7828,2,2.698190e-01
3100,17.7828,2,2.935400e-01
3125,17.7828,2,3.181820e-01
3150,17.7828,2,3.437660e-01
3175,17.7828,2,3.703170e-01
3200,17.7828,2,3.978570e-01
3225,17.7828,2,4.264150e-01
3250,17.7828,2,4.560190e-01
3275,17.7828,2,4.867020e-01
3300,17.7828,2,5.184990e-01
3325,17.7828,2,5.514510e-01
3350,17.7828,2,5.856050e-01
3375,17.7828,2,6.210120e-01
3400,17.7828,2,6.577340e-01
3425,17.7828,2,6.958380e-01
3450,17.7828,2,7.354030e-01
3475,17.7828,2,7.765230e-01
3500,17.7828,2,8.193040e-01
3525,17.7828,2,8.638670e-01
3550,17.7828,2,9.103570e-01
3575,17.7828,2,9.589390e-01
3600,17.7828,2,1.009810e+00
3625,17.7828,2,1.063180e+00
3650,17.7828,2,1.119330e+00
3675,17.7828,2,1.178560e+00
3700,17.7828,2,1.241210e+00
3725,17.7828,2,1.307700e+00
3750,17.7828,2,1.378520e+00
3775,17.7828,2,1.454220e+00
3800,17.7828,2,1.535470e+00
3825,17.7828,2,1.623040e+00
3850,17.7828,2,1.717840e+00
3875,17.7828,2,1.820940e+00
3900,17.7828,2,1.933610e+00
3925,17.7828,2,2.057350e+00
3950,17.7828,2,2.193960e+00
3975,17.7828,2,2.345580e+00
4000,17.7828,2,2.514810e+00
4025,17.7828,2,2.704800e+00
4050,17.7828,2,2.919390e+00
4075,17.7828,2,3.163330e+00
4100,17.7828,2,3.442530e+00
4125,17.7828,2,3.764440e+00
4150,17.7828,2,4.138580e+00
4175,17.7828,2,4.577250e+00
4200,17.7828,2,5.096660e+00
4225,17.7828,2,5.718580e+00
4250,17.7828,2,6.472890e+00
4275,17.7828,2,7.401660e+00
4300,17.7828,2,8.566050e+00
4325,17.7828,2,1.005830e+01
4350,17.7828,2,1.202400e+01
4375,17.7828,2,1.470650e+01
4400,17.7828,2,1.854410e+01
4425,17.7828,2,2.440990e+01
4450,17.7828,2,3.431520e+01
4475,17.7828,2,5.410280e+01
4500,17.7828,2,1.103750e+02
4525,17.7828,2,2.000000e+02
4550,17.7828,2,2.000000e+02
4575,17.7828,2,2.000000e+02
4600,17.7828,2,2.000000e+02
4625,17.7828,2,2.000000e+02
4650,17.7828,2,2.000000e+02
4675,17.7828,2,2.000000e+02
4700,17.7828,2,2.000000e+02
4725,17.7828,2,2.000000e+02
4750,17.7828,2,2.000000e+02
4775,17.7828,2,2.000000e+02
4800,17.7828,2,2.000000e+02
4825,17.7828,2,2.000000e+02
4850,17.7828,2,2.000000e+02
4875,17.7828,2,2.000000e+02
4900,17.7828,2,2.000000e+02
4925,17.7828,2,2.000000e+02
4950,17.7828,2,2.000000e+02
4975,17.7828,2,2.000000e+02
5000,17.7828,2,2.000000e+02
300,31.6228,2,0.000000e+00
325,31.6228,2,0.000000e+00
350,31.6228,2,0.000000e+00
375,31.6228,2,0.000000e+00
400,31.6228,2,0.000000e+00
425,31.6228,2,0.000000e+00
450,31.6228,2,0.000000e+00
475,31.6228,2,0.000000e+00
500,31.6228,2,0.000000e+00
525,31.6228,2,0.000000e+00
550,31.6228,2,0.000000e+00
575,31.6228,2,0.000000e+00
600,31.6228,2,0.000000e+00
625,31.6228,2,0.000000e+00
650,31.6228,2,0.000000e+00
675,31.6228,2,0.000000e+00
700,31.6228,2,0.000000e+00
725,31.6228,2,0.000000e+00
750,31.6228,2,0.000000e+00
775,31.6228,2,0.000000e+00
800,31.6228,2,0.000000e+00
825,31.6228,2,0.000000e+00
850,31.6228,2,0.000000e+00
875,31.6228,2,0.000000e+00
900,31.6228,2,0.000000e+00
925,31.6228,2,0.000000e+00
950,31.6228,2,0.000000e+00
975,31.6228,2,0.000000e+00
1000,31.6228,2,0.000000e+00
1025,31.6228,2,0.000000e+00
1050,31.6228,2,0.000000e+00
1075,31.6228,2,0.000000e+00
1100,31.6228,2,0.000000e+00
1125,31.6228,2,0.000000e+00
1150,31.6228,2,0.000000e+00
1175,31.6228,2,0.000000e+00
1200,31.6228,2,0.000000e+00
1225,31.6228,2,0.000000e+00
1250,31.6228,2,0.000000e+00
1275,31.6228,2,0.000000e+00
1300,31.6228,2,0.000000e+00
1325,31.6228,2,0.000000e+00
1350,31.6228,2,0.000000e+00
1375,31.6228,2,0.000000e+00
1400,31.6228,2,0.000000e+00
1425,31.6228,2,0.000000e+00
1450,31.6228,2,0.000000e+00
1475,31.6228,2,0.000000e+00
1500,31.6228,2,0.000000e+00
1525,31.6228,2,0.000000e+00
1550,31.6228,2,0.000000e+00
1575,31.6228,2,0.000000e+00
1600,31.6228,2,0.000000e+00
1625,31.6228,2,0.000000e+00
1650,31.6228,2,0.000000e+00
1675,31.6228,2,0.000000e+00
1700,31.6228,2,0.000000e+00
1725,31.6228,2,0.000000e+00
1750,31.6228,2,0.000000e+00
1775,31.6228,2,0.000000e+00
1800,31.6228,2,0.000000e+00
1825,31.6228,2,0.000000e+00
1850,31.6228,2,0.000000e+00
1875,31.6228,2,0.000000e+00
1900,31.6228,2,0.000000e+00
1925,31.6228,2,0.000000e+00
1950,31.6228,2,0.000000e+00
1975,31.6228,2,0.000000e+00
2000,31.6228,2,0.000000e+00
2025,31.6228,2,0.000000e+00
2050,31.6228,2,0.000000e+00
2075,31.6228,2,0.000000e+00
2100,31.6228,2,0.000000e+00
2125,31.6228,2,0.000000e+00
2150,31.6228,2,0.000000e+00
2175,31.6228,2,0.000000e+00
2200,31.6228,2,0.000000e+00
2225,31.6228,2,0.000000e+00
2250,31.6228,2,0.000000e+00
2275,31.6228,2,0.000000e+00
2300,31.6228,2,0.000000e+00
2325,31.6228,2,0.000000e+00
2350,31.6228,2,0.000000e+00
2375,31.6228,2,0.000000e+00
2400,31.6228,2,0.000000e+00
2425,31.6228,2,0.000000e+00
2450,31.6228,2,0.000000e+00
2475,31.6228,2,0.000000e+00
2500,31.6228,2,0.000000e+00
2525,31.6228,2,0.000000e+00
2550,31.6228,2,0.000000e+00
2575,31.6228,2,0.000000e+00
2600,31.6228,2,0.000000e+00
2625,31.6228,2,0.000000e+00
2650,31.6228,2,0.000000e+00
2675,31.6228,2,1.697020e-03
2700,31.6228,2,1.320190e-02
2725,31.6228,2,2.533450e-02
2750,31.6228,2,3.811410e-02
2775,31.6228,2,5.155970e-02
2800,31.6228,2,6.569040e-02
2825,31.6228,2,8.052510e-02
2850,31.6228,2,9.608250e-02
2875,31.6228,2,1.123810e-01
2900,31.6228,2,1.294390e-01
2925,31.6228,2,1.472760e-01
2950,31.6228,2,1.659080e-01
2975,31.6228,2,1.853550e-01
3000,31.6228,2,2.056330e-01
3025,31.6228,2,2.267600e-01
3050,31.6228,2,2.487550e-01
3075,31.6228,2,2.716340e-01
3100,31.6228,2,2.954160e-01
3125,31.6228,2,3.201190e-01
3150,31.6228,2,3.457600e-01
3175,31.6228,2,3.723580e-01
3200,31.6228,2,3.999340e-01
3225,31.6228,2,4.285060e-01
3250,31.6228,2,4.580970e-01
3275,31.6228,2,4.887290e-01
3300,31.6228,2,5.204260e-01
3325,31.6228,2,5.532160e-01
3350,31.6228,2,5.871280e-01
3375,31.6228,2,6.221940e-01
3400,31.6228,2,6.584500e-01
3425,31.6228,2,6.959370e-01
3450,31.6228,2,7.347020e-01
3475,31.6228,2,7.747970e-01
3500,31.6228,2,8.162820e-01
3525,31.6228,2,8.592260e-01
3550,31.6228,2,9.037080e-01
3575,31.6228,2,9.498190e-01
3600,31.6228,2,9.976640e-01
3625,31.6228,2,1.047360e+00
3650,31.6228,2,1.099060e+00
3675,31.6228,2,1.152910e+00
3700,31.6228,2,1.209110e+00
3725,31.6228,2,1.267870e+00
3750,31.6228,2,1.329450e+00
3775,31.6228,2,1.394130e+00
3800,31.6228,2,1.462260e+00
3825,31.6228,2,1.534220e+00
3850,31.6228,2,1.610480e+00
3875,31.6228,2,1.691570e+00
3900,31.6228,2,1.778110e+00
3925,31.6228,2,1.870810e+00
3950,31.6228,2,1.970540e+00
3975,31.6228,2,2.078270e+00
4000,31.6228,2,2.195190e+00
4025,31.6228,2,2.322660e+00
4050,31.6228,2,2.462340e+00
4075,31.6228,2,2.616170e+00
4100,31.6228,2,2.786490e+00
4125,31.6228,2,2.976120e+00
4150,31.6228,2,3.188480e+00
4175,31.6228,2,3.427760e+00
4200,31.6228,2,3.699110e+00
4225,31.6228,2,4.008990e+00
4250,31.6228,2,4.365530e+00
4275,31.6228,2,4.779120e+00
4300,31.6228,2,5.263240e+00
4325,31.6228,2,5.835700e+00
4350,31.6228,2,6.520440e+00
4375,31.6228,2,7.350450e+00
4400,31.6228,2,8.372370e+00
4425,31.6228,2,9.654280e+00
4450,31.6228,2,1.129940e+01
4475,31.6228,2,1.347190e+01
4500,31.6228,2,1.644840e+01
4525,31.6228,2,2.073290e+01
4550,31.6228,2,2.734560e+01
4575,31.6228,2,3.869340e+01
4600,31.6228,2,6.205790e+01
4625,31.6228,2,1.337970e+02
4650,31.6228,2,2.000000e+02
4675,31.6228,2,2.000000e+02
4700,31.6228,2,2.000000e+02
4725,31.6228,2,2.000000e+02
4750,31.6228,2,2.000000e+02
4775,31.6228,2,2.000000e+02
4800,31.6228,2,2.000000e+02
4825,31.6228,2,2.000000e+02
4850,31.6228,2,2.000000e+02
4875,31.6228,2,2.000000e+02
4900,31.6228,2,2.000000e+02
4925,31.6228,2,2.000000e+02
4950,31.6228,2,2.000000e+02
4975,31.6228,2,2.000000e+02
5000,31.6228,2,2.000000e+02
300,56.2341,2,0.000000e+00
325,56.2341,2,0.000000e+00
350,56.2341,2,0.000000e+00
375,56.2341,2,0.000000e+00
400,56.2341,2,0.000000e+00
425,56.2341,2,0.000000e+00
450,56.2341,2,0.000000e+00
475,56.2341,2,0.000000e+00
500,56.2341,2,0.000000e+00
525,56.2341,2,0.000000e+00
550,56.2341,2,0.000000e+00
575,56.2341,2,0.000000e+00
600,56.2341,2,0.000000e+00
625,56.2341,2,0.000000e+00
650,56.2341,2,0.000000e+00
675,56.2341,2,0.000000e+00
700,56.2341,2,0.000000e+00
725,56.2341,2,0.000000e+00
750,56.2341,2,0.000000e+00
775,56.2341,2,0.000000e+00
800,56.2341,2,0.000000e+00
825,56.2341,2,0.000000e+00
850,56.2341,2,0.000000e+00
875,56.2341,2,0.000000e+00
900,56.2341,2,0.000000e+00
925,56.2341,2,0.000000e+00
950,56.2341,2,0.000000e+00
975,56.2341,2,0.000000e+00
1000,56.2341,2,0.000000e+00
1025,56.2341,2,0.000000e+00
1050,56.2341,2,0.000000e+00
1075,56.2341,2,0.000000e+00
1100,56.2341,2,0.000000e+00
1125,56.2341,2,0.000000e+00
1150,56.2341,2,0.000000e+00
1175,56.2341,2,0.000000e+00
1200,56.2341,2,0.000000e+00
1225,56.2341,2,0.000000e+00
1250,56.2341,2,0.000000e+00
1275,56.2341,2,0.000000e+00
1300,56.2341,2,0.000000e+00
1325,56.2341,2,0.000000e+00
1350,56.2341,2,0.000000e+00
1375,56.2341,2,0.000000e+00
1400,56.2341,2,0.000000e+00
1425,56.2341,2,0.000000e+00
1450,56.2341,2,0.000000e+00
1475,56.2341,2,0.000000e+00
1500,56.2341,2,0.000000e+00
1525,56.2341,2,0.000000e+00
1550,56.2341,2,0.000000e+00
1575,56.2341,2,0.000000e+00
1600,56.2341,2,0.000000e+00
1625,56.2341,2,0.000000e+00
1650,56.2341,2,0.000000e+00
1675,56.2341,2,0.000000e+00
1700,56.2341,2,0.000000e+00
1725,56.2341,2,0.000000e+00
1750,56.2341,2,0.000000e+00
1775,56.2341,2,0.000000e+00
1800,56.2341,2,0.000000e+00
1825,56.2341,2,0.000000e+00
1850,56.2341,2,0.000000e+00
1875,56.2341,2,0.000000e+00
1900,56.2341,2,0.000000e+00
1925,56.2341,2,0.000000e+00
1950,56.2341,2,0.000000e+00
1975,56.2341,2,0.000000e+00
2000,56.2341,2,0.000000e+00
2025,56.2341,2,0.000000e+00
2050,56.2341,2,0.000000e+00
2075,56.2341,2,0.000000e+00
2100,56.2341,2,0.000000e+00
2125,56.2341,2,0.000000e+00
2150,56.2341,2,0.000000e+00
2175,56.2341,2,0.000000e+00
2200,56.2341,2,0.000000e+00
2225,56.2341,2,0.000000e+00
2250,56.2341,2,0.000000e+00
2275,56.2341,2,0.000000e+00
2300,56.2341,2,0.000000e+00
2325,56.2341,2,0.000000e+00
2350,56.2341,2,0.000000e+00
2375,56.2341,2,0.000000e+00
2400,56.2341,2,0.000000e+00
2425,56.2341,2,0.000000e+00
2450,56.2341,2,0.000000e+00
2475,56.2341,2,0.000000e+00
2500,56.2341,2,0.000000e+00
2525,56.2341,2,0.000000e+00
2550,56.2341,2,0.000000e+00
2575,56.2341,2,0.000000e+00
2600,56.2341,2,0.000000e+00
2625,56.2341,2,0.000000e+00
2650,56.2341,2,0.000000e+00
2675,56.2341,2,4.473520e-03
2700,56.2341,2,1.586860e-02
2725,56.2341,2,2.789940e-02
2750,56.2341,2,4.058520e-02
2775,56.2341,2,5.394490e-02
2800,56.2341,2,6.799770e-02
2825,56.2341,2,8.276250e-02
2850,56.2341,2,9.825820e-02
2875,56.2341,2,1.145030e-01
2900,56.2341,2,1.315170e-01
2925,56.2341,2,1.493160e-01
2950,56.2341,2,1.679190e-01
2975,56.2341,2,1.873450e-01
3000,56.2341,2,2.076100e-01
3025,56.2341,2,2.287320e-01
3050,56.2341,2,2.507280e-01
3075,56.2341,2,2.736140e-01
3100,56.2341,2,2.974080e-01
3125,56.2341,2,3.221260e-01
3150,56.2341,2,3.477830e-01
3175,56.2341,2,3.743980e-01
3200,56.2341,2,4.019850e-01
3225,56.2341,2,4.305620e-01
3250,56.2341,2,4.601450e-01
3275,56.2341,2,4.907510e-01
3300,56.2341,2,5.223990e-01
3325,56.2341,2,5.551060e-01
3350,56.2341,2,5.888940e-01
3375,56.2341,2,6.237810e-01
3400,56.2341,2,6.597930e-01
3425,56.2341,2,6.969520e-01
3450,56.2341,2,7.352860e-01
3475,56.2341,2,7.748270e-01
3500,56.2341,2,8.156060e-01
3525,56.2341,2,8.576640e-01
3550,56.2341,2,9.010430e-01
3575,56.2341,2,9.457920e-01
3600,56.2341,2,9.919680e-01
3625,56.2341,2,1.039640e+00
3650,56.2341,2,1.088870e+00
3675,56.2341,2,1.139760e+00
3700,56.2341,2,1.192390e+00
3725,56.2341,2,1.246890e+00
3750,56.2341,2,1.303390e+00
3775,56.2341,2,1.362030e+00
3800,56.2341,2,1.423000e+00
3825,56.2341,2,1.486490e+00
3850,56.2341,2,1.552740e+00
3875,56.2341,2,1.622020e+00
3900,56.2341,2,1.694640e+00
3925,56.2341,2,1.770970e+00
3950,56.2341,2,1.851430e+00
3975,56.2341,2,1.936500e+00
4000,56.2341,2,2.026740e+00
4025,56.2341,2,2.122830e+00
4050,56.2341,2,2.225510e+00
4075,56.2341,2,2.335700e+00
4100,56.2341,2,2.454430e+00
4125,56.2341,2,2.582930e+00
4150,56.2341,2,2.722660e+00
4175,56.2341,2,2.875330e+00
4200,56.2341,2,3.042990e+00
4225,56.2341,2,3.228080e+00
4250,56.2341,2,3.433540e+00
4275,56.2341,2,3.662940e+00
4300,56.2341,2,3.920620e+00
4325,56.2341,2,4.211960e+00
4350,56.2341,2,4.543650e+00
4375,56.2341,2,4.924100e+00
4400,56.2341,2,5.364050e+00
4425,56.2341,2,5.877440e+00
4450,56.2341,2,6.482580e+00
4475,56.2341,2,7.204090e+00
4500,56.2341,2,8.075800e+00
4525,56.2341,2,9.145350e+00
4550,56.2341,2,1.048210e+01
4575,56.2341,2,1.219070e+01
4600,56.2341,2,1.443670e+01
4625,56.2341,2,1.749740e+01
4650,56.2341,2,2.187330e+01
4675,56.2341,2,2.856510e+01
4700,56.2341,2,3.988930e+01
4725,56.2341,2,6.262800e+01
4750,56.2341,2,1.281380e+02
4775,56.2341,2,2.000000e+02
4800,56.2341,2,2.000000e+02
4825,56.2341,2,2.000000e+02
4850,56.2341,2,2.000000e+02
4875,56.2341,2,2.000000e+02
4900,56.2341,2,2.000000e+02
4925,56.2341,2,2.000000e+02
4950,56.2341,2,2.000000e+02
4975,56.2341,2,2.000000e+02
5000,56.2341,2,2.000000e+02
300,100,2,0.000000e+00
325,100,2,0.000000e+00
350,100,2,0.000000e+00
375,100,2,0.000000e+00
400,100,2,0.000000e+00
425,100,2,0.000000e+00
450,100,2,0.000000e+00
475,100,2,0.000000e+00
500,100,2,0.000000e+00
525,100,2,0.000000e+00
550,100,2,0.000000e+00
575,100,2,0.000000e+00
600,100,2,0.000000e+00
625,100,2,0.000000e+00
650,100,2,0.000000e+00
675,100,2,0.000000e+00
700,100,2,0.000000e+00
725,100,2,0.000000e+00
750,100,2,0.000000e+00
775,100,2,0.000000e+00
800,100,2,0.000000e+00
825,100,2,0.000000e+00
850,100,2,0.000000e+00
875,100,2,0.000000e+00
900,100,2,0.000000e+00
925,100,2,0.000000e+00
950,100,2,0.000000e+00
975,100,2,0.000000e+00
1000,100,2,0.000000e+00
1025,100,2,0.000000e+00
1050,100,2,0.000000e+00
1075,100,2,0.000000e+00
1100,100,2,0.000000e+00
1125,100,2,0.000000e+00
1150,100,2,0.000000e+00
1175,100,2,0.000000e+00
1200,100,2,0.000000e+00
1225,100,2,0.000000e+00
1250,100,2,0.000000e+00
1275,100,2,0.000000e+00
1300,100,2,0.000000e+00
1325,100,2,0.000000e+00
1350,100,2,0.000000e+00
1375,100,2,0.000000e+00
1400,100,2,0.000000e+00
1425,100,2,0.000000e+00
1450,100,2,0.000000e+00
1475,100,2,0.000000e+00
1500,100,2,0.000000e+00
1525,100,2,0.000000e+00
1550,100,2,0.000000e+00
1575,100,2,0.000000e+00
1600,100,2,0.000000e+00
1625,100,2,0.000000e+00
1650,100,2,0.000000e+00
1675,100,2,0.000000e+00
1700,100,2,0.000000e+00
1725,100,2,0.000000e+00
1750,100,2,0.000000e+00
1775,100,2,0.000000e+00
1800,100,2,0.000000e+00
1825,100,2,0.000000e+00
1850,100,2,0.000000e+00
1875,100,2,0.000000e+00
1900,100,2,0.000000e+00
1925,100,2,0.000000e+00
1950,100,2,0.000000e+00
1975,100,2,0.000000e+00
2000,100,2,0.000000e+00
2025,100,2,0.000000e+00
2050,100,2,0.000000e+00
2075,100,2,0.000000e+00
2100,100,2,0.000000e+00
2125,100,2,0.000000e+00
2150,100,2,0.000000e+00
2175,100,2,0.000000e+00
2200,100,2,0.000000e+00
2225,100,2,0.000000e+00
2250,100,2,0.000000e+00
2275,100,2,0.000000e+00
2300,100,2,0.000000e+00
2325,100,2,0.000000e+00
2350,100,2,0.000000e+00
2375,100,2,0.000000e+00
2400,100,2,0.000000e+00
2425,100,2,0.000000e+00
2450,100,2,0.000000e+00
2475,100,2,0.000000e+00
2500,100,2,0.000000e+00
2525,100,2,0.000000e+00
2550,100,2,0.000000e+00
2575,100,2,0.000000e+00
2600,100,2,0.000000e+00
2625,100,2,0.000000e+00
2650,100,2,0.000000e+00
2675,100,2,9.205010e-03
2700,100,2,2.038980e-02
2725,100,2,3.222080e-02
2750,100,2,4.471690e-02
2775,100,2,5.789710e-02
2800,100,2,7.178020e-02
2825,100,2,8.638510e-02
2850,100,2,1.017300e-01
2875,100,2,1.178350e-01
2900,100,2,1.347170e-01
2925,100,2,1.523940e-01
2950,100,2,1.708850e-01
2975,100,2,1.902070e-01
3000,100,2,2.103780e-01
3025,100,2,2.314140e-01
3050,100,2,2.533320e-01
3075,100,2,2.761490e-01
3100,100,2,2.998800e-01
3125,100,2,3.245410e-01
3150,100,2,3.501480e-01
3175,100,2,3.767150e-01
3200,100,2,4.042570e-01
3225,100,2,4.327880e-01
3250,100,2,4.623230e-01
3275,100,2,4.928750e-01
3300,100,2,5.244590e-01
3325,100,2,5.570870e-01
3350,100,2,5.907750e-01
3375,100,2,6.255370e-01
3400,100,2,6.613860e-01
3425,100,2,6.983400e-01
3450,100,2,7.364130e-01
3475,100,2,7.756230e-01
3500,100,2,8.159890e-01
3525,100,2,8.575330e-01
3550,100,2,9.002750e-01
3575,100,2,9.442430e-01
3600,100,2,9.894650e-01
3625,100,2,1.035970e+00
3650,100,2,1.083810e+00
3675,100,2,1.133010e+00
3700,100,2,1.183630e+00
3725,100,2,1.235720e+00
3750,100,2,1.289350e+00
3775,100,2,1.344600e+00
3800,100,2,1.401550e+00
3825,100,2,1.460310e+00
3850,100,2,1.520990e+00
3875,100,2,1.583740e+00
3900,100,2,1.648700e+00
3925,100,2,1.716070e+00
3950,100,2,1.786040e+00
3975,100,2,1.858870e+00
4000,100,2,1.934840e+00
4025,100,2,2.014270e+00
4050,100,2,2.097530e+00
4075,100,2,2.185060e+00
4100,100,2,2.277360e+00
4125,100,2,2.375010e+00
4150,100,2,2.478690e+00
4175,100,2,2.589180e+00
4200,100,2,2.707390e+00
4225,100,2,2.834390e+00
4250,100,2,2.971430e+00
4275,100,2,3.119980e+00
4300,100,2,3.281770e+00
4325,100,2,3.458850e+00
4350,100,2,3.653680e+00
4375,100,2,3.869200e+00
4400,100,2,4.108950e+00
4425,100,2,4.377270e+00
4450,100,2,4.679460e+00
4475,100,2,5.022110e+00
4500,100,2,5.413460e+00
4525,100,2,5.864010e+00
4550,100,2,6.387240e+00
4575,100,2,7.000820e+00
4600,100,2,7.728300e+00
4625,100,2,8.601760e+00
4650,100,2,9.665950e+00
4675,100,2,1.098530e+01
4700,100,2,1.265560e+01
4725,100,2,1.482580e+01
4750,100,2,1.774010e+01
4775,100,2,2.182670e+01
4800,100,2,2.790870e+01
4825,100,2,3.778340e+01
4850,100,2,5.622600e+01
4875,100,2,1.012230e+02
4900,100,2,2.000000e+02
4925,100,2,2.000000e+02
4950,100,2,2.000000e+02
4975,100,2,2.000000e+02
5000,100,2,2.000000e+02
300,177.828,2,0.000000e+00
325,177.828,2,0.000000e+00
350,177.828,2,0.000000e+00
375,177.828,2,0.000000e+00
400,177.828,2,0.000000e+00
425,177.828,2,0.000000e+00
450,177.828,2,0.000000e+00
475,177.828,2,0.000000e+00
500,177.828,2,0.000000e+00
525,177.828,2,0.000000e+00
550,177.828,2,0.000000e+00
575,177.828,2,0.000000e+00
600,177.828,2,0.000000e+00
625,177.828,2,0.000000e+00
650,177.828,2,0.000000e+00
675,177.828,2,0.000000e+00
700,177.828,2,0.000000e+00
725,177.828,2,0.000000e+00
750,177.828,2,0.000000e+00
775,177.828,2,0.000000e+00
800,177.828,2,0.000000e+00
825,177.828,2,0.000000e+00
850,177.828,2,0.000000e+00
875,177.828,2,0.000000e+00
900,177.828,2,0.000000e+00
925,177.828,2,0.000000e+00
950,177.828,2,0.000000e+00
975,177.828,2,0.000000e+00
1000,177.828,2,0.000000e+00
1025,177.828,2,0.000000e+00
1050,177.828,2,0.000000e+00
1075,177.828,2,0.000000e+00
1100,177.828,2,0.000000e+00
1125,177.828,2,0.000000e+00
1150,177.828,2,0.000000e+00
1175,177.828,2,0.000000e+00
1200,177.828,2,0.000000e+00
1225,177.828,2,0.000000e+00
1250,177.828,2,0.000000e+00
1275,177.828,2,0.000000e+00
1300,177.828,2,0.000000e+00
1325,177.828,2,0.000000e+00
1350,177.828,2,0.000000e+00
1375,177.828,2,0.000000e+00
1400,177.828,2,4.493280e-03
1425,177.828,2,8.298140e-03
1450,177.828,2,1.014640e-02
1475,177.828,2,1.020650e-02
1500,177.828,2,8.701500e-03
1525,177.828,2,5.882210e-03
1550,177.828,2,2.004930e-03
1575,177.828,2,0.000000e+00
1600,177.828,2,0.000000e+00
1625,177.828,2,0.000000e+00
1650,177.828,2,0.000000e+00
1675,177.828,2,0.000000e+00
1700,177.828,2,0.000000e+00
1725,177.828,2,0.000000e+00
1750,177.828,2,0.000000e+00
1775,177.828,2,0.000000e+00
1800,177.828,2,0.000000e+00
1825,177.828,2,0.000000e+00
1850,177.828,2,0.000000e+00
1875,177.828,2,0.000000e+00
1900,177.828,2,0.000000e+00
1925,177.828,2,0.000000e+00
1950,177.828,2,0.000000e+00
1975,177.828,2,0.000000e+00
2000,177.828,2,0.000000e+00
2025,177.828,2,0.000000e+00
2050,177.828,2,0.000000e+00
2075,177.828,2,0.000000e+00
2100,177.828,2,0.000000e+00
2125,177.828,2,0.000000e+00
2150,177.828,2,0.000000e+00
2175,177.828,2,0.000000e+00
2200,177.828,2,0.000000e+00
2225,177.828,2,0.000000e+00
2250,177.828,2,0.000000e+00
2275,177.828,2,0.000000e+00
2300,177.828,2,0.000000e+00
2325,177.828,2,0.000000e+00
2350,177.828,2,0.000000e+00
2375,177.828,2,0.000000e+00
2400,177.828,2,0.000000e+00
2425,177.828,2,0.000000e+00
2450,177.828,2,0.000000e+00
2475,177.828,2,0.000000e+00
2500,177.828,2,0.000000e+00
2525,177.828,2,0.000000e+00
2550,177.828,2,0.000000e+00
2575,177.828,2,0.000000e+00
2600,177.828,2,0.000000e+00
2625,177.828,2,0.000000e+00
2650,177.828,2,7.111650e-03
2675,177.828,2,1.728380e-02
2700,177.828,2,2.809860e-02
2725,177.828,2,3.957430e-02
2750,177.828,2,5.172940e-02
2775,177.828,2,6.458210e-02
2800,177.828,2,7.815100e-02
2825,177.828,2,9.245450e-02
2850,177.828,2,1.075110e-01
2875,177.828,2,1.233390e-01
2900,177.828,2,1.399560e-01
2925,177.828,2,1.573810e-01
2950,177.828,2,1.756310e-01
2975,177.828,2,1.947240e-01
3000,177.828,2,2.146760e-01
3025,177.828,2,2.355050e-01
3050,177.828,2,2.572260e-01
3075,177.828,2,2.798570e-01
3100,177.828,2,3.034120e-01
3125,177.828,2,3.279060e-01
3150,177.828,2,3.533540e-01
3175,177.828,2,3.797710e-01
3200,177.828,2,4.071690e-01
3225,177.828,2,4.355620e-01
3250,177.828,2,4.649630e-01
3275,177.828,2,4.953820e-01
3300,177.828,2,5.268330e-01
3325,177.828,2,5.593250e-01
3350,177.828,2,5.928700e-01
3375,177.828,2,6.274780e-01
3400,177.828,2,6.631580e-01
3425,177.828,2,6.999210e-01
3450,177.828,2,7.377770e-01
3475,177.828,2,7.767340e-01
3500,177.828,2,8.168040e-01
3525,177.828,2,8.579950e-01
3550,177.828,2,9.003200e-01
3575,177.828,2,9.437890e-01
3600,177.828,2,9.884170e-01
3625,177.828,2,1.034220e+00
3650,177.828,2,1.081200e+00
3675,177.828,2,1.129400e+00
3700,177.828,2,1.178820e+00
3725,177.828,2,1.229500e+00
3750,177.828,2,1.281460e+00
3775,177.828,2,1.334740e+00
3800,177.828,2,1.389380e+00
3825,177.828,2,1.445420e+00
3850,177.828,2,1.502920e+00
3875,177.828,2,1.561940e+00
3900,177.828,2,1.622560e+00
3925,177.828,2,1.684860e+00
3950,177.828,2,1.748960e+00
3975,177.828,2,1.814950e+00
4000,177.828,2,1.882990e+00
4025,177.828,2,1.953230e+00
4050,177.828,2,2.025860e+00
4075,177.828,2,2.101080e+00
4100,177.828,2,2.179140e+00
4125,177.828,2,2.260330e+00
4150,177.828,2,2.344970e+00
4175,177.828,2,2.433430e+00
4200,177.828,2,2.526150e+00
4225,177.828,2,2.623640e+00
4250,177.828,2,2.726470e+00
4275,177.828,2,2.835310e+00
4300,177.828,2,2.950930e+00
4325,177.828,2,3.074240e+00
4350,177.828,2,3.206290e+00
4375,177.828,2,3.348290e+00
4400,177.828,2,3.501690e+00
4425,177.828,2,3.668150e+00
4450,177.828,2,3.849680e+00
4475,177.828,2,4.048620e+00
4500,177.828,2,4.267800e+00
4525,177.828,2,4.510590e+00
4550,177.828,2,4.781090e+00
4575,177.828,2,5.084280e+00
4600,177.828,2,5.426330e+00
4625,177.828,2,5.814880e+00
4650,177.828,2,6.259580e+00
4675,177.828,2,6.772700e+00
4700,177.828,2,7.370190e+00
4725,177.828,2,8.073000e+00
4750,177.828,2,8.909320e+00
4775,177.828,2,9.917870e+00
4800,177.828,2,1.115330e+01
4825,177.828,2,1.269510e+01
4850,177.828,2,1.466350e+01
4875,177.828,2,1.724910e+01
4900,177.828,2,2.077150e+01
4925,177.828,2,2.580990e+01
4950,177.828,2,3.352660e+01
4975,177.828,2,4.663000e+01
5000,177.828,2,7.313080e+01
300,316.228,2,0.000000e+00
325,316.228,2,0.000000e+00
350,316.228,2,0.000000e+00
375,316.228,2,0.000000e+00
400,316.228,2,0.000000e+00
425,316.228,2,0.000000e+00
450,316.228,2,0.000000e+00
475,316.228,2,0.000000e+00
500,316.228,2,0.000000e+00
525,316.228,2,0.000000e+00
550,316.228,2,0.000000e+00
575,316.228,2,0.000000e+00
600,316.228,2,0.000000e+00
625,316.228,2,0.000000e+00
650,316.228,2,0.000000e+00
675,316.228,2,0.000000e+00
700,316.228,2,0.000000e+00
725,316.228,2,0.000000e+00
750,316.228,2,0.000000e+00
775,316.228,2,0.000000e+00
800,316.228,2,0.000000e+00
825,316.228,2,0.000000e+00
850,316.228,2,0.000000e+00
875,316.228,2,0.000000e+00
900,316.228,2,0.000000e+00
925,316.228,2,0.000000e+00
950,316.228,2,0.000000e+00
975,316.228,2,0.000000e+00
1000,316.228,2,0.000000e+00
1025,316.228,2,0.000000e+00
1050,316.228,2,0.000000e+00
1075,316.228,2,0.000000e+00
1100,316.228,2,0.000000e+00
1125,316.228,2,0.000000e+00
1150,316.228,2,0.000000e+00
1175,316.228,2,0.000000e+00
1200,316.228,2,0.000000e+00
1225,316.228,2,0.000000e+00
1250,316.228,2,0.000000e+00
1275,316.228,2,0.000000e+00
1300,316.228,2,0.000000e+00
1325,316.228,2,0.000000e+00
1350,316.228,2,3.195620e-03
1375,316.228,2,1.460070e-02
1400,316.228,2,2.458390e-02
1425,316.228,2,3.290300e-02
1450,316.228,2,3.941230e-02
1475,316.228,2,4.406200e-02
1500,316.228,2,4.688880e-02
1525,316.228,2,4.799940e-02
1550,316.228,2,4.755200e-02
1575,316.228,2,4.573720e-02
1600,316.228,2,4.276100e-02
1625,316.228,2,3.883170e-02
1650,316.228,2,3.414960e-02
1675,316.228,2,2.890050e-02
1700,316.228,2,2.325170e-02
1725,316.228,2,1.735040e-02
1750,316.228,2,1.132360e-02
1775,316.228,2,5.278780e-03
1800,316.228,2,0.000000e+00
1825,316.228,2,0.000000e+00
1850,316.228,2,0.000000e+00
1875,316.228,2,0.000000e+00
1900,316.228,2,0.000000e+00
1925,316.228,2,0.000000e+00
1950,316.228,2,0.000000e+00
1975,316.228,2,0.000000e+00
2000,316.228,2,0.000000e+00
2025,316.228,2,0.000000e+00
2050,316.228,2,0.000000e+00
2075,316.228,2,0.000000e+00
2100,316.228,2,0.000000e+00
2125,316.228,2,0.000000e+00
2150,316.228,2,0.000000e+00
2175,316.228,2,0.000000e+00
2200,316.228,2,0.000000e+00
2225,316.228,2,0.000000e+00
2250,316.228,2,0.000000e+00
2275,316.228,2,0.000000e+00
2300,316.228,2,0.000000e+00
2325,316.228,2,0.000000e+00
2350,316.228,2,0.000000e+00
2375,316.228,2,0.000000e+00
2400,316.228,2,0.000000e+00
2425,316.228,2,0.000000e+00
2450,316.228,2,0.000000e+00
2475,316.228,2,0.000000e+00
2500,316.228,2,0.000000e+00
2525,316.228,2,0.000000e+00
2550,316.228,2,0.000000e+00
2575,316.228,2,0.000000e+00
2600,316.228,2,4.164130e-03
2625,316.228,2,1.242900e-02
2650,316.228,2,2.132320e-02
2675,316.228,2,3.086360e-02
2700,316.228,2,4.106720e-02
2725,316.228,2,5.195160e-02
2750,316.228,2,6.353430e-02
2775,316.228,2,7.583300e-02
2800,316.228,2,8.886560e-02
2825,316.228,2,1.026500e-01
2850,316.228,2,1.172040e-01
2875,316.228,2,1.325460e-01
2900,316.228,2,1.486930e-01
2925,316.228,2,1.656630e-01
2950,316.228,2,1.834740e-01
2975,316.228,2,2.021420e-01
3000,316.228,2,2.216850e-01
3025,316.228,2,2.421180e-01
3050,316.228,2,2.634590e-01
3075,316.228,2,2.857220e-01
3100,316.228,2,3.089240e-01
3125,316.228,2,3.330780e-01
3150,316.228,2,3.581990e-01
3175,316.228,2,3.843010e-01
3200,316.228,2,4.113960e-01
3225,316.228,2,4.394960e-01
3250,316.228,2,4.686140e-01
3275,316.228,2,4.987610e-01
3300,316.228,2,5.299450e-01
3325,316.228,2,5.621770e-01
3350,316.228,2,5.954650e-01
3375,316.228,2,6.298180e-01
3400,316.228,2,6.652410e-01
3425,316.228,2,7.017430e-01
3450,316.228,2,7.393280e-01
3475,316.228,2,7.780010e-01
3500,316.228,2,8.177680e-01
3525,316.228,2,8.586320e-01
3550,316.228,2,9.005970e-01
3575,316.228,2,9.436660e-01
3600,316.228,2,9.878440e-01
3625,316.228,2,1.033130e+00
3650,316.228,2,1.079540e+00
3675,316.228,2,1.127060e+00
3700,316.228,2,1.175710e+00
3725,316.228,2,1.225490e+00
3750,316.228,2,1.276410e+00
3775,316.228,2,1.328480e+00
3800,316.228,2,1.381710e+00
3825,316.228,2,1.436120e+00
3850,316.228,2,1.491720e+00
3875,316.228,2,1.548550e+00
3900,316.228,2,1.606620e+00
3925,316.228,2,1.665990e+00
3950,316.228,2,1.726680e+00
3975,316.228,2,1.788740e+00
4000,316.228,2,1.852250e+00
4025,316.228,2,1.917270e+00
4050,316.228,2,1.983880e+00
4075,316.228,2,2.052180e+00
4100,316.228,2,2.122290e+00
4125,316.228,2,2.194340e+00
4150,316.228,2,2.268490e+00
4175,316.228,2,2.344910e+00
4200,316.228,2,2.423830e+00
4225,316.228,2,2.505470e+00
4250,316.228,2,2.590110e+00
4275,316.228,2,2.678070e+00
4300,316.228,2,2.769730e+00
4325,316.228,2,2.865500e+00
4350,316.228,2,2.965860e+00
4375,316.228,2,3.071390e+00
4400,316.228,2,3.182710e+00
4425,316.228,2,3.300580e+00
4450,316.228,2,3.425850e+00
4475,316.228,2,3.559530e+00
4500,316.228,2,3.702750e+00
4525,316.228,2,3.856880e+00
4550,316.228,2,4.023470e+00
4575,316.228,2,4.204380e+00
4600,316.228,2,4.401780e+00
4625,316.228,2,4.618250e+00
4650,316.228,2,4.856880e+00
4675,316.228,2,5.121340e+00
4700,316.228,2,5.416120e+00
4725,316.228,2,5.746660e+00
4750,316.228,2,6.119700e+00
4775,316.228,2,6.543590e+00
4800,316.228,2,7.028880e+00
4825,316.228,2,7.589030e+00
4850,316.228,2,8.241510e+00
4875,316.228,2,9.009330e+00
4900,316.228,2,9.923510e+00
4925,316.228,2,1.102670e+01
4950,316.228,2,1.237940e+01
4975,316.228,2,1.406980e+01
5000,316.228,2,1.623180e+01
300,562.341,2,0.000000e+00
325,562.341,2,0.000000e+00
350,562.341,2,0.000000e+00
375,562.341,2,0.000000e+00
400,562.341,2,0.000000e+00
425,562.341,2,0.000000e+00
450,562.341,2,0.000000e+00
475,562.341,2,0.000000e+00
500,562.341,2,0.000000e+00
525,562.341,2,0.000000e+00
550,562.341,2,0.000000e+00
575,562.341,2,0.000000e+00
600,562.341,2,0.000000e+00
625,562.341,2,0.000000e+00
650,562.341,2,0.000000e+00
675,562.341,2,0.000000e+00
700,562.341,2,0.000000e+00
725,562.341,2,0.000000e+00
750,562.341,2,0.000000e+00
775,562.341,2,0.000000e+00
800,562.341,2,0.000000e+00
825,562.341,2,0.000000e+00
850,562.341,2,0.000000e+00
875,562.341,2,0.000000e+00
900,562.341,2,0.000000e+00
925,562.341,2,0.000000e+00
950,562.341,2,0.000000e+00
975,562.341,2,0.000000e+00
1000,562.341,2,0.000000e+00
1025,562.341,2,0.000000e+00
1050,562.341,2,0.000000e+00
1075,562.341,2,0.000000e+00
1100,562.341,2,0.000000e+00
1125,562.341,2,0.000000e+00
1150,562.341,2,0.000000e+00
1175,562.341,2,0.000000e+00
1200,562.341,2,0.000000e+00
1225,562.341,2,0.000000e+00
1250,562.341,2,0.000000e+00
1275,562.341,2,0.000000e+00
1300,562.341,2,0.000000e+00
1325,562.341,2,0.000000e+00
1350,562.341,2,7.450340e-03
1375,562.341,2,2.080480e-02
1400,562.341,2,3.353060e-02
1425,562.341,2,4.531370e-02
1450,562.341,2,5.588360e-02
1475,562.341,2,6.502930e-02
1500,562.341,2,7.260780e-02
1525,562.341,2,7.854580e-02
1550,562.341,2,8.283620e-02
1575,562.341,2,8.552880e-02
1600,562.341,2,8.671940e-02
1625,562.341,2,8.653760e-02
1650,562.341,2,8.513420e-02
1675,562.341,2,8.267170e-02
1700,562.341,2,7.931480e-02
1725,562.341,2,7.522470e-02
1750,562.341,2,7.055390e-02
1775,562.341,2,6.544340e-02
1800,562.341,2,6.002100e-02
1825,562.341,2,5.440100e-02
1850,562.341,2,4.868370e-02
1875,562.341,2,4.295690e-02
1900,562.341,2,3.729600e-02
1925,562.341,2,3.176570e-02
1950,562.341,2,2.642090e-02
1975,562.341,2,2.130820e-02
2000,562.341,2,1.646680e-02
2025,562.341,2,1.192970e-02
2050,562.341,2,7.724860e-03
2075,562.341,2,3.875730e-03
2100,562.341,2,4.023310e-04
2125,562.341,2,0.000000e+00
2150,562.341,2,0.000000e+00
2175,562.341,2,0.000000e+00
2200,562.341,2,0.000000e+00
2225,562.341,2,0.000000e+00
2250,562.341,2,0.000000e+00
2275,562.341,2,0.000000e+00
2300,562.341,2,0.000000e+00
2325,562.341,2,0.000000e+00
2350,562.341,2,0.000000e+00
2375,562.341,2,0.000000e+00
2400,562.341,2,0.000000e+00
2425,562.341,2,0.000000e+00
2450,562.341,2,0.000000e+00
2475,562.341,2,2.189440e-03
2500,562.341,2,6.402770e-03
2525,562.341,2,1.119550e-02
2550,562.341,2,1.658170e-02
2575,562.341,2,2.257570e-02
2600,562.341,2,2.919250e-02
2625,562.341,2,3.644740e-02
2650,562.341,2,4.435630e-02
2675,562.341,2,5.293520e-02
2700,562.341,2,6.220060e-02
2725,562.341,2,7.216940e-02
2750,562.341,2,8.285840e-02
2775,562.341,2,9.428490e-02
2800,562.341,2,1.064660e-01
2825,562.341,2,1.194200e-01
2850,562.341,2,1.331630e-01
2875,562.341,2,1.477140e-01
2900,562.341,2,1.630900e-01
2925,562.341,2,1.793070e-01
2950,562.341,2,1.963840e-01
2975,562.341,2,2.143370e-01
3000,562.341,2,2.331830e-01
3025,562.341,2,2.529380e-01
3050,562.341,2,2.736190e-01
3075,562.341,2,2.952400e-01
3100,562.341,2,3.178180e-01
3125,562.341,2,3.413670e-01
3150,562.341,2,3.659000e-01
3175,562.341,2,3.914310e-01
3200,562.341,2,4.179730e-01
3225,562.341,2,4.455380e-01
3250,562.341,2,4.741360e-01
3275,562.341,2,5.037790e-01
3300,562.341,2,5.344750e-01
3325,562.341,2,5.662330e-01
3350,562.341,2,5.990610e-01
3375,562.341,2,6.329650e-01
3400,562.341,2,6.679510e-01
3425,562.341,2,7.040230e-01
3450,562.341,2,7.411850e-01
3475,562.341,2,7.794380e-01
3500,562.341,2,8.187860e-01
3525,562.341,2,8.592270e-01
3550,562.341,2,9.007620e-01
3575,562.341,2,9.433890e-01
3600,562.341,2,9.871050e-01
3625,562.341,2,1.031910e+00
3650,562.341,2,1.077790e+00
3675,562.341,2,1.124760e+00
3700,562.341,2,1.172800e+00
3725,562.341,2,1.221910e+00
3750,562.341,2,1.272080e+00
3775,562.341,2,1.323310e+00
3800,562.341,2,1.375600e+00
3825,562.341,2,1.428950e+00
3850,562.341,2,1.483350e+00
3875,562.341,2,1.538800e+00
3900,562.341,2,1.595310e+00
3925,562.341,2,1.652890e+00
3950,562.341,2,1.711530e+00
3975,562.341,2,1.771260e+00
4000,562.341,2,1.832090e+00
4025,562.341,2,1.894040e+00
4050,562.341,2,1.957150e+00
4075,562.341,2,2.021450e+00
4100,562.341,2,2.086990e+00
4125,562.341,2,2.153820e+00
4150,562.341,2,2.222010e+00
4175,562.341,2,2.291650e+00
4200,562.341,2,2.362810e+00
4225,562.341,2,2.435620e+00
4250,562.341,2,2.510200e+00
4275,562.341,2,2.586710e+00
4300,562.341,2,2.665310e+00
4325,562.341,2,2.746200e+00
4350,562.341,2,2.829630e+00
4375,562.341,2,2.915840e+00
4400,562.341,2,3.005150e+00
4425,562.341,2,3.097910e+00
4450,562.341,2,3.194510e+00
4475,562.341,2,3.295410e+00
4500,562.341,2,3.401140e+00
4525,562.341,2,3.512300e+00
4550,562.341,2,3.629570e+00
4575,562.341,2,3.753750e+00
4600,562.341,2,3.885760e+00
4625,562.341,2,4.026640e+00
4650,562.341,2,4.177610e+00
4675,562.341,2,4.340080e+00
4700,562.341,2,4.515710e+00
4725,562.341,2,4.706420e+00
4750,562.341,2,4.914470e+00
4775,562.341,2,5.142560e+00
4800,562.341,2,5.393850e+00
4825,562.341,2,5.672180e+00
4850,562.341,2,5.982140e+00
4875,562.341,2,6.329350e+00
4900,562.341,2,6.720690e+00
4925,562.341,2,7.164700e+00
4950,562.341,2,7.672130e+00
4975,562.341,2,8.256640e+00
5000,562.341,2,8.935890e+00
300,1000,2,0.000000e+00
325,1000,2,0.000000e+00
350,1000,2,0.000000e+00
375,1000,2,0.000000e+00
400,1000,2,0.000000e+00
425,1000,2,0.000000e+00
450,1000,2,0.000000e+00
475,1000,2,0.000000e+00
500,1000,2,0.000000e+00
525,1000,2,0.000000e+00
550,1000,2,0.000000e+00
575,1000,2,0.000000e+00
600,1000,2,0.000000e+00
625,1000,2,0.000000e+00
650,1000,2,0.000000e+00
675,1000,2,0.000000e+00
700,1000,2,0.000000e+00
725,1000,2,0.000000e+00
750,1000,2,0.000000e+00
775,1000,2,0.000000e+00
800,1000,2,0.000000e+00
825,1000,2,0.000000e+00
850,1000,2,0.000000e+00
875,1000,2,0.000000e+00
900,1000,2,0.000000e+00
925,1000,2,0.000000e+00
950,1000,2,0.000000e+00
975,1000,2,0.000000e+00
1000,1000,2,0.000000e+00
1025,1000,2,0.000000e+00
1050,1000,2,0.000000e+00
1075,1000,2,0.000000e+00
1100,1000,2,0.000000e+00
1125,1000,2,0.000000e+00
1150,1000,2,0.000000e+00
1175,1000,2,0.000000e+00
1200,1000,2,0.000000e+00
1225,1000,2,0.000000e+00
1250,1000,2,0.000000e+00
1275,1000,2,0.000000e+00
1300,1000,2,0.000000e+00
1325,1000,2,0.000000e+00
1350,1000,2,6.146690e-03
1375,1000,2,1.984140e-02
1400,1000,2,3.357400e-02
1425,1000,2,4.707590e-02
1450,1000,2,6.007950e-02
1475,1000,2,7.233210e-02
1500,1000,2,8.361010e-02
1525,1000,2,9.372840e-02
1550,1000,2,1.025480e-01
1575,1000,2,1.099800e-01
1600,1000,2,1.159840e-01
1625,1000,2,1.205620e-01
1650,1000,2,1.237570e-01
1675,1000,2,1.256440e-01
1700,1000,2,1.263190e-01
1725,1000,2,1.258960e-01
1750,1000,2,1.244970e-01
1775,1000,2,1.222510e-01
1800,1000,2,1.192820e-01
1825,1000,2,1.157150e-01
1850,1000,2,1.116660e-01
1875,1000,2,1.072430e-01
1900,1000,2,1.025460e-01
1925,1000,2,9.766830e-02
1950,1000,2,9.269090e-02
1975,1000,2,8.768840e-02
2000,1000,2,8.272700e-02
2025,1000,2,7.786540e-02
2050,1000,2,7.315560e-02
2075,1000,2,6.864390e-02
2100,1000,2,6.437110e-02
2125,1000,2,6.037330e-02
2150,1000,2,5.668280e-02
2175,1000,2,5.332830e-02
2200,1000,2,5.033580e-02
2225,1000,2,4.772860e-02
2250,1000,2,4.552830e-02
2275,1000,2,4.375460e-02
2300,1000,2,4.242590e-02
2325,1000,2,4.155980e-02
2350,1000,2,4.117290e-02
2375,1000,2,4.128120e-02
2400,1000,2,4.190050e-02
2425,1000,2,4.304630e-02
2450,1000,2,4.473370e-02
2475,1000,2,4.697820e-02
2500,1000,2,4.979500e-02
2525,1000,2,5.319960e-02
2550,1000,2,5.720760e-02
2575,1000,2,6.183490e-02
2600,1000,2,6.709740e-02
2625,1000,2,7.301160e-02
2650,1000,2,7.959380e-02
2675,1000,2,8.686090e-02
2700,1000,2,9.482980e-02
2725,1000,2,1.035180e-01
2750,1000,2,1.129420e-01
2775,1000,2,1.231200e-01
2800,1000,2,1.340690e-01
2825,1000,2,1.458080e-01
2850,1000,2,1.583540e-01
2875,1000,2,1.717240e-01
2900,1000,2,1.859370e-01
2925,1000,2,2.010090e-01
2950,1000,2,2.169600e-01
2975,1000,2,2.338050e-01
3000,1000,2,2.515620e-01
3025,1000,2,2.702470e-01
3050,1000,2,2.898780e-01
3075,1000,2,3.104700e-01
3100,1000,2,3.320390e-01
3125,1000,2,3.545990e-01
3150,1000,2,3.781650e-01
3175,1000,2,4.027510e-01
3200,1000,2,4.283700e-01
3225,1000,2,4.550340e-01
3250,1000,2,4.827550e-01
3275,1000,2,5.115420e-01
3300,1000,2,5.414070e-01
3325,1000,2,5.723560e-01
3350,1000,2,6.043980e-01
3375,1000,2,6.375380e-01
3400,1000,2,6.717820e-01
3425,1000,2,7.071340e-01
3450,1000,2,7.435960e-01
3475,1000,2,7.811680e-01
3500,1000,2,8.198520e-01
3525,1000,2,8.596460e-01
3550,1000,2,9.005450e-01
3575,1000,2,9.425480e-01
3600,1000,2,9.856470e-01
3625,1000,2,1.029840e+00
3650,1000,2,1.075110e+00
3675,1000,2,1.121450e+00
3700,1000,2,1.168850e+00
3725,1000,2,1.217310e+00
3750,1000,2,1.266800e+00
3775,1000,2,1.317320e+00
3800,1000,2,1.368860e+00
3825,1000,2,1.421390e+00
3850,1000,2,1.474900e+00
3875,1000,2,1.529390e+00
3900,1000,2,1.584830e+00
3925,1000,2,1.641220e+00
3950,1000,2,1.698550e+00
3975,1000,2,1.756800e+00
4000,1000,2,1.815980e+00
4025,1000,2,1.876070e+00
4050,1000,2,1.937070e+00
4075,1000,2,1.998980e+00
4100,1000,2,2.061830e+00
4125,1000,2,2.125600e+00
4150,1000,2,2.190330e+00
4175,1000,2,2.256040e+00
4200,1000,2,2.322750e+00
4225,1000,2,2.390520e+00
4250,1000,2,2.459390e+00
4275,1000,2,2.529430e+00
4300,1000,2,2.600700e+00
4325,1000,2,2.673300e+00
4350,1000,2,2.747340e+00
4375,1000,2,2.822920e+00
4400,1000,2,2.900210e+00
4425,1000,2,2.979350e+00
4450,1000,2,3.060540e+00
4475,1000,2,3.143990e+00
4500,1000,2,3.229950e+00
4525,1000,2,3.318710e+00
4550,1000,2,3.410590e+00
4575,1000,2,3.505950e+00
4600,1000,2,3.605220e+00
4625,1000,2,3.708870e+00
4650,1000,2,3.817440e+00
4675,1000,2,3.931560e+00
4700,1000,2,4.051940e+00
4725,1000,2,4.179370e+00
4750,1000,2,4.314790e+00
4775,1000,2,4.459270e+00
4800,1000,2,4.614020e+00
4825,1000,2,4.780470e+00
4850,1000,2,4.960250e+00
4875,1000,2,5.155290e+00
4900,1000,2,5.367820e+00
4925,1000,2,5.600470e+00
4950,1000,2,5.856370e+00
4975,1000,2,6.139230e+00
5000,1000,2,6.453510e+00
