Tw_K,P_bar,hw_Jkg
300,0.00101325,-2.632220e+06
325,0.00101325,-2.607560e+06
350,0.00101325,-2.582700e+06
375,0.00101325,-2.557660e+06
400,0.00101325,-2.532410e+06
425,0.00101325,-2.506950e+06
450,0.00101325,-2.481200e+06
475,0.00101325,-2.454950e+06
500,0.00101325,-2.427670e+06
525,0.00101325,-2.398210e+06
550,0.00101325,-2.364230e+06
575,0.00101325,-2.321400e+06
600,0.00101325,-2.262520e+06
625,0.00101325,-2.176800e+06
650,0.00101325,-2.050810e+06
675,0.00101325,-1.873030e+06
700,0.00101325,-1.644830e+06
725,0.00101325,-1.393750e+06
750,0.00101325,-1.169110e+06
775,0.00101325,-1.006410e+06
800,0.00101325,-9.031370e+05
825,0.00101325,-8.375710e+05
850,0.00101325,-7.913880e+05
875,0.00101325,-7.543380e+05
900,0.00101325,-7.214810e+05
925,0.00101325,-6.905400e+05
950,0.00101325,-6.604610e+05
975,0.00101325,-6.307500e+05
1000,0.00101325,-6.011650e+05
1025,0.00101325,-5.715900e+05
1050,0.00101325,-5.419660e+05
1075,0.00101325,-5.122650e+05
1100,0.00101325,-4.824710e+05
1125,0.00101325,-4.525790e+05
1150,0.00101325,-4.225860e+05
1175,0.00101325,-3.924920e+05
1200,0.00101325,-3.623000e+05
1225,0.00101325,-3.320110e+05
1250,0.00101325,-3.016270e+05
1275,0.00101325,-2.711530e+05
1300,0.00101325,-2.405890e+05
1325,0.00101325,-2.099400e+05
1350,0.00101325,-1.792080e+05
1375,0.00101325,-1.483950e+05
1400,0.00101325,-1.175040e+05
1425,0.00101325,-8.653840e+04
1450,0.00101325,-5.549990e+04
1475,0.00101325,-2.439110e+04
1500,0.00101325,6.785840e+03
1525,0.00101325,3.802860e+04
1550,0.00101325,6.933510e+04
1575,0.00101325,1.007030e+05
1600,0.00101325,1.321310e+05
1625,0.00101325,1.636170e+05
1650,0.00101325,1.951590e+05
1675,0.00101325,2.267550e+05
1700,0.00101325,2.584040e+05
1725,0.00101325,2.901050e+05
1750,0.00101325,3.218550e+05
1775,0.00101325,3.536550e+05
1800,0.00101325,3.855020e+05
1825,0.00101325,4.173970e+05
1850,0.00101325,4.493380e+05
1875,0.00101325,4.813260e+05
1900,0.00101325,5.133620e+05
1925,0.00101325,5.454450e+05
1950,0.00101325,5.775780e+05
1975,0.00101325,6.097640e+05
2000,0.00101325,6.420070e+05
2025,0.00101325,6.743110e+05
2050,0.00101325,7.066850e+05
2075,0.00101325,7.391380e+05
2100,0.00101325,7.716830e+05
2125,0.00101325,8.043370e+05
2150,0.00101325,8.371220e+05
2175,0.00101325,8.700650e+05
2200,0.00101325,9.032040e+05
2225,0.00101325,9.365850e+05
2250,0.00101325,9.702670e+05
2275,0.00101325,1.004330e+06
2300,0.00101325,1.038870e+06
2325,0.00101325,1.074020e+06
2350,0.00101325,1.109940e+06
2375,0.00101325,1.146870e+06
2400,0.00101325,1.185090e+06
2425,0.00101325,1.224980e+06
2450,0.00101325,1.267040e+06
2475,0.00101325,1.311950e+06
2500,0.00101325,1.360580e+06
2525,0.00101325,1.414080e+06
2550,0.00101325,1.474000e+06
2575,0.00101325,1.542360e+06
2600,0.00101325,1.621800e+06
2625,0.00101325,1.715840e+06
2650,0.00101325,1.829030e+06
2675,0.00101325,1.967330e+06
2700,0.00101325,2.138470e+06
2725,0.00101325,2.352410e+06
2750,0.00101325,2.621970e+06
2775,0.00101325,2.963480e+06
2800,0.00101325,3.397660e+06
2825,0.00101325,3.950510e+06
2850,0.00101325,4.654370e+06
2875,0.00101325,5.549020e+06
2900,0.00101325,6.682610e+06
2925,0.00101325,8.112330e+06
2950,0.00101325,9.904490e+06
2975,0.00101325,1.213320e+07
3000,0.00101325,1.487690e+07
3025,0.00101325,1.821050e+07
3050,0.00101325,2.218700e+07
3075,0.00101325,2.677660e+07
3100,0.00101325,2.973360e+07
3125,0.00101325,3.010250e+07
3150,0.00101325,3.051230e+07
3175,0.00101325,3.096770e+07
3200,0.00101325,3.147390e+07
3225,0.00101325,3.203670e+07
3250,0.00101325,3.266190e+07
3275,0.00101325,3.335620e+07
3300,0.00101325,3.412630e+07
3325,0.00101325,3.497890e+07
3350,0.00101325,3.592080e+07
3375,0.00101325,3.695790e+07
3400,0.00101325,3.809500e+07
3425,0.00101325,3.933470e+07
3450,0.00101325,4.067690e+07
3475,0.00101325,4.211730e+07
3500,0.00101325,4.364660e+07
3525,0.00101325,4.524980e+07
3550,0.00101325,4.690560e+07
3575,0.00101325,4.858730e+07
3600,0.00101325,5.026430e+07
3625,0.00101325,5.190430e+07
3650,0.00101325,5.347630e+07
3675,0.00101325,5.495400e+07
3700,0.00101325,5.631720e+07
3725,0.00101325,5.755380e+07
3750,0.00101325,5.865910e+07
3775,0.00101325,5.963540e+07
3800,0.00101325,6.048960e+07
3825,0.00101325,6.123210e+07
3850,0.00101325,6.187480e+07
3875,0.00101325,6.243030e+07
3900,0.00101325,6.291040e+07
3925,0.00101325,6.332620e+07
3950,0.00101325,6.368770e+07
3975,0.00101325,6.400330e+07
4000,0.00101325,6.428030e+07
4025,0.00101325,6.452500e+07
4050,0.00101325,6.474260e+07
4075,0.00101325,6.493720e+07
4100,0.00101325,6.511260e+07
4125,0.00101325,6.527160e+07
4150,0.00101325,6.541680e+07
4175,0.00101325,6.555020e+07
4200,0.00101325,6.567350e+07
4225,0.00101325,6.578800e+07
4250,0.00101325,6.589510e+07
4275,0.00101325,6.599560e+07
4300,0.00101325,6.609040e+07
4325,0.00101325,6.618020e+07
4350,0.00101325,6.626560e+07
4375,0.00101325,6.634710e+07
4400,0.00101325,6.642520e+07
4425,0.00101325,6.650030e+07
4450,0.00101325,6.657260e+07
4475,0.00101325,6.664250e+07
4500,0.00101325,6.671030e+07
4525,0.00101325,6.677610e+07
4550,0.00101325,6.684010e+07
4575,0.00101325,6.690260e+07
4600,0.00101325,6.696370e+07
4625,0.00101325,6.702360e+07
4650,0.00101325,6.708230e+07
4675,0.00101325,6.714010e+07
4700,0.00101325,6.719690e+07
4725,0.00101325,6.725300e+07
4750,0.00101325,6.730830e+07
4775,0.00101325,6.736300e+07
4800,0.00101325,6.741720e+07
4825,0.00101325,6.747080e+07
4850,0.00101325,6.752400e+07
4875,0.00101325,6.757680e+07
4900,0.00101325,6.762930e+07
4925,0.00101325,6.768150e+07
4950,0.00101325,6.773340e+07
4975,0.00101325,6.778510e+07
5000,0.00101325,6.783670e+07
300,0.00180184,-2.632220e+06
325,0.00180184,-2.607560e+06
350,0.00180184,-2.582700e+06
375,0.00180184,-2.557660e+06
400,0.00180184,-2.532420e+06
425,0.00180184,-2.506960e+06
450,0.00180184,-2.481250e+06
475,0.00180184,-2.455110e+06
500,0.00180184,-2.428150e+06
525,0.00180184,-2.399510e+06
550,0.00180184,-2.367420e+06
575,0.00180184,-2.328610e+06
600,0.00180184,-2.277560e+06
625,0.00180184,-2.205790e+06
650,0.00180184,-2.101970e+06
675,0.00180184,-1.954240e+06
700,0.00180184,-1.756840e+06
725,0.00180184,-1.521330e+06
750,0.00180184,-1.283400e+06
775,0.00180184,-1.086600e+06
800,0.00180184,-9.499670e+05
825,0.00180184,-8.623930e+05
850,0.00180184,-8.041460e+05
875,0.00180184,-7.609300e+05
900,0.00180184,-7.249630e+05
925,0.00180184,-6.924300e+05
950,0.00180184,-6.615180e+05
975,0.00180184,-6.313580e+05
1000,0.00180184,-6.015250e+05
1025,0.00180184,-5.718080e+05
1050,0.00180184,-5.421020e+05
1075,0.00180184,-5.123510e+05
1100,0.00180184,-4.825270e+05
1125,0.00180184,-4.526160e+05
1150,0.00180184,-4.226110e+05
1175,0.00180184,-3.925090e+05
1200,0.00180184,-3.623120e+05
1225,0.00180184,-3.320190e+05
1250,0.00180184,-3.016330e+05
1275,0.00180184,-2.711570e+05
1300,0.00180184,-2.405930e+05
1325,0.00180184,-2.099420e+05
1350,0.00180184,-1.792090e+05
1375,0.00180184,-1.483960e+05
1400,0.00180184,-1.175050e+05
1425,0.00180184,-8.653930e+04
1450,0.00180184,-5.550060e+04
1475,0.00180184,-2.439160e+04
1500,0.00180184,6.785410e+03
1525,0.00180184,3.802820e+04
1550,0.00180184,6.933480e+04
1575,0.00180184,1.007030e+05
1600,0.00180184,1.321310e+05
1625,0.00180184,1.636170e+05
1650,0.00180184,1.951580e+05
1675,0.00180184,2.267550e+05
1700,0.00180184,2.584030e+05
1725,0.00180184,2.901040e+05
1750,0.00180184,3.218540e+05
1775,0.00180184,3.536520e+05
1800,0.00180184,3.854990e+05
1825,0.00180184,4.173910e+05
1850,0.00180184,4.493300e+05
1875,0.00180184,4.813150e+05
1900,0.00180184,5.133450e+05
1925,0.00180184,5.454210e+05
1950,0.00180184,5.775440e+05
1975,0.00180184,6.097170e+05
2000,0.00180184,6.419400e+05
2025,0.00180184,6.742190e+05
2050,0.00180184,7.065590e+05
2075,0.00180184,7.389660e+05
2100,0.00180184,7.714490e+05
2125,0.00180184,8.040220e+05
2150,0.00180184,8.366990e+05
2175,0.00180184,8.695010e+05
2200,0.00180184,9.024530e+05
2225,0.00180184,9.355880e+05
2250,0.00180184,9.689480e+05
2275,0.00180184,1.002590e+06
2300,0.00180184,1.036570e+06
2325,0.00180184,1.070990e+06
2350,0.00180184,1.105950e+06
2375,0.00180184,1.141610e+06
2400,0.00180184,1.178150e+06
2425,0.00180184,1.215810e+06
2450,0.00180184,1.254900e+06
2475,0.00180184,1.295850e+06
2500,0.00180184,1.339200e+06
2525,0.00180184,1.385640e+06
2550,0.00180184,1.436100e+06
2575,0.00180184,1.491800e+06
2600,0.00180184,1.554300e+06
2625,0.00180184,1.625680e+06
2650,0.00180184,1.708600e+06
2675,0.00180184,1.806560e+06
2700,0.00180184,1.924050e+06
2725,0.00180184,2.066880e+06
2750,0.00180184,2.242480e+06
2775,0.00180184,2.460390e+06
2800,0.00180184,2.732660e+06
2825,0.00180184,3.074560e+06
2850,0.00180184,3.505190e+06
2875,0.00180184,4.048330e+06
2900,0.00180184,4.733220e+06
2925,0.00180184,5.595490e+06
2950,0.00180184,6.677880e+06
2975,0.00180184,8.030760e+06
3000,0.00180184,9.712110e+06
3025,0.00180184,1.178650e+07
3050,0.00180184,1.432240e+07
3075,0.00180184,1.738610e+07
3100,0.00180184,2.102960e+07
3125,0.00180184,2.525510e+07
3150,0.00180184,2.962090e+07
3175,0.00180184,2.995020e+07
3200,0.00180184,3.031370e+07
3225,0.00180184,3.071520e+07
3250,0.00180184,3.115870e+07
3275,0.00180184,3.164880e+07
3300,0.00180184,3.219010e+07
3325,0.00180184,3.278800e+07
3350,0.00180184,3.344780e+07
3375,0.00180184,3.417520e+07
3400,0.00180184,3.497600e+07
3425,0.00180184,3.585560e+07
3450,0.00180184,3.681920e+07
3475,0.00180184,3.787090e+07
3500,0.00180184,3.901340e+07
3525,0.00180184,4.024730e+07
3550,0.00180184,4.157020e+07
3575,0.00180184,4.297610e+07
3600,0.00180184,4.445460e+07
3625,0.00180184,4.599060e+07
3650,0.00180184,4.756420e+07
3675,0.00180184,4.915180e+07
3700,0.00180184,5.072710e+07
3725,0.00180184,5.226320e+07
3750,0.00180184,5.373510e+07
3775,0.00180184,5.512130e+07
3800,0.00180184,5.640580e+07
3825,0.00180184,5.757870e+07
3850,0.00180184,5.863590e+07
3875,0.00180184,5.957880e+07
3900,0.00180184,6.041260e+07
3925,0.00180184,6.114540e+07
3950,0.00180184,6.178690e+07
3975,0.00180184,6.234730e+07
4000,0.00180184,6.283670e+07
4025,0.00180184,6.326480e+07
4050,0.00180184,6.364000e+07
4075,0.00180184,6.397020e+07
4100,0.00180184,6.426190e+07
4125,0.00180184,6.452100e+07
4150,0.00180184,6.475240e+07
4175,0.00180184,6.496020e+07
4200,0.00180184,6.514780e+07
4225,0.00180184,6.531830e+07
4250,0.00180184,6.547410e+07
4275,0.00180184,6.561730e+07
4300,0.00180184,6.574960e+07
4325,0.00180184,6.587250e+07
4350,0.00180184,6.598710e+07
4375,0.00180184,6.609470e+07
4400,0.00180184,6.619590e+07
4425,0.00180184,6.629170e+07
4450,0.00180184,6.638260e+07
4475,0.00180184,6.646920e+07
4500,0.00180184,6.655200e+07
4525,0.00180184,6.663140e+07
4550,0.00180184,6.670770e+07
4575,0.00180184,6.678140e+07
4600,0.00180184,6.685260e+07
4625,0.00180184,6.692160e+07
4650,0.00180184,6.698860e+07
4675,0.00180184,6.705390e+07
4700,0.00180184,6.711760e+07
4725,0.00180184,6.717990e+07
4750,0.00180184,6.724090e+07
4775,0.00180184,6.730080e+07
4800,0.00180184,6.735960e+07
4825,0.00180184,6.741750e+07
4850,0.00180184,6.747450e+07
4875,0.00180184,6.753080e+07
4900,0.00180184,6.758640e+07
4925,0.00180184,6.764140e+07
4950,0.00180184,6.769590e+07
4975,0.00180184,6.774990e+07
5000,0.00180184,6.780350e+07
300,0.00320418,-2.632220e+06
325,0.00320418,-2.607560e+06
350,0.00320418,-2.582700e+06
375,0.00320418,-2.557660e+06
400,0.00320418,-2.532420e+06
425,0.00320418,-2.506970e+06
450,0.00320418,-2.481280e+06
475,0.00320418,-2.455230e+06
500,0.00320418,-2.428510e+06
525,0.00320418,-2.400480e+06
550,0.00320418,-2.369810e+06
575,0.00320418,-2.334040e+06
600,0.00320418,-2.288950e+06
625,0.00320418,-2.227960e+06
650,0.00320418,-2.141870e+06
675,0.00320418,-2.019850e+06
700,0.00320418,-1.853180e+06
725,0.00320418,-1.642970e+06
750,0.00320418,-1.409370e+06
775,0.00320418,-1.190280e+06
800,0.00320418,-1.019080e+06
825,0.00320418,-9.023260e+05
850,0.00320418,-8.256820e+05
875,0.00320418,-7.723410e+05
900,0.00320418,-7.310650e+05
925,0.00320418,-6.957650e+05
950,0.00320418,-6.633890e+05
975,0.00320418,-6.324360e+05
1000,0.00320418,-6.021630e+05
1025,0.00320418,-5.721960e+05
1050,0.00320418,-5.423430e+05
1075,0.00320418,-5.125040e+05
1100,0.00320418,-4.826260e+05
1125,0.00320418,-4.526810e+05
1150,0.00320418,-4.226550e+05
1175,0.00320418,-3.925400e+05
1200,0.00320418,-3.623330e+05
1225,0.00320418,-3.320340e+05
1250,0.00320418,-3.016440e+05
1275,0.00320418,-2.711650e+05
1300,0.00320418,-2.405980e+05
1325,0.00320418,-2.099470e+05
1350,0.00320418,-1.792130e+05
1375,0.00320418,-1.483990e+05
1400,0.00320418,-1.175070e+05
1425,0.00320418,-8.654080e+04
1450,0.00320418,-5.550180e+04
1475,0.00320418,-2.439250e+04
1500,0.00320418,6.784650e+03
1525,0.00320418,3.802760e+04
1550,0.00320418,6.933430e+04
1575,0.00320418,1.007030e+05
1600,0.00320418,1.321300e+05
1625,0.00320418,1.636160e+05
1650,0.00320418,1.951580e+05
1675,0.00320418,2.267540e+05
1700,0.00320418,2.584030e+05
1725,0.00320418,2.901030e+05
1750,0.00320418,3.218520e+05
1775,0.00320418,3.536500e+05
1800,0.00320418,3.854960e+05
1825,0.00320418,4.173870e+05
1850,0.00320418,4.493240e+05
1875,0.00320418,4.813060e+05
1900,0.00320418,5.133320e+05
1925,0.00320418,5.454030e+05
1950,0.00320418,5.775190e+05
1975,0.00320418,6.096810e+05
2000,0.00320418,6.418910e+05
2025,0.00320418,6.741510e+05
2050,0.00320418,7.064650e+05
2075,0.00320418,7.388370e+05
2100,0.00320418,7.712760e+05
2125,0.00320418,8.037880e+05
2150,0.00320418,8.363860e+05
2175,0.00320418,8.690840e+05
2200,0.00320418,9.019000e+05
2225,0.00320418,9.348570e+05
2250,0.00320418,9.679860e+05
2275,0.00320418,1.001320e+06
2300,0.00320418,1.034910e+06
2325,0.00320418,1.068820e+06
2350,0.00320418,1.103120e+06
2375,0.00320418,1.137910e+06
2400,0.00320418,1.173310e+06
2425,0.00320418,1.209480e+06
2450,0.00320418,1.246620e+06
2475,0.00320418,1.285000e+06
2500,0.00320418,1.324960e+06
2525,0.00320418,1.366920e+06
2550,0.00320418,1.411460e+06
2575,0.00320418,1.459310e+06
2600,0.00320418,1.511420e+06
2625,0.00320418,1.569010e+06
2650,0.00320418,1.633680e+06
2675,0.00320418,1.707470e+06
2700,0.00320418,1.793030e+06
2725,0.00320418,1.893750e+06
2750,0.00320418,2.013970e+06
2775,0.00320418,2.159230e+06
2800,0.00320418,2.336560e+06
2825,0.00320418,2.554850e+06
2850,0.00320418,2.825250e+06
2875,0.00320418,3.161750e+06
2900,0.00320418,3.581650e+06
2925,0.00320418,4.106290e+06
2950,0.00320418,4.761720e+06
2975,0.00320418,5.579340e+06
3000,0.00320418,6.596570e+06
3025,0.00320418,7.857220e+06
3050,0.00320418,9.411480e+06
3075,0.00320418,1.131520e+07
3100,0.00320418,1.362780e+07
3125,0.00320418,1.640810e+07
3150,0.00320418,1.970620e+07
3175,0.00320418,2.354320e+07
3200,0.00320418,2.783380e+07
3225,0.00320418,2.980620e+07
3250,0.00320418,3.012790e+07
3275,0.00320418,3.048100e+07
3300,0.00320418,3.086870e+07
3325,0.00320418,3.129460e+07
3350,0.00320418,3.176230e+07
3375,0.00320418,3.227590e+07
3400,0.00320418,3.283980e+07
3425,0.00320418,3.345850e+07
3450,0.00320418,3.413670e+07
3475,0.00320418,3.487920e+07
3500,0.00320418,3.569060e+07
3525,0.00320418,3.657530e+07
3550,0.00320418,3.753700e+07
3575,0.00320418,3.857840e+07
3600,0.00320418,3.970080e+07
3625,0.00320418,4.090330e+07
3650,0.00320418,4.218260e+07
3675,0.00320418,4.353220e+07
3700,0.00320418,4.494210e+07
3725,0.00320418,4.639840e+07
3750,0.00320418,4.788390e+07
3775,0.00320418,4.937850e+07
3800,0.00320418,5.086010e+07
3825,0.00320418,5.230670e+07
3850,0.00320418,5.369740e+07
3875,0.00320418,5.501430e+07
3900,0.00320418,5.624370e+07
3925,0.00320418,5.737640e+07
3950,0.00320418,5.840790e+07
3975,0.00320418,5.933820e+07
4000,0.00320418,6.017030e+07
4025,0.00320418,6.091030e+07
4050,0.00320418,6.156550e+07
4075,0.00320418,6.214410e+07
4100,0.00320418,6.265450e+07
4125,0.00320418,6.310500e+07
4150,0.00320418,6.350330e+07
4175,0.00320418,6.385610e+07
4200,0.00320418,6.416980e+07
4225,0.00320418,6.444980e+07
4250,0.00320418,6.470080e+07
4275,0.00320418,6.492690e+07
4300,0.00320418,6.513160e+07
4325,0.00320418,6.531770e+07
4350,0.00320418,6.548790e+07
4375,0.00320418,6.564430e+07
4400,0.00320418,6.578870e+07
4425,0.00320418,6.592270e+07
4450,0.00320418,6.604760e+07
4475,0.00320418,6.616450e+07
4500,0.00320418,6.627430e+07
4525,0.00320418,6.637800e+07
4550,0.00320418,6.647620e+07
4575,0.00320418,6.656950e+07
4600,0.00320418,6.665840e+07
4625,0.00320418,6.674350e+07
4650,0.00320418,6.682520e+07
4675,0.00320418,6.690370e+07
4700,0.00320418,6.697950e+07
4725,0.00320418,6.705270e+07
4750,0.00320418,6.712370e+07
4775,0.00320418,6.719260e+07
4800,0.00320418,6.725970e+07
4825,0.00320418,6.732520e+07
4850,0.00320418,6.738910e+07
4875,0.00320418,6.745170e+07
4900,0.00320418,6.751310e+07
4925,0.00320418,6.757330e+07
4950,0.00320418,6.763260e+07
4975,0.00320418,6.769090e+07
5000,0.00320418,6.774850e+07
300,0.00569792,-2.632220e+06
325,0.00569792,-2.607560e+06
350,0.00569792,-2.582700e+06
375,0.00569792,-2.557660e+06
400,0.00569792,-2.532420e+06
425,0.00569792,-2.506980e+06
450,0.00569792,-2.481310e+06
475,0.00569792,-2.455320e+06
500,0.00569792,-2.428780e+06
525,0.00569792,-2.401210e+06
550,0.00569792,-2.371610e+06
575,0.00569792,-2.338130e+06
600,0.00569792,-2.297550e+06
625,0.00569792,-2.244830e+06
650,0.00569792,-2.172660e+06
675,0.00569792,-2.071790e+06
700,0.00569792,-1.932980e+06
725,0.00569792,-1.751740e+06
750,0.00569792,-1.535940e+06
775,0.00569792,-1.311140e+06
800,0.00569792,-1.112530e+06
825,0.00569792,-9.628700e+05
850,0.00569792,-8.607830e+05
875,0.00569792,-7.917080e+05
900,0.00569792,-7.416490e+05
925,0.00569792,-7.016150e+05
950,0.00569792,-6.666900e+05
975,0.00569792,-6.343450e+05
1000,0.00569792,-6.032950e+05
1025,0.00569792,-5.728830e+05
1050,0.00569792,-5.427710e+05
1075,0.00569792,-5.127760e+05
1100,0.00569792,-4.828030e+05
1125,0.00569792,-4.527990e+05
1150,0.00569792,-4.227340e+05
1175,0.00569792,-3.925940e+05
1200,0.00569792,-3.623710e+05
1225,0.00569792,-3.320610e+05
1250,0.00569792,-3.016640e+05
1275,0.00569792,-2.711790e+05
1300,0.00569792,-2.406090e+05
1325,0.00569792,-2.099540e+05
1350,0.00569792,-1.792190e+05
1375,0.00569792,-1.484030e+05
1400,0.00569792,-1.175110e+05
1425,0.00569792,-8.654350e+04
1450,0.00569792,-5.550390e+04
1475,0.00569792,-2.439420e+04
1500,0.00569792,6.783320e+03
1525,0.00569792,3.802660e+04
1550,0.00569792,6.933340e+04
1575,0.00569792,1.007020e+05
1600,0.00569792,1.321300e+05
1625,0.00569792,1.636160e+05
1650,0.00569792,1.951570e+05
1675,0.00569792,2.267530e+05
1700,0.00569792,2.584020e+05
1725,0.00569792,2.901020e+05
1750,0.00569792,3.218510e+05
1775,0.00569792,3.536490e+05
1800,0.00569792,3.854940e+05
1825,0.00569792,4.173840e+05
1850,0.00569792,4.493200e+05
1875,0.00569792,4.813000e+05
1900,0.00569792,5.133230e+05
1925,0.00569792,5.453900e+05
1950,0.00569792,5.775000e+05
1975,0.00569792,6.096540e+05
2000,0.00569792,6.418540e+05
2025,0.00569792,6.740990e+05
2050,0.00569792,7.063940e+05
2075,0.00569792,7.387420e+05
2100,0.00569792,7.711460e+05
2125,0.00569792,8.036140e+05
2150,0.00569792,8.361540e+05
2175,0.00569792,8.687750e+05
2200,0.00569792,9.014910e+05
2225,0.00569792,9.343190e+05
2250,0.00569792,9.672790e+05
2275,0.00569792,1.000400e+06
2300,0.00569792,1.033710e+06
2325,0.00569792,1.067250e+06
2350,0.00569792,1.101090e+06
2375,0.00569792,1.135270e+06
2400,0.00569792,1.169890e+06
2425,0.00569792,1.205050e+06
2450,0.00569792,1.240880e+06
2475,0.00569792,1.277560e+06
2500,0.00569792,1.315290e+06
2525,0.00569792,1.354360e+06
2550,0.00569792,1.395110e+06
2575,0.00569792,1.438000e+06
2600,0.00569792,1.483610e+06
2625,0.00569792,1.532680e+06
2650,0.00569792,1.586160e+06
2675,0.00569792,1.645270e+06
2700,0.00569792,1.711590e+06
2725,0.00569792,1.787100e+06
2750,0.00569792,1.874360e+06
2775,0.00569792,1.976600e+06
2800,0.00569792,2.097920e+06
2825,0.00569792,2.243500e+06
2850,0.00569792,2.419840e+06
2875,0.00569792,2.635100e+06
2900,0.00569792,2.899410e+06
2925,0.00569792,3.225320e+06
2950,0.00569792,3.628270e+06
2975,0.00569792,4.127110e+06
3000,0.00569792,4.744630e+06
3025,0.00569792,5.508170e+06
3050,0.00569792,6.450020e+06
3075,0.00569792,7.607850e+06
3100,0.00569792,9.024670e+06
3125,0.00569792,1.074830e+07
3150,0.00569792,1.283020e+07
3175,0.00569792,1.532220e+07
3200,0.00569792,1.827140e+07
3225,0.00569792,2.170870e+07
3250,0.00569792,2.561830e+07
3275,0.00569792,2.967330e+07
3300,0.00569792,2.995770e+07
3325,0.00569792,3.026780e+07
3350,0.00569792,3.060640e+07
3375,0.00569792,3.097600e+07
3400,0.00569792,3.137960e+07
3425,0.00569792,3.182040e+07
3450,0.00569792,3.230160e+07
3475,0.00569792,3.282700e+07
3500,0.00569792,3.340030e+07
3525,0.00569792,3.402530e+07
3550,0.00569792,3.470600e+07
3575,0.00569792,3.544630e+07
3600,0.00569792,3.624990e+07
3625,0.00569792,3.712000e+07
3650,0.00569792,3.805950e+07
3675,0.00569792,3.906990e+07
3700,0.00569792,4.015170e+07
3725,0.00569792,4.130350e+07
3750,0.00569792,4.252170e+07
3775,0.00569792,4.380050e+07
3800,0.00569792,4.513090e+07
3825,0.00569792,4.650120e+07
3850,0.00569792,4.789700e+07
3875,0.00569792,4.930180e+07
3900,0.00569792,5.069750e+07
3925,0.00569792,5.206580e+07
3950,0.00569792,5.338930e+07
3975,0.00569792,5.465260e+07
4000,0.00569792,5.584310e+07
4025,0.00569792,5.695180e+07
4050,0.00569792,5.797350e+07
4075,0.00569792,5.890610e+07
4100,0.00569792,5.975080e+07
4125,0.00569792,6.051120e+07
4150,0.00569792,6.119240e+07
4175,0.00569792,6.180080e+07
4200,0.00569792,6.234310e+07
4225,0.00569792,6.282610e+07
4250,0.00569792,6.325660e+07
4275,0.00569792,6.364080e+07
4300,0.00569792,6.398450e+07
4325,0.00569792,6.429270e+07
4350,0.00569792,6.457010e+07
4375,0.00569792,6.482070e+07
4400,0.00569792,6.504790e+07
4425,0.00569792,6.525490e+07
4450,0.00569792,6.544420e+07
4475,0.00569792,6.561810e+07
4500,0.00569792,6.577860e+07
4525,0.00569792,6.592730e+07
4550,0.00569792,6.606570e+07
4575,0.00569792,6.619490e+07
4600,0.00569792,6.631610e+07
4625,0.00569792,6.643020e+07
4650,0.00569792,6.653800e+07
4675,0.00569792,6.664010e+07
4700,0.00569792,6.673720e+07
4725,0.00569792,6.682990e+07
4750,0.00569792,6.691850e+07
4775,0.00569792,6.700340e+07
4800,0.00569792,6.708520e+07
4825,0.00569792,6.716400e+07
4850,0.00569792,6.724010e+07
4875,0.00569792,6.731380e+07
4900,0.00569792,6.738540e+07
4925,0.00569792,6.745500e+07
4950,0.00569792,6.752280e+07
4975,0.00569792,6.758900e+07
5000,0.00569792,6.765370e+07
300,0.0101325,-2.632220e+06
325,0.0101325,-2.607560e+06
350,0.0101325,-2.582700e+06
375,0.0101325,-2.557660e+06
400,0.0101325,-2.532420e+06
425,0.0101325,-2.506990e+06
450,0.0101325,-2.481330e+06
475,0.0101325,-2.455380e+06
500,0.0101325,-2.428980e+06
525,0.0101325,-2.401760e+06
550,0.0101325,-2.372960e+06
575,0.0101325,-2.341200e+06
600,0.0101325,-2.304040e+06
625,0.0101325,-2.257630e+06
650,0.0101325,-2.196240e+06
675,0.0101325,-2.112310e+06
700,0.0101325,-1.997310e+06
725,0.0101325,-1.844420e+06
750,0.0101325,-1.653770e+06
775,0.0101325,-1.438700e+06
800,0.0101325,-1.226730e+06
825,0.0101325,-1.047550e+06
850,0.0101325,-9.150140e+05
875,0.0101325,-8.235460e+05
900,0.0101325,-7.596720e+05
925,0.0101325,-7.117700e+05
950,0.0101325,-6.724810e+05
975,0.0101325,-6.377130e+05
1000,0.0101325,-6.052980e+05
1025,0.0101325,-5.741030e+05
1050,0.0101325,-5.435300e+05
1075,0.0101325,-5.132600e+05
1100,0.0101325,-4.831170e+05
1125,0.0101325,-4.530070e+05
1150,0.0101325,-4.228750e+05
1175,0.0101325,-3.926910e+05
1200,0.0101325,-3.624380e+05
1225,0.0101325,-3.321090e+05
1250,0.0101325,-3.016980e+05
1275,0.0101325,-2.712040e+05
1300,0.0101325,-2.406270e+05
1325,0.0101325,-2.099680e+05
1350,0.0101325,-1.792290e+05
1375,0.0101325,-1.484110e+05
1400,0.0101325,-1.175170e+05
1425,0.0101325,-8.654820e+04
1450,0.0101325,-5.550760e+04
1475,0.0101325,-2.439720e+04
1500,0.0101325,6.780960e+03
1525,0.0101325,3.802460e+04
1550,0.0101325,6.933180e+04
1575,0.0101325,1.007010e+05
1600,0.0101325,1.321290e+05
1625,0.0101325,1.636150e+05
1650,0.0101325,1.951570e+05
1675,0.0101325,2.267530e+05
1700,0.0101325,2.584010e+05
1725,0.0101325,2.901010e+05
1750,0.0101325,3.218500e+05
1775,0.0101325,3.536480e+05
1800,0.0101325,3.854920e+05
1825,0.0101325,4.173820e+05
1850,0.0101325,4.493160e+05
1875,0.0101325,4.812950e+05
1900,0.0101325,5.133160e+05
1925,0.0101325,5.453800e+05
1950,0.0101325,5.774860e+05
1975,0.0101325,6.096340e+05
2000,0.0101325,6.418260e+05
2025,0.0101325,6.740610e+05
2050,0.0101325,7.063420e+05
2075,0.0101325,7.386700e+05
2100,0.0101325,7.710500e+05
2125,0.0101325,8.034850e+05
2150,0.0101325,8.359810e+05
2175,0.0101325,8.685450e+05
2200,0.0101325,9.011880e+05
2225,0.0101325,9.339200e+05
2250,0.0101325,9.667570e+05
2275,0.0101325,9.997180e+05
2300,0.0101325,1.032830e+06
2325,0.0101325,1.066110e+06
2350,0.0101325,1.099610e+06
2375,0.0101325,1.133370e+06
2400,0.0101325,1.167440e+06
2425,0.0101325,1.201900e+06
2450,0.0101325,1.236840e+06
2475,0.0101325,1.272360e+06
2500,0.0101325,1.308610e+06
2525,0.0101325,1.345760e+06
2550,0.0101325,1.384050e+06
2575,0.0101325,1.423740e+06
2600,0.0101325,1.465210e+06
2625,0.0101325,1.508900e+06
2650,0.0101325,1.555410e+06
2675,0.0101325,1.605460e+06
2700,0.0101325,1.659990e+06
2725,0.0101325,1.720200e+06
2750,0.0101325,1.787590e+06
2775,0.0101325,1.864070e+06
2800,0.0101325,1.952040e+06
2825,0.0101325,2.054530e+06
2850,0.0101325,2.175340e+06
2875,0.0101325,2.319230e+06
2900,0.0101325,2.492100e+06
2925,0.0101325,2.701280e+06
2950,0.0101325,2.955820e+06
2975,0.0101325,3.266810e+06
3000,0.0101325,3.647790e+06
3025,0.0101325,4.115150e+06
3050,0.0101325,4.688570e+06
3075,0.0101325,5.391480e+06
3100,0.0101325,6.251440e+06
3125,0.0101325,7.300440e+06
3150,0.0101325,8.574950e+06
3175,0.0101325,1.011560e+07
3200,0.0101325,1.196640e+07
3225,0.0101325,1.417280e+07
3250,0.0101325,1.677790e+07
3275,0.0101325,1.981680e+07
3300,0.0101325,2.330130e+07
3325,0.0101325,2.717260e+07
3350,0.0101325,2.980480e+07
3375,0.0101325,3.007720e+07
3400,0.0101325,3.037280e+07
3425,0.0101325,3.069360e+07
3450,0.0101325,3.104190e+07
3475,0.0101325,3.142010e+07
3500,0.0101325,3.183090e+07
3525,0.0101325,3.227700e+07
3550,0.0101325,3.276130e+07
3575,0.0101325,3.328690e+07
3600,0.0101325,3.385700e+07
3625,0.0101325,3.447480e+07
3650,0.0101325,3.514350e+07
3675,0.0101325,3.586640e+07
3700,0.0101325,3.664620e+07
3725,0.0101325,3.748560e+07
3750,0.0101325,3.838640e+07
3775,0.0101325,3.934980e+07
3800,0.0101325,4.037580e+07
3825,0.0101325,4.146300e+07
3850,0.0101325,4.260830e+07
3875,0.0101325,4.380670e+07
3900,0.0101325,4.505090e+07
3925,0.0101325,4.633160e+07
3950,0.0101325,4.763730e+07
3975,0.0101325,4.895460e+07
4000,0.0101325,5.026910e+07
4025,0.0101325,5.156580e+07
4050,0.0101325,5.283000e+07
4075,0.0101325,5.404830e+07
4100,0.0101325,5.520900e+07
4125,0.0101325,5.630300e+07
4150,0.0101325,5.732400e+07
4175,0.0101325,5.826840e+07
4200,0.0101325,5.913530e+07
4225,0.0101325,5.992580e+07
4250,0.0101325,6.064290e+07
4275,0.0101325,6.129090e+07
4300,0.0101325,6.187480e+07
4325,0.0101325,6.240010e+07
4350,0.0101325,6.287240e+07
4375,0.0101325,6.329710e+07
4400,0.0101325,6.367940e+07
4425,0.0101325,6.402420e+07
4450,0.0101325,6.433580e+07
4475,0.0101325,6.461830e+07
4500,0.0101325,6.487500e+07
4525,0.0101325,6.510920e+07
4550,0.0101325,6.532360e+07
4575,0.0101325,6.552050e+07
4600,0.0101325,6.570210e+07
4625,0.0101325,6.587010e+07
4650,0.0101325,6.602620e+07
4675,0.0101325,6.617180e+07
4700,0.0101325,6.630800e+07
4725,0.0101325,6.643580e+07
4750,0.0101325,6.655630e+07
4775,0.0101325,6.667010e+07
4800,0.0101325,6.677800e+07
4825,0.0101325,6.688050e+07
4850,0.0101325,6.697840e+07
4875,0.0101325,6.707190e+07
4900,0.0101325,6.716150e+07
4925,0.0101325,6.724760e+07
4950,0.0101325,6.733050e+07
4975,0.0101325,6.741060e+07
5000,0.0101325,6.748800e+07
300,0.0180184,-2.632220e+06
325,0.0180184,-2.607560e+06
350,0.0180184,-2.582700e+06
375,0.0180184,-2.557660e+06
400,0.0180184,-2.532420e+06
425,0.0180184,-2.506990e+06
450,0.0180184,-2.481340e+06
475,0.0180184,-2.455440e+06
500,0.0180184,-2.429140e+06
525,0.0180184,-2.402170e+06
550,0.0180184,-2.373980e+06
575,0.0180184,-2.343500e+06
600,0.0180184,-2.308930e+06
625,0.0180184,-2.267300e+06
650,0.0180184,-2.214210e+06
675,0.0180184,-2.143610e+06
700,0.0180184,-2.048170e+06
725,0.0180184,-1.920670e+06
750,0.0180184,-1.757240e+06
775,0.0180184,-1.562280e+06
800,0.0180184,-1.352640e+06
825,0.0180184,-1.155000e+06
850,0.0180184,-9.927670e+05
875,0.0180184,-8.733690e+05
900,0.0180184,-7.894600e+05
925,0.0180184,-7.290940e+05
950,0.0180184,-6.825370e+05
975,0.0180184,-6.436190e+05
1000,0.0180184,-6.088320e+05
1025,0.0180184,-5.762610e+05
1050,0.0180184,-5.448770e+05
1075,0.0180184,-5.141180e+05
1100,0.0180184,-4.836760e+05
1125,0.0180184,-4.533770e+05
1150,0.0180184,-4.231240e+05
1175,0.0180184,-3.928620e+05
1200,0.0180184,-3.625580e+05
1225,0.0180184,-3.321940e+05
1250,0.0180184,-3.017590e+05
1275,0.0180184,-2.712480e+05
1300,0.0180184,-2.406600e+05
1325,0.0180184,-2.099930e+05
1350,0.0180184,-1.792470e+05
1375,0.0180184,-1.484250e+05
1400,0.0180184,-1.175280e+05
1425,0.0180184,-8.655660e+04
1450,0.0180184,-5.551420e+04
1475,0.0180184,-2.440240e+04
1500,0.0180184,6.776770e+03
1525,0.0180184,3.802130e+04
1550,0.0180184,6.932910e+04
1575,0.0180184,1.006980e+05
1600,0.0180184,1.321270e+05
1625,0.0180184,1.636130e+05
1650,0.0180184,1.951550e+05
1675,0.0180184,2.267520e+05
1700,0.0180184,2.584000e+05
1725,0.0180184,2.901000e+05
1750,0.0180184,3.218490e+05
1775,0.0180184,3.536460e+05
1800,0.0180184,3.854900e+05
1825,0.0180184,4.173800e+05
1850,0.0180184,4.493130e+05
1875,0.0180184,4.812910e+05
1900,0.0180184,5.133100e+05
1925,0.0180184,5.453720e+05
1950,0.0180184,5.774750e+05
1975,0.0180184,6.096190e+05
2000,0.0180184,6.418050e+05
2025,0.0180184,6.740320e+05
2050,0.0180184,7.063020e+05
2075,0.0180184,7.386170e+05
2100,0.0180184,7.709770e+05
2125,0.0180184,8.033880e+05
2150,0.0180184,8.358510e+05
2175,0.0180184,8.683740e+05
2200,0.0180184,9.009620e+05
2225,0.0180184,9.336240e+05
2250,0.0180184,9.663710e+05
2275,0.0180184,9.992160e+05
2300,0.0180184,1.032180e+06
2325,0.0180184,1.065270e+06
2350,0.0180184,1.098530e+06
2375,0.0180184,1.131990e+06
2400,0.0180184,1.165670e+06
2425,0.0180184,1.199640e+06
2450,0.0180184,1.233950e+06
2475,0.0180184,1.268680e+06
2500,0.0180184,1.303920e+06
2525,0.0180184,1.339780e+06
2550,0.0180184,1.376420e+06
2575,0.0180184,1.414010e+06
2600,0.0180184,1.452790e+06
2625,0.0180184,1.493030e+06
2650,0.0180184,1.535090e+06
2675,0.0180184,1.579440e+06
2700,0.0180184,1.626630e+06
2725,0.0180184,1.677400e+06
2750,0.0180184,1.732630e+06
2775,0.0180184,1.793470e+06
2800,0.0180184,1.861330e+06
2825,0.0180184,1.938010e+06
2850,0.0180184,2.025730e+06
2875,0.0180184,2.127270e+06
2900,0.0180184,2.246100e+06
2925,0.0180184,2.386470e+06
2950,0.0180184,2.553680e+06
2975,0.0180184,2.754220e+06
3000,0.0180184,2.996000e+06
3025,0.0180184,3.288700e+06
3050,0.0180184,3.644000e+06
3075,0.0180184,4.075940e+06
3100,0.0180184,4.601270e+06
3125,0.0180184,5.239840e+06
3150,0.0180184,6.014840e+06
3175,0.0180184,6.953150e+06
3200,0.0180184,8.085350e+06
3225,0.0180184,9.445630e+06
3250,0.0180184,1.107130e+07
3275,0.0180184,1.300140e+07
3300,0.0180184,1.527490e+07
3325,0.0180184,1.792670e+07
3350,0.0180184,2.098060e+07
3375,0.0180184,2.443230e+07
3400,0.0180184,2.818090e+07
3425,0.0180184,2.990970e+07
3450,0.0180184,3.016800e+07
3475,0.0180184,3.044680e+07
3500,0.0180184,3.074770e+07
3525,0.0180184,3.107270e+07
3550,0.0180184,3.142370e+07
3575,0.0180184,3.180280e+07
3600,0.0180184,3.221240e+07
3625,0.0180184,3.265470e+07
3650,0.0180184,3.313230e+07
3675,0.0180184,3.364760e+07
3700,0.0180184,3.420340e+07
3725,0.0180184,3.480240e+07
3750,0.0180184,3.544700e+07
3775,0.0180184,3.613990e+07
3800,0.0180184,3.688340e+07
3825,0.0180184,3.767930e+07
3850,0.0180184,3.852930e+07
3875,0.0180184,3.943400e+07
3900,0.0180184,4.039350e+07
3925,0.0180184,4.140670e+07
3950,0.0180184,4.247120e+07
3975,0.0180184,4.358300e+07
4000,0.0180184,4.473680e+07
4025,0.0180184,4.592530e+07
4050,0.0180184,4.713970e+07
4075,0.0180184,4.836980e+07
4100,0.0180184,4.960420e+07
4125,0.0180184,5.083080e+07
4150,0.0180184,5.203740e+07
4175,0.0180184,5.321240e+07
4200,0.0180184,5.434520e+07
4225,0.0180184,5.542660e+07
4250,0.0180184,5.644970e+07
4275,0.0180184,5.740930e+07
4300,0.0180184,5.830250e+07
4325,0.0180184,5.912850e+07
4350,0.0180184,5.988780e+07
4375,0.0180184,6.058280e+07
4400,0.0180184,6.121640e+07
4425,0.0180184,6.179270e+07
4450,0.0180184,6.231580e+07
4475,0.0180184,6.279030e+07
4500,0.0180184,6.322070e+07
4525,0.0180184,6.361130e+07
4550,0.0180184,6.396610e+07
4575,0.0180184,6.428910e+07
4600,0.0180184,6.458360e+07
4625,0.0180184,6.485280e+07
4650,0.0180184,6.509950e+07
4675,0.0180184,6.532630e+07
4700,0.0180184,6.553550e+07
4725,0.0180184,6.572890e+07
4750,0.0180184,6.590830e+07
4775,0.0180184,6.607530e+07
4800,0.0180184,6.623130e+07
4825,0.0180184,6.637730e+07
4850,0.0180184,6.651450e+07
4875,0.0180184,6.664380e+07
4900,0.0180184,6.676600e+07
4925,0.0180184,6.688180e+07
4950,0.0180184,6.699180e+07
4975,0.0180184,6.709660e+07
5000,0.0180184,6.719680e+07
300,0.0320418,-2.632220e+06
325,0.0320418,-2.607560e+06
350,0.0320418,-2.582700e+06
375,0.0320418,-2.557660e+06
400,0.0320418,-2.532420e+06
425,0.0320418,-2.506990e+06
450,0.0320418,-2.481360e+06
475,0.0320418,-2.455470e+06
500,0.0320418,-2.429250e+06
525,0.0320418,-2.402480e+06
550,0.0320418,-2.374740e+06
575,0.0320418,-2.345240e+06
600,0.0320418,-2.312600e+06
625,0.0320418,-2.274590e+06
650,0.0320418,-2.227840e+06
675,0.0320418,-2.167590e+06
700,0.0320418,-2.087810e+06
725,0.0320418,-1.981850e+06
750,0.0320418,-1.844260e+06
775,0.0320418,-1.674120e+06
800,0.0320418,-1.479190e+06
825,0.0320418,-1.277910e+06
850,0.0320418,-1.094290e+06
875,0.0320418,-9.460400e+05
900,0.0320418,-8.364510e+05
925,0.0320418,-7.578060e+05
950,0.0320418,-6.996980e+05
975,0.0320418,-6.538710e+05
1000,0.0320418,-6.150240e+05
1025,0.0320418,-5.800650e+05
1050,0.0320418,-5.472590e+05
1075,0.0320418,-5.156390e+05
1100,0.0320418,-4.846660e+05
1125,0.0320418,-4.540340e+05
1150,0.0320418,-4.235680e+05
1175,0.0320418,-3.931670e+05
1200,0.0320418,-3.627710e+05
1225,0.0320418,-3.323440e+05
1250,0.0320418,-3.018670e+05
1275,0.0320418,-2.713270e+05
1300,0.0320418,-2.407180e+05
1325,0.0320418,-2.100360e+05
1350,0.0320418,-1.792800e+05
1375,0.0320418,-1.484500e+05
1400,0.0320418,-1.175470e+05
1425,0.0320418,-8.657170e+04
1450,0.0320418,-5.552600e+04
1475,0.0320418,-2.441170e+04
1500,0.0320418,6.769310e+03
1525,0.0320418,3.801530e+04
1550,0.0320418,6.932420e+04
1575,0.0320418,1.006940e+05
1600,0.0320418,1.321240e+05
1625,0.0320418,1.636100e+05
1650,0.0320418,1.951530e+05
1675,0.0320418,2.267500e+05
1700,0.0320418,2.583990e+05
1725,0.0320418,2.900980e+05
1750,0.0320418,3.218480e+05
1775,0.0320418,3.536450e+05
1800,0.0320418,3.854890e+05
1825,0.0320418,4.173780e+05
1850,0.0320418,4.493110e+05
1875,0.0320418,4.812870e+05
1900,0.0320418,5.133060e+05
1925,0.0320418,5.453660e+05
1950,0.0320418,5.774670e+05
1975,0.0320418,6.096080e+05
2000,0.0320418,6.417890e+05
2025,0.0320418,6.740100e+05
2050,0.0320418,7.062730e+05
2075,0.0320418,7.385760e+05
2100,0.0320418,7.709230e+05
2125,0.0320418,8.033150e+05
2150,0.0320418,8.357550e+05
2175,0.0320418,8.682460e+05
2200,0.0320418,9.007930e+05
2225,0.0320418,9.334030e+05
2250,0.0320418,9.660840e+05
2275,0.0320418,9.988440e+05
2300,0.0320418,1.031700e+06
2325,0.0320418,1.064660e+06
2350,0.0320418,1.097740e+06
2375,0.0320418,1.130970e+06
2400,0.0320418,1.164380e+06
2425,0.0320418,1.198000e+06
2450,0.0320418,1.231870e+06
2475,0.0320418,1.266040e+06
2500,0.0320418,1.300580e+06
2525,0.0320418,1.335560e+06
2550,0.0320418,1.371080e+06
2575,0.0320418,1.407260e+06
2600,0.0320418,1.444250e+06
2625,0.0320418,1.482220e+06
2650,0.0320418,1.521410e+06
2675,0.0320418,1.562090e+06
2700,0.0320418,1.604630e+06
2725,0.0320418,1.649450e+06
2750,0.0320418,1.697110e+06
2775,0.0320418,1.748290e+06
2800,0.0320418,1.803850e+06
2825,0.0320418,1.864850e+06
2850,0.0320418,1.932600e+06
2875,0.0320418,2.008750e+06
2900,0.0320418,2.095330e+06
2925,0.0320418,2.194840e+06
2950,0.0320418,2.310360e+06
2975,0.0320418,2.445700e+06
3000,0.0320418,2.605480e+06
3025,0.0320418,2.795350e+06
3050,0.0320418,3.022170e+06
3075,0.0320418,3.294210e+06
3100,0.0320418,3.621410e+06
3125,0.0320418,4.015650e+06
3150,0.0320418,4.491000e+06
3175,0.0320418,5.064020e+06
3200,0.0320418,5.754040e+06
3225,0.0320418,6.583340e+06
3250,0.0320418,7.577300e+06
3275,0.0320418,8.764360e+06
3300,0.0320418,1.017570e+07
3325,0.0320418,1.184460e+07
3350,0.0320418,1.380520e+07
3375,0.0320418,1.609030e+07
3400,0.0320418,1.872730e+07
3425,0.0320418,2.173150e+07
3450,0.0320418,2.508800e+07
3475,0.0320418,2.867070e+07
3500,0.0320418,2.999140e+07
3525,0.0320418,3.023420e+07
3550,0.0320418,3.049470e+07
3575,0.0320418,3.077460e+07
3600,0.0320418,3.107520e+07
3625,0.0320418,3.139820e+07
3650,0.0320418,3.174540e+07
3675,0.0320418,3.211840e+07
3700,0.0320418,3.251910e+07
3725,0.0320418,3.294970e+07
3750,0.0320418,3.341210e+07
3775,0.0320418,3.390840e+07
3800,0.0320418,3.444090e+07
3825,0.0320418,3.501160e+07
3850,0.0320418,3.562280e+07
3875,0.0320418,3.627630e+07
3900,0.0320418,3.697400e+07
3925,0.0320418,3.771760e+07
3950,0.0320418,3.850820e+07
3975,0.0320418,3.934650e+07
4000,0.0320418,4.023260e+07
4025,0.0320418,4.116590e+07
4050,0.0320418,4.214450e+07
4075,0.0320418,4.316600e+07
4100,0.0320418,4.422620e+07
4125,0.0320418,4.532020e+07
4150,0.0320418,4.644140e+07
4175,0.0320418,4.758230e+07
4200,0.0320418,4.873420e+07
4225,0.0320418,4.988780e+07
4250,0.0320418,5.103320e+07
4275,0.0320418,5.216070e+07
4300,0.0320418,5.326070e+07
4325,0.0320418,5.432490e+07
4350,0.0320418,5.534560e+07
4375,0.0320418,5.631700e+07
4400,0.0320418,5.723460e+07
4425,0.0320418,5.809560e+07
4450,0.0320418,5.889850e+07
4475,0.0320418,5.964350e+07
4500,0.0320418,6.033160e+07
4525,0.0320418,6.096510e+07
4550,0.0320418,6.154650e+07
4575,0.0320418,6.207930e+07
4600,0.0320418,6.256680e+07
4625,0.0320418,6.301260e+07
4650,0.0320418,6.342030e+07
4675,0.0320418,6.379340e+07
4700,0.0320418,6.413510e+07
4725,0.0320418,6.444860e+07
4750,0.0320418,6.473660e+07
4775,0.0320418,6.500180e+07
4800,0.0320418,6.524650e+07
4825,0.0320418,6.547290e+07
4850,0.0320418,6.568290e+07
4875,0.0320418,6.587800e+07
4900,0.0320418,6.606000e+07
4925,0.0320418,6.623010e+07
4950,0.0320418,6.638950e+07
4975,0.0320418,6.653940e+07
5000,0.0320418,6.668060e+07
300,0.0569792,-2.632220e+06
325,0.0569792,-2.607560e+06
350,0.0569792,-2.582700e+06
375,0.0569792,-2.557660e+06
400,0.0569792,-2.532420e+06
425,0.0569792,-2.506990e+06
450,0.0569792,-2.481360e+06
475,0.0569792,-2.455500e+06
500,0.0569792,-2.429340e+06
525,0.0569792,-2.402710e+06
550,0.0569792,-2.375310e+06
575,0.0569792,-2.346540e+06
600,0.0569792,-2.315360e+06
625,0.0569792,-2.280090e+06
650,0.0569792,-2.238150e+06
675,0.0569792,-2.185870e+06
700,0.0569792,-2.118400e+06
725,0.0569792,-2.030040e+06
750,0.0569792,-1.915170e+06
775,0.0569792,-1.770280e+06
800,0.0569792,-1.597040e+06
825,0.0569792,-1.405440e+06
850,0.0569792,-1.213830e+06
875,0.0569792,-1.042890e+06
900,0.0569792,-9.057510e+05
925,0.0569792,-8.032890e+05
950,0.0569792,-7.281570e+05
975,0.0569792,-6.713510e+05
1000,0.0569792,-6.257590e+05
1025,0.0569792,-5.867240e+05
1050,0.0569792,-5.514520e+05
1075,0.0569792,-5.183260e+05
1100,0.0569792,-4.864190e+05
1125,0.0569792,-4.551990e+05
1150,0.0569792,-4.243550e+05
1175,0.0569792,-3.937080e+05
1200,0.0569792,-3.631480e+05
1225,0.0569792,-3.326120e+05
1250,0.0569792,-3.020600e+05
1275,0.0569792,-2.714670e+05
1300,0.0569792,-2.408210e+05
1325,0.0569792,-2.101130e+05
1350,0.0569792,-1.793380e+05
1375,0.0569792,-1.484950e+05
1400,0.0569792,-1.175810e+05
1425,0.0569792,-8.659830e+04
1450,0.0569792,-5.554700e+04
1475,0.0569792,-2.442830e+04
1500,0.0569792,6.756060e+03
1525,0.0569792,3.800460e+04
1550,0.0569792,6.931560e+04
1575,0.0569792,1.006870e+05
1600,0.0569792,1.321180e+05
1625,0.0569792,1.636060e+05
1650,0.0569792,1.951490e+05
1675,0.0569792,2.267460e+05
1700,0.0569792,2.583960e+05
1725,0.0569792,2.900960e+05
1750,0.0569792,3.218450e+05
1775,0.0569792,3.536430e+05
1800,0.0569792,3.854860e+05
1825,0.0569792,4.173750e+05
1850,0.0569792,4.493080e+05
1875,0.0569792,4.812840e+05
1900,0.0569792,5.133020e+05
1925,0.0569792,5.453610e+05
1950,0.0569792,5.774600e+05
1975,0.0569792,6.095990e+05
2000,0.0569792,6.417770e+05
2025,0.0569792,6.739940e+05
2050,0.0569792,7.062500e+05
2075,0.0569792,7.385460e+05
2100,0.0569792,7.708830e+05
2125,0.0569792,8.032610e+05
2150,0.0569792,8.356820e+05
2175,0.0569792,8.681500e+05
2200,0.0569792,9.006680e+05
2225,0.0569792,9.332390e+05
2250,0.0569792,9.658700e+05
2275,0.0569792,9.985670e+05
2300,0.0569792,1.031340e+06
2325,0.0569792,1.064200e+06
2350,0.0569792,1.097150e+06
2375,0.0569792,1.130230e+06
2400,0.0569792,1.163430e+06
2425,0.0569792,1.196800e+06
2450,0.0569792,1.230350e+06
2475,0.0569792,1.264130e+06
2500,0.0569792,1.298180e+06
2525,0.0569792,1.332540e+06
2550,0.0569792,1.367290e+06
2575,0.0569792,1.402510e+06
2600,0.0569792,1.438280e+06
2625,0.0569792,1.474730e+06
2650,0.0569792,1.512010e+06
2675,0.0569792,1.550300e+06
2700,0.0569792,1.589810e+06
2725,0.0569792,1.630830e+06
2750,0.0569792,1.673680e+06
2775,0.0569792,1.718800e+06
2800,0.0569792,1.766690e+06
2825,0.0569792,1.818000e+06
2850,0.0569792,1.873520e+06
2875,0.0569792,1.934230e+06
2900,0.0569792,2.001320e+06
2925,0.0569792,2.076280e+06
2950,0.0569792,2.160920e+06
2975,0.0569792,2.257470e+06
3000,0.0569792,2.368640e+06
3025,0.0569792,2.497730e+06
3050,0.0569792,2.648740e+06
3075,0.0569792,2.826530e+06
3100,0.0569792,3.036920e+06
3125,0.0569792,3.286920e+06
3150,0.0569792,3.584850e+06
3175,0.0569792,3.940620e+06
3200,0.0569792,4.365900e+06
3225,0.0569792,4.874370e+06
3250,0.0569792,5.481890e+06
3275,0.0569792,6.206760e+06
3300,0.0569792,7.069780e+06
3325,0.0569792,8.094310e+06
3350,0.0569792,9.306150e+06
3375,0.0569792,1.073320e+07
3400,0.0569792,1.240450e+07
3425,0.0569792,1.434970e+07
3450,0.0569792,1.659580e+07
3475,0.0569792,1.916500e+07
3500,0.0569792,2.206690e+07
3525,0.0569792,2.528300e+07
3550,0.0569792,2.869380e+07
3575,0.0569792,3.005380e+07
3600,0.0569792,3.028020e+07
3625,0.0569792,3.052200e+07
3650,0.0569792,3.078040e+07
3675,0.0569792,3.105650e+07
3700,0.0569792,3.135170e+07
3725,0.0569792,3.166740e+07
3750,0.0569792,3.200480e+07
3775,0.0569792,3.236570e+07
3800,0.0569792,3.275140e+07
3825,0.0569792,3.316370e+07
3850,0.0569792,3.360430e+07
3875,0.0569792,3.407480e+07
3900,0.0569792,3.457710e+07
3925,0.0569792,3.511280e+07
3950,0.0569792,3.568360e+07
3975,0.0569792,3.629130e+07
4000,0.0569792,3.693720e+07
4025,0.0569792,3.762270e+07
4050,0.0569792,3.834880e+07
4075,0.0569792,3.911620e+07
4100,0.0569792,3.992510e+07
4125,0.0569792,4.077530e+07
4150,0.0569792,4.166570e+07
4175,0.0569792,4.259470e+07
4200,0.0569792,4.355960e+07
4225,0.0569792,4.455720e+07
4250,0.0569792,4.558280e+07
4275,0.0569792,4.663120e+07
4300,0.0569792,4.769620e+07
4325,0.0569792,4.877080e+07
4350,0.0569792,4.984740e+07
4375,0.0569792,5.091820e+07
4400,0.0569792,5.197540e+07
4425,0.0569792,5.301130e+07
4450,0.0569792,5.401870e+07
4475,0.0569792,5.499140e+07
4500,0.0569792,5.592400e+07
4525,0.0569792,5.681240e+07
4550,0.0569792,5.765340e+07
4575,0.0569792,5.844530e+07
4600,0.0569792,5.918720e+07
4625,0.0569792,5.987940e+07
4650,0.0569792,6.052280e+07
4675,0.0569792,6.111930e+07
4700,0.0569792,6.167080e+07
4725,0.0569792,6.218010e+07
4750,0.0569792,6.264970e+07
4775,0.0569792,6.308260e+07
4800,0.0569792,6.348160e+07
4825,0.0569792,6.384950e+07
4850,0.0569792,6.418890e+07
4875,0.0569792,6.450250e+07
4900,0.0569792,6.479240e+07
4925,0.0569792,6.506110e+07
4950,0.0569792,6.531040e+07
4975,0.0569792,6.554230e+07
5000,0.0569792,6.575830e+07
300,0.101325,-2.632220e+06
325,0.101325,-2.607560e+06
350,0.101325,-2.582700e+06
375,0.101325,-2.557660e+06
400,0.101325,-2.532420e+06
425,0.101325,-2.507000e+06
450,0.101325,-2.481370e+06
475,0.101325,-2.455520e+06
500,0.101325,-2.429400e+06
525,0.101325,-2.402890e+06
550,0.101325,-2.375740e+06
575,0.101325,-2.347510e+06
600,0.101325,-2.317430e+06
625,0.101325,-2.284230e+06
650,0.101325,-2.245930e+06
675,0.101325,-2.199740e+06
700,0.101325,-2.141830e+06
725,0.101325,-2.067510e+06
750,0.101325,-1.971670e+06
775,0.101325,-1.849900e+06
800,0.101325,-1.700550e+06
825,0.101325,-1.527290e+06
850,0.101325,-1.341180e+06
875,0.101325,-1.159430e+06
900,0.101325,-9.993620e+05
925,0.101325,-8.707600e+05
950,0.101325,-7.732850e+05
975,0.101325,-7.003030e+05
1000,0.101325,-6.440270e+05
1025,0.101325,-5.982450e+05
1050,0.101325,-5.587820e+05
1075,0.101325,-5.230530e+05
1100,0.101325,-4.895150e+05
1125,0.101325,-4.572600e+05
1150,0.101325,-4.257510e+05
1175,0.101325,-3.946680e+05
1200,0.101325,-3.638190e+05
1225,0.101325,-3.330880e+05
1250,0.101325,-3.024020e+05
1275,0.101325,-2.717170e+05
1300,0.101325,-2.410050e+05
1325,0.101325,-2.102510e+05
1350,0.101325,-1.794420e+05
1375,0.101325,-1.485740e+05
1400,0.101325,-1.176420e+05
1425,0.101325,-8.664580e+04
1450,0.101325,-5.558420e+04
1475,0.101325,-2.445790e+04
1500,0.101325,6.732500e+03
1525,0.101325,3.798560e+04
1550,0.101325,6.930020e+04
1575,0.101325,1.006750e+05
1600,0.101325,1.321070e+05
1625,0.101325,1.635970e+05
1650,0.101325,1.951420e+05
1675,0.101325,2.267400e+05
1700,0.101325,2.583910e+05
1725,0.101325,2.900910e+05
1750,0.101325,3.218410e+05
1775,0.101325,3.536390e+05
1800,0.101325,3.854830e+05
1825,0.101325,4.173720e+05
1850,0.101325,4.493050e+05
1875,0.101325,4.812810e+05
1900,0.101325,5.132980e+05
1925,0.101325,5.453560e+05
1950,0.101325,5.774540e+05
1975,0.101325,6.095910e+05
2000,0.101325,6.417670e+05
2025,0.101325,6.739810e+05
2050,0.101325,7.062330e+05
2075,0.101325,7.385230e+05
2100,0.101325,7.708520e+05
2125,0.101325,8.032200e+05
2150,0.101325,8.356280e+05
2175,0.101325,8.680780e+05
2200,0.101325,9.005730e+05
2225,0.101325,9.331160e+05
2250,0.101325,9.657100e+05
2275,0.101325,9.983600e+05
2300,0.101325,1.031070e+06
2325,0.101325,1.063860e+06
2350,0.101325,1.096720e+06
2375,0.101325,1.129670e+06
2400,0.101325,1.162730e+06
2425,0.101325,1.195920e+06
2450,0.101325,1.229240e+06
2475,0.101325,1.262740e+06
2500,0.101325,1.296430e+06
2525,0.101325,1.330360e+06
2550,0.101325,1.364570e+06
2575,0.101325,1.399110e+06
2600,0.101325,1.434050e+06
2625,0.101325,1.469470e+06
2650,0.101325,1.505460e+06
2675,0.101325,1.542140e+06
2700,0.101325,1.579660e+06
2725,0.101325,1.618180e+06
2750,0.101325,1.657920e+06
2775,0.101325,1.699140e+06
2800,0.101325,1.742170e+06
2825,0.101325,1.787380e+06
2850,0.101325,1.835280e+06
2875,0.101325,1.886430e+06
2900,0.101325,1.941580e+06
2925,0.101325,2.001580e+06
2950,0.101325,2.067540e+06
2975,0.101325,2.140740e+06
3000,0.101325,2.222810e+06
3025,0.101325,2.315660e+06
3050,0.101325,2.421660e+06
3075,0.101325,2.543630e+06
3100,0.101325,2.685000e+06
3125,0.101325,2.849850e+06
3150,0.101325,3.043080e+06
3175,0.101325,3.270530e+06
3200,0.101325,3.539090e+06
3225,0.101325,3.856920e+06
3250,0.101325,4.233570e+06
3275,0.101325,4.680200e+06
3300,0.101325,5.209700e+06
3325,0.101325,5.836880e+06
3350,0.101325,6.578610e+06
3375,0.101325,7.453850e+06
3400,0.101325,8.483640e+06
3425,0.101325,9.690920e+06
3450,0.101325,1.110020e+07
3475,0.101325,1.273670e+07
3500,0.101325,1.462570e+07
3525,0.101325,1.679010e+07
3550,0.101325,1.924780e+07
3575,0.101325,2.200620e+07
3600,0.101325,2.504930e+07
3625,0.101325,2.828790e+07
3650,0.101325,3.010090e+07
3675,0.101325,3.031080e+07
3700,0.101325,3.053380e+07
3725,0.101325,3.077100e+07
3750,0.101325,3.102320e+07
3775,0.101325,3.129150e+07
3800,0.101325,3.157700e+07
3825,0.101325,3.188080e+07
3850,0.101325,3.220400e+07
3875,0.101325,3.254800e+07
3900,0.101325,3.291390e+07
3925,0.101325,3.330310e+07
3950,0.101325,3.371690e+07
3975,0.101325,3.415690e+07
4000,0.101325,3.462420e+07
4025,0.101325,3.512050e+07
4050,0.101325,3.564690e+07
4075,0.101325,3.620490e+07
4100,0.101325,3.679560e+07
4125,0.101325,3.742020e+07
4150,0.101325,3.807950e+07
4175,0.101325,3.877430e+07
4200,0.101325,3.950490e+07
4225,0.101325,4.027130e+07
4250,0.101325,4.107310e+07
4275,0.101325,4.190950e+07
4300,0.101325,4.277880e+07
4325,0.101325,4.367900e+07
4350,0.101325,4.460720e+07
4375,0.101325,4.555990e+07
4400,0.101325,4.653290e+07
4425,0.101325,4.752140e+07
4450,0.101325,4.851990e+07
4475,0.101325,4.952260e+07
4500,0.101325,5.052320e+07
4525,0.101325,5.151540e+07
4550,0.101325,5.249310e+07
4575,0.101325,5.345030e+07
4600,0.101325,5.438160e+07
4625,0.101325,5.528210e+07
4650,0.101325,5.614770e+07
4675,0.101325,5.697520e+07
4700,0.101325,5.776230e+07
4725,0.101325,5.850750e+07
4750,0.101325,5.920990e+07
4775,0.101325,5.986980e+07
4800,0.101325,6.048760e+07
4825,0.101325,6.106460e+07
4850,0.101325,6.160230e+07
4875,0.101325,6.210260e+07
4900,0.101325,6.256760e+07
4925,0.101325,6.299950e+07
4950,0.101325,6.340050e+07
4975,0.101325,6.377290e+07
5000,0.101325,6.411880e+07
300,0.180184,-2.632220e+06
325,0.180184,-2.607560e+06
350,0.180184,-2.582700e+06
375,0.180184,-2.557660e+06
400,0.180184,-2.532420e+06
425,0.180184,-2.507000e+06
450,0.180184,-2.481370e+06
475,0.180184,-2.455540e+06
500,0.180184,-2.429450e+06
525,0.180184,-2.403020e+06
550,0.180184,-2.376060e+06
575,0.180184,-2.348250e+06
600,0.180184,-2.318990e+06
625,0.180184,-2.287330e+06
650,0.180184,-2.251800e+06
675,0.180184,-2.210230e+06
700,0.180184,-2.159670e+06
725,0.180184,-2.096370e+06
750,0.180184,-2.015960e+06
775,0.180184,-1.914080e+06
800,0.180184,-1.787600e+06
825,0.180184,-1.636400e+06
850,0.180184,-1.465490e+06
875,0.180184,-1.286060e+06
900,0.180184,-1.113630e+06
925,0.180184,-9.625610e+05
950,0.180184,-8.403180e+05
975,0.180184,-7.461220e+05
1000,0.180184,-6.741890e+05
1025,0.180184,-6.177900e+05
1050,0.180184,-5.714290e+05
1075,0.180184,-5.312950e+05
1100,0.180184,-4.949500e+05
1125,0.180184,-4.608950e+05
1150,0.180184,-4.282190e+05
1175,0.180184,-3.963690e+05
1200,0.180184,-3.650090e+05
1225,0.180184,-3.339320e+05
1250,0.180184,-3.030090e+05
1275,0.180184,-2.721590e+05
1300,0.180184,-2.413320e+05
1325,0.180184,-2.104950e+05
1350,0.180184,-1.796260e+05
1375,0.180184,-1.487140e+05
1400,0.180184,-1.177510e+05
1425,0.180184,-8.673010e+04
1450,0.180184,-5.565050e+04
1475,0.180184,-2.451030e+04
1500,0.180184,6.690600e+03
1525,0.180184,3.795190e+04
1550,0.180184,6.927290e+04
1575,0.180184,1.006520e+05
1600,0.180184,1.320890e+05
1625,0.180184,1.635820e+05
1650,0.180184,1.951290e+05
1675,0.180184,2.267300e+05
1700,0.180184,2.583820e+05
1725,0.180184,2.900840e+05
1750,0.180184,3.218350e+05
1775,0.180184,3.536340e+05
1800,0.180184,3.854780e+05
1825,0.180184,4.173680e+05
1850,0.180184,4.493010e+05
1875,0.180184,4.812770e+05
1900,0.180184,5.132940e+05
1925,0.180184,5.453520e+05
1950,0.180184,5.774490e+05
1975,0.180184,6.095850e+05
2000,0.180184,6.417590e+05
2025,0.180184,6.739710e+05
2050,0.180184,7.062190e+05
2075,0.180184,7.385050e+05
2100,0.180184,7.708280e+05
2125,0.180184,8.031880e+05
2150,0.180184,8.355870e+05
2175,0.180184,8.680240e+05
2200,0.180184,9.005030e+05
2225,0.180184,9.330240e+05
2250,0.180184,9.655900e+05
2275,0.180184,9.982060e+05
2300,0.180184,1.030870e+06
2325,0.180184,1.063600e+06
2350,0.180184,1.096400e+06
2375,0.180184,1.129260e+06
2400,0.180184,1.162220e+06
2425,0.180184,1.195270e+06
2450,0.180184,1.228430e+06
2475,0.180184,1.261720e+06
2500,0.180184,1.295160e+06
2525,0.180184,1.328770e+06
2550,0.180184,1.362590e+06
2575,0.180184,1.396660e+06
2600,0.180184,1.431020e+06
2625,0.180184,1.465720e+06
2650,0.180184,1.500820e+06
2675,0.180184,1.536410e+06
2700,0.180184,1.572570e+06
2725,0.180184,1.609430e+06
2750,0.180184,1.647110e+06
2775,0.180184,1.685790e+06
2800,0.180184,1.725660e+06
2825,0.180184,1.766970e+06
2850,0.180184,1.810010e+06
2875,0.180184,1.855160e+06
2900,0.180184,1.902830e+06
2925,0.180184,1.953580e+06
2950,0.180184,2.008040e+06
2975,0.180184,2.067000e+06
3000,0.180184,2.131410e+06
3025,0.180184,2.202410e+06
3050,0.180184,2.281390e+06
3075,0.180184,2.370020e+06
3100,0.180184,2.470300e+06
3125,0.180184,2.584640e+06
3150,0.180184,2.715890e+06
3175,0.180184,2.867470e+06
3200,0.180184,3.043440e+06
3225,0.180184,3.248600e+06
3250,0.180184,3.488580e+06
3275,0.180184,3.770030e+06
3300,0.180184,4.100670e+06
3325,0.180184,4.489480e+06
3350,0.180184,4.946830e+06
3375,0.180184,5.484570e+06
3400,0.180184,6.116210e+06
3425,0.180184,6.856940e+06
3450,0.180184,7.723680e+06
3475,0.180184,8.735040e+06
3500,0.180184,9.911110e+06
3525,0.180184,1.127310e+07
3550,0.180184,1.284300e+07
3575,0.180184,1.464200e+07
3600,0.180184,1.668990e+07
3625,0.180184,1.900200e+07
3650,0.180184,2.158550e+07
3675,0.180184,2.443010e+07
3700,0.180184,2.748010e+07
3725,0.180184,3.013690e+07
3750,0.180184,3.033050e+07
3775,0.180184,3.053530e+07
3800,0.180184,3.075200e+07
3825,0.180184,3.098150e+07
3850,0.180184,3.122430e+07
3875,0.180184,3.148160e+07
3900,0.180184,3.175400e+07
3925,0.180184,3.204250e+07
3950,0.180184,3.234800e+07
3975,0.180184,3.267170e+07
4000,0.180184,3.301440e+07
4025,0.180184,3.337720e+07
4050,0.180184,3.376130e+07
4075,0.180184,3.416770e+07
4100,0.180184,3.459760e+07
4125,0.180184,3.505210e+07
4150,0.180184,3.553220e+07
4175,0.180184,3.603900e+07
4200,0.180184,3.657360e+07
4225,0.180184,3.713680e+07
4250,0.180184,3.772950e+07
4275,0.180184,3.835230e+07
4300,0.180184,3.900570e+07
4325,0.180184,3.968990e+07
4350,0.180184,4.040490e+07
4375,0.180184,4.115030e+07
4400,0.180184,4.192540e+07
4425,0.180184,4.272890e+07
4450,0.180184,4.355940e+07
4475,0.180184,4.441460e+07
4500,0.180184,4.529190e+07
4525,0.180184,4.618820e+07
4550,0.180184,4.709980e+07
4575,0.180184,4.802270e+07
4600,0.180184,4.895240e+07
4625,0.180184,4.988410e+07
4650,0.180184,5.081300e+07
4675,0.180184,5.173400e+07
4700,0.180184,5.264230e+07
4725,0.180184,5.353320e+07
4750,0.180184,5.440240e+07
4775,0.180184,5.524590e+07
4800,0.180184,5.606060e+07
4825,0.180184,5.684360e+07
4850,0.180184,5.759290e+07
4875,0.180184,5.830700e+07
4900,0.180184,5.898510e+07
4925,0.180184,5.962680e+07
4950,0.180184,6.023230e+07
4975,0.180184,6.080230e+07
5000,0.180184,6.133770e+07
300,0.320418,-2.632220e+06
325,0.320418,-2.607560e+06
350,0.320418,-2.582700e+06
375,0.320418,-2.557660e+06
400,0.320418,-2.532420e+06
425,0.320418,-2.507000e+06
450,0.320418,-2.481380e+06
475,0.320418,-2.455550e+06
500,0.320418,-2.429490e+06
525,0.320418,-2.403110e+06
550,0.320418,-2.376300e+06
575,0.320418,-2.348800e+06
600,0.320418,-2.320160e+06
625,0.320418,-2.289670e+06
650,0.320418,-2.256210e+06
675,0.320418,-2.218150e+06
700,0.320418,-2.173210e+06
725,0.320418,-2.118440e+06
750,0.320418,-2.050270e+06
775,0.320418,-1.964810e+06
800,0.320418,-1.858560e+06
825,0.320418,-1.729480e+06
850,0.320418,-1.578650e+06
875,0.320418,-1.411760e+06
900,0.320418,-1.239520e+06
925,0.320418,-1.075510e+06
950,0.320418,-9.316780e+05
975,0.320418,-8.139940e+05
1000,0.320418,-7.216940e+05
1025,0.320418,-6.498940e+05
1050,0.320418,-5.927850e+05
1075,0.320418,-5.454640e+05
1100,0.320418,-5.044020e+05
1125,0.320418,-4.672630e+05
1150,0.320418,-4.325630e+05
1175,0.320418,-3.993720e+05
1200,0.320418,-3.671140e+05
1225,0.320418,-3.354280e+05
1250,0.320418,-3.040860e+05
1275,0.320418,-2.729450e+05
1300,0.320418,-2.419120e+05
1325,0.320418,-2.109280e+05
1350,0.320418,-1.799540e+05
1375,0.320418,-1.489640e+05
1400,0.320418,-1.179430e+05
1425,0.320418,-8.688010e+04
1450,0.320418,-5.576820e+04
1475,0.320418,-2.460360e+04
1500,0.320418,6.616110e+03
1525,0.320418,3.789200e+04
1550,0.320418,6.922430e+04
1575,0.320418,1.006130e+05
1600,0.320418,1.320570e+05
1625,0.320418,1.635550e+05
1650,0.320418,1.951070e+05
1675,0.320418,2.267110e+05
1700,0.320418,2.583660e+05
1725,0.320418,2.900700e+05
1750,0.320418,3.218230e+05
1775,0.320418,3.536240e+05
1800,0.320418,3.854700e+05
1825,0.320418,4.173600e+05
1850,0.320418,4.492940e+05
1875,0.320418,4.812710e+05
1900,0.320418,5.132880e+05
1925,0.320418,5.453460e+05
1950,0.320418,5.774430e+05
1975,0.320418,6.095780e+05
2000,0.320418,6.417510e+05
2025,0.320418,6.739610e+05
2050,0.320418,7.062080e+05
2075,0.320418,7.384900e+05
2100,0.320418,7.708090e+05
2125,0.320418,8.031640e+05
2150,0.320418,8.355550e+05
2175,0.320418,8.679830e+05
2200,0.320418,9.004490e+05
2225,0.320418,9.329540e+05
2250,0.320418,9.655000e+05
2275,0.320418,9.980900e+05
2300,0.320418,1.030730e+06
2325,0.320418,1.063410e+06
2350,0.320418,1.096160e+06
2375,0.320418,1.128960e+06
2400,0.320418,1.161830e+06
2425,0.320418,1.194780e+06
2450,0.320418,1.227820e+06
2475,0.320418,1.260960e+06
2500,0.320418,1.294220e+06
2525,0.320418,1.327610e+06
2550,0.320418,1.361150e+06
2575,0.320418,1.394880e+06
2600,0.320418,1.428820e+06
2625,0.320418,1.463010e+06
2650,0.320418,1.497500e+06
2675,0.320418,1.532330e+06
2700,0.320418,1.567560e+06
2725,0.320418,1.603290e+06
2750,0.320418,1.639580e+06
2775,0.320418,1.676550e+06
2800,0.320418,1.714340e+06
2825,0.320418,1.753090e+06
2850,0.320418,1.792990e+06
2875,0.320418,1.834270e+06
2900,0.320418,1.877190e+06
2925,0.320418,1.922090e+06
2950,0.320418,1.969360e+06
2975,0.320418,2.019480e+06
3000,0.320418,2.073000e+06
3025,0.320418,2.130630e+06
3050,0.320418,2.193180e+06
3075,0.320418,2.261650e+06
3100,0.320418,2.337210e+06
3125,0.320418,2.421280e+06
3150,0.320418,2.515550e+06
3175,0.320418,2.622010e+06
3200,0.320418,2.743050e+06
3225,0.320418,2.881480e+06
3250,0.320418,3.040620e+06
3275,0.320418,3.224360e+06
3300,0.320418,3.437260e+06
3325,0.320418,3.684660e+06
3350,0.320418,3.972730e+06
3375,0.320418,4.308640e+06
3400,0.320418,4.700590e+06
3425,0.320418,5.158000e+06
3450,0.320418,5.691530e+06
3475,0.320418,6.313210e+06
3500,0.320418,7.036470e+06
3525,0.320418,7.876150e+06
3550,0.320418,8.848430e+06
3575,0.320418,9.970690e+06
3600,0.320418,1.126120e+07
3625,0.320418,1.273860e+07
3650,0.320418,1.442140e+07
3675,0.320418,1.632660e+07
3700,0.320418,1.846780e+07
3725,0.320418,2.085290e+07
3750,0.320418,2.347800e+07
3775,0.320418,2.631310e+07
3800,0.320418,2.923490e+07
3825,0.320418,3.034350e+07
3850,0.320418,3.053090e+07
3875,0.320418,3.072840e+07
3900,0.320418,3.093650e+07
3925,0.320418,3.115580e+07
3950,0.320418,3.138690e+07
3975,0.320418,3.163060e+07
4000,0.320418,3.188760e+07
4025,0.320418,3.215850e+07
4050,0.320418,3.244410e+07
4075,0.320418,3.274530e+07
4100,0.320418,3.306290e+07
4125,0.320418,3.339770e+07
4150,0.320418,3.375040e+07
4175,0.320418,3.412220e+07
4200,0.320418,3.451370e+07
4225,0.320418,3.492590e+07
4250,0.320418,3.535960e+07
4275,0.320418,3.581580e+07
4300,0.320418,3.629520e+07
4325,0.320418,3.679860e+07
4350,0.320418,3.732670e+07
4375,0.320418,3.788010e+07
4400,0.320418,3.845930e+07
4425,0.320418,3.906470e+07
4450,0.320418,3.969640e+07
4475,0.320418,4.035450e+07
4500,0.320418,4.103870e+07
4525,0.320418,4.174850e+07
4550,0.320418,4.248300e+07
4575,0.320418,4.324120e+07
4600,0.320418,4.402150e+07
4625,0.320418,4.482220e+07
4650,0.320418,4.564090e+07
4675,0.320418,4.647510e+07
4700,0.320418,4.732180e+07
4725,0.320418,4.817790e+07
4750,0.320418,4.903970e+07
4775,0.320418,4.990370e+07
4800,0.320418,5.076580e+07
4825,0.320418,5.162220e+07
4850,0.320418,5.246910e+07
4875,0.320418,5.330270e+07
4900,0.320418,5.411960e+07
4925,0.320418,5.491650e+07
4950,0.320418,5.569060e+07
4975,0.320418,5.643950e+07
5000,0.320418,5.716120e+07
300,0.569792,-2.632220e+06
325,0.569792,-2.607560e+06
350,0.569792,-2.582700e+06
375,0.569792,-2.557660e+06
400,0.569792,-2.532420e+06
425,0.569792,-2.507000e+06
450,0.569792,-2.481380e+06
475,0.569792,-2.455560e+06
500,0.569792,-2.429510e+06
525,0.569792,-2.403190e+06
550,0.569792,-2.376480e+06
575,0.569792,-2.349210e+06
600,0.569792,-2.321040e+06
625,0.569792,-2.291430e+06
650,0.569792,-2.259530e+06
675,0.569792,-2.224120e+06
700,0.569792,-2.183450e+06
725,0.569792,-2.135240e+06
750,0.569792,-2.076630e+06
775,0.569792,-2.004350e+06
800,0.569792,-1.915090e+06
825,0.569792,-1.806120e+06
850,0.569792,-1.676370e+06
875,0.569792,-1.527690e+06
900,0.569792,-1.365920e+06
925,0.569792,-1.200870e+06
950,0.569792,-1.044290e+06
975,0.569792,-9.061820e+05
1000,0.569792,-7.915990e+05
1025,0.569792,-7.000710e+05
1050,0.569792,-6.276130e+05
1075,0.569792,-5.692440e+05
1100,0.569792,-5.205690e+05
1125,0.569792,-4.782940e+05
1150,0.569792,-4.401500e+05
1175,0.569792,-4.046470e+05
1200,0.569792,-3.708260e+05
1225,0.569792,-3.380720e+05
1250,0.569792,-3.059940e+05
1275,0.569792,-2.743380e+05
1300,0.569792,-2.429420e+05
1325,0.569792,-2.116970e+05
1350,0.569792,-1.805350e+05
1375,0.569792,-1.494080e+05
1400,0.569792,-1.182860e+05
1425,0.569792,-8.714660e+04
1450,0.569792,-5.597760e+04
1475,0.569792,-2.476940e+04
1500,0.569792,6.483690e+03
1525,0.569792,3.778540e+04
1550,0.569792,6.913790e+04
1575,0.569792,1.005420e+05
1600,0.569792,1.319990e+05
1625,0.569792,1.635070e+05
1650,0.569792,1.950670e+05
1675,0.569792,2.266770e+05
1700,0.569792,2.583380e+05
1725,0.569792,2.900470e+05
1750,0.569792,3.218030e+05
1775,0.569792,3.536060e+05
1800,0.569792,3.854550e+05
1825,0.569792,4.173470e+05
1850,0.569792,4.492830e+05
1875,0.569792,4.812600e+05
1900,0.569792,5.132790e+05
1925,0.569792,5.453370e+05
1950,0.569792,5.774340e+05
1975,0.569792,6.095700e+05
2000,0.569792,6.417420e+05
2025,0.569792,6.739520e+05
2050,0.569792,7.061970e+05
2075,0.569792,7.384770e+05
2100,0.569792,7.707930e+05
2125,0.569792,8.031440e+05
2150,0.569792,8.355300e+05
2175,0.569792,8.679510e+05
2200,0.569792,9.004070e+05
2225,0.569792,9.329010e+05
2250,0.569792,9.654320e+05
2275,0.569792,9.980020e+05
2300,0.569792,1.030610e+06
2325,0.569792,1.063270e+06
2350,0.569792,1.095980e+06
2375,0.569792,1.128730e+06
2400,0.569792,1.161550e+06
2425,0.569792,1.194420e+06
2450,0.569792,1.227370e+06
2475,0.569792,1.260400e+06
2500,0.569792,1.293520e+06
2525,0.569792,1.326750e+06
2550,0.569792,1.360090e+06
2575,0.569792,1.393570e+06
2600,0.569792,1.427220e+06
2625,0.569792,1.461050e+06
2650,0.569792,1.495090e+06
2675,0.569792,1.529390e+06
2700,0.569792,1.563980e+06
2725,0.569792,1.598910e+06
2750,0.569792,1.634250e+06
2775,0.569792,1.670070e+06
2800,0.569792,1.706450e+06
2825,0.569792,1.743480e+06
2850,0.569792,1.781300e+06
2875,0.569792,1.820050e+06
2900,0.569792,1.859880e+06
2925,0.569792,1.901020e+06
2950,0.569792,1.943700e+06
2975,0.569792,1.988220e+06
3000,0.569792,2.034920e+06
3025,0.569792,2.084220e+06
3050,0.569792,2.136610e+06
3075,0.569792,2.192700e+06
3100,0.569792,2.253170e+06
3125,0.569792,2.318890e+06
3150,0.569792,2.390830e+06
3175,0.569792,2.470190e+06
3200,0.569792,2.558360e+06
3225,0.569792,2.657000e+06
3250,0.569792,2.768050e+06
3275,0.569792,2.893810e+06
3300,0.569792,3.036940e+06
3325,0.569792,3.200590e+06
3350,0.569792,3.388390e+06
3375,0.569792,3.604590e+06
3400,0.569792,3.854070e+06
3425,0.569792,4.142460e+06
3450,0.569792,4.476230e+06
3475,0.569792,4.862720e+06
3500,0.569792,5.310290e+06
3525,0.569792,5.828330e+06
3550,0.569792,6.427360e+06
3575,0.569792,7.119040e+06
3600,0.569792,7.916170e+06
3625,0.569792,8.832640e+06
3650,0.569792,9.883290e+06
3675,0.569792,1.108370e+07
3700,0.569792,1.244990e+07
3725,0.569792,1.399760e+07
3750,0.569792,1.574160e+07
3775,0.569792,1.769470e+07
3800,0.569792,1.986540e+07
3825,0.569792,2.225490e+07
3850,0.569792,2.485000e+07
3875,0.569792,2.760180e+07
3900,0.569792,3.027130e+07
3925,0.569792,3.052470e+07
3950,0.569792,3.070430e+07
3975,0.569792,3.089270e+07
4000,0.569792,3.109050e+07
4025,0.569792,3.129790e+07
4050,0.569792,3.151570e+07
4075,0.569792,3.174440e+07
4100,0.569792,3.198440e+07
4125,0.569792,3.223640e+07
4150,0.569792,3.250100e+07
4175,0.569792,3.277880e+07
4200,0.569792,3.307040e+07
4225,0.569792,3.337660e+07
4250,0.569792,3.369790e+07
4275,0.569792,3.403500e+07
4300,0.569792,3.438870e+07
4325,0.569792,3.475970e+07
4350,0.569792,3.514850e+07
4375,0.569792,3.555590e+07
4400,0.569792,3.598260e+07
4425,0.569792,3.642920e+07
4450,0.569792,3.689630e+07
4475,0.569792,3.738440e+07
4500,0.569792,3.789400e+07
4525,0.569792,3.842550e+07
4550,0.569792,3.897920e+07
4575,0.569792,3.955530e+07
4600,0.569792,4.015390e+07
4625,0.569792,4.077480e+07
4650,0.569792,4.141770e+07
4675,0.569792,4.208210e+07
4700,0.569792,4.276730e+07
4725,0.569792,4.347240e+07
4750,0.569792,4.419610e+07
4775,0.569792,4.493690e+07
4800,0.569792,4.569320e+07
4825,0.569792,4.646290e+07
4850,0.569792,4.724380e+07
4875,0.569792,4.803330e+07
4900,0.569792,4.882880e+07
4925,0.569792,4.962750e+07
4950,0.569792,5.042640e+07
4975,0.569792,5.122250e+07
5000,0.569792,5.201270e+07
300,1.01325,-2.632220e+06
325,1.01325,-2.607560e+06
350,1.01325,-2.582700e+06
375,1.01325,-2.557660e+06
400,1.01325,-2.532420e+06
425,1.01325,-2.507000e+06
450,1.01325,-2.481380e+06
475,1.01325,-2.455570e+06
500,1.01325,-2.429530e+06
525,1.01325,-2.403240e+06
550,1.01325,-2.376620e+06
575,1.01325,-2.349520e+06
600,1.01325,-2.321700e+06
625,1.01325,-2.292740e+06
650,1.01325,-2.262030e+06
675,1.01325,-2.228610e+06
700,1.01325,-2.191180e+06
725,1.01325,-2.147970e+06
750,1.01325,-2.096750e+06
775,1.01325,-2.034860e+06
800,1.01325,-1.959410e+06
825,1.01325,-1.867640e+06
850,1.01325,-1.757540e+06
875,1.01325,-1.628760e+06
900,1.01325,-1.483560e+06
925,1.01325,-1.327570e+06
950,1.01325,-1.169500e+06
975,1.01325,-1.019390e+06
1000,1.01325,-8.857730e+05
1025,1.01325,-7.731360e+05
1050,1.01325,-6.814650e+05
1075,1.01325,-6.076500e+05
1100,1.01325,-5.474860e+05
1125,1.01325,-4.970420e+05
1150,1.01325,-4.532270e+05
1175,1.01325,-4.138250e+05
1200,1.01325,-3.773250e+05
1225,1.01325,-3.427230e+05
1250,1.01325,-3.093590e+05
1275,1.01325,-2.768010e+05
1300,1.01325,-2.447640e+05
1325,1.01325,-2.130610e+05
1350,1.01325,-1.815670e+05
1375,1.01325,-1.501960e+05
1400,1.01325,-1.188930e+05
1425,1.01325,-8.762000e+04
1450,1.01325,-5.634950e+04
1475,1.01325,-2.506410e+04
1500,1.01325,6.248330e+03
1525,1.01325,3.759600e+04
1550,1.01325,6.898430e+04
1575,1.01325,1.004170e+05
1600,1.01325,1.318950e+05
1625,1.01325,1.634220e+05
1650,1.01325,1.949960e+05
1675,1.01325,2.266180e+05
1700,1.01325,2.582880e+05
1725,1.01325,2.900040e+05
1750,1.01325,3.217670e+05
1775,1.01325,3.535750e+05
1800,1.01325,3.854280e+05
1825,1.01325,4.173240e+05
1850,1.01325,4.492630e+05
1875,1.01325,4.812430e+05
1900,1.01325,5.132630e+05
1925,1.01325,5.453230e+05
1950,1.01325,5.774210e+05
1975,1.01325,6.095580e+05
2000,1.01325,6.417310e+05
2025,1.01325,6.739400e+05
2050,1.01325,7.061840e+05
2075,1.01325,7.384640e+05
2100,1.01325,7.707780e+05
2125,1.01325,8.031260e+05
2150,1.01325,8.355080e+05
2175,1.01325,8.679240e+05
2200,1.01325,9.003740e+05
2225,1.01325,9.328590e+05
2250,1.01325,9.653790e+05
2275,1.01325,9.979350e+05
2300,1.01325,1.030530e+06
2325,1.01325,1.063160e+06
2350,1.01325,1.095840e+06
2375,1.01325,1.128560e+06
2400,1.01325,1.161330e+06
2425,1.01325,1.194150e+06
2450,1.01325,1.227040e+06
2475,1.01325,1.259980e+06
2500,1.01325,1.293000e+06
2525,1.01325,1.326110e+06
2550,1.01325,1.359310e+06
2575,1.01325,1.392610e+06
2600,1.01325,1.426040e+06
2625,1.01325,1.459600e+06
2650,1.01325,1.493330e+06
2675,1.01325,1.527250e+06
2700,1.01325,1.561380e+06
2725,1.01325,1.595760e+06
2750,1.01325,1.630440e+06
2775,1.01325,1.665450e+06
2800,1.01325,1.700860e+06
2825,1.01325,1.736730e+06
2850,1.01325,1.773150e+06
2875,1.01325,1.810200e+06
2900,1.01325,1.847990e+06
2925,1.01325,1.886650e+06
2950,1.01325,1.926340e+06
2975,1.01325,1.967250e+06
3000,1.01325,2.009580e+06
3025,1.01325,2.053590e+06
3050,1.01325,2.099590e+06
3075,1.01325,2.147940e+06
3100,1.01325,2.199060e+06
3125,1.01325,2.253450e+06
3150,1.01325,2.311730e+06
3175,1.01325,2.374580e+06
3200,1.01325,2.442840e+06
3225,1.01325,2.517490e+06
3250,1.01325,2.599680e+06
3275,1.01325,2.690740e+06
3300,1.01325,2.792270e+06
3325,1.01325,2.906090e+06
3350,1.01325,3.034350e+06
3375,1.01325,3.179540e+06
3400,1.01325,3.344540e+06
3425,1.01325,3.532680e+06
3450,1.01325,3.747780e+06
3475,1.01325,3.994230e+06
3500,1.01325,4.277060e+06
3525,1.01325,4.601950e+06
3550,1.01325,4.975360e+06
3575,1.01325,5.404550e+06
3600,1.01325,5.897640e+06
3625,1.01325,6.463660e+06
3650,1.01325,7.112580e+06
3675,1.01325,7.855280e+06
3700,1.01325,8.703520e+06
3725,1.01325,9.669850e+06
3750,1.01325,1.076750e+07
3775,1.01325,1.200990e+07
3800,1.01325,1.341070e+07
3825,1.01325,1.498290e+07
3850,1.01325,1.673810e+07
3875,1.01325,1.868540e+07
3900,1.01325,2.082940e+07
3925,1.01325,2.316680e+07
3950,1.01325,2.567890e+07
3975,1.01325,2.830560e+07
4000,1.01325,3.051980e+07
4025,1.01325,3.068310e+07
4050,1.01325,3.085370e+07
4075,1.01325,3.103200e+07
4100,1.01325,3.121830e+07
4125,1.01325,3.141300e+07
4150,1.01325,3.161650e+07
4175,1.01325,3.182930e+07
4200,1.01325,3.205180e+07
4225,1.01325,3.228440e+07
4250,1.01325,3.252770e+07
4275,1.01325,3.278200e+07
4300,1.01325,3.304800e+07
4325,1.01325,3.332600e+07
4350,1.01325,3.361670e+07
4375,1.01325,3.392050e+07
4400,1.01325,3.423800e+07
4425,1.01325,3.456970e+07
4450,1.01325,3.491610e+07
4475,1.01325,3.527790e+07
4500,1.01325,3.565540e+07
4525,1.01325,3.604930e+07
4550,1.01325,3.646000e+07
4575,1.01325,3.688790e+07
4600,1.01325,3.733350e+07
4625,1.01325,3.779730e+07
4650,1.01325,3.827940e+07
4675,1.01325,3.878030e+07
4700,1.01325,3.930000e+07
4725,1.01325,3.983860e+07
4750,1.01325,4.039630e+07
4775,1.01325,4.097270e+07
4800,1.01325,4.156780e+07
4825,1.01325,4.218100e+07
4850,1.01325,4.281180e+07
4875,1.01325,4.345950e+07
4900,1.01325,4.412320e+07
4925,1.01325,4.480180e+07
4950,1.01325,4.549400e+07
4975,1.01325,4.619830e+07
5000,1.01325,4.691310e+07
300,1.80184,-2.632220e+06
325,1.80184,-2.607560e+06
350,1.80184,-2.582700e+06
375,1.80184,-2.557660e+06
400,1.80184,-2.532420e+06
425,1.80184,-2.507000e+06
450,1.80184,-2.481380e+06
475,1.80184,-2.455570e+06
500,1.80184,-2.429550e+06
525,1.80184,-2.403280e+06
550,1.80184,-2.376720e+06
575,1.80184,-2.349750e+06
600,1.80184,-2.322190e+06
625,1.80184,-2.293730e+06
650,1.80184,-2.263900e+06
675,1.80184,-2.231990e+06
700,1.80184,-2.197000e+06
725,1.80184,-2.157590e+06
750,1.80184,-2.112040e+06
775,1.80184,-2.058220e+06
800,1.80184,-1.993750e+06
825,1.80184,-1.916130e+06
850,1.80184,-1.823120e+06
875,1.80184,-1.713310e+06
900,1.80184,-1.586830e+06
925,1.80184,-1.446090e+06
950,1.80184,-1.296240e+06
975,1.80184,-1.144820e+06
1000,1.80184,-1.000400e+06
1025,1.80184,-8.703180e+05
1050,1.80184,-7.587560e+05
1075,1.80184,-6.662060e+05
1100,1.80184,-5.904200e+05
1125,1.80184,-5.279330e+05
1150,1.80184,-4.752700e+05
1175,1.80184,-4.295420e+05
1200,1.80184,-3.885770e+05
1225,1.80184,-3.508360e+05
1250,1.80184,-3.152600e+05
1275,1.80184,-2.811360e+05
1300,1.80184,-2.479810e+05
1325,1.80184,-2.154730e+05
1350,1.80184,-1.833930e+05
1375,1.80184,-1.515930e+05
1400,1.80184,-1.199720e+05
1425,1.80184,-8.846010e+04
1450,1.80184,-5.700980e+04
1475,1.80184,-2.558740e+04
1500,1.80184,5.830220e+03
1525,1.80184,3.725940e+04
1550,1.80184,6.871130e+04
1575,1.80184,1.001940e+05
1600,1.80184,1.317120e+05
1625,1.80184,1.632700e+05
1650,1.80184,1.948700e+05
1675,1.80184,2.265120e+05
1700,1.80184,2.581990e+05
1725,1.80184,2.899290e+05
1750,1.80184,3.217030e+05
1775,1.80184,3.535210e+05
1800,1.80184,3.853810e+05
1825,1.80184,4.172830e+05
1850,1.80184,4.492270e+05
1875,1.80184,4.812120e+05
1900,1.80184,5.132360e+05
1925,1.80184,5.452990e+05
1950,1.80184,5.774000e+05
1975,1.80184,6.095380e+05
2000,1.80184,6.417130e+05
2025,1.80184,6.739230e+05
2050,1.80184,7.061680e+05
2075,1.80184,7.384470e+05
2100,1.80184,7.707610e+05
2125,1.80184,8.031070e+05
2150,1.80184,8.354870e+05
2175,1.80184,8.679000e+05
2200,1.80184,9.003450e+05
2225,1.80184,9.328240e+05
2250,1.80184,9.653360e+05
2275,1.80184,9.978820e+05
2300,1.80184,1.030460e+06
2325,1.80184,1.063080e+06
2350,1.80184,1.095730e+06
2375,1.80184,1.128430e+06
2400,1.80184,1.161170e+06
2425,1.80184,1.193950e+06
2450,1.80184,1.226780e+06
2475,1.80184,1.259670e+06
2500,1.80184,1.292620e+06
2525,1.80184,1.325630e+06
2550,1.80184,1.358720e+06
2575,1.80184,1.391900e+06
2600,1.80184,1.425170e+06
2625,1.80184,1.458540e+06
2650,1.80184,1.492040e+06
2675,1.80184,1.525680e+06
2700,1.80184,1.559490e+06
2725,1.80184,1.593480e+06
2750,1.80184,1.627680e+06
2775,1.80184,1.662130e+06
2800,1.80184,1.696860e+06
2825,1.80184,1.731930e+06
2850,1.80184,1.767370e+06
2875,1.80184,1.803270e+06
2900,1.80184,1.839670e+06
2925,1.80184,1.876680e+06
2950,1.80184,1.914390e+06
2975,1.80184,1.952910e+06
3000,1.80184,1.992380e+06
3025,1.80184,2.032970e+06
3050,1.80184,2.074870e+06
3075,1.80184,2.118280e+06
3100,1.80184,2.163490e+06
3125,1.80184,2.210790e+06
3150,1.80184,2.260540e+06
3175,1.80184,2.313180e+06
3200,1.80184,2.369200e+06
3225,1.80184,2.429180e+06
3250,1.80184,2.493800e+06
3275,1.80184,2.563870e+06
3300,1.80184,2.640320e+06
3325,1.80184,2.724230e+06
3350,1.80184,2.816870e+06
3375,1.80184,2.919690e+06
3400,1.80184,3.034390e+06
3425,1.80184,3.162930e+06
3450,1.80184,3.307570e+06
3475,1.80184,3.470890e+06
3500,1.80184,3.655850e+06
3525,1.80184,3.865860e+06
3550,1.80184,4.104750e+06
3575,1.80184,4.376890e+06
3600,1.80184,4.687230e+06
3625,1.80184,5.041300e+06
3650,1.80184,5.445310e+06
3675,1.80184,5.906150e+06
3700,1.80184,6.431470e+06
3725,1.80184,7.029630e+06
3750,1.80184,7.709760e+06
3775,1.80184,8.481700e+06
3800,1.80184,9.355960e+06
3825,1.80184,1.034360e+07
3850,1.80184,1.145600e+07
3875,1.80184,1.270470e+07
3900,1.80184,1.410100e+07
3925,1.80184,1.565550e+07
3950,1.80184,1.737730e+07
3975,1.80184,1.927280e+07
4000,1.80184,2.134440e+07
4025,1.80184,2.358700e+07
4050,1.80184,2.598100e+07
4075,1.80184,2.846950e+07
4100,1.80184,3.066750e+07
4125,1.80184,3.082220e+07
4150,1.80184,3.098310e+07
4175,1.80184,3.115050e+07
4200,1.80184,3.132490e+07
4225,1.80184,3.150640e+07
4250,1.80184,3.169540e+07
4275,1.80184,3.189220e+07
4300,1.80184,3.209720e+07
4325,1.80184,3.231070e+07
4350,1.80184,3.253300e+07
4375,1.80184,3.276460e+07
4400,1.80184,3.300590e+07
4425,1.80184,3.325710e+07
4450,1.80184,3.351880e+07
4475,1.80184,3.379120e+07
4500,1.80184,3.407490e+07
4525,1.80184,3.437020e+07
4550,1.80184,3.467750e+07
4575,1.80184,3.499730e+07
4600,1.80184,3.532990e+07
4625,1.80184,3.567580e+07
4650,1.80184,3.603530e+07
4675,1.80184,3.640890e+07
4700,1.80184,3.679690e+07
4725,1.80184,3.719960e+07
4750,1.80184,3.761740e+07
4775,1.80184,3.805050e+07
4800,1.80184,3.849910e+07
4825,1.80184,3.896360e+07
4850,1.80184,3.944380e+07
4875,1.80184,3.994010e+07
4900,1.80184,4.045230e+07
4925,1.80184,4.098030e+07
4950,1.80184,4.152400e+07
4975,1.80184,4.208300e+07
5000,1.80184,4.265710e+07
300,3.20418,-2.632220e+06
325,3.20418,-2.607560e+06
350,3.20418,-2.582700e+06
375,3.20418,-2.557660e+06
400,3.20418,-2.532420e+06
425,3.20418,-2.507000e+06
450,3.20418,-2.481390e+06
475,3.20418,-2.455580e+06
500,3.20418,-2.429560e+06
525,3.20418,-2.403310e+06
550,3.20418,-2.376800e+06
575,3.20418,-2.349920e+06
600,3.20418,-2.322560e+06
625,3.20418,-2.294470e+06
650,3.20418,-2.265310e+06
675,3.20418,-2.234530e+06
700,3.20418,-2.201390e+06
725,3.20418,-2.164860e+06
750,3.20418,-2.123620e+06
775,3.20418,-2.076020e+06
800,3.20418,-2.020130e+06
825,3.20418,-1.953840e+06
850,3.20418,-1.875030e+06
875,3.20418,-1.781960e+06
900,3.20418,-1.673660e+06
925,3.20418,-1.550540e+06
950,3.20418,-1.414940e+06
975,3.20418,-1.271380e+06
1000,3.20418,-1.126320e+06
1025,3.20418,-9.869980e+05
1050,3.20418,-8.598000e+05
1075,3.20418,-7.487060e+05
1100,3.20418,-6.547260e+05
1125,3.20418,-5.764380e+05
1150,3.20418,-5.111160e+05
1175,3.20418,-4.557540e+05
1200,3.20418,-4.076840e+05
1225,3.20418,-3.647890e+05
1250,3.20418,-3.255020e+05
1275,3.20418,-2.887080e+05
1300,3.20418,-2.536260e+05
1325,3.20418,-2.197190e+05
1350,3.20418,-1.866160e+05
1375,3.20418,-1.540620e+05
1400,3.20418,-1.218810e+05
1425,3.20418,-8.994890e+04
1450,3.20418,-5.818080e+04
1475,3.20418,-2.651610e+04
1500,3.20418,5.087990e+03
1525,3.20418,3.666170e+04
1550,3.20418,6.822650e+04
1575,3.20418,9.979790e+04
1600,3.20418,1.313870e+05
1625,3.20418,1.630010e+05
1650,3.20418,1.946460e+05
1675,3.20418,2.263250e+05
1700,3.20418,2.580410e+05
1725,3.20418,2.897950e+05
1750,3.20418,3.215890e+05
1775,3.20418,3.534230e+05
1800,3.20418,3.852970e+05
1825,3.20418,4.172110e+05
1850,3.20418,4.491650e+05
1875,3.20418,4.811570e+05
1900,3.20418,5.131880e+05
1925,3.20418,5.452570e+05
1950,3.20418,5.773630e+05
1975,3.20418,6.095050e+05
2000,3.20418,6.416820e+05
2025,3.20418,6.738950e+05
2050,3.20418,7.061420e+05
2075,3.20418,7.384230e+05
2100,3.20418,7.707370e+05
2125,3.20418,8.030840e+05
2150,3.20418,8.354630e+05
2175,3.20418,8.678740e+05
2200,3.20418,9.003170e+05
2225,3.20418,9.327910e+05
2250,3.20418,9.652980e+05
2275,3.20418,9.978370e+05
2300,3.20418,1.030410e+06
2325,3.20418,1.063010e+06
2350,3.20418,1.095650e+06
2375,3.20418,1.128330e+06
2400,3.20418,1.161040e+06
2425,3.20418,1.193800e+06
2450,3.20418,1.226590e+06
2475,3.20418,1.259440e+06
2500,3.20418,1.292330e+06
2525,3.20418,1.325280e+06
2550,3.20418,1.358290e+06
2575,3.20418,1.391370e+06
2600,3.20418,1.424520e+06
2625,3.20418,1.457760e+06
2650,3.20418,1.491090e+06
2675,3.20418,1.524530e+06
2700,3.20418,1.558100e+06
2725,3.20418,1.591800e+06
2750,3.20418,1.625670e+06
2775,3.20418,1.659710e+06
2800,3.20418,1.693970e+06
2825,3.20418,1.728460e+06
2850,3.20418,1.763240e+06
2875,3.20418,1.798320e+06
2900,3.20418,1.833780e+06
2925,3.20418,1.869650e+06
2950,3.20418,1.906010e+06
2975,3.20418,1.942940e+06
3000,3.20418,1.980510e+06
3025,3.20418,2.018840e+06
3050,3.20418,2.058040e+06
3075,3.20418,2.098250e+06
3100,3.20418,2.139640e+06
3125,3.20418,2.182400e+06
3150,3.20418,2.226740e+06
3175,3.20418,2.272940e+06
3200,3.20418,2.321290e+06
3225,3.20418,2.372150e+06
3250,3.20418,2.425930e+06
3275,3.20418,2.483100e+06
3300,3.20418,2.544220e+06
3325,3.20418,2.609950e+06
3350,3.20418,2.681020e+06
3375,3.20418,2.758300e+06
3400,3.20418,2.842790e+06
3425,3.20418,2.935650e+06
3450,3.20418,3.038200e+06
3475,3.20418,3.151970e+06
3500,3.20418,3.278700e+06
3525,3.20418,3.420390e+06
3550,3.20418,3.579320e+06
3575,3.20418,3.758070e+06
3600,3.20418,3.959580e+06
3625,3.20418,4.187160e+06
3650,3.20418,4.444540e+06
3675,3.20418,4.735920e+06
3700,3.20418,5.065980e+06
3725,3.20418,5.439920e+06
3750,3.20418,5.863510e+06
3775,3.20418,6.343100e+06
3800,3.20418,6.885630e+06
3825,3.20418,7.498650e+06
3850,3.20418,8.190300e+06
3875,3.20418,8.969240e+06
3900,3.20418,9.844630e+06
3925,3.20418,1.082600e+07
3950,3.20418,1.192310e+07
3975,3.20418,1.314560e+07
4000,3.20418,1.450290e+07
4025,3.20418,1.600360e+07
4050,3.20418,1.765500e+07
4075,3.20418,1.946210e+07
4100,3.20418,2.142610e+07
4125,3.20418,2.354250e+07
4150,3.20418,2.579500e+07
4175,3.20418,2.814120e+07
4200,3.20418,3.042800e+07
4225,3.20418,3.094550e+07
4250,3.20418,3.109650e+07
4275,3.20418,3.125300e+07
4300,3.20418,3.141530e+07
4325,3.20418,3.158370e+07
4350,3.20418,3.175840e+07
4375,3.20418,3.193960e+07
4400,3.20418,3.212770e+07
4425,3.20418,3.232280e+07
4450,3.20418,3.252530e+07
4475,3.20418,3.273540e+07
4500,3.20418,3.295340e+07
4525,3.20418,3.317960e+07
4550,3.20418,3.341440e+07
4575,3.20418,3.365790e+07
4600,3.20418,3.391060e+07
4625,3.20418,3.417270e+07
4650,3.20418,3.444460e+07
4675,3.20418,3.472650e+07
4700,3.20418,3.501880e+07
4725,3.20418,3.532180e+07
4750,3.20418,3.563580e+07
4775,3.20418,3.596110e+07
4800,3.20418,3.629790e+07
4825,3.20418,3.664670e+07
4850,3.20418,3.700750e+07
4875,3.20418,3.738080e+07
4900,3.20418,3.776670e+07
4925,3.20418,3.816540e+07
4950,3.20418,3.857720e+07
4975,3.20418,3.900200e+07
5000,3.20418,3.944020e+07
300,5.69792,-2.632220e+06
325,5.69792,-2.607560e+06
350,5.69792,-2.582700e+06
375,5.69792,-2.557660e+06
400,5.69792,-2.532420e+06
425,5.69792,-2.507000e+06
450,5.69792,-2.481390e+06
475,5.69792,-2.455580e+06
500,5.69792,-2.429570e+06
525,5.69792,-2.403340e+06
550,5.69792,-2.376850e+06
575,5.69792,-2.350050e+06
600,5.69792,-2.322840e+06
625,5.69792,-2.295030e+06
650,5.69792,-2.266360e+06
675,5.69792,-2.236430e+06
700,5.69792,-2.204680e+06
725,5.69792,-2.170330e+06
750,5.69792,-2.132360e+06
775,5.69792,-2.089520e+06
800,5.69792,-2.040270e+06
825,5.69792,-1.982880e+06
850,5.69792,-1.915550e+06
875,5.69792,-1.836510e+06
900,5.69792,-1.744410e+06
925,5.69792,-1.638600e+06
950,5.69792,-1.519630e+06
975,5.69792,-1.389630e+06
1000,5.69792,-1.252470e+06
1025,5.69792,-1.113540e+06
1050,5.69792,-9.789440e+05
1075,5.69792,-8.542530e+05
1100,5.69792,-7.432830e+05
1125,5.69792,-6.475160e+05
1150,5.69792,-5.663110e+05
1175,5.69792,-4.976770e+05
1200,5.69792,-4.391180e+05
1225,5.69792,-3.882240e+05
1250,5.69792,-3.429640e+05
1275,5.69792,-3.017580e+05
1300,5.69792,-2.634320e+05
1325,5.69792,-2.271370e+05
1350,5.69792,-1.922710e+05
1375,5.69792,-1.584080e+05
1400,5.69792,-1.252490e+05
1425,5.69792,-9.258000e+04
1450,5.69792,-6.025300e+04
1475,5.69792,-2.816100e+04
1500,5.69792,3.772180e+03
1525,5.69792,3.560140e+04
1550,5.69792,6.736610e+04
1575,5.69792,9.909490e+04
1600,5.69792,1.308090e+05
1625,5.69792,1.625220e+05
1650,5.69792,1.942470e+05
1675,5.69792,2.259910e+05
1700,5.69792,2.577600e+05
1725,5.69792,2.895580e+05
1750,5.69792,3.213870e+05
1775,5.69792,3.532510e+05
1800,5.69792,3.851490e+05
1825,5.69792,4.170830e+05
1850,5.69792,4.490540e+05
1875,5.69792,4.810610e+05
1900,5.69792,5.131040e+05
1925,5.69792,5.451830e+05
1950,5.69792,5.772970e+05
1975,5.69792,6.094470e+05
2000,5.69792,6.416310e+05
2025,5.69792,6.738490e+05
2050,5.69792,7.061000e+05
2075,5.69792,7.383840e+05
2100,5.69792,7.707010e+05
2125,5.69792,8.030500e+05
2150,5.69792,8.354300e+05
2175,5.69792,8.678410e+05
2200,5.69792,9.002830e+05
2225,5.69792,9.327560e+05
2250,5.69792,9.652590e+05
2275,5.69792,9.977930e+05
2300,5.69792,1.030360e+06
2325,5.69792,1.062960e+06
2350,5.69792,1.095580e+06
2375,5.69792,1.128250e+06
2400,5.69792,1.160940e+06
2425,5.69792,1.193680e+06
2450,5.69792,1.226450e+06
2475,5.69792,1.259260e+06
2500,5.69792,1.292110e+06
2525,5.69792,1.325010e+06
2550,5.69792,1.357960e+06
2575,5.69792,1.390970e+06
2600,5.69792,1.424030e+06
2625,5.69792,1.457170e+06
2650,5.69792,1.490380e+06
2675,5.69792,1.523680e+06
2700,5.69792,1.557070e+06
2725,5.69792,1.590570e+06
2750,5.69792,1.624190e+06
2775,5.69792,1.657940e+06
2800,5.69792,1.691860e+06
2825,5.69792,1.725950e+06
2850,5.69792,1.760240e+06
2875,5.69792,1.794760e+06
2900,5.69792,1.829550e+06
2925,5.69792,1.864640e+06
2950,5.69792,1.900070e+06
2975,5.69792,1.935900e+06
3000,5.69792,1.972180e+06
3025,5.69792,2.008980e+06
3050,5.69792,2.046380e+06
3075,5.69792,2.084460e+06
3100,5.69792,2.123340e+06
3125,5.69792,2.163130e+06
3150,5.69792,2.203980e+06
3175,5.69792,2.246040e+06
3200,5.69792,2.289500e+06
3225,5.69792,2.334570e+06
3250,5.69792,2.381520e+06
3275,5.69792,2.430630e+06
3300,5.69792,2.482230e+06
3325,5.69792,2.536720e+06
3350,5.69792,2.594550e+06
3375,5.69792,2.656220e+06
3400,5.69792,2.722340e+06
3425,5.69792,2.793590e+06
3450,5.69792,2.870750e+06
3475,5.69792,2.954720e+06
3500,5.69792,3.046550e+06
3525,5.69792,3.147390e+06
3550,5.69792,3.258590e+06
3575,5.69792,3.381690e+06
3600,5.69792,3.518400e+06
3625,5.69792,3.670690e+06
3650,5.69792,3.840780e+06
3675,5.69792,4.031150e+06
3700,5.69792,4.244600e+06
3725,5.69792,4.484270e+06
3750,5.69792,4.753650e+06
3775,5.69792,5.056640e+06
3800,5.69792,5.397520e+06
3825,5.69792,5.781050e+06
3850,5.69792,6.212430e+06
3875,5.69792,6.697340e+06
3900,5.69792,7.241920e+06
3925,5.69792,7.852810e+06
3950,5.69792,8.537100e+06
3975,5.69792,9.302270e+06
4000,5.69792,1.015620e+07
4025,5.69792,1.110690e+07
4050,5.69792,1.216270e+07
4075,5.69792,1.333160e+07
4100,5.69792,1.462150e+07
4125,5.69792,1.603950e+07
4150,5.69792,1.759180e+07
4175,5.69792,1.928230e+07
4200,5.69792,2.111270e+07
4225,5.69792,2.307990e+07
4250,5.69792,2.517300e+07
4275,5.69792,2.736540e+07
4300,5.69792,2.958480e+07
4325,5.69792,3.105700e+07
4350,5.69792,3.119810e+07
4375,5.69792,3.134390e+07
4400,5.69792,3.149450e+07
4425,5.69792,3.165020e+07
4450,5.69792,3.181120e+07
4475,5.69792,3.197760e+07
4500,5.69792,3.214960e+07
4525,5.69792,3.232750e+07
4550,5.69792,3.251150e+07
4575,5.69792,3.270160e+07
4600,5.69792,3.289830e+07
4625,5.69792,3.310170e+07
4650,5.69792,3.331190e+07
4675,5.69792,3.352930e+07
4700,5.69792,3.375410e+07
4725,5.69792,3.398650e+07
4750,5.69792,3.422680e+07
4775,5.69792,3.447510e+07
4800,5.69792,3.473170e+07
4825,5.69792,3.499690e+07
4850,5.69792,3.527080e+07
4875,5.69792,3.555380e+07
4900,5.69792,3.584600e+07
4925,5.69792,3.614770e+07
4950,5.69792,3.645910e+07
4975,5.69792,3.678040e+07
5000,5.69792,3.711170e+07
300,10.1325,-2.632220e+06
325,10.1325,-2.607560e+06
350,10.1325,-2.582700e+06
375,10.1325,-2.557660e+06
400,10.1325,-2.532420e+06
425,10.1325,-2.507000e+06
450,10.1325,-2.481390e+06
475,10.1325,-2.455580e+06
500,10.1325,-2.429570e+06
525,10.1325,-2.403350e+06
550,10.1325,-2.376900e+06
575,10.1325,-2.350150e+06
600,10.1325,-2.323050e+06
625,10.1325,-2.295450e+06
650,10.1325,-2.267150e+06
675,10.1325,-2.237870e+06
700,10.1325,-2.207160e+06
725,10.1325,-2.174440e+06
750,10.1325,-2.138960e+06
775,10.1325,-2.099730e+06
800,10.1325,-2.055570e+06
825,10.1325,-2.005110e+06
850,10.1325,-1.946830e+06
875,10.1325,-1.879190e+06
900,10.1325,-1.800770e+06
925,10.1325,-1.710500e+06
950,10.1325,-1.607960e+06
975,10.1325,-1.493740e+06
1000,10.1325,-1.369650e+06
1025,10.1325,-1.238920e+06
1050,10.1325,-1.106010e+06
1075,10.1325,-9.759920e+05
1100,10.1325,-8.537020e+05
1125,10.1325,-7.427820e+05
1150,10.1325,-6.450940e+05
1175,10.1325,-5.607080e+05
1200,10.1325,-4.883650e+05
1225,10.1325,-4.261180e+05
1250,10.1325,-3.718820e+05
1275,10.1325,-3.237580e+05
1300,10.1325,-2.801810e+05
1325,10.1325,-2.399320e+05
1350,10.1325,-2.020960e+05
1375,10.1325,-1.660000e+05
1400,10.1325,-1.311540e+05
1425,10.1325,-9.720800e+04
1450,10.1325,-6.390650e+04
1475,10.1325,-3.106630e+04
1500,10.1325,1.445090e+03
1525,10.1325,3.372420e+04
1550,10.1325,6.584150e+04
1575,10.1325,9.784840e+04
1600,10.1325,1.297830e+05
1625,10.1325,1.616730e+05
1650,10.1325,1.935400e+05
1675,10.1325,2.253990e+05
1700,10.1325,2.572610e+05
1725,10.1325,2.891360e+05
1750,10.1325,3.210280e+05
1775,10.1325,3.529440e+05
1800,10.1325,3.848860e+05
1825,10.1325,4.168560e+05
1850,10.1325,4.488570e+05
1875,10.1325,4.808890e+05
1900,10.1325,5.129540e+05
1925,10.1325,5.450510e+05
1950,10.1325,5.771810e+05
1975,10.1325,6.093440e+05
2000,10.1325,6.415400e+05
2025,10.1325,6.737670e+05
2050,10.1325,7.060270e+05
2075,10.1325,7.383180e+05
2100,10.1325,7.706410e+05
2125,10.1325,8.029940e+05
2150,10.1325,8.353780e+05
2175,10.1325,8.677920e+05
2200,10.1325,9.002360e+05
2225,10.1325,9.327090e+05
2250,10.1325,9.652120e+05
2275,10.1325,9.977450e+05
2300,10.1325,1.030310e+06
2325,10.1325,1.062900e+06
2350,10.1325,1.095520e+06
2375,10.1325,1.128170e+06
2400,10.1325,1.160860e+06
2425,10.1325,1.193570e+06
2450,10.1325,1.226330e+06
2475,10.1325,1.259110e+06
2500,10.1325,1.291940e+06
2525,10.1325,1.324800e+06
2550,10.1325,1.357710e+06
2575,10.1325,1.390660e+06
2600,10.1325,1.423670e+06
2625,10.1325,1.456730e+06
2650,10.1325,1.489850e+06
2675,10.1325,1.523040e+06
2700,10.1325,1.556300e+06
2725,10.1325,1.589650e+06
2750,10.1325,1.623090e+06
2775,10.1325,1.656640e+06
2800,10.1325,1.690300e+06
2825,10.1325,1.724100e+06
2850,10.1325,1.758050e+06
2875,10.1325,1.792170e+06
2900,10.1325,1.826480e+06
2925,10.1325,1.861020e+06
2950,10.1325,1.895800e+06
2975,10.1325,1.930860e+06
3000,10.1325,1.966250e+06
3025,10.1325,2.002000e+06
3050,10.1325,2.038170e+06
3075,10.1325,2.074820e+06
3100,10.1325,2.112020e+06
3125,10.1325,2.149830e+06
3150,10.1325,2.188360e+06
3175,10.1325,2.227700e+06
3200,10.1325,2.267970e+06
3225,10.1325,2.309310e+06
3250,10.1325,2.351880e+06
3275,10.1325,2.395850e+06
3300,10.1325,2.441430e+06
3325,10.1325,2.488850e+06
3350,10.1325,2.538400e+06
3375,10.1325,2.590380e+06
3400,10.1325,2.645140e+06
3425,10.1325,2.703110e+06
3450,10.1325,2.764740e+06
3475,10.1325,2.830580e+06
3500,10.1325,2.901230e+06
3525,10.1325,2.977390e+06
3550,10.1325,3.059870e+06
3575,10.1325,3.149540e+06
3600,10.1325,3.247450e+06
3625,10.1325,3.354740e+06
3650,10.1325,3.472710e+06
3675,10.1325,3.602850e+06
3700,10.1325,3.746810e+06
3725,10.1325,3.906450e+06
3750,10.1325,4.083840e+06
3775,10.1325,4.281310e+06
3800,10.1325,4.501440e+06
3825,10.1325,4.747100e+06
3850,10.1325,5.021480e+06
3875,10.1325,5.328060e+06
3900,10.1325,5.670690e+06
3925,10.1325,6.053580e+06
3950,10.1325,6.481300e+06
3975,10.1325,6.958800e+06
4000,10.1325,7.491420e+06
4025,10.1325,8.084860e+06
4050,10.1325,8.745160e+06
4075,10.1325,9.478700e+06
4100,10.1325,1.029210e+07
4125,10.1325,1.119220e+07
4150,10.1325,1.218580e+07
4175,10.1325,1.327980e+07
4200,10.1325,1.448070e+07
4225,10.1325,1.579460e+07
4250,10.1325,1.722670e+07
4275,10.1325,1.878080e+07
4300,10.1325,2.045900e+07
4325,10.1325,2.226010e+07
4350,10.1325,2.417830e+07
4375,10.1325,2.619910e+07
4400,10.1325,2.828940e+07
4425,10.1325,3.035480e+07
4450,10.1325,3.129190e+07
4475,10.1325,3.142740e+07
4500,10.1325,3.156690e+07
4525,10.1325,3.171070e+07
4550,10.1325,3.185880e+07
4575,10.1325,3.201140e+07
4600,10.1325,3.216860e+07
4625,10.1325,3.233060e+07
4650,10.1325,3.249760e+07
4675,10.1325,3.266970e+07
4700,10.1325,3.284700e+07
4725,10.1325,3.302970e+07
4750,10.1325,3.321810e+07
4775,10.1325,3.341220e+07
4800,10.1325,3.361220e+07
4825,10.1325,3.381830e+07
4850,10.1325,3.403070e+07
4875,10.1325,3.424950e+07
4900,10.1325,3.447500e+07
4925,10.1325,3.470730e+07
4950,10.1325,3.494650e+07
4975,10.1325,3.519290e+07
5000,10.1325,3.544660e+07
300,18.0184,-2.632220e+06
325,18.0184,-2.607560e+06
350,18.0184,-2.582700e+06
375,18.0184,-2.557660e+06
400,18.0184,-2.532420e+06
425,18.0184,-2.507000e+06
450,18.0184,-2.481390e+06
475,18.0184,-2.455580e+06
500,18.0184,-2.429580e+06
525,18.0184,-2.403370e+06
550,18.0184,-2.376930e+06
575,18.0184,-2.350230e+06
600,18.0184,-2.323200e+06
625,18.0184,-2.295760e+06
650,18.0184,-2.267750e+06
675,18.0184,-2.238940e+06
700,18.0184,-2.209020e+06
725,18.0184,-2.177540e+06
750,18.0184,-2.143930e+06
775,18.0184,-2.107430e+06
800,18.0184,-2.067160e+06
825,18.0184,-2.022020e+06
850,18.0184,-1.970800e+06
875,18.0184,-1.912210e+06
900,18.0184,-1.844950e+06
925,18.0184,-1.767860e+06
950,18.0184,-1.680120e+06
975,18.0184,-1.581450e+06
1000,18.0184,-1.472370e+06
1025,18.0184,-1.354410e+06
1050,18.0184,-1.230170e+06
1075,18.0184,-1.103250e+06
1100,18.0184,-9.778470e+05
1125,18.0184,-8.580990e+05
1150,18.0184,-7.474180e+05
1175,18.0184,-6.479290e+05
1200,18.0184,-5.603070e+05
1225,18.0184,-4.839930e+05
1250,18.0184,-4.176340e+05
1275,18.0184,-3.595330e+05
1300,18.0184,-3.079960e+05
1325,18.0184,-2.615220e+05
1350,18.0184,-2.188750e+05
1375,18.0184,-1.790820e+05
1400,18.0184,-1.414030e+05
1425,18.0184,-1.052820e+05
1450,18.0184,-7.030550e+04
1475,18.0184,-3.617080e+04
1500,18.0184,-2.653260e+03
1525,18.0184,3.041210e+04
1550,18.0184,6.314750e+04
1575,18.0184,9.564330e+04
1600,18.0184,1.279670e+05
1625,18.0184,1.601690e+05
1650,18.0184,1.922870e+05
1675,18.0184,2.243490e+05
1700,18.0184,2.563770e+05
1725,18.0184,2.883860e+05
1750,18.0184,3.203910e+05
1775,18.0184,3.523990e+05
1800,18.0184,3.844170e+05
1825,18.0184,4.164520e+05
1850,18.0184,4.485070e+05
1875,18.0184,4.805850e+05
1900,18.0184,5.126880e+05
1925,18.0184,5.448180e+05
1950,18.0184,5.769760e+05
1975,18.0184,6.091630e+05
2000,18.0184,6.413790e+05
2025,18.0184,6.736240e+05
2050,18.0184,7.058990e+05
2075,18.0184,7.382030e+05
2100,18.0184,7.705370e+05
2125,18.0184,8.029000e+05
2150,18.0184,8.352920e+05
2175,18.0184,8.677120e+05
2200,18.0184,9.001610e+05
2225,18.0184,9.326390e+05
2250,18.0184,9.651450e+05
2275,18.0184,9.976790e+05
2300,18.0184,1.030240e+06
2325,18.0184,1.062830e+06
2350,18.0184,1.095450e+06
2375,18.0184,1.128100e+06
2400,18.0184,1.160770e+06
2425,18.0184,1.193480e+06
2450,18.0184,1.226220e+06
2475,18.0184,1.258990e+06
2500,18.0184,1.291790e+06
2525,18.0184,1.324630e+06
2550,18.0184,1.357510e+06
2575,18.0184,1.390420e+06
2600,18.0184,1.423380e+06
2625,18.0184,1.456390e+06
2650,18.0184,1.489440e+06
2675,18.0184,1.522550e+06
2700,18.0184,1.555720e+06
2725,18.0184,1.588960e+06
2750,18.0184,1.622270e+06
2775,18.0184,1.655660e+06
2800,18.0184,1.689150e+06
2825,18.0184,1.722740e+06
2850,18.0184,1.756440e+06
2875,18.0184,1.790270e+06
2900,18.0184,1.824240e+06
2925,18.0184,1.858380e+06
2950,18.0184,1.892700e+06
2975,18.0184,1.927220e+06
3000,18.0184,1.961980e+06
3025,18.0184,1.997000e+06
3050,18.0184,2.032320e+06
3075,18.0184,2.067980e+06
3100,18.0184,2.104020e+06
3125,18.0184,2.140490e+06
3150,18.0184,2.177460e+06
3175,18.0184,2.214980e+06
3200,18.0184,2.253140e+06
3225,18.0184,2.292010e+06
3250,18.0184,2.331710e+06
3275,18.0184,2.372340e+06
3300,18.0184,2.414030e+06
3325,18.0184,2.456920e+06
3350,18.0184,2.501190e+06
3375,18.0184,2.547030e+06
3400,18.0184,2.594660e+06
3425,18.0184,2.644320e+06
3450,18.0184,2.696290e+06
3475,18.0184,2.750910e+06
3500,18.0184,2.808540e+06
3525,18.0184,2.869590e+06
3550,18.0184,2.934530e+06
3575,18.0184,3.003910e+06
3600,18.0184,3.078330e+06
3625,18.0184,3.158470e+06
3650,18.0184,3.245100e+06
3675,18.0184,3.339100e+06
3700,18.0184,3.441430e+06
3725,18.0184,3.553210e+06
3750,18.0184,3.675660e+06
3775,18.0184,3.810150e+06
3800,18.0184,3.958210e+06
3825,18.0184,4.121560e+06
3850,18.0184,4.302090e+06
3875,18.0184,4.501890e+06
3900,18.0184,4.723300e+06
3925,18.0184,4.968850e+06
3950,18.0184,5.241370e+06
3975,18.0184,5.543910e+06
4000,18.0184,5.879820e+06
4025,18.0184,6.252750e+06
4050,18.0184,6.666620e+06
4075,18.0184,7.125660e+06
4100,18.0184,7.634400e+06
4125,18.0184,8.197660e+06
4150,18.0184,8.820520e+06
4175,18.0184,9.508320e+06
4200,18.0184,1.026660e+07
4225,18.0184,1.110100e+07
4250,18.0184,1.201730e+07
4275,18.0184,1.302120e+07
4300,18.0184,1.411820e+07
4325,18.0184,1.531350e+07
4350,18.0184,1.661180e+07
4375,18.0184,1.801670e+07
4400,18.0184,1.953080e+07
4425,18.0184,2.115450e+07
4450,18.0184,2.288580e+07
4475,18.0184,2.471780e+07
4500,18.0184,2.663590e+07
4525,18.0184,2.860860e+07
4550,18.0184,3.055020e+07
4575,18.0184,3.150730e+07
4600,18.0184,3.163650e+07
4625,18.0184,3.176920e+07
4650,18.0184,3.190540e+07
4675,18.0184,3.204540e+07
4700,18.0184,3.218910e+07
4725,18.0184,3.233680e+07
4750,18.0184,3.248840e+07
4775,18.0184,3.264430e+07
4800,18.0184,3.280430e+07
4825,18.0184,3.296880e+07
4850,18.0184,3.313770e+07
4875,18.0184,3.331130e+07
4900,18.0184,3.348960e+07
4925,18.0184,3.367270e+07
4950,18.0184,3.386090e+07
4975,18.0184,3.405420e+07
5000,18.0184,3.425270e+07
300,32.0418,-2.632220e+06
325,32.0418,-2.607560e+06
350,32.0418,-2.582700e+06
375,32.0418,-2.557660e+06
400,32.0418,-2.532420e+06
425,32.0418,-2.507000e+06
450,32.0418,-2.481390e+06
475,32.0418,-2.455580e+06
500,32.0418,-2.429580e+06
525,32.0418,-2.403380e+06
550,32.0418,-2.376950e+06
575,32.0418,-2.350280e+06
600,32.0418,-2.323320e+06
625,32.0418,-2.295990e+06
650,32.0418,-2.268190e+06
675,32.0418,-2.239750e+06
700,32.0418,-2.210410e+06
725,32.0418,-2.179860e+06
750,32.0418,-2.147660e+06
775,32.0418,-2.113240e+06
800,32.0418,-2.075910e+06
825,32.0418,-2.034840e+06
850,32.0418,-1.989070e+06
875,32.0418,-1.937550e+06
900,32.0418,-1.879170e+06
925,32.0418,-1.812870e+06
950,32.0418,-1.737700e+06
975,32.0418,-1.653030e+06
1000,32.0418,-1.558650e+06
1025,32.0418,-1.455000e+06
1050,32.0418,-1.343290e+06
1075,32.0418,-1.225580e+06
1100,32.0418,-1.104730e+06
1125,32.0418,-9.841210e+05
1150,32.0418,-8.672660e+05
1175,32.0418,-7.572660e+05
1200,32.0418,-6.563680e+05
1225,32.0418,-5.657160e+05
1250,32.0418,-4.853840e+05
1275,32.0418,-4.146220e+05
1300,32.0418,-3.521920e+05
1325,32.0418,-2.966850e+05
1350,32.0418,-2.467330e+05
1375,32.0418,-2.011310e+05
1400,32.0418,-1.588750e+05
1425,32.0418,-1.191680e+05
1450,32.0418,-8.138750e+04
1475,32.0418,-4.505780e+04
1500,32.0418,-9.818320e+03
1525,32.0418,2.460280e+04
1550,32.0418,5.841030e+04
1575,32.0418,9.175790e+04
1600,32.0418,1.247620e+05
1625,32.0418,1.575100e+05
1650,32.0418,1.900690e+05
1675,32.0418,2.224890e+05
1700,32.0418,2.548090e+05
1725,32.0418,2.870580e+05
1750,32.0418,3.192600e+05
1775,32.0418,3.514320e+05
1800,32.0418,3.835870e+05
1825,32.0418,4.157350e+05
1850,32.0418,4.478860e+05
1875,32.0418,4.800450e+05
1900,32.0418,5.122160e+05
1925,32.0418,5.444040e+05
1950,32.0418,5.766120e+05
1975,32.0418,6.088410e+05
2000,32.0418,6.410940e+05
2025,32.0418,6.733710e+05
2050,32.0418,7.056730e+05
2075,32.0418,7.380010e+05
2100,32.0418,7.703550e+05
2125,32.0418,8.027350e+05
2150,32.0418,8.351420e+05
2175,32.0418,8.675760e+05
2200,32.0418,9.000360e+05
2225,32.0418,9.325230e+05
2250,32.0418,9.650370e+05
2275,32.0418,9.975770e+05
2300,32.0418,1.030140e+06
2325,32.0418,1.062740e+06
2350,32.0418,1.095360e+06
2375,32.0418,1.128000e+06
2400,32.0418,1.160680e+06
2425,32.0418,1.193380e+06
2450,32.0418,1.226110e+06
2475,32.0418,1.258870e+06
2500,32.0418,1.291660e+06
2525,32.0418,1.324480e+06
2550,32.0418,1.357340e+06
2575,32.0418,1.390230e+06
2600,32.0418,1.423150e+06
2625,32.0418,1.456120e+06
2650,32.0418,1.489120e+06
2675,32.0418,1.522180e+06
2700,32.0418,1.555280e+06
2725,32.0418,1.588430e+06
2750,32.0418,1.621650e+06
2775,32.0418,1.654930e+06
2800,32.0418,1.688280e+06
2825,32.0418,1.721720e+06
2850,32.0418,1.755240e+06
2875,32.0418,1.788850e+06
2900,32.0418,1.822580e+06
2925,32.0418,1.856430e+06
2950,32.0418,1.890420e+06
2975,32.0418,1.924560e+06
3000,32.0418,1.958880e+06
3025,32.0418,1.993380e+06
3050,32.0418,2.028100e+06
3075,32.0418,2.063070e+06
3100,32.0418,2.098300e+06
3125,32.0418,2.133850e+06
3150,32.0418,2.169740e+06
3175,32.0418,2.206020e+06
3200,32.0418,2.242740e+06
3225,32.0418,2.279960e+06
3250,32.0418,2.317740e+06
3275,32.0418,2.356150e+06
3300,32.0418,2.395270e+06
3325,32.0418,2.435210e+06
3350,32.0418,2.476050e+06
3375,32.0418,2.517930e+06
3400,32.0418,2.560970e+06
3425,32.0418,2.605340e+06
3450,32.0418,2.651200e+06
3475,32.0418,2.698750e+06
3500,32.0418,2.748220e+06
3525,32.0418,2.799860e+06
3550,32.0418,2.853950e+06
3575,32.0418,2.910810e+06
3600,32.0418,2.970810e+06
3625,32.0418,3.034350e+06
3650,32.0418,3.101900e+06
3675,32.0418,3.173960e+06
3700,32.0418,3.251130e+06
3725,32.0418,3.334050e+06
3750,32.0418,3.423450e+06
3775,32.0418,3.520130e+06
3800,32.0418,3.625010e+06
3825,32.0418,3.739100e+06
3850,32.0418,3.863520e+06
3875,32.0418,3.999510e+06
3900,32.0418,4.148460e+06
3925,32.0418,4.311880e+06
3950,32.0418,4.491450e+06
3975,32.0418,4.689030e+06
4000,32.0418,4.906640e+06
4025,32.0418,5.146490e+06
4050,32.0418,5.411000e+06
4075,32.0418,5.702810e+06
4100,32.0418,6.024760e+06
4125,32.0418,6.379930e+06
4150,32.0418,6.771630e+06
4175,32.0418,7.203410e+06
4200,32.0418,7.679040e+06
4225,32.0418,8.202530e+06
4250,32.0418,8.778080e+06
4275,32.0418,9.410110e+06
4300,32.0418,1.010320e+07
4325,32.0418,1.086200e+07
4350,32.0418,1.169130e+07
4375,32.0418,1.259590e+07
4400,32.0418,1.358030e+07
4425,32.0418,1.464920e+07
4450,32.0418,1.580660e+07
4475,32.0418,1.705600e+07
4500,32.0418,1.840030e+07
4525,32.0418,1.984110e+07
4550,32.0418,2.137860e+07
4575,32.0418,2.301040e+07
4600,32.0418,2.473090e+07
4625,32.0418,2.652820e+07
4650,32.0418,2.837850e+07
4675,32.0418,3.022640e+07
4700,32.0418,3.170640e+07
4725,32.0418,3.182900e+07
4750,32.0418,3.195460e+07
4775,32.0418,3.208310e+07
4800,32.0418,3.221470e+07
4825,32.0418,3.234950e+07
4850,32.0418,3.248760e+07
4875,32.0418,3.262900e+07
4900,32.0418,3.277390e+07
4925,32.0418,3.292220e+07
4950,32.0418,3.307420e+07
4975,32.0418,3.322980e+07
5000,32.0418,3.338930e+07
300,56.9792,-2.632220e+06
325,56.9792,-2.607560e+06
350,56.9792,-2.582700e+06
375,56.9792,-2.557660e+06
400,56.9792,-2.532420e+06
425,56.9792,-2.507000e+06
450,56.9792,-2.481390e+06
475,56.9792,-2.455580e+06
500,56.9792,-2.429590e+06
525,56.9792,-2.403380e+06
550,56.9792,-2.376970e+06
575,56.9792,-2.350320e+06
600,56.9792,-2.323410e+06
625,56.9792,-2.296170e+06
650,56.9792,-2.268530e+06
675,56.9792,-2.240350e+06
700,56.9792,-2.211460e+06
725,56.9792,-2.181610e+06
750,56.9792,-2.150470e+06
775,56.9792,-2.117610e+06
800,56.9792,-2.082510e+06
825,56.9792,-2.044530e+06
850,56.9792,-2.002930e+06
875,56.9792,-1.956880e+06
900,56.9792,-1.905460e+06
925,56.9792,-1.847760e+06
950,56.9792,-1.782900e+06
975,56.9792,-1.710120e+06
1000,56.9792,-1.628900e+06
1025,56.9792,-1.539090e+06
1050,56.9792,-1.441020e+06
1075,56.9792,-1.335620e+06
1100,56.9792,-1.224480e+06
1125,56.9792,-1.109810e+06
1150,56.9792,-9.943000e+05
1175,56.9792,-8.808440e+05
1200,56.9792,-7.721820e+05
1225,56.9792,-6.705400e+05
1250,56.9792,-5.773670e+05
1275,56.9792,-4.932570e+05
1300,56.9792,-4.180310e+05
1325,56.9792,-3.509580e+05
1350,56.9792,-2.909890e+05
1375,56.9792,-2.369730e+05
1400,56.9792,-1.878030e+05
1425,56.9792,-1.424940e+05
1450,56.9792,-1.002150e+05
1475,56.9792,-6.029220e+04
1500,56.9792,-2.218760e+04
1525,56.9792,1.451810e+04
1550,56.9792,5.015020e+04
1575,56.9792,8.495940e+04
1600,56.9792,1.191380e+05
1625,56.9792,1.528340e+05
1650,56.9792,1.861620e+05
1675,56.9792,2.192070e+05
1700,56.9792,2.520390e+05
1725,56.9792,2.847100e+05
1750,56.9792,3.172590e+05
1775,56.9792,3.497190e+05
1800,56.9792,3.821140e+05
1825,56.9792,4.144640e+05
1850,56.9792,4.467840e+05
1875,56.9792,4.790860e+05
1900,56.9792,5.113790e+05
1925,56.9792,5.436700e+05
1950,56.9792,5.759660e+05
1975,56.9792,6.082710e+05
2000,56.9792,6.405880e+05
2025,56.9792,6.729210e+05
2050,56.9792,7.052720e+05
2075,56.9792,7.376420e+05
2100,56.9792,7.700330e+05
2125,56.9792,8.024450e+05
2150,56.9792,8.348800e+05
2175,56.9792,8.673380e+05
2200,56.9792,8.998190e+05
2225,56.9792,9.323250e+05
2250,56.9792,9.648540e+05
2275,56.9792,9.974080e+05
2300,56.9792,1.029990e+06
2325,56.9792,1.062590e+06
2350,56.9792,1.095220e+06
2375,56.9792,1.127870e+06
2400,56.9792,1.160550e+06
2425,56.9792,1.193250e+06
2450,56.9792,1.225980e+06
2475,56.9792,1.258730e+06
2500,56.9792,1.291520e+06
2525,56.9792,1.324330e+06
2550,56.9792,1.357170e+06
2575,56.9792,1.390040e+06
2600,56.9792,1.422940e+06
2625,56.9792,1.455880e+06
2650,56.9792,1.488860e+06
2675,56.9792,1.521870e+06
2700,56.9792,1.554920e+06
2725,56.9792,1.588020e+06
2750,56.9792,1.621160e+06
2775,56.9792,1.654360e+06
2800,56.9792,1.687620e+06
2825,56.9792,1.720940e+06
2850,56.9792,1.754330e+06
2875,56.9792,1.787790e+06
2900,56.9792,1.821340e+06
2925,56.9792,1.854990e+06
2950,56.9792,1.888730e+06
2975,56.9792,1.922600e+06
3000,56.9792,1.956590e+06
3025,56.9792,1.990730e+06
3050,56.9792,2.025020e+06
3075,56.9792,2.059490e+06
3100,56.9792,2.094160e+06
3125,56.9792,2.129060e+06
3150,56.9792,2.164200e+06
3175,56.9792,2.199620e+06
3200,56.9792,2.235360e+06
3225,56.9792,2.271440e+06
3250,56.9792,2.307910e+06
3275,56.9792,2.344820e+06
3300,56.9792,2.382220e+06
3325,56.9792,2.420170e+06
3350,56.9792,2.458740e+06
3375,56.9792,2.498010e+06
3400,56.9792,2.538060e+06
3425,56.9792,2.578980e+06
3450,56.9792,2.620890e+06
3475,56.9792,2.663910e+06
3500,56.9792,2.708170e+06
3525,56.9792,2.753830e+06
3550,56.9792,2.801070e+06
3575,56.9792,2.850080e+06
3600,56.9792,2.901080e+06
3625,56.9792,2.954310e+06
3650,56.9792,3.010060e+06
3675,56.9792,3.068630e+06
3700,56.9792,3.130370e+06
3725,56.9792,3.195660e+06
3750,56.9792,3.264950e+06
3775,56.9792,3.338710e+06
3800,56.9792,3.417480e+06
3825,56.9792,3.501850e+06
3850,56.9792,3.592500e+06
3875,56.9792,3.690160e+06
3900,56.9792,3.795650e+06
3925,56.9792,3.909860e+06
3950,56.9792,4.033800e+06
3975,56.9792,4.168550e+06
4000,56.9792,4.315340e+06
4025,56.9792,4.475480e+06
4050,56.9792,4.650420e+06
4075,56.9792,4.841750e+06
4100,56.9792,5.051200e+06
4125,56.9792,5.280640e+06
4150,56.9792,5.532120e+06
4175,56.9792,5.807840e+06
4200,56.9792,6.110170e+06
4225,56.9792,6.441670e+06
4250,56.9792,6.805080e+06
4275,56.9792,7.203310e+06
4300,56.9792,7.639470e+06
4325,56.9792,8.116820e+06
4350,56.9792,8.638820e+06
4375,56.9792,9.209050e+06
4400,56.9792,9.831240e+06
4425,56.9792,1.050920e+07
4450,56.9792,1.124690e+07
4475,56.9792,1.204830e+07
4500,56.9792,1.291720e+07
4525,56.9792,1.385750e+07
4550,56.9792,1.487280e+07
4575,56.9792,1.596640e+07
4600,56.9792,1.714120e+07
4625,56.9792,1.839950e+07
4650,56.9792,1.974250e+07
4675,56.9792,2.117060e+07
4700,56.9792,2.268210e+07
4725,56.9792,2.427320e+07
4750,56.9792,2.593580e+07
4775,56.9792,2.765530e+07
4800,56.9792,2.940220e+07
4825,56.9792,3.110270e+07
4850,56.9792,3.200890e+07
4875,56.9792,3.212720e+07
4900,56.9792,3.224810e+07
4925,56.9792,3.237160e+07
4950,56.9792,3.249770e+07
4975,56.9792,3.262650e+07
5000,56.9792,3.275800e+07
300,101.325,-2.632220e+06
325,101.325,-2.607560e+06
350,101.325,-2.582700e+06
375,101.325,-2.557660e+06
400,101.325,-2.532420e+06
425,101.325,-2.507000e+06
450,101.325,-2.481390e+06
475,101.325,-2.455590e+06
500,101.325,-2.429590e+06
525,101.325,-2.403390e+06
550,101.325,-2.376980e+06
575,101.325,-2.350350e+06
600,101.325,-2.323470e+06
625,101.325,-2.296300e+06
650,101.325,-2.268780e+06
675,101.325,-2.240800e+06
700,101.325,-2.212250e+06
725,101.325,-2.182920e+06
750,101.325,-2.152580e+06
775,101.325,-2.120900e+06
800,101.325,-2.087480e+06
825,101.325,-2.051850e+06
850,101.325,-2.013420e+06
875,101.325,-1.971560e+06
900,101.325,-1.925530e+06
925,101.325,-1.874580e+06
950,101.325,-1.817940e+06
975,101.325,-1.754900e+06
1000,101.325,-1.684830e+06
1025,101.325,-1.607330e+06
1050,101.325,-1.522240e+06
1075,101.325,-1.429810e+06
1100,101.325,-1.330720e+06
1125,101.325,-1.226160e+06
1150,101.325,-1.117800e+06
1175,101.325,-1.007730e+06
1200,101.325,-8.982700e+05
1225,101.325,-7.917600e+05
1250,101.325,-6.902730e+05
1275,101.325,-5.953950e+05
1300,101.325,-5.080870e+05
1325,101.325,-4.286650e+05
1350,101.325,-3.568930e+05
1375,101.325,-2.921410e+05
1400,101.325,-2.335590e+05
1425,101.325,-1.802180e+05
1450,101.325,-1.312170e+05
1475,101.325,-8.574220e+04
1500,101.325,-4.309220e+04
1525,101.325,-2.684580e+03
1550,101.325,3.595480e+04
1575,101.325,7.320540e+04
1600,101.325,1.093680e+05
1625,101.325,1.446790e+05
1650,101.325,1.793250e+05
1675,101.325,2.134510e+05
1700,101.325,2.471710e+05
1725,101.325,2.805740e+05
1750,101.325,3.137300e+05
1775,101.325,3.466950e+05
1800,101.325,3.795130e+05
1825,101.325,4.122160e+05
1850,101.325,4.448340e+05
1875,101.325,4.773880e+05
1900,101.325,5.098940e+05
1925,101.325,5.423680e+05
1950,101.325,5.748200e+05
1975,101.325,6.072580e+05
2000,101.325,6.396910e+05
2025,101.325,6.721240e+05
2050,101.325,7.045610e+05
2075,101.325,7.370060e+05
2100,101.325,7.694620e+05
2125,101.325,8.019310e+05
2150,101.325,8.344160e+05
2175,101.325,8.669180e+05
2200,101.325,8.994380e+05
2225,101.325,9.319770e+05
2250,101.325,9.645360e+05
2275,101.325,9.971160e+05
2300,101.325,1.029720e+06
2325,101.325,1.062340e+06
2350,101.325,1.094980e+06
2375,101.325,1.127650e+06
2400,101.325,1.160340e+06
2425,101.325,1.193050e+06
2450,101.325,1.225790e+06
2475,101.325,1.258550e+06
2500,101.325,1.291330e+06
2525,101.325,1.324140e+06
2550,101.325,1.356980e+06
2575,101.325,1.389840e+06
2600,101.325,1.422730e+06
2625,101.325,1.455650e+06
2650,101.325,1.488600e+06
2675,101.325,1.521590e+06
2700,101.325,1.554610e+06
2725,101.325,1.587660e+06
2750,101.325,1.620760e+06
2775,101.325,1.653900e+06
2800,101.325,1.687090e+06
2825,101.325,1.720330e+06
2850,101.325,1.753620e+06
2875,101.325,1.786980e+06
2900,101.325,1.820400e+06
2925,101.325,1.853890e+06
2950,101.325,1.887460e+06
2975,101.325,1.921120e+06
3000,101.325,1.954880e+06
3025,101.325,1.988750e+06
3050,101.325,2.022740e+06
3075,101.325,2.056860e+06
3100,101.325,2.091130e+06
3125,101.325,2.125560e+06
3150,101.325,2.160180e+06
3175,101.325,2.194990e+06
3200,101.325,2.230030e+06
3225,101.325,2.265320e+06
3250,101.325,2.300890e+06
3275,101.325,2.336760e+06
3300,101.325,2.372990e+06
3325,101.325,2.409590e+06
3350,101.325,2.446630e+06
3375,101.325,2.484140e+06
3400,101.325,2.522180e+06
3425,101.325,2.560820e+06
3450,101.325,2.600130e+06
3475,101.325,2.640170e+06
3500,101.325,2.681040e+06
3525,101.325,2.722840e+06
3550,101.325,2.765670e+06
3575,101.325,2.809660e+06
3600,101.325,2.854930e+06
3625,101.325,2.901640e+06
3650,101.325,2.949960e+06
3675,101.325,3.000080e+06
3700,101.325,3.052210e+06
3725,101.325,3.106570e+06
3750,101.325,3.163440e+06
3775,101.325,3.223090e+06
3800,101.325,3.285860e+06
3825,101.325,3.352090e+06
3850,101.325,3.422190e+06
3875,101.325,3.496590e+06
3900,101.325,3.575780e+06
3925,101.325,3.660280e+06
3950,101.325,3.750700e+06
3975,101.325,3.847680e+06
4000,101.325,3.951930e+06
4025,101.325,4.064250e+06
4050,101.325,4.185490e+06
4075,101.325,4.316600e+06
4100,101.325,4.458600e+06
4125,101.325,4.612630e+06
4150,101.325,4.779900e+06
4175,101.325,4.961750e+06
4200,101.325,5.159620e+06
4225,101.325,5.375060e+06
4250,101.325,5.609770e+06
4275,101.325,5.865550e+06
4300,101.325,6.144350e+06
4325,101.325,6.448250e+06
4350,101.325,6.779470e+06
4375,101.325,7.140380e+06
4400,101.325,7.533470e+06
4425,101.325,7.961390e+06
4450,101.325,8.426910e+06
4475,101.325,8.932930e+06
4500,101.325,9.482440e+06
4525,101.325,1.007860e+07
4550,101.325,1.072440e+07
4575,101.325,1.142330e+07
4600,101.325,1.217850e+07
4625,101.325,1.299300e+07
4650,101.325,1.387020e+07
4675,101.325,1.481290e+07
4700,101.325,1.582380e+07
4725,101.325,1.690540e+07
4750,101.325,1.805970e+07
4775,101.325,1.928800e+07
4800,101.325,2.059090e+07
4825,101.325,2.196760e+07
4850,101.325,2.341620e+07
4875,101.325,2.493200e+07
4900,101.325,2.650720e+07
4925,101.325,2.812760e+07
4950,101.325,2.976570e+07
4975,101.325,3.135660e+07
5000,101.325,3.229120e+07
300,180.184,-2.632220e+06
325,180.184,-2.607560e+06
350,180.184,-2.582700e+06
375,180.184,-2.557660e+06
400,180.184,-2.532420e+06
425,180.184,-2.507000e+06
450,180.184,-2.481390e+06
475,180.184,-2.455590e+06
500,180.184,-2.429590e+06
525,180.184,-2.403390e+06
550,180.184,-2.376990e+06
575,180.184,-2.350380e+06
600,180.184,-2.323520e+06
625,180.184,-2.296400e+06
650,180.184,-2.268970e+06
675,180.184,-2.241140e+06
700,180.184,-2.212840e+06
725,180.184,-2.183910e+06
750,180.184,-2.154160e+06
775,180.184,-2.123370e+06
800,180.184,-2.091220e+06
825,180.184,-2.057360e+06
850,180.184,-2.021340e+06
875,180.184,-1.982670e+06
900,180.184,-1.940780e+06
925,180.184,-1.895060e+06
950,180.184,-1.844880e+06
975,180.184,-1.789610e+06
1000,180.184,-1.728660e+06
1025,180.184,-1.661530e+06
1050,180.184,-1.587870e+06
1075,180.184,-1.507560e+06
1100,180.184,-1.420740e+06
1125,180.184,-1.327890e+06
1150,180.184,-1.229880e+06
1175,180.184,-1.127930e+06
1200,180.184,-1.023620e+06
1225,180.184,-9.187760e+05
1250,180.184,-8.153030e+05
1275,180.184,-7.150330e+05
1300,180.184,-6.195330e+05
1325,180.184,-5.299620e+05
1350,180.184,-4.469970e+05
1375,180.184,-3.708390e+05
1400,180.184,-3.012880e+05
1425,180.184,-2.378470e+05
1450,180.184,-1.798480e+05
1475,180.184,-1.265520e+05
1500,180.184,-7.722590e+04
1525,180.184,-3.119380e+04
1550,180.184,1.214220e+04
1575,180.184,5.329220e+04
1600,180.184,9.268160e+04
1625,180.184,1.306590e+05
1650,180.184,1.675090e+05
1675,180.184,2.034570e+05
1700,180.184,2.386870e+05
1725,180.184,2.733450e+05
1750,180.184,3.075470e+05
1775,180.184,3.413860e+05
1800,180.184,3.749360e+05
1825,180.184,4.082560e+05
1850,180.184,4.413950e+05
1875,180.184,4.743900e+05
1900,180.184,5.072720e+05
1925,180.184,5.400660e+05
1950,180.184,5.727920e+05
1975,180.184,6.054660e+05
2000,180.184,6.381020e+05
2025,180.184,6.707110e+05
2050,180.184,7.033000e+05
2075,180.184,7.358780e+05
2100,180.184,7.684500e+05
2125,180.184,8.010210e+05
2150,180.184,8.335950e+05
2175,180.184,8.661750e+05
2200,180.184,8.987640e+05
2225,180.184,9.313640e+05
2250,180.184,9.639770e+05
2275,180.184,9.966040e+05
2300,180.184,1.029250e+06
2325,180.184,1.061910e+06
2350,180.184,1.094580e+06
2375,180.184,1.127280e+06
2400,180.184,1.159990e+06
2425,180.184,1.192730e+06
2450,180.184,1.225480e+06
2475,180.184,1.258250e+06
2500,180.184,1.291050e+06
2525,180.184,1.323870e+06
2550,180.184,1.356710e+06
2575,180.184,1.389570e+06
2600,180.184,1.422460e+06
2625,180.184,1.455380e+06
2650,180.184,1.488320e+06
2675,180.184,1.521290e+06
2700,180.184,1.554290e+06
2725,180.184,1.587320e+06
2750,180.184,1.620390e+06
2775,180.184,1.653490e+06
2800,180.184,1.686630e+06
2825,180.184,1.719810e+06
2850,180.184,1.753040e+06
2875,180.184,1.786310e+06
2900,180.184,1.819640e+06
2925,180.184,1.853020e+06
2950,180.184,1.886470e+06
2975,180.184,1.919990e+06
3000,180.184,1.953580e+06
3025,180.184,1.987260e+06
3050,180.184,2.021030e+06
3075,180.184,2.054890e+06
3100,180.184,2.088870e+06
3125,180.184,2.122970e+06
3150,180.184,2.157210e+06
3175,180.184,2.191590e+06
3200,180.184,2.226140e+06
3225,180.184,2.260870e+06
3250,180.184,2.295800e+06
3275,180.184,2.330960e+06
3300,180.184,2.366360e+06
3325,180.184,2.402030e+06
3350,180.184,2.438010e+06
3375,180.184,2.474320e+06
3400,180.184,2.511000e+06
3425,180.184,2.548100e+06
3450,180.184,2.585650e+06
3475,180.184,2.623710e+06
3500,180.184,2.662330e+06
3525,180.184,2.701570e+06
3550,180.184,2.741510e+06
3575,180.184,2.782220e+06
3600,180.184,2.823770e+06
3625,180.184,2.866280e+06
3650,180.184,2.909840e+06
3675,180.184,2.954560e+06
3700,180.184,3.000580e+06
3725,180.184,3.048050e+06
3750,180.184,3.097100e+06
3775,180.184,3.147940e+06
3800,180.184,3.200740e+06
3825,180.184,3.255720e+06
3850,180.184,3.313130e+06
3875,180.184,3.373220e+06
3900,180.184,3.436280e+06
3925,180.184,3.502630e+06
3950,180.184,3.572630e+06
3975,180.184,3.646660e+06
4000,180.184,3.725140e+06
4025,180.184,3.808550e+06
4050,180.184,3.897390e+06
4075,180.184,3.992220e+06
4100,180.184,4.093650e+06
4125,180.184,4.202360e+06
4150,180.184,4.319070e+06
4175,180.184,4.444570e+06
4200,180.184,4.579720e+06
4225,180.184,4.725460e+06
4250,180.184,4.882800e+06
4275,180.184,5.052830e+06
4300,180.184,5.236730e+06
4325,180.184,5.435770e+06
4350,180.184,5.651310e+06
4375,180.184,5.884820e+06
4400,180.184,6.137860e+06
4425,180.184,6.412100e+06
4450,180.184,6.709310e+06
4475,180.184,7.031380e+06
4500,180.184,7.380290e+06
4525,180.184,7.758150e+06
4550,180.184,8.167140e+06
4575,180.184,8.609570e+06
4600,180.184,9.087830e+06
4625,180.184,9.604390e+06
4650,180.184,1.016180e+07
4675,180.184,1.076270e+07
4700,180.184,1.140960e+07
4725,180.184,1.210520e+07
4750,180.184,1.285220e+07
4775,180.184,1.365310e+07
4800,180.184,1.451040e+07
4825,180.184,1.542630e+07
4850,180.184,1.640300e+07
4875,180.184,1.744230e+07
4900,180.184,1.854550e+07
4925,180.184,1.971350e+07
4950,180.184,2.094650e+07
4975,180.184,2.224380e+07
5000,180.184,2.360330e+07
300,320.418,-2.632220e+06
325,320.418,-2.607560e+06
350,320.418,-2.582700e+06
375,320.418,-2.557660e+06
400,320.418,-2.532420e+06
425,320.418,-2.507000e+06
450,320.418,-2.481390e+06
475,320.418,-2.455590e+06
500,320.418,-2.429590e+06
525,320.418,-2.403400e+06
550,320.418,-2.377000e+06
575,320.418,-2.350390e+06
600,320.418,-2.323560e+06
625,320.418,-2.296480e+06
650,320.418,-2.269110e+06
675,320.418,-2.241400e+06
700,320.418,-2.213280e+06
725,320.418,-2.184640e+06
750,320.418,-2.155350e+06
775,320.418,-2.125220e+06
800,320.418,-2.094030e+06
825,320.418,-2.061500e+06
850,320.418,-2.027310e+06
875,320.418,-1.991060e+06
900,320.418,-1.952330e+06
925,320.418,-1.910630e+06
950,320.418,-1.865460e+06
975,320.418,-1.816290e+06
1000,320.418,-1.762600e+06
1025,320.418,-1.703920e+06
1050,320.418,-1.639850e+06
1075,320.418,-1.570080e+06
1100,320.418,-1.494490e+06
1125,320.418,-1.413170e+06
1150,320.418,-1.326430e+06
1175,320.418,-1.234860e+06
1200,320.418,-1.139370e+06
1225,320.418,-1.041100e+06
1250,320.418,-9.414210e+05
1275,320.418,-8.418520e+05
1300,320.418,-7.439210e+05
1325,320.418,-6.490530e+05
1350,320.418,-5.584470e+05
1375,320.418,-4.729860e+05
1400,320.418,-3.931950e+05
1425,320.418,-3.192470e+05
1450,320.418,-2.510130e+05
1475,320.418,-1.881330e+05
1500,320.418,-1.301050e+05
1525,320.418,-7.635210e+04
1550,320.418,-2.628730e+04
1575,320.418,2.065080e+04
1600,320.418,6.497240e+04
1625,320.418,1.071260e+05
1650,320.418,1.474950e+05
1675,320.418,1.864040e+05
1700,320.418,2.241220e+05
1725,320.418,2.608700e+05
1750,320.418,2.968300e+05
1775,320.418,3.321500e+05
1800,320.418,3.669510e+05
1825,320.418,4.013290e+05
1850,320.418,4.353650e+05
1875,320.418,4.691240e+05
1900,320.418,5.026580e+05
1925,320.418,5.360110e+05
1950,320.418,5.692160e+05
1975,320.418,6.023030e+05
2000,320.418,6.352960e+05
2025,320.418,6.682130e+05
2050,320.418,7.010710e+05
2075,320.418,7.338830e+05
2100,320.418,7.666590e+05
2125,320.418,7.994090e+05
2150,320.418,8.321410e+05
2175,320.418,8.648600e+05
2200,320.418,8.975710e+05
2225,320.418,9.302790e+05
2250,320.418,9.629880e+05
2275,320.418,9.957010e+05
2300,320.418,1.028420e+06
2325,320.418,1.061150e+06
2350,320.418,1.093880e+06
2375,320.418,1.126630e+06
2400,320.418,1.159390e+06
2425,320.418,1.192170e+06
2450,320.418,1.224960e+06
2475,320.418,1.257770e+06
2500,320.418,1.290590e+06
2525,320.418,1.323430e+06
2550,320.418,1.356290e+06
2575,320.418,1.389170e+06
2600,320.418,1.422080e+06
2625,320.418,1.455000e+06
2650,320.418,1.487940e+06
2675,320.418,1.520910e+06
2700,320.418,1.553910e+06
2725,320.418,1.586930e+06
2750,320.418,1.619980e+06
2775,320.418,1.653060e+06
2800,320.418,1.686170e+06
2825,320.418,1.719320e+06
2850,320.418,1.752500e+06
2875,320.418,1.785720e+06
2900,320.418,1.818980e+06
2925,320.418,1.852290e+06
2950,320.418,1.885650e+06
2975,320.418,1.919070e+06
3000,320.418,1.952540e+06
3025,320.418,1.986080e+06
3050,320.418,2.019690e+06
3075,320.418,2.053370e+06
3100,320.418,2.087140e+06
3125,320.418,2.121010e+06
3150,320.418,2.154970e+06
3175,320.418,2.189050e+06
3200,320.418,2.223240e+06
3225,320.418,2.257580e+06
3250,320.418,2.292060e+06
3275,320.418,2.326700e+06
3300,320.418,2.361530e+06
3325,320.418,2.396550e+06
3350,320.418,2.431780e+06
3375,320.418,2.467260e+06
3400,320.418,2.503000e+06
3425,320.418,2.539040e+06
3450,320.418,2.575390e+06
3475,320.418,2.612090e+06
3500,320.418,2.649190e+06
3525,320.418,2.686710e+06
3550,320.418,2.724710e+06
3575,320.418,2.763240e+06
3600,320.418,2.802330e+06
3625,320.418,2.842070e+06
3650,320.418,2.882510e+06
3675,320.418,2.923720e+06
3700,320.418,2.965790e+06
3725,320.418,3.008810e+06
3750,320.418,3.052870e+06
3775,320.418,3.098080e+06
3800,320.418,3.144560e+06
3825,320.418,3.192440e+06
3850,320.418,3.241870e+06
3875,320.418,3.293010e+06
3900,320.418,3.346020e+06
3925,320.418,3.401110e+06
3950,320.418,3.458490e+06
3975,320.418,3.518380e+06
4000,320.418,3.581040e+06
4025,320.418,3.646760e+06
4050,320.418,3.715820e+06
4075,320.418,3.788580e+06
4100,320.418,3.865390e+06
4125,320.418,3.946650e+06
4150,320.418,4.032790e+06
4175,320.418,4.124280e+06
4200,320.418,4.221630e+06
4225,320.418,4.325400e+06
4250,320.418,4.436200e+06
4275,320.418,4.554660e+06
4300,320.418,4.681500e+06
4325,320.418,4.817480e+06
4350,320.418,4.963410e+06
4375,320.418,5.120180e+06
4400,320.418,5.288740e+06
4425,320.418,5.470090e+06
4450,320.418,5.665320e+06
4475,320.418,5.875610e+06
4500,320.418,6.102170e+06
4525,320.418,6.346330e+06
4550,320.418,6.609470e+06
4575,320.418,6.893090e+06
4600,320.418,7.198730e+06
4625,320.418,7.528030e+06
4650,320.418,7.882720e+06
4675,320.418,8.264590e+06
4700,320.418,8.675510e+06
4725,320.418,9.117430e+06
4750,320.418,9.592350e+06
4775,320.418,1.010230e+07
4800,320.418,1.064950e+07
4825,320.418,1.123590e+07
4850,320.418,1.186380e+07
4875,320.418,1.253520e+07
4900,320.418,1.325230e+07
4925,320.418,1.401720e+07
4950,320.418,1.483170e+07
4975,320.418,1.569770e+07
5000,320.418,1.661690e+07
300,569.792,-2.632220e+06
325,569.792,-2.607560e+06
350,569.792,-2.582700e+06
375,569.792,-2.557660e+06
400,569.792,-2.532420e+06
425,569.792,-2.507000e+06
450,569.792,-2.481390e+06
475,569.792,-2.455590e+06
500,569.792,-2.429590e+06
525,569.792,-2.403400e+06
550,569.792,-2.377010e+06
575,569.792,-2.350410e+06
600,569.792,-2.323590e+06
625,569.792,-2.296530e+06
650,569.792,-2.269210e+06
675,569.792,-2.241590e+06
700,569.792,-2.213610e+06
725,569.792,-2.185200e+06
750,569.792,-2.156240e+06
775,569.792,-2.126610e+06
800,569.792,-2.096140e+06
825,569.792,-2.064620e+06
850,569.792,-2.031800e+06
875,569.792,-1.997390e+06
900,569.792,-1.961050e+06
925,569.792,-1.922420e+06
950,569.792,-1.881100e+06
975,569.792,-1.836660e+06
1000,569.792,-1.788670e+06
1025,569.792,-1.736720e+06
1050,569.792,-1.680410e+06
1075,569.792,-1.619410e+06
1100,569.792,-1.553490e+06
1125,569.792,-1.482510e+06
1150,569.792,-1.406500e+06
1175,569.792,-1.325650e+06
1200,569.792,-1.240380e+06
1225,569.792,-1.151300e+06
1250,569.792,-1.059220e+06
1275,569.792,-9.651500e+05
1300,569.792,-8.702450e+05
1325,569.792,-7.757190e+05
1350,569.792,-6.827800e+05
1375,569.792,-5.925430e+05
1400,569.792,-5.059460e+05
1425,569.792,-4.236960e+05
1450,569.792,-3.462350e+05
1475,569.792,-2.737490e+05
1500,569.792,-2.061900e+05
1525,569.792,-1.433310e+05
1550,569.792,-8.481320e+04
1575,569.792,-3.020740e+04
1600,569.792,2.094750e+04
1625,569.792,6.910850e+04
1650,569.792,1.147060e+05
1675,569.792,1.581310e+05
1700,569.792,1.997290e+05
1725,569.792,2.398000e+05
1750,569.792,2.786000e+05
1775,569.792,3.163440e+05
1800,569.792,3.532140e+05
1825,569.792,3.893610e+05
1850,569.792,4.249100e+05
1875,569.792,4.599650e+05
1900,569.792,4.946110e+05
1925,569.792,5.289210e+05
1950,569.792,5.629510e+05
1975,569.792,5.967520e+05
2000,569.792,6.303630e+05
2025,569.792,6.638180e+05
2050,569.792,6.971440e+05
2075,569.792,7.303650e+05
2100,569.792,7.634990e+05
2125,569.792,7.965640e+05
2150,569.792,8.295720e+05
2175,569.792,8.625350e+05
2200,569.792,8.954620e+05
2225,569.792,9.283620e+05
2250,569.792,9.612400e+05
2275,569.792,9.941040e+05
2300,569.792,1.026960e+06
2325,569.792,1.059800e+06
2350,569.792,1.092650e+06
2375,569.792,1.125490e+06
2400,569.792,1.158340e+06
2425,569.792,1.191190e+06
2450,569.792,1.224050e+06
2475,569.792,1.256920e+06
2500,569.792,1.289800e+06
2525,569.792,1.322690e+06
2550,569.792,1.355600e+06
2575,569.792,1.388520e+06
2600,569.792,1.421450e+06
2625,569.792,1.454400e+06
2650,569.792,1.487370e+06
2675,569.792,1.520360e+06
2700,569.792,1.553360e+06
2725,569.792,1.586390e+06
2750,569.792,1.619450e+06
2775,569.792,1.652520e+06
2800,569.792,1.685620e+06
2825,569.792,1.718750e+06
2850,569.792,1.751910e+06
2875,569.792,1.785100e+06
2900,569.792,1.818330e+06
2925,569.792,1.851590e+06
2950,569.792,1.884900e+06
2975,569.792,1.918240e+06
3000,569.792,1.951630e+06
3025,569.792,1.985080e+06
3050,569.792,2.018570e+06
3075,569.792,2.052130e+06
3100,569.792,2.085750e+06
3125,569.792,2.119450e+06
3150,569.792,2.153220e+06
3175,569.792,2.187070e+06
3200,569.792,2.221020e+06
3225,569.792,2.255070e+06
3250,569.792,2.289230e+06
3275,569.792,2.323510e+06
3300,569.792,2.357920e+06
3325,569.792,2.392480e+06
3350,569.792,2.427200e+06
3375,569.792,2.462090e+06
3400,569.792,2.497170e+06
3425,569.792,2.532460e+06
3450,569.792,2.567980e+06
3475,569.792,2.603750e+06
3500,569.792,2.639800e+06
3525,569.792,2.676150e+06
3550,569.792,2.712820e+06
3575,569.792,2.749870e+06
3600,569.792,2.787310e+06
3625,569.792,2.825180e+06
3650,569.792,2.863540e+06
3675,569.792,2.902420e+06
3700,569.792,2.941890e+06
3725,569.792,2.981980e+06
3750,569.792,3.022770e+06
3775,569.792,3.064320e+06
3800,569.792,3.106720e+06
3825,569.792,3.150030e+06
3850,569.792,3.194350e+06
3875,569.792,3.239780e+06
3900,569.792,3.286420e+06
3925,569.792,3.334390e+06
3950,569.792,3.383830e+06
3975,569.792,3.434870e+06
4000,569.792,3.487660e+06
4025,569.792,3.542380e+06
4050,569.792,3.599210e+06
4075,569.792,3.658340e+06
4100,569.792,3.720000e+06
4125,569.792,3.784420e+06
4150,569.792,3.851870e+06
4175,569.792,3.922610e+06
4200,569.792,3.996970e+06
4225,569.792,4.075260e+06
4250,569.792,4.157850e+06
4275,569.792,4.245120e+06
4300,569.792,4.337490e+06
4325,569.792,4.435420e+06
4350,569.792,4.539390e+06
4375,569.792,4.649920e+06
4400,569.792,4.767590e+06
4425,569.792,4.893010e+06
4450,569.792,5.026810e+06
4475,569.792,5.169710e+06
4500,569.792,5.322440e+06
4525,569.792,5.485810e+06
4550,569.792,5.660660e+06
4575,569.792,5.847900e+06
4600,569.792,6.048500e+06
4625,569.792,6.263470e+06
4650,569.792,6.493890e+06
4675,569.792,6.740910e+06
4700,569.792,7.005720e+06
4725,569.792,7.289590e+06
4750,569.792,7.593840e+06
4775,569.792,7.919860e+06
4800,569.792,8.269090e+06
4825,569.792,8.643030e+06
4850,569.792,9.043230e+06
4875,569.792,9.471300e+06
4900,569.792,9.928880e+06
4925,569.792,1.041770e+07
4950,569.792,1.093930e+07
4975,569.792,1.149560e+07
5000,569.792,1.208830e+07
300,1013.25,-2.632220e+06
325,1013.25,-2.607560e+06
350,1013.25,-2.582700e+06
375,1013.25,-2.557660e+06
400,1013.25,-2.532420e+06
425,1013.25,-2.507000e+06
450,1013.25,-2.481390e+06
475,1013.25,-2.455590e+06
500,1013.25,-2.429590e+06
525,1013.25,-2.403400e+06
550,1013.25,-2.377010e+06
575,1013.25,-2.350420e+06
600,1013.25,-2.323610e+06
625,1013.25,-2.296570e+06
650,1013.25,-2.269290e+06
675,1013.25,-2.241740e+06
700,1013.25,-2.213860e+06
725,1013.25,-2.185610e+06
750,1013.25,-2.156910e+06
775,1013.25,-2.127660e+06
800,1013.25,-2.097730e+06
825,1013.25,-2.066960e+06
850,1013.25,-2.035180e+06
875,1013.25,-2.002150e+06
900,1013.25,-1.967630e+06
925,1013.25,-1.931330e+06
950,1013.25,-1.892940e+06
975,1013.25,-1.852140e+06
1000,1013.25,-1.808570e+06
1025,1013.25,-1.761880e+06
1050,1013.25,-1.711730e+06
1075,1013.25,-1.657820e+06
1100,1013.25,-1.599870e+06
1125,1013.25,-1.537670e+06
1150,1013.25,-1.471100e+06
1175,1013.25,-1.400160e+06
1200,1013.25,-1.324940e+06
1225,1013.25,-1.245720e+06
1250,1013.25,-1.162900e+06
1275,1013.25,-1.077040e+06
1300,1013.25,-9.888700e+05
1325,1013.25,-8.992120e+05
1350,1013.25,-8.089970e+05
1375,1013.25,-7.191890e+05
1400,1013.25,-6.307400e+05
1425,1013.25,-5.445250e+05
1450,1013.25,-4.612970e+05
1475,1013.25,-3.816400e+05
1500,1013.25,-3.059540e+05
1525,1013.25,-2.344460e+05
1550,1013.25,-1.671510e+05
1575,1013.25,-1.039540e+05
1600,1013.25,-4.462830e+04
1625,1013.25,1.112670e+04
1650,1013.25,6.365540e+04
1675,1013.25,1.133170e+05
1700,1013.25,1.604630e+05
1725,1013.25,2.054290e+05
1750,1013.25,2.485200e+05
1775,1013.25,2.900070e+05
1800,1013.25,3.301340e+05
1825,1013.25,3.691070e+05
1850,1013.25,4.071060e+05
1875,1013.25,4.442850e+05
1900,1013.25,4.807730e+05
1925,1013.25,5.166800e+05
1950,1013.25,5.520990e+05
1975,1013.25,5.871070e+05
2000,1013.25,6.217710e+05
2025,1013.25,6.561450e+05
2050,1013.25,6.902750e+05
2075,1013.25,7.242000e+05
2100,1013.25,7.579540e+05
2125,1013.25,7.915640e+05
2150,1013.25,8.250530e+05
2175,1013.25,8.584420e+05
2200,1013.25,8.917460e+05
2225,1013.25,9.249800e+05
2250,1013.25,9.581570e+05
2275,1013.25,9.912860e+05
2300,1013.25,1.024380e+06
2325,1013.25,1.057440e+06
2350,1013.25,1.090470e+06
2375,1013.25,1.123490e+06
2400,1013.25,1.156490e+06
2425,1013.25,1.189480e+06
2450,1013.25,1.222470e+06
2475,1013.25,1.255450e+06
2500,1013.25,1.288430e+06
2525,1013.25,1.321410e+06
2550,1013.25,1.354400e+06
2575,1013.25,1.387390e+06
2600,1013.25,1.420390e+06
2625,1013.25,1.453400e+06
2650,1013.25,1.486420e+06
2675,1013.25,1.519450e+06
2700,1013.25,1.552500e+06
2725,1013.25,1.585560e+06
2750,1013.25,1.618640e+06
2775,1013.25,1.651740e+06
2800,1013.25,1.684850e+06
2825,1013.25,1.717990e+06
2850,1013.25,1.751150e+06
2875,1013.25,1.784340e+06
2900,1013.25,1.817550e+06
2925,1013.25,1.850790e+06
2950,1013.25,1.884070e+06
2975,1013.25,1.917370e+06
3000,1013.25,1.950720e+06
3025,1013.25,1.984100e+06
3050,1013.25,2.017530e+06
3075,1013.25,2.051000e+06
3100,1013.25,2.084520e+06
3125,1013.25,2.118100e+06
3150,1013.25,2.151740e+06
3175,1013.25,2.185440e+06
3200,1013.25,2.219210e+06
3225,1013.25,2.253060e+06
3250,1013.25,2.287000e+06
3275,1013.25,2.321020e+06
3300,1013.25,2.355140e+06
3325,1013.25,2.389370e+06
3350,1013.25,2.423720e+06
3375,1013.25,2.458200e+06
3400,1013.25,2.492810e+06
3425,1013.25,2.527580e+06
3450,1013.25,2.562520e+06
3475,1013.25,2.597630e+06
3500,1013.25,2.632950e+06
3525,1013.25,2.668480e+06
3550,1013.25,2.704240e+06
3575,1013.25,2.740260e+06
3600,1013.25,2.776570e+06
3625,1013.25,2.813170e+06
3650,1013.25,2.850120e+06
3675,1013.25,2.887420e+06
3700,1013.25,2.925130e+06
3725,1013.25,2.963270e+06
3750,1013.25,3.001880e+06
3775,1013.25,3.041010e+06
3800,1013.25,3.080700e+06
3825,1013.25,3.121020e+06
3850,1013.25,3.162000e+06
3875,1013.25,3.203720e+06
3900,1013.25,3.246240e+06
3925,1013.25,3.289630e+06
3950,1013.25,3.333980e+06
3975,1013.25,3.379360e+06
4000,1013.25,3.425890e+06
4025,1013.25,3.473650e+06
4050,1013.25,3.522760e+06
4075,1013.25,3.573350e+06
4100,1013.25,3.625540e+06
4125,1013.25,3.679470e+06
4150,1013.25,3.735310e+06
4175,1013.25,3.793220e+06
4200,1013.25,3.853390e+06
4225,1013.25,3.916010e+06
4250,1013.25,3.981300e+06
4275,1013.25,4.049490e+06
4300,1013.25,4.120830e+06
4325,1013.25,4.195580e+06
4350,1013.25,4.274050e+06
4375,1013.25,4.356540e+06
4400,1013.25,4.443390e+06
4425,1013.25,4.534960e+06
4450,1013.25,4.631640e+06
4475,1013.25,4.733840e+06
4500,1013.25,4.842020e+06
4525,1013.25,4.956650e+06
4550,1013.25,5.078240e+06
4575,1013.25,5.207330e+06
4600,1013.25,5.344510e+06
4625,1013.25,5.490390e+06
4650,1013.25,5.645620e+06
4675,1013.25,5.810900e+06
4700,1013.25,5.986980e+06
4725,1013.25,6.174620e+06
4750,1013.25,6.374650e+06
4775,1013.25,6.587950e+06
4800,1013.25,6.815410e+06
4825,1013.25,7.058010e+06
4850,1013.25,7.316750e+06
4875,1013.25,7.592680e+06
4900,1013.25,7.886880e+06
4925,1013.25,8.200520e+06
4950,1013.25,8.534760e+06
4975,1013.25,8.890830e+06
5000,1013.25,9.269990e+06
