Tw_K,P_atm,hg_kJkg
200,0.001,-5.381830e+03
225,0.001,-5.352250e+03
250,0.001,-5.321650e+03
275,0.001,-5.289910e+03
300,0.001,-5.256910e+03
325,0.001,-5.222470e+03
350,0.001,-5.186180e+03
375,0.001,-5.146680e+03
400,0.001,-5.099970e+03
425,0.001,-5.036140e+03
450,0.001,-4.934340e+03
475,0.001,-4.760080e+03
500,0.001,-4.479920e+03
525,0.001,-4.116180e+03
550,0.001,-3.781270e+03
575,0.001,-3.558520e+03
600,0.001,-3.420810e+03
625,0.001,-3.313940e+03
650,0.001,-3.206620e+03
675,0.001,-3.084620e+03
700,0.001,-2.940810e+03
725,0.001,-2.771330e+03
750,0.001,-2.574890e+03
775,0.001,-2.353100e+03
800,0.001,-2.110870e+03
825,0.001,-1.856280e+03
850,0.001,-1.599530e+03
875,0.001,-1.350970e+03
900,0.001,-1.118940e+03
925,0.001,-9.083280e+02
950,0.001,-7.201570e+02
975,0.001,-5.521910e+02
1000,0.001,-3.998060e+02
1025,0.001,-2.566480e+02
1050,0.001,-1.147490e+02
1075,0.001,3.590010e+01
1100,0.001,2.082650e+02
1125,0.001,4.195020e+02
1150,0.001,6.919950e+02
1175,0.001,1.052260e+03
1200,0.001,1.521860e+03
1225,0.001,2.088410e+03
1250,0.001,2.661290e+03
1275,0.001,3.101730e+03
1300,0.001,3.366530e+03
1325,0.001,3.519490e+03
1350,0.001,3.623410e+03
1375,0.001,3.708670e+03
1400,0.001,3.787050e+03
1425,0.001,3.862910e+03
1450,0.001,3.937970e+03
1475,0.001,4.012950e+03
1500,0.001,4.088230e+03
1525,0.001,4.164060e+03
1550,0.001,4.240630e+03
1575,0.001,4.318150e+03
1600,0.001,4.396830e+03
1625,0.001,4.476910e+03
1650,0.001,4.558670e+03
1675,0.001,4.642450e+03
1700,0.001,4.728590e+03
1725,0.001,4.817550e+03
1750,0.001,4.909810e+03
1775,0.001,5.005950e+03
1800,0.001,5.106620e+03
1825,0.001,5.212560e+03
1850,0.001,5.324610e+03
1875,0.001,5.443730e+03
1900,0.001,5.570990e+03
1925,0.001,5.707620e+03
1950,0.001,5.854980e+03
1975,0.001,6.014600e+03
2000,0.001,6.188230e+03
2025,0.001,6.377800e+03
2050,0.001,6.585540e+03
2075,0.001,6.813940e+03
2100,0.001,7.065860e+03
2125,0.001,7.344560e+03
2150,0.001,7.653790e+03
2175,0.001,7.997910e+03
2200,0.001,8.381920e+03
2225,0.001,8.811600e+03
2250,0.001,9.293510e+03
2275,0.001,9.834950e+03
2300,0.001,1.044370e+04
2325,0.001,1.112770e+04
2350,0.001,1.189400e+04
2375,0.001,1.274800e+04
2400,0.001,1.369220e+04
2425,0.001,1.472480e+04
2450,0.001,1.583960e+04
2475,0.001,1.702520e+04
2500,0.001,1.826630e+04
2525,0.001,1.954450e+04
2550,0.001,2.083990e+04
2575,0.001,2.213300e+04
2600,0.001,2.340540e+04
2625,0.001,2.464130e+04
2650,0.001,2.582790e+04
2675,0.001,2.695560e+04
2700,0.001,2.801800e+04
2725,0.001,2.901200e+04
2750,0.001,2.993720e+04
2775,0.001,3.079560e+04
2800,0.001,3.159130e+04
2825,0.001,3.232960e+04
2850,0.001,3.301730e+04
2875,0.001,3.366150e+04
2900,0.001,3.426980e+04
2925,0.001,3.484970e+04
2950,0.001,3.540860e+04
2975,0.001,3.595360e+04
3000,0.001,3.649120e+04
3025,0.001,3.702750e+04
3050,0.001,3.756780e+04
3075,0.001,3.811680e+04
3100,0.001,3.867830e+04
3125,0.001,3.925520e+04
3150,0.001,3.984960e+04
3175,0.001,4.046200e+04
3200,0.001,4.109200e+04
3225,0.001,4.173760e+04
3250,0.001,4.239540e+04
3275,0.001,4.306020e+04
3300,0.001,4.372570e+04
3325,0.001,4.438420e+04
3350,0.001,4.502720e+04
3375,0.001,4.564610e+04
3400,0.001,4.623290e+04
3425,0.001,4.678080e+04
3450,0.001,4.728490e+04
3475,0.001,4.774280e+04
3500,0.001,4.815400e+04
3525,0.001,4.852040e+04
3550,0.001,4.884540e+04
3575,0.001,4.913320e+04
3600,0.001,4.938840e+04
3625,0.001,4.961590e+04
3650,0.001,4.981980e+04
3675,0.001,5.000420e+04
3700,0.001,5.017240e+04
3725,0.001,5.032730e+04
3750,0.001,5.047130e+04
3775,0.001,5.060630e+04
3800,0.001,5.073400e+04
3825,0.001,5.085560e+04
3850,0.001,5.097220e+04
3875,0.001,5.108480e+04
3900,0.001,5.119410e+04
3925,0.001,5.130070e+04
3950,0.001,5.140520e+04
3975,0.001,5.150800e+04
4000,0.001,5.160950e+04
200,0.00177828,-5.381830e+03
225,0.00177828,-5.352250e+03
250,0.00177828,-5.321650e+03
275,0.00177828,-5.289910e+03
300,0.00177828,-5.256910e+03
325,0.00177828,-5.222510e+03
350,0.00177828,-5.186370e+03
375,0.00177828,-5.147500e+03
400,0.00177828,-5.103000e+03
425,0.00177828,-5.045580e+03
450,0.00177828,-4.959720e+03
475,0.00177828,-4.818130e+03
500,0.00177828,-4.587240e+03
525,0.00177828,-4.260260e+03
550,0.00177828,-3.907900e+03
575,0.00177828,-3.635160e+03
600,0.00177828,-3.462640e+03
625,0.00177828,-3.344270e+03
650,0.00177828,-3.239670e+03
675,0.00177828,-3.128410e+03
700,0.00177828,-3.000810e+03
725,0.00177828,-2.851770e+03
750,0.00177828,-2.678680e+03
775,0.00177828,-2.481190e+03
800,0.00177828,-2.261480e+03
825,0.00177828,-2.024500e+03
850,0.00177828,-1.777680e+03
875,0.00177828,-1.529910e+03
900,0.00177828,-1.289970e+03
925,0.00177828,-1.064860e+03
950,0.00177828,-8.586460e+02
975,0.00177828,-6.721890e+02
1000,0.00177828,-5.034890e+02
1025,0.00177828,-3.483190e+02
1050,0.00177828,-2.006750e+02
1075,0.00177828,-5.282550e+01
1100,0.00177828,1.050670e+02
1125,0.00177828,2.857220e+02
1150,0.00177828,5.057430e+02
1175,0.00177828,7.862440e+02
1200,0.00177828,1.151190e+03
1225,0.00177828,1.618020e+03
1250,0.00177828,2.170980e+03
1275,0.00177828,2.724880e+03
1300,0.00177828,3.155680e+03
1325,0.00177828,3.422810e+03
1350,0.00177828,3.581180e+03
1375,0.00177828,3.689160e+03
1400,0.00177828,3.776930e+03
1425,0.00177828,3.856850e+03
1450,0.00177828,3.933720e+03
1475,0.00177828,4.009500e+03
1500,0.00177828,4.085020e+03
1525,0.00177828,4.160720e+03
1550,0.00177828,4.236880e+03
1575,0.00177828,4.313690e+03
1600,0.00177828,4.391360e+03
1625,0.00177828,4.470080e+03
1650,0.00177828,4.550080e+03
1675,0.00177828,4.631620e+03
1700,0.00177828,4.714970e+03
1725,0.00177828,4.800460e+03
1750,0.00177828,4.888460e+03
1775,0.00177828,4.979410e+03
1800,0.00177828,5.073800e+03
1825,0.00177828,5.172170e+03
1850,0.00177828,5.275160e+03
1875,0.00177828,5.383490e+03
1900,0.00177828,5.497950e+03
1925,0.00177828,5.619440e+03
1950,0.00177828,5.748980e+03
1975,0.00177828,5.887690e+03
2000,0.00177828,6.036850e+03
2025,0.00177828,6.197880e+03
2050,0.00177828,6.372360e+03
2075,0.00177828,6.562070e+03
2100,0.00177828,6.769040e+03
2125,0.00177828,6.995510e+03
2150,0.00177828,7.244050e+03
2175,0.00177828,7.517610e+03
2200,0.00177828,7.819510e+03
2225,0.00177828,8.153600e+03
2250,0.00177828,8.524270e+03
2275,0.00177828,8.936530e+03
2300,0.00177828,9.396010e+03
2325,0.00177828,9.908970e+03
2350,0.00177828,1.048200e+04
2375,0.00177828,1.112190e+04
2400,0.00177828,1.183470e+04
2425,0.00177828,1.262540e+04
2450,0.00177828,1.349670e+04
2475,0.00177828,1.444830e+04
2500,0.00177828,1.547630e+04
2525,0.00177828,1.657290e+04
2550,0.00177828,1.772640e+04
2575,0.00177828,1.892280e+04
2600,0.00177828,2.014590e+04
2625,0.00177828,2.137900e+04
2650,0.00177828,2.260610e+04
2675,0.00177828,2.381230e+04
2700,0.00177828,2.498500e+04
2725,0.00177828,2.611390e+04
2750,0.00177828,2.719110e+04
2775,0.00177828,2.821150e+04
2800,0.00177828,2.917250e+04
2825,0.00177828,3.007350e+04
2850,0.00177828,3.091610e+04
2875,0.00177828,3.170340e+04
2900,0.00177828,3.243990e+04
2925,0.00177828,3.313090e+04
2950,0.00177828,3.378250e+04
2975,0.00177828,3.440090e+04
3000,0.00177828,3.499270e+04
3025,0.00177828,3.556430e+04
3050,0.00177828,3.612170e+04
3075,0.00177828,3.667080e+04
3100,0.00177828,3.721680e+04
3125,0.00177828,3.776440e+04
3150,0.00177828,3.831790e+04
3175,0.00177828,3.888070e+04
3200,0.00177828,3.945520e+04
3225,0.00177828,4.004330e+04
3250,0.00177828,4.064570e+04
3275,0.00177828,4.126190e+04
3300,0.00177828,4.189040e+04
3325,0.00177828,4.252830e+04
3350,0.00177828,4.317160e+04
3375,0.00177828,4.381480e+04
3400,0.00177828,4.445190e+04
3425,0.00177828,4.507560e+04
3450,0.00177828,4.567890e+04
3475,0.00177828,4.625480e+04
3500,0.00177828,4.679720e+04
3525,0.00177828,4.730160e+04
3550,0.00177828,4.776480e+04
3575,0.00177828,4.818600e+04
3600,0.00177828,4.856580e+04
3625,0.00177828,4.890620e+04
3650,0.00177828,4.921050e+04
3675,0.00177828,4.948260e+04
3700,0.00177828,4.972620e+04
3725,0.00177828,4.994550e+04
3750,0.00177828,5.014400e+04
3775,0.00177828,5.032510e+04
3800,0.00177828,5.049150e+04
3825,0.00177828,5.064570e+04
3850,0.00177828,5.078980e+04
3875,0.00177828,5.092550e+04
3900,0.00177828,5.105420e+04
3925,0.00177828,5.117720e+04
3950,0.00177828,5.129530e+04
3975,0.00177828,5.140960e+04
4000,0.00177828,5.152050e+04
200,0.00316228,-5.381830e+03
225,0.00316228,-5.352250e+03
250,0.00316228,-5.321650e+03
275,0.00316228,-5.289920e+03
300,0.00316228,-5.256920e+03
325,0.00316228,-5.222530e+03
350,0.00316228,-5.186510e+03
375,0.00316228,-5.148100e+03
400,0.00316228,-5.105200e+03
425,0.00316228,-5.052480e+03
450,0.00316228,-4.978450e+03
475,0.00316228,-4.862110e+03
500,0.00316228,-4.673890e+03
525,0.00316228,-4.393080e+03
550,0.00316228,-4.050410e+03
575,0.00316228,-3.738840e+03
600,0.00316228,-3.521720e+03
625,0.00316228,-3.380230e+03
650,0.00316228,-3.270930e+03
675,0.00316228,-3.165540e+03
700,0.00316228,-3.050260e+03
725,0.00316228,-2.918200e+03
750,0.00316228,-2.765640e+03
775,0.00316228,-2.590900e+03
800,0.00316228,-2.394290e+03
825,0.00316228,-2.178260e+03
850,0.00316228,-1.947530e+03
875,0.00316228,-1.708730e+03
900,0.00316228,-1.469520e+03
925,0.00316228,-1.237330e+03
950,0.00316228,-1.018080e+03
975,0.00316228,-8.152470e+02
1000,0.00316228,-6.296210e+02
1025,0.00316228,-4.594760e+02
1050,0.00316228,-3.009900e+02
1075,0.00316228,-1.485360e+02
1100,0.00316228,5.290290e+00
1125,0.00316228,1.700050e+02
1150,0.00316228,3.578730e+02
1175,0.00316228,5.846750e+02
1200,0.00316228,8.700090e+02
1225,0.00316228,1.235300e+03
1250,0.00316228,1.694750e+03
1275,0.00316228,2.231880e+03
1300,0.00316228,2.769730e+03
1325,0.00316228,3.197190e+03
1350,0.00316228,3.472030e+03
1375,0.00316228,3.639040e+03
1400,0.00316228,3.752800e+03
1425,0.00316228,3.843970e+03
1450,0.00316228,3.925920e+03
1475,0.00316228,4.004080e+03
1500,0.00316228,4.080740e+03
1525,0.00316228,4.156900e+03
1550,0.00316228,4.233090e+03
1575,0.00316228,4.309610e+03
1600,0.00316228,4.386690e+03
1625,0.00316228,4.464520e+03
1650,0.00316228,4.543290e+03
1675,0.00316228,4.623220e+03
1700,0.00316228,4.704520e+03
1725,0.00316228,4.787450e+03
1750,0.00316228,4.872300e+03
1775,0.00316228,4.959390e+03
1800,0.00316228,5.049090e+03
1825,0.00316228,5.141810e+03
1850,0.00316228,5.238040e+03
1875,0.00316228,5.338290e+03
1900,0.00316228,5.443170e+03
1925,0.00316228,5.553360e+03
1950,0.00316228,5.669590e+03
1975,0.00316228,5.792720e+03
2000,0.00316228,5.923660e+03
2025,0.00316228,6.063480e+03
2050,0.00316228,6.213310e+03
2075,0.00316228,6.374460e+03
2100,0.00316228,6.548370e+03
2125,0.00316228,6.736630e+03
2150,0.00316228,6.941050e+03
2175,0.00316228,7.163650e+03
2200,0.00316228,7.406720e+03
2225,0.00316228,7.672820e+03
2250,0.00316228,7.964900e+03
2275,0.00316228,8.286280e+03
2300,0.00316228,8.640770e+03
2325,0.00316228,9.032630e+03
2350,0.00316228,9.466660e+03
2375,0.00316228,9.948120e+03
2400,0.00316228,1.048260e+04
2425,0.00316228,1.107580e+04
2450,0.00316228,1.173310e+04
2475,0.00316228,1.245890e+04
2500,0.00316228,1.325640e+04
2525,0.00316228,1.412620e+04
2550,0.00316228,1.506640e+04
2575,0.00316228,1.607210e+04
2600,0.00316228,1.713520e+04
2625,0.00316228,1.824520e+04
2650,0.00316228,1.938940e+04
2675,0.00316228,2.055440e+04
2700,0.00316228,2.172640e+04
2725,0.00316228,2.289190e+04
2750,0.00316228,2.403910e+04
2775,0.00316228,2.515750e+04
2800,0.00316228,2.623840e+04
2825,0.00316228,2.727530e+04
2850,0.00316228,2.826360e+04
2875,0.00316228,2.920090e+04
2900,0.00316228,3.008630e+04
2925,0.00316228,3.092070e+04
2950,0.00316228,3.170630e+04
2975,0.00316228,3.244650e+04
3000,0.00316228,3.314550e+04
3025,0.00316228,3.380810e+04
3050,0.00316228,3.443970e+04
3075,0.00316228,3.504560e+04
3100,0.00316228,3.563120e+04
3125,0.00316228,3.620190e+04
3150,0.00316228,3.676280e+04
3175,0.00316228,3.731830e+04
3200,0.00316228,3.787290e+04
3225,0.00316228,3.843020e+04
3250,0.00316228,3.899320e+04
3275,0.00316228,3.956450e+04
3300,0.00316228,4.014560e+04
3325,0.00316228,4.073740e+04
3350,0.00316228,4.133970e+04
3375,0.00316228,4.195140e+04
3400,0.00316228,4.257040e+04
3425,0.00316228,4.319350e+04
3450,0.00316228,4.381660e+04
3475,0.00316228,4.443460e+04
3500,0.00316228,4.504190e+04
3525,0.00316228,4.563250e+04
3550,0.00316228,4.620050e+04
3575,0.00316228,4.674050e+04
3600,0.00316228,4.724810e+04
3625,0.00316228,4.771990e+04
3650,0.00316228,4.815420e+04
3675,0.00316228,4.855060e+04
3700,0.00316228,4.891010e+04
3725,0.00316228,4.923480e+04
3750,0.00316228,4.952750e+04
3775,0.00316228,4.979140e+04
3800,0.00316228,5.002990e+04
3825,0.00316228,5.024630e+04
3850,0.00316228,5.044360e+04
3875,0.00316228,5.062480e+04
3900,0.00316228,5.079230e+04
3925,0.00316228,5.094820e+04
3950,0.00316228,5.109440e+04
3975,0.00316228,5.123240e+04
4000,0.00316228,5.136360e+04
200,0.00562341,-5.381830e+03
225,0.00562341,-5.352250e+03
250,0.00562341,-5.321650e+03
275,0.00562341,-5.289920e+03
300,0.00562341,-5.256920e+03
325,0.00562341,-5.222550e+03
350,0.00562341,-5.186600e+03
375,0.00562341,-5.148530e+03
400,0.00562341,-5.106800e+03
425,0.00562341,-5.057510e+03
450,0.00562341,-4.992210e+03
475,0.00562341,-4.895020e+03
500,0.00562341,-4.741660e+03
525,0.00562341,-4.507420e+03
550,0.00562341,-4.195310e+03
575,0.00562341,-3.867170e+03
600,0.00562341,-3.604880e+03
625,0.00562341,-3.428470e+03
650,0.00562341,-3.304720e+03
675,0.00562341,-3.199040e+03
700,0.00562341,-3.091710e+03
725,0.00562341,-2.972950e+03
750,0.00562341,-2.837710e+03
775,0.00562341,-2.683260e+03
800,0.00562341,-2.508620e+03
825,0.00562341,-2.314470e+03
850,0.00562341,-2.103310e+03
875,0.00562341,-1.879480e+03
900,0.00562341,-1.648760e+03
925,0.00562341,-1.417680e+03
950,0.00562341,-1.192520e+03
975,0.00562341,-9.783280e+02
1000,0.00562341,-7.781390e+02
1025,0.00562341,-5.927300e+02
1050,0.00562341,-4.206640e+02
1075,0.00562341,-2.585300e+02
1100,0.00562341,-1.011340e+02
1125,0.00562341,5.850990e+01
1150,0.00562341,2.294520e+02
1175,0.00562341,4.233130e+02
1200,0.00562341,6.548460e+02
1225,0.00562341,9.419890e+02
1250,0.00562341,1.303770e+03
1275,0.00562341,1.752100e+03
1300,0.00562341,2.271810e+03
1325,0.00562341,2.795890e+03
1350,0.00562341,3.224930e+03
1375,0.00562341,3.512430e+03
1400,0.00562341,3.691690e+03
1425,0.00562341,3.813400e+03
1450,0.00562341,3.909190e+03
1475,0.00562341,3.993840e+03
1500,0.00562341,4.073680e+03
1525,0.00562341,4.151460e+03
1550,0.00562341,4.228430e+03
1575,0.00562341,4.305200e+03
1600,0.00562341,4.382160e+03
1625,0.00562341,4.459550e+03
1650,0.00562341,4.537570e+03
1675,0.00562341,4.616420e+03
1700,0.00562341,4.696290e+03
1725,0.00562341,4.777380e+03
1750,0.00562341,4.859920e+03
1775,0.00562341,4.944160e+03
1800,0.00562341,5.030380e+03
1825,0.00562341,5.118900e+03
1850,0.00562341,5.210080e+03
1875,0.00562341,5.304310e+03
1900,0.00562341,5.402040e+03
1925,0.00562341,5.503770e+03
1950,0.00562341,5.610070e+03
1975,0.00562341,5.721550e+03
2000,0.00562341,5.838920e+03
2025,0.00562341,5.962930e+03
2050,0.00562341,6.094440e+03
2075,0.00562341,6.234400e+03
2100,0.00562341,6.383850e+03
2125,0.00562341,6.543940e+03
2150,0.00562341,6.715970e+03
2175,0.00562341,6.901350e+03
2200,0.00562341,7.101700e+03
2225,0.00562341,7.318770e+03
2250,0.00562341,7.554580e+03
2275,0.00562341,7.811350e+03
2300,0.00562341,8.091630e+03
2325,0.00562341,8.398270e+03
2350,0.00562341,8.734480e+03
2375,0.00562341,9.103890e+03
2400,0.00562341,9.510510e+03
2425,0.00562341,9.958740e+03
2450,0.00562341,1.045320e+04
2475,0.00562341,1.099880e+04
2500,0.00562341,1.160010e+04
2525,0.00562341,1.226130e+04
2550,0.00562341,1.298540e+04
2575,0.00562341,1.377400e+04
2600,0.00562341,1.462670e+04
2625,0.00562341,1.554100e+04
2650,0.00562341,1.651160e+04
2675,0.00562341,1.753120e+04
2700,0.00562341,1.859060e+04
2725,0.00562341,1.967910e+04
2750,0.00562341,2.078540e+04
2775,0.00562341,2.189820e+04
2800,0.00562341,2.300650e+04
2825,0.00562341,2.410030e+04
2850,0.00562341,2.517090e+04
2875,0.00562341,2.621090e+04
2900,0.00562341,2.721450e+04
2925,0.00562341,2.817750e+04
2950,0.00562341,2.909730e+04
2975,0.00562341,2.997270e+04
3000,0.00562341,3.080390e+04
3025,0.00562341,3.159210e+04
3050,0.00562341,3.233970e+04
3075,0.00562341,3.304990e+04
3100,0.00562341,3.372630e+04
3125,0.00562341,3.437330e+04
3150,0.00562341,3.499510e+04
3175,0.00562341,3.559630e+04
3200,0.00562341,3.618150e+04
3225,0.00562341,3.675500e+04
3250,0.00562341,3.732090e+04
3275,0.00562341,3.788290e+04
3300,0.00562341,3.844440e+04
3325,0.00562341,3.900820e+04
3350,0.00562341,3.957660e+04
3375,0.00562341,4.015130e+04
3400,0.00562341,4.073330e+04
3425,0.00562341,4.132270e+04
3450,0.00562341,4.191900e+04
3475,0.00562341,4.252070e+04
3500,0.00562341,4.312560e+04
3525,0.00562341,4.373060e+04
3550,0.00562341,4.433170e+04
3575,0.00562341,4.492470e+04
3600,0.00562341,4.550450e+04
3625,0.00562341,4.606640e+04
3650,0.00562341,4.660560e+04
3675,0.00562341,4.711790e+04
3700,0.00562341,4.759980e+04
3725,0.00562341,4.804900e+04
3750,0.00562341,4.846430e+04
3775,0.00562341,4.884570e+04
3800,0.00562341,4.919390e+04
3825,0.00562341,4.951090e+04
3850,0.00562341,4.979890e+04
3875,0.00562341,5.006070e+04
3900,0.00562341,5.029910e+04
3925,0.00562341,5.051690e+04
3950,0.00562341,5.071670e+04
3975,0.00562341,5.090120e+04
4000,0.00562341,5.107230e+04
200,0.01,-5.381830e+03
225,0.01,-5.352250e+03
250,0.01,-5.321650e+03
275,0.01,-5.289920e+03
300,0.01,-5.256920e+03
325,0.01,-5.222560e+03
350,0.01,-5.186680e+03
375,0.01,-5.148850e+03
400,0.01,-5.107960e+03
425,0.01,-5.061170e+03
450,0.01,-5.002280e+03
475,0.01,-4.919440e+03
500,0.01,-4.793490e+03
525,0.01,-4.600990e+03
550,0.01,-4.330140e+03
575,0.01,-4.010490e+03
600,0.01,-3.715040e+03
625,0.01,-3.496480e+03
650,0.01,-3.346950e+03
675,0.01,-3.232820e+03
700,0.01,-3.128070e+03
725,0.01,-3.018590e+03
750,0.01,-2.897200e+03
775,0.01,-2.760080e+03
800,0.01,-2.605230e+03
825,0.01,-2.432140e+03
850,0.01,-2.241690e+03
875,0.01,-2.036280e+03
900,0.01,-1.819750e+03
925,0.01,-1.597070e+03
950,0.01,-1.373750e+03
975,0.01,-1.155100e+03
1000,0.01,-9.454180e+02
1025,0.01,-7.474050e+02
1050,0.01,-5.618570e+02
1075,0.01,-3.876230e+02
1100,0.01,-2.217220e+02
1125,0.01,-5.943950e+01
1150,0.01,1.056980e+02
1175,0.01,2.821450e+02
1200,0.01,4.807240e+02
1225,0.01,7.150130e+02
1250,0.01,1.001230e+03
1275,0.01,1.356240e+03
1300,0.01,1.790470e+03
1325,0.01,2.291420e+03
1350,0.01,2.802950e+03
1375,0.01,3.236890e+03
1400,0.01,3.541540e+03
1425,0.01,3.737140e+03
1450,0.01,3.869600e+03
1475,0.01,3.971670e+03
1500,0.01,4.059990e+03
1525,0.01,4.142080e+03
1550,0.01,4.221340e+03
1575,0.01,4.299340e+03
1600,0.01,4.376860e+03
1625,0.01,4.454360e+03
1650,0.01,4.532140e+03
1675,0.01,4.610420e+03
1700,0.01,4.689390e+03
1725,0.01,4.769240e+03
1750,0.01,4.850160e+03
1775,0.01,4.932350e+03
1800,0.01,5.016030e+03
1825,0.01,5.101460e+03
1850,0.01,5.188890e+03
1875,0.01,5.278640e+03
1900,0.01,5.371050e+03
1925,0.01,5.466480e+03
1950,0.01,5.565360e+03
1975,0.01,5.668160e+03
2000,0.01,5.775380e+03
2025,0.01,5.887610e+03
2050,0.01,6.005470e+03
2075,0.01,6.129650e+03
2100,0.01,6.260930e+03
2125,0.01,6.400150e+03
2150,0.01,6.548240e+03
2175,0.01,6.706230e+03
2200,0.01,6.875240e+03
2225,0.01,7.056550e+03
2250,0.01,7.251530e+03
2275,0.01,7.461740e+03
2300,0.01,7.688890e+03
2325,0.01,7.934900e+03
2350,0.01,8.201940e+03
2375,0.01,8.492420e+03
2400,0.01,8.809040e+03
2425,0.01,9.154800e+03
2450,0.01,9.533050e+03
2475,0.01,9.947400e+03
2500,0.01,1.040170e+04
2525,0.01,1.090010e+04
2550,0.01,1.144640e+04
2575,0.01,1.204440e+04
2600,0.01,1.269710e+04
2625,0.01,1.340660e+04
2650,0.01,1.417370e+04
2675,0.01,1.499740e+04
2700,0.01,1.587490e+04
2725,0.01,1.680160e+04
2750,0.01,1.777120e+04
2775,0.01,1.877570e+04
2800,0.01,1.980660e+04
2825,0.01,2.085450e+04
2850,0.01,2.190990e+04
2875,0.01,2.296390e+04
2900,0.01,2.400810e+04
2925,0.01,2.503510e+04
2950,0.01,2.603830e+04
2975,0.01,2.701260e+04
3000,0.01,2.795400e+04
3025,0.01,2.885970e+04
3050,0.01,2.972810e+04
3075,0.01,3.055860e+04
3100,0.01,3.135170e+04
3125,0.01,3.210880e+04
3150,0.01,3.283190e+04
3175,0.01,3.352390e+04
3200,0.01,3.418780e+04
3225,0.01,3.482700e+04
3250,0.01,3.544540e+04
3275,0.01,3.604650e+04
3300,0.01,3.663410e+04
3325,0.01,3.721170e+04
3350,0.01,3.778270e+04
3375,0.01,3.834990e+04
3400,0.01,3.891610e+04
3425,0.01,3.948340e+04
3450,0.01,4.005360e+04
3475,0.01,4.062770e+04
3500,0.01,4.120640e+04
3525,0.01,4.178960e+04
3550,0.01,4.237630e+04
3575,0.01,4.296530e+04
3600,0.01,4.355430e+04
3625,0.01,4.414060e+04
3650,0.01,4.472080e+04
3675,0.01,4.529110e+04
3700,0.01,4.584770e+04
3725,0.01,4.638650e+04
3750,0.01,4.690360e+04
3775,0.01,4.739580e+04
3800,0.01,4.786040e+04
3825,0.01,4.829540e+04
3850,0.01,4.870000e+04
3875,0.01,4.907390e+04
3900,0.01,4.941810e+04
3925,0.01,4.973370e+04
3950,0.01,5.002280e+04
3975,0.01,5.028750e+04
4000,0.01,5.053020e+04
200,0.0177828,-5.381830e+03
225,0.0177828,-5.352250e+03
250,0.0177828,-5.321650e+03
275,0.0177828,-5.289920e+03
300,0.0177828,-5.256920e+03
325,0.0177828,-5.222570e+03
350,0.0177828,-5.186730e+03
375,0.0177828,-5.149080e+03
400,0.0177828,-5.108800e+03
425,0.0177828,-5.063840e+03
450,0.0177828,-5.009650e+03
475,0.0177828,-4.937450e+03
500,0.0177828,-4.832530e+03
525,0.0177828,-4.674850e+03
550,0.0177828,-4.447060e+03
575,0.0177828,-4.155270e+03
600,0.0177828,-3.848140e+03
625,0.0177828,-3.590140e+03
650,0.0177828,-3.404920e+03
675,0.0177828,-3.272190e+03
700,0.0177828,-3.163030e+03
725,0.0177828,-3.058010e+03
750,0.0177828,-2.946690e+03
775,0.0177828,-2.823620e+03
800,0.0177828,-2.685820e+03
825,0.0177828,-2.531860e+03
850,0.0177828,-2.361510e+03
875,0.0177828,-2.175720e+03
900,0.0177828,-1.976670e+03
925,0.0177828,-1.767700e+03
950,0.0177828,-1.552980e+03
975,0.0177828,-1.337140e+03
1000,0.0177828,-1.124650e+03
1025,0.0177828,-9.191800e+02
1050,0.0177828,-7.231400e+02
1075,0.0177828,-5.373490e+02
1100,0.0177828,-3.609390e+02
1125,0.0177828,-1.913670e+02
1150,0.0177828,-2.444230e+01
1175,0.0177828,1.457190e+02
1200,0.0177828,3.268680e+02
1225,0.0177828,5.289060e+02
1250,0.0177828,7.641430e+02
1275,0.0177828,1.047100e+03
1300,0.0177828,1.392700e+03
1325,0.0177828,1.810470e+03
1350,0.0177828,2.291360e+03
1375,0.0177828,2.790280e+03
1400,0.0177828,3.230610e+03
1425,0.0177828,3.556130e+03
1450,0.0177828,3.772620e+03
1475,0.0177828,3.919430e+03
1500,0.0177828,4.030090e+03
1525,0.0177828,4.123450e+03
1550,0.0177828,4.208640e+03
1575,0.0177828,4.289900e+03
1600,0.0177828,4.369270e+03
1625,0.0177828,4.447770e+03
1650,0.0177828,4.526000e+03
1675,0.0177828,4.604290e+03
1700,0.0177828,4.682920e+03
1725,0.0177828,4.762090e+03
1750,0.0177828,4.841990e+03
1775,0.0177828,4.922790e+03
1800,0.0177828,5.004700e+03
1825,0.0177828,5.087900e+03
1850,0.0177828,5.172610e+03
1875,0.0177828,5.259070e+03
1900,0.0177828,5.347530e+03
1925,0.0177828,5.438290e+03
1950,0.0177828,5.531650e+03
1975,0.0177828,5.627970e+03
2000,0.0177828,5.727640e+03
2025,0.0177828,5.831080e+03
2050,0.0177828,5.938750e+03
2075,0.0177828,6.051190e+03
2100,0.0177828,6.168940e+03
2125,0.0177828,6.292640e+03
2150,0.0177828,6.422970e+03
2175,0.0177828,6.560670e+03
2200,0.0177828,6.706560e+03
2225,0.0177828,6.861550e+03
2250,0.0177828,7.026630e+03
2275,0.0177828,7.202880e+03
2300,0.0177828,7.391490e+03
2325,0.0177828,7.593810e+03
2350,0.0177828,7.811290e+03
2375,0.0177828,8.045560e+03
2400,0.0177828,8.298440e+03
2425,0.0177828,8.571950e+03
2450,0.0177828,8.868310e+03
2475,0.0177828,9.190010e+03
2500,0.0177828,9.539780e+03
2525,0.0177828,9.920600e+03
2550,0.0177828,1.033560e+04
2575,0.0177828,1.078820e+04
2600,0.0177828,1.128170e+04
2625,0.0177828,1.181930e+04
2650,0.0177828,1.240390e+04
2675,0.0177828,1.303790e+04
2700,0.0177828,1.372260e+04
2725,0.0177828,1.445830e+04
2750,0.0177828,1.524400e+04
2775,0.0177828,1.607720e+04
2800,0.0177828,1.695390e+04
2825,0.0177828,1.786900e+04
2850,0.0177828,1.881610e+04
2875,0.0177828,1.978810e+04
2900,0.0177828,2.077740e+04
2925,0.0177828,2.177640e+04
2950,0.0177828,2.277750e+04
2975,0.0177828,2.377380e+04
3000,0.0177828,2.475880e+04
3025,0.0177828,2.572680e+04
3050,0.0177828,2.667310e+04
3075,0.0177828,2.759390e+04
3100,0.0177828,2.848610e+04
3125,0.0177828,2.934790e+04
3150,0.0177828,3.017800e+04
3175,0.0177828,3.097620e+04
3200,0.0177828,3.174290e+04
3225,0.0177828,3.247940e+04
3250,0.0177828,3.318740e+04
3275,0.0177828,3.386890e+04
3300,0.0177828,3.452660e+04
3325,0.0177828,3.516330e+04
3350,0.0177828,3.578190e+04
3375,0.0177828,3.638540e+04
3400,0.0177828,3.697670e+04
3425,0.0177828,3.755870e+04
3450,0.0177828,3.813410e+04
3475,0.0177828,3.870530e+04
3500,0.0177828,3.927430e+04
3525,0.0177828,3.984290e+04
3550,0.0177828,4.041230e+04
3575,0.0177828,4.098330e+04
3600,0.0177828,4.155640e+04
3625,0.0177828,4.213130e+04
3650,0.0177828,4.270720e+04
3675,0.0177828,4.328280e+04
3700,0.0177828,4.385630e+04
3725,0.0177828,4.442530e+04
3750,0.0177828,4.498710e+04
3775,0.0177828,4.553850e+04
3800,0.0177828,4.607650e+04
3825,0.0177828,4.659770e+04
3850,0.0177828,4.709910e+04
3875,0.0177828,4.757790e+04
3900,0.0177828,4.803200e+04
3925,0.0177828,4.845970e+04
3950,0.0177828,4.886010e+04
3975,0.0177828,4.923300e+04
4000,0.0177828,4.957890e+04
200,0.0316228,-5.381830e+03
225,0.0316228,-5.352250e+03
250,0.0316228,-5.321650e+03
275,0.0316228,-5.289920e+03
300,0.0316228,-5.256920e+03
325,0.0316228,-5.222580e+03
350,0.0316228,-5.186760e+03
375,0.0316228,-5.149250e+03
400,0.0316228,-5.109420e+03
425,0.0316228,-5.065780e+03
450,0.0316228,-5.015020e+03
475,0.0316228,-4.950670e+03
500,0.0316228,-4.861630e+03
525,0.0316228,-4.731710e+03
550,0.0316228,-4.543230e+03
575,0.0316228,-4.289270e+03
600,0.0316228,-3.993240e+03
625,0.0316228,-3.710050e+03
650,0.0316228,-3.485810e+03
675,0.0316228,-3.324050e+03
700,0.0316228,-3.201500e+03
725,0.0316228,-3.094750e+03
750,0.0316228,-2.989070e+03
775,0.0316228,-2.876460e+03
800,0.0316228,-2.752630e+03
825,0.0316228,-2.615250e+03
850,0.0316228,-2.463240e+03
875,0.0316228,-2.296560e+03
900,0.0316228,-2.116140e+03
925,0.0316228,-1.923880e+03
950,0.0316228,-1.722600e+03
975,0.0316228,-1.515770e+03
1000,0.0316228,-1.307250e+03
1025,0.0316228,-1.100750e+03
1050,0.0316228,-8.994230e+02
1075,0.0316228,-7.053920e+02
1100,0.0316228,-5.195030e+02
1125,0.0316228,-3.411510e+02
1150,0.0316228,-1.682260e+02
1175,0.0316228,2.911830e+00
1200,0.0316228,1.774960e+02
1225,0.0316228,3.624910e+02
1250,0.0316228,5.667960e+02
1275,0.0316228,8.014100e+02
1300,0.0316228,1.079190e+03
1325,0.0316228,1.413370e+03
1350,0.0316228,1.812920e+03
1375,0.0316228,2.272380e+03
1400,0.0316228,2.757410e+03
1425,0.0316228,3.203510e+03
1450,0.0316228,3.552240e+03
1475,0.0316228,3.794390e+03
1500,0.0316228,3.960060e+03
1525,0.0316228,4.082470e+03
1550,0.0316228,4.182860e+03
1575,0.0316228,4.272360e+03
1600,0.0316228,4.356400e+03
1625,0.0316228,4.437660e+03
1650,0.0316228,4.517510e+03
1675,0.0316228,4.596710e+03
1700,0.0316228,4.675710e+03
1725,0.0316228,4.754840e+03
1750,0.0316228,4.834330e+03
1775,0.0316228,4.914380e+03
1800,0.0316228,4.995170e+03
1825,0.0316228,5.076880e+03
1850,0.0316228,5.159690e+03
1875,0.0316228,5.243790e+03
1900,0.0316228,5.329400e+03
1925,0.0316228,5.416720e+03
1950,0.0316228,5.506020e+03
1975,0.0316228,5.597540e+03
2000,0.0316228,5.691600e+03
2025,0.0316228,5.788490e+03
2050,0.0316228,5.888590e+03
2075,0.0316228,5.992270e+03
2100,0.0316228,6.099950e+03
2125,0.0316228,6.212090e+03
2150,0.0316228,6.329210e+03
2175,0.0316228,6.451840e+03
2200,0.0316228,6.580600e+03
2225,0.0316228,6.716120e+03
2250,0.0316228,6.859130e+03
2275,0.0316228,7.010410e+03
2300,0.0316228,7.170810e+03
2325,0.0316228,7.341260e+03
2350,0.0316228,7.522790e+03
2375,0.0316228,7.716520e+03
2400,0.0316228,7.923690e+03
2425,0.0316228,8.145650e+03
2450,0.0316228,8.383930e+03
2475,0.0316228,8.640170e+03
2500,0.0316228,8.916220e+03
2525,0.0316228,9.214100e+03
2550,0.0316228,9.536020e+03
2575,0.0316228,9.884390e+03
2600,0.0316228,1.026180e+04
2625,0.0316228,1.067090e+04
2650,0.0316228,1.111460e+04
2675,0.0316228,1.159560e+04
2700,0.0316228,1.211650e+04
2725,0.0316228,1.267950e+04
2750,0.0316228,1.328660e+04
2775,0.0316228,1.393860e+04
2800,0.0316228,1.463570e+04
2825,0.0316228,1.537700e+04
2850,0.0316228,1.616060e+04
2875,0.0316228,1.698330e+04
2900,0.0316228,1.784100e+04
2925,0.0316228,1.872860e+04
2950,0.0316228,1.964060e+04
2975,0.0316228,2.057080e+04
3000,0.0316228,2.151300e+04
3025,0.0316228,2.246110e+04
3050,0.0316228,2.340920e+04
3075,0.0316228,2.435180e+04
3100,0.0316228,2.528380e+04
3125,0.0316228,2.620090e+04
3150,0.0316228,2.709950e+04
3175,0.0316228,2.797650e+04
3200,0.0316228,2.882960e+04
3225,0.0316228,2.965730e+04
3250,0.0316228,3.045860e+04
3275,0.0316228,3.123330e+04
3300,0.0316228,3.198170e+04
3325,0.0316228,3.270460e+04
3350,0.0316228,3.340320e+04
3375,0.0316228,3.407930e+04
3400,0.0316228,3.473480e+04
3425,0.0316228,3.537190e+04
3450,0.0316228,3.599280e+04
3475,0.0316228,3.659990e+04
3500,0.0316228,3.719560e+04
3525,0.0316228,3.778200e+04
3550,0.0316228,3.836140e+04
3575,0.0316228,3.893560e+04
3600,0.0316228,3.950630e+04
3625,0.0316228,4.007490e+04
3650,0.0316228,4.064240e+04
3675,0.0316228,4.120940e+04
3700,0.0316228,4.177610e+04
3725,0.0316228,4.234250e+04
3750,0.0316228,4.290780e+04
3775,0.0316228,4.347110e+04
3800,0.0316228,4.403070e+04
3825,0.0316228,4.458500e+04
3850,0.0316228,4.513160e+04
3875,0.0316228,4.566820e+04
3900,0.0316228,4.619210e+04
3925,0.0316228,4.670080e+04
3950,0.0316228,4.719180e+04
3975,0.0316228,4.766280e+04
4000,0.0316228,4.811200e+04
200,0.0562341,-5.381830e+03
225,0.0562341,-5.352250e+03
250,0.0562341,-5.321650e+03
275,0.0562341,-5.289920e+03
300,0.0562341,-5.256920e+03
325,0.0562341,-5.222580e+03
350,0.0562341,-5.186790e+03
375,0.0562341,-5.149370e+03
400,0.0562341,-5.109870e+03
425,0.0562341,-5.067190e+03
450,0.0562341,-5.018930e+03
475,0.0562341,-4.960350e+03
500,0.0562341,-4.883150e+03
525,0.0562341,-4.774740e+03
550,0.0562341,-4.619430e+03
575,0.0562341,-4.405000e+03
600,0.0562341,-4.136660e+03
625,0.0562341,-3.849390e+03
650,0.0562341,-3.593340e+03
675,0.0562341,-3.395990e+03
700,0.0562341,-3.250010e+03
725,0.0562341,-3.133520e+03
750,0.0562341,-3.027850e+03
775,0.0562341,-2.921530e+03
800,0.0562341,-2.808240e+03
825,0.0562341,-2.684500e+03
850,0.0562341,-2.548450e+03
875,0.0562341,-2.399270e+03
900,0.0562341,-2.236980e+03
925,0.0562341,-2.062420e+03
950,0.0562341,-1.877230e+03
975,0.0562341,-1.683710e+03
1000,0.0562341,-1.484740e+03
1025,0.0562341,-1.283460e+03
1050,0.0562341,-1.082950e+03
1075,0.0562341,-8.858770e+02
1100,0.0562341,-6.941150e+02
1125,0.0562341,-5.085080e+02
1150,0.0562341,-3.286830e+02
1175,0.0562341,-1.529450e+02
1200,0.0562341,2.179040e+01
1225,0.0562341,2.000690e+02
1250,0.0562341,3.880170e+02
1275,0.0562341,5.934910e+02
1300,0.0562341,8.261660e+02
1325,0.0562341,1.097320e+03
1350,0.0562341,1.418640e+03
1375,0.0562341,1.798720e+03
1400,0.0562341,2.235420e+03
1425,0.0562341,2.704230e+03
1450,0.0562341,3.153320e+03
1475,0.0562341,3.525480e+03
1500,0.0562341,3.797600e+03
1525,0.0562341,3.987520e+03
1550,0.0562341,4.125920e+03
1575,0.0562341,4.236180e+03
1600,0.0562341,4.331790e+03
1625,0.0562341,4.419770e+03
1650,0.0562341,4.503690e+03
1675,0.0562341,4.585410e+03
1700,0.0562341,4.665970e+03
1725,0.0562341,4.745980e+03
1750,0.0562341,4.825840e+03
1775,0.0562341,4.905830e+03
1800,0.0562341,4.986190e+03
1825,0.0562341,5.067090e+03
1850,0.0562341,5.148730e+03
1875,0.0562341,5.231280e+03
1900,0.0562341,5.314900e+03
1925,0.0562341,5.399800e+03
1950,0.0562341,5.486160e+03
1975,0.0562341,5.574180e+03
2000,0.0562341,5.664110e+03
2025,0.0562341,5.756170e+03
2050,0.0562341,5.850650e+03
2075,0.0562341,5.947830e+03
2100,0.0562341,6.048020e+03
2125,0.0562341,6.151570e+03
2150,0.0562341,6.258850e+03
2175,0.0562341,6.370280e+03
2200,0.0562341,6.486300e+03
2225,0.0562341,6.607380e+03
2250,0.0562341,6.734050e+03
2275,0.0562341,6.866870e+03
2300,0.0562341,7.006460e+03
2325,0.0562341,7.153490e+03
2350,0.0562341,7.308690e+03
2375,0.0562341,7.472850e+03
2400,0.0562341,7.646830e+03
2425,0.0562341,7.831570e+03
2450,0.0562341,8.028110e+03
2475,0.0562341,8.237570e+03
2500,0.0562341,8.461210e+03
2525,0.0562341,8.700360e+03
2550,0.0562341,8.956540e+03
2575,0.0562341,9.231360e+03
2600,0.0562341,9.526610e+03
2625,0.0562341,9.844210e+03
2650,0.0562341,1.018620e+04
2675,0.0562341,1.055490e+04
2700,0.0562341,1.095240e+04
2725,0.0562341,1.138120e+04
2750,0.0562341,1.184340e+04
2775,0.0562341,1.234130e+04
2800,0.0562341,1.287650e+04
2825,0.0562341,1.345050e+04
2850,0.0562341,1.406420e+04
2875,0.0562341,1.471780e+04
2900,0.0562341,1.541050e+04
2925,0.0562341,1.614100e+04
2950,0.0562341,1.690690e+04
2975,0.0562341,1.770500e+04
3000,0.0562341,1.853160e+04
3025,0.0562341,1.938230e+04
3050,0.0562341,2.025230e+04
3075,0.0562341,2.113660e+04
3100,0.0562341,2.203020e+04
3125,0.0562341,2.292830e+04
3150,0.0562341,2.382610e+04
3175,0.0562341,2.471930e+04
3200,0.0562341,2.560400e+04
3225,0.0562341,2.647670e+04
3250,0.0562341,2.733440e+04
3275,0.0562341,2.817470e+04
3300,0.0562341,2.899570e+04
3325,0.0562341,2.979600e+04
3350,0.0562341,3.057470e+04
3375,0.0562341,3.133150e+04
3400,0.0562341,3.206630e+04
3425,0.0562341,3.277980e+04
3450,0.0562341,3.347270e+04
3475,0.0562341,3.414620e+04
3500,0.0562341,3.480170e+04
3525,0.0562341,3.544070e+04
3550,0.0562341,3.606500e+04
3575,0.0562341,3.667640e+04
3600,0.0562341,3.727670e+04
3625,0.0562341,3.786760e+04
3650,0.0562341,3.845080e+04
3675,0.0562341,3.902780e+04
3700,0.0562341,3.960000e+04
3725,0.0562341,4.016840e+04
3750,0.0562341,4.073390e+04
3775,0.0562341,4.129710e+04
3800,0.0562341,4.185820e+04
3825,0.0562341,4.241710e+04
3850,0.0562341,4.297340e+04
3875,0.0562341,4.352620e+04
3900,0.0562341,4.407460e+04
3925,0.0562341,4.461710e+04
3950,0.0562341,4.515200e+04
3975,0.0562341,4.567750e+04
4000,0.0562341,4.619160e+04
200,0.1,-5.381830e+03
225,0.1,-5.352250e+03
250,0.1,-5.321650e+03
275,0.1,-5.289920e+03
300,0.1,-5.256930e+03
325,0.1,-5.222590e+03
350,0.1,-5.186810e+03
375,0.1,-5.149460e+03
400,0.1,-5.110190e+03
425,0.1,-5.068220e+03
450,0.1,-5.021780e+03
475,0.1,-4.967420e+03
500,0.1,-4.899000e+03
525,0.1,-4.806910e+03
550,0.1,-4.678240e+03
575,0.1,-4.499920e+03
600,0.1,-4.267100e+03
625,0.1,-3.995620e+03
650,0.1,-3.724520e+03
675,0.1,-3.493570e+03
700,0.1,-3.316210e+03
725,0.1,-3.180600e+03
750,0.1,-3.067640e+03
775,0.1,-2.962380e+03
800,0.1,-2.855640e+03
825,0.1,-2.742260e+03
850,0.1,-2.619360e+03
875,0.1,-2.485380e+03
900,0.1,-2.339680e+03
925,0.1,-2.182290e+03
950,0.1,-2.013950e+03
975,0.1,-1.835970e+03
1000,0.1,-1.650250e+03
1025,0.1,-1.459110e+03
1050,0.1,-1.265080e+03
1075,0.1,-1.070690e+03
1100,0.1,-8.781550e+02
1125,0.1,-6.891120e+02
1150,0.1,-5.043790e+02
1175,0.1,-3.237710e+02
1200,0.1,-1.459730e+02
1225,0.1,3.155590e+01
1250,0.1,2.126720e+02
1275,0.1,4.026450e+02
1300,0.1,6.082760e+02
1325,0.1,8.379470e+02
1350,0.1,1.101430e+03
1375,0.1,1.409000e+03
1400,0.1,1.768870e+03
1425,0.1,2.181640e+03
1450,0.1,2.631320e+03
1475,0.1,3.078650e+03
1500,0.1,3.471590e+03
1525,0.1,3.776420e+03
1550,0.1,3.996380e+03
1575,0.1,4.156250e+03
1600,0.1,4.280350e+03
1625,0.1,4.384710e+03
1650,0.1,4.478350e+03
1675,0.1,4.566080e+03
1700,0.1,4.650480e+03
1725,0.1,4.732990e+03
1750,0.1,4.814440e+03
1775,0.1,4.895370e+03
1800,0.1,4.976140e+03
1825,0.1,5.057030e+03
1850,0.1,5.138250e+03
1875,0.1,5.219990e+03
1900,0.1,5.302440e+03
1925,0.1,5.385760e+03
1950,0.1,5.470110e+03
1975,0.1,5.555690e+03
2000,0.1,5.642660e+03
2025,0.1,5.731220e+03
2050,0.1,5.821590e+03
2075,0.1,5.913980e+03
2100,0.1,6.008640e+03
2125,0.1,6.105820e+03
2150,0.1,6.205820e+03
2175,0.1,6.308920e+03
2200,0.1,6.415470e+03
2225,0.1,6.525820e+03
2250,0.1,6.640360e+03
2275,0.1,6.759500e+03
2300,0.1,6.883680e+03
2325,0.1,7.013410e+03
2350,0.1,7.149200e+03
2375,0.1,7.291620e+03
2400,0.1,7.441280e+03
2425,0.1,7.598860e+03
2450,0.1,7.765070e+03
2475,0.1,7.940700e+03
2500,0.1,8.126590e+03
2525,0.1,8.323680e+03
2550,0.1,8.532980e+03
2575,0.1,8.755590e+03
2600,0.1,8.992700e+03
2625,0.1,9.245630e+03
2650,0.1,9.515790e+03
2675,0.1,9.804720e+03
2700,0.1,1.011410e+04
2725,0.1,1.044550e+04
2750,0.1,1.080100e+04
2775,0.1,1.118240e+04
2800,0.1,1.159150e+04
2825,0.1,1.203030e+04
2850,0.1,1.250040e+04
2875,0.1,1.300330e+04
2900,0.1,1.354030e+04
2925,0.1,1.411210e+04
2950,0.1,1.471890e+04
2975,0.1,1.536040e+04
3000,0.1,1.603570e+04
3025,0.1,1.674310e+04
3050,0.1,1.748040e+04
3075,0.1,1.824470e+04
3100,0.1,1.903290e+04
3125,0.1,1.984120e+04
3150,0.1,2.066580e+04
3175,0.1,2.150270e+04
3200,0.1,2.234790e+04
3225,0.1,2.319740e+04
3250,0.1,2.404760e+04
3275,0.1,2.489490e+04
3300,0.1,2.573630e+04
3325,0.1,2.656890e+04
3350,0.1,2.739020e+04
3375,0.1,2.819810e+04
3400,0.1,2.899110e+04
3425,0.1,2.976770e+04
3450,0.1,3.052710e+04
3475,0.1,3.126880e+04
3500,0.1,3.199260e+04
3525,0.1,3.269860e+04
3550,0.1,3.338720e+04
3575,0.1,3.405920e+04
3600,0.1,3.471540e+04
3625,0.1,3.535690e+04
3650,0.1,3.598500e+04
3675,0.1,3.660090e+04
3700,0.1,3.720590e+04
3725,0.1,3.780130e+04
3750,0.1,3.838850e+04
3775,0.1,3.896860e+04
3800,0.1,3.954260e+04
3825,0.1,4.011160e+04
3850,0.1,4.067610e+04
3875,0.1,4.123670e+04
3900,0.1,4.179360e+04
3925,0.1,4.234700e+04
3950,0.1,4.289650e+04
3975,0.1,4.344170e+04
4000,0.1,4.398170e+04
200,0.177828,-5.381830e+03
225,0.177828,-5.352250e+03
250,0.177828,-5.321650e+03
275,0.177828,-5.289920e+03
300,0.177828,-5.256930e+03
325,0.177828,-5.222590e+03
350,0.177828,-5.186830e+03
375,0.177828,-5.149520e+03
400,0.177828,-5.110430e+03
425,0.177828,-5.068970e+03
450,0.177828,-5.023860e+03
475,0.177828,-4.972580e+03
500,0.177828,-4.910620e+03
525,0.177828,-4.830760e+03
550,0.177828,-4.722820e+03
575,0.177828,-4.574970e+03
600,0.177828,-4.378250e+03
625,0.177828,-4.135440e+03
650,0.177828,-3.869240e+03
675,0.177828,-3.616750e+03
700,0.177828,-3.406660e+03
725,0.177828,-3.243550e+03
750,0.177828,-3.114560e+03
775,0.177828,-3.003590e+03
800,0.177828,-2.898440e+03
825,0.177828,-2.791580e+03
850,0.177828,-2.678640e+03
875,0.177828,-2.557170e+03
900,0.177828,-2.425850e+03
925,0.177828,-2.284100e+03
950,0.177828,-2.131970e+03
975,0.177828,-1.970030e+03
1000,0.177828,-1.799350e+03
1025,0.177828,-1.621420e+03
1050,0.177828,-1.438090e+03
1075,0.177828,-1.251380e+03
1100,0.177828,-1.063310e+03
1125,0.177828,-8.757190e+02
1150,0.177828,-6.899940e+02
1175,0.177828,-5.068990e+02
1200,0.177828,-3.263910e+02
1225,0.177828,-1.474870e+02
1250,0.177828,3.185300e+01
1275,0.177828,2.148160e+02
1300,0.177828,4.058350e+02
1325,0.177828,6.106770e+02
1350,0.177828,8.364800e+02
1375,0.177828,1.091610e+03
1400,0.177828,1.385000e+03
1425,0.177828,1.724400e+03
1450,0.177828,2.112420e+03
1475,0.177828,2.539970e+03
1500,0.177828,2.979450e+03
1525,0.177828,3.387340e+03
1550,0.177828,3.724610e+03
1575,0.177828,3.979730e+03
1600,0.177828,4.167560e+03
1625,0.177828,4.310850e+03
1650,0.177828,4.427750e+03
1675,0.177828,4.529620e+03
1700,0.177828,4.622910e+03
1725,0.177828,4.711210e+03
1750,0.177828,4.796540e+03
1775,0.177828,4.880100e+03
1800,0.177828,4.962610e+03
1825,0.177828,5.044560e+03
1850,0.177828,5.126320e+03
1875,0.177828,5.208140e+03
1900,0.177828,5.290240e+03
1925,0.177828,5.372810e+03
1950,0.177828,5.456030e+03
1975,0.177828,5.540070e+03
2000,0.177828,5.625070e+03
2025,0.177828,5.711220e+03
2050,0.177828,5.798690e+03
2075,0.177828,5.887640e+03
2100,0.177828,5.978280e+03
2125,0.177828,6.070810e+03
2150,0.177828,6.165440e+03
2175,0.177828,6.262400e+03
2200,0.177828,6.361950e+03
2225,0.177828,6.464350e+03
2250,0.177828,6.569890e+03
2275,0.177828,6.678870e+03
2300,0.177828,6.791640e+03
2325,0.177828,6.908550e+03
2350,0.177828,7.029980e+03
2375,0.177828,7.156340e+03
2400,0.177828,7.288090e+03
2425,0.177828,7.425690e+03
2450,0.177828,7.569670e+03
2475,0.177828,7.720580e+03
2500,0.177828,7.879010e+03
2525,0.177828,8.045620e+03
2550,0.177828,8.221090e+03
2575,0.177828,8.406190e+03
2600,0.177828,8.601730e+03
2625,0.177828,8.808610e+03
2650,0.177828,9.027760e+03
2675,0.177828,9.260250e+03
2700,0.177828,9.507180e+03
2725,0.177828,9.769760e+03
2750,0.177828,1.004930e+04
2775,0.177828,1.034710e+04
2800,0.177828,1.066480e+04
2825,0.177828,1.100370e+04
2850,0.177828,1.136540e+04
2875,0.177828,1.175160e+04
2900,0.177828,1.216360e+04
2925,0.177828,1.260290e+04
2950,0.177828,1.307080e+04
2975,0.177828,1.356840e+04
3000,0.177828,1.409620e+04
3025,0.177828,1.465470e+04
3050,0.177828,1.524380e+04
3075,0.177828,1.586300e+04
3100,0.177828,1.651130e+04
3125,0.177828,1.718720e+04
3150,0.177828,1.788860e+04
3175,0.177828,1.861330e+04
3200,0.177828,1.935860e+04
3225,0.177828,2.012160e+04
3250,0.177828,2.089910e+04
3275,0.177828,2.168790e+04
3300,0.177828,2.248500e+04
3325,0.177828,2.328710e+04
3350,0.177828,2.409140e+04
3375,0.177828,2.489500e+04
3400,0.177828,2.569530e+04
3425,0.177828,2.649000e+04
3450,0.177828,2.727690e+04
3475,0.177828,2.805440e+04
3500,0.177828,2.882090e+04
3525,0.177828,2.957510e+04
3550,0.177828,3.031610e+04
3575,0.177828,3.104320e+04
3600,0.177828,3.175610e+04
3625,0.177828,3.245450e+04
3650,0.177828,3.313860e+04
3675,0.177828,3.380870e+04
3700,0.177828,3.446510e+04
3725,0.177828,3.510860e+04
3750,0.177828,3.573990e+04
3775,0.177828,3.635980e+04
3800,0.177828,3.696930e+04
3825,0.177828,3.756930e+04
3850,0.177828,3.816060e+04
3875,0.177828,3.874430e+04
3900,0.177828,3.932100e+04
3925,0.177828,3.989150e+04
3950,0.177828,4.045650e+04
3975,0.177828,4.101630e+04
4000,0.177828,4.157120e+04
200,0.316228,-5.381830e+03
225,0.316228,-5.352250e+03
250,0.316228,-5.321650e+03
275,0.316228,-5.289920e+03
300,0.316228,-5.256930e+03
325,0.316228,-5.222590e+03
350,0.316228,-5.186840e+03
375,0.316228,-5.149570e+03
400,0.316228,-5.110600e+03
425,0.316228,-5.069510e+03
450,0.316228,-5.025370e+03
475,0.316228,-4.976340e+03
500,0.316228,-4.919120e+03
525,0.316228,-4.848340e+03
550,0.316228,-4.756190e+03
575,0.316228,-4.632820e+03
600,0.316228,-4.468560e+03
625,0.316228,-4.259280e+03
650,0.316228,-4.013930e+03
675,0.316228,-3.757980e+03
700,0.316228,-3.523300e+03
725,0.316228,-3.329460e+03
750,0.316228,-3.176170e+03
775,0.316228,-3.051300e+03
800,0.316228,-2.941340e+03
825,0.316228,-2.836190e+03
850,0.316228,-2.729450e+03
875,0.316228,-2.617380e+03
900,0.316228,-2.497810e+03
925,0.316228,-2.369540e+03
950,0.316228,-2.232070e+03
975,0.316228,-2.085400e+03
1000,0.316228,-1.929950e+03
1025,0.316228,-1.766550e+03
1050,0.316228,-1.596370e+03
1075,0.316228,-1.420830e+03
1100,0.316228,-1.241520e+03
1125,0.316228,-1.060040e+03
1150,0.316228,-8.778670e+02
1175,0.316228,-6.961520e+02
1200,0.316228,-5.155820e+02
1225,0.316228,-3.362060e+02
1250,0.316228,-1.573120e+02
1275,0.316228,2.269340e+01
1300,0.316228,2.063830e+02
1325,0.316228,3.973980e+02
1350,0.316228,6.005270e+02
1375,0.316228,8.217420e+02
1400,0.316228,1.068090e+03
1425,0.316228,1.347250e+03
1450,0.316228,1.666350e+03
1475,0.316228,2.029290e+03
1500,0.316228,2.432140e+03
1525,0.316228,2.857280e+03
1550,0.316228,3.271570e+03
1575,0.316228,3.636750e+03
1600,0.316228,3.929600e+03
1625,0.316228,4.152000e+03
1650,0.316228,4.321230e+03
1675,0.316228,4.455950e+03
1700,0.316228,4.569800e+03
1725,0.316228,4.671260e+03
1750,0.316228,4.765290e+03
1775,0.316228,4.854780e+03
1800,0.316228,4.941430e+03
1825,0.316228,5.026280e+03
1850,0.316228,5.110040e+03
1875,0.316228,5.193160e+03
1900,0.316228,5.275990e+03
1925,0.316228,5.358810e+03
1950,0.316228,5.441820e+03
1975,0.316228,5.525240e+03
2000,0.316228,5.609210e+03
2025,0.316228,5.693920e+03
2050,0.316228,5.779520e+03
2075,0.316228,5.866170e+03
2100,0.316228,5.954020e+03
2125,0.316228,6.043250e+03
2150,0.316228,6.134020e+03
2175,0.316228,6.226530e+03
2200,0.316228,6.320960e+03
2225,0.316228,6.417520e+03
2250,0.316228,6.516430e+03
2275,0.316228,6.617920e+03
2300,0.316228,6.722240e+03
2325,0.316228,6.829660e+03
2350,0.316228,6.940460e+03
2375,0.316228,7.054940e+03
2400,0.316228,7.173440e+03
2425,0.316228,7.296310e+03
2450,0.316228,7.423900e+03
2475,0.316228,7.556630e+03
2500,0.316228,7.694920e+03
2525,0.316228,7.839230e+03
2550,0.316228,7.990060e+03
2575,0.316228,8.147920e+03
2600,0.316228,8.313400e+03
2625,0.316228,8.487090e+03
2650,0.316228,8.669660e+03
2675,0.316228,8.861810e+03
2700,0.316228,9.064300e+03
2725,0.316228,9.277950e+03
2750,0.316228,9.503650e+03
2775,0.316228,9.742340e+03
2800,0.316228,9.995020e+03
2825,0.316228,1.026280e+04
2850,0.316228,1.054670e+04
2875,0.316228,1.084810e+04
2900,0.316228,1.116810e+04
2925,0.316228,1.150800e+04
2950,0.316228,1.186900e+04
2975,0.316228,1.225240e+04
3000,0.316228,1.265940e+04
3025,0.316228,1.309100e+04
3050,0.316228,1.354810e+04
3075,0.316228,1.403150e+04
3100,0.316228,1.454150e+04
3125,0.316228,1.507830e+04
3150,0.316228,1.564170e+04
3175,0.316228,1.623130e+04
3200,0.316228,1.684600e+04
3225,0.316228,1.748460e+04
3250,0.316228,1.814550e+04
3275,0.316228,1.882690e+04
3300,0.316228,1.952660e+04
3325,0.316228,2.024230e+04
3350,0.316228,2.097170e+04
3375,0.316228,2.171210e+04
3400,0.316228,2.246110e+04
3425,0.316228,2.321630e+04
3450,0.316228,2.397520e+04
3475,0.316228,2.473550e+04
3500,0.316228,2.549530e+04
3525,0.316228,2.625240e+04
3550,0.316228,2.700510e+04
3575,0.316228,2.775190e+04
3600,0.316228,2.849130e+04
3625,0.316228,2.922220e+04
3650,0.316228,2.994360e+04
3675,0.316228,3.065470e+04
3700,0.316228,3.135490e+04
3725,0.316228,3.204390e+04
3750,0.316228,3.272150e+04
3775,0.316228,3.338770e+04
3800,0.316228,3.404250e+04
3825,0.316228,3.468620e+04
3850,0.316228,3.531910e+04
3875,0.316228,3.594190e+04
3900,0.316228,3.655490e+04
3925,0.316228,3.715870e+04
3950,0.316228,3.775400e+04
3975,0.316228,3.834140e+04
4000,0.316228,3.892140e+04
200,0.562341,-5.381830e+03
225,0.562341,-5.352250e+03
250,0.562341,-5.321650e+03
275,0.562341,-5.289920e+03
300,0.562341,-5.256930e+03
325,0.562341,-5.222590e+03
350,0.562341,-5.186840e+03
375,0.562341,-5.149600e+03
400,0.562341,-5.110720e+03
425,0.562341,-5.069900e+03
450,0.562341,-5.026470e+03
475,0.562341,-4.979080e+03
500,0.562341,-4.925320e+03
525,0.562341,-4.861250e+03
550,0.562341,-4.780960e+03
575,0.562341,-4.676620e+03
600,0.562341,-4.539490e+03
625,0.562341,-4.362760e+03
650,0.562341,-4.146770e+03
675,0.562341,-3.904440e+03
700,0.562341,-3.660760e+03
725,0.562341,-3.441530e+03
750,0.562341,-3.259800e+03
775,0.562341,-3.113060e+03
800,0.562341,-2.990550e+03
825,0.562341,-2.880950e+03
850,0.562341,-2.775720e+03
875,0.562341,-2.669330e+03
900,0.562341,-2.558430e+03
925,0.562341,-2.441060e+03
950,0.562341,-2.316110e+03
975,0.562341,-2.183100e+03
1000,0.562341,-2.041960e+03
1025,0.562341,-1.892980e+03
1050,0.562341,-1.736780e+03
1075,0.562341,-1.574250e+03
1100,0.562341,-1.406460e+03
1125,0.562341,-1.234630e+03
1150,0.562341,-1.060000e+03
1175,0.562341,-8.837270e+02
1200,0.562341,-7.067510e+02
1225,0.562341,-5.296520e+02
1250,0.562341,-3.525290e+02
1275,0.562341,-1.748750e+02
1300,0.562341,4.526060e+00
1325,0.562341,1.877040e+02
1350,0.562341,3.775840e+02
1375,0.562341,5.780600e+02
1400,0.562341,7.940310e+02
1425,0.562341,1.031340e+03
1450,0.562341,1.296470e+03
1475,0.562341,1.595800e+03
1500,0.562341,1.933880e+03
1525,0.562341,2.310280e+03
1550,0.562341,2.715180e+03
1575,0.562341,3.125880e+03
1600,0.562341,3.509950e+03
1625,0.562341,3.838420e+03
1650,0.562341,4.100120e+03
1675,0.562341,4.302680e+03
1700,0.562341,4.462070e+03
1725,0.562341,4.593200e+03
1750,0.562341,4.706670e+03
1775,0.562341,4.809200e+03
1800,0.562341,4.904860e+03
1825,0.562341,4.996100e+03
1850,0.562341,5.084460e+03
1875,0.562341,5.170920e+03
1900,0.562341,5.256140e+03
1925,0.562341,5.340600e+03
1950,0.562341,5.424650e+03
1975,0.562341,5.508560e+03
2000,0.562341,5.592570e+03
2025,0.562341,5.676860e+03
2050,0.562341,5.761610e+03
2075,0.562341,5.847000e+03
2100,0.562341,5.933160e+03
2125,0.562341,6.020250e+03
2150,0.562341,6.108430e+03
2175,0.562341,6.197840e+03
2200,0.562341,6.288650e+03
2225,0.562341,6.381030e+03
2250,0.562341,6.475140e+03
2275,0.562341,6.571160e+03
2300,0.562341,6.669290e+03
2325,0.562341,6.769740e+03
2350,0.562341,6.872710e+03
2375,0.562341,6.978430e+03
2400,0.562341,7.087150e+03
2425,0.562341,7.199120e+03
2450,0.562341,7.314620e+03
2475,0.562341,7.433940e+03
2500,0.562341,7.557400e+03
2525,0.562341,7.685320e+03
2550,0.562341,7.818050e+03
2575,0.562341,7.955980e+03
2600,0.562341,8.099510e+03
2625,0.562341,8.249050e+03
2650,0.562341,8.405090e+03
2675,0.562341,8.568100e+03
2700,0.562341,8.738600e+03
2725,0.562341,8.917170e+03
2750,0.562341,9.104400e+03
2775,0.562341,9.300930e+03
2800,0.562341,9.507460e+03
2825,0.562341,9.724710e+03
2850,0.562341,9.953470e+03
2875,0.562341,1.019460e+04
2900,0.562341,1.044890e+04
2925,0.562341,1.071740e+04
2950,0.562341,1.100090e+04
2975,0.562341,1.130060e+04
3000,0.562341,1.161740e+04
3025,0.562341,1.195240e+04
3050,0.562341,1.230650e+04
3075,0.562341,1.268070e+04
3100,0.562341,1.307600e+04
3125,0.562341,1.349300e+04
3150,0.562341,1.393250e+04
3175,0.562341,1.439500e+04
3200,0.562341,1.488080e+04
3225,0.562341,1.538980e+04
3250,0.562341,1.592200e+04
3275,0.562341,1.647690e+04
3300,0.562341,1.705360e+04
3325,0.562341,1.765140e+04
3350,0.562341,1.826880e+04
3375,0.562341,1.890460e+04
3400,0.562341,1.955700e+04
3425,0.562341,2.022430e+04
3450,0.562341,2.090460e+04
3475,0.562341,2.159610e+04
3500,0.562341,2.229660e+04
3525,0.562341,2.300440e+04
3550,0.562341,2.371750e+04
3575,0.562341,2.443410e+04
3600,0.562341,2.515230e+04
3625,0.562341,2.587070e+04
3650,0.562341,2.658770e+04
3675,0.562341,2.730180e+04
3700,0.562341,2.801190e+04
3725,0.562341,2.871680e+04
3750,0.562341,2.941560e+04
3775,0.562341,3.010750e+04
3800,0.562341,3.079170e+04
3825,0.562341,3.146780e+04
3850,0.562341,3.213540e+04
3875,0.562341,3.279410e+04
3900,0.562341,3.344380e+04
3925,0.562341,3.408450e+04
3950,0.562341,3.471630e+04
3975,0.562341,3.533930e+04
4000,0.562341,3.595370e+04
200,1,-5.381830e+03
225,1,-5.352250e+03
250,1,-5.321650e+03
275,1,-5.289920e+03
300,1,-5.256930e+03
325,1,-5.222590e+03
350,1,-5.186850e+03
375,1,-5.149630e+03
400,1,-5.110810e+03
425,1,-5.070190e+03
450,1,-5.027260e+03
475,1,-4.981070e+03
500,1,-4.929850e+03
525,1,-4.870700e+03
550,1,-4.799220e+03
575,1,-4.709390e+03
600,1,-4.593900e+03
625,1,-4.445660e+03
650,1,-4.260800e+03
675,1,-4.043130e+03
700,1,-3.807310e+03
725,1,-3.575930e+03
750,1,-3.369340e+03
775,1,-3.196310e+03
800,1,-3.053680e+03
825,1,-2.932270e+03
850,1,-2.822550e+03
875,1,-2.717170e+03
900,1,-2.611230e+03
925,1,-2.501670e+03
950,1,-2.386670e+03
975,1,-2.265170e+03
1000,1,-2.136650e+03
1025,1,-2.001000e+03
1050,1,-1.858380e+03
1075,1,-1.709230e+03
1100,1,-1.554190e+03
1125,1,-1.394060e+03
1150,1,-1.229750e+03
1175,1,-1.062190e+03
1200,1,-8.922850e+02
1225,1,-7.207490e+02
1250,1,-5.480570e+02
1275,1,-3.743200e+02
1300,1,-1.991820e+02
1325,1,-2.172490e+01
1350,1,1.596230e+02
1375,1,3.471650e+02
1400,1,5.440030e+02
1425,1,7.540800e+02
1450,1,9.821460e+02
1475,1,1.233590e+03
1500,1,1.513950e+03
1525,1,1.827860e+03
1550,1,2.177050e+03
1575,1,2.557210e+03
1600,1,2.954620e+03
1625,1,3.345370e+03
1650,1,3.701380e+03
1675,1,4.002440e+03
1700,1,4.244370e+03
1725,1,4.436220e+03
1750,1,4.591610e+03
1775,1,4.722540e+03
1800,1,4.837630e+03
1825,1,4.942460e+03
1850,1,5.040560e+03
1875,1,5.134160e+03
1900,1,5.224700e+03
1925,1,5.313130e+03
1950,1,5.400120e+03
1975,1,5.486160e+03
2000,1,5.571620e+03
2025,1,5.656790e+03
2050,1,5.741900e+03
2075,1,5.827170e+03
2100,1,5.912760e+03
2125,1,5.998850e+03
2150,1,6.085590e+03
2175,1,6.173130e+03
2200,1,6.261610e+03
2225,1,6.351170e+03
2250,1,6.441970e+03
2275,1,6.534150e+03
2300,1,6.627870e+03
2325,1,6.723290e+03
2350,1,6.820570e+03
2375,1,6.919900e+03
2400,1,7.021450e+03
2425,1,7.125420e+03
2450,1,7.232020e+03
2475,1,7.341470e+03
2500,1,7.454000e+03
2525,1,7.569840e+03
2550,1,7.689270e+03
2575,1,7.812540e+03
2600,1,7.939960e+03
2625,1,8.071820e+03
2650,1,8.208460e+03
2675,1,8.350230e+03
2700,1,8.497490e+03
2725,1,8.650630e+03
2750,1,8.810080e+03
2775,1,8.976270e+03
2800,1,9.149680e+03
2825,1,9.330810e+03
2850,1,9.520190e+03
2875,1,9.718410e+03
2900,1,9.926050e+03
2925,1,1.014380e+04
2950,1,1.037220e+04
2975,1,1.061210e+04
3000,1,1.086420e+04
3025,1,1.112930e+04
3050,1,1.140820e+04
3075,1,1.170160e+04
3100,1,1.201050e+04
3125,1,1.233550e+04
3150,1,1.267760e+04
3175,1,1.303750e+04
3200,1,1.341580e+04
3225,1,1.381320e+04
3250,1,1.423010e+04
3275,1,1.466700e+04
3300,1,1.512410e+04
3325,1,1.560130e+04
3350,1,1.609860e+04
3375,1,1.661560e+04
3400,1,1.715180e+04
3425,1,1.770650e+04
3450,1,1.827880e+04
3475,1,1.886760e+04
3500,1,1.947170e+04
3525,1,2.008980e+04
3550,1,2.072040e+04
3575,1,2.136220e+04
3600,1,2.201370e+04
3625,1,2.267320e+04
3650,1,2.333930e+04
3675,1,2.401060e+04
3700,1,2.468560e+04
3725,1,2.536310e+04
3750,1,2.604160e+04
3775,1,2.672000e+04
3800,1,2.739730e+04
3825,1,2.807240e+04
3850,1,2.874440e+04
3875,1,2.941240e+04
3900,1,3.007590e+04
3925,1,3.073410e+04
3950,1,3.138660e+04
3975,1,3.203290e+04
4000,1,3.267270e+04
200,1.77828,-5.381830e+03
225,1.77828,-5.352250e+03
250,1.77828,-5.321650e+03
275,1.77828,-5.289920e+03
300,1.77828,-5.256930e+03
325,1.77828,-5.222600e+03
350,1.77828,-5.186850e+03
375,1.77828,-5.149640e+03
400,1.77828,-5.110880e+03
425,1.77828,-5.070400e+03
450,1.77828,-5.027840e+03
475,1.77828,-4.982520e+03
500,1.77828,-4.933140e+03
525,1.77828,-4.877600e+03
550,1.77828,-4.812640e+03
575,1.77828,-4.733700e+03
600,1.77828,-4.634980e+03
625,1.77828,-4.510140e+03
650,1.77828,-4.353930e+03
675,1.77828,-4.165050e+03
700,1.77828,-3.949500e+03
725,1.77828,-3.721960e+03
750,1.77828,-3.501880e+03
775,1.77828,-3.305220e+03
800,1.77828,-3.138220e+03
825,1.77828,-2.997900e+03
850,1.77828,-2.876610e+03
875,1.77828,-2.766320e+03
900,1.77828,-2.660640e+03
925,1.77828,-2.555150e+03
950,1.77828,-2.446980e+03
975,1.77828,-2.334380e+03
1000,1.77828,-2.216310e+03
1025,1.77828,-2.092220e+03
1050,1.77828,-1.961910e+03
1075,1.77828,-1.825450e+03
1100,1.77828,-1.683120e+03
1125,1.77828,-1.535350e+03
1150,1.77828,-1.382730e+03
1175,1.77828,-1.225920e+03
1200,1.77828,-1.065600e+03
1225,1.77828,-9.024190e+02
1250,1.77828,-7.369360e+02
1275,1.77828,-5.695100e+02
1300,1.77828,-4.002330e+02
1325,1.77828,-2.288500e+02
1350,1.77828,-5.466830e+01
1375,1.77828,1.235120e+02
1400,1.77828,3.074740e+02
1425,1.77828,4.996480e+02
1450,1.77828,7.031470e+02
1475,1.77828,9.217650e+02
1500,1.77828,1.159880e+03
1525,1.77828,1.422180e+03
1550,1.77828,1.713010e+03
1575,1.77828,2.035170e+03
1600,1.77828,2.387880e+03
1625,1.77828,2.764130e+03
1650,1.77828,3.148630e+03
1675,1.77828,3.519020e+03
1700,1.77828,3.852550e+03
1725,1.77828,4.135260e+03
1750,1.77828,4.366200e+03
1775,1.77828,4.553820e+03
1800,1.77828,4.709380e+03
1825,1.77828,4.842740e+03
1850,1.77828,4.961140e+03
1875,1.77828,5.069450e+03
1900,1.77828,5.170890e+03
1925,1.77828,5.267540e+03
1950,1.77828,5.360830e+03
1975,1.77828,5.451700e+03
2000,1.77828,5.540860e+03
2025,1.77828,5.628830e+03
2050,1.77828,5.715980e+03
2075,1.77828,5.802640e+03
2100,1.77828,5.889060e+03
2125,1.77828,5.975450e+03
2150,1.77828,6.062020e+03
2175,1.77828,6.148920e+03
2200,1.77828,6.236320e+03
2225,1.77828,6.324350e+03
2250,1.77828,6.413170e+03
2275,1.77828,6.502900e+03
2300,1.77828,6.593700e+03
2325,1.77828,6.685680e+03
2350,1.77828,6.779000e+03
2375,1.77828,6.873800e+03
2400,1.77828,6.970230e+03
2425,1.77828,7.068430e+03
2450,1.77828,7.168570e+03
2475,1.77828,7.270820e+03
2500,1.77828,7.375350e+03
2525,1.77828,7.482340e+03
2550,1.77828,7.591990e+03
2575,1.77828,7.704500e+03
2600,1.77828,7.820080e+03
2625,1.77828,7.938970e+03
2650,1.77828,8.061380e+03
2675,1.77828,8.187590e+03
2700,1.77828,8.317850e+03
2725,1.77828,8.452430e+03
2750,1.77828,8.591650e+03
2775,1.77828,8.735800e+03
2800,1.77828,8.885220e+03
2825,1.77828,9.040260e+03
2850,1.77828,9.201290e+03
2875,1.77828,9.368710e+03
2900,1.77828,9.542920e+03
2925,1.77828,9.724360e+03
2950,1.77828,9.913510e+03
2975,1.77828,1.011080e+04
3000,1.77828,1.031690e+04
3025,1.77828,1.053220e+04
3050,1.77828,1.075730e+04
3075,1.77828,1.099280e+04
3100,1.77828,1.123930e+04
3125,1.77828,1.149760e+04
3150,1.77828,1.176810e+04
3175,1.77828,1.205150e+04
3200,1.77828,1.234860e+04
3225,1.77828,1.266000e+04
3250,1.77828,1.298620e+04
3275,1.77828,1.332790e+04
3300,1.77828,1.368560e+04
3325,1.77828,1.405980e+04
3350,1.77828,1.445090e+04
3375,1.77828,1.485910e+04
3400,1.77828,1.528480e+04
3425,1.77828,1.572780e+04
3450,1.77828,1.618820e+04
3475,1.77828,1.666580e+04
3500,1.77828,1.716010e+04
3525,1.77828,1.767080e+04
3550,1.77828,1.819710e+04
3575,1.77828,1.873840e+04
3600,1.77828,1.929380e+04
3625,1.77828,1.986230e+04
3650,1.77828,2.044290e+04
3675,1.77828,2.103450e+04
3700,1.77828,2.163610e+04
3725,1.77828,2.224630e+04
3750,1.77828,2.286410e+04
3775,1.77828,2.348840e+04
3800,1.77828,2.411800e+04
3825,1.77828,2.475170e+04
3850,1.77828,2.538870e+04
3875,1.77828,2.602780e+04
3900,1.77828,2.666810e+04
3925,1.77828,2.730880e+04
3950,1.77828,2.794900e+04
3975,1.77828,2.858790e+04
4000,1.77828,2.922490e+04
200,3.16228,-5.381830e+03
225,3.16228,-5.352250e+03
250,3.16228,-5.321650e+03
275,3.16228,-5.289920e+03
300,3.16228,-5.256930e+03
325,3.16228,-5.222600e+03
350,3.16228,-5.186860e+03
375,3.16228,-5.149660e+03
400,3.16228,-5.110930e+03
425,3.16228,-5.070550e+03
450,3.16228,-5.028260e+03
475,3.16228,-4.983570e+03
500,3.16228,-4.935540e+03
525,3.16228,-4.882630e+03
550,3.16228,-4.822460e+03
575,3.16228,-4.751620e+03
600,3.16228,-4.665640e+03
625,3.16228,-4.559280e+03
650,3.16228,-4.427350e+03
675,3.16228,-4.266370e+03
700,3.16228,-4.076940e+03
725,3.16228,-3.866090e+03
750,3.16228,-3.647430e+03
775,3.16228,-3.437250e+03
800,3.16228,-3.248220e+03
825,3.16228,-3.085190e+03
850,3.16228,-2.945790e+03
875,3.16228,-2.823810e+03
900,3.16228,-2.712520e+03
925,3.16228,-2.606310e+03
950,3.16228,-2.501130e+03
975,3.16228,-2.394250e+03
1000,3.16228,-2.283950e+03
1025,3.16228,-2.169170e+03
1050,3.16228,-2.049320e+03
1075,3.16228,-1.924120e+03
1100,3.16228,-1.793540e+03
1125,3.16228,-1.657720e+03
1150,3.16228,-1.516950e+03
1175,3.16228,-1.371620e+03
1200,3.16228,-1.222190e+03
1225,3.16228,-1.069150e+03
1250,3.16228,-9.129540e+02
1275,3.16228,-7.540070e+02
1300,3.16228,-5.925620e+02
1325,3.16228,-4.286830e+02
1350,3.16228,-2.621740e+02
1375,3.16228,-9.250990e+01
1400,3.16228,8.122320e+01
1425,3.16228,2.603920e+02
1450,3.16228,4.468690e+02
1475,3.16228,6.430750e+02
1500,3.16228,8.519880e+02
1525,3.16228,1.077100e+03
1550,3.16228,1.322260e+03
1575,3.16228,1.591300e+03
1600,3.16228,1.887360e+03
1625,3.16228,2.211610e+03
1650,3.16228,2.561500e+03
1675,3.16228,2.928710e+03
1700,3.16228,3.298290e+03
1725,3.16228,3.650740e+03
1750,3.16228,3.967960e+03
1775,3.16228,4.239820e+03
1800,3.16228,4.466330e+03
1825,3.16228,4.654490e+03
1850,3.16228,4.813480e+03
1875,3.16228,4.951510e+03
1900,3.16228,5.074860e+03
1925,3.16228,5.187930e+03
1950,3.16228,5.293720e+03
1975,3.16228,5.394280e+03
2000,3.16228,5.491030e+03
2025,3.16228,5.584970e+03
2050,3.16228,5.676840e+03
2075,3.16228,5.767180e+03
2100,3.16228,5.856430e+03
2125,3.16228,5.944930e+03
2150,3.16228,6.032950e+03
2175,3.16228,6.120740e+03
2200,3.16228,6.208490e+03
2225,3.16228,6.296390e+03
2250,3.16228,6.384590e+03
2275,3.16228,6.473260e+03
2300,3.16228,6.562520e+03
2325,3.16228,6.652520e+03
2350,3.16228,6.743390e+03
2375,3.16228,6.835250e+03
2400,3.16228,6.928230e+03
2425,3.16228,7.022470e+03
2450,3.16228,7.118100e+03
2475,3.16228,7.215250e+03
2500,3.16228,7.314060e+03
2525,3.16228,7.414670e+03
2550,3.16228,7.517240e+03
2575,3.16228,7.621920e+03
2600,3.16228,7.728870e+03
2625,3.16228,7.838260e+03
2650,3.16228,7.950270e+03
2675,3.16228,8.065080e+03
2700,3.16228,8.182890e+03
2725,3.16228,8.303900e+03
2750,3.16228,8.428320e+03
2775,3.16228,8.556380e+03
2800,3.16228,8.688320e+03
2825,3.16228,8.824380e+03
2850,3.16228,8.964820e+03
2875,3.16228,9.109920e+03
2900,3.16228,9.259980e+03
2925,3.16228,9.415290e+03
2950,3.16228,9.576170e+03
2975,3.16228,9.742970e+03
3000,3.16228,9.916040e+03
3025,3.16228,1.009580e+04
3050,3.16228,1.028250e+04
3075,3.16228,1.047670e+04
3100,3.16228,1.067880e+04
3125,3.16228,1.088920e+04
3150,3.16228,1.110840e+04
3175,3.16228,1.133690e+04
3200,3.16228,1.157520e+04
3225,3.16228,1.182380e+04
3250,3.16228,1.208320e+04
3275,3.16228,1.235390e+04
3300,3.16228,1.263650e+04
3325,3.16228,1.293140e+04
3350,3.16228,1.323920e+04
3375,3.16228,1.356020e+04
3400,3.16228,1.389500e+04
3425,3.16228,1.424400e+04
3450,3.16228,1.460730e+04
3475,3.16228,1.498540e+04
3500,3.16228,1.537830e+04
3525,3.16228,1.578610e+04
3550,3.16228,1.620900e+04
3575,3.16228,1.664660e+04
3600,3.16228,1.709890e+04
3625,3.16228,1.756560e+04
3650,3.16228,1.804620e+04
3675,3.16228,1.854020e+04
3700,3.16228,1.904710e+04
3725,3.16228,1.956630e+04
3750,3.16228,2.009680e+04
3775,3.16228,2.063810e+04
3800,3.16228,2.118930e+04
3825,3.16228,2.174950e+04
3850,3.16228,2.231780e+04
3875,3.16228,2.289350e+04
3900,3.16228,2.347550e+04
3925,3.16228,2.406310e+04
3950,3.16228,2.465530e+04
3975,3.16228,2.525150e+04
4000,3.16228,2.585080e+04
200,5.62341,-5.381830e+03
225,5.62341,-5.352250e+03
250,5.62341,-5.321650e+03
275,5.62341,-5.289920e+03
300,5.62341,-5.256930e+03
325,5.62341,-5.222600e+03
350,5.62341,-5.186860e+03
375,5.62341,-5.149670e+03
400,5.62341,-5.110960e+03
425,5.62341,-5.070660e+03
450,5.62341,-5.028570e+03
475,5.62341,-4.984330e+03
500,5.62341,-4.937280e+03
525,5.62341,-4.886300e+03
550,5.62341,-4.829640e+03
575,5.62341,-4.764780e+03
600,5.62341,-4.688350e+03
625,5.62341,-4.596200e+03
650,5.62341,-4.483820e+03
675,5.62341,-4.347220e+03
700,5.62341,-4.184370e+03
725,5.62341,-3.997100e+03
750,5.62341,-3.792550e+03
775,5.62341,-3.582700e+03
800,5.62341,-3.381020e+03
825,5.62341,-3.197800e+03
850,5.62341,-3.037200e+03
875,5.62341,-2.897640e+03
900,5.62341,-2.774280e+03
925,5.62341,-2.661510e+03
950,5.62341,-2.554420e+03
975,5.62341,-2.449270e+03
1000,5.62341,-2.343440e+03
1025,5.62341,-2.235200e+03
1050,5.62341,-2.123460e+03
1075,5.62341,-2.007560e+03
1100,5.62341,-1.887140e+03
1125,5.62341,-1.762070e+03
1150,5.62341,-1.632390e+03
1175,5.62341,-1.498250e+03
1200,5.62341,-1.359910e+03
1225,5.62341,-1.217660e+03
1250,5.62341,-1.071830e+03
1275,5.62341,-9.227290e+02
1300,5.62341,-7.706290e+02
1325,5.62341,-6.156960e+02
1350,5.62341,-4.579580e+02
1375,5.62341,-2.972510e+02
1400,5.62341,-1.331700e+02
1425,5.62341,3.498320e+01
1450,5.62341,2.082500e+02
1475,5.62341,3.880620e+02
1500,5.62341,5.762740e+02
1525,5.62341,7.751890e+02
1550,5.62341,9.875390e+02
1575,5.62341,1.216410e+03
1600,5.62341,1.465030e+03
1625,5.62341,1.736420e+03
1650,5.62341,2.032600e+03
1675,5.62341,2.353590e+03
1700,5.62341,2.695880e+03
1725,5.62341,3.051080e+03
1750,5.62341,3.405710e+03
1775,5.62341,3.743430e+03
1800,5.62341,4.049680e+03
1825,5.62341,4.316380e+03
1850,5.62341,4.543270e+03
1875,5.62341,4.735640e+03
1900,5.62341,4.900780e+03
1925,5.62341,5.045590e+03
1950,5.62341,5.175590e+03
1975,5.62341,5.294810e+03
2000,5.62341,5.406160e+03
2025,5.62341,5.511680e+03
2050,5.62341,5.612810e+03
2075,5.62341,5.710630e+03
2100,5.62341,5.805910e+03
2125,5.62341,5.899270e+03
2150,5.62341,5.991170e+03
2175,5.62341,6.082000e+03
2200,5.62341,6.172060e+03
2225,5.62341,6.261610e+03
2250,5.62341,6.350890e+03
2275,5.62341,6.440080e+03
2300,5.62341,6.529360e+03
2325,5.62341,6.618880e+03
2350,5.62341,6.708800e+03
2375,5.62341,6.799250e+03
2400,5.62341,6.890350e+03
2425,5.62341,6.982240e+03
2450,5.62341,7.075030e+03
2475,5.62341,7.168860e+03
2500,5.62341,7.263830e+03
2525,5.62341,7.360060e+03
2550,5.62341,7.457700e+03
2575,5.62341,7.556850e+03
2600,5.62341,7.657650e+03
2625,5.62341,7.760230e+03
2650,5.62341,7.864720e+03
2675,5.62341,7.971280e+03
2700,5.62341,8.080040e+03
2725,5.62341,8.191160e+03
2750,5.62341,8.304790e+03
2775,5.62341,8.421110e+03
2800,5.62341,8.540290e+03
2825,5.62341,8.662500e+03
2850,5.62341,8.787940e+03
2875,5.62341,8.916800e+03
2900,5.62341,9.049300e+03
2925,5.62341,9.185640e+03
2950,5.62341,9.326050e+03
2975,5.62341,9.470780e+03
3000,5.62341,9.620060e+03
3025,5.62341,9.774170e+03
3050,5.62341,9.933370e+03
3075,5.62341,1.009790e+04
3100,5.62341,1.026820e+04
3125,5.62341,1.044450e+04
3150,5.62341,1.062700e+04
3175,5.62341,1.081620e+04
3200,5.62341,1.101250e+04
3225,5.62341,1.121610e+04
3250,5.62341,1.142740e+04
3275,5.62341,1.164690e+04
3300,5.62341,1.187500e+04
3325,5.62341,1.211200e+04
3350,5.62341,1.235830e+04
3375,5.62341,1.261440e+04
3400,5.62341,1.288070e+04
3425,5.62341,1.315760e+04
3450,5.62341,1.344540e+04
3475,5.62341,1.374450e+04
3500,5.62341,1.405530e+04
3525,5.62341,1.437810e+04
3550,5.62341,1.471310e+04
3575,5.62341,1.506050e+04
3600,5.62341,1.542060e+04
3625,5.62341,1.579350e+04
3650,5.62341,1.617910e+04
3675,5.62341,1.657750e+04
3700,5.62341,1.698850e+04
3725,5.62341,1.741210e+04
3750,5.62341,1.784800e+04
3775,5.62341,1.829580e+04
3800,5.62341,1.875520e+04
3825,5.62341,1.922580e+04
3850,5.62341,1.970710e+04
3875,5.62341,2.019850e+04
3900,5.62341,2.069950e+04
3925,5.62341,2.120950e+04
3950,5.62341,2.172780e+04
3975,5.62341,2.225380e+04
4000,5.62341,2.278690e+04
200,10,-5.381830e+03
225,10,-5.352250e+03
250,10,-5.321650e+03
275,10,-5.289920e+03
300,10,-5.256930e+03
325,10,-5.222600e+03
350,10,-5.186860e+03
375,10,-5.149670e+03
400,10,-5.110990e+03
425,10,-5.070740e+03
450,10,-5.028790e+03
475,10,-4.984890e+03
500,10,-4.938550e+03
525,10,-4.888970e+03
550,10,-4.834870e+03
575,10,-4.774410e+03
600,10,-4.705070e+03
625,10,-4.623660e+03
650,10,-4.526530e+03
675,10,-4.409940e+03
700,10,-4.270990e+03
725,10,-4.108720e+03
750,10,-3.925570e+03
775,10,-3.728210e+03
800,10,-3.526800e+03
825,10,-3.332450e+03
850,10,-3.153710e+03
875,10,-2.994430e+03
900,10,-2.853890e+03
925,10,-2.728520e+03
950,10,-2.613760e+03
975,10,-2.505330e+03
1000,10,-2.399790e+03
1025,10,-2.294620e+03
1050,10,-2.188070e+03
1075,10,-2.078990e+03
1100,10,-1.966630e+03
1125,10,-1.850560e+03
1150,10,-1.730560e+03
1175,10,-1.606580e+03
1200,10,-1.478650e+03
1225,10,-1.346900e+03
1250,10,-1.211520e+03
1275,10,-1.072710e+03
1300,10,-9.306560e+02
1325,10,-7.855290e+02
1350,10,-6.374240e+02
1375,10,-4.863330e+02
1400,10,-3.321120e+02
1425,10,-1.744390e+02
1450,10,-1.277470e+01
1475,10,1.536750e+02
1500,10,3.259950e+02
1525,10,5.055990e+02
1550,10,6.942420e+02
1575,10,8.940290e+02
1600,10,1.107380e+03
1625,10,1.336920e+03
1650,10,1.585290e+03
1675,10,1.854740e+03
1700,10,2.146500e+03
1725,10,2.459890e+03
1750,10,2.791180e+03
1775,10,3.132740e+03
1800,10,3.473100e+03
1825,10,3.798820e+03
1850,10,4.097950e+03
1875,10,4.363390e+03
1900,10,4.594060e+03
1925,10,4.793430e+03
1950,10,4.967070e+03
1975,10,5.120670e+03
2000,10,5.259070e+03
2025,10,5.386040e+03
2050,10,5.504370e+03
2075,10,5.616110e+03
2100,10,5.722790e+03
2125,10,5.825510e+03
2150,10,5.925150e+03
2175,10,6.022360e+03
2200,10,6.117670e+03
2225,10,6.211500e+03
2250,10,6.304200e+03
2275,10,6.396080e+03
2300,10,6.487370e+03
2325,10,6.578290e+03
2350,10,6.669040e+03
2375,10,6.759790e+03
2400,10,6.850690e+03
2425,10,6.941880e+03
2450,10,7.033510e+03
2475,10,7.125680e+03
2500,10,7.218530e+03
2525,10,7.312170e+03
2550,10,7.406720e+03
2575,10,7.502280e+03
2600,10,7.598980e+03
2625,10,7.696920e+03
2650,10,7.796210e+03
2675,10,7.896970e+03
2700,10,7.999330e+03
2725,10,8.103390e+03
2750,10,8.209290e+03
2775,10,8.317140e+03
2800,10,8.427090e+03
2825,10,8.539270e+03
2850,10,8.653820e+03
2875,10,8.770880e+03
2900,10,8.890610e+03
2925,10,9.013160e+03
2950,10,9.138710e+03
2975,10,9.267410e+03
3000,10,9.399440e+03
3025,10,9.535000e+03
3050,10,9.674280e+03
3075,10,9.817470e+03
3100,10,9.964780e+03
3125,10,1.011640e+04
3150,10,1.027270e+04
3175,10,1.043370e+04
3200,10,1.059980e+04
3225,10,1.077120e+04
3250,10,1.094820e+04
3275,10,1.113100e+04
3300,10,1.132000e+04
3325,10,1.151540e+04
3350,10,1.171750e+04
3375,10,1.192670e+04
3400,10,1.214320e+04
3425,10,1.236740e+04
3450,10,1.259960e+04
3475,10,1.284010e+04
3500,10,1.308920e+04
3525,10,1.334730e+04
3550,10,1.361460e+04
3575,10,1.389150e+04
3600,10,1.417810e+04
3625,10,1.447480e+04
3650,10,1.478180e+04
3675,10,1.509930e+04
3700,10,1.542740e+04
3725,10,1.576630e+04
3750,10,1.611600e+04
3775,10,1.647660e+04
3800,10,1.684810e+04
3825,10,1.723030e+04
3850,10,1.762320e+04
3875,10,1.802670e+04
3900,10,1.844040e+04
3925,10,1.886410e+04
3950,10,1.929760e+04
3975,10,1.974050e+04
4000,10,2.019240e+04
200,17.7828,-5.381830e+03
225,17.7828,-5.352250e+03
250,17.7828,-5.321650e+03
275,17.7828,-5.289920e+03
300,17.7828,-5.256930e+03
325,17.7828,-5.222600e+03
350,17.7828,-5.186860e+03
375,17.7828,-5.149680e+03
400,17.7828,-5.111000e+03
425,17.7828,-5.070790e+03
450,17.7828,-5.028950e+03
475,17.7828,-4.985290e+03
500,17.7828,-4.939470e+03
525,17.7828,-4.890910e+03
550,17.7828,-4.838690e+03
575,17.7828,-4.781450e+03
600,17.7828,-4.717340e+03
625,17.7828,-4.643960e+03
650,17.7828,-4.558440e+03
675,17.7828,-4.457650e+03
700,17.7828,-4.338650e+03
725,17.7828,-4.199380e+03
750,17.7828,-4.039630e+03
775,17.7828,-3.861970e+03
800,17.7828,-3.672240e+03
825,17.7828,-3.478900e+03
850,17.7828,-3.291030e+03
875,17.7828,-3.115880e+03
900,17.7828,-2.957200e+03
925,17.7828,-2.815110e+03
950,17.7828,-2.687200e+03
975,17.7828,-2.569890e+03
1000,17.7828,-2.459560e+03
1025,17.7828,-2.353080e+03
1050,17.7828,-2.248040e+03
1075,17.7828,-2.142660e+03
1100,17.7828,-2.035710e+03
1125,17.7828,-1.926380e+03
1150,17.7828,-1.814150e+03
1175,17.7828,-1.698700e+03
1200,17.7828,-1.579880e+03
1225,17.7828,-1.457650e+03
1250,17.7828,-1.332030e+03
1275,17.7828,-1.203110e+03
1300,17.7828,-1.070990e+03
1325,17.7828,-9.357870e+02
1350,17.7828,-7.975720e+02
1375,17.7828,-6.563880e+02
1400,17.7828,-5.122000e+02
1425,17.7828,-3.648750e+02
1450,17.7828,-2.141500e+02
1475,17.7828,-5.960350e+01
1500,17.7828,9.937120e+01
1525,17.7828,2.635990e+02
1550,17.7828,4.341450e+02
1575,17.7828,6.123400e+02
1600,17.7828,7.997830e+02
1625,17.7828,9.983360e+02
1650,17.7828,1.210070e+03
1675,17.7828,1.437180e+03
1700,17.7828,1.681750e+03
1725,17.7828,1.945440e+03
1750,17.7828,2.228950e+03
1775,17.7828,2.531340e+03
1800,17.7828,2.849200e+03
1825,17.7828,3.176060e+03
1850,17.7828,3.502600e+03
1875,17.7828,3.817920e+03
1900,17.7828,4.112070e+03
1925,17.7828,4.378440e+03
1950,17.7828,4.614910e+03
1975,17.7828,4.823210e+03
2000,17.7828,5.007220e+03
2025,17.7828,5.171450e+03
2050,17.7828,5.320050e+03
2075,17.7828,5.456460e+03
2100,17.7828,5.583380e+03
2125,17.7828,5.702850e+03
2150,17.7828,5.816450e+03
2175,17.7828,5.925370e+03
2200,17.7828,6.030530e+03
2225,17.7828,6.132680e+03
2250,17.7828,6.232380e+03
2275,17.7828,6.330120e+03
2300,17.7828,6.426300e+03
2325,17.7828,6.521250e+03
2350,17.7828,6.615250e+03
2375,17.7828,6.708540e+03
2400,17.7828,6.801340e+03
2425,17.7828,6.893840e+03
2450,17.7828,6.986210e+03
2475,17.7828,7.078610e+03
2500,17.7828,7.171170e+03
2525,17.7828,7.264030e+03
2550,17.7828,7.357310e+03
2575,17.7828,7.451130e+03
2600,17.7828,7.545600e+03
2625,17.7828,7.640830e+03
2650,17.7828,7.736930e+03
2675,17.7828,7.834000e+03
2700,17.7828,7.932140e+03
2725,17.7828,8.031460e+03
2750,17.7828,8.132060e+03
2775,17.7828,8.234050e+03
2800,17.7828,8.337530e+03
2825,17.7828,8.442620e+03
2850,17.7828,8.549410e+03
2875,17.7828,8.658030e+03
2900,17.7828,8.768590e+03
2925,17.7828,8.881210e+03
2950,17.7828,8.996020e+03
2975,17.7828,9.113130e+03
3000,17.7828,9.232690e+03
3025,17.7828,9.354820e+03
3050,17.7828,9.479670e+03
3075,17.7828,9.607380e+03
3100,17.7828,9.738100e+03
3125,17.7828,9.872000e+03
3150,17.7828,1.000920e+04
3175,17.7828,1.014990e+04
3200,17.7828,1.029430e+04
3225,17.7828,1.044260e+04
3250,17.7828,1.059490e+04
3275,17.7828,1.075140e+04
3300,17.7828,1.091230e+04
3325,17.7828,1.107790e+04
3350,17.7828,1.124830e+04
3375,17.7828,1.142380e+04
3400,17.7828,1.160460e+04
3425,17.7828,1.179090e+04
3450,17.7828,1.198300e+04
3475,17.7828,1.218110e+04
3500,17.7828,1.238550e+04
3525,17.7828,1.259630e+04
3550,17.7828,1.281390e+04
3575,17.7828,1.303850e+04
3600,17.7828,1.327030e+04
3625,17.7828,1.350970e+04
3650,17.7828,1.375670e+04
3675,17.7828,1.401170e+04
3700,17.7828,1.427490e+04
3725,17.7828,1.454640e+04
3750,17.7828,1.482650e+04
3775,17.7828,1.511540e+04
3800,17.7828,1.541310e+04
3825,17.7828,1.571980e+04
3850,17.7828,1.603560e+04
3875,17.7828,1.636060e+04
3900,17.7828,1.669480e+04
3925,17.7828,1.703810e+04
3950,17.7828,1.739060e+04
3975,17.7828,1.775220e+04
4000,17.7828,1.812280e+04
200,31.6228,-5.381830e+03
225,31.6228,-5.352250e+03
250,31.6228,-5.321650e+03
275,31.6228,-5.289920e+03
300,31.6228,-5.256930e+03
325,31.6228,-5.222600e+03
350,31.6228,-5.186860e+03
375,31.6228,-5.149680e+03
400,31.6228,-5.111020e+03
425,31.6228,-5.070840e+03
450,31.6228,-5.029070e+03
475,31.6228,-4.985590e+03
500,31.6228,-4.940140e+03
525,31.6228,-4.892320e+03
550,31.6228,-4.841460e+03
575,31.6228,-4.786580e+03
600,31.6228,-4.726310e+03
625,31.6228,-4.658880e+03
650,31.6228,-4.582090e+03
675,31.6228,-4.493440e+03
700,31.6228,-4.390370e+03
725,31.6228,-4.270590e+03
750,31.6228,-4.132720e+03
775,31.6228,-3.976930e+03
800,31.6228,-3.805660e+03
825,31.6228,-3.623790e+03
850,31.6228,-3.438200e+03
875,31.6228,-3.256300e+03
900,31.6228,-3.084300e+03
925,31.6228,-2.925890e+03
950,31.6228,-2.781930e+03
975,31.6228,-2.651060e+03
1000,31.6228,-2.530680e+03
1025,31.6228,-2.417830e+03
1050,31.6228,-2.309760e+03
1075,31.6228,-2.204160e+03
1100,31.6228,-2.099280e+03
1125,31.6228,-1.993820e+03
1150,31.6228,-1.886890e+03
1175,31.6228,-1.777860e+03
1200,31.6228,-1.666340e+03
1225,31.6228,-1.552080e+03
1250,31.6228,-1.434950e+03
1275,31.6228,-1.314910e+03
1300,31.6228,-1.191940e+03
1325,31.6228,-1.066080e+03
1350,31.6228,-9.373680e+02
1375,31.6228,-8.058230e+02
1400,31.6228,-6.714410e+02
1425,31.6228,-5.341660e+02
1450,31.6228,-3.938710e+02
1475,31.6228,-2.503380e+02
1500,31.6228,-1.032340e+02
1525,31.6228,4.790800e+01
1550,31.6228,2.037150e+02
1575,31.6228,3.649890e+02
1600,31.6228,5.327300e+02
1625,31.6228,7.081420e+02
1650,31.6228,8.926370e+02
1675,31.6228,1.087820e+03
1700,31.6228,1.295410e+03
1725,31.6228,1.517210e+03
1750,31.6228,1.754850e+03
1775,31.6228,2.009560e+03
1800,31.6228,2.281770e+03
1825,31.6228,2.570540e+03
1850,31.6228,2.873080e+03
1875,31.6228,3.184250e+03
1900,31.6228,3.496750e+03
1925,31.6228,3.801950e+03
1950,31.6228,4.091510e+03
1975,31.6228,4.359220e+03
2000,31.6228,4.602070e+03
2025,31.6228,4.820140e+03
2050,31.6228,5.015690e+03
2075,31.6228,5.191970e+03
2100,31.6228,5.352360e+03
2125,31.6228,5.499890e+03
2150,31.6228,5.637070e+03
2175,31.6228,5.765920e+03
2200,31.6228,5.888030e+03
2225,31.6228,6.004650e+03
2250,31.6228,6.116760e+03
2275,31.6228,6.225170e+03
2300,31.6228,6.330520e+03
2325,31.6228,6.433340e+03
2350,31.6228,6.534070e+03
2375,31.6228,6.633090e+03
2400,31.6228,6.730720e+03
2425,31.6228,6.827240e+03
2450,31.6228,6.922900e+03
2475,31.6228,7.017890e+03
2500,31.6228,7.112430e+03
2525,31.6228,7.206670e+03
2550,31.6228,7.300770e+03
2575,31.6228,7.394890e+03
2600,31.6228,7.489140e+03
2625,31.6228,7.583650e+03
2650,31.6228,7.678540e+03
2675,31.6228,7.773920e+03
2700,31.6228,7.869900e+03
2725,31.6228,7.966560e+03
2750,31.6228,8.064020e+03
2775,31.6228,8.162370e+03
2800,31.6228,8.261710e+03
2825,31.6228,8.362120e+03
2850,31.6228,8.463720e+03
2875,31.6228,8.566580e+03
2900,31.6228,8.670810e+03
2925,31.6228,8.776500e+03
2950,31.6228,8.883750e+03
2975,31.6228,8.992660e+03
3000,31.6228,9.103340e+03
3025,31.6228,9.215880e+03
3050,31.6228,9.330390e+03
3075,31.6228,9.446980e+03
3100,31.6228,9.565760e+03
3125,31.6228,9.686860e+03
3150,31.6228,9.810380e+03
3175,31.6228,9.936440e+03
3200,31.6228,1.006520e+04
3225,31.6228,1.019670e+04
3250,31.6228,1.033120e+04
3275,31.6228,1.046880e+04
3300,31.6228,1.060950e+04
3325,31.6228,1.075370e+04
3350,31.6228,1.090130e+04
3375,31.6228,1.105260e+04
3400,31.6228,1.120780e+04
3425,31.6228,1.136690e+04
3450,31.6228,1.153020e+04
3475,31.6228,1.169790e+04
3500,31.6228,1.187000e+04
3525,31.6228,1.204690e+04
3550,31.6228,1.222860e+04
3575,31.6228,1.241540e+04
3600,31.6228,1.260740e+04
3625,31.6228,1.280490e+04
3650,31.6228,1.300810e+04
3675,31.6228,1.321700e+04
3700,31.6228,1.343200e+04
3725,31.6228,1.365320e+04
3750,31.6228,1.388080e+04
3775,31.6228,1.411500e+04
3800,31.6228,1.435590e+04
3825,31.6228,1.460380e+04
3850,31.6228,1.485860e+04
3875,31.6228,1.512080e+04
3900,31.6228,1.539020e+04
3925,31.6228,1.566710e+04
3950,31.6228,1.595150e+04
3975,31.6228,1.624360e+04
4000,31.6228,1.654340e+04
200,56.2341,-5.381830e+03
225,56.2341,-5.352250e+03
250,56.2341,-5.321650e+03
275,56.2341,-5.289920e+03
300,56.2341,-5.256930e+03
325,56.2341,-5.222600e+03
350,56.2341,-5.186860e+03
375,56.2341,-5.149680e+03
400,56.2341,-5.111030e+03
425,56.2341,-5.070870e+03
450,56.2341,-5.029150e+03
475,56.2341,-4.985800e+03
500,56.2341,-4.940630e+03
525,56.2341,-4.893350e+03
550,56.2341,-4.843480e+03
575,56.2341,-4.790320e+03
600,56.2341,-4.732870e+03
625,56.2341,-4.669810e+03
650,56.2341,-4.599520e+03
675,56.2341,-4.520050e+03
700,56.2341,-4.429310e+03
725,56.2341,-4.325220e+03
750,56.2341,-4.206060e+03
775,56.2341,-4.070910e+03
800,56.2341,-3.920130e+03
825,56.2341,-3.755810e+03
850,56.2341,-3.581920e+03
875,56.2341,-3.403930e+03
900,56.2341,-3.227820e+03
925,56.2341,-3.058930e+03
950,56.2341,-2.900820e+03
975,56.2341,-2.754970e+03
1000,56.2341,-2.620940e+03
1025,56.2341,-2.497070e+03
1050,56.2341,-2.381080e+03
1075,56.2341,-2.270660e+03
1100,56.2341,-2.163710e+03
1125,56.2341,-2.058530e+03
1150,56.2341,-1.953780e+03
1175,56.2341,-1.848470e+03
1200,56.2341,-1.741910e+03
1225,56.2341,-1.633590e+03
1250,56.2341,-1.523190e+03
1275,56.2341,-1.410490e+03
1300,56.2341,-1.295360e+03
1325,56.2341,-1.177740e+03
1350,56.2341,-1.057590e+03
1375,56.2341,-9.348910e+02
1400,56.2341,-8.096120e+02
1425,56.2341,-6.817200e+02
1450,56.2341,-5.511410e+02
1475,56.2341,-4.177550e+02
1500,56.2341,-2.813770e+02
1525,56.2341,-1.417410e+02
1550,56.2341,1.516250e+00
1575,56.2341,1.488700e+02
1600,56.2341,3.009260e+02
1625,56.2341,4.584290e+02
1650,56.2341,6.222810e+02
1675,56.2341,7.935400e+02
1700,56.2341,9.734150e+02
1725,56.2341,1.163250e+03
1750,56.2341,1.364470e+03
1775,56.2341,1.578510e+03
1800,56.2341,1.806660e+03
1825,56.2341,2.049860e+03
1850,56.2341,2.308410e+03
1875,56.2341,2.581580e+03
1900,56.2341,2.867260e+03
1925,56.2341,3.161610e+03
1950,56.2341,3.459140e+03
1975,56.2341,3.753200e+03
2000,56.2341,4.036970e+03
2025,56.2341,4.304750e+03
2050,56.2341,4.552910e+03
2075,56.2341,4.780200e+03
2100,56.2341,4.987350e+03
2125,56.2341,5.176300e+03
2150,56.2341,5.349530e+03
2175,56.2341,5.509510e+03
2200,56.2341,5.658470e+03
2225,56.2341,5.798290e+03
2250,56.2341,5.930540e+03
2275,56.2341,6.056480e+03
2300,56.2341,6.177130e+03
2325,56.2341,6.293340e+03
2350,56.2341,6.405800e+03
2375,56.2341,6.515100e+03
2400,56.2341,6.621720e+03
2425,56.2341,6.726080e+03
2450,56.2341,6.828540e+03
2475,56.2341,6.929410e+03
2500,56.2341,7.028960e+03
2525,56.2341,7.127450e+03
2550,56.2341,7.225080e+03
2575,56.2341,7.322050e+03
2600,56.2341,7.418530e+03
2625,56.2341,7.514680e+03
2650,56.2341,7.610650e+03
2675,56.2341,7.706570e+03
2700,56.2341,7.802560e+03
2725,56.2341,7.898750e+03
2750,56.2341,7.995230e+03
2775,56.2341,8.092120e+03
2800,56.2341,8.189510e+03
2825,56.2341,8.287500e+03
2850,56.2341,8.386180e+03
2875,56.2341,8.485640e+03
2900,56.2341,8.585970e+03
2925,56.2341,8.687260e+03
2950,56.2341,8.789590e+03
2975,56.2341,8.893060e+03
3000,56.2341,8.997730e+03
3025,56.2341,9.103710e+03
3050,56.2341,9.211070e+03
3075,56.2341,9.319910e+03
3100,56.2341,9.430310e+03
3125,56.2341,9.542360e+03
3150,56.2341,9.656160e+03
3175,56.2341,9.771790e+03
3200,56.2341,9.889360e+03
3225,56.2341,1.000900e+04
3250,56.2341,1.013070e+04
3275,56.2341,1.025460e+04
3300,56.2341,1.038090e+04
3325,56.2341,1.050970e+04
3350,56.2341,1.064090e+04
3375,56.2341,1.077490e+04
3400,56.2341,1.091160e+04
3425,56.2341,1.105120e+04
3450,56.2341,1.119390e+04
3475,56.2341,1.133960e+04
3500,56.2341,1.148870e+04
3525,56.2341,1.164110e+04
3550,56.2341,1.179710e+04
3575,56.2341,1.195670e+04
3600,56.2341,1.212010e+04
3625,56.2341,1.228750e+04
3650,56.2341,1.245890e+04
3675,56.2341,1.263460e+04
3700,56.2341,1.281470e+04
3725,56.2341,1.299920e+04
3750,56.2341,1.318850e+04
3775,56.2341,1.338260e+04
3800,56.2341,1.358160e+04
3825,56.2341,1.378570e+04
3850,56.2341,1.399510e+04
3875,56.2341,1.420990e+04
3900,56.2341,1.443020e+04
3925,56.2341,1.465610e+04
3950,56.2341,1.488790e+04
3975,56.2341,1.512550e+04
4000,56.2341,1.536910e+04
200,100,-5.381830e+03
225,100,-5.352250e+03
250,100,-5.321650e+03
275,100,-5.289920e+03
300,100,-5.256930e+03
325,100,-5.222600e+03
350,100,-5.186860e+03
375,100,-5.149680e+03
400,100,-5.111030e+03
425,100,-5.070890e+03
450,100,-5.029220e+03
475,100,-4.985950e+03
500,100,-4.940980e+03
525,100,-4.894090e+03
550,100,-4.844950e+03
575,100,-4.793040e+03
600,100,-4.737640e+03
625,100,-4.677800e+03
650,100,-4.612310e+03
675,100,-4.539690e+03
700,100,-4.458310e+03
725,100,-4.366440e+03
750,100,-4.262450e+03
775,100,-4.145040e+03
800,100,-4.013600e+03
825,100,-3.868530e+03
850,100,-3.711520e+03
875,100,-3.545670e+03
900,100,-3.375250e+03
925,100,-3.205050e+03
950,100,-3.039550e+03
975,100,-2.882150e+03
1000,100,-2.734720e+03
1025,100,-2.597620e+03
1050,100,-2.470030e+03
1075,100,-2.350400e+03
1100,100,-2.236910e+03
1125,100,-2.127760e+03
1150,100,-2.021360e+03
1175,100,-1.916390e+03
1200,100,-1.811810e+03
1225,100,-1.706830e+03
1250,100,-1.600870e+03
1275,100,-1.493510e+03
1300,100,-1.384470e+03
1325,100,-1.273520e+03
1350,100,-1.160550e+03
1375,100,-1.045440e+03
1400,100,-9.281430e+02
1425,100,-8.085850e+02
1450,100,-6.867010e+02
1475,100,-5.624050e+02
1500,100,-4.355820e+02
1525,100,-3.060720e+02
1550,100,-1.736580e+02
1575,100,-3.805770e+01
1600,100,1.010930e+02
1625,100,2.442490e+02
1650,100,3.919680e+02
1675,100,5.449170e+02
1700,100,7.038820e+02
1725,100,8.697660e+02
1750,100,1.043580e+03
1775,100,1.226440e+03
1800,100,1.419490e+03
1825,100,1.623880e+03
1850,100,1.840620e+03
1875,100,2.070470e+03
1900,100,2.313700e+03
1925,100,2.569840e+03
1950,100,2.837410e+03
1975,100,3.113740e+03
2000,100,3.394880e+03
2025,100,3.675890e+03
2050,100,3.951410e+03
2075,100,4.216470e+03
2100,100,4.467250e+03
2125,100,4.701570e+03
2150,100,4.918860e+03
2175,100,5.119820e+03
2200,100,5.305910e+03
2225,100,5.478890e+03
2250,100,5.640560e+03
2275,100,5.792560e+03
2300,100,5.936320e+03
2325,100,6.073050e+03
2350,100,6.203780e+03
2375,100,6.329350e+03
2400,100,6.450490e+03
2425,100,6.567810e+03
2450,100,6.681820e+03
2475,100,6.792990e+03
2500,100,6.901690e+03
2525,100,7.008280e+03
2550,100,7.113060e+03
2575,100,7.216280e+03
2600,100,7.318210e+03
2625,100,7.419050e+03
2650,100,7.518990e+03
2675,100,7.618220e+03
2700,100,7.716900e+03
2725,100,7.815170e+03
2750,100,7.913180e+03
2775,100,8.011040e+03
2800,100,8.108880e+03
2825,100,8.206810e+03
2850,100,8.304940e+03
2875,100,8.403350e+03
2900,100,8.502150e+03
2925,100,8.601430e+03
2950,100,8.701270e+03
2975,100,8.801760e+03
3000,100,8.902980e+03
3025,100,9.005010e+03
3050,100,9.107930e+03
3075,100,9.211810e+03
3100,100,9.316740e+03
3125,100,9.422790e+03
3150,100,9.530040e+03
3175,100,9.638570e+03
3200,100,9.748450e+03
3225,100,9.859760e+03
3250,100,9.972570e+03
3275,100,1.008700e+04
3300,100,1.020310e+04
3325,100,1.032090e+04
3350,100,1.044050e+04
3375,100,1.056210e+04
3400,100,1.068570e+04
3425,100,1.081140e+04
3450,100,1.093920e+04
3475,100,1.106930e+04
3500,100,1.120180e+04
3525,100,1.133670e+04
3550,100,1.147420e+04
3575,100,1.161440e+04
3600,100,1.175730e+04
3625,100,1.190300e+04
3650,100,1.205170e+04
3675,100,1.220350e+04
3700,100,1.235840e+04
3725,100,1.251660e+04
3750,100,1.267820e+04
3775,100,1.284330e+04
3800,100,1.301200e+04
3825,100,1.318440e+04
3850,100,1.336070e+04
3875,100,1.354090e+04
3900,100,1.372510e+04
3925,100,1.391350e+04
3950,100,1.410620e+04
3975,100,1.430330e+04
4000,100,1.450480e+04
200,177.828,-5.381830e+03
225,177.828,-5.352250e+03
250,177.828,-5.321650e+03
275,177.828,-5.289920e+03
300,177.828,-5.256930e+03
325,177.828,-5.222600e+03
350,177.828,-5.186860e+03
375,177.828,-5.149690e+03
400,177.828,-5.111040e+03
425,177.828,-5.070900e+03
450,177.828,-5.029260e+03
475,177.828,-4.986060e+03
500,177.828,-4.941240e+03
525,177.828,-4.894630e+03
550,177.828,-4.846010e+03
575,177.828,-4.795010e+03
600,177.828,-4.741120e+03
625,177.828,-4.683630e+03
650,177.828,-4.621660e+03
675,177.828,-4.554120e+03
700,177.828,-4.479760e+03
725,177.828,-4.397210e+03
750,177.828,-4.305070e+03
775,177.828,-4.202080e+03
800,177.828,-4.087270e+03
825,177.828,-3.960220e+03
850,177.828,-3.821280e+03
875,177.828,-3.671750e+03
900,177.828,-3.513990e+03
925,177.828,-3.351230e+03
950,177.828,-3.187230e+03
975,177.828,-3.025700e+03
1000,177.828,-2.869730e+03
1025,177.828,-2.721420e+03
1050,177.828,-2.581690e+03
1075,177.828,-2.450470e+03
1100,177.828,-2.326920e+03
1125,177.828,-2.209770e+03
1150,177.828,-2.097610e+03
1175,177.828,-1.989050e+03
1200,177.828,-1.882860e+03
1225,177.828,-1.777980e+03
1250,177.828,-1.673590e+03
1275,177.828,-1.569020e+03
1300,177.828,-1.463770e+03
1325,177.828,-1.357480e+03
1350,177.828,-1.249860e+03
1375,177.828,-1.140710e+03
1400,177.828,-1.029890e+03
1425,177.828,-9.172670e+02
1450,177.828,-8.027520e+02
1475,177.828,-6.862480e+02
1500,177.828,-5.676570e+02
1525,177.828,-4.468630e+02
1550,177.828,-3.237230e+02
1575,177.828,-1.980600e+02
1600,177.828,-6.964660e+01
1625,177.828,6.179550e+01
1650,177.828,1.966100e+02
1675,177.828,3.352130e+02
1700,177.828,4.780970e+02
1725,177.828,6.258420e+02
1750,177.828,7.791140e+02
1775,177.828,9.386670e+02
1800,177.828,1.105330e+03
1825,177.828,1.280000e+03
1850,177.828,1.463600e+03
1875,177.828,1.657040e+03
1900,177.828,1.861140e+03
1925,177.828,2.076500e+03
1950,177.828,2.303410e+03
1975,177.828,2.541640e+03
2000,177.828,2.790270e+03
2025,177.828,3.047530e+03
2050,177.828,3.310750e+03
2075,177.828,3.576440e+03
2100,177.828,3.840580e+03
2125,177.828,4.099100e+03
2150,177.828,4.348440e+03
2175,177.828,4.585990e+03
2200,177.828,4.810280e+03
2225,177.828,5.020930e+03
2250,177.828,5.218370e+03
2275,177.828,5.403600e+03
2300,177.828,5.577830e+03
2325,177.828,5.742300e+03
2350,177.828,5.898230e+03
2375,177.828,6.046680e+03
2400,177.828,6.188600e+03
2425,177.828,6.324810e+03
2450,177.828,6.455990e+03
2475,177.828,6.582770e+03
2500,177.828,6.705660e+03
2525,177.828,6.825130e+03
2550,177.828,6.941590e+03
2575,177.828,7.055390e+03
2600,177.828,7.166860e+03
2625,177.828,7.276270e+03
2650,177.828,7.383900e+03
2675,177.828,7.489980e+03
2700,177.828,7.594720e+03
2725,177.828,7.698320e+03
2750,177.828,7.800950e+03
2775,177.828,7.902780e+03
2800,177.828,8.003960e+03
2825,177.828,8.104630e+03
2850,177.828,8.204920e+03
2875,177.828,8.304950e+03
2900,177.828,8.404840e+03
2925,177.828,8.504680e+03
2950,177.828,8.604590e+03
2975,177.828,8.704650e+03
3000,177.828,8.804950e+03
3025,177.828,8.905580e+03
3050,177.828,9.006630e+03
3075,177.828,9.108180e+03
3100,177.828,9.210290e+03
3125,177.828,9.313050e+03
3150,177.828,9.416520e+03
3175,177.828,9.520790e+03
3200,177.828,9.625920e+03
3225,177.828,9.731980e+03
3250,177.828,9.839040e+03
3275,177.828,9.947160e+03
3300,177.828,1.005640e+04
3325,177.828,1.016690e+04
3350,177.828,1.027860e+04
3375,177.828,1.039170e+04
3400,177.828,1.050620e+04
3425,177.828,1.062210e+04
3450,177.828,1.073960e+04
3475,177.828,1.085880e+04
3500,177.828,1.097960e+04
3525,177.828,1.110210e+04
3550,177.828,1.122650e+04
3575,177.828,1.135280e+04
3600,177.828,1.148110e+04
3625,177.828,1.161150e+04
3650,177.828,1.174390e+04
3675,177.828,1.187860e+04
3700,177.828,1.201560e+04
3725,177.828,1.215490e+04
3750,177.828,1.229670e+04
3775,177.828,1.244100e+04
3800,177.828,1.258790e+04
3825,177.828,1.273750e+04
3850,177.828,1.288990e+04
3875,177.828,1.304520e+04
3900,177.828,1.320340e+04
3925,177.828,1.336460e+04
3950,177.828,1.352890e+04
3975,177.828,1.369650e+04
4000,177.828,1.386730e+04
200,316.228,-5.381830e+03
225,316.228,-5.352250e+03
250,316.228,-5.321650e+03
275,316.228,-5.289920e+03
300,316.228,-5.256930e+03
325,316.228,-5.222600e+03
350,316.228,-5.186860e+03
375,316.228,-5.149690e+03
400,316.228,-5.111040e+03
425,316.228,-5.070910e+03
450,316.228,-5.029290e+03
475,316.228,-4.986140e+03
500,316.228,-4.941420e+03
525,316.228,-4.895020e+03
550,316.228,-4.846780e+03
575,316.228,-4.796450e+03
600,316.228,-4.743650e+03
625,316.228,-4.687880e+03
650,316.228,-4.628490e+03
675,316.228,-4.564690e+03
700,316.228,-4.495540e+03
725,316.228,-4.419980e+03
750,316.228,-4.336910e+03
775,316.228,-4.245210e+03
800,316.228,-4.143920e+03
825,316.228,-4.032300e+03
850,316.228,-3.910060e+03
875,316.228,-3.777450e+03
900,316.228,-3.635440e+03
925,316.228,-3.485750e+03
950,316.228,-3.330790e+03
975,316.228,-3.173400e+03
1000,316.228,-3.016590e+03
1025,316.228,-2.863040e+03
1050,316.228,-2.714870e+03
1075,316.228,-2.573360e+03
1100,316.228,-2.439030e+03
1125,316.228,-2.311660e+03
1150,316.228,-2.190560e+03
1175,316.228,-2.074770e+03
1200,316.228,-1.963190e+03
1225,316.228,-1.854770e+03
1250,316.228,-1.748510e+03
1275,316.228,-1.643600e+03
1300,316.228,-1.539320e+03
1325,316.228,-1.435130e+03
1350,316.228,-1.330570e+03
1375,316.228,-1.225300e+03
1400,316.228,-1.119050e+03
1425,316.228,-1.011620e+03
1450,316.228,-9.028340e+02
1475,316.228,-7.925590e+02
1500,316.228,-6.806740e+02
1525,316.228,-5.670640e+02
1550,316.228,-4.516070e+02
1575,316.228,-3.341710e+02
1600,316.228,-2.146000e+02
1625,316.228,-9.271280e+01
1650,316.228,3.171160e+01
1675,316.228,1.589350e+02
1700,316.228,2.892670e+02
1725,316.228,4.230750e+02
1750,316.228,5.607830e+02
1775,316.228,7.028790e+02
1800,316.228,8.499150e+02
1825,316.228,1.002510e+03
1850,316.228,1.161320e+03
1875,316.228,1.327070e+03
1900,316.228,1.500490e+03
1925,316.228,1.682300e+03
1950,316.228,1.873150e+03
1975,316.228,2.073560e+03
2000,316.228,2.283820e+03
2025,316.228,2.503870e+03
2050,316.228,2.733220e+03
2075,316.228,2.970800e+03
2100,316.228,3.214890e+03
2125,316.228,3.463170e+03
2150,316.228,3.712810e+03
2175,316.228,3.960710e+03
2200,316.228,4.203880e+03
2225,316.228,4.439730e+03
2250,316.228,4.666370e+03
2275,316.228,4.882670e+03
2300,316.228,5.088230e+03
2325,316.228,5.283270e+03
2350,316.228,5.468330e+03
2375,316.228,5.644200e+03
2400,316.228,5.811730e+03
2425,316.228,5.971760e+03
2450,316.228,6.125080e+03
2475,316.228,6.272410e+03
2500,316.228,6.414360e+03
2525,316.228,6.551510e+03
2550,316.228,6.684350e+03
2575,316.228,6.813310e+03
2600,316.228,6.938800e+03
2625,316.228,7.061160e+03
2650,316.228,7.180720e+03
2675,316.228,7.297760e+03
2700,316.228,7.412550e+03
2725,316.228,7.525330e+03
2750,316.228,7.636320e+03
2775,316.228,7.745730e+03
2800,316.228,7.853740e+03
2825,316.228,7.960530e+03
2850,316.228,8.066270e+03
2875,316.228,8.171090e+03
2900,316.228,8.275150e+03
2925,316.228,8.378570e+03
2950,316.228,8.481480e+03
2975,316.228,8.583990e+03
3000,316.228,8.686210e+03
3025,316.228,8.788240e+03
3050,316.228,8.890180e+03
3075,316.228,8.992120e+03
3100,316.228,9.094140e+03
3125,316.228,9.196330e+03
3150,316.228,9.298760e+03
3175,316.228,9.401520e+03
3200,316.228,9.504680e+03
3225,316.228,9.608300e+03
3250,316.228,9.712450e+03
3275,316.228,9.817210e+03
3300,316.228,9.922630e+03
3325,316.228,1.002880e+04
3350,316.228,1.013570e+04
3375,316.228,1.024350e+04
3400,316.228,1.035220e+04
3425,316.228,1.046190e+04
3450,316.228,1.057270e+04
3475,316.228,1.068450e+04
3500,316.228,1.079740e+04
3525,316.228,1.091160e+04
3550,316.228,1.102710e+04
3575,316.228,1.114390e+04
3600,316.228,1.126200e+04
3625,316.228,1.138170e+04
3650,316.228,1.150280e+04
3675,316.228,1.162550e+04
3700,316.228,1.174980e+04
3725,316.228,1.187580e+04
3750,316.228,1.200360e+04
3775,316.228,1.213320e+04
3800,316.228,1.226460e+04
3825,316.228,1.239800e+04
3850,316.228,1.253340e+04
3875,316.228,1.267090e+04
3900,316.228,1.281040e+04
3925,316.228,1.295220e+04
3950,316.228,1.309620e+04
3975,316.228,1.324260e+04
4000,316.228,1.339130e+04
200,562.341,-5.381830e+03
225,562.341,-5.352250e+03
250,562.341,-5.321650e+03
275,562.341,-5.289920e+03
300,562.341,-5.256930e+03
325,562.341,-5.222600e+03
350,562.341,-5.186860e+03
375,562.341,-5.149690e+03
400,562.341,-5.111040e+03
425,562.341,-5.070920e+03
450,562.341,-5.029310e+03
475,562.341,-4.986200e+03
500,562.341,-4.941550e+03
525,562.341,-4.895310e+03
550,562.341,-4.847340e+03
575,562.341,-4.797490e+03
600,562.341,-4.745480e+03
625,562.341,-4.690960e+03
650,562.341,-4.633460e+03
675,562.341,-4.572400e+03
700,562.341,-4.507090e+03
725,562.341,-4.436740e+03
750,562.341,-4.360490e+03
775,562.341,-4.277440e+03
800,562.341,-4.186730e+03
825,562.341,-4.087630e+03
850,562.341,-3.979570e+03
875,562.341,-3.862320e+03
900,562.341,-3.736070e+03
925,562.341,-3.601490e+03
950,562.341,-3.459790e+03
975,562.341,-3.312710e+03
1000,562.341,-3.162360e+03
1025,562.341,-3.011070e+03
1050,562.341,-2.861070e+03
1075,562.341,-2.714320e+03
1100,562.341,-2.572270e+03
1125,562.341,-2.435790e+03
1150,562.341,-2.305190e+03
1175,562.341,-2.180300e+03
1200,562.341,-2.060630e+03
1225,562.341,-1.945450e+03
1250,562.341,-1.833940e+03
1275,562.341,-1.725300e+03
1300,562.341,-1.618750e+03
1325,562.341,-1.513610e+03
1350,562.341,-1.409310e+03
1375,562.341,-1.305350e+03
1400,562.341,-1.201320e+03
1425,562.341,-1.096910e+03
1450,562.341,-9.918570e+02
1475,562.341,-8.859370e+02
1500,562.341,-7.789750e+02
1525,562.341,-6.708200e+02
1550,562.341,-5.613340e+02
1575,562.341,-4.503840e+02
1600,562.341,-3.378390e+02
1625,562.341,-2.235560e+02
1650,562.341,-1.073790e+02
1675,562.341,1.087080e+01
1700,562.341,1.313980e+02
1725,562.341,2.544400e+02
1750,562.341,3.802680e+02
1775,562.341,5.091960e+02
1800,562.341,6.415810e+02
1825,562.341,7.778250e+02
1850,562.341,9.183750e+02
1875,562.341,1.063720e+03
1900,562.341,1.214400e+03
1925,562.341,1.370970e+03
1950,562.341,1.534000e+03
1975,562.341,1.704060e+03
2000,562.341,1.881680e+03
2025,562.341,2.067270e+03
2050,562.341,2.261140e+03
2075,562.341,2.463360e+03
2100,562.341,2.673710e+03
2125,562.341,2.891590e+03
2150,562.341,3.116010e+03
2175,562.341,3.345490e+03
2200,562.341,3.578180e+03
2225,562.341,3.811880e+03
2250,562.341,4.044320e+03
2275,562.341,4.273280e+03
2300,562.341,4.496850e+03
2325,562.341,4.713580e+03
2350,562.341,4.922530e+03
2375,562.341,5.123270e+03
2400,562.341,5.315770e+03
2425,562.341,5.500290e+03
2450,562.341,5.677280e+03
2475,562.341,5.847270e+03
2500,562.341,6.010830e+03
2525,562.341,6.168500e+03
2550,562.341,6.320800e+03
2575,562.341,6.468200e+03
2600,562.341,6.611120e+03
2625,562.341,6.749960e+03
2650,562.341,6.885060e+03
2675,562.341,7.016750e+03
2700,562.341,7.145300e+03
2725,562.341,7.271000e+03
2750,562.341,7.394090e+03
2775,562.341,7.514780e+03
2800,562.341,7.633310e+03
2825,562.341,7.749870e+03
2850,562.341,7.864640e+03
2875,562.341,7.977800e+03
2900,562.341,8.089500e+03
2925,562.341,8.199910e+03
2950,562.341,8.309170e+03
2975,562.341,8.417420e+03
3000,562.341,8.524770e+03
3025,562.341,8.631360e+03
3050,562.341,8.737290e+03
3075,562.341,8.842680e+03
3100,562.341,8.947620e+03
3125,562.341,9.052210e+03
3150,562.341,9.156550e+03
3175,562.341,9.260710e+03
3200,562.341,9.364790e+03
3225,562.341,9.468860e+03
3250,562.341,9.573000e+03
3275,562.341,9.677270e+03
3300,562.341,9.781760e+03
3325,562.341,9.886530e+03
3350,562.341,9.991630e+03
3375,562.341,1.009710e+04
3400,562.341,1.020310e+04
3425,562.341,1.030960e+04
3450,562.341,1.041670e+04
3475,562.341,1.052440e+04
3500,562.341,1.063280e+04
3525,562.341,1.074200e+04
3550,562.341,1.085200e+04
3575,562.341,1.096280e+04
3600,562.341,1.107450e+04
3625,562.341,1.118720e+04
3650,562.341,1.130090e+04
3675,562.341,1.141560e+04
3700,562.341,1.153150e+04
3725,562.341,1.164850e+04
3750,562.341,1.176680e+04
3775,562.341,1.188630e+04
3800,562.341,1.200710e+04
3825,562.341,1.212920e+04
3850,562.341,1.225280e+04
3875,562.341,1.237780e+04
3900,562.341,1.250430e+04
3925,562.341,1.263240e+04
3950,562.341,1.276210e+04
3975,562.341,1.289350e+04
4000,562.341,1.302660e+04
200,1000,-5.381830e+03
225,1000,-5.352250e+03
250,1000,-5.321650e+03
275,1000,-5.289920e+03
300,1000,-5.256930e+03
325,1000,-5.222600e+03
350,1000,-5.186860e+03
375,1000,-5.149690e+03
400,1000,-5.111050e+03
425,1000,-5.070930e+03
450,1000,-5.029330e+03
475,1000,-4.986240e+03
500,1000,-4.941650e+03
525,1000,-4.895510e+03
550,1000,-4.847750e+03
575,1000,-4.798240e+03
600,1000,-4.746810e+03
625,1000,-4.693200e+03
650,1000,-4.637080e+03
675,1000,-4.578020e+03
700,1000,-4.515530e+03
725,1000,-4.449030e+03
750,1000,-4.377850e+03
775,1000,-4.301310e+03
800,1000,-4.218710e+03
825,1000,-4.129380e+03
850,1000,-4.032760e+03
875,1000,-3.928430e+03
900,1000,-3.816200e+03
925,1000,-3.696160e+03
950,1000,-3.568780e+03
975,1000,-3.434890e+03
1000,1000,-3.295700e+03
1025,1000,-3.152720e+03
1050,1000,-3.007680e+03
1075,1000,-2.862370e+03
1100,1000,-2.718450e+03
1125,1000,-2.577350e+03
1150,1000,-2.440100e+03
1175,1000,-2.307370e+03
1200,1000,-2.179410e+03
1225,1000,-2.056130e+03
1250,1000,-1.937210e+03
1275,1000,-1.822140e+03
1300,1000,-1.710340e+03
1325,1000,-1.601190e+03
1350,1000,-1.494110e+03
1375,1000,-1.388530e+03
1400,1000,-1.283970e+03
1425,1000,-1.180000e+03
1450,1000,-1.076270e+03
1475,1000,-9.724490e+02
1500,1000,-8.682970e+02
1525,1000,-7.635920e+02
1550,1000,-6.581470e+02
1575,1000,-5.517990e+02
1600,1000,-4.443980e+02
1625,1000,-3.358020e+02
1650,1000,-2.258730e+02
1675,1000,-1.144660e+02
1700,1000,-1.427720e+00
1725,1000,1.134110e+02
1750,1000,2.302350e+02
1775,1000,3.492530e+02
1800,1000,4.707010e+02
1825,1000,5.948400e+02
1850,1000,7.219650e+02
1875,1000,8.524000e+02
1900,1000,9.865040e+02
1925,1000,1.124660e+03
1950,1000,1.267300e+03
1975,1000,1.414840e+03
2000,1000,1.567730e+03
2025,1000,1.726410e+03
2050,1000,1.891310e+03
2075,1000,2.062770e+03
2100,1000,2.241070e+03
2125,1000,2.426350e+03
2150,1000,2.618560e+03
2175,1000,2.817440e+03
2200,1000,3.022430e+03
2225,1000,3.232690e+03
2250,1000,3.447060e+03
2275,1000,3.664130e+03
2300,1000,3.882290e+03
2325,1000,4.099850e+03
2350,1000,4.315190e+03
2375,1000,4.526890e+03
2400,1000,4.733790e+03
2425,1000,4.935100e+03
2450,1000,5.130330e+03
2475,1000,5.319330e+03
2500,1000,5.502120e+03
2525,1000,5.678920e+03
2550,1000,5.850020e+03
2575,1000,6.015780e+03
2600,1000,6.176540e+03
2625,1000,6.332670e+03
2650,1000,6.484480e+03
2675,1000,6.632300e+03
2700,1000,6.776410e+03
2725,1000,6.917060e+03
2750,1000,7.054510e+03
2775,1000,7.188970e+03
2800,1000,7.320660e+03
2825,1000,7.449760e+03
2850,1000,7.576480e+03
2875,1000,7.700970e+03
2900,1000,7.823400e+03
2925,1000,7.943930e+03
2950,1000,8.062710e+03
2975,1000,8.179890e+03
3000,1000,8.295590e+03
3025,1000,8.409940e+03
3050,1000,8.523070e+03
3075,1000,8.635100e+03
3100,1000,8.746140e+03
3125,1000,8.856290e+03
3150,1000,8.965660e+03
3175,1000,9.074340e+03
3200,1000,9.182430e+03
3225,1000,9.290010e+03
3250,1000,9.397180e+03
3275,1000,9.504010e+03
3300,1000,9.610580e+03
3325,1000,9.716960e+03
3350,1000,9.823230e+03
3375,1000,9.929460e+03
3400,1000,1.003570e+04
3425,1000,1.014200e+04
3450,1000,1.024850e+04
3475,1000,1.035520e+04
3500,1000,1.046210e+04
3525,1000,1.056940e+04
3550,1000,1.067700e+04
3575,1000,1.078510e+04
3600,1000,1.089360e+04
3625,1000,1.100270e+04
3650,1000,1.111230e+04
3675,1000,1.122260e+04
3700,1000,1.133350e+04
3725,1000,1.144510e+04
3750,1000,1.155750e+04
3775,1000,1.167070e+04
3800,1000,1.178480e+04
3825,1000,1.189970e+04
3850,1000,1.201560e+04
3875,1000,1.213250e+04
3900,1000,1.225040e+04
3925,1000,1.236930e+04
3950,1000,1.248930e+04
3975,1000,1.261050e+04
4000,1000,1.273290e+04
