edge,phi,f_air,P_atm,T_K,Bc_ss,Bg_ss,hw_ss_MJkg,Bc_Bg0,recession_over_mdote_m3_per_kg
air,,1,0.01,300,2.195073e-02,8.780293e-02,-3.070014e+00,8.742740e-02,7.592782e-05
air,,1,0.01,325,2.203676e-02,8.814702e-02,-3.044136e+00,8.742740e-02,7.622537e-05
air,,1,0.01,350,2.214900e-02,8.859600e-02,-3.018143e+00,8.742740e-02,7.661363e-05
air,,1,0.01,375,2.229011e-02,8.916044e-02,-2.991936e+00,8.742740e-02,7.710173e-05
air,,1,0.01,400,2.246433e-02,8.985733e-02,-2.965284e+00,8.742760e-02,7.770436e-05
air,,1,0.01,425,2.267873e-02,9.071491e-02,-2.937796e+00,8.742840e-02,7.844596e-05
air,,1,0.01,450,2.294362e-02,9.177449e-02,-2.908899e+00,8.743120e-02,7.936223e-05
air,,1,0.01,475,2.327195e-02,9.308779e-02,-2.877812e+00,8.744030e-02,8.049791e-05
air,,1,0.01,500,2.367797e-02,9.471189e-02,-2.843630e+00,8.746620e-02,8.190236e-05
air,,1,0.01,525,2.417619e-02,9.670476e-02,-2.805437e+00,8.753210e-02,8.362570e-05
air,,1,0.01,550,2.478200e-02,9.912800e-02,-2.762428e+00,8.768580e-02,8.572121e-05
air,,1,0.01,575,2.555261e-02,1.022104e-01,-2.714044e+00,8.801610e-02,8.838674e-05
air,,1,0.01,600,2.644171e-02,1.057668e-01,-2.658263e+00,8.867750e-02,9.146215e-05
air,,1,0.01,625,2.758122e-02,1.103249e-01,-2.593878e+00,8.991850e-02,9.540373e-05
air,,1,0.01,650,2.907187e-02,1.162875e-01,-2.516321e+00,9.210920e-02,1.005599e-04
air,,1,0.01,675,3.111398e-02,1.244559e-01,-2.418854e+00,9.575030e-02,1.076236e-04
air,,1,0.01,700,3.398549e-02,1.359420e-01,-2.292719e+00,1.014280e-01,1.175562e-04
air,,1,0.01,725,3.799944e-02,1.519978e-01,-2.129348e+00,1.096580e-01,1.314405e-04
air,,1,0.01,750,4.337469e-02,1.734988e-01,-1.924671e+00,1.205450e-01,1.500335e-04
air,,1,0.01,775,4.994217e-02,1.997687e-01,-1.690031e+00,1.333250e-01,1.727505e-04
air,,1,0.01,800,5.695107e-02,2.278043e-01,-1.450970e+00,1.461720e-01,1.969944e-04
air,,1,0.01,825,6.321205e-02,2.528482e-01,-1.242125e+00,1.569380e-01,2.186512e-04
air,,1,0.01,850,6.787259e-02,2.714904e-01,-1.081934e+00,1.644860e-01,2.347720e-04
air,,1,0.01,875,7.086480e-02,2.834592e-01,-9.682462e-01,1.690950e-01,2.451221e-04
air,,1,0.01,900,7.261950e-02,2.904780e-01,-8.872183e-01,1.716880e-01,2.511916e-04
air,,1,0.01,925,7.360752e-02,2.944301e-01,-8.258052e-01,1.730970e-01,2.546092e-04
air,,1,0.01,950,7.415943e-02,2.966377e-01,-7.753286e-01,1.738600e-01,2.565183e-04
air,,1,0.01,975,7.447073e-02,2.978829e-01,-7.307790e-01,1.742790e-01,2.575950e-04
air,,1,0.01,1000,7.464961e-02,2.985984e-01,-6.894184e-01,1.745130e-01,2.582138e-04
air,,1,0.01,1025,7.475470e-02,2.990188e-01,-6.497725e-01,1.746470e-01,2.585773e-04
air,,1,0.01,1050,7.481795e-02,2.992718e-01,-6.110451e-01,1.747250e-01,2.587961e-04
air,,1,0.01,1075,7.485708e-02,2.994283e-01,-5.727919e-01,1.747720e-01,2.589314e-04
air,,1,0.01,1100,7.488196e-02,2.995278e-01,-5.347656e-01,1.748010e-01,2.590175e-04
air,,1,0.01,1125,7.489839e-02,2.995936e-01,-4.968220e-01,1.748190e-01,2.590743e-04
air,,1,0.01,1150,7.490979e-02,2.996392e-01,-4.588783e-01,1.748310e-01,2.591138e-04
air,,1,0.01,1175,7.491819e-02,2.996728e-01,-4.208839e-01,1.748380e-01,2.591428e-04
air,,1,0.01,1200,7.492489e-02,2.996996e-01,-3.828069e-01,1.748430e-01,2.591660e-04
air,,1,0.01,1225,7.493083e-02,2.997233e-01,-3.446277e-01,1.748470e-01,2.591865e-04
air,,1,0.01,1250,7.493651e-02,2.997461e-01,-3.063336e-01,1.748490e-01,2.592062e-04
air,,1,0.01,1275,7.494244e-02,2.997698e-01,-2.679146e-01,1.748510e-01,2.592267e-04
air,,1,0.01,1300,7.494896e-02,2.997959e-01,-2.293623e-01,1.748520e-01,2.592493e-04
air,,1,0.01,1325,7.495634e-02,2.998254e-01,-1.906704e-01,1.748520e-01,2.592748e-04
air,,1,0.01,1350,7.496492e-02,2.998597e-01,-1.518303e-01,1.748530e-01,2.593045e-04
air,,1,0.01,1375,7.497495e-02,2.998998e-01,-1.128360e-01,1.748530e-01,2.593392e-04
air,,1,0.01,1400,7.498669e-02,2.999467e-01,-7.367764e-02,1.748540e-01,2.593798e-04
air,,1,0.01,1425,7.500041e-02,3.000016e-01,-3.434390e-02,1.748540e-01,2.594272e-04
air,,1,0.01,1450,7.501644e-02,3.000658e-01,5.177837e-03,1.748540e-01,2.594827e-04
air,,1,0.01,1475,7.503510e-02,3.001404e-01,4.490291e-02,1.748540e-01,2.595472e-04
air,,1,0.01,1500,7.505671e-02,3.002268e-01,8.484973e-02,1.748540e-01,2.596220e-04
air,,1,0.01,1525,7.508163e-02,3.003265e-01,1.250401e-01,1.748540e-01,2.597082e-04
air,,1,0.01,1550,7.511024e-02,3.004410e-01,1.654995e-01,1.748550e-01,2.598071e-04
air,,1,0.01,1575,7.514294e-02,3.005718e-01,2.062597e-01,1.748550e-01,2.599203e-04
air,,1,0.01,1600,7.518017e-02,3.007207e-01,2.473538e-01,1.748550e-01,2.600490e-04
air,,1,0.01,1625,7.522241e-02,3.008897e-01,2.888257e-01,1.748550e-01,2.601951e-04
air,,1,0.01,1650,7.527011e-02,3.010804e-01,3.307220e-01,1.748550e-01,2.603601e-04
air,,1,0.01,1675,7.532375e-02,3.012950e-01,3.730975e-01,1.748550e-01,2.605457e-04
air,,1,0.01,1700,7.538390e-02,3.015356e-01,4.160163e-01,1.748550e-01,2.607537e-04
air,,1,0.01,1725,7.545115e-02,3.018046e-01,4.595491e-01,1.748550e-01,2.609863e-04
air,,1,0.01,1750,7.552603e-02,3.021041e-01,5.037797e-01,1.748550e-01,2.612453e-04
air,,1,0.01,1775,7.560917e-02,3.024367e-01,5.487987e-01,1.748550e-01,2.615329e-04
air,,1,0.01,1800,7.570121e-02,3.028048e-01,5.947114e-01,1.748550e-01,2.618513e-04
air,,1,0.01,1825,7.580279e-02,3.032111e-01,6.416341e-01,1.748550e-01,2.622027e-04
air,,1,0.01,1850,7.591463e-02,3.036585e-01,6.896970e-01,1.748550e-01,2.625895e-04
air,,1,0.01,1875,7.603742e-02,3.041497e-01,7.390442e-01,1.748550e-01,2.630143e-04
air,,1,0.01,1900,7.617190e-02,3.046876e-01,7.898362e-01,1.748550e-01,2.634794e-04
air,,1,0.01,1925,7.631875e-02,3.052750e-01,8.422491e-01,1.748560e-01,2.639874e-04
air,,1,0.01,1950,7.647878e-02,3.059151e-01,8.964751e-01,1.748560e-01,2.645409e-04
air,,1,0.01,1975,7.665275e-02,3.066110e-01,9.527257e-01,1.748570e-01,2.651427e-04
air,,1,0.01,2000,7.684140e-02,3.073656e-01,1.011227e+00,1.748570e-01,2.657952e-04
air,,1,0.01,2025,7.704550e-02,3.081820e-01,1.072239e+00,1.748580e-01,2.665012e-04
air,,1,0.01,2050,7.726583e-02,3.090633e-01,1.136011e+00,1.748600e-01,2.672633e-04
air,,1,0.01,2075,7.750314e-02,3.100126e-01,1.202844e+00,1.748610e-01,2.680842e-04
air,,1,0.01,2100,7.775818e-02,3.110327e-01,1.273035e+00,1.748640e-01,2.689664e-04
air,,1,0.01,2125,7.803164e-02,3.121266e-01,1.346916e+00,1.748670e-01,2.699123e-04
air,,1,0.01,2150,7.832419e-02,3.132968e-01,1.424825e+00,1.748710e-01,2.709242e-04
air,,1,0.01,2175,7.863645e-02,3.145458e-01,1.507125e+00,1.748760e-01,2.720043e-04
air,,1,0.01,2200,7.896905e-02,3.158762e-01,1.594177e+00,1.748820e-01,2.731548e-04
air,,1,0.01,2225,7.932243e-02,3.172897e-01,1.686390e+00,1.748910e-01,2.743771e-04
air,,1,0.01,2250,7.969705e-02,3.187882e-01,1.784152e+00,1.749010e-01,2.756729e-04
air,,1,0.01,2275,8.009300e-02,3.203720e-01,1.887801e+00,1.749150e-01,2.770426e-04
air,,1,0.01,2300,8.050953e-02,3.220381e-01,1.997533e+00,1.749330e-01,2.784833e-04
air,,1,0.01,2325,8.094786e-02,3.237914e-01,2.113958e+00,1.749550e-01,2.799995e-04
air,,1,0.01,2350,8.140815e-02,3.256326e-01,2.237475e+00,1.749830e-01,2.815917e-04
air,,1,0.01,2375,8.189051e-02,3.275620e-01,2.368456e+00,1.750190e-01,2.832602e-04
air,,1,0.01,2400,8.239507e-02,3.295803e-01,2.507275e+00,1.750640e-01,2.850054e-04
air,,1,0.01,2425,8.292202e-02,3.316881e-01,2.654288e+00,1.751210e-01,2.868282e-04
air,,1,0.01,2450,8.347180e-02,3.338872e-01,2.809797e+00,1.751930e-01,2.887298e-04
air,,1,0.01,2475,8.404521e-02,3.361808e-01,2.974123e+00,1.752830e-01,2.907133e-04
air,,1,0.01,2500,8.464362e-02,3.385745e-01,3.147539e+00,1.753970e-01,2.927832e-04
air,,1,0.01,2525,8.526929e-02,3.410772e-01,3.330309e+00,1.755420e-01,2.949474e-04
air,,1,0.01,2550,8.592579e-02,3.437031e-01,3.522706e+00,1.757240e-01,2.972182e-04
air,,1,0.01,2575,8.661855e-02,3.464742e-01,3.725013e+00,1.759560e-01,2.996145e-04
air,,1,0.01,2600,8.735570e-02,3.494228e-01,3.937613e+00,1.762500e-01,3.021643e-04
air,,1,0.01,2625,8.814900e-02,3.525960e-01,4.160982e+00,1.766250e-01,3.049083e-04
air,,1,0.01,2650,8.901528e-02,3.560611e-01,4.395854e+00,1.771020e-01,3.079048e-04
air,,1,0.01,2675,8.997831e-02,3.599132e-01,4.643273e+00,1.777120e-01,3.112359e-04
air,,1,0.01,2700,9.107087e-02,3.642835e-01,4.904825e+00,1.784920e-01,3.150151e-04
air,,1,0.01,2725,9.233883e-02,3.693553e-01,5.182871e+00,1.794920e-01,3.194010e-04
air,,1,0.01,2750,9.384481e-02,3.753793e-01,5.480853e+00,1.807730e-01,3.246102e-04
air,,1,0.01,2775,9.567539e-02,3.827016e-01,5.803782e+00,1.824180e-01,3.309422e-04
air,,1,0.01,2800,9.794986e-02,3.917994e-01,6.158845e+00,1.845300e-01,3.388096e-04
air,,1,0.01,2825,1.008257e-01,4.033030e-01,6.553241e+00,1.872440e-01,3.487573e-04
air,,1,0.01,2850,1.045151e-01,4.180604e-01,6.993024e+00,1.907320e-01,3.615189e-04
air,,1,0.01,2875,1.093722e-01,4.374888e-01,7.504745e+00,1.952160e-01,3.783197e-04
air,,1,0.01,2900,1.158947e-01,4.635787e-01,8.116556e+00,2.009830e-01,4.008809e-04
air,,1,0.01,2925,1.248531e-01,4.994125e-01,8.870676e+00,2.084040e-01,4.318683e-04
air,,1,0.01,2950,1.373619e-01,5.494476e-01,9.779016e+00,2.179610e-01,4.751363e-04
air,,1,0.01,2975,1.556189e-01,6.224758e-01,1.095145e+01,2.302840e-01,5.382876e-04
air,,1,0.01,3000,1.835170e-01,7.340682e-01,1.246788e+01,2.462070e-01,6.347874e-04
air,,1,0.01,3025,2.295650e-01,9.182600e-01,1.449365e+01,2.668450e-01,7.940678e-04
air,,1,0.01,3050,3.156695e-01,1.262678e+00,1.723894e+01,2.937140e-01,1.091904e-03
air,,1,0.01,3075,5.215534e-01,2.086213e+00,2.112535e+01,3.289150e-01,1.804059e-03
air,,1,0.01,3100,1.488135e+00,5.952541e+00,2.674224e+01,3.754420e-01,5.147476e-03
air,,1,0.01,3125,3.775390e+00,1.000000e+01,2.882510e+01,4.376960e-01,1.305911e-02
air,,1,0.01,3150,5.976850e+00,1.000000e+01,2.929930e+01,5.224210e-01,2.067399e-02
air,,1,0.01,3175,9.060330e+00,1.000000e+01,2.965540e+01,6.405000e-01,3.133978e-02
air,,1,0.01,3200,1.351820e+01,1.000000e+01,2.989510e+01,8.107130e-01,4.675960e-02
air,,1,0.01,3225,2.027190e+01,1.000000e+01,3.002600e+01,1.068510e+00,7.012072e-02
air,,1,0.01,3250,3.127120e+01,1.000000e+01,3.005990e+01,1.489770e+00,1.081674e-01
air,,1,0.01,3275,5.148720e+01,1.000000e+01,3.001120e+01,2.271130e+00,1.780948e-01
air,,1,0.01,3300,9.846570e+01,1.000000e+01,2.989440e+01,4.124530e+00,3.405939e-01
air,,1,0.01,3325,3.101500e+02,1.000000e+01,2.972180e+01,1.297250e+01,1.072812e+00
air,,1,0.01,3350,1.000000e+03,1.000000e+01,2.980490e+01,2.000000e+02,3.459011e+00
air,,1,0.01,3375,1.000000e+03,1.000000e+01,3.009300e+01,2.000000e+02,3.459011e+00
air,,1,0.01,3400,1.000000e+03,1.000000e+01,3.040340e+01,2.000000e+02,3.459011e+00
air,,1,0.01,3425,1.000000e+03,1.000000e+01,3.073840e+01,2.000000e+02,3.459011e+00
air,,1,0.01,3450,1.000000e+03,1.000000e+01,3.110040e+01,2.000000e+02,3.459011e+00
air,,1,0.01,3475,1.000000e+03,1.000000e+01,3.149180e+01,2.000000e+02,3.459011e+00
air,,1,0.01,3500,1.000000e+03,1.000000e+01,3.191550e+01,2.000000e+02,3.459011e+00
air,,1,0.01,3525,1.000000e+03,1.000000e+01,3.237420e+01,2.000000e+02,3.459011e+00
air,,1,0.01,3550,1.000000e+03,1.000000e+01,3.287100e+01,2.000000e+02,3.459011e+00
air,,1,0.01,3575,1.000000e+03,1.000000e+01,3.340890e+01,2.000000e+02,3.459011e+00
air,,1,0.01,3600,1.000000e+03,1.000000e+01,3.399120e+01,2.000000e+02,3.459011e+00
air,,1,0.01,3625,1.000000e+03,1.000000e+01,3.462120e+01,2.000000e+02,3.459011e+00
air,,1,0.01,3650,1.000000e+03,1.000000e+01,3.530210e+01,2.000000e+02,3.459011e+00
air,,1,0.01,3675,1.000000e+03,1.000000e+01,3.603720e+01,2.000000e+02,3.459011e+00
air,,1,0.01,3700,1.000000e+03,1.000000e+01,3.682920e+01,2.000000e+02,3.459011e+00
air,,1,0.01,3725,1.000000e+03,1.000000e+01,3.768060e+01,2.000000e+02,3.459011e+00
air,,1,0.01,3750,1.000000e+03,1.000000e+01,3.859350e+01,2.000000e+02,3.459011e+00
air,,1,0.01,3775,1.000000e+03,1.000000e+01,3.956870e+01,2.000000e+02,3.459011e+00
air,,1,0.01,3800,1.000000e+03,1.000000e+01,4.060620e+01,2.000000e+02,3.459011e+00
air,,1,0.01,3825,1.000000e+03,1.000000e+01,4.170440e+01,2.000000e+02,3.459011e+00
air,,1,0.01,3850,1.000000e+03,1.000000e+01,4.286020e+01,2.000000e+02,3.459011e+00
air,,1,0.01,3875,1.000000e+03,1.000000e+01,4.406810e+01,2.000000e+02,3.459011e+00
air,,1,0.01,3900,1.000000e+03,1.000000e+01,4.532100e+01,2.000000e+02,3.459011e+00
air,,1,0.01,3925,1.000000e+03,1.000000e+01,4.660900e+01,2.000000e+02,3.459011e+00
air,,1,0.01,3950,1.000000e+03,1.000000e+01,4.792060e+01,2.000000e+02,3.459011e+00
air,,1,0.01,3975,1.000000e+03,1.000000e+01,4.924230e+01,2.000000e+02,3.459011e+00
air,,1,0.01,4000,1.000000e+03,1.000000e+01,5.055960e+01,2.000000e+02,3.459011e+00
air,,1,1,300,2.195025e-02,8.780099e-02,-3.070024e+00,8.742740e-02,7.592614e-05
air,,1,1,325,2.203480e-02,8.813920e-02,-3.044176e+00,8.742740e-02,7.621861e-05
air,,1,1,350,2.214275e-02,8.857101e-02,-3.018280e+00,8.742740e-02,7.659202e-05
air,,1,1,375,2.227311e-02,8.909246e-02,-2.992325e+00,8.742740e-02,7.704294e-05
air,,1,1,400,2.242384e-02,8.969536e-02,-2.966263e+00,8.742740e-02,7.756430e-05
air,,1,1,425,2.259258e-02,9.037030e-02,-2.940030e+00,8.742750e-02,7.814796e-05
air,,1,1,450,2.277721e-02,9.110884e-02,-2.913533e+00,8.742780e-02,7.878661e-05
air,,1,1,475,2.297618e-02,9.190471e-02,-2.886648e+00,8.742870e-02,7.947485e-05
air,,1,1,500,2.318873e-02,9.275491e-02,-2.859219e+00,8.743130e-02,8.021006e-05
air,,1,1,525,2.341502e-02,9.366009e-02,-2.831038e+00,8.743790e-02,8.099281e-05
air,,1,1,550,2.365649e-02,9.462595e-02,-2.801833e+00,8.745330e-02,8.182805e-05
air,,1,1,575,2.391603e-02,9.566411e-02,-2.771283e+00,8.748640e-02,8.272580e-05
air,,1,1,600,2.419889e-02,9.679555e-02,-2.738981e+00,8.755310e-02,8.370421e-05
air,,1,1,625,2.451374e-02,9.805497e-02,-2.704422e+00,8.767910e-02,8.479330e-05
air,,1,1,650,2.487439e-02,9.949756e-02,-2.666980e+00,8.790490e-02,8.604078e-05
air,,1,1,675,2.532496e-02,1.012998e-01,-2.625929e+00,8.829040e-02,8.759931e-05
air,,1,1,700,2.585928e-02,1.034371e-01,-2.579823e+00,8.891990e-02,8.944754e-05
air,,1,1,725,2.654323e-02,1.061729e-01,-2.527713e+00,8.990710e-02,9.181333e-05
air,,1,1,750,2.742232e-02,1.096893e-01,-2.467670e+00,9.139750e-02,9.485409e-05
air,,1,1,775,2.856702e-02,1.142681e-01,-2.397407e+00,9.356630e-02,9.881363e-05
air,,1,1,800,3.006248e-02,1.202499e-01,-2.314259e+00,9.660980e-02,1.039865e-04
air,,1,1,825,3.200430e-02,1.280172e-01,-2.215353e+00,1.007230e-01,1.107032e-04
air,,1,1,850,3.448863e-02,1.379545e-01,-2.098121e+00,1.060640e-01,1.192965e-04
air,,1,1,875,3.759357e-02,1.503743e-01,-1.961085e+00,1.126920e-01,1.300366e-04
air,,1,1,900,4.139113e-02,1.655645e-01,-1.803951e+00,1.205010e-01,1.431724e-04
air,,1,1,925,4.575484e-02,1.830194e-01,-1.631610e+00,1.291540e-01,1.582665e-04
air,,1,1,950,5.049283e-02,2.019713e-01,-1.451506e+00,1.380810e-01,1.746552e-04
air,,1,1,975,5.531060e-02,2.212424e-01,-1.273117e+00,1.465810e-01,1.913200e-04
air,,1,1,1000,5.980705e-02,2.392282e-01,-1.107615e+00,1.540180e-01,2.068732e-04
air,,1,1,1025,6.368935e-02,2.547574e-01,-9.619651e-01,1.600210e-01,2.203022e-04
air,,1,1,1050,6.681124e-02,2.672450e-01,-8.387187e-01,1.645470e-01,2.311008e-04
air,,1,1,1075,6.917378e-02,2.766951e-01,-7.367673e-01,1.677850e-01,2.392728e-04
air,,1,1,1100,7.088958e-02,2.835583e-01,-6.523896e-01,1.700260e-01,2.452078e-04
air,,1,1,1125,7.210369e-02,2.884148e-01,-5.813987e-01,1.715470e-01,2.494074e-04
air,,1,1,1150,7.295107e-02,2.918043e-01,-5.201043e-01,1.725730e-01,2.523385e-04
air,,1,1,1175,7.353967e-02,2.941587e-01,-4.656272e-01,1.732640e-01,2.543745e-04
air,,1,1,1200,7.394916e-02,2.957966e-01,-4.158673e-01,1.737340e-01,2.557909e-04
air,,1,1,1225,7.423576e-02,2.969430e-01,-3.693452e-01,1.740550e-01,2.567823e-04
air,,1,1,1250,7.443826e-02,2.977531e-01,-3.250382e-01,1.742770e-01,2.574828e-04
air,,1,1,1275,7.458317e-02,2.983327e-01,-2.822429e-01,1.744330e-01,2.579840e-04
air,,1,1,1300,7.468860e-02,2.987544e-01,-2.404743e-01,1.745430e-01,2.583487e-04
air,,1,1,1325,7.476693e-02,2.990677e-01,-1.993976e-01,1.746210e-01,2.586196e-04
air,,1,1,1350,7.482679e-02,2.993072e-01,-1.587785e-01,1.746780e-01,2.588267e-04
air,,1,1,1375,7.487410e-02,2.994964e-01,-1.184505e-01,1.747200e-01,2.589903e-04
air,,1,1,1400,7.491317e-02,2.996527e-01,-7.829588e-02,1.747510e-01,2.591254e-04
air,,1,1,1425,7.494704e-02,2.997882e-01,-3.822671e-02,1.747740e-01,2.592426e-04
air,,1,1,1450,7.497797e-02,2.999119e-01,1.821513e-03,1.747910e-01,2.593496e-04
air,,1,1,1475,7.500773e-02,3.000309e-01,4.189837e-02,1.748040e-01,2.594525e-04
air,,1,1,1500,7.503762e-02,3.001505e-01,8.204294e-02,1.748150e-01,2.595559e-04
air,,1,1,1525,7.506872e-02,3.002749e-01,1.222869e-01,1.748220e-01,2.596635e-04
air,,1,1,1550,7.510199e-02,3.004080e-01,1.626578e-01,1.748290e-01,2.597786e-04
air,,1,1,1575,7.513817e-02,3.005527e-01,2.031792e-01,1.748330e-01,2.599037e-04
air,,1,1,1600,7.517802e-02,3.007121e-01,2.438732e-01,1.748370e-01,2.600416e-04
air,,1,1,1625,7.522224e-02,3.008889e-01,2.847611e-01,1.748400e-01,2.601945e-04
air,,1,1,1650,7.527137e-02,3.010855e-01,3.258626e-01,1.748430e-01,2.603645e-04
air,,1,1,1675,7.532617e-02,3.013047e-01,3.671994e-01,1.748450e-01,2.605540e-04
air,,1,1,1700,7.538719e-02,3.015488e-01,4.087926e-01,1.748460e-01,2.607651e-04
air,,1,1,1725,7.545508e-02,3.018203e-01,4.506653e-01,1.748480e-01,2.609999e-04
air,,1,1,1750,7.553053e-02,3.021221e-01,4.928403e-01,1.748490e-01,2.612609e-04
air,,1,1,1775,7.561418e-02,3.024567e-01,5.353430e-01,1.748500e-01,2.615503e-04
air,,1,1,1800,7.570673e-02,3.028269e-01,5.782016e-01,1.748500e-01,2.618704e-04
air,,1,1,1825,7.580892e-02,3.032357e-01,6.214439e-01,1.748510e-01,2.622239e-04
air,,1,1,1850,7.592143e-02,3.036857e-01,6.651009e-01,1.748510e-01,2.626130e-04
air,,1,1,1875,7.604507e-02,3.041803e-01,7.092070e-01,1.748520e-01,2.630407e-04
air,,1,1,1900,7.618068e-02,3.047227e-01,7.537972e-01,1.748520e-01,2.635098e-04
air,,1,1,1925,7.632902e-02,3.053161e-01,7.989094e-01,1.748530e-01,2.640229e-04
air,,1,1,1950,7.649099e-02,3.059640e-01,8.445864e-01,1.748530e-01,2.645832e-04
air,,1,1,1975,7.666749e-02,3.066699e-01,8.908719e-01,1.748530e-01,2.651937e-04
air,,1,1,2000,7.685944e-02,3.074377e-01,9.378130e-01,1.748540e-01,2.658576e-04
air,,1,1,2025,7.706784e-02,3.082714e-01,9.854609e-01,1.748540e-01,2.665785e-04
air,,1,1,2050,7.729362e-02,3.091745e-01,1.033867e+00,1.748540e-01,2.673595e-04
air,,1,1,2075,7.753792e-02,3.101517e-01,1.083092e+00,1.748540e-01,2.682045e-04
air,,1,1,2100,7.780174e-02,3.112070e-01,1.133205e+00,1.748550e-01,2.691170e-04
air,,1,1,2125,7.808625e-02,3.123450e-01,1.184255e+00,1.748550e-01,2.701012e-04
air,,1,1,2150,7.839256e-02,3.135702e-01,1.236317e+00,1.748560e-01,2.711607e-04
air,,1,1,2175,7.872197e-02,3.148879e-01,1.289464e+00,1.748560e-01,2.723001e-04
air,,1,1,2200,7.907563e-02,3.163025e-01,1.343784e+00,1.748570e-01,2.735234e-04
air,,1,1,2225,7.945486e-02,3.178194e-01,1.399344e+00,1.748580e-01,2.748352e-04
air,,1,1,2250,7.986101e-02,3.194440e-01,1.456249e+00,1.748590e-01,2.762401e-04
air,,1,1,2275,8.029435e-02,3.211774e-01,1.514438e+00,1.748600e-01,2.777390e-04
air,,1,1,2300,8.075661e-02,3.230264e-01,1.574062e+00,1.748620e-01,2.793380e-04
air,,1,1,2325,8.124963e-02,3.249985e-01,1.635263e+00,1.748640e-01,2.810434e-04
air,,1,1,2350,8.177496e-02,3.270998e-01,1.698156e+00,1.748670e-01,2.828605e-04
air,,1,1,2375,8.233405e-02,3.293362e-01,1.762849e+00,1.748700e-01,2.847944e-04
air,,1,1,2400,8.292853e-02,3.317141e-01,1.829437e+00,1.748740e-01,2.868507e-04
air,,1,1,2425,8.356007e-02,3.342403e-01,1.898058e+00,1.748790e-01,2.890352e-04
air,,1,1,2450,8.423031e-02,3.369212e-01,1.968822e+00,1.748850e-01,2.913535e-04
air,,1,1,2475,8.494107e-02,3.397643e-01,2.041854e+00,1.748920e-01,2.938121e-04
air,,1,1,2500,8.569419e-02,3.427768e-01,2.117302e+00,1.749010e-01,2.964171e-04
air,,1,1,2525,8.649158e-02,3.459663e-01,2.195291e+00,1.749120e-01,2.991753e-04
air,,1,1,2550,8.733530e-02,3.493412e-01,2.275985e+00,1.749250e-01,3.020937e-04
air,,1,1,2575,8.822741e-02,3.529097e-01,2.359528e+00,1.749400e-01,3.051796e-04
air,,1,1,2600,8.917023e-02,3.566809e-01,2.446090e+00,1.749590e-01,3.084408e-04
air,,1,1,2625,9.016602e-02,3.606641e-01,2.535840e+00,1.749820e-01,3.118852e-04
air,,1,1,2650,9.121765e-02,3.648706e-01,2.628967e+00,1.750090e-01,3.155228e-04
air,,1,1,2675,9.232736e-02,3.693094e-01,2.725651e+00,1.750410e-01,3.193613e-04
air,,1,1,2700,9.349856e-02,3.739942e-01,2.826117e+00,1.750800e-01,3.234125e-04
air,,1,1,2725,9.473438e-02,3.789375e-01,2.930567e+00,1.751260e-01,3.276872e-04
air,,1,1,2750,9.603826e-02,3.841530e-01,3.039262e+00,1.751820e-01,3.321974e-04
air,,1,1,2775,9.741425e-02,3.896570e-01,3.152440e+00,1.752470e-01,3.369569e-04
air,,1,1,2800,9.886686e-02,3.954675e-01,3.270392e+00,1.753260e-01,3.419815e-04
air,,1,1,2825,1.003958e-01,4.015834e-01,3.392884e+00,1.754190e-01,3.472703e-04
air,,1,1,2850,1.019942e-01,4.079769e-01,3.519014e+00,1.755300e-01,3.527991e-04
air,,1,1,2875,1.036832e-01,4.147328e-01,3.650564e+00,1.756620e-01,3.586413e-04
air,,1,1,2900,1.054696e-01,4.218786e-01,3.787937e+00,1.758190e-01,3.648206e-04
air,,1,1,2925,1.073623e-01,4.294493e-01,3.931570e+00,1.760070e-01,3.713675e-04
air,,1,1,2950,1.093723e-01,4.374894e-01,4.081962e+00,1.762310e-01,3.783201e-04
air,,1,1,2975,1.115119e-01,4.460476e-01,4.239717e+00,1.764980e-01,3.857208e-04
air,,1,1,3000,1.137967e-01,4.551869e-01,4.405530e+00,1.768170e-01,3.936241e-04
air,,1,1,3025,1.162454e-01,4.649818e-01,4.580231e+00,1.771980e-01,4.020942e-04
air,,1,1,3050,1.188820e-01,4.755282e-01,4.764829e+00,1.776540e-01,4.112143e-04
air,,1,1,3075,1.217360e-01,4.869439e-01,4.960530e+00,1.781990e-01,4.210860e-04
air,,1,1,3100,1.248428e-01,4.993711e-01,5.168796e+00,1.788520e-01,4.318325e-04
air,,1,1,3125,1.281840e-01,5.127360e-01,5.384553e+00,1.796340e-01,4.433899e-04
air,,1,1,3150,1.318665e-01,5.274661e-01,5.615153e+00,1.805710e-01,4.561277e-04
air,,1,1,3175,1.359646e-01,5.438585e-01,5.863380e+00,1.816940e-01,4.703031e-04
air,,1,1,3200,1.405719e-01,5.622876e-01,6.132398e+00,1.830410e-01,4.862397e-04
air,,1,1,3225,1.458084e-01,5.832336e-01,6.426194e+00,1.846570e-01,5.043528e-04
air,,1,1,3250,1.517998e-01,6.071993e-01,6.746084e+00,1.865960e-01,5.250772e-04
air,,1,1,3275,1.586841e-01,6.347363e-01,7.090825e+00,1.889220e-01,5.488899e-04
air,,1,1,3300,1.668200e-01,6.672800e-01,7.476684e+00,1.917140e-01,5.770322e-04
air,,1,1,3325,1.765664e-01,7.062657e-01,7.911116e+00,1.950630e-01,6.107451e-04
air,,1,1,3350,1.883008e-01,7.532031e-01,8.390312e+00,1.990830e-01,6.513344e-04
air,,1,1,3375,2.028914e-01,8.115655e-01,8.942366e+00,2.039090e-01,7.018034e-04
air,,1,1,3400,2.212739e-01,8.850956e-01,9.569341e+00,2.097030e-01,7.653888e-04
air,,1,1,3425,2.451011e-01,9.804042e-01,1.029350e+01,2.166610e-01,8.478072e-04
air,,1,1,3450,2.768365e-01,1.107346e+00,1.112510e+01,2.250230e-01,9.575804e-04
air,,1,1,3475,3.211223e-01,1.284489e+00,1.211095e+01,2.350790e-01,1.110765e-03
air,,1,1,3500,3.864071e-01,1.545629e+00,1.329456e+01,2.471860e-01,1.336586e-03
air,,1,1,3525,4.898592e-01,1.959437e+00,1.469777e+01,2.617830e-01,1.694428e-03
air,,1,1,3550,6.745639e-01,2.698256e+00,1.636819e+01,2.794180e-01,2.333324e-03
air,,1,1,3575,1.082932e+00,4.331726e+00,1.838032e+01,3.007760e-01,3.745872e-03
air,,1,1,3600,2.515330e+00,1.000000e+01,2.076040e+01,3.267310e-01,8.700553e-03
air,,1,1,3625,3.289530e+00,1.000000e+01,2.154510e+01,3.584030e-01,1.137852e-02
air,,1,1,3650,4.229650e+00,1.000000e+01,2.234720e+01,3.972620e-01,1.463040e-02
air,,1,1,3675,5.382290e+00,1.000000e+01,2.316020e+01,4.452610e-01,1.861740e-02
air,,1,1,3700,6.811200e+00,1.000000e+01,2.397620e+01,5.050640e-01,2.356001e-02
air,,1,1,3725,8.605900e+00,1.000000e+01,2.478550e+01,5.803910e-01,2.976790e-02
air,,1,1,3750,1.089590e+01,1.000000e+01,2.557730e+01,6.766060e-01,3.768903e-02
air,,1,1,3775,1.387560e+01,1.000000e+01,2.633960e+01,8.017320e-01,4.799585e-02
air,,1,1,3800,1.784990e+01,1.000000e+01,2.705960e+01,9.683390e-01,6.174300e-02
air,,1,1,3825,2.332530e+01,1.000000e+01,2.772430e+01,1.197290e+00,8.068246e-02
air,,1,1,3850,3.120570e+01,1.000000e+01,2.832040e+01,1.525910e+00,1.079409e-01
air,,1,1,3875,4.327260e+01,1.000000e+01,2.883480e+01,2.028090e+00,1.496804e-01
air,,1,1,3900,6.357000e+01,1.000000e+01,2.925420e+01,2.873260e+00,2.198893e-01
air,,1,1,3925,1.035960e+02,1.000000e+01,2.956450e+01,4.551670e+00,3.583397e-01
air,,1,1,3950,2.136400e+02,1.000000e+01,2.974930e+01,9.282250e+00,7.389831e-01
air,,1,1,3975,1.000000e+03,1.000000e+01,2.980480e+01,7.056540e+01,3.459011e+00
air,,1,1,4000,1.000000e+03,1.000000e+01,2.998870e+01,2.000000e+02,3.459011e+00
hvof_phi0p8,0.8,0,0.01,300,1.579409e-02,6.317637e-02,-1.013136e+01,6.235280e-02,5.463194e-05
hvof_phi0p8,0.8,0,0.01,325,1.617539e-02,6.470157e-02,-1.009296e+01,6.329530e-02,5.595086e-05
hvof_phi0p8,0.8,0,0.01,350,1.666588e-02,6.666353e-02,-1.005110e+01,6.449820e-02,5.764747e-05
hvof_phi0p8,0.8,0,0.01,375,1.726573e-02,6.906292e-02,-1.000551e+01,6.595840e-02,5.972235e-05
hvof_phi0p8,0.8,0,0.01,400,1.799851e-02,7.199403e-02,-9.955784e+00,6.767690e-02,6.225703e-05
hvof_phi0p8,0.8,0,0.01,425,1.880773e-02,7.523091e-02,-9.900358e+00,6.966850e-02,6.505613e-05
hvof_phi0p8,0.8,0,0.01,450,1.976114e-02,7.904458e-02,-9.838443e+00,7.196880e-02,6.835401e-05
hvof_phi0p8,0.8,0,0.01,475,2.085297e-02,8.341189e-02,-9.767650e+00,7.463500e-02,7.213065e-05
hvof_phi0p8,0.8,0,0.01,500,2.210294e-02,8.841177e-02,-9.685148e+00,7.774360e-02,7.645432e-05
hvof_phi0p8,0.8,0,0.01,525,2.353740e-02,9.414959e-02,-9.587592e+00,8.138780e-02,8.141611e-05
hvof_phi0p8,0.8,0,0.01,550,2.521365e-02,1.008546e-01,-9.471286e+00,8.568120e-02,8.721429e-05
hvof_phi0p8,0.8,0,0.01,575,2.715357e-02,1.086143e-01,-9.331272e+00,9.077270e-02,9.392451e-05
hvof_phi0p8,0.8,0,0.01,600,2.948554e-02,1.179422e-01,-9.163658e+00,9.688140e-02,1.019908e-04
hvof_phi0p8,0.8,0,0.01,625,3.234926e-02,1.293970e-01,-8.961164e+00,1.043590e-01,1.118964e-04
hvof_phi0p8,0.8,0,0.01,650,3.600368e-02,1.440147e-01,-8.711905e+00,1.137870e-01,1.245371e-04
hvof_phi0p8,0.8,0,0.01,675,4.088622e-02,1.635449e-01,-8.395925e+00,1.260990e-01,1.414259e-04
hvof_phi0p8,0.8,0,0.01,700,4.763565e-02,1.905426e-01,-7.985637e+00,1.426740e-01,1.647722e-04
hvof_phi0p8,0.8,0,0.01,725,5.719392e-02,2.287757e-01,-7.447691e+00,1.653030e-01,1.978344e-04
hvof_phi0p8,0.8,0,0.01,750,7.068240e-02,2.827296e-01,-6.758066e+00,1.958100e-01,2.444912e-04
hvof_phi0p8,0.8,0,0.01,775,8.890869e-02,3.556348e-01,-5.930470e+00,2.350410e-01,3.075361e-04
hvof_phi0p8,0.8,0,0.01,800,1.112131e-01,4.448526e-01,-5.047718e+00,2.811050e-01,3.846875e-04
hvof_phi0p8,0.8,0,0.01,825,1.344571e-01,5.378283e-01,-4.245324e+00,3.282040e-01,4.650885e-04
hvof_phi0p8,0.8,0,0.01,850,1.543538e-01,6.174151e-01,-3.629112e+00,3.687530e-01,5.339114e-04
hvof_phi0p8,0.8,0,0.01,875,1.685513e-01,6.742050e-01,-3.213245e+00,3.982150e-01,5.830206e-04
hvof_phi0p8,0.8,0,0.01,900,1.774700e-01,7.098799e-01,-2.948084e+00,4.170070e-01,6.138705e-04
hvof_phi0p8,0.8,0,0.01,925,1.827004e-01,7.308018e-01,-2.777805e+00,4.281000e-01,6.319628e-04
hvof_phi0p8,0.8,0,0.01,950,1.856910e-01,7.427641e-01,-2.661351e+00,4.344330e-01,6.423073e-04
hvof_phi0p8,0.8,0,0.01,975,1.874003e-01,7.496013e-01,-2.574678e+00,4.380300e-01,6.482198e-04
hvof_phi0p8,0.8,0,0.01,1000,1.883895e-01,7.535579e-01,-2.504395e+00,4.400930e-01,6.516412e-04
hvof_phi0p8,0.8,0,0.01,1025,1.889724e-01,7.558898e-01,-2.443210e+00,4.412970e-01,6.536577e-04
hvof_phi0p8,0.8,0,0.01,1050,1.893230e-01,7.572919e-01,-2.387148e+00,4.420150e-01,6.548702e-04
hvof_phi0p8,0.8,0,0.01,1075,1.895381e-01,7.581524e-01,-2.334000e+00,4.424510e-01,6.556143e-04
hvof_phi0p8,0.8,0,0.01,1100,1.896728e-01,7.586914e-01,-2.282526e+00,4.427230e-01,6.560804e-04
hvof_phi0p8,0.8,0,0.01,1125,1.897589e-01,7.590354e-01,-2.232000e+00,4.428950e-01,6.563779e-04
hvof_phi0p8,0.8,0,0.01,1150,1.898146e-01,7.592586e-01,-2.182013e+00,4.430070e-01,6.565709e-04
hvof_phi0p8,0.8,0,0.01,1175,1.898516e-01,7.594063e-01,-2.132302e+00,4.430800e-01,6.566986e-04
hvof_phi0p8,0.8,0,0.01,1200,1.898762e-01,7.595050e-01,-2.082717e+00,4.431300e-01,6.567840e-04
hvof_phi0p8,0.8,0,0.01,1225,1.898930e-01,7.595718e-01,-2.033152e+00,4.431630e-01,6.568418e-04
hvof_phi0p8,0.8,0,0.01,1250,1.899048e-01,7.596191e-01,-1.983556e+00,4.431860e-01,6.568827e-04
hvof_phi0p8,0.8,0,0.01,1275,1.899129e-01,7.596517e-01,-1.933878e+00,4.432030e-01,6.569109e-04
hvof_phi0p8,0.8,0,0.01,1300,1.899185e-01,7.596740e-01,-1.884103e+00,4.432140e-01,6.569301e-04
hvof_phi0p8,0.8,0,0.01,1325,1.899228e-01,7.596911e-01,-1.834196e+00,4.432230e-01,6.569449e-04
hvof_phi0p8,0.8,0,0.01,1350,1.899258e-01,7.597031e-01,-1.784161e+00,4.432290e-01,6.569553e-04
hvof_phi0p8,0.8,0,0.01,1375,1.899284e-01,7.597134e-01,-1.733972e+00,4.432340e-01,6.569642e-04
hvof_phi0p8,0.8,0,0.01,1400,1.899301e-01,7.597203e-01,-1.683619e+00,4.432370e-01,6.569701e-04
hvof_phi0p8,0.8,0,0.01,1425,1.899318e-01,7.597271e-01,-1.633084e+00,4.432400e-01,6.569761e-04
hvof_phi0p8,0.8,0,0.01,1450,1.899335e-01,7.597340e-01,-1.582365e+00,4.432420e-01,6.569820e-04
hvof_phi0p8,0.8,0,0.01,1475,1.899350e-01,7.597401e-01,-1.531430e+00,4.432440e-01,6.569873e-04
hvof_phi0p8,0.8,0,0.01,1500,1.899368e-01,7.597470e-01,-1.480262e+00,4.432460e-01,6.569933e-04
hvof_phi0p8,0.8,0,0.01,1525,1.899385e-01,7.597539e-01,-1.428835e+00,4.432480e-01,6.569992e-04
hvof_phi0p8,0.8,0,0.01,1550,1.899409e-01,7.597635e-01,-1.377123e+00,4.432500e-01,6.570075e-04
hvof_phi0p8,0.8,0,0.01,1575,1.899439e-01,7.597755e-01,-1.325073e+00,4.432520e-01,6.570179e-04
hvof_phi0p8,0.8,0,0.01,1600,1.899471e-01,7.597885e-01,-1.272647e+00,4.432550e-01,6.570291e-04
hvof_phi0p8,0.8,0,0.01,1625,1.899517e-01,7.598066e-01,-1.219778e+00,4.432580e-01,6.570448e-04
hvof_phi0p8,0.8,0,0.01,1650,1.899566e-01,7.598265e-01,-1.166415e+00,4.432610e-01,6.570620e-04
hvof_phi0p8,0.8,0,0.01,1675,1.899633e-01,7.598533e-01,-1.112471e+00,4.432650e-01,6.570851e-04
hvof_phi0p8,0.8,0,0.01,1700,1.899715e-01,7.598862e-01,-1.057846e+00,4.432700e-01,6.571136e-04
hvof_phi0p8,0.8,0,0.01,1725,1.899813e-01,7.599253e-01,-1.002442e+00,4.432760e-01,6.571474e-04
hvof_phi0p8,0.8,0,0.01,1750,1.899932e-01,7.599729e-01,-9.461301e-01,4.432840e-01,6.571886e-04
hvof_phi0p8,0.8,0,0.01,1775,1.900075e-01,7.600298e-01,-8.887724e-01,4.432920e-01,6.572378e-04
hvof_phi0p8,0.8,0,0.01,1800,1.900248e-01,7.600991e-01,-8.302033e-01,4.433030e-01,6.572977e-04
hvof_phi0p8,0.8,0,0.01,1825,1.900454e-01,7.601814e-01,-7.702409e-01,4.433150e-01,6.573689e-04
hvof_phi0p8,0.8,0,0.01,1850,1.900696e-01,7.602785e-01,-7.086778e-01,4.433300e-01,6.574529e-04
hvof_phi0p8,0.8,0,0.01,1875,1.900982e-01,7.603928e-01,-6.452815e-01,4.433470e-01,6.575517e-04
hvof_phi0p8,0.8,0,0.01,1900,1.901320e-01,7.605280e-01,-5.797912e-01,4.433670e-01,6.576686e-04
hvof_phi0p8,0.8,0,0.01,1925,1.901716e-01,7.606866e-01,-5.119184e-01,4.433910e-01,6.578058e-04
hvof_phi0p8,0.8,0,0.01,1950,1.902174e-01,7.608696e-01,-4.413461e-01,4.434180e-01,6.579641e-04
hvof_phi0p8,0.8,0,0.01,1975,1.902705e-01,7.610819e-01,-3.677215e-01,4.434500e-01,6.581476e-04
hvof_phi0p8,0.8,0,0.01,2000,1.903315e-01,7.613260e-01,-2.906608e-01,4.434870e-01,6.583587e-04
hvof_phi0p8,0.8,0,0.01,2025,1.904016e-01,7.616062e-01,-2.097440e-01,4.435280e-01,6.586010e-04
hvof_phi0p8,0.8,0,0.01,2050,1.904815e-01,7.619259e-01,-1.245152e-01,4.435760e-01,6.588774e-04
hvof_phi0p8,0.8,0,0.01,2075,1.905725e-01,7.622902e-01,-3.448104e-02,4.436290e-01,6.591925e-04
hvof_phi0p8,0.8,0,0.01,2100,1.906754e-01,7.627016e-01,6.088546e-02,4.436900e-01,6.595482e-04
hvof_phi0p8,0.8,0,0.01,2125,1.907914e-01,7.631658e-01,1.621525e-01,4.437580e-01,6.599496e-04
hvof_phi0p8,0.8,0,0.01,2150,1.909218e-01,7.636870e-01,2.699240e-01,4.438340e-01,6.604004e-04
hvof_phi0p8,0.8,0,0.01,2175,1.910677e-01,7.642707e-01,3.848396e-01,4.439190e-01,6.609051e-04
hvof_phi0p8,0.8,0,0.01,2200,1.912302e-01,7.649209e-01,5.075731e-01,4.440130e-01,6.614674e-04
hvof_phi0p8,0.8,0,0.01,2225,1.914107e-01,7.656426e-01,6.388298e-01,4.441170e-01,6.620915e-04
hvof_phi0p8,0.8,0,0.01,2250,1.916100e-01,7.664401e-01,7.793446e-01,4.442310e-01,6.627811e-04
hvof_phi0p8,0.8,0,0.01,2275,1.918299e-01,7.673194e-01,9.298788e-01,4.443560e-01,6.635415e-04
hvof_phi0p8,0.8,0,0.01,2300,1.920710e-01,7.682840e-01,1.091212e+00,4.444920e-01,6.643756e-04
hvof_phi0p8,0.8,0,0.01,2325,1.923348e-01,7.693394e-01,1.264138e+00,4.446400e-01,6.652883e-04
hvof_phi0p8,0.8,0,0.01,2350,1.926227e-01,7.704909e-01,1.449457e+00,4.448000e-01,6.662841e-04
hvof_phi0p8,0.8,0,0.01,2375,1.929357e-01,7.717428e-01,1.647966e+00,4.449740e-01,6.673666e-04
hvof_phi0p8,0.8,0,0.01,2400,1.932756e-01,7.731026e-01,1.860474e+00,4.451610e-01,6.685425e-04
hvof_phi0p8,0.8,0,0.01,2425,1.936437e-01,7.745747e-01,2.087730e+00,4.453640e-01,6.698156e-04
hvof_phi0p8,0.8,0,0.01,2450,1.940418e-01,7.761672e-01,2.330482e+00,4.455840e-01,6.711926e-04
hvof_phi0p8,0.8,0,0.01,2475,1.944731e-01,7.778924e-01,2.589451e+00,4.458230e-01,6.726845e-04
hvof_phi0p8,0.8,0,0.01,2500,1.949406e-01,7.797626e-01,2.865282e+00,4.460860e-01,6.743018e-04
hvof_phi0p8,0.8,0,0.01,2525,1.954496e-01,7.817983e-01,3.158594e+00,4.463780e-01,6.760622e-04
hvof_phi0p8,0.8,0,0.01,2550,1.960068e-01,7.840273e-01,3.469947e+00,4.467060e-01,6.779897e-04
hvof_phi0p8,0.8,0,0.01,2575,1.966217e-01,7.864870e-01,3.799865e+00,4.470820e-01,6.801167e-04
hvof_phi0p8,0.8,0,0.01,2600,1.973086e-01,7.892342e-01,4.148871e+00,4.475200e-01,6.824924e-04
hvof_phi0p8,0.8,0,0.01,2625,1.980864e-01,7.923457e-01,4.517485e+00,4.480430e-01,6.851830e-04
hvof_phi0p8,0.8,0,0.01,2650,1.989819e-01,7.959275e-01,4.906344e+00,4.486810e-01,6.882804e-04
hvof_phi0p8,0.8,0,0.01,2675,2.000334e-01,8.001336e-01,5.316257e+00,4.494730e-01,6.919177e-04
hvof_phi0p8,0.8,0,0.01,2700,2.012929e-01,8.051717e-01,5.747179e+00,4.504730e-01,6.962744e-04
hvof_phi0p8,0.8,0,0.01,2725,2.028324e-01,8.113297e-01,6.201646e+00,4.517550e-01,7.015996e-04
hvof_phi0p8,0.8,0,0.01,2750,2.047511e-01,8.190045e-01,6.682103e+00,4.534160e-01,7.082363e-04
hvof_phi0p8,0.8,0,0.01,2775,2.071846e-01,8.287384e-01,7.192187e+00,4.555810e-01,7.166537e-04
hvof_phi0p8,0.8,0,0.01,2800,2.103213e-01,8.412851e-01,7.737356e+00,4.584200e-01,7.275036e-04
hvof_phi0p8,0.8,0,0.01,2825,2.144212e-01,8.576849e-01,8.325585e+00,4.621490e-01,7.416853e-04
hvof_phi0p8,0.8,0,0.01,2850,2.198520e-01,8.794080e-01,8.968551e+00,4.670540e-01,7.604704e-04
hvof_phi0p8,0.8,0,0.01,2875,2.271370e-01,9.085481e-01,9.680304e+00,4.735040e-01,7.856694e-04
hvof_phi0p8,0.8,0,0.01,2900,2.370475e-01,9.481901e-01,1.047721e+01,4.819790e-01,8.199499e-04
hvof_phi0p8,0.8,0,0.01,2925,2.507550e-01,1.003020e+00,1.139863e+01,4.931020e-01,8.673642e-04
hvof_phi0p8,0.8,0,0.01,2950,2.701301e-01,1.080520e+00,1.246064e+01,5.076840e-01,9.343828e-04
hvof_phi0p8,0.8,0,0.01,2975,2.983527e-01,1.193411e+00,1.376261e+01,5.267900e-01,1.032005e-03
hvof_phi0p8,0.8,0,0.01,3000,3.413134e-01,1.365254e+00,1.531224e+01,5.518230e-01,1.180607e-03
hvof_phi0p8,0.8,0,0.01,3025,4.113272e-01,1.645309e+00,1.727507e+01,5.846570e-01,1.422785e-03
hvof_phi0p8,0.8,0,0.01,3050,5.392653e-01,2.157061e+00,1.978478e+01,6.278320e-01,1.865325e-03
hvof_phi0p8,0.8,0,0.01,3075,8.309639e-01,3.323856e+00,2.304823e+01,6.848550e-01,2.874313e-03
hvof_phi0p8,0.8,0,0.01,3100,2.048625e+00,8.194498e+00,2.745913e+01,7.606950e-01,7.086214e-03
hvof_phi0p8,0.8,0,0.01,3125,3.968150e+00,1.000000e+01,2.863730e+01,8.626180e-01,1.372587e-02
hvof_phi0p8,0.8,0,0.01,3150,6.210940e+00,1.000000e+01,2.912180e+01,1.001680e+00,2.148371e-02
hvof_phi0p8,0.8,0,0.01,3175,9.351650e+00,1.000000e+01,2.948880e+01,1.195590e+00,3.234746e-02
hvof_phi0p8,0.8,0,0.01,3200,1.388980e+01,1.000000e+01,2.974110e+01,1.474630e+00,4.804497e-02
hvof_phi0p8,0.8,0,0.01,3225,2.075920e+01,1.000000e+01,2.988700e+01,1.895370e+00,7.180630e-02
hvof_phi0p8,0.8,0,0.01,3250,3.193270e+01,1.000000e+01,2.993950e+01,2.577280e+00,1.104556e-01
hvof_phi0p8,0.8,0,0.01,3275,5.243440e+01,1.000000e+01,2.991390e+01,3.824470e+00,1.813712e-01
hvof_phi0p8,0.8,0,0.01,3300,9.996850e+01,1.000000e+01,2.982640e+01,6.708370e+00,3.457921e-01
hvof_phi0p8,0.8,0,0.01,3325,3.134760e+02,1.000000e+01,2.969180e+01,1.963680e+01,1.084317e+00
hvof_phi0p8,0.8,0,0.01,3350,1.000000e+03,1.000000e+01,2.979470e+01,2.000000e+02,3.459011e+00
hvof_phi0p8,0.8,0,0.01,3375,1.000000e+03,1.000000e+01,3.008270e+01,2.000000e+02,3.459011e+00
hvof_phi0p8,0.8,0,0.01,3400,1.000000e+03,1.000000e+01,3.039320e+01,2.000000e+02,3.459011e+00
hvof_phi0p8,0.8,0,0.01,3425,1.000000e+03,1.000000e+01,3.072830e+01,2.000000e+02,3.459011e+00
hvof_phi0p8,0.8,0,0.01,3450,1.000000e+03,1.000000e+01,3.109030e+01,2.000000e+02,3.459011e+00
hvof_phi0p8,0.8,0,0.01,3475,1.000000e+03,1.000000e+01,3.148190e+01,2.000000e+02,3.459011e+00
hvof_phi0p8,0.8,0,0.01,3500,1.000000e+03,1.000000e+01,3.190570e+01,2.000000e+02,3.459011e+00
hvof_phi0p8,0.8,0,0.01,3525,1.000000e+03,1.000000e+01,3.236460e+01,2.000000e+02,3.459011e+00
hvof_phi0p8,0.8,0,0.01,3550,1.000000e+03,1.000000e+01,3.286150e+01,2.000000e+02,3.459011e+00
hvof_phi0p8,0.8,0,0.01,3575,1.000000e+03,1.000000e+01,3.339960e+01,2.000000e+02,3.459011e+00
hvof_phi0p8,0.8,0,0.01,3600,1.000000e+03,1.000000e+01,3.398210e+01,2.000000e+02,3.459011e+00
hvof_phi0p8,0.8,0,0.01,3625,1.000000e+03,1.000000e+01,3.461230e+01,2.000000e+02,3.459011e+00
hvof_phi0p8,0.8,0,0.01,3650,1.000000e+03,1.000000e+01,3.529350e+01,2.000000e+02,3.459011e+00
hvof_phi0p8,0.8,0,0.01,3675,1.000000e+03,1.000000e+01,3.602880e+01,2.000000e+02,3.459011e+00
hvof_phi0p8,0.8,0,0.01,3700,1.000000e+03,1.000000e+01,3.682110e+01,2.000000e+02,3.459011e+00
hvof_phi0p8,0.8,0,0.01,3725,1.000000e+03,1.000000e+01,3.767290e+01,2.000000e+02,3.459011e+00
hvof_phi0p8,0.8,0,0.01,3750,1.000000e+03,1.000000e+01,3.858610e+01,2.000000e+02,3.459011e+00
hvof_phi0p8,0.8,0,0.01,3775,1.000000e+03,1.000000e+01,3.956160e+01,2.000000e+02,3.459011e+00
hvof_phi0p8,0.8,0,0.01,3800,1.000000e+03,1.000000e+01,4.059950e+01,2.000000e+02,3.459011e+00
hvof_phi0p8,0.8,0,0.01,3825,1.000000e+03,1.000000e+01,4.169810e+01,2.000000e+02,3.459011e+00
hvof_phi0p8,0.8,0,0.01,3850,1.000000e+03,1.000000e+01,4.285420e+01,2.000000e+02,3.459011e+00
hvof_phi0p8,0.8,0,0.01,3875,1.000000e+03,1.000000e+01,4.406250e+01,2.000000e+02,3.459011e+00
hvof_phi0p8,0.8,0,0.01,3900,1.000000e+03,1.000000e+01,4.531570e+01,2.000000e+02,3.459011e+00
hvof_phi0p8,0.8,0,0.01,3925,1.000000e+03,1.000000e+01,4.660400e+01,2.000000e+02,3.459011e+00
hvof_phi0p8,0.8,0,0.01,3950,1.000000e+03,1.000000e+01,4.791590e+01,2.000000e+02,3.459011e+00
hvof_phi0p8,0.8,0,0.01,3975,1.000000e+03,1.000000e+01,4.923790e+01,2.000000e+02,3.459011e+00
hvof_phi0p8,0.8,0,0.01,4000,1.000000e+03,1.000000e+01,5.055540e+01,2.000000e+02,3.459011e+00
hvof_phi0p8,0.8,0,1,300,1.579308e-02,6.317230e-02,-1.013143e+01,6.234970e-02,5.462842e-05
hvof_phi0p8,0.8,0,1,325,1.617149e-02,6.468596e-02,-1.009321e+01,6.328330e-02,5.593736e-05
hvof_phi0p8,0.8,0,1,350,1.665342e-02,6.661367e-02,-1.005184e+01,6.446010e-02,5.760435e-05
hvof_phi0p8,0.8,0,1,375,1.723201e-02,6.892805e-02,-1.000741e+01,6.585580e-02,5.960572e-05
hvof_phi0p8,0.8,0,1,400,1.791996e-02,7.167984e-02,-9.960452e+00,6.743500e-02,6.198533e-05
hvof_phi0p8,0.8,0,1,425,1.863882e-02,7.455529e-02,-9.910481e+00,6.915890e-02,6.447188e-05
hvof_phi0p8,0.8,0,1,450,1.943755e-02,7.775019e-02,-9.858574e+00,7.099110e-02,6.723469e-05
hvof_phi0p8,0.8,0,1,475,2.028110e-02,8.112441e-02,-9.804661e+00,7.290230e-02,7.015255e-05
hvof_phi0p8,0.8,0,1,500,2.115848e-02,8.463394e-02,-9.748739e+00,7.487210e-02,7.318743e-05
hvof_phi0p8,0.8,0,1,525,2.206149e-02,8.824594e-02,-9.690611e+00,7.689020e-02,7.631092e-05
hvof_phi0p8,0.8,0,1,550,2.298531e-02,9.194124e-02,-9.629891e+00,7.895710e-02,7.950643e-05
hvof_phi0p8,0.8,0,1,575,2.392910e-02,9.571641e-02,-9.565892e+00,8.108570e-02,8.277102e-05
hvof_phi0p8,0.8,0,1,600,2.489736e-02,9.958943e-02,-9.497625e+00,8.330420e-02,8.612023e-05
hvof_phi0p8,0.8,0,1,625,2.591604e-02,1.036642e-01,-9.423211e+00,8.566090e-02,8.964387e-05
hvof_phi0p8,0.8,0,1,650,2.699509e-02,1.079804e-01,-9.341137e+00,8.823170e-02,9.337631e-05
hvof_phi0p8,0.8,0,1,675,2.816993e-02,1.126797e-01,-9.248790e+00,9.112970e-02,9.744007e-05
hvof_phi0p8,0.8,0,1,700,2.949752e-02,1.179901e-01,-9.142540e+00,9.451650e-02,1.020322e-04
hvof_phi0p8,0.8,0,1,725,3.106091e-02,1.242436e-01,-9.017554e+00,9.861570e-02,1.074400e-04
hvof_phi0p8,0.8,0,1,750,3.297569e-02,1.319028e-01,-8.867535e+00,1.037260e-01,1.140633e-04
hvof_phi0p8,0.8,0,1,775,3.539734e-02,1.415894e-01,-8.684500e+00,1.102320e-01,1.224398e-04
hvof_phi0p8,0.8,0,1,800,3.854050e-02,1.541620e-01,-8.458392e+00,1.186120e-01,1.333120e-04
hvof_phi0p8,0.8,0,1,825,4.267902e-02,1.707161e-01,-8.177719e+00,1.294320e-01,1.476272e-04
hvof_phi0p8,0.8,0,1,850,4.809616e-02,1.923847e-01,-7.831762e+00,1.433190e-01,1.663651e-04
hvof_phi0p8,0.8,0,1,875,5.518151e-02,2.207261e-01,-7.410009e+00,1.608960e-01,1.908734e-04
hvof_phi0p8,0.8,0,1,900,6.427390e-02,2.570956e-01,-6.908475e+00,1.826530e-01,2.223241e-04
hvof_phi0p8,0.8,0,1,925,7.564058e-02,3.025623e-01,-6.333360e+00,2.087400e-01,2.616416e-04
hvof_phi0p8,0.8,0,1,950,8.923955e-02,3.569582e-01,-5.706622e+00,2.386900e-01,3.086806e-04
hvof_phi0p8,0.8,0,1,975,1.045547e-01,4.182187e-01,-5.065701e+00,2.711960e-01,3.616558e-04
hvof_phi0p8,0.8,0,1,1000,1.205412e-01,4.821649e-01,-4.456455e+00,3.041440e-01,4.169534e-04
hvof_phi0p8,0.8,0,1,1025,1.358451e-01,5.433803e-01,-3.918436e+00,3.350750e-01,4.698895e-04
hvof_phi0p8,0.8,0,1,1050,1.492775e-01,5.971101e-01,-3.471775e+00,3.619460e-01,5.163526e-04
hvof_phi0p8,0.8,0,1,1075,1.602167e-01,6.408668e-01,-3.119036e+00,3.837100e-01,5.541913e-04
hvof_phi0p8,0.8,0,1,1100,1.686063e-01,6.744252e-01,-2.846296e+00,4.003710e-01,5.832110e-04
hvof_phi0p8,0.8,0,1,1125,1.747812e-01,6.991248e-01,-2.636566e+00,4.126200e-01,6.045701e-04
hvof_phi0p8,0.8,0,1,1150,1.792117e-01,7.168469e-01,-2.474158e+00,4.213990e-01,6.198953e-04
hvof_phi0p8,0.8,0,1,1175,1.823446e-01,7.293785e-01,-2.344975e+00,4.276080e-01,6.307320e-04
hvof_phi0p8,0.8,0,1,1200,1.845475e-01,7.381901e-01,-2.239066e+00,4.319780e-01,6.383518e-04
hvof_phi0p8,0.8,0,1,1225,1.860952e-01,7.443808e-01,-2.149343e+00,4.350580e-01,6.437053e-04
hvof_phi0p8,0.8,0,1,1250,1.871864e-01,7.487455e-01,-2.070875e+00,4.372390e-01,6.474797e-04
hvof_phi0p8,0.8,0,1,1275,1.879593e-01,7.518373e-01,-2.000251e+00,4.387960e-01,6.501533e-04
hvof_phi0p8,0.8,0,1,1300,1.885102e-01,7.540408e-01,-1.935121e+00,4.399160e-01,6.520588e-04
hvof_phi0p8,0.8,0,1,1325,1.889052e-01,7.556208e-01,-1.873855e+00,4.407310e-01,6.534251e-04
hvof_phi0p8,0.8,0,1,1350,1.891907e-01,7.567629e-01,-1.815332e+00,4.413280e-01,6.544127e-04
hvof_phi0p8,0.8,0,1,1375,1.893979e-01,7.575917e-01,-1.758766e+00,4.417700e-01,6.551295e-04
hvof_phi0p8,0.8,0,1,1400,1.895495e-01,7.581979e-01,-1.703584e+00,4.421010e-01,6.556537e-04
hvof_phi0p8,0.8,0,1,1425,1.896611e-01,7.586445e-01,-1.649401e+00,4.423510e-01,6.560398e-04
hvof_phi0p8,0.8,0,1,1450,1.897436e-01,7.589743e-01,-1.595926e+00,4.425410e-01,6.563251e-04
hvof_phi0p8,0.8,0,1,1475,1.898048e-01,7.592190e-01,-1.542942e+00,4.426870e-01,6.565367e-04
hvof_phi0p8,0.8,0,1,1500,1.898507e-01,7.594030e-01,-1.490310e+00,4.428000e-01,6.566958e-04
hvof_phi0p8,0.8,0,1,1525,1.898856e-01,7.595423e-01,-1.437898e+00,4.428890e-01,6.568163e-04
hvof_phi0p8,0.8,0,1,1550,1.899120e-01,7.596480e-01,-1.385633e+00,4.429590e-01,6.569077e-04
hvof_phi0p8,0.8,0,1,1575,1.899329e-01,7.597317e-01,-1.333434e+00,4.430150e-01,6.569800e-04
hvof_phi0p8,0.8,0,1,1600,1.899496e-01,7.597983e-01,-1.281257e+00,4.430600e-01,6.570376e-04
hvof_phi0p8,0.8,0,1,1625,1.899636e-01,7.598546e-01,-1.229053e+00,4.430980e-01,6.570863e-04
hvof_phi0p8,0.8,0,1,1650,1.899760e-01,7.599040e-01,-1.176789e+00,4.431290e-01,6.571290e-04
hvof_phi0p8,0.8,0,1,1675,1.899873e-01,7.599492e-01,-1.124431e+00,4.431550e-01,6.571681e-04
hvof_phi0p8,0.8,0,1,1700,1.899989e-01,7.599955e-01,-1.071956e+00,4.431790e-01,6.572082e-04
hvof_phi0p8,0.8,0,1,1725,1.900109e-01,7.600436e-01,-1.019328e+00,4.432000e-01,6.572497e-04
hvof_phi0p8,0.8,0,1,1750,1.900243e-01,7.600971e-01,-9.665263e-01,4.432190e-01,6.572960e-04
hvof_phi0p8,0.8,0,1,1775,1.900395e-01,7.601581e-01,-9.135194e-01,4.432380e-01,6.573488e-04
hvof_phi0p8,0.8,0,1,1800,1.900570e-01,7.602281e-01,-8.602812e-01,4.432570e-01,6.574093e-04
hvof_phi0p8,0.8,0,1,1825,1.900775e-01,7.603101e-01,-8.067813e-01,4.432760e-01,6.574802e-04
hvof_phi0p8,0.8,0,1,1850,1.901017e-01,7.604069e-01,-7.529854e-01,4.432970e-01,6.575639e-04
hvof_phi0p8,0.8,0,1,1875,1.901300e-01,7.605202e-01,-6.988599e-01,4.433200e-01,6.576619e-04
hvof_phi0p8,0.8,0,1,1900,1.901632e-01,7.606527e-01,-6.443638e-01,4.433440e-01,6.577765e-04
hvof_phi0p8,0.8,0,1,1925,1.902022e-01,7.608086e-01,-5.894557e-01,4.433720e-01,6.579113e-04
hvof_phi0p8,0.8,0,1,1950,1.902478e-01,7.609913e-01,-5.340869e-01,4.434030e-01,6.580693e-04
hvof_phi0p8,0.8,0,1,1975,1.903008e-01,7.612030e-01,-4.782080e-01,4.434380e-01,6.582524e-04
hvof_phi0p8,0.8,0,1,2000,1.903624e-01,7.614496e-01,-4.217607e-01,4.434770e-01,6.584656e-04
hvof_phi0p8,0.8,0,1,2025,1.904329e-01,7.617316e-01,-3.646860e-01,4.435220e-01,6.587095e-04
hvof_phi0p8,0.8,0,1,2050,1.905146e-01,7.620582e-01,-3.069138e-01,4.435730e-01,6.589919e-04
hvof_phi0p8,0.8,0,1,2075,1.906074e-01,7.624295e-01,-2.483744e-01,4.436310e-01,6.593130e-04
hvof_phi0p8,0.8,0,1,2100,1.907133e-01,7.628531e-01,-1.889881e-01,4.436960e-01,6.596793e-04
hvof_phi0p8,0.8,0,1,2125,1.908339e-01,7.633358e-01,-1.286670e-01,4.437700e-01,6.600967e-04
hvof_phi0p8,0.8,0,1,2150,1.909703e-01,7.638814e-01,-6.732209e-02,4.438520e-01,6.605685e-04
hvof_phi0p8,0.8,0,1,2175,1.911239e-01,7.644957e-01,-4.854896e-03,4.439450e-01,6.610997e-04
hvof_phi0p8,0.8,0,1,2200,1.912972e-01,7.651887e-01,5.884368e-02,4.440500e-01,6.616990e-04
hvof_phi0p8,0.8,0,1,2225,1.914910e-01,7.659642e-01,1.238829e-01,4.441660e-01,6.623696e-04
hvof_phi0p8,0.8,0,1,2250,1.917079e-01,7.668318e-01,1.903861e-01,4.442950e-01,6.631198e-04
hvof_phi0p8,0.8,0,1,2275,1.919497e-01,7.677988e-01,2.584809e-01,4.444390e-01,6.639561e-04
hvof_phi0p8,0.8,0,1,2300,1.922185e-01,7.688740e-01,3.283019e-01,4.445990e-01,6.648858e-04
hvof_phi0p8,0.8,0,1,2325,1.925168e-01,7.700672e-01,3.999959e-01,4.447750e-01,6.659177e-04
hvof_phi0p8,0.8,0,1,2350,1.928467e-01,7.713867e-01,4.737116e-01,4.449690e-01,6.670587e-04
hvof_phi0p8,0.8,0,1,2375,1.932107e-01,7.728430e-01,5.496114e-01,4.451820e-01,6.683180e-04
hvof_phi0p8,0.8,0,1,2400,1.936114e-01,7.744458e-01,6.278607e-01,4.454160e-01,6.697041e-04
hvof_phi0p8,0.8,0,1,2425,1.940521e-01,7.762083e-01,7.086389e-01,4.456720e-01,6.712282e-04
hvof_phi0p8,0.8,0,1,2450,1.945349e-01,7.781396e-01,7.921277e-01,4.459510e-01,6.728983e-04
hvof_phi0p8,0.8,0,1,2475,1.950636e-01,7.802542e-01,8.785234e-01,4.462550e-01,6.747269e-04
hvof_phi0p8,0.8,0,1,2500,1.956406e-01,7.825623e-01,9.680231e-01,4.465840e-01,6.767228e-04
hvof_phi0p8,0.8,0,1,2525,1.962698e-01,7.850794e-01,1.060844e+00,4.469420e-01,6.788995e-04
hvof_phi0p8,0.8,0,1,2550,1.969549e-01,7.878194e-01,1.157188e+00,4.473290e-01,6.812690e-04
hvof_phi0p8,0.8,0,1,2575,1.976986e-01,7.907944e-01,1.257299e+00,4.477460e-01,6.838416e-04
hvof_phi0p8,0.8,0,1,2600,1.985060e-01,7.940242e-01,1.361412e+00,4.481950e-01,6.866345e-04
hvof_phi0p8,0.8,0,1,2625,1.993801e-01,7.975203e-01,1.469758e+00,4.486780e-01,6.896578e-04
hvof_phi0p8,0.8,0,1,2650,2.003260e-01,8.013041e-01,1.582466e+00,4.491960e-01,6.929298e-04
hvof_phi0p8,0.8,0,1,2675,2.013481e-01,8.053923e-01,1.699623e+00,4.497520e-01,6.964651e-04
hvof_phi0p8,0.8,0,1,2700,2.024511e-01,8.098045e-01,1.821758e+00,4.503460e-01,7.002806e-04
hvof_phi0p8,0.8,0,1,2725,2.036407e-01,8.145629e-01,1.949156e+00,4.509800e-01,7.043954e-04
hvof_phi0p8,0.8,0,1,2750,2.049223e-01,8.196893e-01,2.082106e+00,4.516580e-01,7.088285e-04
hvof_phi0p8,0.8,0,1,2775,2.063022e-01,8.252089e-01,2.220925e+00,4.523800e-01,7.136016e-04
hvof_phi0p8,0.8,0,1,2800,2.077870e-01,8.311480e-01,2.365924e+00,4.531510e-01,7.187374e-04
hvof_phi0p8,0.8,0,1,2825,2.093851e-01,8.375404e-01,2.517469e+00,4.539710e-01,7.242653e-04
hvof_phi0p8,0.8,0,1,2850,2.111041e-01,8.444166e-01,2.675930e+00,4.548460e-01,7.302115e-04
hvof_phi0p8,0.8,0,1,2875,2.129545e-01,8.518179e-01,2.841709e+00,4.557780e-01,7.366118e-04
hvof_phi0p8,0.8,0,1,2900,2.149471e-01,8.597884e-01,3.015252e+00,4.567740e-01,7.435043e-04
hvof_phi0p8,0.8,0,1,2925,2.170945e-01,8.683779e-01,3.197057e+00,4.578380e-01,7.509321e-04
hvof_phi0p8,0.8,0,1,2950,2.194124e-01,8.776496e-01,3.387661e+00,4.589790e-01,7.589499e-04
hvof_phi0p8,0.8,0,1,2975,2.219177e-01,8.876708e-01,3.587681e+00,4.602040e-01,7.676157e-04
hvof_phi0p8,0.8,0,1,3000,2.246324e-01,8.985296e-01,3.797841e+00,4.615250e-01,7.770059e-04
hvof_phi0p8,0.8,0,1,3025,2.275819e-01,9.103277e-01,4.017394e+00,4.629560e-01,7.872083e-04
hvof_phi0p8,0.8,0,1,3050,2.307971e-01,9.231886e-01,4.248353e+00,4.645120e-01,7.983298e-04
hvof_phi0p8,0.8,0,1,3075,2.343156e-01,9.372624e-01,4.492013e+00,4.662140e-01,8.105002e-04
hvof_phi0p8,0.8,0,1,3100,2.381843e-01,9.527372e-01,4.749673e+00,4.680870e-01,8.238820e-04
hvof_phi0p8,0.8,0,1,3125,2.424612e-01,9.698448e-01,5.022880e+00,4.701610e-01,8.386759e-04
hvof_phi0p8,0.8,0,1,3150,2.472190e-01,9.888761e-01,5.313521e+00,4.724740e-01,8.551332e-04
hvof_phi0p8,0.8,0,1,3175,2.525486e-01,1.010194e+00,5.621399e+00,4.750710e-01,8.735681e-04
hvof_phi0p8,0.8,0,1,3200,2.585655e-01,1.034262e+00,5.948146e+00,4.780070e-01,8.943809e-04
hvof_phi0p8,0.8,0,1,3225,2.654190e-01,1.061676e+00,6.299631e+00,4.813510e-01,9.180873e-04
hvof_phi0p8,0.8,0,1,3250,2.733007e-01,1.093203e+00,6.679919e+00,4.851850e-01,9.453501e-04
hvof_phi0p8,0.8,0,1,3275,2.824620e-01,1.129848e+00,7.094119e+00,4.896070e-01,9.770390e-04
hvof_phi0p8,0.8,0,1,3300,2.932368e-01,1.172947e+00,7.548757e+00,4.947390e-01,1.014309e-03
hvof_phi0p8,0.8,0,1,3325,3.060783e-01,1.224313e+00,8.042358e+00,5.007260e-01,1.058728e-03
hvof_phi0p8,0.8,0,1,3350,3.216084e-01,1.286434e+00,8.579269e+00,5.077460e-01,1.112447e-03
hvof_phi0p8,0.8,0,1,3375,3.407054e-01,1.362822e+00,9.183135e+00,5.160120e-01,1.178504e-03
hvof_phi0p8,0.8,0,1,3400,3.646481e-01,1.458593e+00,9.871799e+00,5.257840e-01,1.261322e-03
hvof_phi0p8,0.8,0,1,3425,3.953740e-01,1.581496e+00,1.063104e+01,5.373760e-01,1.367603e-03
hvof_phi0p8,0.8,0,1,3450,4.359443e-01,1.743777e+00,1.149614e+01,5.511730e-01,1.507936e-03
hvof_phi0p8,0.8,0,1,3475,4.915117e-01,1.966047e+00,1.250575e+01,5.676420e-01,1.700144e-03
hvof_phi0p8,0.8,0,1,3500,5.714690e-01,2.285876e+00,1.365486e+01,5.873580e-01,1.976717e-03
hvof_phi0p8,0.8,0,1,3525,6.949273e-01,2.779709e+00,1.499463e+01,6.110300e-01,2.403761e-03
hvof_phi0p8,0.8,0,1,3550,9.077010e-01,3.630804e+00,1.655896e+01,6.395410e-01,3.139747e-03
hvof_phi0p8,0.8,0,1,3575,1.354028e+00,5.416114e+00,1.846252e+01,6.739970e-01,4.683599e-03
hvof_phi0p8,0.8,0,1,3600,2.587690e+00,1.000000e+01,2.051250e+01,7.158010e-01,8.950847e-03
hvof_phi0p8,0.8,0,1,3625,3.381140e+00,1.000000e+01,2.132050e+01,7.667570e-01,1.169540e-02
hvof_phi0p8,0.8,0,1,3650,4.344900e+00,1.000000e+01,2.214500e+01,8.292160e-01,1.502906e-02
hvof_phi0p8,0.8,0,1,3675,5.526620e+00,1.000000e+01,2.297920e+01,9.063020e-01,1.911664e-02
hvof_phi0p8,0.8,0,1,3700,6.991470e+00,1.000000e+01,2.381480e+01,1.002250e+00,2.418357e-02
hvof_phi0p8,0.8,0,1,3725,8.830880e+00,1.000000e+01,2.464200e+01,1.122960e+00,3.054611e-02
hvof_phi0p8,0.8,0,1,3750,1.117710e+01,1.000000e+01,2.544970e+01,1.276870e+00,3.866171e-02
hvof_phi0p8,0.8,0,1,3775,1.422830e+01,1.000000e+01,2.622580e+01,1.476570e+00,4.921584e-02
hvof_phi0p8,0.8,0,1,3800,1.829520e+01,1.000000e+01,2.695780e+01,1.741600e+00,6.328329e-02
hvof_phi0p8,0.8,0,1,3825,2.389310e+01,1.000000e+01,2.763290e+01,2.104140e+00,8.264649e-02
hvof_phi0p8,0.8,0,1,3850,3.194080e+01,1.000000e+01,2.823820e+01,2.621130e+00,1.104836e-01
hvof_phi0p8,0.8,0,1,3875,4.424600e+01,1.000000e+01,2.876150e+01,3.403840e+00,1.530474e-01
hvof_phi0p8,0.8,0,1,3900,6.490530e+01,1.000000e+01,2.919050e+01,4.702910e+00,2.245081e-01
hvof_phi0p8,0.8,0,1,3925,1.055430e+02,1.000000e+01,2.951260e+01,7.225890e+00,3.650744e-01
hvof_phi0p8,0.8,0,1,3950,2.168880e+02,1.000000e+01,2.971400e+01,1.404920e+01,7.502179e-01
hvof_phi0p8,0.8,0,1,3975,1.000000e+03,1.000000e+01,2.979410e+01,9.133010e+01,3.459011e+00
hvof_phi0p8,0.8,0,1,4000,1.000000e+03,1.000000e+01,2.997790e+01,2.000000e+02,3.459011e+00
hvof_phi1p0,1,0,0.01,300,1.703795e-03,6.815180e-03,-1.019765e+01,2.584480e-03,5.893446e-06
hvof_phi1p0,1,0,0.01,325,2.247163e-03,8.988652e-03,-1.015924e+01,4.081540e-03,7.772961e-06
hvof_phi1p0,1,0,0.01,350,2.719455e-03,1.087782e-02,-1.011437e+01,5.962290e-03,9.406623e-06
hvof_phi1p0,1,0,0.01,375,3.105871e-03,1.242348e-02,-1.006308e+01,8.198680e-03,1.074324e-05
hvof_phi1p0,1,0,0.01,400,3.413816e-03,1.365527e-02,-1.000553e+01,1.076110e-02,1.180843e-05
hvof_phi1p0,1,0,0.01,425,3.730505e-03,1.492202e-02,-9.942080e+00,1.363340e-02,1.290386e-05
hvof_phi1p0,1,0,0.01,450,4.685215e-03,1.874086e-02,-9.877581e+00,1.682040e-02,1.620621e-05
hvof_phi1p0,1,0,0.01,475,6.066854e-03,2.426742e-02,-9.806175e+00,2.034950e-02,2.098531e-05
hvof_phi1p0,1,0,0.01,500,7.046610e-03,2.818644e-02,-9.717994e+00,2.426980e-02,2.437430e-05
hvof_phi1p0,1,0,0.01,525,8.419129e-03,3.367651e-02,-9.616367e+00,2.865300e-02,2.912186e-05
hvof_phi1p0,1,0,0.01,550,1.004016e-02,4.016062e-02,-9.495932e+00,3.360330e-02,3.472900e-05
hvof_phi1p0,1,0,0.01,575,1.197161e-02,4.788645e-02,-9.351914e+00,3.927670e-02,4.140994e-05
hvof_phi1p0,1,0,0.01,600,1.413471e-02,5.653883e-02,-9.179345e+00,4.591330e-02,4.889211e-05
hvof_phi1p0,1,0,0.01,625,1.686031e-02,6.744124e-02,-8.971809e+00,5.388780e-02,5.831999e-05
hvof_phi1p0,1,0,0.01,650,2.034330e-02,8.137322e-02,-8.716703e+00,6.379280e-02,7.036771e-05
hvof_phi1p0,1,0,0.01,675,2.496721e-02,9.986885e-02,-8.395285e+00,7.654810e-02,8.636186e-05
hvof_phi1p0,1,0,0.01,700,3.136074e-02,1.254430e-01,-7.979153e+00,9.349110e-02,1.084771e-04
hvof_phi1p0,1,0,0.01,725,4.037926e-02,1.615170e-01,-7.435875e+00,1.163320e-01,1.396723e-04
hvof_phi1p0,1,0,0.01,750,5.307910e-02,2.123164e-01,-6.741614e+00,1.467660e-01,1.836012e-04
hvof_phi1p0,1,0,0.01,775,7.019995e-02,2.807998e-01,-5.911487e+00,1.854440e-01,2.428224e-04
hvof_phi1p0,1,0,0.01,800,9.109469e-02,3.643787e-01,-5.028425e+00,2.303010e-01,3.150975e-04
hvof_phi1p0,1,0,0.01,825,1.128141e-01,4.512564e-01,-4.228202e+00,2.755770e-01,3.902252e-04
hvof_phi1p0,1,0,0.01,850,1.313688e-01,5.254753e-01,-3.614273e+00,3.140880e-01,4.544062e-04
hvof_phi1p0,1,0,0.01,875,1.445928e-01,5.783712e-01,-3.199955e+00,3.418080e-01,5.001481e-04
hvof_phi1p0,1,0,0.01,900,1.528933e-01,6.115733e-01,-2.935816e+00,3.593830e-01,5.288596e-04
hvof_phi1p0,1,0,0.01,925,1.577603e-01,6.310412e-01,-2.765958e+00,3.697280e-01,5.456946e-04
hvof_phi1p0,1,0,0.01,950,1.605430e-01,6.421721e-01,-2.649606e+00,3.756300e-01,5.553200e-04
hvof_phi1p0,1,0,0.01,975,1.621334e-01,6.485337e-01,-2.562842e+00,3.789840e-01,5.608212e-04
hvof_phi1p0,1,0,0.01,1000,1.630537e-01,6.522147e-01,-2.492370e+00,3.809110e-01,5.640044e-04
hvof_phi1p0,1,0,0.01,1025,1.635960e-01,6.543841e-01,-2.430947e+00,3.820370e-01,5.658804e-04
hvof_phi1p0,1,0,0.01,1050,1.639225e-01,6.556900e-01,-2.374613e+00,3.827100e-01,5.670096e-04
hvof_phi1p0,1,0,0.01,1075,1.641226e-01,6.564902e-01,-2.321180e+00,3.831200e-01,5.677017e-04
hvof_phi1p0,1,0,0.01,1100,1.642480e-01,6.569920e-01,-2.269408e+00,3.833750e-01,5.681356e-04
hvof_phi1p0,1,0,0.01,1125,1.643283e-01,6.573130e-01,-2.218590e+00,3.835380e-01,5.684132e-04
hvof_phi1p0,1,0,0.01,1150,1.643802e-01,6.575207e-01,-2.168291e+00,3.836430e-01,5.685927e-04
hvof_phi1p0,1,0,0.01,1175,1.644145e-01,6.576580e-01,-2.118270e+00,3.837130e-01,5.687115e-04
hvof_phi1p0,1,0,0.01,1200,1.644375e-01,6.577499e-01,-2.068371e+00,3.837590e-01,5.687910e-04
hvof_phi1p0,1,0,0.01,1225,1.644531e-01,6.578126e-01,-2.018496e+00,3.837910e-01,5.688452e-04
hvof_phi1p0,1,0,0.01,1250,1.644639e-01,6.578554e-01,-1.968588e+00,3.838130e-01,5.688822e-04
hvof_phi1p0,1,0,0.01,1275,1.644716e-01,6.578863e-01,-1.918594e+00,3.838290e-01,5.689089e-04
hvof_phi1p0,1,0,0.01,1300,1.644767e-01,6.579068e-01,-1.868500e+00,3.838400e-01,5.689267e-04
hvof_phi1p0,1,0,0.01,1325,1.644806e-01,6.579223e-01,-1.818279e+00,3.838480e-01,5.689400e-04
hvof_phi1p0,1,0,0.01,1350,1.644836e-01,6.579342e-01,-1.767920e+00,3.838540e-01,5.689504e-04
hvof_phi1p0,1,0,0.01,1375,1.644857e-01,6.579428e-01,-1.717413e+00,3.838580e-01,5.689578e-04
hvof_phi1p0,1,0,0.01,1400,1.644874e-01,6.579497e-01,-1.666735e+00,3.838620e-01,5.689637e-04
hvof_phi1p0,1,0,0.01,1425,1.644891e-01,6.579565e-01,-1.615877e+00,3.838640e-01,5.689697e-04
hvof_phi1p0,1,0,0.01,1450,1.644904e-01,6.579617e-01,-1.564824e+00,3.838670e-01,5.689741e-04
hvof_phi1p0,1,0,0.01,1475,1.644920e-01,6.579678e-01,-1.513564e+00,3.838690e-01,5.689794e-04
hvof_phi1p0,1,0,0.01,1500,1.644937e-01,6.579747e-01,-1.462068e+00,3.838710e-01,5.689854e-04
hvof_phi1p0,1,0,0.01,1525,1.644954e-01,6.579815e-01,-1.410307e+00,3.838730e-01,5.689913e-04
hvof_phi1p0,1,0,0.01,1550,1.644975e-01,6.579901e-01,-1.358257e+00,3.838750e-01,5.689987e-04
hvof_phi1p0,1,0,0.01,1575,1.645003e-01,6.580014e-01,-1.305864e+00,3.838770e-01,5.690084e-04
hvof_phi1p0,1,0,0.01,1600,1.645036e-01,6.580144e-01,-1.253094e+00,3.838800e-01,5.690197e-04
hvof_phi1p0,1,0,0.01,1625,1.645077e-01,6.580308e-01,-1.199878e+00,3.838830e-01,5.690339e-04
hvof_phi1p0,1,0,0.01,1650,1.645127e-01,6.580506e-01,-1.146158e+00,3.838870e-01,5.690511e-04
hvof_phi1p0,1,0,0.01,1675,1.645189e-01,6.580756e-01,-1.091850e+00,3.838920e-01,5.690727e-04
hvof_phi1p0,1,0,0.01,1700,1.645267e-01,6.581068e-01,-1.036860e+00,3.838980e-01,5.690996e-04
hvof_phi1p0,1,0,0.01,1725,1.645360e-01,6.581440e-01,-9.810736e-01,3.839050e-01,5.691318e-04
hvof_phi1p0,1,0,0.01,1750,1.645472e-01,6.581889e-01,-9.243765e-01,3.839140e-01,5.691706e-04
hvof_phi1p0,1,0,0.01,1775,1.645608e-01,6.582433e-01,-8.666168e-01,3.839250e-01,5.692177e-04
hvof_phi1p0,1,0,0.01,1800,1.645773e-01,6.583090e-01,-8.076320e-01,3.839370e-01,5.692745e-04
hvof_phi1p0,1,0,0.01,1825,1.645969e-01,6.583878e-01,-7.472370e-01,3.839520e-01,5.693426e-04
hvof_phi1p0,1,0,0.01,1850,1.646199e-01,6.584795e-01,-6.852230e-01,3.839690e-01,5.694219e-04
hvof_phi1p0,1,0,0.01,1875,1.646471e-01,6.585885e-01,-6.213545e-01,3.839900e-01,5.695161e-04
hvof_phi1p0,1,0,0.01,1900,1.646793e-01,6.587173e-01,-5.553662e-01,3.840140e-01,5.696275e-04
hvof_phi1p0,1,0,0.01,1925,1.647168e-01,6.588670e-01,-4.869687e-01,3.840420e-01,5.697570e-04
hvof_phi1p0,1,0,0.01,1950,1.647603e-01,6.590411e-01,-4.158386e-01,3.840750e-01,5.699076e-04
hvof_phi1p0,1,0,0.01,1975,1.648108e-01,6.592431e-01,-3.416192e-01,3.841130e-01,5.700822e-04
hvof_phi1p0,1,0,0.01,2000,1.648688e-01,6.594754e-01,-2.639238e-01,3.841570e-01,5.702831e-04
hvof_phi1p0,1,0,0.01,2025,1.649353e-01,6.597414e-01,-1.823256e-01,3.842060e-01,5.705131e-04
hvof_phi1p0,1,0,0.01,2050,1.650115e-01,6.600460e-01,-9.636263e-02,3.842630e-01,5.707766e-04
hvof_phi1p0,1,0,0.01,2075,1.650979e-01,6.603914e-01,-5.538988e-03,3.843280e-01,5.710753e-04
hvof_phi1p0,1,0,0.01,2100,1.651958e-01,6.607832e-01,9.068322e-02,3.844000e-01,5.714140e-04
hvof_phi1p0,1,0,0.01,2125,1.653060e-01,6.612241e-01,1.928769e-01,3.844820e-01,5.717953e-04
hvof_phi1p0,1,0,0.01,2150,1.654301e-01,6.617203e-01,3.016541e-01,3.845730e-01,5.722244e-04
hvof_phi1p0,1,0,0.01,2175,1.655688e-01,6.622753e-01,4.176628e-01,3.846750e-01,5.727044e-04
hvof_phi1p0,1,0,0.01,2200,1.657233e-01,6.628932e-01,5.415840e-01,3.847890e-01,5.732387e-04
hvof_phi1p0,1,0,0.01,2225,1.658948e-01,6.635790e-01,6.741343e-01,3.849130e-01,5.738317e-04
hvof_phi1p0,1,0,0.01,2250,1.660846e-01,6.643386e-01,8.160593e-01,3.850510e-01,5.744886e-04
hvof_phi1p0,1,0,0.01,2275,1.662937e-01,6.651747e-01,9.681273e-01,3.852020e-01,5.752116e-04
hvof_phi1p0,1,0,0.01,2300,1.665231e-01,6.660922e-01,1.131129e+00,3.853660e-01,5.760050e-04
hvof_phi1p0,1,0,0.01,2325,1.667741e-01,6.670964e-01,1.305871e+00,3.855450e-01,5.768734e-04
hvof_phi1p0,1,0,0.01,2350,1.670479e-01,6.681917e-01,1.493171e+00,3.857400e-01,5.778205e-04
hvof_phi1p0,1,0,0.01,2375,1.673455e-01,6.693822e-01,1.693829e+00,3.859500e-01,5.788501e-04
hvof_phi1p0,1,0,0.01,2400,1.676686e-01,6.706746e-01,1.908654e+00,3.861770e-01,5.799676e-04
hvof_phi1p0,1,0,0.01,2425,1.680188e-01,6.720753e-01,2.138440e+00,3.864230e-01,5.811790e-04
hvof_phi1p0,1,0,0.01,2450,1.683977e-01,6.735907e-01,2.383934e+00,3.866890e-01,5.824894e-04
hvof_phi1p0,1,0,0.01,2475,1.688081e-01,6.752325e-01,2.645864e+00,3.869770e-01,5.839091e-04
hvof_phi1p0,1,0,0.01,2500,1.692527e-01,6.770109e-01,2.924884e+00,3.872920e-01,5.854470e-04
hvof_phi1p0,1,0,0.01,2525,1.697370e-01,6.789479e-01,3.221627e+00,3.876390e-01,5.871220e-04
hvof_phi1p0,1,0,0.01,2550,1.702665e-01,6.810659e-01,3.536668e+00,3.880250e-01,5.889536e-04
hvof_phi1p0,1,0,0.01,2575,1.708510e-01,6.834040e-01,3.870553e+00,3.884620e-01,5.909754e-04
hvof_phi1p0,1,0,0.01,2600,1.715037e-01,6.860147e-01,4.223783e+00,3.889660e-01,5.932330e-04
hvof_phi1p0,1,0,0.01,2625,1.722421e-01,6.889685e-01,4.596907e+00,3.895570e-01,5.957874e-04
hvof_phi1p0,1,0,0.01,2650,1.730919e-01,6.923676e-01,4.990550e+00,3.902670e-01,5.987268e-04
hvof_phi1p0,1,0,0.01,2675,1.740886e-01,6.963545e-01,5.405552e+00,3.911350e-01,6.021745e-04
hvof_phi1p0,1,0,0.01,2700,1.752821e-01,7.011284e-01,5.842761e+00,3.922180e-01,6.063027e-04
hvof_phi1p0,1,0,0.01,2725,1.767395e-01,7.069579e-01,6.302761e+00,3.935890e-01,6.113437e-04
hvof_phi1p0,1,0,0.01,2750,1.785547e-01,7.142188e-01,6.788955e+00,3.953480e-01,6.176227e-04
hvof_phi1p0,1,0,0.01,2775,1.808554e-01,7.234218e-01,7.304925e+00,3.976240e-01,6.255809e-04
hvof_phi1p0,1,0,0.01,2800,1.838197e-01,7.352788e-01,7.856067e+00,4.005910e-01,6.358343e-04
hvof_phi1p0,1,0,0.01,2825,1.876929e-01,7.507717e-01,8.450269e+00,4.044730e-01,6.492318e-04
hvof_phi1p0,1,0,0.01,2850,1.928212e-01,7.712848e-01,9.099045e+00,4.095630e-01,6.669706e-04
hvof_phi1p0,1,0,0.01,2875,1.996990e-01,7.987962e-01,9.819133e+00,4.162420e-01,6.907611e-04
hvof_phi1p0,1,0,0.01,2900,2.090543e-01,8.362171e-01,1.062083e+01,4.250070e-01,7.231210e-04
hvof_phi1p0,1,0,0.01,2925,2.219928e-01,8.879713e-01,1.154660e+01,4.365020e-01,7.678756e-04
hvof_phi1p0,1,0,0.01,2950,2.402798e-01,9.611193e-01,1.262498e+01,4.515660e-01,8.311305e-04
hvof_phi1p0,1,0,0.01,2975,2.669164e-01,1.067666e+00,1.390627e+01,4.713010e-01,9.232666e-04
hvof_phi1p0,1,0,0.01,3000,3.074628e-01,1.229851e+00,1.548682e+01,4.971590e-01,1.063517e-03
hvof_phi1p0,1,0,0.01,3025,3.735421e-01,1.494168e+00,1.746145e+01,5.310810e-01,1.292086e-03
hvof_phi1p0,1,0,0.01,3050,4.942884e-01,1.977154e+00,1.994375e+01,5.756960e-01,1.709749e-03
hvof_phi1p0,1,0,0.01,3075,7.695943e-01,3.078377e+00,2.320183e+01,6.346370e-01,2.662035e-03
hvof_phi1p0,1,0,0.01,3100,1.918813e+00,7.675251e+00,2.754583e+01,7.130510e-01,6.637194e-03
hvof_phi1p0,1,0,0.01,3125,3.922870e+00,1.000000e+01,2.882350e+01,8.184610e-01,1.356925e-02
hvof_phi1p0,1,0,0.01,3150,6.170130e+00,1.000000e+01,2.928720e+01,9.623210e-01,2.134255e-02
hvof_phi1p0,1,0,0.01,3175,9.317190e+00,1.000000e+01,2.963120e+01,1.162970e+00,3.222826e-02
hvof_phi1p0,1,0,0.01,3200,1.386470e+01,1.000000e+01,2.985910e+01,1.451780e+00,4.795815e-02
hvof_phi1p0,1,0,0.01,3225,2.074830e+01,1.000000e+01,2.998060e+01,1.887350e+00,7.176859e-02
hvof_phi1p0,1,0,0.01,3250,3.194540e+01,1.000000e+01,3.000930e+01,2.593450e+00,1.104995e-01
hvof_phi1p0,1,0,0.01,3275,5.249080e+01,1.000000e+01,2.996150e+01,3.885100e+00,1.815662e-01
hvof_phi1p0,1,0,0.01,3300,1.001270e+02,1.000000e+01,2.985380e+01,6.872260e+00,3.463404e-01
hvof_phi1p0,1,0,0.01,3325,3.140980e+02,1.000000e+01,2.970120e+01,2.026490e+01,1.086468e+00
hvof_phi1p0,1,0,0.01,3350,1.000000e+03,1.000000e+01,2.979790e+01,2.000000e+02,3.459011e+00
hvof_phi1p0,1,0,0.01,3375,1.000000e+03,1.000000e+01,3.008600e+01,2.000000e+02,3.459011e+00
hvof_phi1p0,1,0,0.01,3400,1.000000e+03,1.000000e+01,3.039650e+01,2.000000e+02,3.459011e+00
hvof_phi1p0,1,0,0.01,3425,1.000000e+03,1.000000e+01,3.073160e+01,2.000000e+02,3.459011e+00
hvof_phi1p0,1,0,0.01,3450,1.000000e+03,1.000000e+01,3.109370e+01,2.000000e+02,3.459011e+00
hvof_phi1p0,1,0,0.01,3475,1.000000e+03,1.000000e+01,3.148530e+01,2.000000e+02,3.459011e+00
hvof_phi1p0,1,0,0.01,3500,1.000000e+03,1.000000e+01,3.190920e+01,2.000000e+02,3.459011e+00
hvof_phi1p0,1,0,0.01,3525,1.000000e+03,1.000000e+01,3.236810e+01,2.000000e+02,3.459011e+00
hvof_phi1p0,1,0,0.01,3550,1.000000e+03,1.000000e+01,3.286500e+01,2.000000e+02,3.459011e+00
hvof_phi1p0,1,0,0.01,3575,1.000000e+03,1.000000e+01,3.340320e+01,2.000000e+02,3.459011e+00
hvof_phi1p0,1,0,0.01,3600,1.000000e+03,1.000000e+01,3.398580e+01,2.000000e+02,3.459011e+00
hvof_phi1p0,1,0,0.01,3625,1.000000e+03,1.000000e+01,3.461600e+01,2.000000e+02,3.459011e+00
hvof_phi1p0,1,0,0.01,3650,1.000000e+03,1.000000e+01,3.529730e+01,2.000000e+02,3.459011e+00
hvof_phi1p0,1,0,0.01,3675,1.000000e+03,1.000000e+01,3.603270e+01,2.000000e+02,3.459011e+00
hvof_phi1p0,1,0,0.01,3700,1.000000e+03,1.000000e+01,3.682500e+01,2.000000e+02,3.459011e+00
hvof_phi1p0,1,0,0.01,3725,1.000000e+03,1.000000e+01,3.767690e+01,2.000000e+02,3.459011e+00
hvof_phi1p0,1,0,0.01,3750,1.000000e+03,1.000000e+01,3.859010e+01,2.000000e+02,3.459011e+00
hvof_phi1p0,1,0,0.01,3775,1.000000e+03,1.000000e+01,3.956580e+01,2.000000e+02,3.459011e+00
hvof_phi1p0,1,0,0.01,3800,1.000000e+03,1.000000e+01,4.060370e+01,2.000000e+02,3.459011e+00
hvof_phi1p0,1,0,0.01,3825,1.000000e+03,1.000000e+01,4.170240e+01,2.000000e+02,3.459011e+00
hvof_phi1p0,1,0,0.01,3850,1.000000e+03,1.000000e+01,4.285850e+01,2.000000e+02,3.459011e+00
hvof_phi1p0,1,0,0.01,3875,1.000000e+03,1.000000e+01,4.406700e+01,2.000000e+02,3.459011e+00
hvof_phi1p0,1,0,0.01,3900,1.000000e+03,1.000000e+01,4.532020e+01,2.000000e+02,3.459011e+00
hvof_phi1p0,1,0,0.01,3925,1.000000e+03,1.000000e+01,4.660870e+01,2.000000e+02,3.459011e+00
hvof_phi1p0,1,0,0.01,3950,1.000000e+03,1.000000e+01,4.792060e+01,2.000000e+02,3.459011e+00
hvof_phi1p0,1,0,0.01,3975,1.000000e+03,1.000000e+01,4.924270e+01,2.000000e+02,3.459011e+00
hvof_phi1p0,1,0,0.01,4000,1.000000e+03,1.000000e+01,5.056030e+01,2.000000e+02,3.459011e+00
hvof_phi1p0,1,0,1,300,1.702125e-03,6.808502e-03,-1.019772e+01,2.580640e-03,5.887670e-06
hvof_phi1p0,1,0,1,325,2.242688e-03,8.970750e-03,-1.015948e+01,4.066800e-03,7.757480e-06
hvof_phi1p0,1,0,1,350,2.709853e-03,1.083941e-02,-1.011516e+01,5.916330e-03,9.373411e-06
hvof_phi1p0,1,0,1,375,3.088296e-03,1.235318e-02,-1.006530e+01,8.077340e-03,1.068245e-05
hvof_phi1p0,1,0,1,400,3.385201e-03,1.354080e-02,-1.001093e+01,1.048180e-02,1.170945e-05
hvof_phi1p0,1,0,1,425,3.615649e-03,1.446259e-02,-9.953174e+00,1.305900e-02,1.250657e-05
hvof_phi1p0,1,0,1,450,4.376596e-03,1.750638e-02,-9.898587e+00,1.574540e-02,1.513869e-05
hvof_phi1p0,1,0,1,475,5.370983e-03,2.148393e-02,-9.843649e+00,1.849020e-02,1.857829e-05
hvof_phi1p0,1,0,1,500,6.390546e-03,2.556218e-02,-9.786218e+00,2.125670e-02,2.210497e-05
hvof_phi1p0,1,0,1,525,7.038757e-03,2.815503e-02,-9.723508e+00,2.402250e-02,2.434714e-05
hvof_phi1p0,1,0,1,550,7.951848e-03,3.180739e-02,-9.660233e+00,2.677940e-02,2.750553e-05
hvof_phi1p0,1,0,1,575,8.893172e-03,3.557269e-02,-9.593812e+00,2.953350e-02,3.076158e-05
hvof_phi1p0,1,0,1,600,9.852661e-03,3.941065e-02,-9.523156e+00,3.230770e-02,3.408046e-05
hvof_phi1p0,1,0,1,625,1.100733e-02,4.402931e-02,-9.447275e+00,3.514650e-02,3.807447e-05
hvof_phi1p0,1,0,1,650,1.191644e-02,4.766575e-02,-9.362296e+00,3.812350e-02,4.121909e-05
hvof_phi1p0,1,0,1,675,1.302806e-02,5.211223e-02,-9.267601e+00,4.135100e-02,4.506419e-05
hvof_phi1p0,1,0,1,700,1.429701e-02,5.718802e-02,-9.159008e+00,4.499240e-02,4.945350e-05
hvof_phi1p0,1,0,1,725,1.578228e-02,6.312912e-02,-9.031570e+00,4.927480e-02,5.459107e-05
hvof_phi1p0,1,0,1,750,1.759442e-02,7.037768e-02,-8.878890e+00,5.450200e-02,6.085929e-05
hvof_phi1p0,1,0,1,775,1.989789e-02,7.959157e-02,-8.692408e+00,6.106490e-02,6.882702e-05
hvof_phi1p0,1,0,1,800,2.286784e-02,9.147137e-02,-8.462941e+00,6.944580e-02,7.910011e-05
hvof_phi1p0,1,0,1,825,2.676033e-02,1.070413e-01,-8.178998e+00,8.021120e-02,9.256429e-05
hvof_phi1p0,1,0,1,850,3.187437e-02,1.274975e-01,-7.829052e+00,9.398190e-02,1.102538e-04
hvof_phi1p0,1,0,1,875,3.852757e-02,1.541103e-01,-7.403815e+00,1.113630e-01,1.332673e-04
hvof_phi1p0,1,0,1,900,4.708229e-02,1.883291e-01,-6.898661e+00,1.328140e-01,1.628581e-04
hvof_phi1p0,1,0,1,925,5.775249e-02,2.310100e-01,-6.320571e+00,1.584390e-01,1.997665e-04
hvof_phi1p0,1,0,1,950,7.050735e-02,2.820294e-01,-5.691717e+00,1.877250e-01,2.438857e-04
hvof_phi1p0,1,0,1,975,8.485176e-02,3.394070e-01,-5.049741e+00,2.193400e-01,2.935031e-04
hvof_phi1p0,1,0,1,1000,9.980004e-02,3.992002e-01,-4.440025e+00,2.511990e-01,3.452094e-04
hvof_phi1p0,1,0,1,1025,1.141002e-01,4.564007e-01,-3.902825e+00,2.809370e-01,3.946737e-04
hvof_phi1p0,1,0,1,1050,1.266349e-01,5.065395e-01,-3.456735e+00,3.066420e-01,4.380314e-04
hvof_phi1p0,1,0,1,1075,1.368351e-01,5.473402e-01,-3.104494e+00,3.273780e-01,4.733139e-04
hvof_phi1p0,1,0,1,1100,1.446533e-01,5.786132e-01,-2.831985e+00,3.432090e-01,5.003573e-04
hvof_phi1p0,1,0,1,1125,1.504047e-01,6.016188e-01,-2.622395e+00,3.548300e-01,5.202515e-04
hvof_phi1p0,1,0,1,1150,1.545304e-01,6.181215e-01,-2.460014e+00,3.631540e-01,5.345222e-04
hvof_phi1p0,1,0,1,1175,1.574466e-01,6.297863e-01,-2.330717e+00,3.690400e-01,5.446093e-04
hvof_phi1p0,1,0,1,1200,1.594957e-01,6.379827e-01,-2.224617e+00,3.731840e-01,5.516973e-04
hvof_phi1p0,1,0,1,1225,1.609353e-01,6.437411e-01,-2.134653e+00,3.761060e-01,5.566768e-04
hvof_phi1p0,1,0,1,1250,1.619495e-01,6.477979e-01,-2.055921e+00,3.781780e-01,5.601850e-04
hvof_phi1p0,1,0,1,1275,1.626675e-01,6.506699e-01,-1.984998e+00,3.796560e-01,5.626686e-04
hvof_phi1p0,1,0,1,1300,1.631791e-01,6.527163e-01,-1.919558e+00,3.807210e-01,5.644382e-04
hvof_phi1p0,1,0,1,1325,1.635457e-01,6.541829e-01,-1.857988e+00,3.814950e-01,5.657064e-04
hvof_phi1p0,1,0,1,1350,1.638100e-01,6.552402e-01,-1.799149e+00,3.820620e-01,5.666207e-04
hvof_phi1p0,1,0,1,1375,1.640018e-01,6.560071e-01,-1.742257e+00,3.824830e-01,5.672839e-04
hvof_phi1p0,1,0,1,1400,1.641420e-01,6.565680e-01,-1.686754e+00,3.827970e-01,5.677689e-04
hvof_phi1p0,1,0,1,1425,1.642448e-01,6.569794e-01,-1.632249e+00,3.830340e-01,5.681247e-04
hvof_phi1p0,1,0,1,1450,1.643209e-01,6.572836e-01,-1.578439e+00,3.832140e-01,5.683877e-04
hvof_phi1p0,1,0,1,1475,1.643774e-01,6.575095e-01,-1.525130e+00,3.833530e-01,5.685831e-04
hvof_phi1p0,1,0,1,1500,1.644195e-01,6.576781e-01,-1.472166e+00,3.834600e-01,5.687289e-04
hvof_phi1p0,1,0,1,1525,1.644514e-01,6.578055e-01,-1.419425e+00,3.835440e-01,5.688391e-04
hvof_phi1p0,1,0,1,1550,1.644757e-01,6.579028e-01,-1.366821e+00,3.836100e-01,5.689232e-04
hvof_phi1p0,1,0,1,1575,1.644947e-01,6.579787e-01,-1.314297e+00,3.836630e-01,5.689888e-04
hvof_phi1p0,1,0,1,1600,1.645100e-01,6.580402e-01,-1.261776e+00,3.837060e-01,5.690420e-04
hvof_phi1p0,1,0,1,1625,1.645227e-01,6.580906e-01,-1.209243e+00,3.837420e-01,5.690856e-04
hvof_phi1p0,1,0,1,1650,1.645337e-01,6.581349e-01,-1.156637e+00,3.837710e-01,5.691240e-04
hvof_phi1p0,1,0,1,1675,1.645444e-01,6.581775e-01,-1.103946e+00,3.837970e-01,5.691608e-04
hvof_phi1p0,1,0,1,1700,1.645549e-01,6.582197e-01,-1.051123e+00,3.838200e-01,5.691973e-04
hvof_phi1p0,1,0,1,1725,1.645663e-01,6.582650e-01,-9.981513e-01,3.838410e-01,5.692364e-04
hvof_phi1p0,1,0,1,1750,1.645788e-01,6.583150e-01,-9.450045e-01,3.838610e-01,5.692797e-04
hvof_phi1p0,1,0,1,1775,1.645927e-01,6.583709e-01,-8.916507e-01,3.838800e-01,5.693280e-04
hvof_phi1p0,1,0,1,1800,1.646093e-01,6.584374e-01,-8.380604e-01,3.839000e-01,5.693855e-04
hvof_phi1p0,1,0,1,1825,1.646285e-01,6.585142e-01,-7.842064e-01,3.839210e-01,5.694519e-04
hvof_phi1p0,1,0,1,1850,1.646514e-01,6.586057e-01,-7.300529e-01,3.839440e-01,5.695310e-04
hvof_phi1p0,1,0,1,1875,1.646784e-01,6.587136e-01,-6.755637e-01,3.839700e-01,5.696244e-04
hvof_phi1p0,1,0,1,1900,1.647098e-01,6.588391e-01,-6.207021e-01,3.839980e-01,5.697329e-04
hvof_phi1p0,1,0,1,1925,1.647470e-01,6.589879e-01,-5.654212e-01,3.840290e-01,5.698615e-04
hvof_phi1p0,1,0,1,1950,1.647903e-01,6.591610e-01,-5.096751e-01,3.840650e-01,5.700113e-04
hvof_phi1p0,1,0,1,1975,1.648405e-01,6.593621e-01,-4.534133e-01,3.841060e-01,5.701851e-04
hvof_phi1p0,1,0,1,2000,1.648988e-01,6.595951e-01,-3.965767e-01,3.841530e-01,5.703866e-04
hvof_phi1p0,1,0,1,2025,1.649662e-01,6.598647e-01,-3.391034e-01,3.842060e-01,5.706197e-04
hvof_phi1p0,1,0,1,2050,1.650434e-01,6.601735e-01,-2.809264e-01,3.842660e-01,5.708868e-04
hvof_phi1p0,1,0,1,2075,1.651317e-01,6.605269e-01,-2.219720e-01,3.843340e-01,5.711924e-04
hvof_phi1p0,1,0,1,2100,1.652323e-01,6.609291e-01,-1.621614e-01,3.844110e-01,5.715402e-04
hvof_phi1p0,1,0,1,2125,1.653469e-01,6.613875e-01,-1.014046e-01,3.844990e-01,5.719366e-04
hvof_phi1p0,1,0,1,2150,1.654764e-01,6.619056e-01,-3.961195e-02,3.845970e-01,5.723846e-04
hvof_phi1p0,1,0,1,2175,1.656226e-01,6.624905e-01,2.331766e-02,3.847080e-01,5.728905e-04
hvof_phi1p0,1,0,1,2200,1.657871e-01,6.631484e-01,8.749099e-02,3.848320e-01,5.734593e-04
hvof_phi1p0,1,0,1,2225,1.659715e-01,6.638861e-01,1.530233e-01,3.849710e-01,5.740973e-04
hvof_phi1p0,1,0,1,2250,1.661776e-01,6.647106e-01,2.200351e-01,3.851250e-01,5.748102e-04
hvof_phi1p0,1,0,1,2275,1.664074e-01,6.656295e-01,2.886563e-01,3.852970e-01,5.756049e-04
hvof_phi1p0,1,0,1,2300,1.666629e-01,6.666517e-01,3.590259e-01,3.854870e-01,5.764888e-04
hvof_phi1p0,1,0,1,2325,1.669464e-01,6.677857e-01,4.312883e-01,3.856970e-01,5.774695e-04
hvof_phi1p0,1,0,1,2350,1.672599e-01,6.690394e-01,5.055961e-01,3.859290e-01,5.785536e-04
hvof_phi1p0,1,0,1,2375,1.676062e-01,6.704246e-01,5.821152e-01,3.861840e-01,5.797515e-04
hvof_phi1p0,1,0,1,2400,1.679872e-01,6.719490e-01,6.610104e-01,3.864630e-01,5.810697e-04
hvof_phi1p0,1,0,1,2425,1.684059e-01,6.736236e-01,7.424619e-01,3.867690e-01,5.825178e-04
hvof_phi1p0,1,0,1,2450,1.688652e-01,6.754607e-01,8.266572e-01,3.871030e-01,5.841064e-04
hvof_phi1p0,1,0,1,2475,1.693677e-01,6.774706e-01,9.137899e-01,3.874670e-01,5.858445e-04
hvof_phi1p0,1,0,1,2500,1.699163e-01,6.796653e-01,1.004063e+00,3.878610e-01,5.877424e-04
hvof_phi1p0,1,0,1,2525,1.705145e-01,6.820580e-01,1.097689e+00,3.882900e-01,5.898115e-04
hvof_phi1p0,1,0,1,2550,1.711654e-01,6.846616e-01,1.194889e+00,3.887530e-01,5.920629e-04
hvof_phi1p0,1,0,1,2575,1.718729e-01,6.874916e-01,1.295890e+00,3.892520e-01,5.945102e-04
hvof_phi1p0,1,0,1,2600,1.726405e-01,6.905622e-01,1.400928e+00,3.897910e-01,5.971655e-04
hvof_phi1p0,1,0,1,2625,1.734717e-01,6.938869e-01,1.510256e+00,3.903700e-01,6.000405e-04
hvof_phi1p0,1,0,1,2650,1.743712e-01,6.974846e-01,1.624130e+00,3.909910e-01,6.031517e-04
hvof_phi1p0,1,0,1,2675,1.753430e-01,7.013718e-01,1.742653e+00,3.916580e-01,6.065131e-04
hvof_phi1p0,1,0,1,2700,1.763915e-01,7.055658e-01,1.865897e+00,3.923700e-01,6.101400e-04
hvof_phi1p0,1,0,1,2725,1.775226e-01,7.100903e-01,1.994447e+00,3.931320e-01,6.140525e-04
hvof_phi1p0,1,0,1,2750,1.787412e-01,7.149648e-01,2.128615e+00,3.939440e-01,6.182677e-04
hvof_phi1p0,1,0,1,2775,1.800530e-01,7.202120e-01,2.268685e+00,3.948110e-01,6.228052e-04
hvof_phi1p0,1,0,1,2800,1.814653e-01,7.258612e-01,2.415012e+00,3.957340e-01,6.276905e-04
hvof_phi1p0,1,0,1,2825,1.829846e-01,7.319384e-01,2.567941e+00,3.967180e-01,6.329457e-04
hvof_phi1p0,1,0,1,2850,1.846192e-01,7.384767e-01,2.727829e+00,3.977650e-01,6.385997e-04
hvof_phi1p0,1,0,1,2875,1.863784e-01,7.455137e-01,2.895107e+00,3.988800e-01,6.446850e-04
hvof_phi1p0,1,0,1,2900,1.882726e-01,7.530905e-01,3.070211e+00,4.000680e-01,6.512370e-04
hvof_phi1p0,1,0,1,2925,1.903145e-01,7.612578e-01,3.253629e+00,4.013360e-01,6.582997e-04
hvof_phi1p0,1,0,1,2950,1.925178e-01,7.700713e-01,3.445909e+00,4.026910e-01,6.659213e-04
hvof_phi1p0,1,0,1,2975,1.948994e-01,7.795975e-01,3.647672e+00,4.041430e-01,6.741590e-04
hvof_phi1p0,1,0,1,3000,1.974798e-01,7.899194e-01,3.859629e+00,4.057020e-01,6.830849e-04
hvof_phi1p0,1,0,1,3025,2.002828e-01,8.011312e-01,4.082406e+00,4.073820e-01,6.927803e-04
hvof_phi1p0,1,0,1,3050,2.033381e-01,8.133523e-01,4.315202e+00,4.092000e-01,7.033486e-04
hvof_phi1p0,1,0,1,3075,2.066807e-01,8.267229e-01,4.560739e+00,4.111770e-01,7.149108e-04
hvof_phi1p0,1,0,1,3100,2.103559e-01,8.414236e-01,4.820299e+00,4.133390e-01,7.276233e-04
hvof_phi1p0,1,0,1,3125,2.144179e-01,8.576716e-01,5.095426e+00,4.157160e-01,7.416738e-04
hvof_phi1p0,1,0,1,3150,2.189347e-01,8.757389e-01,5.387973e+00,4.183460e-01,7.572975e-04
hvof_phi1p0,1,0,1,3175,2.239934e-01,8.959735e-01,5.700244e+00,4.212750e-01,7.747955e-04
hvof_phi1p0,1,0,1,3200,2.297029e-01,9.188115e-01,6.031383e+00,4.245610e-01,7.945447e-04
hvof_phi1p0,1,0,1,3225,2.362043e-01,9.448171e-01,6.386818e+00,4.282720e-01,8.170331e-04
hvof_phi1p0,1,0,1,3250,2.436781e-01,9.747124e-01,6.771384e+00,4.324920e-01,8.428852e-04
hvof_phi1p0,1,0,1,3275,2.523625e-01,1.009450e+00,7.187645e+00,4.373210e-01,8.729246e-04
hvof_phi1p0,1,0,1,3300,2.625745e-01,1.050298e+00,7.635644e+00,4.428840e-01,9.082479e-04
hvof_phi1p0,1,0,1,3325,2.747396e-01,1.098958e+00,8.129953e+00,4.493290e-01,9.503271e-04
hvof_phi1p0,1,0,1,3350,2.894459e-01,1.157784e+00,8.680856e+00,4.568350e-01,1.001197e-03
hvof_phi1p0,1,0,1,3375,3.075257e-01,1.230103e+00,9.289252e+00,4.656230e-01,1.063735e-03
hvof_phi1p0,1,0,1,3400,3.301889e-01,1.320756e+00,9.959411e+00,4.759570e-01,1.142127e-03
hvof_phi1p0,1,0,1,3425,3.592622e-01,1.437049e+00,1.073222e+01,4.881580e-01,1.242692e-03
hvof_phi1p0,1,0,1,3450,3.976426e-01,1.590570e+00,1.159833e+01,5.026190e-01,1.375450e-03
hvof_phi1p0,1,0,1,3475,4.502013e-01,1.800805e+00,1.259543e+01,5.198210e-01,1.557251e-03
hvof_phi1p0,1,0,1,3500,5.258168e-01,2.103267e+00,1.373827e+01,5.403500e-01,1.818806e-03
hvof_phi1p0,1,0,1,3525,6.425545e-01,2.570218e+00,1.508134e+01,5.649360e-01,2.222603e-03
hvof_phi1p0,1,0,1,3550,8.437246e-01,3.374899e+00,1.663183e+01,5.944820e-01,2.918453e-03
hvof_phi1p0,1,0,1,3575,1.265687e+00,5.062748e+00,1.849077e+01,6.301270e-01,4.378024e-03
hvof_phi1p0,1,0,1,3600,2.544860e+00,1.000000e+01,2.064350e+01,6.733110e-01,8.802698e-03
hvof_phi1p0,1,0,1,3625,3.339720e+00,1.000000e+01,2.144850e+01,7.258910e-01,1.155213e-02
hvof_phi1p0,1,0,1,3650,4.305130e+00,1.000000e+01,2.226900e+01,7.902870e-01,1.489149e-02
hvof_phi1p0,1,0,1,3675,5.488810e+00,1.000000e+01,2.309830e+01,8.697150e-01,1.898585e-02
hvof_phi1p0,1,0,1,3700,6.956070e+00,1.000000e+01,2.392780e+01,9.685440e-01,2.406112e-02
hvof_phi1p0,1,0,1,3725,8.798480e+00,1.000000e+01,2.474790e+01,1.092850e+00,3.043404e-02
hvof_phi1p0,1,0,1,3750,1.114850e+01,1.000000e+01,2.554750e+01,1.251370e+00,3.856278e-02
hvof_phi1p0,1,0,1,3775,1.420470e+01,1.000000e+01,2.631450e+01,1.457080e+00,4.913421e-02
hvof_phi1p0,1,0,1,3800,1.827840e+01,1.000000e+01,2.703660e+01,1.730190e+00,6.322518e-02
hvof_phi1p0,1,0,1,3825,2.388580e+01,1.000000e+01,2.770100e+01,2.103960e+00,8.262124e-02
hvof_phi1p0,1,0,1,3850,3.194770e+01,1.000000e+01,2.829530e+01,2.637320e+00,1.105074e-01
hvof_phi1p0,1,0,1,3875,4.427530e+01,1.000000e+01,2.880720e+01,3.445430e+00,1.531487e-01
hvof_phi1p0,1,0,1,3900,6.497390e+01,1.000000e+01,2.922480e+01,4.787800e+00,2.247454e-01
hvof_phi1p0,1,0,1,3925,1.056920e+02,1.000000e+01,2.953570e+01,7.397250e+00,3.655898e-01
hvof_phi1p0,1,0,1,3950,2.172690e+02,1.000000e+01,2.972620e+01,1.446050e+01,7.515358e-01
hvof_phi1p0,1,0,1,3975,1.000000e+03,1.000000e+01,2.979710e+01,9.451270e+01,3.459011e+00
hvof_phi1p0,1,0,1,4000,1.000000e+03,1.000000e+01,2.998090e+01,2.000000e+02,3.459011e+00
hvof_phi1p3,1.3,0,0.01,300,0.000000e+00,0.000000e+00,-1.055510e+01,0.000000e+00,0.000000e+00
hvof_phi1p3,1.3,0,0.01,325,0.000000e+00,0.000000e+00,-1.049260e+01,0.000000e+00,0.000000e+00
hvof_phi1p3,1.3,0,0.01,350,0.000000e+00,0.000000e+00,-1.042280e+01,0.000000e+00,0.000000e+00
hvof_phi1p3,1.3,0,0.01,375,0.000000e+00,0.000000e+00,-1.034650e+01,0.000000e+00,0.000000e+00
hvof_phi1p3,1.3,0,0.01,400,0.000000e+00,0.000000e+00,-1.026450e+01,0.000000e+00,0.000000e+00
hvof_phi1p3,1.3,0,0.01,425,0.000000e+00,0.000000e+00,-1.017670e+01,0.000000e+00,0.000000e+00
hvof_phi1p3,1.3,0,0.01,450,0.000000e+00,0.000000e+00,-1.008220e+01,0.000000e+00,0.000000e+00
hvof_phi1p3,1.3,0,0.01,475,0.000000e+00,0.000000e+00,-9.979040e+00,0.000000e+00,0.000000e+00
hvof_phi1p3,1.3,0,0.01,500,0.000000e+00,0.000000e+00,-9.864630e+00,0.000000e+00,0.000000e+00
hvof_phi1p3,1.3,0,0.01,525,0.000000e+00,0.000000e+00,-9.735650e+00,0.000000e+00,0.000000e+00
hvof_phi1p3,1.3,0,0.01,550,0.000000e+00,0.000000e+00,-9.588450e+00,0.000000e+00,0.000000e+00
hvof_phi1p3,1.3,0,0.01,575,0.000000e+00,0.000000e+00,-9.419180e+00,0.000000e+00,0.000000e+00
hvof_phi1p3,1.3,0,0.01,600,0.000000e+00,0.000000e+00,-9.223410e+00,0.000000e+00,0.000000e+00
hvof_phi1p3,1.3,0,0.01,625,0.000000e+00,0.000000e+00,-8.995040e+00,0.000000e+00,0.000000e+00
hvof_phi1p3,1.3,0,0.01,650,0.000000e+00,0.000000e+00,-8.724140e+00,0.000000e+00,0.000000e+00
hvof_phi1p3,1.3,0,0.01,675,3.659674e-03,1.463870e-02,-8.393304e+00,1.112500e-02,1.265885e-05
hvof_phi1p3,1.3,0,0.01,700,9.553428e-03,3.821371e-02,-7.968563e+00,2.831080e-02,3.304541e-05
hvof_phi1p3,1.3,0,0.01,725,1.785198e-02,7.140792e-02,-7.416853e+00,5.121620e-02,6.175019e-05
hvof_phi1p3,1.3,0,0.01,750,2.949551e-02,1.179820e-01,-6.715819e+00,8.134860e-02,1.020253e-04
hvof_phi1p3,1.3,0,0.01,775,4.512749e-02,1.805099e-01,-5.881449e+00,1.191010e-01,1.560965e-04
hvof_phi1p3,1.3,0,0.01,800,6.413004e-02,2.565201e-01,-4.997993e+00,1.621840e-01,2.218265e-04
hvof_phi1p3,1.3,0,0.01,825,8.380673e-02,3.352269e-01,-4.200568e+00,2.049230e-01,2.898884e-04
hvof_phi1p3,1.3,0,0.01,850,1.005639e-01,4.022556e-01,-3.590197e+00,2.406880e-01,3.478516e-04
hvof_phi1p3,1.3,0,0.01,875,1.124803e-01,4.499210e-01,-3.179276e+00,2.661020e-01,3.890704e-04
hvof_phi1p3,1.3,0,0.01,900,1.199538e-01,4.798151e-01,-2.916562e+00,2.820870e-01,4.149214e-04
hvof_phi1p3,1.3,0,0.01,925,1.243340e-01,4.973360e-01,-2.746849e+00,2.914600e-01,4.300726e-04
hvof_phi1p3,1.3,0,0.01,950,1.268379e-01,5.073516e-01,-2.630667e+00,2.968030e-01,4.387337e-04
hvof_phi1p3,1.3,0,0.01,975,1.282692e-01,5.130767e-01,-2.543840e+00,2.998420e-01,4.436845e-04
hvof_phi1p3,1.3,0,0.01,1000,1.290976e-01,5.163904e-01,-2.473117e+00,3.015900e-01,4.465500e-04
hvof_phi1p3,1.3,0,0.01,1025,1.295858e-01,5.183433e-01,-2.411327e+00,3.026150e-01,4.482388e-04
hvof_phi1p3,1.3,0,0.01,1050,1.298796e-01,5.195182e-01,-2.354586e+00,3.032280e-01,4.492548e-04
hvof_phi1p3,1.3,0,0.01,1075,1.300598e-01,5.202392e-01,-2.300704e+00,3.036030e-01,4.498783e-04
hvof_phi1p3,1.3,0,0.01,1100,1.301726e-01,5.206903e-01,-2.248467e+00,3.038370e-01,4.502683e-04
hvof_phi1p3,1.3,0,0.01,1125,1.302448e-01,5.209793e-01,-2.197163e+00,3.039860e-01,4.505182e-04
hvof_phi1p3,1.3,0,0.01,1150,1.302914e-01,5.211655e-01,-2.146382e+00,3.040820e-01,4.506792e-04
hvof_phi1p3,1.3,0,0.01,1175,1.303223e-01,5.212892e-01,-2.095871e+00,3.041460e-01,4.507863e-04
hvof_phi1p3,1.3,0,0.01,1200,1.303430e-01,5.213719e-01,-2.045478e+00,3.041890e-01,4.508577e-04
hvof_phi1p3,1.3,0,0.01,1225,1.303572e-01,5.214288e-01,-1.995108e+00,3.042190e-01,4.509070e-04
hvof_phi1p3,1.3,0,0.01,1250,1.303670e-01,5.214679e-01,-1.944691e+00,3.042390e-01,4.509407e-04
hvof_phi1p3,1.3,0,0.01,1275,1.303738e-01,5.214953e-01,-1.894195e+00,3.042530e-01,4.509645e-04
hvof_phi1p3,1.3,0,0.01,1300,1.303786e-01,5.215145e-01,-1.843602e+00,3.042640e-01,4.509811e-04
hvof_phi1p3,1.3,0,0.01,1325,1.303821e-01,5.215282e-01,-1.792873e+00,3.042710e-01,4.509929e-04
hvof_phi1p3,1.3,0,0.01,1350,1.303846e-01,5.215385e-01,-1.742003e+00,3.042770e-01,4.510018e-04
hvof_phi1p3,1.3,0,0.01,1375,1.303864e-01,5.215457e-01,-1.690977e+00,3.042810e-01,4.510081e-04
hvof_phi1p3,1.3,0,0.01,1400,1.303881e-01,5.215522e-01,-1.639785e+00,3.042840e-01,4.510137e-04
hvof_phi1p3,1.3,0,0.01,1425,1.303894e-01,5.215577e-01,-1.588416e+00,3.042870e-01,4.510185e-04
hvof_phi1p3,1.3,0,0.01,1450,1.303907e-01,5.215629e-01,-1.536842e+00,3.042890e-01,4.510229e-04
hvof_phi1p3,1.3,0,0.01,1475,1.303920e-01,5.215680e-01,-1.485059e+00,3.042910e-01,4.510273e-04
hvof_phi1p3,1.3,0,0.01,1500,1.303937e-01,5.215749e-01,-1.433031e+00,3.042930e-01,4.510333e-04
hvof_phi1p3,1.3,0,0.01,1525,1.303954e-01,5.215817e-01,-1.380740e+00,3.042950e-01,4.510392e-04
hvof_phi1p3,1.3,0,0.01,1550,1.303972e-01,5.215890e-01,-1.328147e+00,3.042980e-01,4.510455e-04
hvof_phi1p3,1.3,0,0.01,1575,1.303998e-01,5.215992e-01,-1.275216e+00,3.043000e-01,4.510543e-04
hvof_phi1p3,1.3,0,0.01,1600,1.304029e-01,5.216116e-01,-1.221893e+00,3.043040e-01,4.510650e-04
hvof_phi1p3,1.3,0,0.01,1625,1.304068e-01,5.216270e-01,-1.168128e+00,3.043080e-01,4.510784e-04
hvof_phi1p3,1.3,0,0.01,1650,1.304112e-01,5.216449e-01,-1.113838e+00,3.043120e-01,4.510938e-04
hvof_phi1p3,1.3,0,0.01,1675,1.304170e-01,5.216680e-01,-1.058955e+00,3.043180e-01,4.511138e-04
hvof_phi1p3,1.3,0,0.01,1700,1.304244e-01,5.216975e-01,-1.003370e+00,3.043250e-01,4.511393e-04
hvof_phi1p3,1.3,0,0.01,1725,1.304328e-01,5.217312e-01,-9.469830e-01,3.043340e-01,4.511684e-04
hvof_phi1p3,1.3,0,0.01,1750,1.304434e-01,5.217734e-01,-8.896639e-01,3.043450e-01,4.512050e-04
hvof_phi1p3,1.3,0,0.01,1775,1.304561e-01,5.218243e-01,-8.312645e-01,3.043570e-01,4.512489e-04
hvof_phi1p3,1.3,0,0.01,1800,1.304713e-01,5.218854e-01,-7.716183e-01,3.043720e-01,4.513018e-04
hvof_phi1p3,1.3,0,0.01,1825,1.304894e-01,5.219576e-01,-7.105371e-01,3.043900e-01,4.513642e-04
hvof_phi1p3,1.3,0,0.01,1850,1.305110e-01,5.220439e-01,-6.478058e-01,3.044120e-01,4.514388e-04
hvof_phi1p3,1.3,0,0.01,1875,1.305364e-01,5.221456e-01,-5.831854e-01,3.044370e-01,4.515268e-04
hvof_phi1p3,1.3,0,0.01,1900,1.305663e-01,5.222653e-01,-5.164083e-01,3.044660e-01,4.516303e-04
hvof_phi1p3,1.3,0,0.01,1925,1.306011e-01,5.224043e-01,-4.471776e-01,3.045010e-01,4.517505e-04
hvof_phi1p3,1.3,0,0.01,1950,1.306416e-01,5.225664e-01,-3.751630e-01,3.045410e-01,4.518907e-04
hvof_phi1p3,1.3,0,0.01,1975,1.306886e-01,5.227543e-01,-3.000032e-01,3.045870e-01,4.520532e-04
hvof_phi1p3,1.3,0,0.01,2000,1.307427e-01,5.229709e-01,-2.213010e-01,3.046400e-01,4.522405e-04
hvof_phi1p3,1.3,0,0.01,2025,1.308045e-01,5.232180e-01,-1.386267e-01,3.047010e-01,4.524542e-04
hvof_phi1p3,1.3,0,0.01,2050,1.308753e-01,5.235013e-01,-5.150619e-02,3.047700e-01,4.526992e-04
hvof_phi1p3,1.3,0,0.01,2075,1.309557e-01,5.238229e-01,4.056518e-02,3.048490e-01,4.529773e-04
hvof_phi1p3,1.3,0,0.01,2100,1.310469e-01,5.241878e-01,1.381357e-01,3.049380e-01,4.532928e-04
hvof_phi1p3,1.3,0,0.01,2125,1.311496e-01,5.245984e-01,2.417884e-01,3.050380e-01,4.536479e-04
hvof_phi1p3,1.3,0,0.01,2150,1.312649e-01,5.250598e-01,3.521463e-01,3.051500e-01,4.540469e-04
hvof_phi1p3,1.3,0,0.01,2175,1.313942e-01,5.255768e-01,4.698714e-01,3.052750e-01,4.544939e-04
hvof_phi1p3,1.3,0,0.01,2200,1.315379e-01,5.261517e-01,5.956572e-01,3.054140e-01,4.549911e-04
hvof_phi1p3,1.3,0,0.01,2225,1.316977e-01,5.267908e-01,7.302351e-01,3.055670e-01,4.555438e-04
hvof_phi1p3,1.3,0,0.01,2250,1.318743e-01,5.274970e-01,8.743626e-01,3.057360e-01,4.561545e-04
hvof_phi1p3,1.3,0,0.01,2275,1.320688e-01,5.282754e-01,1.028827e+00,3.059220e-01,4.568276e-04
hvof_phi1p3,1.3,0,0.01,2300,1.322826e-01,5.291302e-01,1.194433e+00,3.061250e-01,4.575668e-04
hvof_phi1p3,1.3,0,0.01,2325,1.325160e-01,5.300642e-01,1.372002e+00,3.063460e-01,4.583744e-04
hvof_phi1p3,1.3,0,0.01,2350,1.327711e-01,5.310842e-01,1.562369e+00,3.065870e-01,4.592565e-04
hvof_phi1p3,1.3,0,0.01,2375,1.330486e-01,5.321944e-01,1.766364e+00,3.068470e-01,4.602165e-04
hvof_phi1p3,1.3,0,0.01,2400,1.333495e-01,5.333982e-01,1.984808e+00,3.071280e-01,4.612575e-04
hvof_phi1p3,1.3,0,0.01,2425,1.336757e-01,5.347028e-01,2.218495e+00,3.074320e-01,4.623856e-04
hvof_phi1p3,1.3,0,0.01,2450,1.340287e-01,5.361148e-01,2.468209e+00,3.077600e-01,4.636067e-04
hvof_phi1p3,1.3,0,0.01,2475,1.344106e-01,5.376424e-01,2.734674e+00,3.081150e-01,4.649277e-04
hvof_phi1p3,1.3,0,0.01,2500,1.348247e-01,5.392990e-01,3.018591e+00,3.085010e-01,4.663602e-04
hvof_phi1p3,1.3,0,0.01,2525,1.352755e-01,5.411022e-01,3.320584e+00,3.089240e-01,4.679196e-04
hvof_phi1p3,1.3,0,0.01,2550,1.357685e-01,5.430738e-01,3.641254e+00,3.093900e-01,4.696245e-04
hvof_phi1p3,1.3,0,0.01,2575,1.363123e-01,5.452492e-01,3.981125e+00,3.099120e-01,4.715057e-04
hvof_phi1p3,1.3,0,0.01,2600,1.369185e-01,5.476741e-01,4.340731e+00,3.105050e-01,4.736026e-04
hvof_phi1p3,1.3,0,0.01,2625,1.376044e-01,5.504175e-01,4.720600e+00,3.111910e-01,4.759750e-04
hvof_phi1p3,1.3,0,0.01,2650,1.383928e-01,5.535714e-01,5.121350e+00,3.120000e-01,4.787023e-04
hvof_phi1p3,1.3,0,0.01,2675,1.393170e-01,5.572680e-01,5.543779e+00,3.129740e-01,4.818990e-04
hvof_phi1p3,1.3,0,0.01,2700,1.404216e-01,5.616863e-01,5.989009e+00,3.141710e-01,4.857198e-04
hvof_phi1p3,1.3,0,0.01,2725,1.417691e-01,5.670764e-01,6.458698e+00,3.156650e-01,4.903808e-04
hvof_phi1p3,1.3,0,0.01,2750,1.434455e-01,5.737818e-01,6.955320e+00,3.175580e-01,4.961794e-04
hvof_phi1p3,1.3,0,0.01,2775,1.455686e-01,5.822742e-01,7.482612e+00,3.199870e-01,5.035232e-04
hvof_phi1p3,1.3,0,0.01,2800,1.483013e-01,5.932051e-01,8.046100e+00,3.231270e-01,5.129757e-04
hvof_phi1p3,1.3,0,0.01,2825,1.518703e-01,6.074811e-01,8.650747e+00,3.272140e-01,5.253210e-04
hvof_phi1p3,1.3,0,0.01,2850,1.565932e-01,6.263727e-01,9.306104e+00,3.325510e-01,5.416575e-04
hvof_phi1p3,1.3,0,0.01,2875,1.629260e-01,6.517041e-01,1.003098e+01,3.395350e-01,5.635628e-04
hvof_phi1p3,1.3,0,0.01,2900,1.715370e-01,6.861482e-01,1.084870e+01,3.486830e-01,5.933485e-04
hvof_phi1p3,1.3,0,0.01,2925,1.834447e-01,7.337790e-01,1.177847e+01,3.606670e-01,6.345374e-04
hvof_phi1p3,1.3,0,0.01,2950,2.002730e-01,8.010920e-01,1.287045e+01,3.763640e-01,6.927465e-04
hvof_phi1p3,1.3,0,0.01,2975,2.247843e-01,8.991370e-01,1.416607e+01,3.969230e-01,7.775311e-04
hvof_phi1p3,1.3,0,0.01,3000,2.620941e-01,1.048376e+00,1.573061e+01,4.238640e-01,9.065862e-04
hvof_phi1p3,1.3,0,0.01,3025,3.228973e-01,1.291589e+00,1.767585e+01,4.592140e-01,1.116905e-03
hvof_phi1p3,1.3,0,0.01,3050,4.340055e-01,1.736022e+00,2.014770e+01,5.057230e-01,1.501230e-03
hvof_phi1p3,1.3,0,0.01,3075,6.873349e-01,2.749340e+00,2.336095e+01,5.671910e-01,2.377499e-03
hvof_phi1p3,1.3,0,0.01,3100,1.744811e+00,6.979244e+00,2.760883e+01,6.490010e-01,6.035320e-03
hvof_phi1p3,1.3,0,0.01,3125,3.862190e+00,1.000000e+01,2.907470e+01,7.590240e-01,1.335936e-02
hvof_phi1p3,1.3,0,0.01,3150,6.115430e+00,1.000000e+01,2.951000e+01,9.092420e-01,2.115334e-02
hvof_phi1p3,1.3,0,0.01,3175,9.271000e+00,1.000000e+01,2.982270e+01,1.118840e+00,3.206849e-02
hvof_phi1p3,1.3,0,0.01,3200,1.383100e+01,1.000000e+01,3.001770e+01,1.420660e+00,4.784158e-02
hvof_phi1p3,1.3,0,0.01,3225,2.073380e+01,1.000000e+01,3.010610e+01,1.876000e+00,7.171844e-02
hvof_phi1p3,1.3,0,0.01,3250,3.196250e+01,1.000000e+01,3.010290e+01,2.614380e+00,1.105586e-01
hvof_phi1p3,1.3,0,0.01,3275,5.256650e+01,1.000000e+01,3.002520e+01,3.965480e+00,1.818281e-01
hvof_phi1p3,1.3,0,0.01,3300,1.003400e+02,1.000000e+01,2.989030e+01,7.090860e+00,3.470771e-01
hvof_phi1p3,1.3,0,0.01,3325,3.149320e+02,1.000000e+01,2.971380e+01,2.110560e+01,1.089353e+00
hvof_phi1p3,1.3,0,0.01,3350,1.000000e+03,1.000000e+01,2.980220e+01,2.000000e+02,3.459011e+00
hvof_phi1p3,1.3,0,0.01,3375,1.000000e+03,1.000000e+01,3.009030e+01,2.000000e+02,3.459011e+00
hvof_phi1p3,1.3,0,0.01,3400,1.000000e+03,1.000000e+01,3.040090e+01,2.000000e+02,3.459011e+00
hvof_phi1p3,1.3,0,0.01,3425,1.000000e+03,1.000000e+01,3.073600e+01,2.000000e+02,3.459011e+00
hvof_phi1p3,1.3,0,0.01,3450,1.000000e+03,1.000000e+01,3.109820e+01,2.000000e+02,3.459011e+00
hvof_phi1p3,1.3,0,0.01,3475,1.000000e+03,1.000000e+01,3.148990e+01,2.000000e+02,3.459011e+00
hvof_phi1p3,1.3,0,0.01,3500,1.000000e+03,1.000000e+01,3.191380e+01,2.000000e+02,3.459011e+00
hvof_phi1p3,1.3,0,0.01,3525,1.000000e+03,1.000000e+01,3.237270e+01,2.000000e+02,3.459011e+00
hvof_phi1p3,1.3,0,0.01,3550,1.000000e+03,1.000000e+01,3.286980e+01,2.000000e+02,3.459011e+00
hvof_phi1p3,1.3,0,0.01,3575,1.000000e+03,1.000000e+01,3.340800e+01,2.000000e+02,3.459011e+00
hvof_phi1p3,1.3,0,0.01,3600,1.000000e+03,1.000000e+01,3.399060e+01,2.000000e+02,3.459011e+00
hvof_phi1p3,1.3,0,0.01,3625,1.000000e+03,1.000000e+01,3.462100e+01,2.000000e+02,3.459011e+00
hvof_phi1p3,1.3,0,0.01,3650,1.000000e+03,1.000000e+01,3.530230e+01,2.000000e+02,3.459011e+00
hvof_phi1p3,1.3,0,0.01,3675,1.000000e+03,1.000000e+01,3.603780e+01,2.000000e+02,3.459011e+00
hvof_phi1p3,1.3,0,0.01,3700,1.000000e+03,1.000000e+01,3.683020e+01,2.000000e+02,3.459011e+00
hvof_phi1p3,1.3,0,0.01,3725,1.000000e+03,1.000000e+01,3.768220e+01,2.000000e+02,3.459011e+00
hvof_phi1p3,1.3,0,0.01,3750,1.000000e+03,1.000000e+01,3.859550e+01,2.000000e+02,3.459011e+00
hvof_phi1p3,1.3,0,0.01,3775,1.000000e+03,1.000000e+01,3.957130e+01,2.000000e+02,3.459011e+00
hvof_phi1p3,1.3,0,0.01,3800,1.000000e+03,1.000000e+01,4.060930e+01,2.000000e+02,3.459011e+00
hvof_phi1p3,1.3,0,0.01,3825,1.000000e+03,1.000000e+01,4.170810e+01,2.000000e+02,3.459011e+00
hvof_phi1p3,1.3,0,0.01,3850,1.000000e+03,1.000000e+01,4.286440e+01,2.000000e+02,3.459011e+00
hvof_phi1p3,1.3,0,0.01,3875,1.000000e+03,1.000000e+01,4.407290e+01,2.000000e+02,3.459011e+00
hvof_phi1p3,1.3,0,0.01,3900,1.000000e+03,1.000000e+01,4.532630e+01,2.000000e+02,3.459011e+00
hvof_phi1p3,1.3,0,0.01,3925,1.000000e+03,1.000000e+01,4.661490e+01,2.000000e+02,3.459011e+00
hvof_phi1p3,1.3,0,0.01,3950,1.000000e+03,1.000000e+01,4.792690e+01,2.000000e+02,3.459011e+00
hvof_phi1p3,1.3,0,0.01,3975,1.000000e+03,1.000000e+01,4.924910e+01,2.000000e+02,3.459011e+00
hvof_phi1p3,1.3,0,0.01,4000,1.000000e+03,1.000000e+01,5.056680e+01,2.000000e+02,3.459011e+00
hvof_phi1p3,1.3,0,1,300,0.000000e+00,0.000000e+00,-1.055520e+01,0.000000e+00,0.000000e+00
hvof_phi1p3,1.3,0,1,325,0.000000e+00,0.000000e+00,-1.049300e+01,0.000000e+00,0.000000e+00
hvof_phi1p3,1.3,0,1,350,0.000000e+00,0.000000e+00,-1.042400e+01,0.000000e+00,0.000000e+00
hvof_phi1p3,1.3,0,1,375,0.000000e+00,0.000000e+00,-1.034960e+01,0.000000e+00,0.000000e+00
hvof_phi1p3,1.3,0,1,400,0.000000e+00,0.000000e+00,-1.027180e+01,0.000000e+00,0.000000e+00
hvof_phi1p3,1.3,0,1,425,0.000000e+00,0.000000e+00,-1.019190e+01,0.000000e+00,0.000000e+00
hvof_phi1p3,1.3,0,1,450,0.000000e+00,0.000000e+00,-1.011100e+01,0.000000e+00,0.000000e+00
hvof_phi1p3,1.3,0,1,475,0.000000e+00,0.000000e+00,-1.002980e+01,0.000000e+00,0.000000e+00
hvof_phi1p3,1.3,0,1,500,0.000000e+00,0.000000e+00,-9.948620e+00,0.000000e+00,0.000000e+00
hvof_phi1p3,1.3,0,1,525,0.000000e+00,0.000000e+00,-9.867230e+00,0.000000e+00,0.000000e+00
hvof_phi1p3,1.3,0,1,550,0.000000e+00,0.000000e+00,-9.785180e+00,0.000000e+00,0.000000e+00
hvof_phi1p3,1.3,0,1,575,0.000000e+00,0.000000e+00,-9.701660e+00,0.000000e+00,0.000000e+00
hvof_phi1p3,1.3,0,1,600,0.000000e+00,0.000000e+00,-9.615460e+00,0.000000e+00,0.000000e+00
hvof_phi1p3,1.3,0,1,625,0.000000e+00,0.000000e+00,-9.524960e+00,0.000000e+00,0.000000e+00
hvof_phi1p3,1.3,0,1,650,0.000000e+00,0.000000e+00,-9.427930e+00,0.000000e+00,0.000000e+00
hvof_phi1p3,1.3,0,1,675,0.000000e+00,0.000000e+00,-9.321440e+00,0.000000e+00,0.000000e+00
hvof_phi1p3,1.3,0,1,700,0.000000e+00,0.000000e+00,-9.201570e+00,0.000000e+00,0.000000e+00
hvof_phi1p3,1.3,0,1,725,0.000000e+00,0.000000e+00,-9.063300e+00,0.000000e+00,0.000000e+00
hvof_phi1p3,1.3,0,1,750,0.000000e+00,0.000000e+00,-8.900270e+00,0.000000e+00,0.000000e+00
hvof_phi1p3,1.3,0,1,775,0.000000e+00,0.000000e+00,-8.704710e+00,0.000000e+00,0.000000e+00
hvof_phi1p3,1.3,0,1,800,2.655893e-03,1.062357e-02,-8.469567e+00,5.665040e-03,9.186761e-06
hvof_phi1p3,1.3,0,1,825,5.602335e-03,2.240934e-02,-8.179857e+00,1.612620e-02,1.937854e-05
hvof_phi1p3,1.3,0,1,850,1.017419e-02,4.069675e-02,-7.824382e+00,2.950790e-02,3.519262e-05
hvof_phi1p3,1.3,0,1,875,1.624308e-02,6.497232e-02,-7.393198e+00,4.639520e-02,5.618499e-05
hvof_phi1p3,1.3,0,1,900,2.405812e-02,9.623249e-02,-6.882682e+00,6.720760e-02,8.321730e-05
hvof_phi1p3,1.3,0,1,925,3.379956e-02,1.351983e-01,-6.300050e+00,9.199360e-02,1.169131e-04
hvof_phi1p3,1.3,0,1,950,4.541355e-02,1.816542e-01,-5.667930e+00,1.201840e-01,1.570860e-04
hvof_phi1p3,1.3,0,1,975,5.845308e-02,2.338123e-01,-5.024358e+00,1.504240e-01,2.021898e-04
hvof_phi1p3,1.3,0,1,1000,7.201791e-02,2.880716e-01,-4.414963e+00,1.806730e-01,2.491107e-04
hvof_phi1p3,1.3,0,1,1025,8.495838e-02,3.398335e-01,-3.877748e+00,2.087000e-01,2.938719e-04
hvof_phi1p3,1.3,0,1,1050,9.629181e-02,3.851672e-01,-3.432993e+00,2.327630e-01,3.330744e-04
hvof_phi1p3,1.3,0,1,1075,1.054995e-01,4.219979e-01,-3.081265e+00,2.520710e-01,3.649238e-04
hvof_phi1p3,1.3,0,1,1100,1.125526e-01,4.502103e-01,-2.809653e+00,2.667550e-01,3.893206e-04
hvof_phi1p3,1.3,0,1,1125,1.177373e-01,4.709494e-01,-2.600493e+00,2.775090e-01,4.072547e-04
hvof_phi1p3,1.3,0,1,1150,1.214525e-01,4.858098e-01,-2.437592e+00,2.852020e-01,4.201053e-04
hvof_phi1p3,1.3,0,1,1175,1.240767e-01,4.963069e-01,-2.307745e+00,2.906390e-01,4.291827e-04
hvof_phi1p3,1.3,0,1,1200,1.259207e-01,5.036826e-01,-2.201258e+00,2.944670e-01,4.355609e-04
hvof_phi1p3,1.3,0,1,1225,1.272150e-01,5.088599e-01,-2.111004e+00,2.971660e-01,4.400380e-04
hvof_phi1p3,1.3,0,1,1250,1.281265e-01,5.125061e-01,-2.031887e+00,2.990790e-01,4.431911e-04
hvof_phi1p3,1.3,0,1,1275,1.287710e-01,5.150838e-01,-1.960545e+00,3.004440e-01,4.454201e-04
hvof_phi1p3,1.3,0,1,1300,1.292294e-01,5.169175e-01,-1.894654e+00,3.014270e-01,4.470058e-04
hvof_phi1p3,1.3,0,1,1325,1.295575e-01,5.182299e-01,-1.832600e+00,3.021400e-01,4.481407e-04
hvof_phi1p3,1.3,0,1,1350,1.297939e-01,5.191755e-01,-1.773270e+00,3.026630e-01,4.489584e-04
hvof_phi1p3,1.3,0,1,1375,1.299653e-01,5.198613e-01,-1.715881e+00,3.030490e-01,4.495515e-04
hvof_phi1p3,1.3,0,1,1400,1.300899e-01,5.203597e-01,-1.659868e+00,3.033380e-01,4.499824e-04
hvof_phi1p3,1.3,0,1,1425,1.301814e-01,5.207255e-01,-1.604845e+00,3.035550e-01,4.502988e-04
hvof_phi1p3,1.3,0,1,1450,1.302485e-01,5.209938e-01,-1.550525e+00,3.037190e-01,4.505308e-04
hvof_phi1p3,1.3,0,1,1475,1.302983e-01,5.211931e-01,-1.496698e+00,3.038450e-01,4.507032e-04
hvof_phi1p3,1.3,0,1,1500,1.303357e-01,5.213427e-01,-1.443205e+00,3.039430e-01,4.508325e-04
hvof_phi1p3,1.3,0,1,1525,1.303636e-01,5.214544e-01,-1.389936e+00,3.040190e-01,4.509291e-04
hvof_phi1p3,1.3,0,1,1550,1.303848e-01,5.215391e-01,-1.336804e+00,3.040780e-01,4.510023e-04
hvof_phi1p3,1.3,0,1,1575,1.304012e-01,5.216049e-01,-1.283745e+00,3.041260e-01,4.510592e-04
hvof_phi1p3,1.3,0,1,1600,1.304143e-01,5.216573e-01,-1.230703e+00,3.041650e-01,4.511046e-04
hvof_phi1p3,1.3,0,1,1625,1.304256e-01,5.217025e-01,-1.177625e+00,3.041970e-01,4.511436e-04
hvof_phi1p3,1.3,0,1,1650,1.304354e-01,5.217416e-01,-1.124481e+00,3.042240e-01,4.511774e-04
hvof_phi1p3,1.3,0,1,1675,1.304447e-01,5.217790e-01,-1.071244e+00,3.042480e-01,4.512097e-04
hvof_phi1p3,1.3,0,1,1700,1.304541e-01,5.218163e-01,-1.017885e+00,3.042700e-01,4.512421e-04
hvof_phi1p3,1.3,0,1,1725,1.304640e-01,5.218561e-01,-9.643663e-01,3.042900e-01,4.512765e-04
hvof_phi1p3,1.3,0,1,1750,1.304753e-01,5.219011e-01,-9.106673e-01,3.043100e-01,4.513154e-04
hvof_phi1p3,1.3,0,1,1775,1.304882e-01,5.219529e-01,-8.567578e-01,3.043300e-01,4.513602e-04
hvof_phi1p3,1.3,0,1,1800,1.305034e-01,5.220137e-01,-8.026084e-01,3.043510e-01,4.514128e-04
hvof_phi1p3,1.3,0,1,1825,1.305213e-01,5.220852e-01,-7.481902e-01,3.043740e-01,4.514746e-04
hvof_phi1p3,1.3,0,1,1850,1.305423e-01,5.221690e-01,-6.934677e-01,3.044000e-01,4.515471e-04
hvof_phi1p3,1.3,0,1,1875,1.305669e-01,5.222674e-01,-6.384050e-01,3.044290e-01,4.516321e-04
hvof_phi1p3,1.3,0,1,1900,1.305963e-01,5.223850e-01,-5.829607e-01,3.044610e-01,4.517339e-04
hvof_phi1p3,1.3,0,1,1925,1.306305e-01,5.225220e-01,-5.270918e-01,3.044980e-01,4.518523e-04
hvof_phi1p3,1.3,0,1,1950,1.306708e-01,5.226833e-01,-4.707491e-01,3.045410e-01,4.519918e-04
hvof_phi1p3,1.3,0,1,1975,1.307174e-01,5.228696e-01,-4.138825e-01,3.045890e-01,4.521529e-04
hvof_phi1p3,1.3,0,1,2000,1.307716e-01,5.230863e-01,-3.564313e-01,3.046450e-01,4.523403e-04
hvof_phi1p3,1.3,0,1,2025,1.308340e-01,5.233361e-01,-2.983329e-01,3.047090e-01,4.525563e-04
hvof_phi1p3,1.3,0,1,2050,1.309059e-01,5.236234e-01,-2.395181e-01,3.047810e-01,4.528047e-04
hvof_phi1p3,1.3,0,1,2075,1.309879e-01,5.239516e-01,-1.799141e-01,3.048640e-01,4.530886e-04
hvof_phi1p3,1.3,0,1,2100,1.310815e-01,5.243260e-01,-1.194382e-01,3.049570e-01,4.534123e-04
hvof_phi1p3,1.3,0,1,2125,1.311880e-01,5.247519e-01,-5.800193e-02,3.050630e-01,4.537806e-04
hvof_phi1p3,1.3,0,1,2150,1.313086e-01,5.252345e-01,4.488342e-03,3.051820e-01,4.541979e-04
hvof_phi1p3,1.3,0,1,2175,1.314446e-01,5.257784e-01,6.813325e-02,3.053170e-01,4.546683e-04
hvof_phi1p3,1.3,0,1,2200,1.315974e-01,5.263898e-01,1.330417e-01,3.054670e-01,4.551970e-04
hvof_phi1p3,1.3,0,1,2225,1.317689e-01,5.270755e-01,1.993295e-01,3.056360e-01,4.557900e-04
hvof_phi1p3,1.3,0,1,2250,1.319609e-01,5.278436e-01,2.671229e-01,3.058240e-01,4.564541e-04
hvof_phi1p3,1.3,0,1,2275,1.321747e-01,5.286988e-01,3.365509e-01,3.060330e-01,4.571937e-04
hvof_phi1p3,1.3,0,1,2300,1.324123e-01,5.296491e-01,4.077523e-01,3.062640e-01,4.580155e-04
hvof_phi1p3,1.3,0,1,2325,1.326761e-01,5.307045e-01,4.808778e-01,3.065200e-01,4.589281e-04
hvof_phi1p3,1.3,0,1,2350,1.329677e-01,5.318707e-01,5.560786e-01,3.068030e-01,4.599366e-04
hvof_phi1p3,1.3,0,1,2375,1.332898e-01,5.331591e-01,6.335230e-01,3.071130e-01,4.610508e-04
hvof_phi1p3,1.3,0,1,2400,1.336443e-01,5.345771e-01,7.133799e-01,3.074540e-01,4.622770e-04
hvof_phi1p3,1.3,0,1,2425,1.340338e-01,5.361352e-01,7.958296e-01,3.078270e-01,4.636243e-04
hvof_phi1p3,1.3,0,1,2450,1.344612e-01,5.378446e-01,8.810637e-01,3.082340e-01,4.651026e-04
hvof_phi1p3,1.3,0,1,2475,1.349288e-01,5.397153e-01,9.692769e-01,3.086780e-01,4.667203e-04
hvof_phi1p3,1.3,0,1,2500,1.354394e-01,5.417576e-01,1.060673e+00,3.091600e-01,4.684864e-04
hvof_phi1p3,1.3,0,1,2525,1.359959e-01,5.439836e-01,1.155468e+00,3.096830e-01,4.704113e-04
hvof_phi1p3,1.3,0,1,2550,1.366018e-01,5.464071e-01,1.253881e+00,3.102480e-01,4.725070e-04
hvof_phi1p3,1.3,0,1,2575,1.372600e-01,5.490400e-01,1.356149e+00,3.108590e-01,4.747838e-04
hvof_phi1p3,1.3,0,1,2600,1.379742e-01,5.518966e-01,1.462506e+00,3.115170e-01,4.772541e-04
hvof_phi1p3,1.3,0,1,2625,1.387479e-01,5.549915e-01,1.573202e+00,3.122260e-01,4.799304e-04
hvof_phi1p3,1.3,0,1,2650,1.395848e-01,5.583391e-01,1.688497e+00,3.129860e-01,4.828253e-04
hvof_phi1p3,1.3,0,1,2675,1.404892e-01,5.619567e-01,1.808653e+00,3.138010e-01,4.859536e-04
hvof_phi1p3,1.3,0,1,2700,1.414653e-01,5.658610e-01,1.933957e+00,3.146730e-01,4.893298e-04
hvof_phi1p3,1.3,0,1,2725,1.425181e-01,5.700723e-01,2.064708e+00,3.156050e-01,4.929715e-04
hvof_phi1p3,1.3,0,1,2750,1.436520e-01,5.746080e-01,2.201188e+00,3.166000e-01,4.968938e-04
hvof_phi1p3,1.3,0,1,2775,1.448731e-01,5.794925e-01,2.343741e+00,3.176610e-01,5.011177e-04
hvof_phi1p3,1.3,0,1,2800,1.461872e-01,5.847489e-01,2.492688e+00,3.187900e-01,5.056632e-04
hvof_phi1p3,1.3,0,1,2825,1.476013e-01,5.904050e-01,2.648413e+00,3.199930e-01,5.105543e-04
hvof_phi1p3,1.3,0,1,2850,1.491227e-01,5.964906e-01,2.811289e+00,3.212720e-01,5.158169e-04
hvof_phi1p3,1.3,0,1,2875,1.507599e-01,6.030395e-01,2.981194e+00,3.226330e-01,5.214800e-04
hvof_phi1p3,1.3,0,1,2900,1.525225e-01,6.100898e-01,3.158370e+00,3.240820e-01,5.275768e-04
hvof_phi1p3,1.3,0,1,2925,1.544224e-01,6.176896e-01,3.343897e+00,3.256250e-01,5.341487e-04
hvof_phi1p3,1.3,0,1,2950,1.564727e-01,6.258909e-01,3.538321e+00,3.272700e-01,5.412408e-04
hvof_phi1p3,1.3,0,1,2975,1.586887e-01,6.347548e-01,3.742241e+00,3.290260e-01,5.489059e-04
hvof_phi1p3,1.3,0,1,3000,1.610887e-01,6.443549e-01,3.956355e+00,3.309070e-01,5.572076e-04
hvof_phi1p3,1.3,0,1,3025,1.636956e-01,6.547822e-01,4.181466e+00,3.329240e-01,5.662247e-04
hvof_phi1p3,1.3,0,1,3050,1.665363e-01,6.661450e-01,4.418509e+00,3.350970e-01,5.760507e-04
hvof_phi1p3,1.3,0,1,3075,1.696439e-01,6.785755e-01,4.668596e+00,3.374470e-01,5.867999e-04
hvof_phi1p3,1.3,0,1,3100,1.730591e-01,6.922363e-01,4.933041e+00,3.399980e-01,5.986132e-04
hvof_phi1p3,1.3,0,1,3125,1.768326e-01,7.073303e-01,5.211827e+00,3.427850e-01,6.116657e-04
hvof_phi1p3,1.3,0,1,3150,1.810273e-01,7.241093e-01,5.506207e+00,3.458440e-01,6.261754e-04
hvof_phi1p3,1.3,0,1,3175,1.857232e-01,7.428927e-01,5.820033e+00,3.492240e-01,6.424185e-04
hvof_phi1p3,1.3,0,1,3200,1.910207e-01,7.640829e-01,6.156004e+00,3.529820e-01,6.607427e-04
hvof_phi1p3,1.3,0,1,3225,1.970498e-01,7.881991e-01,6.517478e+00,3.571890e-01,6.815972e-04
hvof_phi1p3,1.3,0,1,3250,2.039775e-01,8.159099e-01,6.904991e+00,3.619310e-01,7.055602e-04
hvof_phi1p3,1.3,0,1,3275,2.120232e-01,8.480927e-01,7.323345e+00,3.673100e-01,7.333904e-04
hvof_phi1p3,1.3,0,1,3300,2.214789e-01,8.859157e-01,7.781463e+00,3.734540e-01,7.660980e-04
hvof_phi1p3,1.3,0,1,3325,2.327377e-01,9.309510e-01,8.280547e+00,3.805140e-01,8.050424e-04
hvof_phi1p3,1.3,0,1,3350,2.463420e-01,9.853681e-01,8.832334e+00,3.886760e-01,8.520997e-04
hvof_phi1p3,1.3,0,1,3375,2.630591e-01,1.052236e+00,9.437206e+00,3.981630e-01,9.099242e-04
hvof_phi1p3,1.3,0,1,3400,2.840043e-01,1.136017e+00,1.011878e+01,4.092480e-01,9.823737e-04
hvof_phi1p3,1.3,0,1,3425,3.108640e-01,1.243456e+00,1.088624e+01,4.222630e-01,1.075282e-03
hvof_phi1p3,1.3,0,1,3450,3.463104e-01,1.385242e+00,1.174902e+01,4.376090e-01,1.197891e-03
hvof_phi1p3,1.3,0,1,3475,3.948358e-01,1.579343e+00,1.274490e+01,4.557820e-01,1.365741e-03
hvof_phi1p3,1.3,0,1,3500,4.646312e-01,1.858525e+00,1.389647e+01,4.773880e-01,1.607164e-03
hvof_phi1p3,1.3,0,1,3525,5.723626e-01,2.289450e+00,1.521609e+01,5.031770e-01,1.979808e-03
hvof_phi1p3,1.3,0,1,3550,7.579822e-01,3.031929e+00,1.678021e+01,5.340860e-01,2.621868e-03
hvof_phi1p3,1.3,0,1,3575,1.147283e+00,4.589131e+00,1.857273e+01,5.712880e-01,3.968463e-03
hvof_phi1p3,1.3,0,1,3600,2.450259e+00,9.801035e+00,2.078580e+01,6.162760e-01,8.475472e-03
hvof_phi1p3,1.3,0,1,3625,3.284200e+00,1.000000e+01,2.162120e+01,6.709730e-01,1.136008e-02
hvof_phi1p3,1.3,0,1,3650,4.251820e+00,1.000000e+01,2.243630e+01,7.378870e-01,1.470709e-02
hvof_phi1p3,1.3,0,1,3675,5.438140e+00,1.000000e+01,2.325870e+01,8.203590e-01,1.881058e-02
hvof_phi1p3,1.3,0,1,3700,6.908620e+00,1.000000e+01,2.408000e+01,9.229260e-01,2.389699e-02
hvof_phi1p3,1.3,0,1,3725,8.755040e+00,1.000000e+01,2.489040e+01,1.051910e+00,3.028378e-02
hvof_phi1p3,1.3,0,1,3750,1.111020e+01,1.000000e+01,2.567890e+01,1.216400e+00,3.843030e-02
hvof_phi1p3,1.3,0,1,3775,1.417310e+01,1.000000e+01,2.643360e+01,1.429920e+00,4.902490e-02
hvof_phi1p3,1.3,0,1,3800,1.825590e+01,1.000000e+01,2.714230e+01,1.713530e+00,6.314735e-02
hvof_phi1p3,1.3,0,1,3825,2.387610e+01,1.000000e+01,2.779240e+01,2.101970e+00,8.258769e-02
hvof_phi1p3,1.3,0,1,3850,3.195700e+01,1.000000e+01,2.837180e+01,2.656750e+00,1.105396e-01
hvof_phi1p3,1.3,0,1,3875,4.431460e+01,1.000000e+01,2.886840e+01,3.498230e+00,1.532847e-01
hvof_phi1p3,1.3,0,1,3900,6.506580e+01,1.000000e+01,2.927070e+01,4.897760e+00,2.250633e-01
hvof_phi1p3,1.3,0,1,3925,1.058930e+02,1.000000e+01,2.956660e+01,7.621890e+00,3.662850e-01
hvof_phi1p3,1.3,0,1,3950,2.177800e+02,1.000000e+01,2.974260e+01,1.500500e+01,7.533034e-01
hvof_phi1p3,1.3,0,1,3975,1.000000e+03,1.000000e+01,2.980110e+01,9.876930e+01,3.459011e+00
hvof_phi1p3,1.3,0,1,4000,1.000000e+03,1.000000e+01,2.998500e+01,2.000000e+02,3.459011e+00
hvof_phi0p8_air25,0.8,0.25,0.01,300,1.732903e-02,6.931613e-02,-8.328772e+00,6.848710e-02,5.994131e-05
hvof_phi0p8_air25,0.8,0.25,0.01,325,1.765409e-02,7.061635e-02,-8.295737e+00,6.911950e-02,6.106568e-05
hvof_phi0p8_air25,0.8,0.25,0.01,350,1.806526e-02,7.226106e-02,-8.260418e+00,6.993240e-02,6.248794e-05
hvof_phi0p8_air25,0.8,0.25,0.01,375,1.851610e-02,7.406438e-02,-8.221987e+00,7.093000e-02,6.404737e-05
hvof_phi0p8_air25,0.8,0.25,0.01,400,1.909506e-02,7.638025e-02,-8.181148e+00,7.212260e-02,6.605002e-05
hvof_phi0p8_air25,0.8,0.25,0.01,425,1.977197e-02,7.908787e-02,-8.136566e+00,7.353370e-02,6.839145e-05
hvof_phi0p8_air25,0.8,0.25,0.01,450,2.055675e-02,8.222702e-02,-8.086871e+00,7.520560e-02,7.110603e-05
hvof_phi0p8_air25,0.8,0.25,0.01,475,2.146430e-02,8.585720e-02,-8.030142e+00,7.719880e-02,7.424524e-05
hvof_phi0p8_air25,0.8,0.25,0.01,500,2.251397e-02,9.005587e-02,-7.963956e+00,7.958860e-02,7.787605e-05
hvof_phi0p8_air25,0.8,0.25,0.01,525,2.373007e-02,9.492027e-02,-7.885532e+00,8.246080e-02,8.208256e-05
hvof_phi0p8_air25,0.8,0.25,0.01,550,2.516181e-02,1.006472e-01,-7.791962e+00,8.591240e-02,8.703497e-05
hvof_phi0p8_air25,0.8,0.25,0.01,575,2.683395e-02,1.073358e-01,-7.679278e+00,9.006400e-02,9.281891e-05
hvof_phi0p8_air25,0.8,0.25,0.01,600,2.884923e-02,1.153969e-01,-7.544810e+00,9.509340e-02,9.978980e-05
hvof_phi0p8_air25,0.8,0.25,0.01,625,3.132852e-02,1.253141e-01,-7.382921e+00,1.012980e-01,1.083657e-04
hvof_phi0p8_air25,0.8,0.25,0.01,650,3.449702e-02,1.379881e-01,-7.184017e+00,1.091900e-01,1.193256e-04
hvof_phi0p8_air25,0.8,0.25,0.01,675,3.872852e-02,1.549141e-01,-6.931912e+00,1.195960e-01,1.339624e-04
hvof_phi0p8_air25,0.8,0.25,0.01,700,4.459708e-02,1.783883e-01,-6.603164e+00,1.337280e-01,1.542618e-04
hvof_phi0p8_air25,0.8,0.25,0.01,725,5.287357e-02,2.114943e-01,-6.171436e+00,1.530950e-01,1.828902e-04
hvof_phi0p8_air25,0.8,0.25,0.01,750,6.446305e-02,2.578522e-01,-5.617285e+00,1.791200e-01,2.229784e-04
hvof_phi0p8_air25,0.8,0.25,0.01,775,7.990625e-02,3.196250e-01,-4.952498e+00,2.122000e-01,2.763966e-04
hvof_phi0p8_air25,0.8,0.25,0.01,800,9.845263e-02,3.938105e-01,-4.243668e+00,2.502840e-01,3.405487e-04
hvof_phi0p8_air25,0.8,0.25,0.01,825,1.173860e-01,4.695440e-01,-3.598879e+00,2.882370e-01,4.060394e-04
hvof_phi0p8_air25,0.8,0.25,0.01,850,1.333019e-01,5.332075e-01,-3.101058e+00,3.200380e-01,4.610926e-04
hvof_phi0p8_air25,0.8,0.25,0.01,875,1.445115e-01,5.780461e-01,-2.761683e+00,3.426040e-01,4.998669e-04
hvof_phi0p8_air25,0.8,0.25,0.01,900,1.514945e-01,6.059780e-01,-2.542344e+00,3.567500e-01,5.240211e-04
hvof_phi0p8_air25,0.8,0.25,0.01,925,1.555698e-01,6.222790e-01,-2.398659e+00,3.650050e-01,5.381175e-04
hvof_phi0p8_air25,0.8,0.25,0.01,950,1.578939e-01,6.315755e-01,-2.298014e+00,3.696860e-01,5.461566e-04
hvof_phi0p8_air25,0.8,0.25,0.01,975,1.592200e-01,6.368799e-01,-2.221172e+00,3.723320e-01,5.507436e-04
hvof_phi0p8_air25,0.8,0.25,0.01,1000,1.599867e-01,6.399469e-01,-2.157437e+00,3.738460e-01,5.533958e-04
hvof_phi0p8_air25,0.8,0.25,0.01,1025,1.604385e-01,6.417542e-01,-2.100959e+00,3.747280e-01,5.549586e-04
hvof_phi0p8_air25,0.8,0.25,0.01,1050,1.607106e-01,6.428422e-01,-2.048553e+00,3.752530e-01,5.558995e-04
hvof_phi0p8_air25,0.8,0.25,0.01,1075,1.608775e-01,6.435100e-01,-1.998462e+00,3.755720e-01,5.564770e-04
hvof_phi0p8_air25,0.8,0.25,0.01,1100,1.609823e-01,6.439292e-01,-1.949681e+00,3.757710e-01,5.568395e-04
hvof_phi0p8_air25,0.8,0.25,0.01,1125,1.610499e-01,6.441996e-01,-1.901633e+00,3.758980e-01,5.570733e-04
hvof_phi0p8_air25,0.8,0.25,0.01,1150,1.610944e-01,6.443774e-01,-1.853978e+00,3.759800e-01,5.572271e-04
hvof_phi0p8_air25,0.8,0.25,0.01,1175,1.611245e-01,6.444981e-01,-1.806515e+00,3.760360e-01,5.573315e-04
hvof_phi0p8_air25,0.8,0.25,0.01,1200,1.611455e-01,6.445819e-01,-1.759120e+00,3.760740e-01,5.574040e-04
hvof_phi0p8_air25,0.8,0.25,0.01,1225,1.611609e-01,6.446437e-01,-1.711703e+00,3.761010e-01,5.574573e-04
hvof_phi0p8_air25,0.8,0.25,0.01,1250,1.611731e-01,6.446924e-01,-1.664222e+00,3.761210e-01,5.574995e-04
hvof_phi0p8_air25,0.8,0.25,0.01,1275,1.611832e-01,6.447326e-01,-1.616644e+00,3.761370e-01,5.575342e-04
hvof_phi0p8_air25,0.8,0.25,0.01,1300,1.611921e-01,6.447686e-01,-1.568943e+00,3.761510e-01,5.575654e-04
hvof_phi0p8_air25,0.8,0.25,0.01,1325,1.612009e-01,6.448036e-01,-1.521095e+00,3.761630e-01,5.575957e-04
hvof_phi0p8_air25,0.8,0.25,0.01,1350,1.612101e-01,6.448404e-01,-1.473087e+00,3.761750e-01,5.576275e-04
hvof_phi0p8_air25,0.8,0.25,0.01,1375,1.612199e-01,6.448797e-01,-1.424907e+00,3.761880e-01,5.576614e-04
hvof_phi0p8_air25,0.8,0.25,0.01,1400,1.612308e-01,6.449233e-01,-1.376543e+00,3.762010e-01,5.576991e-04
hvof_phi0p8_air25,0.8,0.25,0.01,1425,1.612436e-01,6.449745e-01,-1.327969e+00,3.762160e-01,5.577435e-04
hvof_phi0p8_air25,0.8,0.25,0.01,1450,1.612577e-01,6.450309e-01,-1.279175e+00,3.762330e-01,5.577922e-04
hvof_phi0p8_air25,0.8,0.25,0.01,1475,1.612744e-01,6.450976e-01,-1.230141e+00,3.762510e-01,5.578499e-04
hvof_phi0p8_air25,0.8,0.25,0.01,1500,1.612934e-01,6.451737e-01,-1.180833e+00,3.762730e-01,5.579157e-04
hvof_phi0p8_air25,0.8,0.25,0.01,1525,1.613154e-01,6.452617e-01,-1.131226e+00,3.762970e-01,5.579918e-04
hvof_phi0p8_air25,0.8,0.25,0.01,1550,1.613409e-01,6.453635e-01,-1.081278e+00,3.763250e-01,5.580798e-04
hvof_phi0p8_air25,0.8,0.25,0.01,1575,1.613697e-01,6.454789e-01,-1.030957e+00,3.763570e-01,5.581796e-04
hvof_phi0p8_air25,0.8,0.25,0.01,1600,1.614031e-01,6.456123e-01,-9.802063e-01,3.763930e-01,5.582950e-04
hvof_phi0p8_air25,0.8,0.25,0.01,1625,1.614409e-01,6.457636e-01,-9.289646e-01,3.764340e-01,5.584258e-04
hvof_phi0p8_air25,0.8,0.25,0.01,1650,1.614839e-01,6.459356e-01,-8.771640e-01,3.764810e-01,5.585745e-04
hvof_phi0p8_air25,0.8,0.25,0.01,1675,1.615327e-01,6.461306e-01,-8.247235e-01,3.765330e-01,5.587432e-04
hvof_phi0p8_air25,0.8,0.25,0.01,1700,1.615874e-01,6.463497e-01,-7.715506e-01,3.765910e-01,5.589326e-04
hvof_phi0p8_air25,0.8,0.25,0.01,1725,1.616492e-01,6.465970e-01,-7.175355e-01,3.766560e-01,5.591465e-04
hvof_phi0p8_air25,0.8,0.25,0.01,1750,1.617186e-01,6.468745e-01,-6.625562e-01,3.767290e-01,5.593864e-04
hvof_phi0p8_air25,0.8,0.25,0.01,1775,1.617961e-01,6.471845e-01,-6.064740e-01,3.768100e-01,5.596546e-04
hvof_phi0p8_air25,0.8,0.25,0.01,1800,1.618827e-01,6.475307e-01,-5.491281e-01,3.769000e-01,5.599539e-04
hvof_phi0p8_air25,0.8,0.25,0.01,1825,1.619791e-01,6.479165e-01,-4.903406e-01,3.769990e-01,5.602876e-04
hvof_phi0p8_air25,0.8,0.25,0.01,1850,1.620861e-01,6.483446e-01,-4.299124e-01,3.771080e-01,5.606577e-04
hvof_phi0p8_air25,0.8,0.25,0.01,1875,1.622048e-01,6.488193e-01,-3.676177e-01,3.772280e-01,5.610682e-04
hvof_phi0p8_air25,0.8,0.25,0.01,1900,1.623358e-01,6.493432e-01,-3.032100e-01,3.773590e-01,5.615213e-04
hvof_phi0p8_air25,0.8,0.25,0.01,1925,1.624802e-01,6.499209e-01,-2.364138e-01,3.775030e-01,5.620208e-04
hvof_phi0p8_air25,0.8,0.25,0.01,1950,1.626392e-01,6.505567e-01,-1.669260e-01,3.776590e-01,5.625706e-04
hvof_phi0p8_air25,0.8,0.25,0.01,1975,1.628136e-01,6.512543e-01,-9.441467e-02,3.778300e-01,5.631739e-04
hvof_phi0p8_air25,0.8,0.25,0.01,2000,1.630048e-01,6.520190e-01,-1.851705e-02,3.780140e-01,5.638352e-04
hvof_phi0p8_air25,0.8,0.25,0.01,2025,1.632134e-01,6.528538e-01,6.115973e-02,3.782140e-01,5.645570e-04
hvof_phi0p8_air25,0.8,0.25,0.01,2050,1.634412e-01,6.537648e-01,1.450443e-01,3.784300e-01,5.653449e-04
hvof_phi0p8_air25,0.8,0.25,0.01,2075,1.636890e-01,6.547559e-01,2.335939e-01,3.786610e-01,5.662019e-04
hvof_phi0p8_air25,0.8,0.25,0.01,2100,1.639578e-01,6.558310e-01,3.273017e-01,3.789100e-01,5.671316e-04
hvof_phi0p8_air25,0.8,0.25,0.01,2125,1.642492e-01,6.569966e-01,4.266943e-01,3.791770e-01,5.681396e-04
hvof_phi0p8_air25,0.8,0.25,0.01,2150,1.645642e-01,6.582569e-01,5.323298e-01,3.794610e-01,5.692294e-04
hvof_phi0p8_air25,0.8,0.25,0.01,2175,1.649039e-01,6.596157e-01,6.447969e-01,3.797640e-01,5.704044e-04
hvof_phi0p8_air25,0.8,0.25,0.01,2200,1.652696e-01,6.610784e-01,7.647171e-01,3.800850e-01,5.716694e-04
hvof_phi0p8_air25,0.8,0.25,0.01,2225,1.656620e-01,6.626481e-01,8.927353e-01,3.804250e-01,5.730267e-04
hvof_phi0p8_air25,0.8,0.25,0.01,2250,1.660828e-01,6.643311e-01,1.029529e+00,3.807850e-01,5.744821e-04
hvof_phi0p8_air25,0.8,0.25,0.01,2275,1.665321e-01,6.661284e-01,1.175777e+00,3.811630e-01,5.760363e-04
hvof_phi0p8_air25,0.8,0.25,0.01,2300,1.670119e-01,6.680475e-01,1.332208e+00,3.815600e-01,5.776958e-04
hvof_phi0p8_air25,0.8,0.25,0.01,2325,1.675221e-01,6.700884e-01,1.499538e+00,3.819750e-01,5.794608e-04
hvof_phi0p8_air25,0.8,0.25,0.01,2350,1.680635e-01,6.722538e-01,1.678466e+00,3.824090e-01,5.813333e-04
hvof_phi0p8_air25,0.8,0.25,0.01,2375,1.686376e-01,6.745504e-01,1.869746e+00,3.828610e-01,5.833193e-04
hvof_phi0p8_air25,0.8,0.25,0.01,2400,1.692449e-01,6.769797e-01,2.074068e+00,3.833320e-01,5.854200e-04
hvof_phi0p8_air25,0.8,0.25,0.01,2425,1.698863e-01,6.795450e-01,2.292124e+00,3.838200e-01,5.876384e-04
hvof_phi0p8_air25,0.8,0.25,0.01,2450,1.705630e-01,6.822521e-01,2.524592e+00,3.843280e-01,5.899793e-04
hvof_phi0p8_air25,0.8,0.25,0.01,2475,1.712770e-01,6.851079e-01,2.772083e+00,3.848560e-01,5.924489e-04
hvof_phi0p8_air25,0.8,0.25,0.01,2500,1.720309e-01,6.881236e-01,3.035197e+00,3.854080e-01,5.950568e-04
hvof_phi0p8_air25,0.8,0.25,0.01,2525,1.728286e-01,6.913146e-01,3.314480e+00,3.859860e-01,5.978161e-04
hvof_phi0p8_air25,0.8,0.25,0.01,2550,1.736753e-01,6.947013e-01,3.610450e+00,3.865990e-01,6.007448e-04
hvof_phi0p8_air25,0.8,0.25,0.01,2575,1.745803e-01,6.983212e-01,3.923606e+00,3.872540e-01,6.038752e-04
hvof_phi0p8_air25,0.8,0.25,0.01,2600,1.755540e-01,7.022159e-01,4.253896e+00,3.879680e-01,6.072431e-04
hvof_phi0p8_air25,0.8,0.25,0.01,2625,1.766149e-01,7.064594e-01,4.601828e+00,3.887590e-01,6.109127e-04
hvof_phi0p8_air25,0.8,0.25,0.01,2650,1.777880e-01,7.111519e-01,4.968413e+00,3.896540e-01,6.149705e-04
hvof_phi0p8_air25,0.8,0.25,0.01,2675,1.791081e-01,7.164322e-01,5.354485e+00,3.906920e-01,6.195367e-04
hvof_phi0p8_air25,0.8,0.25,0.01,2700,1.806245e-01,7.224980e-01,5.761266e+00,3.919240e-01,6.247821e-04
hvof_phi0p8_air25,0.8,0.25,0.01,2725,1.824044e-01,7.296175e-01,6.190544e+00,3.934170e-01,6.309387e-04
hvof_phi0p8_air25,0.8,0.25,0.01,2750,1.845421e-01,7.381683e-01,6.645031e+00,3.952620e-01,6.383330e-04
hvof_phi0p8_air25,0.8,0.25,0.01,2775,1.871663e-01,7.486651e-01,7.128714e+00,3.975780e-01,6.474102e-04
hvof_phi0p8_air25,0.8,0.25,0.01,2800,1.904557e-01,7.618229e-01,7.647468e+00,4.005180e-01,6.587884e-04
hvof_phi0p8_air25,0.8,0.25,0.01,2825,1.946589e-01,7.786357e-01,8.209885e+00,4.042860e-01,6.733273e-04
hvof_phi0p8_air25,0.8,0.25,0.01,2850,2.001266e-01,8.005064e-01,8.828208e+00,4.091420e-01,6.922401e-04
hvof_phi0p8_air25,0.8,0.25,0.01,2875,2.073505e-01,8.294019e-01,9.509089e+00,4.154260e-01,7.172275e-04
hvof_phi0p8_air25,0.8,0.25,0.01,2900,2.170790e-01,8.683159e-01,1.028485e+01,4.235760e-01,7.508785e-04
hvof_phi0p8_air25,0.8,0.25,0.01,2925,2.304348e-01,9.217392e-01,1.118317e+01,4.341610e-01,7.970765e-04
hvof_phi0p8_air25,0.8,0.25,0.01,2950,2.492212e-01,9.968849e-01,1.224540e+01,4.479220e-01,8.620589e-04
hvof_phi0p8_air25,0.8,0.25,0.01,2975,2.764898e-01,1.105959e+00,1.350714e+01,4.658280e-01,9.563814e-04
hvof_phi0p8_air25,0.8,0.25,0.01,3000,3.180009e-01,1.272004e+00,1.507717e+01,4.891560e-01,1.099968e-03
hvof_phi0p8_air25,0.8,0.25,0.01,3025,3.858080e-01,1.543232e+00,1.706928e+01,5.196150e-01,1.334514e-03
hvof_phi0p8_air25,0.8,0.25,0.01,3050,5.103096e-01,2.041238e+00,1.960331e+01,5.595200e-01,1.765166e-03
hvof_phi0p8_air25,0.8,0.25,0.01,3075,7.972197e-01,3.188879e+00,2.295331e+01,6.120740e-01,2.757592e-03
hvof_phi0p8_air25,0.8,0.25,0.01,3100,2.023717e+00,8.094869e+00,2.746351e+01,6.818250e-01,7.000060e-03
hvof_phi0p8_air25,0.8,0.25,0.01,3125,3.958190e+00,1.000000e+01,2.866520e+01,7.754330e-01,1.369142e-02
hvof_phi0p8_air25,0.8,0.25,0.01,3150,6.192040e+00,1.000000e+01,2.915180e+01,9.030600e-01,2.141833e-02
hvof_phi0p8_air25,0.8,0.25,0.01,3175,9.320500e+00,1.000000e+01,2.952060e+01,1.081020e+00,3.223971e-02
hvof_phi0p8_air25,0.8,0.25,0.01,3200,1.384180e+01,1.000000e+01,2.977390e+01,1.337310e+00,4.787893e-02
hvof_phi0p8_air25,0.8,0.25,0.01,3225,2.068760e+01,1.000000e+01,2.991950e+01,1.724400e+00,7.155863e-02
hvof_phi0p8_air25,0.8,0.25,0.01,3250,3.182670e+01,1.000000e+01,2.996980e+01,2.353550e+00,1.100889e-01
hvof_phi0p8_air25,0.8,0.25,0.01,3275,5.227390e+01,1.000000e+01,2.993970e+01,3.509390e+00,1.808160e-01
hvof_phi0p8_air25,0.8,0.25,0.01,3300,9.970440e+01,1.000000e+01,2.984480e+01,6.201830e+00,3.448786e-01
hvof_phi0p8_air25,0.8,0.25,0.01,3325,3.128490e+02,1.000000e+01,2.969980e+01,1.845260e+01,1.082148e+00
hvof_phi0p8_air25,0.8,0.25,0.01,3350,1.000000e+03,1.000000e+01,2.979740e+01,2.000000e+02,3.459011e+00
hvof_phi0p8_air25,0.8,0.25,0.01,3375,1.000000e+03,1.000000e+01,3.008540e+01,2.000000e+02,3.459011e+00
hvof_phi0p8_air25,0.8,0.25,0.01,3400,1.000000e+03,1.000000e+01,3.039580e+01,2.000000e+02,3.459011e+00
hvof_phi0p8_air25,0.8,0.25,0.01,3425,1.000000e+03,1.000000e+01,3.073090e+01,2.000000e+02,3.459011e+00
hvof_phi0p8_air25,0.8,0.25,0.01,3450,1.000000e+03,1.000000e+01,3.109290e+01,2.000000e+02,3.459011e+00
hvof_phi0p8_air25,0.8,0.25,0.01,3475,1.000000e+03,1.000000e+01,3.148450e+01,2.000000e+02,3.459011e+00
hvof_phi0p8_air25,0.8,0.25,0.01,3500,1.000000e+03,1.000000e+01,3.190820e+01,2.000000e+02,3.459011e+00
hvof_phi0p8_air25,0.8,0.25,0.01,3525,1.000000e+03,1.000000e+01,3.236710e+01,2.000000e+02,3.459011e+00
hvof_phi0p8_air25,0.8,0.25,0.01,3550,1.000000e+03,1.000000e+01,3.286390e+01,2.000000e+02,3.459011e+00
hvof_phi0p8_air25,0.8,0.25,0.01,3575,1.000000e+03,1.000000e+01,3.340200e+01,2.000000e+02,3.459011e+00
hvof_phi0p8_air25,0.8,0.25,0.01,3600,1.000000e+03,1.000000e+01,3.398440e+01,2.000000e+02,3.459011e+00
hvof_phi0p8_air25,0.8,0.25,0.01,3625,1.000000e+03,1.000000e+01,3.461460e+01,2.000000e+02,3.459011e+00
hvof_phi0p8_air25,0.8,0.25,0.01,3650,1.000000e+03,1.000000e+01,3.529570e+01,2.000000e+02,3.459011e+00
hvof_phi0p8_air25,0.8,0.25,0.01,3675,1.000000e+03,1.000000e+01,3.603090e+01,2.000000e+02,3.459011e+00
hvof_phi0p8_air25,0.8,0.25,0.01,3700,1.000000e+03,1.000000e+01,3.682320e+01,2.000000e+02,3.459011e+00
hvof_phi0p8_air25,0.8,0.25,0.01,3725,1.000000e+03,1.000000e+01,3.767490e+01,2.000000e+02,3.459011e+00
hvof_phi0p8_air25,0.8,0.25,0.01,3750,1.000000e+03,1.000000e+01,3.858790e+01,2.000000e+02,3.459011e+00
hvof_phi0p8_air25,0.8,0.25,0.01,3775,1.000000e+03,1.000000e+01,3.956340e+01,2.000000e+02,3.459011e+00
hvof_phi0p8_air25,0.8,0.25,0.01,3800,1.000000e+03,1.000000e+01,4.060120e+01,2.000000e+02,3.459011e+00
hvof_phi0p8_air25,0.8,0.25,0.01,3825,1.000000e+03,1.000000e+01,4.169970e+01,2.000000e+02,3.459011e+00
hvof_phi0p8_air25,0.8,0.25,0.01,3850,1.000000e+03,1.000000e+01,4.285570e+01,2.000000e+02,3.459011e+00
hvof_phi0p8_air25,0.8,0.25,0.01,3875,1.000000e+03,1.000000e+01,4.406390e+01,2.000000e+02,3.459011e+00
hvof_phi0p8_air25,0.8,0.25,0.01,3900,1.000000e+03,1.000000e+01,4.531700e+01,2.000000e+02,3.459011e+00
hvof_phi0p8_air25,0.8,0.25,0.01,3925,1.000000e+03,1.000000e+01,4.660530e+01,2.000000e+02,3.459011e+00
hvof_phi0p8_air25,0.8,0.25,0.01,3950,1.000000e+03,1.000000e+01,4.791710e+01,2.000000e+02,3.459011e+00
hvof_phi0p8_air25,0.8,0.25,0.01,3975,1.000000e+03,1.000000e+01,4.923900e+01,2.000000e+02,3.459011e+00
hvof_phi0p8_air25,0.8,0.25,0.01,4000,1.000000e+03,1.000000e+01,5.055650e+01,2.000000e+02,3.459011e+00
hvof_phi0p8_air25,0.8,0.25,1,300,1.732812e-02,6.931249e-02,-8.328808e+00,6.848460e-02,5.993816e-05
hvof_phi0p8_air25,0.8,0.25,1,325,1.765009e-02,7.060034e-02,-8.295891e+00,6.910950e-02,6.105183e-05
hvof_phi0p8_air25,0.8,0.25,1,350,1.805409e-02,7.221636e-02,-8.260951e+00,6.990050e-02,6.244929e-05
hvof_phi0p8_air25,0.8,0.25,1,375,1.848524e-02,7.394098e-02,-8.223461e+00,7.084350e-02,6.394066e-05
hvof_phi0p8_air25,0.8,0.25,1,400,1.902216e-02,7.608864e-02,-8.184760e+00,7.191710e-02,6.579786e-05
hvof_phi0p8_air25,0.8,0.25,1,425,1.961820e-02,7.847278e-02,-8.144477e+00,7.309760e-02,6.785955e-05
hvof_phi0p8_air25,0.8,0.25,1,450,2.026205e-02,8.104819e-02,-8.102713e+00,7.436320e-02,7.008664e-05
hvof_phi0p8_air25,0.8,0.25,1,475,2.094346e-02,8.377385e-02,-8.059454e+00,7.569670e-02,7.244366e-05
hvof_phi0p8_air25,0.8,0.25,1,500,2.165413e-02,8.661653e-02,-8.014589e+00,7.708740e-02,7.490188e-05
hvof_phi0p8_air25,0.8,0.25,1,525,2.238812e-02,8.955246e-02,-7.967849e+00,7.853220e-02,7.744073e-05
hvof_phi0p8_air25,0.8,0.25,1,550,2.314221e-02,9.256885e-02,-7.918808e+00,8.003620e-02,8.004916e-05
hvof_phi0p8_air25,0.8,0.25,1,575,2.391670e-02,9.566681e-02,-7.866835e+00,8.161480e-02,8.272813e-05
hvof_phi0p8_air25,0.8,0.25,1,600,2.471640e-02,9.886559e-02,-7.811051e+00,8.329600e-02,8.549429e-05
hvof_phi0p8_air25,0.8,0.25,1,625,2.557516e-02,1.023006e-01,-7.750041e+00,8.512540e-02,8.846475e-05
hvof_phi0p8_air25,0.8,0.25,1,650,2.647309e-02,1.058924e-01,-7.682071e+00,8.717260e-02,9.157071e-05
hvof_phi0p8_air25,0.8,0.25,1,675,2.747466e-02,1.098986e-01,-7.605382e+00,8.953950e-02,9.503514e-05
hvof_phi0p8_air25,0.8,0.25,1,700,2.861959e-02,1.144784e-01,-7.516963e+00,9.237060e-02,9.899547e-05
hvof_phi0p8_air25,0.8,0.25,1,725,2.998254e-02,1.199302e-01,-7.412950e+00,9.586410e-02,1.037099e-04
hvof_phi0p8_air25,0.8,0.25,1,750,3.166655e-02,1.266662e-01,-7.288332e+00,1.002830e-01,1.095349e-04
hvof_phi0p8_air25,0.8,0.25,1,775,3.380852e-02,1.352341e-01,-7.136772e+00,1.059620e-01,1.169440e-04
hvof_phi0p8_air25,0.8,0.25,1,800,3.658459e-02,1.463384e-01,-6.950593e+00,1.133120e-01,1.265465e-04
hvof_phi0p8_air25,0.8,0.25,1,825,4.024637e-02,1.609855e-01,-6.720182e+00,1.228100e-01,1.392126e-04
hvof_phi0p8_air25,0.8,0.25,1,850,4.503406e-02,1.801362e-01,-6.437181e+00,1.349680e-01,1.557733e-04
hvof_phi0p8_air25,0.8,0.25,1,875,5.122770e-02,2.049108e-01,-6.094296e+00,1.502680e-01,1.771972e-04
hvof_phi0p8_air25,0.8,0.25,1,900,5.912495e-02,2.364998e-01,-5.687858e+00,1.690360e-01,2.045138e-04
hvof_phi0p8_air25,0.8,0.25,1,925,6.887129e-02,2.754852e-01,-5.223678e+00,1.912680e-01,2.382265e-04
hvof_phi0p8_air25,0.8,0.25,1,950,8.035020e-02,3.214008e-01,-4.719331e+00,2.164070e-01,2.779322e-04
hvof_phi0p8_air25,0.8,0.25,1,975,9.310765e-02,3.724306e-01,-4.204296e+00,2.432090e-01,3.220604e-04
hvof_phi0p8_air25,0.8,0.25,1,1000,1.062100e-01,4.248400e-01,-3.714277e+00,2.698470e-01,3.673815e-04
hvof_phi0p8_air25,0.8,0.25,1,1025,1.185770e-01,4.743081e-01,-3.279864e+00,2.943610e-01,4.101592e-04
hvof_phi0p8_air25,0.8,0.25,1,1050,1.293086e-01,5.172345e-01,-2.917569e+00,3.152610e-01,4.472799e-04
hvof_phi0p8_air25,0.8,0.25,1,1075,1.379682e-01,5.518727e-01,-2.628673e+00,3.319140e-01,4.772334e-04
hvof_phi0p8_air25,0.8,0.25,1,1100,1.445650e-01,5.782601e-01,-2.403149e+00,3.444920e-01,5.000520e-04
hvof_phi0p8_air25,0.8,0.25,1,1125,1.493978e-01,5.975913e-01,-2.227684e+00,3.536440e-01,5.167687e-04
hvof_phi0p8_air25,0.8,0.25,1,1150,1.528551e-01,6.114205e-01,-2.089754e+00,3.601530e-01,5.287275e-04
hvof_phi0p8_air25,0.8,0.25,1,1175,1.552954e-01,6.211815e-01,-1.978413e+00,3.647310e-01,5.371683e-04
hvof_phi0p8_air25,0.8,0.25,1,1200,1.570090e-01,6.280361e-01,-1.885678e+00,3.679410e-01,5.430959e-04
hvof_phi0p8_air25,0.8,0.25,1,1225,1.582133e-01,6.328531e-01,-1.805908e+00,3.701970e-01,5.472614e-04
hvof_phi0p8_air25,0.8,0.25,1,1250,1.590629e-01,6.362516e-01,-1.735133e+00,3.717930e-01,5.502003e-04
hvof_phi0p8_air25,0.8,0.25,1,1275,1.596662e-01,6.386647e-01,-1.670632e+00,3.729320e-01,5.522870e-04
hvof_phi0p8_air25,0.8,0.25,1,1300,1.600980e-01,6.403918e-01,-1.610509e+00,3.737530e-01,5.537805e-04
hvof_phi0p8_air25,0.8,0.25,1,1325,1.604098e-01,6.416392e-01,-1.553467e+00,3.743510e-01,5.548592e-04
hvof_phi0p8_air25,0.8,0.25,1,1350,1.606379e-01,6.425515e-01,-1.498591e+00,3.747930e-01,5.556481e-04
hvof_phi0p8_air25,0.8,0.25,1,1375,1.608066e-01,6.432263e-01,-1.445244e+00,3.751230e-01,5.562317e-04
hvof_phi0p8_air25,0.8,0.25,1,1400,1.609340e-01,6.437360e-01,-1.392964e+00,3.753740e-01,5.566724e-04
hvof_phi0p8_air25,0.8,0.25,1,1425,1.610316e-01,6.441264e-01,-1.341433e+00,3.755680e-01,5.570101e-04
hvof_phi0p8_air25,0.8,0.25,1,1450,1.611088e-01,6.444353e-01,-1.290420e+00,3.757210e-01,5.572771e-04
hvof_phi0p8_air25,0.8,0.25,1,1475,1.611717e-01,6.446868e-01,-1.239742e+00,3.758440e-01,5.574946e-04
hvof_phi0p8_air25,0.8,0.25,1,1500,1.612253e-01,6.449013e-01,-1.189271e+00,3.759470e-01,5.576801e-04
hvof_phi0p8_air25,0.8,0.25,1,1525,1.612729e-01,6.450917e-01,-1.138908e+00,3.760340e-01,5.578448e-04
hvof_phi0p8_air25,0.8,0.25,1,1550,1.613171e-01,6.452685e-01,-1.088579e+00,3.761120e-01,5.579976e-04
hvof_phi0p8_air25,0.8,0.25,1,1575,1.613604e-01,6.454416e-01,-1.038207e+00,3.761830e-01,5.581474e-04
hvof_phi0p8_air25,0.8,0.25,1,1600,1.614037e-01,6.456148e-01,-9.877648e-01,3.762500e-01,5.582971e-04
hvof_phi0p8_air25,0.8,0.25,1,1625,1.614493e-01,6.457973e-01,-9.371934e-01,3.763160e-01,5.584549e-04
hvof_phi0p8_air25,0.8,0.25,1,1650,1.614977e-01,6.459909e-01,-8.864584e-01,3.763830e-01,5.586224e-04
hvof_phi0p8_air25,0.8,0.25,1,1675,1.615502e-01,6.462008e-01,-8.355252e-01,3.764510e-01,5.588039e-04
hvof_phi0p8_air25,0.8,0.25,1,1700,1.616078e-01,6.464313e-01,-7.843594e-01,3.765230e-01,5.590032e-04
hvof_phi0p8_air25,0.8,0.25,1,1725,1.616716e-01,6.466866e-01,-7.329293e-01,3.765990e-01,5.592240e-04
hvof_phi0p8_air25,0.8,0.25,1,1750,1.617421e-01,6.469685e-01,-6.812023e-01,3.766810e-01,5.594678e-04
hvof_phi0p8_air25,0.8,0.25,1,1775,1.618208e-01,6.472831e-01,-6.291431e-01,3.767700e-01,5.597398e-04
hvof_phi0p8_air25,0.8,0.25,1,1800,1.619078e-01,6.476312e-01,-5.767187e-01,3.768660e-01,5.600408e-04
hvof_phi0p8_air25,0.8,0.25,1,1825,1.620045e-01,6.480181e-01,-5.238898e-01,3.769710e-01,5.603754e-04
hvof_phi0p8_air25,0.8,0.25,1,1850,1.621118e-01,6.484472e-01,-4.706180e-01,3.770850e-01,5.607464e-04
hvof_phi0p8_air25,0.8,0.25,1,1875,1.622307e-01,6.489229e-01,-4.168596e-01,3.772100e-01,5.611578e-04
hvof_phi0p8_air25,0.8,0.25,1,1900,1.623620e-01,6.494479e-01,-3.625701e-01,3.773460e-01,5.616118e-04
hvof_phi0p8_air25,0.8,0.25,1,1925,1.625071e-01,6.500284e-01,-3.076980e-01,3.774940e-01,5.621138e-04
hvof_phi0p8_air25,0.8,0.25,1,1950,1.626672e-01,6.506687e-01,-2.521897e-01,3.776550e-01,5.626675e-04
hvof_phi0p8_air25,0.8,0.25,1,1975,1.628429e-01,6.513717e-01,-1.959893e-01,3.778300e-01,5.632754e-04
hvof_phi0p8_air25,0.8,0.25,1,2000,1.630363e-01,6.521453e-01,-1.390330e-01,3.780210e-01,5.639444e-04
hvof_phi0p8_air25,0.8,0.25,1,2025,1.632481e-01,6.529923e-01,-8.125592e-02,3.782270e-01,5.646768e-04
hvof_phi0p8_air25,0.8,0.25,1,2050,1.634798e-01,6.539191e-01,-2.258478e-02,3.784500e-01,5.654783e-04
hvof_phi0p8_air25,0.8,0.25,1,2075,1.637331e-01,6.549322e-01,3.705744e-02,3.786920e-01,5.663544e-04
hvof_phi0p8_air25,0.8,0.25,1,2100,1.640095e-01,6.560381e-01,9.775363e-02,3.789520e-01,5.673107e-04
hvof_phi0p8_air25,0.8,0.25,1,2125,1.643102e-01,6.572407e-01,1.595894e-01,3.792320e-01,5.683507e-04
hvof_phi0p8_air25,0.8,0.25,1,2150,1.646371e-01,6.585483e-01,2.226593e-01,3.795340e-01,5.694814e-04
hvof_phi0p8_air25,0.8,0.25,1,2175,1.649922e-01,6.599688e-01,2.870645e-01,3.798580e-01,5.707098e-04
hvof_phi0p8_air25,0.8,0.25,1,2200,1.653773e-01,6.615092e-01,3.529102e-01,3.802050e-01,5.720419e-04
hvof_phi0p8_air25,0.8,0.25,1,2225,1.657938e-01,6.631754e-01,4.203069e-01,3.805760e-01,5.734827e-04
hvof_phi0p8_air25,0.8,0.25,1,2250,1.662443e-01,6.649774e-01,4.893743e-01,3.809730e-01,5.750410e-04
hvof_phi0p8_air25,0.8,0.25,1,2275,1.667307e-01,6.669229e-01,5.602365e-01,3.813960e-01,5.767234e-04
hvof_phi0p8_air25,0.8,0.25,1,2300,1.672552e-01,6.690210e-01,6.330267e-01,3.818470e-01,5.785377e-04
hvof_phi0p8_air25,0.8,0.25,1,2325,1.678199e-01,6.712796e-01,7.078797e-01,3.823260e-01,5.804909e-04
hvof_phi0p8_air25,0.8,0.25,1,2350,1.684273e-01,6.737090e-01,7.849417e-01,3.828350e-01,5.825917e-04
hvof_phi0p8_air25,0.8,0.25,1,2375,1.690796e-01,6.763184e-01,8.643640e-01,3.833740e-01,5.848481e-04
hvof_phi0p8_air25,0.8,0.25,1,2400,1.697793e-01,6.791171e-01,9.463043e-01,3.839450e-01,5.872684e-04
hvof_phi0p8_air25,0.8,0.25,1,2425,1.705296e-01,6.821183e-01,1.030926e+00,3.845480e-01,5.898636e-04
hvof_phi0p8_air25,0.8,0.25,1,2450,1.713325e-01,6.853299e-01,1.118407e+00,3.851840e-01,5.926409e-04
hvof_phi0p8_air25,0.8,0.25,1,2475,1.721915e-01,6.887662e-01,1.208922e+00,3.858550e-01,5.956124e-04
hvof_phi0p8_air25,0.8,0.25,1,2500,1.731092e-01,6.924369e-01,1.302661e+00,3.865600e-01,5.987866e-04
hvof_phi0p8_air25,0.8,0.25,1,2525,1.740887e-01,6.963549e-01,1.399817e+00,3.873010e-01,6.021747e-04
hvof_phi0p8_air25,0.8,0.25,1,2550,1.751330e-01,7.005320e-01,1.500523e+00,3.880780e-01,6.057869e-04
hvof_phi0p8_air25,0.8,0.25,1,2575,1.762443e-01,7.049772e-01,1.604600e+00,3.888920e-01,6.096309e-04
hvof_phi0p8_air25,0.8,0.25,1,2600,1.774273e-01,7.097093e-01,1.712654e+00,3.897430e-01,6.137230e-04
hvof_phi0p8_air25,0.8,0.25,1,2625,1.786858e-01,7.147432e-01,1.824907e+00,3.906320e-01,6.180761e-04
hvof_phi0p8_air25,0.8,0.25,1,2650,1.800230e-01,7.200922e-01,1.941573e+00,3.915600e-01,6.227016e-04
hvof_phi0p8_air25,0.8,0.25,1,2675,1.814440e-01,7.257762e-01,2.062904e+00,3.925270e-01,6.276169e-04
hvof_phi0p8_air25,0.8,0.25,1,2700,1.829526e-01,7.318103e-01,2.189130e+00,3.935330e-01,6.328349e-04
hvof_phi0p8_air25,0.8,0.25,1,2725,1.845533e-01,7.382133e-01,2.320524e+00,3.945800e-01,6.383719e-04
hvof_phi0p8_air25,0.8,0.25,1,2750,1.862520e-01,7.450080e-01,2.457349e+00,3.956680e-01,6.442477e-04
hvof_phi0p8_air25,0.8,0.25,1,2775,1.880537e-01,7.522148e-01,2.599895e+00,3.967970e-01,6.504798e-04
hvof_phi0p8_air25,0.8,0.25,1,2800,1.899647e-01,7.598590e-01,2.748460e+00,3.979690e-01,6.570901e-04
hvof_phi0p8_air25,0.8,0.25,1,2825,1.919920e-01,7.679679e-01,2.903378e+00,3.991850e-01,6.641023e-04
hvof_phi0p8_air25,0.8,0.25,1,2850,1.941440e-01,7.765758e-01,3.065008e+00,4.004480e-01,6.715460e-04
hvof_phi0p8_air25,0.8,0.25,1,2875,1.964291e-01,7.857162e-01,3.233729e+00,4.017600e-01,6.794502e-04
hvof_phi0p8_air25,0.8,0.25,1,2900,1.988582e-01,7.954327e-01,3.409985e+00,4.031230e-01,6.878526e-04
hvof_phi0p8_air25,0.8,0.25,1,2925,2.014402e-01,8.057610e-01,3.593307e+00,4.045420e-01,6.967840e-04
hvof_phi0p8_air25,0.8,0.25,1,2950,2.041893e-01,8.167572e-01,3.784221e+00,4.060240e-01,7.062930e-04
hvof_phi0p8_air25,0.8,0.25,1,2975,2.071248e-01,8.284990e-01,3.984029e+00,4.075730e-01,7.164468e-04
hvof_phi0p8_air25,0.8,0.25,1,3000,2.102672e-01,8.410688e-01,4.193397e+00,4.092010e-01,7.273165e-04
hvof_phi0p8_air25,0.8,0.25,1,3025,2.136412e-01,8.545647e-01,4.413111e+00,4.109170e-01,7.389871e-04
hvof_phi0p8_air25,0.8,0.25,1,3050,2.172773e-01,8.691093e-01,4.644095e+00,4.127360e-01,7.515646e-04
hvof_phi0p8_air25,0.8,0.25,1,3075,2.212128e-01,8.848511e-01,4.887443e+00,4.146760e-01,7.651773e-04
hvof_phi0p8_air25,0.8,0.25,1,3100,2.254930e-01,9.019720e-01,5.144114e+00,4.167580e-01,7.799827e-04
hvof_phi0p8_air25,0.8,0.25,1,3125,2.301648e-01,9.206593e-01,5.412846e+00,4.190110e-01,7.961426e-04
hvof_phi0p8_air25,0.8,0.25,1,3150,2.353104e-01,9.412414e-01,5.698143e+00,4.214670e-01,8.139411e-04
hvof_phi0p8_air25,0.8,0.25,1,3175,2.410204e-01,9.640817e-01,6.002251e+00,4.241690e-01,8.336922e-04
hvof_phi0p8_air25,0.8,0.25,1,3200,2.474115e-01,9.896459e-01,6.327944e+00,4.271660e-01,8.557990e-04
hvof_phi0p8_air25,0.8,0.25,1,3225,2.546156e-01,1.018463e+00,6.673489e+00,4.305210e-01,8.807183e-04
hvof_phi0p8_air25,0.8,0.25,1,3250,2.628291e-01,1.051317e+00,7.043836e+00,4.343080e-01,9.091288e-04
hvof_phi0p8_air25,0.8,0.25,1,3275,2.723157e-01,1.089263e+00,7.446825e+00,4.386190e-01,9.419430e-04
hvof_phi0p8_air25,0.8,0.25,1,3300,2.834147e-01,1.133659e+00,7.888935e+00,4.435630e-01,9.803346e-04
hvof_phi0p8_air25,0.8,0.25,1,3325,2.965874e-01,1.186349e+00,8.378586e+00,4.492750e-01,1.025899e-03
hvof_phi0p8_air25,0.8,0.25,1,3350,3.123927e-01,1.249571e+00,8.904718e+00,4.559160e-01,1.080570e-03
hvof_phi0p8_air25,0.8,0.25,1,3375,3.317609e-01,1.327044e+00,9.490128e+00,4.636820e-01,1.147565e-03
hvof_phi0p8_air25,0.8,0.25,1,3400,3.560290e-01,1.424116e+00,1.015867e+01,4.728090e-01,1.231508e-03
hvof_phi0p8_air25,0.8,0.25,1,3425,3.871033e-01,1.548413e+00,1.091154e+01,4.835850e-01,1.338994e-03
hvof_phi0p8_air25,0.8,0.25,1,3450,4.280202e-01,1.712081e+00,1.175074e+01,4.963610e-01,1.480526e-03
hvof_phi0p8_air25,0.8,0.25,1,3475,4.842074e-01,1.936830e+00,1.274656e+01,5.115630e-01,1.674879e-03
hvof_phi0p8_air25,0.8,0.25,1,3500,5.649465e-01,2.259786e+00,1.386445e+01,5.297170e-01,1.954156e-03
hvof_phi0p8_air25,0.8,0.25,1,3525,6.898994e-01,2.759598e+00,1.518064e+01,5.514690e-01,2.386369e-03
hvof_phi0p8_air25,0.8,0.25,1,3550,9.057504e-01,3.623001e+00,1.671634e+01,5.776250e-01,3.133000e-03
hvof_phi0p8_air25,0.8,0.25,1,3575,1.360952e+00,5.443808e+00,1.858766e+01,6.091960e-01,4.707548e-03
hvof_phi0p8_air25,0.8,0.25,1,3600,2.596750e+00,1.000000e+01,2.056960e+01,6.474660e-01,8.982186e-03
hvof_phi0p8_air25,0.8,0.25,1,3625,3.384770e+00,1.000000e+01,2.137120e+01,6.940840e-01,1.170796e-02
hvof_phi0p8_air25,0.8,0.25,1,3650,4.342030e+00,1.000000e+01,2.218970e+01,7.512050e-01,1.501913e-02
hvof_phi0p8_air25,0.8,0.25,1,3675,5.515900e+00,1.000000e+01,2.301840e+01,8.216940e-01,1.907956e-02
hvof_phi0p8_air25,0.8,0.25,1,3700,6.971230e+00,1.000000e+01,2.384920e+01,9.094460e-01,2.411356e-02
hvof_phi0p8_air25,0.8,0.25,1,3725,8.799010e+00,1.000000e+01,2.467220e+01,1.019890e+00,3.043587e-02
hvof_phi0p8_air25,0.8,0.25,1,3750,1.113080e+01,1.000000e+01,2.547640e+01,1.160820e+00,3.850156e-02
hvof_phi0p8_air25,0.8,0.25,1,3775,1.416390e+01,1.000000e+01,2.624980e+01,1.343860e+00,4.899308e-02
hvof_phi0p8_air25,0.8,0.25,1,3800,1.820770e+01,1.000000e+01,2.697970e+01,1.587150e+00,6.298063e-02
hvof_phi0p8_air25,0.8,0.25,1,3825,2.377550e+01,1.000000e+01,2.765300e+01,1.920610e+00,8.223971e-02
hvof_phi0p8_air25,0.8,0.25,1,3850,3.178280e+01,1.000000e+01,2.825700e+01,2.397400e+00,1.099370e-01
hvof_phi0p8_air25,0.8,0.25,1,3875,4.403120e+01,1.000000e+01,2.877880e+01,3.121810e+00,1.523044e-01
hvof_phi0p8_air25,0.8,0.25,1,3900,6.460610e+01,1.000000e+01,2.920610e+01,4.329970e+00,2.234732e-01
hvof_phi0p8_air25,0.8,0.25,1,3925,1.051040e+02,1.000000e+01,2.952570e+01,6.692640e+00,3.635559e-01
hvof_phi0p8_air25,0.8,0.25,1,3950,2.161580e+02,1.000000e+01,2.972300e+01,1.315110e+01,7.476928e-01
hvof_phi0p8_air25,0.8,0.25,1,3975,1.000000e+03,1.000000e+01,2.979680e+01,8.788540e+01,3.459011e+00
hvof_phi0p8_air25,0.8,0.25,1,4000,1.000000e+03,1.000000e+01,2.998070e+01,2.000000e+02,3.459011e+00
hvof_phi0p8_air50,0.8,0.5,0.01,300,1.886781e-02,7.547123e-02,-6.551182e+00,7.467170e-02,6.526395e-05
hvof_phi0p8_air50,0.8,0.5,0.01,325,1.909948e-02,7.639792e-02,-6.521559e+00,7.502020e-02,6.606531e-05
hvof_phi0p8_air50,0.8,0.5,0.01,350,1.939934e-02,7.759737e-02,-6.490797e+00,7.547350e-02,6.710254e-05
hvof_phi0p8_air50,0.8,0.5,0.01,375,1.976957e-02,7.907827e-02,-6.458663e+00,7.604030e-02,6.838314e-05
hvof_phi0p8_air50,0.8,0.5,0.01,400,2.021325e-02,8.085301e-02,-6.424743e+00,7.673640e-02,6.991786e-05
hvof_phi0p8_air50,0.8,0.5,0.01,425,2.073681e-02,8.294723e-02,-6.388271e+00,7.759020e-02,7.172884e-05
hvof_phi0p8_air50,0.8,0.5,0.01,450,2.135104e-02,8.540417e-02,-6.348103e+00,7.864590e-02,7.385348e-05
hvof_phi0p8_air50,0.8,0.5,0.01,475,2.207097e-02,8.828388e-02,-6.302637e+00,7.996300e-02,7.634372e-05
hvof_phi0p8_air50,0.8,0.5,0.01,500,2.291506e-02,9.166023e-02,-6.249899e+00,8.161170e-02,7.926343e-05
hvof_phi0p8_air50,0.8,0.5,0.01,525,2.390522e-02,9.562086e-02,-6.187700e+00,8.366680e-02,8.268840e-05
hvof_phi0p8_air50,0.8,0.5,0.01,550,2.507814e-02,1.003126e-01,-6.113905e+00,8.620690e-02,8.674556e-05
hvof_phi0p8_air50,0.8,0.5,0.01,575,2.647125e-02,1.058850e-01,-6.025572e+00,8.932440e-02,9.156435e-05
hvof_phi0p8_air50,0.8,0.5,0.01,600,2.815099e-02,1.126040e-01,-5.920933e+00,9.316010e-02,9.737458e-05
hvof_phi0p8_air50,0.8,0.5,0.01,625,3.022230e-02,1.208892e-01,-5.795760e+00,9.796590e-02,1.045392e-04
hvof_phi0p8_air50,0.8,0.5,0.01,650,3.287667e-02,1.315067e-01,-5.642488e+00,1.041900e-01,1.137208e-04
hvof_phi0p8_air50,0.8,0.5,0.01,675,3.642756e-02,1.457103e-01,-5.448451e+00,1.125600e-01,1.260033e-04
hvof_phi0p8_air50,0.8,0.5,0.01,700,4.136813e-02,1.654725e-01,-5.194595e+00,1.241060e-01,1.430928e-04
hvof_phi0p8_air50,0.8,0.5,0.01,725,4.831524e-02,1.932610e-01,-4.861041e+00,1.400450e-01,1.671229e-04
hvof_phi0p8_air50,0.8,0.5,0.01,750,5.794779e-02,2.317911e-01,-4.433496e+00,1.613860e-01,2.004420e-04
hvof_phi0p8_air50,0.8,0.5,0.01,775,7.055044e-02,2.822018e-01,-3.922868e+00,1.880940e-01,2.440347e-04
hvof_phi0p8_air50,0.8,0.5,0.01,800,8.530756e-02,3.412302e-01,-3.381006e+00,2.180330e-01,2.950798e-04
hvof_phi0p8_air50,0.8,0.5,0.01,825,9.996381e-02,3.998553e-01,-2.889089e+00,2.468530e-01,3.457759e-04
hvof_phi0p8_air50,0.8,0.5,0.01,850,1.119831e-01,4.479323e-01,-2.508867e+00,2.701320e-01,3.873506e-04
hvof_phi0p8_air50,0.8,0.5,0.01,875,1.202928e-01,4.811712e-01,-2.247032e+00,2.861340e-01,4.160941e-04
hvof_phi0p8_air50,0.8,0.5,0.01,900,1.254077e-01,5.016309e-01,-2.074673e+00,2.959340e-01,4.337867e-04
hvof_phi0p8_air50,0.8,0.5,0.01,925,1.283726e-01,5.134905e-01,-1.958547e+00,3.015670e-01,4.440423e-04
hvof_phi0p8_air50,0.8,0.5,0.01,950,1.300565e-01,5.202261e-01,-1.874441e+00,3.047310e-01,4.498669e-04
hvof_phi0p8_air50,0.8,0.5,0.01,975,1.310154e-01,5.240616e-01,-1.808042e+00,3.065080e-01,4.531836e-04
hvof_phi0p8_air50,0.8,0.5,0.01,1000,1.315689e-01,5.262756e-01,-1.751352e+00,3.075210e-01,4.550982e-04
hvof_phi0p8_air50,0.8,0.5,0.01,1025,1.318951e-01,5.275804e-01,-1.700027e+00,3.081100e-01,4.562265e-04
hvof_phi0p8_air50,0.8,0.5,0.01,1050,1.320913e-01,5.283654e-01,-1.651704e+00,3.084590e-01,4.569054e-04
hvof_phi0p8_air50,0.8,0.5,0.01,1075,1.322119e-01,5.288475e-01,-1.605067e+00,3.086720e-01,4.573223e-04
hvof_phi0p8_air50,0.8,0.5,0.01,1100,1.322878e-01,5.291514e-01,-1.559367e+00,3.088040e-01,4.575851e-04
hvof_phi0p8_air50,0.8,0.5,0.01,1125,1.323372e-01,5.293488e-01,-1.514179e+00,3.088890e-01,4.577558e-04
hvof_phi0p8_air50,0.8,0.5,0.01,1150,1.323697e-01,5.294788e-01,-1.469249e+00,3.089440e-01,4.578682e-04
hvof_phi0p8_air50,0.8,0.5,0.01,1175,1.323924e-01,5.295695e-01,-1.424422e+00,3.089810e-01,4.579466e-04
hvof_phi0p8_air50,0.8,0.5,0.01,1200,1.324085e-01,5.296339e-01,-1.379611e+00,3.090070e-01,4.580023e-04
hvof_phi0p8_air50,0.8,0.5,0.01,1225,1.324210e-01,5.296841e-01,-1.334747e+00,3.090260e-01,4.580457e-04
hvof_phi0p8_air50,0.8,0.5,0.01,1250,1.324310e-01,5.297240e-01,-1.289799e+00,3.090420e-01,4.580803e-04
hvof_phi0p8_air50,0.8,0.5,0.01,1275,1.324406e-01,5.297623e-01,-1.244740e+00,3.090540e-01,4.581133e-04
hvof_phi0p8_air50,0.8,0.5,0.01,1300,1.324494e-01,5.297976e-01,-1.199549e+00,3.090660e-01,4.581439e-04
hvof_phi0p8_air50,0.8,0.5,0.01,1325,1.324588e-01,5.298353e-01,-1.154205e+00,3.090770e-01,4.581765e-04
hvof_phi0p8_air50,0.8,0.5,0.01,1350,1.324689e-01,5.298757e-01,-1.108696e+00,3.090890e-01,4.582114e-04
hvof_phi0p8_air50,0.8,0.5,0.01,1375,1.324803e-01,5.299213e-01,-1.063020e+00,3.091020e-01,4.582509e-04
hvof_phi0p8_air50,0.8,0.5,0.01,1400,1.324934e-01,5.299738e-01,-1.017148e+00,3.091160e-01,4.582962e-04
hvof_phi0p8_air50,0.8,0.5,0.01,1425,1.325084e-01,5.300336e-01,-9.710773e-01,3.091320e-01,4.583480e-04
hvof_phi0p8_air50,0.8,0.5,0.01,1450,1.325258e-01,5.301032e-01,-9.247823e-01,3.091500e-01,4.584082e-04
hvof_phi0p8_air50,0.8,0.5,0.01,1475,1.325460e-01,5.301842e-01,-8.782442e-01,3.091710e-01,4.584782e-04
hvof_phi0p8_air50,0.8,0.5,0.01,1500,1.325693e-01,5.302771e-01,-8.314387e-01,3.091950e-01,4.585585e-04
hvof_phi0p8_air50,0.8,0.5,0.01,1525,1.325961e-01,5.303843e-01,-7.843358e-01,3.092230e-01,4.586512e-04
hvof_phi0p8_air50,0.8,0.5,0.01,1550,1.326269e-01,5.305075e-01,-7.369007e-01,3.092540e-01,4.587578e-04
hvof_phi0p8_air50,0.8,0.5,0.01,1575,1.326624e-01,5.306496e-01,-6.890923e-01,3.092900e-01,4.588806e-04
hvof_phi0p8_air50,0.8,0.5,0.01,1600,1.327025e-01,5.308099e-01,-6.408640e-01,3.093310e-01,4.590193e-04
hvof_phi0p8_air50,0.8,0.5,0.01,1625,1.327481e-01,5.309925e-01,-5.921579e-01,3.093780e-01,4.591772e-04
hvof_phi0p8_air50,0.8,0.5,0.01,1650,1.328001e-01,5.312003e-01,-5.429082e-01,3.094300e-01,4.593569e-04
hvof_phi0p8_air50,0.8,0.5,0.01,1675,1.328586e-01,5.314345e-01,-4.930397e-01,3.094880e-01,4.595594e-04
hvof_phi0p8_air50,0.8,0.5,0.01,1700,1.329245e-01,5.316979e-01,-4.424643e-01,3.095540e-01,4.597872e-04
hvof_phi0p8_air50,0.8,0.5,0.01,1725,1.329982e-01,5.319929e-01,-3.910830e-01,3.096270e-01,4.600422e-04
hvof_phi0p8_air50,0.8,0.5,0.01,1750,1.330810e-01,5.323240e-01,-3.387801e-01,3.097080e-01,4.603286e-04
hvof_phi0p8_air50,0.8,0.5,0.01,1775,1.331728e-01,5.326913e-01,-2.854281e-01,3.097980e-01,4.606463e-04
hvof_phi0p8_air50,0.8,0.5,0.01,1800,1.332752e-01,5.331007e-01,-2.308804e-01,3.098980e-01,4.610003e-04
hvof_phi0p8_air50,0.8,0.5,0.01,1825,1.333884e-01,5.335534e-01,-1.749719e-01,3.100080e-01,4.613917e-04
hvof_phi0p8_air50,0.8,0.5,0.01,1850,1.335136e-01,5.340546e-01,-1.175197e-01,3.101280e-01,4.618251e-04
hvof_phi0p8_air50,0.8,0.5,0.01,1875,1.336518e-01,5.346073e-01,-5.831784e-02,3.102600e-01,4.623031e-04
hvof_phi0p8_air50,0.8,0.5,0.01,1900,1.338035e-01,5.352140e-01,2.858655e-03,3.104040e-01,4.628277e-04
hvof_phi0p8_air50,0.8,0.5,0.01,1925,1.339704e-01,5.358818e-01,6.626330e-02,3.105610e-01,4.634052e-04
hvof_phi0p8_air50,0.8,0.5,0.01,1950,1.341528e-01,5.366114e-01,1.321692e-01,3.107310e-01,4.640361e-04
hvof_phi0p8_air50,0.8,0.5,0.01,1975,1.343524e-01,5.374094e-01,2.008802e-01,3.109150e-01,4.647263e-04
hvof_phi0p8_air50,0.8,0.5,0.01,2000,1.345698e-01,5.382792e-01,2.727247e-01,3.111140e-01,4.654784e-04
hvof_phi0p8_air50,0.8,0.5,0.01,2025,1.348062e-01,5.392249e-01,3.480594e-01,3.113280e-01,4.662962e-04
hvof_phi0p8_air50,0.8,0.5,0.01,2050,1.350627e-01,5.402508e-01,4.272694e-01,3.115580e-01,4.671833e-04
hvof_phi0p8_air50,0.8,0.5,0.01,2075,1.353405e-01,5.413620e-01,5.107711e-01,3.118050e-01,4.681442e-04
hvof_phi0p8_air50,0.8,0.5,0.01,2100,1.356408e-01,5.425630e-01,5.990087e-01,3.120680e-01,4.691828e-04
hvof_phi0p8_air50,0.8,0.5,0.01,2125,1.359645e-01,5.438580e-01,6.924556e-01,3.123480e-01,4.703027e-04
hvof_phi0p8_air50,0.8,0.5,0.01,2150,1.363126e-01,5.452503e-01,7.916118e-01,3.126450e-01,4.715067e-04
hvof_phi0p8_air50,0.8,0.5,0.01,2175,1.366865e-01,5.467459e-01,8.970081e-01,3.129600e-01,4.728000e-04
hvof_phi0p8_air50,0.8,0.5,0.01,2200,1.370866e-01,5.483465e-01,1.009200e+00,3.132920e-01,4.741841e-04
hvof_phi0p8_air50,0.8,0.5,0.01,2225,1.375146e-01,5.500585e-01,1.128767e+00,3.136410e-01,4.756645e-04
hvof_phi0p8_air50,0.8,0.5,0.01,2250,1.379707e-01,5.518829e-01,1.256295e+00,3.140070e-01,4.772422e-04
hvof_phi0p8_air50,0.8,0.5,0.01,2275,1.384564e-01,5.538254e-01,1.392426e+00,3.143910e-01,4.789220e-04
hvof_phi0p8_air50,0.8,0.5,0.01,2300,1.389719e-01,5.558875e-01,1.537760e+00,3.147900e-01,4.807052e-04
hvof_phi0p8_air50,0.8,0.5,0.01,2325,1.395179e-01,5.580716e-01,1.692956e+00,3.152050e-01,4.825939e-04
hvof_phi0p8_air50,0.8,0.5,0.01,2350,1.400953e-01,5.603812e-01,1.858640e+00,3.156360e-01,4.845911e-04
hvof_phi0p8_air50,0.8,0.5,0.01,2375,1.407041e-01,5.628163e-01,2.035441e+00,3.160810e-01,4.866969e-04
hvof_phi0p8_air50,0.8,0.5,0.01,2400,1.413454e-01,5.653815e-01,2.223984e+00,3.165410e-01,4.889152e-04
hvof_phi0p8_air50,0.8,0.5,0.01,2425,1.420197e-01,5.680786e-01,2.424869e+00,3.170150e-01,4.912475e-04
hvof_phi0p8_air50,0.8,0.5,0.01,2450,1.427281e-01,5.709126e-01,2.638671e+00,3.175030e-01,4.936982e-04
hvof_phi0p8_air50,0.8,0.5,0.01,2475,1.434717e-01,5.738869e-01,2.865933e+00,3.180080e-01,4.962702e-04
hvof_phi0p8_air50,0.8,0.5,0.01,2500,1.442528e-01,5.770112e-01,3.107156e+00,3.185310e-01,4.989720e-04
hvof_phi0p8_air50,0.8,0.5,0.01,2525,1.450743e-01,5.802973e-01,3.362832e+00,3.190760e-01,5.018136e-04
hvof_phi0p8_air50,0.8,0.5,0.01,2550,1.459418e-01,5.837671e-01,3.633398e+00,3.196490e-01,5.048142e-04
hvof_phi0p8_air50,0.8,0.5,0.01,2575,1.468621e-01,5.874483e-01,3.919303e+00,3.202600e-01,5.079975e-04
hvof_phi0p8_air50,0.8,0.5,0.01,2600,1.478459e-01,5.913837e-01,4.220999e+00,3.209210e-01,5.114007e-04
hvof_phi0p8_air50,0.8,0.5,0.01,2625,1.489093e-01,5.956372e-01,4.539051e+00,3.216520e-01,5.150789e-04
hvof_phi0p8_air50,0.8,0.5,0.01,2650,1.500738e-01,6.002950e-01,4.874015e+00,3.224790e-01,5.191067e-04
hvof_phi0p8_air50,0.8,0.5,0.01,2675,1.513681e-01,6.054723e-01,5.225177e+00,3.234360e-01,5.235838e-04
hvof_phi0p8_air50,0.8,0.5,0.01,2700,1.528387e-01,6.113548e-01,5.595214e+00,3.245710e-01,5.286707e-04
hvof_phi0p8_air50,0.8,0.5,0.01,2725,1.545468e-01,6.181872e-01,5.986029e+00,3.259460e-01,5.345791e-04
hvof_phi0p8_air50,0.8,0.5,0.01,2750,1.565756e-01,6.263024e-01,6.400453e+00,3.276440e-01,5.415967e-04
hvof_phi0p8_air50,0.8,0.5,0.01,2775,1.590421e-01,6.361683e-01,6.842710e+00,3.297720e-01,5.501283e-04
hvof_phi0p8_air50,0.8,0.5,0.01,2800,1.621067e-01,6.484270e-01,7.318915e+00,3.324710e-01,5.607290e-04
hvof_phi0p8_air50,0.8,0.5,0.01,2825,1.659943e-01,6.639771e-01,7.838016e+00,3.359220e-01,5.741760e-04
hvof_phi0p8_air50,0.8,0.5,0.01,2850,1.710205e-01,6.840818e-01,8.412890e+00,3.403590e-01,5.915616e-04
hvof_phi0p8_air50,0.8,0.5,0.01,2875,1.776321e-01,7.105283e-01,9.056803e+00,3.460840e-01,6.144313e-04
hvof_phi0p8_air50,0.8,0.5,0.01,2900,1.864898e-01,7.459592e-01,9.788413e+00,3.534900e-01,6.450702e-04
hvof_phi0p8_air50,0.8,0.5,0.01,2925,1.986326e-01,7.945303e-01,1.065280e+01,3.630800e-01,6.870722e-04
hvof_phi0p8_air50,0.8,0.5,0.01,2950,2.156683e-01,8.626730e-01,1.167513e+01,3.755140e-01,7.459988e-04
hvof_phi0p8_air50,0.8,0.5,0.01,2975,2.404195e-01,9.616778e-01,1.292939e+01,3.916500e-01,8.316135e-04
hvof_phi0p8_air50,0.8,0.5,0.01,3000,2.780943e-01,1.112377e+00,1.448158e+01,4.126230e-01,9.619311e-04
hvof_phi0p8_air50,0.8,0.5,0.01,3025,3.397989e-01,1.359196e+00,1.646646e+01,4.399510e-01,1.175368e-03
hvof_phi0p8_air50,0.8,0.5,0.01,3050,4.538513e-01,1.815405e+00,1.908527e+01,4.756880e-01,1.569876e-03
hvof_phi0p8_air50,0.8,0.5,0.01,3075,7.195699e-01,2.878280e+00,2.258022e+01,5.226850e-01,2.489000e-03
hvof_phi0p8_air50,0.8,0.5,0.01,3100,1.888299e+00,7.553196e+00,2.735845e+01,5.849870e-01,6.531647e-03
hvof_phi0p8_air50,0.8,0.5,0.01,3125,3.909070e+00,1.000000e+01,2.871230e+01,6.685300e-01,1.352152e-02
hvof_phi0p8_air50,0.8,0.5,0.01,3150,6.132920e+00,1.000000e+01,2.919600e+01,7.823860e-01,2.121384e-02
hvof_phi0p8_air50,0.8,0.5,0.01,3175,9.247510e+00,1.000000e+01,2.956200e+01,9.411440e-01,3.198724e-02
hvof_phi0p8_air50,0.8,0.5,0.01,3200,1.374940e+01,1.000000e+01,2.981220e+01,1.169890e+00,4.755932e-02
hvof_phi0p8_air50,0.8,0.5,0.01,3225,2.056710e+01,1.000000e+01,2.995400e+01,1.515750e+00,7.114182e-02
hvof_phi0p8_air50,0.8,0.5,0.01,3250,3.166420e+01,1.000000e+01,2.999970e+01,2.079000e+00,1.095268e-01
hvof_phi0p8_air50,0.8,0.5,0.01,3275,5.204310e+01,1.000000e+01,2.996400e+01,3.117270e+00,1.800176e-01
hvof_phi0p8_air50,0.8,0.5,0.01,3300,9.934290e+01,1.000000e+01,2.986200e+01,5.550790e+00,3.436282e-01
hvof_phi0p8_air50,0.8,0.5,0.01,3325,3.120620e+02,1.000000e+01,2.970740e+01,1.679650e+01,1.079426e+00
hvof_phi0p8_air50,0.8,0.5,0.01,3350,1.000000e+03,1.000000e+01,2.980000e+01,2.000000e+02,3.459011e+00
hvof_phi0p8_air50,0.8,0.5,0.01,3375,1.000000e+03,1.000000e+01,3.008800e+01,2.000000e+02,3.459011e+00
hvof_phi0p8_air50,0.8,0.5,0.01,3400,1.000000e+03,1.000000e+01,3.039840e+01,2.000000e+02,3.459011e+00
hvof_phi0p8_air50,0.8,0.5,0.01,3425,1.000000e+03,1.000000e+01,3.073340e+01,2.000000e+02,3.459011e+00
hvof_phi0p8_air50,0.8,0.5,0.01,3450,1.000000e+03,1.000000e+01,3.109550e+01,2.000000e+02,3.459011e+00
hvof_phi0p8_air50,0.8,0.5,0.01,3475,1.000000e+03,1.000000e+01,3.148700e+01,2.000000e+02,3.459011e+00
hvof_phi0p8_air50,0.8,0.5,0.01,3500,1.000000e+03,1.000000e+01,3.191070e+01,2.000000e+02,3.459011e+00
hvof_phi0p8_air50,0.8,0.5,0.01,3525,1.000000e+03,1.000000e+01,3.236950e+01,2.000000e+02,3.459011e+00
hvof_phi0p8_air50,0.8,0.5,0.01,3550,1.000000e+03,1.000000e+01,3.286630e+01,2.000000e+02,3.459011e+00
hvof_phi0p8_air50,0.8,0.5,0.01,3575,1.000000e+03,1.000000e+01,3.340430e+01,2.000000e+02,3.459011e+00
hvof_phi0p8_air50,0.8,0.5,0.01,3600,1.000000e+03,1.000000e+01,3.398670e+01,2.000000e+02,3.459011e+00
hvof_phi0p8_air50,0.8,0.5,0.01,3625,1.000000e+03,1.000000e+01,3.461680e+01,2.000000e+02,3.459011e+00
hvof_phi0p8_air50,0.8,0.5,0.01,3650,1.000000e+03,1.000000e+01,3.529790e+01,2.000000e+02,3.459011e+00
hvof_phi0p8_air50,0.8,0.5,0.01,3675,1.000000e+03,1.000000e+01,3.603300e+01,2.000000e+02,3.459011e+00
hvof_phi0p8_air50,0.8,0.5,0.01,3700,1.000000e+03,1.000000e+01,3.682520e+01,2.000000e+02,3.459011e+00
hvof_phi0p8_air50,0.8,0.5,0.01,3725,1.000000e+03,1.000000e+01,3.767680e+01,2.000000e+02,3.459011e+00
hvof_phi0p8_air50,0.8,0.5,0.01,3750,1.000000e+03,1.000000e+01,3.858980e+01,2.000000e+02,3.459011e+00
hvof_phi0p8_air50,0.8,0.5,0.01,3775,1.000000e+03,1.000000e+01,3.956520e+01,2.000000e+02,3.459011e+00
hvof_phi0p8_air50,0.8,0.5,0.01,3800,1.000000e+03,1.000000e+01,4.060290e+01,2.000000e+02,3.459011e+00
hvof_phi0p8_air50,0.8,0.5,0.01,3825,1.000000e+03,1.000000e+01,4.170130e+01,2.000000e+02,3.459011e+00
hvof_phi0p8_air50,0.8,0.5,0.01,3850,1.000000e+03,1.000000e+01,4.285720e+01,2.000000e+02,3.459011e+00
hvof_phi0p8_air50,0.8,0.5,0.01,3875,1.000000e+03,1.000000e+01,4.406530e+01,2.000000e+02,3.459011e+00
hvof_phi0p8_air50,0.8,0.5,0.01,3900,1.000000e+03,1.000000e+01,4.531830e+01,2.000000e+02,3.459011e+00
hvof_phi0p8_air50,0.8,0.5,0.01,3925,1.000000e+03,1.000000e+01,4.660650e+01,2.000000e+02,3.459011e+00
hvof_phi0p8_air50,0.8,0.5,0.01,3950,1.000000e+03,1.000000e+01,4.791830e+01,2.000000e+02,3.459011e+00
hvof_phi0p8_air50,0.8,0.5,0.01,3975,1.000000e+03,1.000000e+01,4.924010e+01,2.000000e+02,3.459011e+00
hvof_phi0p8_air50,0.8,0.5,0.01,4000,1.000000e+03,1.000000e+01,5.055750e+01,2.000000e+02,3.459011e+00
hvof_phi0p8_air50,0.8,0.5,1,300,1.886700e-02,7.546799e-02,-6.551211e+00,7.466980e-02,6.526115e-05
hvof_phi0p8_air50,0.8,0.5,1,325,1.909633e-02,7.638532e-02,-6.521675e+00,7.501260e-02,6.605441e-05
hvof_phi0p8_air50,0.8,0.5,1,350,1.938931e-02,7.755724e-02,-6.491179e+00,7.544910e-02,6.706783e-05
hvof_phi0p8_air50,0.8,0.5,1,375,1.974234e-02,7.896936e-02,-6.459737e+00,7.597360e-02,6.828897e-05
hvof_phi0p8_air50,0.8,0.5,1,400,2.014887e-02,8.059548e-02,-6.427379e+00,7.657660e-02,6.969516e-05
hvof_phi0p8_air50,0.8,0.5,1,425,2.060084e-02,8.240334e-02,-6.394119e+00,7.724750e-02,7.125851e-05
hvof_phi0p8_air50,0.8,0.5,1,450,2.109014e-02,8.436055e-02,-6.359918e+00,7.797700e-02,7.295101e-05
hvof_phi0p8_air50,0.8,0.5,1,475,2.160961e-02,8.643845e-02,-6.324674e+00,7.875920e-02,7.474788e-05
hvof_phi0p8_air50,0.8,0.5,1,500,2.215356e-02,8.861425e-02,-6.288204e+00,7.959210e-02,7.662941e-05
hvof_phi0p8_air50,0.8,0.5,1,525,2.271822e-02,9.087287e-02,-6.250211e+00,8.047910e-02,7.858256e-05
hvof_phi0p8_air50,0.8,0.5,1,550,2.330200e-02,9.320799e-02,-6.210288e+00,8.142980e-02,8.060186e-05
hvof_phi0p8_air50,0.8,0.5,1,575,2.390616e-02,9.562466e-02,-6.167872e+00,8.246140e-02,8.269168e-05
hvof_phi0p8_air50,0.8,0.5,1,600,2.453588e-02,9.814351e-02,-6.122212e+00,8.360170e-02,8.486986e-05
hvof_phi0p8_air50,0.8,0.5,1,625,2.521771e-02,1.008708e-01,-6.072328e+00,8.489290e-02,8.722832e-05
hvof_phi0p8_air50,0.8,0.5,1,650,2.594470e-02,1.037788e-01,-6.016440e+00,8.639700e-02,8.974298e-05
hvof_phi0p8_air50,0.8,0.5,1,675,2.676880e-02,1.070752e-01,-5.953442e+00,8.820340e-02,9.259356e-05
hvof_phi0p8_air50,0.8,0.5,1,700,2.772485e-02,1.108994e-01,-5.880970e+00,9.043710e-02,9.590056e-05
hvof_phi0p8_air50,0.8,0.5,1,725,2.887819e-02,1.155128e-01,-5.796061e+00,9.326800e-02,9.988998e-05
hvof_phi0p8_air50,0.8,0.5,1,750,3.031795e-02,1.212718e-01,-5.694891e+00,9.691930e-02,1.048701e-04
hvof_phi0p8_air50,0.8,0.5,1,775,3.216122e-02,1.286449e-01,-5.572648e+00,1.016730e-01,1.112460e-04
hvof_phi0p8_air50,0.8,0.5,1,800,3.455610e-02,1.382244e-01,-5.423507e+00,1.078690e-01,1.195299e-04
hvof_phi0p8_air50,0.8,0.5,1,825,3.768502e-02,1.507401e-01,-5.240867e+00,1.158910e-01,1.303529e-04
hvof_phi0p8_air50,0.8,0.5,1,850,4.180017e-02,1.672007e-01,-5.016957e+00,1.261360e-01,1.445872e-04
hvof_phi0p8_air50,0.8,0.5,1,875,4.706704e-02,1.882682e-01,-4.747819e+00,1.389430e-01,1.628054e-04
hvof_phi0p8_air50,0.8,0.5,1,900,5.369473e-02,2.147789e-01,-4.431076e+00,1.544840e-01,1.857306e-04
hvof_phi0p8_air50,0.8,0.5,1,925,6.174450e-02,2.469780e-01,-4.071761e+00,1.726150e-01,2.135749e-04
hvof_phi0p8_air50,0.8,0.5,1,950,7.109143e-02,2.843657e-01,-3.683085e+00,1.927210e-01,2.459060e-04
hvof_phi0p8_air50,0.8,0.5,1,975,8.123384e-02,3.249354e-01,-3.288258e+00,2.136620e-01,2.809887e-04
hvof_phi0p8_air50,0.8,0.5,1,1000,9.146787e-02,3.658715e-01,-2.913035e+00,2.339430e-01,3.163884e-04
hvof_phi0p8_air50,0.8,0.5,1,1025,1.009344e-01,4.037375e-01,-2.580050e+00,2.521150e-01,3.491331e-04
hvof_phi0p8_air50,0.8,0.5,1,1050,1.090329e-01,4.361316e-01,-2.301075e+00,2.672220e-01,3.771460e-04
hvof_phi0p8_air50,0.8,0.5,1,1075,1.154767e-01,4.619070e-01,-2.076478e+00,2.789950e-01,3.994353e-04
hvof_phi0p8_air50,0.8,0.5,1,1100,1.203399e-01,4.813597e-01,-1.899068e+00,2.877280e-01,4.162571e-04
hvof_phi0p8_air50,0.8,0.5,1,1125,1.238784e-01,4.955138e-01,-1.758858e+00,2.939940e-01,4.284969e-04
hvof_phi0p8_air50,0.8,0.5,1,1150,1.263986e-01,5.055944e-01,-1.646381e+00,2.984040e-01,4.372141e-04
hvof_phi0p8_air50,0.8,0.5,1,1175,1.281724e-01,5.126897e-01,-1.553746e+00,3.014810e-01,4.433498e-04
hvof_phi0p8_air50,0.8,0.5,1,1200,1.294156e-01,5.176624e-01,-1.474979e+00,3.036260e-01,4.476500e-04
hvof_phi0p8_air50,0.8,0.5,1,1225,1.302883e-01,5.211533e-01,-1.405850e+00,3.051280e-01,4.506687e-04
hvof_phi0p8_air50,0.8,0.5,1,1250,1.309044e-01,5.236176e-01,-1.343408e+00,3.061880e-01,4.527997e-04
hvof_phi0p8_air50,0.8,0.5,1,1275,1.313425e-01,5.253699e-01,-1.285629e+00,3.069430e-01,4.543150e-04
hvof_phi0p8_air50,0.8,0.5,1,1300,1.316568e-01,5.266271e-01,-1.231094e+00,3.074870e-01,4.554022e-04
hvof_phi0p8_air50,0.8,0.5,1,1325,1.318851e-01,5.275405e-01,-1.178828e+00,3.078840e-01,4.561920e-04
hvof_phi0p8_air50,0.8,0.5,1,1350,1.320533e-01,5.282134e-01,-1.128144e+00,3.081790e-01,4.567739e-04
hvof_phi0p8_air50,0.8,0.5,1,1375,1.321795e-01,5.287180e-01,-1.078570e+00,3.084000e-01,4.572103e-04
hvof_phi0p8_air50,0.8,0.5,1,1400,1.322767e-01,5.291068e-01,-1.029757e+00,3.085710e-01,4.575465e-04
hvof_phi0p8_air50,0.8,0.5,1,1425,1.323533e-01,5.294132e-01,-9.814648e-01,3.087040e-01,4.578115e-04
hvof_phi0p8_air50,0.8,0.5,1,1450,1.324162e-01,5.296647e-01,-9.335099e-01,3.088120e-01,4.580290e-04
hvof_phi0p8_air50,0.8,0.5,1,1475,1.324699e-01,5.298797e-01,-8.857601e-01,3.089020e-01,4.582149e-04
hvof_phi0p8_air50,0.8,0.5,1,1500,1.325182e-01,5.300729e-01,-8.381146e-01,3.089790e-01,4.583820e-04
hvof_phi0p8_air50,0.8,0.5,1,1525,1.325635e-01,5.302541e-01,-7.904952e-01,3.090480e-01,4.585387e-04
hvof_phi0p8_air50,0.8,0.5,1,1550,1.326084e-01,5.304337e-01,-7.428397e-01,3.091120e-01,4.586939e-04
hvof_phi0p8_air50,0.8,0.5,1,1575,1.326540e-01,5.306160e-01,-6.950983e-01,3.091740e-01,4.588516e-04
hvof_phi0p8_air50,0.8,0.5,1,1600,1.327018e-01,5.308074e-01,-6.472268e-01,3.092360e-01,4.590171e-04
hvof_phi0p8_air50,0.8,0.5,1,1625,1.327530e-01,5.310119e-01,-5.991906e-01,3.092980e-01,4.591940e-04
hvof_phi0p8_air50,0.8,0.5,1,1650,1.328090e-01,5.312359e-01,-5.509520e-01,3.093640e-01,4.593877e-04
hvof_phi0p8_air50,0.8,0.5,1,1675,1.328706e-01,5.314823e-01,-5.024811e-01,3.094330e-01,4.596008e-04
hvof_phi0p8_air50,0.8,0.5,1,1700,1.329386e-01,5.317545e-01,-4.537461e-01,3.095080e-01,4.598361e-04
hvof_phi0p8_air50,0.8,0.5,1,1725,1.330137e-01,5.320548e-01,-4.047163e-01,3.095880e-01,4.600958e-04
hvof_phi0p8_air50,0.8,0.5,1,1750,1.330972e-01,5.323889e-01,-3.553581e-01,3.096760e-01,4.603847e-04
hvof_phi0p8_air50,0.8,0.5,1,1775,1.331901e-01,5.327605e-01,-3.056391e-01,3.097710e-01,4.607060e-04
hvof_phi0p8_air50,0.8,0.5,1,1800,1.332929e-01,5.331717e-01,-2.555251e-01,3.098760e-01,4.610617e-04
hvof_phi0p8_air50,0.8,0.5,1,1825,1.334067e-01,5.336268e-01,-2.049787e-01,3.099900e-01,4.614552e-04
hvof_phi0p8_air50,0.8,0.5,1,1850,1.335323e-01,5.341293e-01,-1.539610e-01,3.101140e-01,4.618898e-04
hvof_phi0p8_air50,0.8,0.5,1,1875,1.336708e-01,5.346834e-01,-1.024291e-01,3.102490e-01,4.623689e-04
hvof_phi0p8_air50,0.8,0.5,1,1900,1.338237e-01,5.352948e-01,-5.033666e-02,3.103970e-01,4.628976e-04
hvof_phi0p8_air50,0.8,0.5,1,1925,1.339916e-01,5.359662e-01,2.363693e-03,3.105580e-01,4.634782e-04
hvof_phi0p8_air50,0.8,0.5,1,1950,1.341756e-01,5.367024e-01,5.572458e-02,3.107330e-01,4.641148e-04
hvof_phi0p8_air50,0.8,0.5,1,1975,1.343772e-01,5.375086e-01,1.098027e-01,3.109220e-01,4.648120e-04
hvof_phi0p8_air50,0.8,0.5,1,2000,1.345973e-01,5.383890e-01,1.646573e-01,3.111270e-01,4.655733e-04
hvof_phi0p8_air50,0.8,0.5,1,2025,1.348374e-01,5.393495e-01,2.203540e-01,3.113490e-01,4.664040e-04
hvof_phi0p8_air50,0.8,0.5,1,2050,1.350989e-01,5.403958e-01,2.769622e-01,3.115880e-01,4.673087e-04
hvof_phi0p8_air50,0.8,0.5,1,2075,1.353835e-01,5.415341e-01,3.345559e-01,3.118450e-01,4.682930e-04
hvof_phi0p8_air50,0.8,0.5,1,2100,1.356921e-01,5.427682e-01,3.932122e-01,3.121210e-01,4.693603e-04
hvof_phi0p8_air50,0.8,0.5,1,2125,1.360264e-01,5.441054e-01,4.530157e-01,3.124170e-01,4.705166e-04
hvof_phi0p8_air50,0.8,0.5,1,2150,1.363885e-01,5.455539e-01,5.140574e-01,3.127350e-01,4.717692e-04
hvof_phi0p8_air50,0.8,0.5,1,2175,1.367791e-01,5.471164e-01,5.764271e-01,3.130740e-01,4.731203e-04
hvof_phi0p8_air50,0.8,0.5,1,2200,1.372011e-01,5.488043e-01,6.402302e-01,3.134350e-01,4.745800e-04
hvof_phi0p8_air50,0.8,0.5,1,2225,1.376556e-01,5.506224e-01,7.055687e-01,3.138200e-01,4.761522e-04
hvof_phi0p8_air50,0.8,0.5,1,2250,1.381444e-01,5.525774e-01,7.725539e-01,3.142300e-01,4.778428e-04
hvof_phi0p8_air50,0.8,0.5,1,2275,1.386699e-01,5.546796e-01,8.413044e-01,3.146640e-01,4.796607e-04
hvof_phi0p8_air50,0.8,0.5,1,2300,1.392338e-01,5.569353e-01,9.119423e-01,3.151240e-01,4.816113e-04
hvof_phi0p8_air50,0.8,0.5,1,2325,1.398382e-01,5.593528e-01,9.845949e-01,3.156110e-01,4.837019e-04
hvof_phi0p8_air50,0.8,0.5,1,2350,1.404856e-01,5.619425e-01,1.059403e+00,3.161250e-01,4.859413e-04
hvof_phi0p8_air50,0.8,0.5,1,2375,1.411781e-01,5.647123e-01,1.136502e+00,3.166670e-01,4.883365e-04
hvof_phi0p8_air50,0.8,0.5,1,2400,1.419178e-01,5.676712e-01,1.216042e+00,3.172370e-01,4.908952e-04
hvof_phi0p8_air50,0.8,0.5,1,2425,1.427073e-01,5.708291e-01,1.298181e+00,3.178360e-01,4.936260e-04
hvof_phi0p8_air50,0.8,0.5,1,2450,1.435493e-01,5.741971e-01,1.383075e+00,3.184640e-01,4.965384e-04
hvof_phi0p8_air50,0.8,0.5,1,2475,1.444462e-01,5.777849e-01,1.470890e+00,3.191220e-01,4.996411e-04
hvof_phi0p8_air50,0.8,0.5,1,2500,1.454008e-01,5.816031e-01,1.561802e+00,3.198090e-01,5.029428e-04
hvof_phi0p8_air50,0.8,0.5,1,2525,1.464156e-01,5.856624e-01,1.655996e+00,3.205280e-01,5.064531e-04
hvof_phi0p8_air50,0.8,0.5,1,2550,1.474938e-01,5.899753e-01,1.753660e+00,3.212760e-01,5.101827e-04
hvof_phi0p8_air50,0.8,0.5,1,2575,1.486390e-01,5.945560e-01,1.854983e+00,3.220550e-01,5.141439e-04
hvof_phi0p8_air50,0.8,0.5,1,2600,1.498534e-01,5.994137e-01,1.960180e+00,3.228650e-01,5.183446e-04
hvof_phi0p8_air50,0.8,0.5,1,2625,1.511380e-01,6.045521e-01,2.068776e+00,3.237050e-01,5.227881e-04
hvof_phi0p8_air50,0.8,0.5,1,2650,1.524985e-01,6.099939e-01,2.181504e+00,3.245760e-01,5.274939e-04
hvof_phi0p8_air50,0.8,0.5,1,2675,1.539390e-01,6.157561e-01,2.298649e+00,3.254770e-01,5.324768e-04
hvof_phi0p8_air50,0.8,0.5,1,2700,1.554633e-01,6.218532e-01,2.420449e+00,3.264090e-01,5.377492e-04
hvof_phi0p8_air50,0.8,0.5,1,2725,1.570759e-01,6.283035e-01,2.547149e+00,3.273710e-01,5.433272e-04
hvof_phi0p8_air50,0.8,0.5,1,2750,1.587813e-01,6.351250e-01,2.679000e+00,3.283640e-01,5.492260e-04
hvof_phi0p8_air50,0.8,0.5,1,2775,1.605847e-01,6.423388e-01,2.816285e+00,3.293880e-01,5.554642e-04
hvof_phi0p8_air50,0.8,0.5,1,2800,1.624921e-01,6.499683e-01,2.959295e+00,3.304440e-01,5.620618e-04
hvof_phi0p8_air50,0.8,0.5,1,2825,1.645101e-01,6.580404e-01,3.108350e+00,3.315320e-01,5.690422e-04
hvof_phi0p8_air50,0.8,0.5,1,2850,1.666453e-01,6.665813e-01,3.263781e+00,3.326540e-01,5.764280e-04
hvof_phi0p8_air50,0.8,0.5,1,2875,1.689070e-01,6.756282e-01,3.425985e+00,3.338120e-01,5.842513e-04
hvof_phi0p8_air50,0.8,0.5,1,2900,1.713043e-01,6.852173e-01,3.595375e+00,3.350080e-01,5.925435e-04
hvof_phi0p8_air50,0.8,0.5,1,2925,1.738485e-01,6.953939e-01,3.772422e+00,3.362450e-01,6.013438e-04
hvof_phi0p8_air50,0.8,0.5,1,2950,1.765465e-01,7.061859e-01,3.956375e+00,3.375290e-01,6.106761e-04
hvof_phi0p8_air50,0.8,0.5,1,2975,1.794147e-01,7.176590e-01,4.147894e+00,3.388660e-01,6.205975e-04
hvof_phi0p8_air50,0.8,0.5,1,3000,1.824769e-01,7.299074e-01,4.348573e+00,3.402640e-01,6.311894e-04
hvof_phi0p8_air50,0.8,0.5,1,3025,1.857560e-01,7.430240e-01,4.559177e+00,3.417320e-01,6.425320e-04
hvof_phi0p8_air50,0.8,0.5,1,3050,1.892813e-01,7.571253e-01,4.780645e+00,3.432840e-01,6.547261e-04
hvof_phi0p8_air50,0.8,0.5,1,3075,1.930870e-01,7.723478e-01,5.014079e+00,3.449360e-01,6.678898e-04
hvof_phi0p8_air50,0.8,0.5,1,3100,1.972177e-01,7.888709e-01,5.260806e+00,3.467080e-01,6.821782e-04
hvof_phi0p8_air50,0.8,0.5,1,3125,2.017189e-01,8.068755e-01,5.520829e+00,3.486260e-01,6.977477e-04
hvof_phi0p8_air50,0.8,0.5,1,3150,2.066505e-01,8.266018e-01,5.794438e+00,3.507190e-01,7.148062e-04
hvof_phi0p8_air50,0.8,0.5,1,3175,2.121131e-01,8.484523e-01,6.086460e+00,3.530260e-01,7.337014e-04
hvof_phi0p8_air50,0.8,0.5,1,3200,2.182169e-01,8.728677e-01,6.399704e+00,3.555930e-01,7.548147e-04
hvof_phi0p8_air50,0.8,0.5,1,3225,2.251053e-01,9.004213e-01,6.737619e+00,3.584760e-01,7.786417e-04
hvof_phi0p8_air50,0.8,0.5,1,3250,2.329238e-01,9.316951e-01,7.097104e+00,3.617440e-01,8.056859e-04
hvof_phi0p8_air50,0.8,0.5,1,3275,2.419501e-01,9.678003e-01,7.489704e+00,3.654780e-01,8.369079e-04
hvof_phi0p8_air50,0.8,0.5,1,3300,2.524941e-01,1.009977e+00,7.918940e+00,3.697800e-01,8.733799e-04
hvof_phi0p8_air50,0.8,0.5,1,3325,2.649407e-01,1.059763e+00,8.382950e+00,3.747700e-01,9.164326e-04
hvof_phi0p8_air50,0.8,0.5,1,3350,2.799634e-01,1.119854e+00,8.902987e+00,3.805940e-01,9.683964e-04
hvof_phi0p8_air50,0.8,0.5,1,3375,2.984427e-01,1.193771e+00,9.493870e+00,3.874280e-01,1.032317e-03
hvof_phi0p8_air50,0.8,0.5,1,3400,3.214139e-01,1.285656e+00,1.013245e+01,3.954870e-01,1.111774e-03
hvof_phi0p8_air50,0.8,0.5,1,3425,3.509971e-01,1.403988e+00,1.087268e+01,4.050290e-01,1.214103e-03
hvof_phi0p8_air50,0.8,0.5,1,3450,3.901465e-01,1.560586e+00,1.172322e+01,4.163680e-01,1.349521e-03
hvof_phi0p8_air50,0.8,0.5,1,3475,4.438552e-01,1.775421e+00,1.269090e+01,4.298880e-01,1.535300e-03
hvof_phi0p8_air50,0.8,0.5,1,3500,5.215904e-01,2.086362e+00,1.382061e+01,4.460600e-01,1.804187e-03
hvof_phi0p8_air50,0.8,0.5,1,3525,6.426720e-01,2.570688e+00,1.515388e+01,4.654640e-01,2.223009e-03
hvof_phi0p8_air50,0.8,0.5,1,3550,8.533006e-01,3.413203e+00,1.670081e+01,4.888240e-01,2.951576e-03
hvof_phi0p8_air50,0.8,0.5,1,3575,1.303007e+00,5.212026e+00,1.857674e+01,5.170440e-01,4.507114e-03
hvof_phi0p8_air50,0.8,0.5,1,3600,2.581800e+00,1.000000e+01,2.063080e+01,5.512770e-01,8.930474e-03
hvof_phi0p8_air50,0.8,0.5,1,3625,3.365090e+00,1.000000e+01,2.142650e+01,5.930010e-01,1.163988e-02
hvof_phi0p8_air50,0.8,0.5,1,3650,4.316510e+00,1.000000e+01,2.223930e+01,6.441500e-01,1.493085e-02
hvof_phi0p8_air50,0.8,0.5,1,3675,5.483190e+00,1.000000e+01,2.306270e+01,7.072960e-01,1.896641e-02
hvof_phi0p8_air50,0.8,0.5,1,3700,6.929610e+00,1.000000e+01,2.388860e+01,7.859390e-01,2.396960e-02
hvof_phi0p8_air50,0.8,0.5,1,3725,8.746280e+00,1.000000e+01,2.470710e+01,8.849580e-01,3.025348e-02
hvof_phi0p8_air50,0.8,0.5,1,3750,1.106410e+01,1.000000e+01,2.550740e+01,1.011380e+00,3.827084e-02
hvof_phi0p8_air50,0.8,0.5,1,3775,1.407940e+01,1.000000e+01,2.627750e+01,1.175680e+00,4.870080e-02
hvof_phi0p8_air50,0.8,0.5,1,3800,1.810030e+01,1.000000e+01,2.700440e+01,1.394240e+00,6.260913e-02
hvof_phi0p8_air50,0.8,0.5,1,3825,2.363770e+01,1.000000e+01,2.767530e+01,1.694140e+00,8.176306e-02
hvof_phi0p8_air50,0.8,0.5,1,3850,3.160360e+01,1.000000e+01,2.827710e+01,2.123610e+00,1.093172e-01
hvof_phi0p8_air50,0.8,0.5,1,3875,4.379330e+01,1.000000e+01,2.879690e+01,2.777620e+00,1.514815e-01
hvof_phi0p8_air50,0.8,0.5,1,3900,6.427920e+01,1.000000e+01,2.922190e+01,3.872070e+00,2.223424e-01
hvof_phi0p8_air50,0.8,0.5,1,3925,1.046280e+02,1.000000e+01,2.953870e+01,6.024160e+00,3.619094e-01
hvof_phi0p8_air50,0.8,0.5,1,3950,2.153670e+02,1.000000e+01,2.973190e+01,1.196790e+01,7.449568e-01
hvof_phi0p8_air50,0.8,0.5,1,3975,1.000000e+03,1.000000e+01,2.979950e+01,8.302330e+01,3.459011e+00
hvof_phi0p8_air50,0.8,0.5,1,4000,1.000000e+03,1.000000e+01,2.998340e+01,2.000000e+02,3.459011e+00
hvof_phi1p0_air25,1,0.25,0.01,300,6.387758e-03,2.555103e-02,-8.273544e+00,2.355300e-02,2.209532e-05
hvof_phi1p0_air25,1,0.25,0.01,325,6.671415e-03,2.668566e-02,-8.239041e+00,2.454510e-02,2.307650e-05
hvof_phi1p0_air25,1,0.25,0.01,350,6.971184e-03,2.788474e-02,-8.201216e+00,2.580240e-02,2.411340e-05
hvof_phi1p0_air25,1,0.25,0.01,375,7.265473e-03,2.906189e-02,-8.159673e+00,2.731570e-02,2.513135e-05
hvof_phi1p0_air25,1,0.25,0.01,400,7.774011e-03,3.109604e-02,-8.117040e+00,2.907810e-02,2.689039e-05
hvof_phi1p0_air25,1,0.25,0.01,425,8.455680e-03,3.382272e-02,-8.071676e+00,3.109530e-02,2.924829e-05
hvof_phi1p0_air25,1,0.25,0.01,450,9.240827e-03,3.696331e-02,-8.021130e+00,3.339090e-02,3.196412e-05
hvof_phi1p0_air25,1,0.25,0.01,475,1.020922e-02,4.083690e-02,-7.964086e+00,3.600690e-02,3.531382e-05
hvof_phi1p0_air25,1,0.25,0.01,500,1.142040e-02,4.568161e-02,-7.898016e+00,3.900040e-02,3.950329e-05
hvof_phi1p0_air25,1,0.25,0.01,525,1.238876e-02,4.955504e-02,-7.815628e+00,4.244240e-02,4.285285e-05
hvof_phi1p0_air25,1,0.25,0.01,550,1.377411e-02,5.509646e-02,-7.720227e+00,4.642290e-02,4.764481e-05
hvof_phi1p0_air25,1,0.25,0.01,575,1.539169e-02,6.156675e-02,-7.606499e+00,5.106530e-02,5.324001e-05
hvof_phi1p0_air25,1,0.25,0.01,600,1.731988e-02,6.927951e-02,-7.470880e+00,5.655730e-02,5.990964e-05
hvof_phi1p0_air25,1,0.25,0.01,625,1.970322e-02,7.881289e-02,-7.307347e+00,6.320470e-02,6.815366e-05
hvof_phi1p0_air25,1,0.25,0.01,650,2.274114e-02,9.096455e-02,-7.107118e+00,7.151520e-02,7.866184e-05
hvof_phi1p0_air25,1,0.25,0.01,675,2.678891e-02,1.071556e-01,-6.854213e+00,8.229730e-02,9.266312e-05
hvof_phi1p0_air25,1,0.25,0.01,700,3.238101e-02,1.295240e-01,-6.525924e+00,9.672080e-02,1.120062e-04
hvof_phi1p0_air25,1,0.25,0.01,725,4.025126e-02,1.610050e-01,-6.096036e+00,1.162330e-01,1.392295e-04
hvof_phi1p0_air25,1,0.25,0.01,750,5.124360e-02,2.049744e-01,-5.545775e+00,1.421590e-01,1.772521e-04
hvof_phi1p0_air25,1,0.25,0.01,775,6.585189e-02,2.634076e-01,-4.887560e+00,1.747590e-01,2.277824e-04
hvof_phi1p0_air25,1,0.25,0.01,800,8.333514e-02,3.333405e-01,-4.187299e+00,2.118750e-01,2.882571e-04
hvof_phi1p0_air25,1,0.25,0.01,825,1.011277e-01,4.045107e-01,-3.551083e+00,2.484430e-01,3.498017e-04
hvof_phi1p0_air25,1,0.25,0.01,850,1.160427e-01,4.641708e-01,-3.061101e+00,2.787580e-01,4.013930e-04
hvof_phi1p0_air25,1,0.25,0.01,875,1.265289e-01,5.061154e-01,-2.726522e+00,3.000940e-01,4.376647e-04
hvof_phi1p0_air25,1,0.25,0.01,900,1.330533e-01,5.322132e-01,-2.510562e+00,3.133990e-01,4.602328e-04
hvof_phi1p0_air25,1,0.25,0.01,925,1.368594e-01,5.474377e-01,-2.368397e+00,3.211460e-01,4.733982e-04
hvof_phi1p0_air25,1,0.25,0.01,950,1.390297e-01,5.561189e-01,-2.268536e+00,3.255360e-01,4.809053e-04
hvof_phi1p0_air25,1,0.25,0.01,975,1.402679e-01,5.610715e-01,-2.192080e+00,3.280200e-01,4.851881e-04
hvof_phi1p0_air25,1,0.25,0.01,1000,1.409839e-01,5.639356e-01,-2.128503e+00,3.294430e-01,4.876649e-04
hvof_phi1p0_air25,1,0.25,0.01,1025,1.414058e-01,5.656231e-01,-2.072069e+00,3.302730e-01,4.891241e-04
hvof_phi1p0_air25,1,0.25,0.01,1050,1.416597e-01,5.666387e-01,-2.019635e+00,3.307680e-01,4.900023e-04
hvof_phi1p0_air25,1,0.25,0.01,1075,1.418157e-01,5.672630e-01,-1.969470e+00,3.310700e-01,4.905422e-04
hvof_phi1p0_air25,1,0.25,0.01,1100,1.419139e-01,5.676555e-01,-1.920588e+00,3.312580e-01,4.908816e-04
hvof_phi1p0_air25,1,0.25,0.01,1125,1.419767e-01,5.679069e-01,-1.872436e+00,3.313780e-01,4.910990e-04
hvof_phi1p0_air25,1,0.25,0.01,1150,1.420183e-01,5.680732e-01,-1.824659e+00,3.314570e-01,4.912428e-04
hvof_phi1p0_air25,1,0.25,0.01,1175,1.420467e-01,5.681870e-01,-1.777072e+00,3.315100e-01,4.913412e-04
hvof_phi1p0_air25,1,0.25,0.01,1200,1.420663e-01,5.682653e-01,-1.729552e+00,3.315460e-01,4.914089e-04
hvof_phi1p0_air25,1,0.25,0.01,1225,1.420807e-01,5.683230e-01,-1.682004e+00,3.315730e-01,4.914588e-04
hvof_phi1p0_air25,1,0.25,0.01,1250,1.420922e-01,5.683687e-01,-1.634389e+00,3.315920e-01,4.914984e-04
hvof_phi1p0_air25,1,0.25,0.01,1275,1.421019e-01,5.684076e-01,-1.586678e+00,3.316080e-01,4.915320e-04
hvof_phi1p0_air25,1,0.25,0.01,1300,1.421103e-01,5.684414e-01,-1.538841e+00,3.316220e-01,4.915612e-04
hvof_phi1p0_air25,1,0.25,0.01,1325,1.421188e-01,5.684751e-01,-1.490856e+00,3.316350e-01,4.915904e-04
hvof_phi1p0_air25,1,0.25,0.01,1350,1.421276e-01,5.685106e-01,-1.442705e+00,3.316480e-01,4.916210e-04
hvof_phi1p0_air25,1,0.25,0.01,1375,1.421374e-01,5.685494e-01,-1.394385e+00,3.316610e-01,4.916547e-04
hvof_phi1p0_air25,1,0.25,0.01,1400,1.421479e-01,5.685918e-01,-1.345871e+00,3.316750e-01,4.916912e-04
hvof_phi1p0_air25,1,0.25,0.01,1425,1.421601e-01,5.686404e-01,-1.297159e+00,3.316910e-01,4.917333e-04
hvof_phi1p0_air25,1,0.25,0.01,1450,1.421740e-01,5.686959e-01,-1.248218e+00,3.317090e-01,4.917813e-04
hvof_phi1p0_air25,1,0.25,0.01,1475,1.421903e-01,5.687611e-01,-1.199028e+00,3.317290e-01,4.918377e-04
hvof_phi1p0_air25,1,0.25,0.01,1500,1.422089e-01,5.688355e-01,-1.149567e+00,3.317530e-01,4.919020e-04
hvof_phi1p0_air25,1,0.25,0.01,1525,1.422303e-01,5.689214e-01,-1.099802e+00,3.317800e-01,4.919763e-04
hvof_phi1p0_air25,1,0.25,0.01,1550,1.422551e-01,5.690204e-01,-1.049698e+00,3.318100e-01,4.920619e-04
hvof_phi1p0_air25,1,0.25,0.01,1575,1.422833e-01,5.691332e-01,-9.992139e-01,3.318450e-01,4.921594e-04
hvof_phi1p0_air25,1,0.25,0.01,1600,1.423159e-01,5.692638e-01,-9.482945e-01,3.318850e-01,4.922724e-04
hvof_phi1p0_air25,1,0.25,0.01,1625,1.423526e-01,5.694103e-01,-8.968818e-01,3.319300e-01,4.923991e-04
hvof_phi1p0_air25,1,0.25,0.01,1650,1.423945e-01,5.695782e-01,-8.449030e-01,3.319800e-01,4.925443e-04
hvof_phi1p0_air25,1,0.25,0.01,1675,1.424420e-01,5.697679e-01,-7.922792e-01,3.320380e-01,4.927083e-04
hvof_phi1p0_air25,1,0.25,0.01,1700,1.424954e-01,5.699816e-01,-7.389153e-01,3.321020e-01,4.928932e-04
hvof_phi1p0_air25,1,0.25,0.01,1725,1.425558e-01,5.702231e-01,-6.847009e-01,3.321730e-01,4.931020e-04
hvof_phi1p0_air25,1,0.25,0.01,1750,1.426232e-01,5.704926e-01,-6.295154e-01,3.322530e-01,4.933350e-04
hvof_phi1p0_air25,1,0.25,0.01,1775,1.426988e-01,5.707951e-01,-5.732153e-01,3.323420e-01,4.935966e-04
hvof_phi1p0_air25,1,0.25,0.01,1800,1.427832e-01,5.711327e-01,-5.156406e-01,3.324410e-01,4.938885e-04
hvof_phi1p0_air25,1,0.25,0.01,1825,1.428770e-01,5.715078e-01,-4.566134e-01,3.325500e-01,4.942129e-04
hvof_phi1p0_air25,1,0.25,0.01,1850,1.429813e-01,5.719252e-01,-3.959300e-01,3.326710e-01,4.945738e-04
hvof_phi1p0_air25,1,0.25,0.01,1875,1.430966e-01,5.723865e-01,-3.333657e-01,3.328030e-01,4.949727e-04
hvof_phi1p0_air25,1,0.25,0.01,1900,1.432239e-01,5.728958e-01,-2.686711e-01,3.329480e-01,4.954132e-04
hvof_phi1p0_air25,1,0.25,0.01,1925,1.433646e-01,5.734582e-01,-2.015680e-01,3.331070e-01,4.958995e-04
hvof_phi1p0_air25,1,0.25,0.01,1950,1.435189e-01,5.740758e-01,-1.317525e-01,3.332800e-01,4.964336e-04
hvof_phi1p0_air25,1,0.25,0.01,1975,1.436887e-01,5.747546e-01,-5.888900e-02,3.334690e-01,4.970206e-04
hvof_phi1p0_air25,1,0.25,0.01,2000,1.438745e-01,5.754979e-01,1.738704e-02,3.336740e-01,4.976634e-04
hvof_phi1p0_air25,1,0.25,0.01,2025,1.440774e-01,5.763094e-01,9.747166e-02,3.338960e-01,4.983651e-04
hvof_phi1p0_air25,1,0.25,0.01,2050,1.442984e-01,5.771937e-01,1.817946e-01,3.341350e-01,4.991298e-04
hvof_phi1p0_air25,1,0.25,0.01,2075,1.445388e-01,5.781553e-01,2.708191e-01,3.343930e-01,4.999614e-04
hvof_phi1p0_air25,1,0.25,0.01,2100,1.448002e-01,5.792009e-01,3.650427e-01,3.346700e-01,5.008656e-04
hvof_phi1p0_air25,1,0.25,0.01,2125,1.450829e-01,5.803318e-01,4.649916e-01,3.349680e-01,5.018434e-04
hvof_phi1p0_air25,1,0.25,0.01,2150,1.453888e-01,5.815552e-01,5.712322e-01,3.352860e-01,5.029014e-04
hvof_phi1p0_air25,1,0.25,0.01,2175,1.457183e-01,5.828731e-01,6.843548e-01,3.356250e-01,5.040411e-04
hvof_phi1p0_air25,1,0.25,0.01,2200,1.460732e-01,5.842927e-01,8.049880e-01,3.359850e-01,5.052687e-04
hvof_phi1p0_air25,1,0.25,0.01,2225,1.464539e-01,5.858156e-01,9.337810e-01,3.363670e-01,5.065856e-04
hvof_phi1p0_air25,1,0.25,0.01,2250,1.468617e-01,5.874469e-01,1.071411e+00,3.367710e-01,5.079963e-04
hvof_phi1p0_air25,1,0.25,0.01,2275,1.472975e-01,5.891900e-01,1.218581e+00,3.371980e-01,5.095036e-04
hvof_phi1p0_air25,1,0.25,0.01,2300,1.477626e-01,5.910505e-01,1.376008e+00,3.376460e-01,5.111125e-04
hvof_phi1p0_air25,1,0.25,0.01,2325,1.482571e-01,5.930283e-01,1.544403e+00,3.381170e-01,5.128228e-04
hvof_phi1p0_air25,1,0.25,0.01,2350,1.487820e-01,5.951280e-01,1.724519e+00,3.386090e-01,5.146385e-04
hvof_phi1p0_air25,1,0.25,0.01,2375,1.493382e-01,5.973529e-01,1.917062e+00,3.391230e-01,5.165625e-04
hvof_phi1p0_air25,1,0.25,0.01,2400,1.499266e-01,5.997062e-01,2.122766e+00,3.396580e-01,5.185976e-04
hvof_phi1p0_air25,1,0.25,0.01,2425,1.505474e-01,6.021897e-01,2.341943e+00,3.402160e-01,5.207451e-04
hvof_phi1p0_air25,1,0.25,0.01,2450,1.512020e-01,6.048082e-01,2.575505e+00,3.407960e-01,5.230095e-04
hvof_phi1p0_air25,1,0.25,0.01,2475,1.518927e-01,6.075708e-01,2.824148e+00,3.414000e-01,5.253985e-04
hvof_phi1p0_air25,1,0.25,0.01,2500,1.526214e-01,6.104858e-01,3.088447e+00,3.420300e-01,5.279192e-04
hvof_phi1p0_air25,1,0.25,0.01,2525,1.533924e-01,6.135695e-01,3.368943e+00,3.426900e-01,5.305858e-04
hvof_phi1p0_air25,1,0.25,0.01,2550,1.542103e-01,6.168410e-01,3.666148e+00,3.433870e-01,5.334149e-04
hvof_phi1p0_air25,1,0.25,0.01,2575,1.550837e-01,6.203349e-01,3.980528e+00,3.441300e-01,5.364363e-04
hvof_phi1p0_air25,1,0.25,0.01,2600,1.560238e-01,6.240952e-01,4.312574e+00,3.449340e-01,5.396880e-04
hvof_phi1p0_air25,1,0.25,0.01,2625,1.570472e-01,6.281888e-01,4.662790e+00,3.458170e-01,5.432280e-04
hvof_phi1p0_air25,1,0.25,0.01,2650,1.581780e-01,6.327122e-01,5.031836e+00,3.468070e-01,5.471396e-04
hvof_phi1p0_air25,1,0.25,0.01,2675,1.594496e-01,6.377983e-01,5.420561e+00,3.479430e-01,5.515378e-04
hvof_phi1p0_air25,1,0.25,0.01,2700,1.609081e-01,6.436325e-01,5.830196e+00,3.492750e-01,5.565830e-04
hvof_phi1p0_air25,1,0.25,0.01,2725,1.626181e-01,6.504725e-01,6.262561e+00,3.508730e-01,5.624979e-04
hvof_phi1p0_air25,1,0.25,0.01,2750,1.646696e-01,6.586783e-01,6.720395e+00,3.528270e-01,5.695938e-04
hvof_phi1p0_air25,1,0.25,0.01,2775,1.671848e-01,6.687394e-01,7.207732e+00,3.552600e-01,5.782942e-04
hvof_phi1p0_air25,1,0.25,0.01,2800,1.703349e-01,6.813396e-01,7.730538e+00,3.583280e-01,5.891903e-04
hvof_phi1p0_air25,1,0.25,0.01,2825,1.743570e-01,6.974280e-01,8.297478e+00,3.622390e-01,6.031027e-04
hvof_phi1p0_air25,1,0.25,0.01,2850,1.795781e-01,7.183125e-01,8.913162e+00,3.672610e-01,6.211627e-04
hvof_phi1p0_air25,1,0.25,0.01,2875,1.864812e-01,7.459247e-01,9.598656e+00,3.737400e-01,6.450404e-04
hvof_phi1p0_air25,1,0.25,0.01,2900,1.957741e-01,7.830962e-01,1.037970e+01,3.821290e-01,6.771846e-04
hvof_phi1p0_air25,1,0.25,0.01,2925,2.085236e-01,8.340945e-01,1.127793e+01,3.930110e-01,7.212855e-04
hvof_phi1p0_air25,1,0.25,0.01,2950,2.264574e-01,9.058296e-01,1.234302e+01,4.071480e-01,7.833186e-04
hvof_phi1p0_air25,1,0.25,0.01,2975,2.525020e-01,1.010008e+00,1.362024e+01,4.255360e-01,8.734070e-04
hvof_phi1p0_air25,1,0.25,0.01,3000,2.921269e-01,1.168507e+00,1.519012e+01,4.494900e-01,1.010470e-03
hvof_phi1p0_air25,1,0.25,0.01,3025,3.568345e-01,1.427338e+00,1.715888e+01,4.807680e-01,1.234294e-03
hvof_phi1p0_air25,1,0.25,0.01,3050,4.757929e-01,1.903171e+00,1.972728e+01,5.217520e-01,1.645773e-03
hvof_phi1p0_air25,1,0.25,0.01,3075,7.499786e-01,2.999914e+00,2.307104e+01,5.757400e-01,2.594184e-03
hvof_phi1p0_air25,1,0.25,0.01,3100,1.923347e+00,7.693390e+00,2.752636e+01,6.474080e-01,6.652879e-03
hvof_phi1p0_air25,1,0.25,0.01,3125,3.924320e+00,1.000000e+01,2.880470e+01,7.436120e-01,1.357426e-02
hvof_phi1p0_air25,1,0.25,0.01,3150,6.161500e+00,1.000000e+01,2.927580e+01,8.748110e-01,2.131269e-02
hvof_phi1p0_air25,1,0.25,0.01,3175,9.294720e+00,1.000000e+01,2.962740e+01,1.057800e+00,3.215054e-02
hvof_phi1p0_air25,1,0.25,0.01,3200,1.382300e+01,1.000000e+01,2.986260e+01,1.321380e+00,4.781391e-02
hvof_phi1p0_air25,1,0.25,0.01,3225,2.067950e+01,1.000000e+01,2.998980e+01,1.719550e+00,7.153061e-02
hvof_phi1p0_air25,1,0.25,0.01,3250,3.183620e+01,1.000000e+01,3.002230e+01,2.366830e+00,1.101218e-01
hvof_phi1p0_air25,1,0.25,0.01,3275,5.231620e+01,1.000000e+01,2.997540e+01,3.556120e+00,1.809623e-01
hvof_phi1p0_air25,1,0.25,0.01,3300,9.982350e+01,1.000000e+01,2.986540e+01,6.326580e+00,3.452906e-01
hvof_phi1p0_air25,1,0.25,0.01,3325,3.133150e+02,1.000000e+01,2.970680e+01,1.892970e+01,1.083760e+00
hvof_phi1p0_air25,1,0.25,0.01,3350,1.000000e+03,1.000000e+01,2.979980e+01,2.000000e+02,3.459011e+00
hvof_phi1p0_air25,1,0.25,0.01,3375,1.000000e+03,1.000000e+01,3.008780e+01,2.000000e+02,3.459011e+00
hvof_phi1p0_air25,1,0.25,0.01,3400,1.000000e+03,1.000000e+01,3.039830e+01,2.000000e+02,3.459011e+00
hvof_phi1p0_air25,1,0.25,0.01,3425,1.000000e+03,1.000000e+01,3.073340e+01,2.000000e+02,3.459011e+00
hvof_phi1p0_air25,1,0.25,0.01,3450,1.000000e+03,1.000000e+01,3.109540e+01,2.000000e+02,3.459011e+00
hvof_phi1p0_air25,1,0.25,0.01,3475,1.000000e+03,1.000000e+01,3.148700e+01,2.000000e+02,3.459011e+00
hvof_phi1p0_air25,1,0.25,0.01,3500,1.000000e+03,1.000000e+01,3.191080e+01,2.000000e+02,3.459011e+00
hvof_phi1p0_air25,1,0.25,0.01,3525,1.000000e+03,1.000000e+01,3.236970e+01,2.000000e+02,3.459011e+00
hvof_phi1p0_air25,1,0.25,0.01,3550,1.000000e+03,1.000000e+01,3.286660e+01,2.000000e+02,3.459011e+00
hvof_phi1p0_air25,1,0.25,0.01,3575,1.000000e+03,1.000000e+01,3.340470e+01,2.000000e+02,3.459011e+00
hvof_phi1p0_air25,1,0.25,0.01,3600,1.000000e+03,1.000000e+01,3.398720e+01,2.000000e+02,3.459011e+00
hvof_phi1p0_air25,1,0.25,0.01,3625,1.000000e+03,1.000000e+01,3.461740e+01,2.000000e+02,3.459011e+00
hvof_phi1p0_air25,1,0.25,0.01,3650,1.000000e+03,1.000000e+01,3.529850e+01,2.000000e+02,3.459011e+00
hvof_phi1p0_air25,1,0.25,0.01,3675,1.000000e+03,1.000000e+01,3.603380e+01,2.000000e+02,3.459011e+00
hvof_phi1p0_air25,1,0.25,0.01,3700,1.000000e+03,1.000000e+01,3.682610e+01,2.000000e+02,3.459011e+00
hvof_phi1p0_air25,1,0.25,0.01,3725,1.000000e+03,1.000000e+01,3.767790e+01,2.000000e+02,3.459011e+00
hvof_phi1p0_air25,1,0.25,0.01,3750,1.000000e+03,1.000000e+01,3.859100e+01,2.000000e+02,3.459011e+00
hvof_phi1p0_air25,1,0.25,0.01,3775,1.000000e+03,1.000000e+01,3.956650e+01,2.000000e+02,3.459011e+00
hvof_phi1p0_air25,1,0.25,0.01,3800,1.000000e+03,1.000000e+01,4.060430e+01,2.000000e+02,3.459011e+00
hvof_phi1p0_air25,1,0.25,0.01,3825,1.000000e+03,1.000000e+01,4.170290e+01,2.000000e+02,3.459011e+00
hvof_phi1p0_air25,1,0.25,0.01,3850,1.000000e+03,1.000000e+01,4.285900e+01,2.000000e+02,3.459011e+00
hvof_phi1p0_air25,1,0.25,0.01,3875,1.000000e+03,1.000000e+01,4.406730e+01,2.000000e+02,3.459011e+00
hvof_phi1p0_air25,1,0.25,0.01,3900,1.000000e+03,1.000000e+01,4.532040e+01,2.000000e+02,3.459011e+00
hvof_phi1p0_air25,1,0.25,0.01,3925,1.000000e+03,1.000000e+01,4.660880e+01,2.000000e+02,3.459011e+00
hvof_phi1p0_air25,1,0.25,0.01,3950,1.000000e+03,1.000000e+01,4.792060e+01,2.000000e+02,3.459011e+00
hvof_phi1p0_air25,1,0.25,0.01,3975,1.000000e+03,1.000000e+01,4.924260e+01,2.000000e+02,3.459011e+00
hvof_phi1p0_air25,1,0.25,0.01,4000,1.000000e+03,1.000000e+01,5.056010e+01,2.000000e+02,3.459011e+00
hvof_phi1p0_air25,1,0.25,1,300,6.386847e-03,2.554739e-02,-8.273583e+00,2.354980e-02,2.209217e-05
hvof_phi1p0_air25,1,0.25,1,325,6.668443e-03,2.667377e-02,-8.239217e+00,2.453280e-02,2.306622e-05
hvof_phi1p0_air25,1,0.25,1,350,6.963477e-03,2.785391e-02,-8.201818e+00,2.576380e-02,2.408674e-05
hvof_phi1p0_air25,1,0.25,1,375,7.248802e-03,2.899521e-02,-8.161383e+00,2.721280e-02,2.507368e-05
hvof_phi1p0_air25,1,0.25,1,400,7.703051e-03,3.081221e-02,-8.120750e+00,2.883850e-02,2.664494e-05
hvof_phi1p0_air25,1,0.25,1,425,8.306705e-03,3.322682e-02,-8.079810e+00,3.059710e-02,2.873298e-05
hvof_phi1p0_air25,1,0.25,1,450,8.956618e-03,3.582647e-02,-8.037388e+00,3.244880e-02,3.098104e-05
hvof_phi1p0_air25,1,0.25,1,475,9.642110e-03,3.856844e-02,-7.993472e+00,3.436150e-02,3.335216e-05
hvof_phi1p0_air25,1,0.25,1,500,1.049522e-02,4.198087e-02,-7.949245e+00,3.631280e-02,3.630307e-05
hvof_phi1p0_air25,1,0.25,1,525,1.131989e-02,4.527958e-02,-7.902305e+00,3.829040e-02,3.915563e-05
hvof_phi1p0_air25,1,0.25,1,550,1.196781e-02,4.787126e-02,-7.851147e+00,4.029230e-02,4.139680e-05
hvof_phi1p0_air25,1,0.25,1,575,1.263661e-02,5.054643e-02,-7.797205e+00,4.232800e-02,4.371016e-05
hvof_phi1p0_air25,1,0.25,1,600,1.343351e-02,5.373404e-02,-7.740471e+00,4.442110e-02,4.646665e-05
hvof_phi1p0_air25,1,0.25,1,625,1.426123e-02,5.704492e-02,-7.678727e+00,4.661360e-02,4.932975e-05
hvof_phi1p0_air25,1,0.25,1,650,1.513920e-02,6.055679e-02,-7.610361e+00,4.897270e-02,5.236665e-05
hvof_phi1p0_air25,1,0.25,1,675,1.609960e-02,6.439841e-02,-7.533199e+00,5.159950e-02,5.568870e-05
hvof_phi1p0_air25,1,0.25,1,700,1.719182e-02,6.876727e-02,-7.444356e+00,5.463950e-02,5.946668e-05
hvof_phi1p0_air25,1,0.25,1,725,1.849890e-02,7.399561e-02,-7.339608e+00,5.829320e-02,6.398790e-05
hvof_phi1p0_air25,1,0.25,1,750,2.011241e-02,8.044965e-02,-7.214215e+00,6.282660e-02,6.956905e-05
hvof_phi1p0_air25,1,0.25,1,775,2.215932e-02,8.863729e-02,-7.062018e+00,6.857830e-02,7.664934e-05
hvof_phi1p0_air25,1,0.25,1,800,2.480748e-02,9.922993e-02,-6.875442e+00,7.596050e-02,8.580934e-05
hvof_phi1p0_air25,1,0.25,1,825,2.829671e-02,1.131868e-01,-6.644962e+00,8.544810e-02,9.787863e-05
hvof_phi1p0_air25,1,0.25,1,850,3.284305e-02,1.313722e-01,-6.362704e+00,9.754520e-02,1.136045e-04
hvof_phi1p0_air25,1,0.25,1,875,3.872037e-02,1.548815e-01,-6.021267e+00,1.127160e-01,1.339342e-04
hvof_phi1p0_air25,1,0.25,1,900,4.620629e-02,1.848252e-01,-5.617205e+00,1.312630e-01,1.598281e-04
hvof_phi1p0_air25,1,0.25,1,925,5.542294e-02,2.216917e-01,-5.156629e+00,1.531470e-01,1.917085e-04
hvof_phi1p0_air25,1,0.25,1,950,6.627718e-02,2.651087e-01,-4.656863e+00,1.777810e-01,2.292535e-04
hvof_phi1p0_air25,1,0.25,1,975,7.829133e-02,3.131653e-01,-4.147242e+00,2.039120e-01,2.708105e-04
hvof_phi1p0_air25,1,0.25,1,1000,9.062397e-02,3.624959e-01,-3.662994e+00,2.297440e-01,3.134693e-04
hvof_phi1p0_air25,1,0.25,1,1025,1.022348e-01,4.089394e-01,-3.233807e+00,2.533940e-01,3.536314e-04
hvof_phi1p0_air25,1,0.25,1,1050,1.123039e-01,4.492155e-01,-2.876346e+00,2.734670e-01,3.884603e-04
hvof_phi1p0_air25,1,0.25,1,1075,1.204105e-01,4.816421e-01,-2.590630e+00,2.894050e-01,4.165013e-04
hvof_phi1p0_air25,1,0.25,1,1100,1.265833e-01,5.063332e-01,-2.367611e+00,3.014170e-01,4.378530e-04
hvof_phi1p0_air25,1,0.25,1,1125,1.311055e-01,5.244220e-01,-2.194355e+00,3.101460e-01,4.534954e-04
hvof_phi1p0_air25,1,0.25,1,1150,1.343366e-01,5.373464e-01,-2.057603e+00,3.163530e-01,4.646718e-04
hvof_phi1p0_air25,1,0.25,1,1175,1.366156e-01,5.464624e-01,-1.946974e+00,3.207180e-01,4.725548e-04
hvof_phi1p0_air25,1,0.25,1,1200,1.382159e-01,5.528635e-01,-1.854699e+00,3.237800e-01,4.780902e-04
hvof_phi1p0_air25,1,0.25,1,1225,1.393397e-01,5.573589e-01,-1.775193e+00,3.259350e-01,4.819776e-04
hvof_phi1p0_air25,1,0.25,1,1250,1.401323e-01,5.605293e-01,-1.704569e+00,3.274600e-01,4.847192e-04
hvof_phi1p0_air25,1,0.25,1,1275,1.406950e-01,5.627800e-01,-1.640134e+00,3.285490e-01,4.866655e-04
hvof_phi1p0_air25,1,0.25,1,1300,1.410974e-01,5.643897e-01,-1.580017e+00,3.293350e-01,4.880575e-04
hvof_phi1p0_air25,1,0.25,1,1325,1.413882e-01,5.655526e-01,-1.522938e+00,3.299080e-01,4.890631e-04
hvof_phi1p0_air25,1,0.25,1,1350,1.416006e-01,5.664024e-01,-1.467986e+00,3.303320e-01,4.897980e-04
hvof_phi1p0_air25,1,0.25,1,1375,1.417580e-01,5.670322e-01,-1.414551e+00,3.306490e-01,4.903426e-04
hvof_phi1p0_air25,1,0.25,1,1400,1.418764e-01,5.675057e-01,-1.362173e+00,3.308910e-01,4.907521e-04
hvof_phi1p0_air25,1,0.25,1,1425,1.419677e-01,5.678707e-01,-1.310530e+00,3.310780e-01,4.910677e-04
hvof_phi1p0_air25,1,0.25,1,1450,1.420399e-01,5.681595e-01,-1.259387e+00,3.312270e-01,4.913175e-04
hvof_phi1p0_air25,1,0.25,1,1475,1.420988e-01,5.683951e-01,-1.208579e+00,3.313470e-01,4.915212e-04
hvof_phi1p0_air25,1,0.25,1,1500,1.421494e-01,5.685976e-01,-1.157968e+00,3.314480e-01,4.916963e-04
hvof_phi1p0_air25,1,0.25,1,1525,1.421940e-01,5.687761e-01,-1.107462e+00,3.315350e-01,4.918506e-04
hvof_phi1p0_air25,1,0.25,1,1550,1.422363e-01,5.689454e-01,-1.056982e+00,3.316120e-01,4.919971e-04
hvof_phi1p0_air25,1,0.25,1,1575,1.422774e-01,5.691096e-01,-1.006462e+00,3.316840e-01,4.921390e-04
hvof_phi1p0_air25,1,0.25,1,1600,1.423190e-01,5.692762e-01,-9.558592e-01,3.317540e-01,4.922831e-04
hvof_phi1p0_air25,1,0.25,1,1625,1.423628e-01,5.694514e-01,-9.051259e-01,3.318220e-01,4.924346e-04
hvof_phi1p0_air25,1,0.25,1,1650,1.424098e-01,5.696392e-01,-8.542238e-01,3.318920e-01,4.925971e-04
hvof_phi1p0_air25,1,0.25,1,1675,1.424607e-01,5.698426e-01,-8.031195e-01,3.319650e-01,4.927729e-04
hvof_phi1p0_air25,1,0.25,1,1700,1.425165e-01,5.700661e-01,-7.517784e-01,3.320410e-01,4.929662e-04
hvof_phi1p0_air25,1,0.25,1,1725,1.425785e-01,5.703138e-01,-7.001667e-01,3.321230e-01,4.931804e-04
hvof_phi1p0_air25,1,0.25,1,1750,1.426472e-01,5.705886e-01,-6.482526e-01,3.322120e-01,4.934181e-04
hvof_phi1p0_air25,1,0.25,1,1775,1.427232e-01,5.708927e-01,-5.960030e-01,3.323080e-01,4.936810e-04
hvof_phi1p0_air25,1,0.25,1,1800,1.428079e-01,5.712315e-01,-5.433794e-01,3.324130e-01,4.939740e-04
hvof_phi1p0_air25,1,0.25,1,1825,1.429018e-01,5.716073e-01,-4.903459e-01,3.325280e-01,4.942989e-04
hvof_phi1p0_air25,1,0.25,1,1850,1.430063e-01,5.720252e-01,-4.368608e-01,3.326530e-01,4.946604e-04
hvof_phi1p0_air25,1,0.25,1,1875,1.431219e-01,5.724877e-01,-3.828822e-01,3.327890e-01,4.950602e-04
hvof_phi1p0_air25,1,0.25,1,1900,1.432496e-01,5.729984e-01,-3.283637e-01,3.329390e-01,4.955019e-04
hvof_phi1p0_air25,1,0.25,1,1925,1.433909e-01,5.735637e-01,-2.732535e-01,3.331020e-01,4.959907e-04
hvof_phi1p0_air25,1,0.25,1,1950,1.435462e-01,5.741849e-01,-2.174989e-01,3.332790e-01,4.965279e-04
hvof_phi1p0_air25,1,0.25,1,1975,1.437173e-01,5.748691e-01,-1.610406e-01,3.334730e-01,4.971196e-04
hvof_phi1p0_air25,1,0.25,1,2000,1.439050e-01,5.756200e-01,-1.038167e-01,3.336830e-01,4.977689e-04
hvof_phi1p0_air25,1,0.25,1,2025,1.441110e-01,5.764438e-01,-4.575778e-02,3.339110e-01,4.984813e-04
hvof_phi1p0_air25,1,0.25,1,2050,1.443360e-01,5.773439e-01,1.320640e-02,3.341590e-01,4.992597e-04
hvof_phi1p0_air25,1,0.25,1,2075,1.445820e-01,5.783279e-01,7.315567e-02,3.344260e-01,5.001106e-04
hvof_phi1p0_air25,1,0.25,1,2100,1.448500e-01,5.793999e-01,1.341714e-01,3.347150e-01,5.010376e-04
hvof_phi1p0_air25,1,0.25,1,2125,1.451419e-01,5.805675e-01,1.963443e-01,3.350270e-01,5.020473e-04
hvof_phi1p0_air25,1,0.25,1,2150,1.454594e-01,5.818375e-01,2.597691e-01,3.353630e-01,5.031456e-04
hvof_phi1p0_air25,1,0.25,1,2175,1.458040e-01,5.832160e-01,3.245452e-01,3.357230e-01,5.043376e-04
hvof_phi1p0_air25,1,0.25,1,2200,1.461773e-01,5.847091e-01,3.907797e-01,3.361100e-01,5.056288e-04
hvof_phi1p0_air25,1,0.25,1,2225,1.465811e-01,5.863244e-01,4.585851e-01,3.365240e-01,5.070256e-04
hvof_phi1p0_air25,1,0.25,1,2250,1.470178e-01,5.880712e-01,5.280838e-01,3.369670e-01,5.085362e-04
hvof_phi1p0_air25,1,0.25,1,2275,1.474895e-01,5.899578e-01,5.994007e-01,3.374400e-01,5.101676e-04
hvof_phi1p0_air25,1,0.25,1,2300,1.479973e-01,5.919894e-01,6.726658e-01,3.379450e-01,5.119244e-04
hvof_phi1p0_air25,1,0.25,1,2325,1.485444e-01,5.941776e-01,7.480219e-01,3.384820e-01,5.138166e-04
hvof_phi1p0_air25,1,0.25,1,2350,1.491328e-01,5.965313e-01,8.256161e-01,3.390530e-01,5.158520e-04
hvof_phi1p0_air25,1,0.25,1,2375,1.497645e-01,5.990580e-01,9.055971e-01,3.396580e-01,5.180370e-04
hvof_phi1p0_air25,1,0.25,1,2400,1.504418e-01,6.017673e-01,9.879383e-01,3.403000e-01,5.203799e-04
hvof_phi1p0_air25,1,0.25,1,2425,1.511673e-01,6.046693e-01,1.072859e+00,3.409790e-01,5.228894e-04
hvof_phi1p0_air25,1,0.25,1,2450,1.519437e-01,6.077749e-01,1.160634e+00,3.416960e-01,5.255750e-04
hvof_phi1p0_air25,1,0.25,1,2475,1.527741e-01,6.110965e-01,1.251433e+00,3.424520e-01,5.284474e-04
hvof_phi1p0_air25,1,0.25,1,2500,1.536608e-01,6.146433e-01,1.345435e+00,3.432490e-01,5.315144e-04
hvof_phi1p0_air25,1,0.25,1,2525,1.546068e-01,6.184272e-01,1.442841e+00,3.440860e-01,5.347865e-04
hvof_phi1p0_air25,1,0.25,1,2550,1.556155e-01,6.224618e-01,1.543844e+00,3.449660e-01,5.382755e-04
hvof_phi1p0_air25,1,0.25,1,2575,1.566899e-01,6.267598e-01,1.648656e+00,3.458890e-01,5.419922e-04
hvof_phi1p0_air25,1,0.25,1,2600,1.578332e-01,6.313327e-01,1.757476e+00,3.468550e-01,5.459466e-04
hvof_phi1p0_air25,1,0.25,1,2625,1.590492e-01,6.361969e-01,1.870531e+00,3.478660e-01,5.501529e-04
hvof_phi1p0_air25,1,0.25,1,2650,1.603417e-01,6.413666e-01,1.988055e+00,3.489220e-01,5.546235e-04
hvof_phi1p0_air25,1,0.25,1,2675,1.617140e-01,6.468560e-01,2.110277e+00,3.500240e-01,5.593705e-04
hvof_phi1p0_air25,1,0.25,1,2700,1.631711e-01,6.526845e-01,2.237456e+00,3.511720e-01,5.644107e-04
hvof_phi1p0_air25,1,0.25,1,2725,1.647175e-01,6.588702e-01,2.369842e+00,3.523670e-01,5.697597e-04
hvof_phi1p0_air25,1,0.25,1,2750,1.663578e-01,6.654313e-01,2.507714e+00,3.536110e-01,5.754335e-04
hvof_phi1p0_air25,1,0.25,1,2775,1.680975e-01,6.723899e-01,2.651371e+00,3.549040e-01,5.814510e-04
hvof_phi1p0_air25,1,0.25,1,2800,1.699429e-01,6.797716e-01,2.801111e+00,3.562470e-01,5.878343e-04
hvof_phi1p0_air25,1,0.25,1,2825,1.719002e-01,6.876010e-01,2.957270e+00,3.576420e-01,5.946048e-04
hvof_phi1p0_air25,1,0.25,1,2850,1.739771e-01,6.959086e-01,3.120200e+00,3.590910e-01,6.017888e-04
hvof_phi1p0_air25,1,0.25,1,2875,1.761806e-01,7.047223e-01,3.289506e+00,3.605970e-01,6.094105e-04
hvof_phi1p0_air25,1,0.25,1,2900,1.785189e-01,7.140756e-01,3.465543e+00,3.621620e-01,6.174988e-04
hvof_phi1p0_air25,1,0.25,1,2925,1.810071e-01,7.240283e-01,3.649441e+00,3.637920e-01,6.261054e-04
hvof_phi1p0_air25,1,0.25,1,2950,1.836583e-01,7.346332e-01,3.841718e+00,3.654910e-01,6.352760e-04
hvof_phi1p0_air25,1,0.25,1,2975,1.864886e-01,7.459545e-01,4.042957e+00,3.672670e-01,6.450661e-04
hvof_phi1p0_air25,1,0.25,1,3000,1.895177e-01,7.580710e-01,4.253842e+00,3.691290e-01,6.555439e-04
hvof_phi1p0_air25,1,0.25,1,3025,1.927701e-01,7.710802e-01,4.475155e+00,3.710870e-01,6.667937e-04
hvof_phi1p0_air25,1,0.25,1,3050,1.962738e-01,7.850951e-01,4.707841e+00,3.731580e-01,6.789131e-04
hvof_phi1p0_air25,1,0.25,1,3075,2.000653e-01,8.002610e-01,4.952952e+00,3.753570e-01,6.920279e-04
hvof_phi1p0_air25,1,0.25,1,3100,2.041770e-01,8.167079e-01,5.208527e+00,3.777080e-01,7.062504e-04
hvof_phi1p0_air25,1,0.25,1,3125,2.086743e-01,8.346973e-01,5.478927e+00,3.802380e-01,7.218068e-04
hvof_phi1p0_air25,1,0.25,1,3150,2.136256e-01,8.545022e-01,5.765991e+00,3.829820e-01,7.389331e-04
hvof_phi1p0_air25,1,0.25,1,3175,2.191186e-01,8.764742e-01,6.071975e+00,3.859800e-01,7.579335e-04
hvof_phi1p0_air25,1,0.25,1,3200,2.252640e-01,9.010558e-01,6.399455e+00,3.892840e-01,7.791904e-04
hvof_phi1p0_air25,1,0.25,1,3225,2.321861e-01,9.287445e-01,6.746341e+00,3.929560e-01,8.031343e-04
hvof_phi1p0_air25,1,0.25,1,3250,2.400870e-01,9.603482e-01,7.121469e+00,3.970720e-01,8.304637e-04
hvof_phi1p0_air25,1,0.25,1,3275,2.492110e-01,9.968440e-01,7.530043e+00,4.017260e-01,8.620235e-04
hvof_phi1p0_air25,1,0.25,1,3300,2.598416e-01,1.039367e+00,7.966631e+00,4.070270e-01,8.987950e-04
hvof_phi1p0_air25,1,0.25,1,3325,2.724484e-01,1.089794e+00,8.447646e+00,4.131120e-01,9.424019e-04
hvof_phi1p0_air25,1,0.25,1,3350,2.876422e-01,1.150569e+00,8.984452e+00,4.201460e-01,9.949576e-04
hvof_phi1p0_air25,1,0.25,1,3375,3.062495e-01,1.224998e+00,9.579889e+00,4.283260e-01,1.059320e-03
hvof_phi1p0_air25,1,0.25,1,3400,3.294577e-01,1.317831e+00,1.023234e+01,4.378950e-01,1.139598e-03
hvof_phi1p0_air25,1,0.25,1,3425,3.592549e-01,1.437019e+00,1.098739e+01,4.491450e-01,1.242666e-03
hvof_phi1p0_air25,1,0.25,1,3450,3.985024e-01,1.594010e+00,1.183355e+01,4.624310e-01,1.378424e-03
hvof_phi1p0_air25,1,0.25,1,3475,4.522883e-01,1.809153e+00,1.281127e+01,4.781910e-01,1.564470e-03
hvof_phi1p0_air25,1,0.25,1,3500,5.296852e-01,2.118741e+00,1.392997e+01,4.969590e-01,1.832187e-03
hvof_phi1p0_air25,1,0.25,1,3525,6.494944e-01,2.597978e+00,1.524745e+01,5.193950e-01,2.246608e-03
hvof_phi1p0_air25,1,0.25,1,3550,8.564095e-01,3.425638e+00,1.677130e+01,5.463230e-01,2.962330e-03
hvof_phi1p0_air25,1,0.25,1,3575,1.292695e+00,5.170778e+00,1.860702e+01,5.787760e-01,4.471444e-03
hvof_phi1p0_air25,1,0.25,1,3600,2.564670e+00,1.000000e+01,2.066790e+01,6.180650e-01,8.871221e-03
hvof_phi1p0_air25,1,0.25,1,3625,3.353750e+00,1.000000e+01,2.146720e+01,6.658780e-01,1.160066e-02
hvof_phi1p0_air25,1,0.25,1,3650,4.312230e+00,1.000000e+01,2.228270e+01,7.244210e-01,1.491605e-02
hvof_phi1p0_air25,1,0.25,1,3675,5.487580e+00,1.000000e+01,2.310780e+01,7.966290e-01,1.898160e-02
hvof_phi1p0_air25,1,0.25,1,3700,6.944710e+00,1.000000e+01,2.393400e+01,8.864910e-01,2.402183e-02
hvof_phi1p0_air25,1,0.25,1,3725,8.774720e+00,1.000000e+01,2.475170e+01,9.995710e-01,3.035185e-02
hvof_phi1p0_air25,1,0.25,1,3750,1.110940e+01,1.000000e+01,2.554990e+01,1.143870e+00,3.842753e-02
hvof_phi1p0_air25,1,0.25,1,3775,1.414620e+01,1.000000e+01,2.631650e+01,1.331300e+00,4.893186e-02
hvof_phi1p0_air25,1,0.25,1,3800,1.819510e+01,1.000000e+01,2.703890e+01,1.580500e+00,6.293705e-02
hvof_phi1p0_air25,1,0.25,1,3825,2.377010e+01,1.000000e+01,2.770430e+01,1.922170e+00,8.222103e-02
hvof_phi1p0_air25,1,0.25,1,3850,3.178790e+01,1.000000e+01,2.829990e+01,2.410930e+00,1.099547e-01
hvof_phi1p0_air25,1,0.25,1,3875,4.405310e+01,1.000000e+01,2.881320e+01,3.153940e+00,1.523801e-01
hvof_phi1p0_air25,1,0.25,1,3900,6.465740e+01,1.000000e+01,2.923190e+01,4.393900e+00,2.236506e-01
hvof_phi1p0_air25,1,0.25,1,3925,1.052160e+02,1.000000e+01,2.954310e+01,6.820340e+00,3.639433e-01
hvof_phi1p0_air25,1,0.25,1,3950,2.164440e+02,1.000000e+01,2.973220e+01,1.345710e+01,7.486821e-01
hvof_phi1p0_air25,1,0.25,1,3975,1.000000e+03,1.000000e+01,2.979910e+01,9.027130e+01,3.459011e+00
hvof_phi1p0_air25,1,0.25,1,4000,1.000000e+03,1.000000e+01,2.998290e+01,2.000000e+02,3.459011e+00
hvof_phi1p0_air50,1,0.5,0.01,300,1.169420e-02,4.677680e-02,-6.454224e+00,4.461800e-02,4.045036e-05
hvof_phi1p0_air50,1,0.5,0.01,325,1.190830e-02,4.763321e-02,-6.423980e+00,4.515460e-02,4.119095e-05
hvof_phi1p0_air50,1,0.5,0.01,350,1.215782e-02,4.863126e-02,-6.392059e+00,4.584400e-02,4.205401e-05
hvof_phi1p0_air50,1,0.5,0.01,375,1.243012e-02,4.972049e-02,-6.358054e+00,4.669040e-02,4.299593e-05
hvof_phi1p0_air50,1,0.5,0.01,400,1.271450e-02,5.085800e-02,-6.321419e+00,4.770350e-02,4.397959e-05
hvof_phi1p0_air50,1,0.5,0.01,425,1.319036e-02,5.276144e-02,-6.284039e+00,4.890520e-02,4.562560e-05
hvof_phi1p0_air50,1,0.5,0.01,450,1.380637e-02,5.522548e-02,-6.243727e+00,5.033320e-02,4.775638e-05
hvof_phi1p0_air50,1,0.5,0.01,475,1.452412e-02,5.809647e-02,-6.198075e+00,5.203940e-02,5.023908e-05
hvof_phi1p0_air50,1,0.5,0.01,500,1.536016e-02,6.144063e-02,-6.145109e+00,5.408560e-02,5.313095e-05
hvof_phi1p0_air50,1,0.5,0.01,525,1.633444e-02,6.533777e-02,-6.082641e+00,5.653920e-02,5.650101e-05
hvof_phi1p0_air50,1,0.5,0.01,550,1.747343e-02,6.989370e-02,-6.008531e+00,5.947290e-02,6.044076e-05
hvof_phi1p0_air50,1,0.5,0.01,575,1.883207e-02,7.532828e-02,-5.920214e+00,6.297710e-02,6.514033e-05
hvof_phi1p0_air50,1,0.5,0.01,600,2.045792e-02,8.183170e-02,-5.815679e+00,6.719120e-02,7.076418e-05
hvof_phi1p0_air50,1,0.5,0.01,625,2.245931e-02,8.983724e-02,-5.690932e+00,7.236170e-02,7.768699e-05
hvof_phi1p0_air50,1,0.5,0.01,650,2.502153e-02,1.000861e-01,-5.538606e+00,7.892380e-02,8.654974e-05
hvof_phi1p0_air50,1,0.5,0.01,675,2.846137e-02,1.138455e-01,-5.345398e+00,8.758240e-02,9.844819e-05
hvof_phi1p0_air50,1,0.5,0.01,700,3.321121e-02,1.328448e-01,-5.094507e+00,9.933650e-02,1.148779e-04
hvof_phi1p0_air50,1,0.5,0.01,725,3.988227e-02,1.595291e-01,-4.765397e+00,1.153600e-01,1.379532e-04
hvof_phi1p0_air50,1,0.5,0.01,750,4.910733e-02,1.964293e-01,-4.344614e+00,1.365930e-01,1.698628e-04
hvof_phi1p0_air50,1,0.5,0.01,775,6.114353e-02,2.445741e-01,-3.843035e+00,1.629230e-01,2.114961e-04
hvof_phi1p0_air50,1,0.5,0.01,800,7.519014e-02,3.007606e-01,-3.311915e+00,1.921670e-01,2.600835e-04
hvof_phi1p0_air50,1,0.5,0.01,825,8.908817e-02,3.563527e-01,-2.830733e+00,2.200500e-01,3.081569e-04
hvof_phi1p0_air50,1,0.5,0.01,850,1.004481e-01,4.017924e-01,-2.458762e+00,2.423780e-01,3.474511e-04
hvof_phi1p0_air50,1,0.5,0.01,875,1.082848e-01,4.331392e-01,-2.202858e+00,2.576260e-01,3.745583e-04
hvof_phi1p0_air50,1,0.5,0.01,900,1.131018e-01,4.524070e-01,-2.034075e+00,2.669260e-01,3.912202e-04
hvof_phi1p0_air50,1,0.5,0.01,925,1.158918e-01,4.635672e-01,-1.919830e+00,2.722620e-01,4.008709e-04
hvof_phi1p0_air50,1,0.5,0.01,950,1.174756e-01,4.699023e-01,-1.836787e+00,2.752580e-01,4.063493e-04
hvof_phi1p0_air50,1,0.5,0.01,975,1.183777e-01,4.735110e-01,-1.770975e+00,2.769430e-01,4.094699e-04
hvof_phi1p0_air50,1,0.5,0.01,1000,1.188985e-01,4.755939e-01,-1.714626e+00,2.779040e-01,4.112711e-04
hvof_phi1p0_air50,1,0.5,0.01,1025,1.192052e-01,4.768209e-01,-1.663500e+00,2.784630e-01,4.123321e-04
hvof_phi1p0_air50,1,0.5,0.01,1050,1.193896e-01,4.775585e-01,-1.615299e+00,2.787960e-01,4.129700e-04
hvof_phi1p0_air50,1,0.5,0.01,1075,1.195033e-01,4.780131e-01,-1.568736e+00,2.789990e-01,4.133631e-04
hvof_phi1p0_air50,1,0.5,0.01,1100,1.195746e-01,4.782983e-01,-1.523083e+00,2.791260e-01,4.136098e-04
hvof_phi1p0_air50,1,0.5,0.01,1125,1.196208e-01,4.784833e-01,-1.477926e+00,2.792060e-01,4.137697e-04
hvof_phi1p0_air50,1,0.5,0.01,1150,1.196517e-01,4.786069e-01,-1.433015e+00,2.792600e-01,4.138766e-04
hvof_phi1p0_air50,1,0.5,0.01,1175,1.196730e-01,4.786919e-01,-1.388203e+00,2.792960e-01,4.139501e-04
hvof_phi1p0_air50,1,0.5,0.01,1200,1.196883e-01,4.787532e-01,-1.343399e+00,2.793210e-01,4.140031e-04
hvof_phi1p0_air50,1,0.5,0.01,1225,1.197001e-01,4.788005e-01,-1.298546e+00,2.793400e-01,4.140440e-04
hvof_phi1p0_air50,1,0.5,0.01,1250,1.197099e-01,4.788396e-01,-1.253599e+00,2.793550e-01,4.140778e-04
hvof_phi1p0_air50,1,0.5,0.01,1275,1.197188e-01,4.788752e-01,-1.208542e+00,2.793680e-01,4.141086e-04
hvof_phi1p0_air50,1,0.5,0.01,1300,1.197276e-01,4.789105e-01,-1.163346e+00,2.793800e-01,4.141391e-04
hvof_phi1p0_air50,1,0.5,0.01,1325,1.197365e-01,4.789461e-01,-1.118009e+00,2.793920e-01,4.141699e-04
hvof_phi1p0_air50,1,0.5,0.01,1350,1.197466e-01,4.789865e-01,-1.072500e+00,2.794040e-01,4.142049e-04
hvof_phi1p0_air50,1,0.5,0.01,1375,1.197576e-01,4.790304e-01,-1.026821e+00,2.794180e-01,4.142428e-04
hvof_phi1p0_air50,1,0.5,0.01,1400,1.197703e-01,4.790811e-01,-9.809478e-01,2.794330e-01,4.142867e-04
hvof_phi1p0_air50,1,0.5,0.01,1425,1.197850e-01,4.791400e-01,-9.348712e-01,2.794500e-01,4.143376e-04
hvof_phi1p0_air50,1,0.5,0.01,1450,1.198020e-01,4.792079e-01,-8.885708e-01,2.794700e-01,4.143963e-04
hvof_phi1p0_air50,1,0.5,0.01,1475,1.198218e-01,4.792870e-01,-8.420264e-01,2.794930e-01,4.144648e-04
hvof_phi1p0_air50,1,0.5,0.01,1500,1.198445e-01,4.793779e-01,-7.952128e-01,2.795200e-01,4.145433e-04
hvof_phi1p0_air50,1,0.5,0.01,1525,1.198710e-01,4.794841e-01,-7.480994e-01,2.795500e-01,4.146352e-04
hvof_phi1p0_air50,1,0.5,0.01,1550,1.199010e-01,4.796042e-01,-7.006536e-01,2.795840e-01,4.147390e-04
hvof_phi1p0_air50,1,0.5,0.01,1575,1.199359e-01,4.797437e-01,-6.528320e-01,2.796240e-01,4.148597e-04
hvof_phi1p0_air50,1,0.5,0.01,1600,1.199752e-01,4.799008e-01,-6.045875e-01,2.796680e-01,4.149955e-04
hvof_phi1p0_air50,1,0.5,0.01,1625,1.200199e-01,4.800796e-01,-5.558627e-01,2.797190e-01,4.151501e-04
hvof_phi1p0_air50,1,0.5,0.01,1650,1.200710e-01,4.802838e-01,-5.065908e-01,2.797760e-01,4.153267e-04
hvof_phi1p0_air50,1,0.5,0.01,1675,1.201283e-01,4.805132e-01,-4.566981e-01,2.798400e-01,4.155251e-04
hvof_phi1p0_air50,1,0.5,0.01,1700,1.201925e-01,4.807702e-01,-4.060959e-01,2.799120e-01,4.157473e-04
hvof_phi1p0_air50,1,0.5,0.01,1725,1.202651e-01,4.810606e-01,-3.546817e-01,2.799920e-01,4.159984e-04
hvof_phi1p0_air50,1,0.5,0.01,1750,1.203458e-01,4.813831e-01,-3.023439e-01,2.800820e-01,4.162773e-04
hvof_phi1p0_air50,1,0.5,0.01,1775,1.204358e-01,4.817434e-01,-2.489513e-01,2.801810e-01,4.165889e-04
hvof_phi1p0_air50,1,0.5,0.01,1800,1.205360e-01,4.821441e-01,-1.943569e-01,2.802900e-01,4.169354e-04
hvof_phi1p0_air50,1,0.5,0.01,1825,1.206469e-01,4.825876e-01,-1.383976e-01,2.804100e-01,4.173189e-04
hvof_phi1p0_air50,1,0.5,0.01,1850,1.207693e-01,4.830773e-01,-8.088782e-02,2.805430e-01,4.177424e-04
hvof_phi1p0_air50,1,0.5,0.01,1875,1.209045e-01,4.836182e-01,-2.162182e-02,2.806880e-01,4.182101e-04
hvof_phi1p0_air50,1,0.5,0.01,1900,1.210534e-01,4.842136e-01,3.962812e-02,2.808460e-01,4.187250e-04
hvof_phi1p0_air50,1,0.5,0.01,1925,1.212164e-01,4.848658e-01,1.031122e-01,2.810190e-01,4.192890e-04
hvof_phi1p0_air50,1,0.5,0.01,1950,1.213950e-01,4.855800e-01,1.691074e-01,2.812070e-01,4.199066e-04
hvof_phi1p0_air50,1,0.5,0.01,1975,1.215900e-01,4.863599e-01,2.379181e-01,2.814100e-01,4.205810e-04
hvof_phi1p0_air50,1,0.5,0.01,2000,1.218027e-01,4.872107e-01,3.098730e-01,2.816300e-01,4.213168e-04
hvof_phi1p0_air50,1,0.5,0.01,2025,1.220337e-01,4.881347e-01,3.853297e-01,2.818670e-01,4.221158e-04
hvof_phi1p0_air50,1,0.5,0.01,2050,1.222847e-01,4.891388e-01,4.646781e-01,2.821210e-01,4.229841e-04
hvof_phi1p0_air50,1,0.5,0.01,2075,1.225564e-01,4.902255e-01,5.483324e-01,2.823940e-01,4.239238e-04
hvof_phi1p0_air50,1,0.5,0.01,2100,1.228496e-01,4.913985e-01,6.367376e-01,2.826860e-01,4.249382e-04
hvof_phi1p0_air50,1,0.5,0.01,2125,1.231660e-01,4.926638e-01,7.303724e-01,2.829970e-01,4.260324e-04
hvof_phi1p0_air50,1,0.5,0.01,2150,1.235064e-01,4.940255e-01,8.297391e-01,2.833280e-01,4.272099e-04
hvof_phi1p0_air50,1,0.5,0.01,2175,1.238715e-01,4.954860e-01,9.353692e-01,2.836780e-01,4.284729e-04
hvof_phi1p0_air50,1,0.5,0.01,2200,1.242629e-01,4.970516e-01,1.047823e+00,2.840490e-01,4.298267e-04
hvof_phi1p0_air50,1,0.5,0.01,2225,1.246808e-01,4.987233e-01,1.167679e+00,2.844390e-01,4.312723e-04
hvof_phi1p0_air50,1,0.5,0.01,2250,1.251267e-01,5.005069e-01,1.295466e+00,2.848490e-01,4.328147e-04
hvof_phi1p0_air50,1,0.5,0.01,2275,1.256002e-01,5.024007e-01,1.431670e+00,2.852790e-01,4.344524e-04
hvof_phi1p0_air50,1,0.5,0.01,2300,1.261032e-01,5.044128e-01,1.577074e+00,2.857280e-01,4.361923e-04
hvof_phi1p0_air50,1,0.5,0.01,2325,1.266357e-01,5.065428e-01,1.732321e+00,2.861960e-01,4.380343e-04
hvof_phi1p0_air50,1,0.5,0.01,2350,1.271985e-01,5.087942e-01,1.898032e+00,2.866820e-01,4.399811e-04
hvof_phi1p0_air50,1,0.5,0.01,2375,1.277926e-01,5.111703e-01,2.074854e+00,2.871860e-01,4.420359e-04
hvof_phi1p0_air50,1,0.5,0.01,2400,1.284175e-01,5.136701e-01,2.263377e+00,2.877070e-01,4.441976e-04
hvof_phi1p0_air50,1,0.5,0.01,2425,1.290747e-01,5.162987e-01,2.464218e+00,2.882450e-01,4.464707e-04
hvof_phi1p0_air50,1,0.5,0.01,2450,1.297646e-01,5.190585e-01,2.677927e+00,2.888010e-01,4.488572e-04
hvof_phi1p0_air50,1,0.5,0.01,2475,1.304886e-01,5.219542e-01,2.905055e+00,2.893750e-01,4.513613e-04
hvof_phi1p0_air50,1,0.5,0.01,2500,1.312489e-01,5.249955e-01,3.146091e+00,2.899700e-01,4.539913e-04
hvof_phi1p0_air50,1,0.5,0.01,2525,1.320489e-01,5.281955e-01,3.401514e+00,2.905890e-01,4.567585e-04
hvof_phi1p0_air50,1,0.5,0.01,2550,1.328925e-01,5.315698e-01,3.671748e+00,2.912380e-01,4.596764e-04
hvof_phi1p0_air50,1,0.5,0.01,2575,1.337871e-01,5.351483e-01,3.957221e+00,2.919270e-01,4.627709e-04
hvof_phi1p0_air50,1,0.5,0.01,2600,1.347435e-01,5.389739e-01,4.258383e+00,2.926670e-01,4.660791e-04
hvof_phi1p0_air50,1,0.5,0.01,2625,1.357760e-01,5.431038e-01,4.575740e+00,2.934780e-01,4.696505e-04
hvof_phi1p0_air50,1,0.5,0.01,2650,1.369061e-01,5.476243e-01,4.909958e+00,2.943860e-01,4.735596e-04
hvof_phi1p0_air50,1,0.5,0.01,2675,1.381646e-01,5.526584e-01,5.261953e+00,2.954250e-01,4.779128e-04
hvof_phi1p0_air50,1,0.5,0.01,2700,1.395934e-01,5.583737e-01,5.633060e+00,2.966420e-01,4.828552e-04
hvof_phi1p0_air50,1,0.5,0.01,2725,1.412515e-01,5.650059e-01,6.025268e+00,2.981020e-01,4.885904e-04
hvof_phi1p0_air50,1,0.5,0.01,2750,1.432201e-01,5.728806e-01,6.441536e+00,2.998860e-01,4.954000e-04
hvof_phi1p0_air50,1,0.5,0.01,2775,1.456115e-01,5.824459e-01,6.886199e+00,3.021040e-01,5.036716e-04
hvof_phi1p0_air50,1,0.5,0.01,2800,1.485815e-01,5.943262e-01,7.365654e+00,3.048990e-01,5.139452e-04
hvof_phi1p0_air50,1,0.5,0.01,2825,1.523389e-01,6.093556e-01,7.884205e+00,3.084550e-01,5.269419e-04
hvof_phi1p0_air50,1,0.5,0.01,2850,1.571882e-01,6.287527e-01,8.453988e+00,3.130100e-01,5.437156e-04
hvof_phi1p0_air50,1,0.5,0.01,2875,1.635723e-01,6.542891e-01,9.095666e+00,3.188740e-01,5.657983e-04
hvof_phi1p0_air50,1,0.5,0.01,2900,1.721383e-01,6.885533e-01,9.835279e+00,3.264450e-01,5.954283e-04
hvof_phi1p0_air50,1,0.5,0.01,2925,1.838519e-01,7.354074e-01,1.069173e+01,3.362400e-01,6.359456e-04
hvof_phi1p0_air50,1,0.5,0.01,2950,2.003150e-01,8.012600e-01,1.172403e+01,3.489300e-01,6.928918e-04
hvof_phi1p0_air50,1,0.5,0.01,2975,2.242098e-01,8.968390e-01,1.297711e+01,3.653950e-01,7.755440e-04
hvof_phi1p0_air50,1,0.5,0.01,3000,2.605881e-01,1.042352e+00,1.452990e+01,3.867930e-01,9.013770e-04
hvof_phi1p0_air50,1,0.5,0.01,3025,3.201770e-01,1.280708e+00,1.651408e+01,4.146730e-01,1.107496e-03
hvof_phi1p0_air50,1,0.5,0.01,3050,4.302976e-01,1.721190e+00,1.910886e+01,4.511380e-01,1.488404e-03
hvof_phi1p0_air50,1,0.5,0.01,3075,6.871131e-01,2.748452e+00,2.259838e+01,4.990980e-01,2.376731e-03
hvof_phi1p0_air50,1,0.5,0.01,3100,1.818343e+00,7.273374e+00,2.735956e+01,5.626880e-01,6.289669e-03
hvof_phi1p0_air50,1,0.5,0.01,3125,3.886550e+00,1.000000e+01,2.880550e+01,6.479730e-01,1.344362e-02
hvof_phi1p0_air50,1,0.5,0.01,3150,6.112620e+00,1.000000e+01,2.927890e+01,7.642220e-01,2.114362e-02
hvof_phi1p0_air50,1,0.5,0.01,3175,9.230370e+00,1.000000e+01,2.963350e+01,9.263430e-01,3.192795e-02
hvof_phi1p0_air50,1,0.5,0.01,3200,1.373690e+01,1.000000e+01,2.987140e+01,1.159970e+00,4.751608e-02
hvof_phi1p0_air50,1,0.5,0.01,3225,2.056170e+01,1.000000e+01,3.000110e+01,1.513260e+00,7.112314e-02
hvof_phi1p0_air50,1,0.5,0.01,3250,3.167060e+01,1.000000e+01,3.003480e+01,2.088660e+00,1.095489e-01
hvof_phi1p0_air50,1,0.5,0.01,3275,5.207140e+01,1.000000e+01,2.998790e+01,3.149390e+00,1.801155e-01
hvof_phi1p0_air50,1,0.5,0.01,3300,9.942230e+01,1.000000e+01,2.987570e+01,5.635490e+00,3.439028e-01
hvof_phi1p0_air50,1,0.5,0.01,3325,3.123730e+02,1.000000e+01,2.971210e+01,1.712020e+01,1.080502e+00
hvof_phi1p0_air50,1,0.5,0.01,3350,1.000000e+03,1.000000e+01,2.980160e+01,2.000000e+02,3.459011e+00
hvof_phi1p0_air50,1,0.5,0.01,3375,1.000000e+03,1.000000e+01,3.008960e+01,2.000000e+02,3.459011e+00
hvof_phi1p0_air50,1,0.5,0.01,3400,1.000000e+03,1.000000e+01,3.040000e+01,2.000000e+02,3.459011e+00
hvof_phi1p0_air50,1,0.5,0.01,3425,1.000000e+03,1.000000e+01,3.073510e+01,2.000000e+02,3.459011e+00
hvof_phi1p0_air50,1,0.5,0.01,3450,1.000000e+03,1.000000e+01,3.109710e+01,2.000000e+02,3.459011e+00
hvof_phi1p0_air50,1,0.5,0.01,3475,1.000000e+03,1.000000e+01,3.148870e+01,2.000000e+02,3.459011e+00
hvof_phi1p0_air50,1,0.5,0.01,3500,1.000000e+03,1.000000e+01,3.191240e+01,2.000000e+02,3.459011e+00
hvof_phi1p0_air50,1,0.5,0.01,3525,1.000000e+03,1.000000e+01,3.237120e+01,2.000000e+02,3.459011e+00
hvof_phi1p0_air50,1,0.5,0.01,3550,1.000000e+03,1.000000e+01,3.286810e+01,2.000000e+02,3.459011e+00
hvof_phi1p0_air50,1,0.5,0.01,3575,1.000000e+03,1.000000e+01,3.340610e+01,2.000000e+02,3.459011e+00
hvof_phi1p0_air50,1,0.5,0.01,3600,1.000000e+03,1.000000e+01,3.398850e+01,2.000000e+02,3.459011e+00
hvof_phi1p0_air50,1,0.5,0.01,3625,1.000000e+03,1.000000e+01,3.461870e+01,2.000000e+02,3.459011e+00
hvof_phi1p0_air50,1,0.5,0.01,3650,1.000000e+03,1.000000e+01,3.529980e+01,2.000000e+02,3.459011e+00
hvof_phi1p0_air50,1,0.5,0.01,3675,1.000000e+03,1.000000e+01,3.603500e+01,2.000000e+02,3.459011e+00
hvof_phi1p0_air50,1,0.5,0.01,3700,1.000000e+03,1.000000e+01,3.682710e+01,2.000000e+02,3.459011e+00
hvof_phi1p0_air50,1,0.5,0.01,3725,1.000000e+03,1.000000e+01,3.767880e+01,2.000000e+02,3.459011e+00
hvof_phi1p0_air50,1,0.5,0.01,3750,1.000000e+03,1.000000e+01,3.859180e+01,2.000000e+02,3.459011e+00
hvof_phi1p0_air50,1,0.5,0.01,3775,1.000000e+03,1.000000e+01,3.956730e+01,2.000000e+02,3.459011e+00
hvof_phi1p0_air50,1,0.5,0.01,3800,1.000000e+03,1.000000e+01,4.060500e+01,2.000000e+02,3.459011e+00
hvof_phi1p0_air50,1,0.5,0.01,3825,1.000000e+03,1.000000e+01,4.170340e+01,2.000000e+02,3.459011e+00
hvof_phi1p0_air50,1,0.5,0.01,3850,1.000000e+03,1.000000e+01,4.285940e+01,2.000000e+02,3.459011e+00
hvof_phi1p0_air50,1,0.5,0.01,3875,1.000000e+03,1.000000e+01,4.406760e+01,2.000000e+02,3.459011e+00
hvof_phi1p0_air50,1,0.5,0.01,3900,1.000000e+03,1.000000e+01,4.532060e+01,2.000000e+02,3.459011e+00
hvof_phi1p0_air50,1,0.5,0.01,3925,1.000000e+03,1.000000e+01,4.660890e+01,2.000000e+02,3.459011e+00
hvof_phi1p0_air50,1,0.5,0.01,3950,1.000000e+03,1.000000e+01,4.792060e+01,2.000000e+02,3.459011e+00
hvof_phi1p0_air50,1,0.5,0.01,3975,1.000000e+03,1.000000e+01,4.924250e+01,2.000000e+02,3.459011e+00
hvof_phi1p0_air50,1,0.5,0.01,4000,1.000000e+03,1.000000e+01,5.055990e+01,2.000000e+02,3.459011e+00
hvof_phi1p0_air50,1,0.5,1,300,1.169343e-02,4.677371e-02,-6.454253e+00,4.461570e-02,4.044769e-05
hvof_phi1p0_air50,1,0.5,1,325,1.190549e-02,4.762196e-02,-6.424109e+00,4.514540e-02,4.118122e-05
hvof_phi1p0_air50,1,0.5,1,350,1.214978e-02,4.859912e-02,-6.392476e+00,4.581450e-02,4.202622e-05
hvof_phi1p0_air50,1,0.5,1,375,1.241084e-02,4.964335e-02,-6.359267e+00,4.661070e-02,4.292922e-05
hvof_phi1p0_air50,1,0.5,1,400,1.267449e-02,5.069796e-02,-6.324456e+00,4.751510e-02,4.384120e-05
hvof_phi1p0_air50,1,0.5,1,425,1.305704e-02,5.222815e-02,-6.289978e+00,4.850750e-02,4.516443e-05
hvof_phi1p0_air50,1,0.5,1,450,1.355155e-02,5.420618e-02,-6.255706e+00,4.956950e-02,4.687494e-05
hvof_phi1p0_air50,1,0.5,1,475,1.407529e-02,5.630117e-02,-6.220404e+00,5.068690e-02,4.868658e-05
hvof_phi1p0_air50,1,0.5,1,500,1.462225e-02,5.848900e-02,-6.183874e+00,5.185110e-02,5.057852e-05
hvof_phi1p0_air50,1,0.5,1,525,1.518821e-02,6.075285e-02,-6.145828e+00,5.306010e-02,5.253619e-05
hvof_phi1p0_air50,1,0.5,1,550,1.577122e-02,6.308487e-02,-6.105847e+00,5.431860e-02,5.455281e-05
hvof_phi1p0_air50,1,0.5,1,575,1.637201e-02,6.548803e-02,-6.063356e+00,5.564020e-02,5.663095e-05
hvof_phi1p0_air50,1,0.5,1,600,1.699520e-02,6.798078e-02,-6.017623e+00,5.704900e-02,5.878657e-05
hvof_phi1p0_air50,1,0.5,1,625,1.765373e-02,7.061493e-02,-5.967602e+00,5.858460e-02,6.106445e-05
hvof_phi1p0_air50,1,0.5,1,650,1.837274e-02,7.349097e-02,-5.911848e+00,6.030700e-02,6.355151e-05
hvof_phi1p0_air50,1,0.5,1,675,1.917187e-02,7.668748e-02,-5.848910e+00,6.230450e-02,6.631570e-05
hvof_phi1p0_air50,1,0.5,1,700,2.009525e-02,8.038101e-02,-5.776578e+00,6.470220e-02,6.950969e-05
hvof_phi1p0_air50,1,0.5,1,725,2.120605e-02,8.482419e-02,-5.691949e+00,6.767060e-02,7.335195e-05
hvof_phi1p0_air50,1,0.5,1,750,2.259030e-02,9.036120e-02,-5.591273e+00,7.143370e-02,7.814009e-05
hvof_phi1p0_air50,1,0.5,1,775,2.436087e-02,9.744350e-02,-5.469819e+00,7.627390e-02,8.426453e-05
hvof_phi1p0_air50,1,0.5,1,800,2.668289e-02,1.067316e-01,-5.321293e+00,8.252950e-02,9.229642e-05
hvof_phi1p0_air50,1,0.5,1,825,2.971721e-02,1.188689e-01,-5.139602e+00,9.058110e-02,1.027922e-04
hvof_phi1p0_air50,1,0.5,1,850,3.365015e-02,1.346006e-01,-4.918623e+00,1.008150e-01,1.163962e-04
hvof_phi1p0_air50,1,0.5,1,875,3.869607e-02,1.547843e-01,-4.652996e+00,1.135580e-01,1.338501e-04
hvof_phi1p0_air50,1,0.5,1,900,4.505243e-02,1.802097e-01,-4.340504e+00,1.289620e-01,1.558368e-04
hvof_phi1p0_air50,1,0.5,1,925,5.275025e-02,2.110010e-01,-3.986774e+00,1.468620e-01,1.824637e-04
hvof_phi1p0_air50,1,0.5,1,950,6.165195e-02,2.466078e-01,-3.605045e+00,1.666280e-01,2.132547e-04
hvof_phi1p0_air50,1,0.5,1,975,7.132395e-02,2.852958e-01,-3.217177e+00,1.871210e-01,2.467103e-04
hvof_phi1p0_air50,1,0.5,1,1000,8.102642e-02,3.241057e-01,-2.849365e+00,2.068760e-01,2.802713e-04
hvof_phi1p0_air50,1,0.5,1,1025,9.000854e-02,3.600342e-01,-2.522953e+00,2.244990e-01,3.113405e-04
hvof_phi1p0_air50,1,0.5,1,1050,9.765622e-02,3.906249e-01,-2.249425e+00,2.390970e-01,3.377939e-04
hvof_phi1p0_air50,1,0.5,1,1075,1.037431e-01,4.149722e-01,-2.029132e+00,2.504430e-01,3.588484e-04
hvof_phi1p0_air50,1,0.5,1,1100,1.083335e-01,4.333338e-01,-1.855047e+00,2.588450e-01,3.747266e-04
hvof_phi1p0_air50,1,0.5,1,1125,1.116702e-01,4.466807e-01,-1.717275e+00,2.648690e-01,3.862683e-04
hvof_phi1p0_air50,1,0.5,1,1150,1.140428e-01,4.561710e-01,-1.606441e+00,2.691080e-01,3.944751e-04
hvof_phi1p0_air50,1,0.5,1,1175,1.157114e-01,4.628455e-01,-1.514890e+00,2.720670e-01,4.002469e-04
hvof_phi1p0_air50,1,0.5,1,1200,1.168805e-01,4.675220e-01,-1.436865e+00,2.741310e-01,4.042909e-04
hvof_phi1p0_air50,1,0.5,1,1225,1.177013e-01,4.708050e-01,-1.368259e+00,2.755780e-01,4.071299e-04
hvof_phi1p0_air50,1,0.5,1,1250,1.182801e-01,4.731202e-01,-1.306191e+00,2.766000e-01,4.091320e-04
hvof_phi1p0_air50,1,0.5,1,1275,1.186915e-01,4.747660e-01,-1.248679e+00,2.773290e-01,4.105552e-04
hvof_phi1p0_air50,1,0.5,1,1300,1.189871e-01,4.759483e-01,-1.194330e+00,2.778560e-01,4.115776e-04
hvof_phi1p0_air50,1,0.5,1,1325,1.192017e-01,4.768070e-01,-1.142199e+00,2.782410e-01,4.123201e-04
hvof_phi1p0_air50,1,0.5,1,1350,1.193596e-01,4.774385e-01,-1.091618e+00,2.785260e-01,4.128662e-04
hvof_phi1p0_air50,1,0.5,1,1375,1.194787e-01,4.779148e-01,-1.042111e+00,2.787420e-01,4.132781e-04
hvof_phi1p0_air50,1,0.5,1,1400,1.195698e-01,4.782791e-01,-9.933532e-01,2.789080e-01,4.135932e-04
hvof_phi1p0_air50,1,0.5,1,1425,1.196424e-01,4.785697e-01,-9.450982e-01,2.790400e-01,4.138444e-04
hvof_phi1p0_air50,1,0.5,1,1450,1.197019e-01,4.788075e-01,-8.971703e-01,2.791460e-01,4.140501e-04
hvof_phi1p0_air50,1,0.5,1,1475,1.197528e-01,4.790113e-01,-8.494396e-01,2.792360e-01,4.142263e-04
hvof_phi1p0_air50,1,0.5,1,1500,1.197990e-01,4.791959e-01,-8.018055e-01,2.793130e-01,4.143859e-04
hvof_phi1p0_air50,1,0.5,1,1525,1.198425e-01,4.793699e-01,-7.541917e-01,2.793830e-01,4.145364e-04
hvof_phi1p0_air50,1,0.5,1,1550,1.198854e-01,4.795418e-01,-7.065364e-01,2.794490e-01,4.146850e-04
hvof_phi1p0_air50,1,0.5,1,1575,1.199297e-01,4.797189e-01,-6.587910e-01,2.795140e-01,4.148382e-04
hvof_phi1p0_air50,1,0.5,1,1600,1.199760e-01,4.799039e-01,-6.109127e-01,2.795780e-01,4.149982e-04
hvof_phi1p0_air50,1,0.5,1,1625,1.200260e-01,4.801040e-01,-5.628630e-01,2.796450e-01,4.151712e-04
hvof_phi1p0_air50,1,0.5,1,1650,1.200807e-01,4.803228e-01,-5.146086e-01,2.797150e-01,4.153604e-04
hvof_phi1p0_air50,1,0.5,1,1675,1.201405e-01,4.805619e-01,-4.661180e-01,2.797890e-01,4.155671e-04
hvof_phi1p0_air50,1,0.5,1,1700,1.202069e-01,4.808275e-01,-4.173589e-01,2.798700e-01,4.157969e-04
hvof_phi1p0_air50,1,0.5,1,1725,1.202805e-01,4.811221e-01,-3.682998e-01,2.799570e-01,4.160516e-04
hvof_phi1p0_air50,1,0.5,1,1750,1.203622e-01,4.814489e-01,-3.189085e-01,2.800520e-01,4.163342e-04
hvof_phi1p0_air50,1,0.5,1,1775,1.204528e-01,4.818113e-01,-2.691527e-01,2.801560e-01,4.166476e-04
hvof_phi1p0_air50,1,0.5,1,1800,1.205536e-01,4.822143e-01,-2.189950e-01,2.802700e-01,4.169961e-04
hvof_phi1p0_air50,1,0.5,1,1825,1.206646e-01,4.826585e-01,-1.684012e-01,2.803950e-01,4.173802e-04
hvof_phi1p0_air50,1,0.5,1,1850,1.207879e-01,4.831518e-01,-1.173277e-01,2.805310e-01,4.178068e-04
hvof_phi1p0_air50,1,0.5,1,1875,1.209233e-01,4.836931e-01,-6.573533e-02,2.806790e-01,4.182749e-04
hvof_phi1p0_air50,1,0.5,1,1900,1.210728e-01,4.842910e-01,-1.357548e-02,2.808420e-01,4.187920e-04
hvof_phi1p0_air50,1,0.5,1,1925,1.212371e-01,4.849486e-01,3.920070e-02,2.810180e-01,4.193606e-04
hvof_phi1p0_air50,1,0.5,1,1950,1.214171e-01,4.856682e-01,9.264450e-02,2.812100e-01,4.199829e-04
hvof_phi1p0_air50,1,0.5,1,1975,1.216142e-01,4.864569e-01,1.468141e-01,2.814190e-01,4.206649e-04
hvof_phi1p0_air50,1,0.5,1,2000,1.218296e-01,4.873184e-01,2.017710e-01,2.816440e-01,4.214099e-04
hvof_phi1p0_air50,1,0.5,1,2025,1.220646e-01,4.882583e-01,2.575791e-01,2.818890e-01,4.222227e-04
hvof_phi1p0_air50,1,0.5,1,2050,1.223200e-01,4.892802e-01,3.143091e-01,2.821520e-01,4.231063e-04
hvof_phi1p0_air50,1,0.5,1,2075,1.225982e-01,4.903929e-01,3.720368e-01,2.824360e-01,4.240686e-04
hvof_phi1p0_air50,1,0.5,1,2100,1.228998e-01,4.915993e-01,4.308389e-01,2.827410e-01,4.251118e-04
hvof_phi1p0_air50,1,0.5,1,2125,1.232267e-01,4.929068e-01,4.908037e-01,2.830690e-01,4.262424e-04
hvof_phi1p0_air50,1,0.5,1,2150,1.235803e-01,4.943211e-01,5.520184e-01,2.834200e-01,4.274655e-04
hvof_phi1p0_air50,1,0.5,1,2175,1.239621e-01,4.958485e-01,6.145808e-01,2.837950e-01,4.287863e-04
hvof_phi1p0_air50,1,0.5,1,2200,1.243743e-01,4.974970e-01,6.785903e-01,2.841960e-01,4.302119e-04
hvof_phi1p0_air50,1,0.5,1,2225,1.248183e-01,4.992731e-01,7.441554e-01,2.846230e-01,4.317478e-04
hvof_phi1p0_air50,1,0.5,1,2250,1.252955e-01,5.011822e-01,8.112665e-01,2.850780e-01,4.333986e-04
hvof_phi1p0_air50,1,0.5,1,2275,1.258082e-01,5.032328e-01,8.800640e-01,2.855600e-01,4.351719e-04
hvof_phi1p0_air50,1,0.5,1,2300,1.263582e-01,5.054329e-01,9.507423e-01,2.860720e-01,4.370744e-04
hvof_phi1p0_air50,1,0.5,1,2325,1.269478e-01,5.077914e-01,1.023430e+00,2.866140e-01,4.391140e-04
hvof_phi1p0_air50,1,0.5,1,2350,1.275790e-01,5.103160e-01,1.098264e+00,2.871870e-01,4.412972e-04
hvof_phi1p0_air50,1,0.5,1,2375,1.282538e-01,5.130150e-01,1.175373e+00,2.877910e-01,4.436311e-04
hvof_phi1p0_air50,1,0.5,1,2400,1.289745e-01,5.158979e-01,1.254914e+00,2.884280e-01,4.461241e-04
hvof_phi1p0_air50,1,0.5,1,2425,1.297436e-01,5.189742e-01,1.337032e+00,2.890970e-01,4.487844e-04
hvof_phi1p0_air50,1,0.5,1,2450,1.305636e-01,5.222544e-01,1.421894e+00,2.898000e-01,4.516209e-04
hvof_phi1p0_air50,1,0.5,1,2475,1.314367e-01,5.257467e-01,1.509657e+00,2.905370e-01,4.546409e-04
hvof_phi1p0_air50,1,0.5,1,2500,1.323657e-01,5.294628e-01,1.600493e+00,2.913090e-01,4.578543e-04
hvof_phi1p0_air50,1,0.5,1,2525,1.333532e-01,5.334128e-01,1.694583e+00,2.921160e-01,4.612701e-04
hvof_phi1p0_air50,1,0.5,1,2550,1.344025e-01,5.376100e-01,1.792108e+00,2.929570e-01,4.648996e-04
hvof_phi1p0_air50,1,0.5,1,2575,1.355158e-01,5.420633e-01,1.893256e+00,2.938350e-01,4.687507e-04
hvof_phi1p0_air50,1,0.5,1,2600,1.366964e-01,5.467858e-01,1.998240e+00,2.947470e-01,4.728345e-04
hvof_phi1p0_air50,1,0.5,1,2625,1.379482e-01,5.517926e-01,2.107248e+00,2.956960e-01,4.771641e-04
hvof_phi1p0_air50,1,0.5,1,2650,1.392741e-01,5.570963e-01,2.220516e+00,2.966800e-01,4.817505e-04
hvof_phi1p0_air50,1,0.5,1,2675,1.406779e-01,5.627115e-01,2.338271e+00,2.977010e-01,4.866063e-04
hvof_phi1p0_air50,1,0.5,1,2700,1.421632e-01,5.686528e-01,2.460732e+00,2.987570e-01,4.917441e-04
hvof_phi1p0_air50,1,0.5,1,2725,1.437349e-01,5.749397e-01,2.588161e+00,2.998490e-01,4.971806e-04
hvof_phi1p0_air50,1,0.5,1,2750,1.453971e-01,5.815884e-01,2.720826e+00,3.009770e-01,5.029302e-04
hvof_phi1p0_air50,1,0.5,1,2775,1.471553e-01,5.886211e-01,2.859004e+00,3.021420e-01,5.090117e-04
hvof_phi1p0_air50,1,0.5,1,2800,1.490149e-01,5.960597e-01,3.003004e+00,3.033450e-01,5.154442e-04
hvof_phi1p0_air50,1,0.5,1,2825,1.509782e-01,6.039130e-01,3.152373e+00,3.045850e-01,5.222353e-04
hvof_phi1p0_air50,1,0.5,1,2850,1.530515e-01,6.122061e-01,3.307295e+00,3.058650e-01,5.294069e-04
hvof_phi1p0_air50,1,0.5,1,2875,1.552468e-01,6.209871e-01,3.468862e+00,3.071850e-01,5.370003e-04
hvof_phi1p0_air50,1,0.5,1,2900,1.575728e-01,6.302914e-01,3.637488e+00,3.085500e-01,5.450462e-04
hvof_phi1p0_air50,1,0.5,1,2925,1.600406e-01,6.401623e-01,3.813630e+00,3.099620e-01,5.535821e-04
hvof_phi1p0_air50,1,0.5,1,2950,1.626635e-01,6.506538e-01,3.997808e+00,3.114260e-01,5.626546e-04
hvof_phi1p0_air50,1,0.5,1,2975,1.654565e-01,6.618259e-01,4.190611e+00,3.129480e-01,5.723158e-04
hvof_phi1p0_air50,1,0.5,1,3000,1.684389e-01,6.737557e-01,4.392734e+00,3.145360e-01,5.826321e-04
hvof_phi1p0_air50,1,0.5,1,3025,1.716329e-01,6.865314e-01,4.604977e+00,3.161990e-01,5.936799e-04
hvof_phi1p0_air50,1,0.5,1,3050,1.750658e-01,7.002632e-01,4.828238e+00,3.179520e-01,6.055544e-04
hvof_phi1p0_air50,1,0.5,1,3075,1.787535e-01,7.150141e-01,5.060088e+00,3.198100e-01,6.183104e-04
hvof_phi1p0_air50,1,0.5,1,3100,1.827536e-01,7.310144e-01,5.304893e+00,3.217930e-01,6.321467e-04
hvof_phi1p0_air50,1,0.5,1,3125,1.871200e-01,7.484801e-01,5.564236e+00,3.239270e-01,6.472502e-04
hvof_phi1p0_air50,1,0.5,1,3150,1.919182e-01,7.676728e-01,5.839996e+00,3.262410e-01,6.638471e-04
hvof_phi1p0_air50,1,0.5,1,3175,1.972326e-01,7.889306e-01,6.134527e+00,3.287750e-01,6.822298e-04
hvof_phi1p0_air50,1,0.5,1,3200,2.031537e-01,8.126148e-01,6.447434e+00,3.315740e-01,7.027108e-04
hvof_phi1p0_air50,1,0.5,1,3225,2.098170e-01,8.392679e-01,6.781597e+00,3.346960e-01,7.257591e-04
hvof_phi1p0_air50,1,0.5,1,3250,2.174164e-01,8.696657e-01,7.144067e+00,3.382080e-01,7.520458e-04
hvof_phi1p0_air50,1,0.5,1,3275,2.261839e-01,9.047356e-01,7.539114e+00,3.421940e-01,7.823725e-04
hvof_phi1p0_air50,1,0.5,1,3300,2.363923e-01,9.455693e-01,7.965385e+00,3.467560e-01,8.176836e-04
hvof_phi1p0_air50,1,0.5,1,3325,2.485132e-01,9.940529e-01,8.438899e+00,3.520150e-01,8.596099e-04
hvof_phi1p0_air50,1,0.5,1,3350,2.630414e-01,1.052166e+00,8.952443e+00,3.581190e-01,9.098632e-04
hvof_phi1p0_air50,1,0.5,1,3375,2.808920e-01,1.123568e+00,9.531930e+00,3.652470e-01,9.716083e-04
hvof_phi1p0_air50,1,0.5,1,3400,3.032910e-01,1.213164e+00,1.019258e+01,3.736150e-01,1.049087e-03
hvof_phi1p0_air50,1,0.5,1,3425,3.318720e-01,1.327488e+00,1.091661e+01,3.834850e-01,1.147949e-03
hvof_phi1p0_air50,1,0.5,1,3450,3.699042e-01,1.479617e+00,1.177765e+01,3.951770e-01,1.279503e-03
hvof_phi1p0_air50,1,0.5,1,3475,4.218813e-01,1.687525e+00,1.273098e+01,4.090790e-01,1.459292e-03
hvof_phi1p0_air50,1,0.5,1,3500,4.973810e-01,1.989524e+00,1.387239e+01,4.256690e-01,1.720446e-03
hvof_phi1p0_air50,1,0.5,1,3525,6.148931e-01,2.459572e+00,1.520532e+01,4.455380e-01,2.126922e-03
hvof_phi1p0_air50,1,0.5,1,3550,8.192825e-01,3.277130e+00,1.674261e+01,4.694200e-01,2.833907e-03
hvof_phi1p0_air50,1,0.5,1,3575,1.255660e+00,5.022640e+00,1.859233e+01,4.982340e-01,4.343342e-03
hvof_phi1p0_air50,1,0.5,1,3600,2.560470e+00,1.000000e+01,2.069640e+01,5.331530e-01,8.856693e-03
hvof_phi1p0_air50,1,0.5,1,3625,3.344460e+00,1.000000e+01,2.149060e+01,5.756810e-01,1.156852e-02
hvof_phi1p0_air50,1,0.5,1,3650,4.296700e+00,1.000000e+01,2.230150e+01,6.277850e-01,1.486233e-02
hvof_phi1p0_air50,1,0.5,1,3675,5.464350e+00,1.000000e+01,2.312240e+01,6.920840e-01,1.890125e-02
hvof_phi1p0_air50,1,0.5,1,3700,6.911970e+00,1.000000e+01,2.394520e+01,7.721420e-01,2.390858e-02
hvof_phi1p0_air50,1,0.5,1,3725,8.730130e+00,1.000000e+01,2.476030e+01,8.729290e-01,3.019761e-02
hvof_phi1p0_air50,1,0.5,1,3750,1.104990e+01,1.000000e+01,2.555650e+01,1.001600e+00,3.822172e-02
hvof_phi1p0_air50,1,0.5,1,3775,1.406770e+01,1.000000e+01,2.632200e+01,1.168840e+00,4.866033e-02
hvof_phi1p0_air50,1,0.5,1,3800,1.809190e+01,1.000000e+01,2.704400e+01,1.391350e+00,6.258008e-02
hvof_phi1p0_air50,1,0.5,1,3825,2.363410e+01,1.000000e+01,2.770960e+01,1.696730e+00,8.175061e-02
hvof_phi1p0_air50,1,0.5,1,3850,3.160700e+01,1.000000e+01,2.830580e+01,2.134200e+00,1.093290e-01
hvof_phi1p0_air50,1,0.5,1,3875,4.380780e+01,1.000000e+01,2.881990e+01,2.800620e+00,1.515316e-01
hvof_phi1p0_air50,1,0.5,1,3900,6.431330e+01,1.000000e+01,2.923920e+01,3.916280e+00,2.224604e-01
hvof_phi1p0_air50,1,0.5,1,3925,1.047020e+02,1.000000e+01,2.955030e+01,6.110950e+00,3.621653e-01
hvof_phi1p0_air50,1,0.5,1,3950,2.155560e+02,1.000000e+01,2.973810e+01,1.217430e+01,7.456105e-01
hvof_phi1p0_air50,1,0.5,1,3975,1.000000e+03,1.000000e+01,2.980100e+01,8.463220e+01,3.459011e+00
hvof_phi1p0_air50,1,0.5,1,4000,1.000000e+03,1.000000e+01,2.998490e+01,2.000000e+02,3.459011e+00
hvof_phi1p3_air25,1.3,0.25,0.01,300,0.000000e+00,0.000000e+00,-8.326290e+00,0.000000e+00,0.000000e+00
hvof_phi1p3_air25,1.3,0.25,0.01,325,0.000000e+00,0.000000e+00,-8.281370e+00,0.000000e+00,0.000000e+00
hvof_phi1p3_air25,1.3,0.25,0.01,350,0.000000e+00,0.000000e+00,-8.232240e+00,0.000000e+00,0.000000e+00
hvof_phi1p3_air25,1.3,0.25,0.01,375,0.000000e+00,0.000000e+00,-8.179110e+00,0.000000e+00,0.000000e+00
hvof_phi1p3_air25,1.3,0.25,0.01,400,0.000000e+00,0.000000e+00,-8.121960e+00,0.000000e+00,0.000000e+00
hvof_phi1p3_air25,1.3,0.25,0.01,425,0.000000e+00,0.000000e+00,-8.060280e+00,0.000000e+00,0.000000e+00
hvof_phi1p3_air25,1.3,0.25,0.01,450,0.000000e+00,0.000000e+00,-7.992890e+00,0.000000e+00,0.000000e+00
hvof_phi1p3_air25,1.3,0.25,0.01,475,0.000000e+00,0.000000e+00,-7.918030e+00,0.000000e+00,0.000000e+00
hvof_phi1p3_air25,1.3,0.25,0.01,500,0.000000e+00,0.000000e+00,-7.833370e+00,0.000000e+00,0.000000e+00
hvof_phi1p3_air25,1.3,0.25,0.01,525,0.000000e+00,0.000000e+00,-7.736350e+00,0.000000e+00,0.000000e+00
hvof_phi1p3_air25,1.3,0.25,0.01,550,0.000000e+00,0.000000e+00,-7.624330e+00,0.000000e+00,0.000000e+00
hvof_phi1p3_air25,1.3,0.25,0.01,575,2.453875e-04,9.815498e-04,-7.496587e+00,2.580520e-04,8.487978e-07
hvof_phi1p3_air25,1.3,0.25,0.01,600,2.757437e-03,1.102975e-02,-7.362417e+00,6.147960e-03,9.538005e-06
hvof_phi1p3_air25,1.3,0.25,0.01,625,4.151041e-03,1.660416e-02,-7.191575e+00,1.316300e-02,1.435849e-05
hvof_phi1p3_air25,1.3,0.25,0.01,650,7.004081e-03,2.801633e-02,-6.989706e+00,2.182540e-02,2.422719e-05
hvof_phi1p3_air25,1.3,0.25,0.01,675,1.090668e-02,4.362670e-02,-6.736493e+00,3.292580e-02,3.772631e-05
hvof_phi1p3_air25,1.3,0.25,0.01,700,1.601033e-02,6.404133e-02,-6.408698e+00,4.758110e-02,5.537991e-05
hvof_phi1p3_air25,1.3,0.25,0.01,725,2.333606e-02,9.334423e-02,-5.981602e+00,6.714810e-02,8.071968e-05
hvof_phi1p3_air25,1.3,0.25,0.01,750,3.352902e-02,1.341161e-01,-5.437330e+00,9.281080e-02,1.159772e-04
hvof_phi1p3_air25,1.3,0.25,0.01,775,4.701014e-02,1.880406e-01,-4.788899e+00,1.246490e-01,1.626086e-04
hvof_phi1p3_air25,1.3,0.25,0.01,800,6.306781e-02,2.522712e-01,-4.101528e+00,1.603720e-01,2.181522e-04
hvof_phi1p3_air25,1.3,0.25,0.01,825,7.932978e-02,3.173191e-01,-3.479015e+00,1.950280e-01,2.744026e-04
hvof_phi1p3_air25,1.3,0.25,0.01,850,9.290618e-02,3.716247e-01,-3.000114e+00,2.233450e-01,3.213635e-04
hvof_phi1p3_air25,1.3,0.25,0.01,875,1.024237e-01,4.096948e-01,-2.673261e+00,2.430530e-01,3.542846e-04
hvof_phi1p3_air25,1.3,0.25,0.01,900,1.083352e-01,4.333410e-01,-2.461734e+00,2.552580e-01,3.747328e-04
hvof_phi1p3_air25,1.3,0.25,0.01,925,1.117818e-01,4.471270e-01,-2.322009e+00,2.623420e-01,3.866543e-04
hvof_phi1p3_air25,1.3,0.25,0.01,950,1.137459e-01,4.549836e-01,-2.223427e+00,2.663530e-01,3.934483e-04
hvof_phi1p3_air25,1.3,0.25,0.01,975,1.148667e-01,4.594667e-01,-2.147597e+00,2.686250e-01,3.973250e-04
hvof_phi1p3_air25,1.3,0.25,0.01,1000,1.155149e-01,4.620594e-01,-2.084291e+00,2.699290e-01,3.995671e-04
hvof_phi1p3_air25,1.3,0.25,0.01,1025,1.158967e-01,4.635867e-01,-2.027921e+00,2.706910e-01,4.008878e-04
hvof_phi1p3_air25,1.3,0.25,0.01,1050,1.161264e-01,4.645057e-01,-1.975451e+00,2.711470e-01,4.016826e-04
hvof_phi1p3_air25,1.3,0.25,0.01,1075,1.162678e-01,4.650714e-01,-1.925188e+00,2.714260e-01,4.021717e-04
hvof_phi1p3_air25,1.3,0.25,0.01,1100,1.163565e-01,4.654259e-01,-1.876172e+00,2.716000e-01,4.024783e-04
hvof_phi1p3_air25,1.3,0.25,0.01,1125,1.164137e-01,4.656549e-01,-1.827850e+00,2.717110e-01,4.026764e-04
hvof_phi1p3_air25,1.3,0.25,0.01,1150,1.164514e-01,4.658057e-01,-1.779904e+00,2.717840e-01,4.028067e-04
hvof_phi1p3_air25,1.3,0.25,0.01,1175,1.164768e-01,4.659074e-01,-1.732131e+00,2.718340e-01,4.028947e-04
hvof_phi1p3_air25,1.3,0.25,0.01,1200,1.164950e-01,4.659799e-01,-1.684413e+00,2.718680e-01,4.029574e-04
hvof_phi1p3_air25,1.3,0.25,0.01,1225,1.165083e-01,4.660330e-01,-1.636672e+00,2.718930e-01,4.030033e-04
hvof_phi1p3_air25,1.3,0.25,0.01,1250,1.165188e-01,4.660753e-01,-1.588860e+00,2.719120e-01,4.030399e-04
hvof_phi1p3_air25,1.3,0.25,0.01,1275,1.165277e-01,4.661107e-01,-1.540943e+00,2.719280e-01,4.030705e-04
hvof_phi1p3_air25,1.3,0.25,0.01,1300,1.165357e-01,4.661427e-01,-1.492897e+00,2.719420e-01,4.030982e-04
hvof_phi1p3_air25,1.3,0.25,0.01,1325,1.165437e-01,4.661747e-01,-1.444700e+00,2.719550e-01,4.031258e-04
hvof_phi1p3_air25,1.3,0.25,0.01,1350,1.165521e-01,4.662084e-01,-1.396344e+00,2.719680e-01,4.031550e-04
hvof_phi1p3_air25,1.3,0.25,0.01,1375,1.165612e-01,4.662450e-01,-1.347812e+00,2.719820e-01,4.031866e-04
hvof_phi1p3_air25,1.3,0.25,0.01,1400,1.165714e-01,4.662855e-01,-1.299083e+00,2.719980e-01,4.032217e-04
hvof_phi1p3_air25,1.3,0.25,0.01,1425,1.165832e-01,4.663330e-01,-1.250146e+00,2.720150e-01,4.032627e-04
hvof_phi1p3_air25,1.3,0.25,0.01,1450,1.165967e-01,4.663867e-01,-1.200985e+00,2.720350e-01,4.033091e-04
hvof_phi1p3_air25,1.3,0.25,0.01,1475,1.166121e-01,4.664484e-01,-1.151571e+00,2.720570e-01,4.033625e-04
hvof_phi1p3_air25,1.3,0.25,0.01,1500,1.166301e-01,4.665204e-01,-1.101882e+00,2.720830e-01,4.034247e-04
hvof_phi1p3_air25,1.3,0.25,0.01,1525,1.166511e-01,4.666044e-01,-1.051881e+00,2.721120e-01,4.034974e-04
hvof_phi1p3_air25,1.3,0.25,0.01,1550,1.166750e-01,4.666998e-01,-1.001543e+00,2.721460e-01,4.035799e-04
hvof_phi1p3_air25,1.3,0.25,0.01,1575,1.167021e-01,4.668084e-01,-9.508137e-01,2.721850e-01,4.036738e-04
hvof_phi1p3_air25,1.3,0.25,0.01,1600,1.167336e-01,4.669342e-01,-8.996464e-01,2.722290e-01,4.037826e-04
hvof_phi1p3_air25,1.3,0.25,0.01,1625,1.167692e-01,4.670766e-01,-8.479767e-01,2.722780e-01,4.039057e-04
hvof_phi1p3_air25,1.3,0.25,0.01,1650,1.168093e-01,4.672373e-01,-7.957363e-01,2.723350e-01,4.040447e-04
hvof_phi1p3_air25,1.3,0.25,0.01,1675,1.168551e-01,4.674204e-01,-7.428404e-01,2.723980e-01,4.042030e-04
hvof_phi1p3_air25,1.3,0.25,0.01,1700,1.169066e-01,4.676264e-01,-6.891954e-01,2.724690e-01,4.043812e-04
hvof_phi1p3_air25,1.3,0.25,0.01,1725,1.169647e-01,4.678589e-01,-6.346897e-01,2.725490e-01,4.045822e-04
hvof_phi1p3_air25,1.3,0.25,0.01,1750,1.170297e-01,4.681189e-01,-5.791994e-01,2.726380e-01,4.048070e-04
hvof_phi1p3_air25,1.3,0.25,0.01,1775,1.171026e-01,4.684105e-01,-5.225813e-01,2.727370e-01,4.050592e-04
hvof_phi1p3_air25,1.3,0.25,0.01,1800,1.171839e-01,4.687355e-01,-4.646742e-01,2.728470e-01,4.053403e-04
hvof_phi1p3_air25,1.3,0.25,0.01,1825,1.172742e-01,4.690968e-01,-4.052971e-01,2.729690e-01,4.056527e-04
hvof_phi1p3_air25,1.3,0.25,0.01,1850,1.173746e-01,4.694986e-01,-3.442442e-01,2.731030e-01,4.060002e-04
hvof_phi1p3_air25,1.3,0.25,0.01,1875,1.174856e-01,4.699424e-01,-2.812896e-01,2.732510e-01,4.063840e-04
hvof_phi1p3_air25,1.3,0.25,0.01,1900,1.176082e-01,4.704327e-01,-2.161806e-01,2.734130e-01,4.068079e-04
hvof_phi1p3_air25,1.3,0.25,0.01,1925,1.177434e-01,4.709734e-01,-1.486366e-01,2.735910e-01,4.072755e-04
hvof_phi1p3_air25,1.3,0.25,0.01,1950,1.178918e-01,4.715670e-01,-7.835148e-02,2.737850e-01,4.077888e-04
hvof_phi1p3_air25,1.3,0.25,0.01,1975,1.180546e-01,4.722183e-01,-4.986566e-03,2.739970e-01,4.083520e-04
hvof_phi1p3_air25,1.3,0.25,0.01,2000,1.182332e-01,4.729326e-01,7.182850e-02,2.742270e-01,4.089698e-04
hvof_phi1p3_air25,1.3,0.25,0.01,2025,1.184279e-01,4.737115e-01,1.524907e-01,2.744760e-01,4.096433e-04
hvof_phi1p3_air25,1.3,0.25,0.01,2050,1.186401e-01,4.745604e-01,2.374348e-01,2.747460e-01,4.103774e-04
hvof_phi1p3_air25,1.3,0.25,0.01,2075,1.188709e-01,4.754835e-01,3.271283e-01,2.750370e-01,4.111757e-04
hvof_phi1p3_air25,1.3,0.25,0.01,2100,1.191214e-01,4.764855e-01,4.220719e-01,2.753500e-01,4.120421e-04
hvof_phi1p3_air25,1.3,0.25,0.01,2125,1.193926e-01,4.775704e-01,5.228003e-01,2.756860e-01,4.129803e-04
hvof_phi1p3_air25,1.3,0.25,0.01,2150,1.196856e-01,4.787424e-01,6.298802e-01,2.760460e-01,4.139938e-04
hvof_phi1p3_air25,1.3,0.25,0.01,2175,1.200012e-01,4.800049e-01,7.439107e-01,2.764310e-01,4.150855e-04
hvof_phi1p3_air25,1.3,0.25,0.01,2200,1.203410e-01,4.813640e-01,8.655253e-01,2.768400e-01,4.162608e-04
hvof_phi1p3_air25,1.3,0.25,0.01,2225,1.207059e-01,4.828238e-01,9.953834e-01,2.772760e-01,4.175232e-04
hvof_phi1p3_air25,1.3,0.25,0.01,2250,1.210962e-01,4.843850e-01,1.134160e+00,2.777370e-01,4.188732e-04
hvof_phi1p3_air25,1.3,0.25,0.01,2275,1.215134e-01,4.860537e-01,1.282570e+00,2.782250e-01,4.203163e-04
hvof_phi1p3_air25,1.3,0.25,0.01,2300,1.219582e-01,4.878329e-01,1.441331e+00,2.787380e-01,4.218548e-04
hvof_phi1p3_air25,1.3,0.25,0.01,2325,1.224312e-01,4.897248e-01,1.611182e+00,2.792790e-01,4.234909e-04
hvof_phi1p3_air25,1.3,0.25,0.01,2350,1.229333e-01,4.917331e-01,1.792859e+00,2.798450e-01,4.252275e-04
hvof_phi1p3_air25,1.3,0.25,0.01,2375,1.234651e-01,4.938605e-01,1.987094e+00,2.804380e-01,4.270672e-04
hvof_phi1p3_air25,1.3,0.25,0.01,2400,1.240272e-01,4.961088e-01,2.194610e+00,2.810580e-01,4.290114e-04
hvof_phi1p3_air25,1.3,0.25,0.01,2425,1.246208e-01,4.984830e-01,2.416129e+00,2.817030e-01,4.310645e-04
hvof_phi1p3_air25,1.3,0.25,0.01,2450,1.252469e-01,5.009875e-01,2.652098e+00,2.823760e-01,4.332303e-04
hvof_phi1p3_air25,1.3,0.25,0.01,2475,1.259063e-01,5.036251e-01,2.902994e+00,2.830770e-01,4.355112e-04
hvof_phi1p3_air25,1.3,0.25,0.01,2500,1.266021e-01,5.064084e-01,3.169704e+00,2.838090e-01,4.379180e-04
hvof_phi1p3_air25,1.3,0.25,0.01,2525,1.273372e-01,5.093489e-01,3.452773e+00,2.845750e-01,4.404608e-04
hvof_phi1p3_air25,1.3,0.25,0.01,2550,1.281172e-01,5.124687e-01,3.752723e+00,2.853830e-01,4.431587e-04
hvof_phi1p3_air25,1.3,0.25,0.01,2575,1.289493e-01,5.157970e-01,4.070019e+00,2.862400e-01,4.460369e-04
hvof_phi1p3_air25,1.3,0.25,0.01,2600,1.298439e-01,5.193757e-01,4.405165e+00,2.871610e-01,4.491315e-04
hvof_phi1p3_air25,1.3,0.25,0.01,2625,1.308172e-01,5.232688e-01,4.758660e+00,2.881660e-01,4.524981e-04
hvof_phi1p3_air25,1.3,0.25,0.01,2650,1.318906e-01,5.275623e-01,5.131154e+00,2.892810e-01,4.562109e-04
hvof_phi1p3_air25,1.3,0.25,0.01,2675,1.330956e-01,5.323825e-01,5.523503e+00,2.905460e-01,4.603792e-04
hvof_phi1p3_air25,1.3,0.25,0.01,2700,1.344756e-01,5.379023e-01,5.936918e+00,2.920120e-01,4.651524e-04
hvof_phi1p3_air25,1.3,0.25,0.01,2725,1.360911e-01,5.443645e-01,6.373216e+00,2.937490e-01,4.707407e-04
hvof_phi1p3_air25,1.3,0.25,0.01,2750,1.380250e-01,5.521000e-01,6.835085e+00,2.958500e-01,4.774300e-04
hvof_phi1p3_air25,1.3,0.25,0.01,2775,1.403930e-01,5.615719e-01,7.326546e+00,2.984400e-01,4.856208e-04
hvof_phi1p3_air25,1.3,0.25,0.01,2800,1.433541e-01,5.734163e-01,7.853492e+00,3.016790e-01,4.958633e-04
hvof_phi1p3_air25,1.3,0.25,0.01,2825,1.471300e-01,5.885199e-01,8.424502e+00,3.057820e-01,5.089241e-04
hvof_phi1p3_air25,1.3,0.25,0.01,2850,1.520303e-01,6.081213e-01,9.048044e+00,3.110240e-01,5.258745e-04
hvof_phi1p3_air25,1.3,0.25,0.01,2875,1.584991e-01,6.339965e-01,9.736498e+00,3.177650e-01,5.482502e-04
hvof_phi1p3_air25,1.3,0.25,0.01,2900,1.672024e-01,6.688095e-01,1.051966e+01,3.264710e-01,5.783548e-04
hvof_phi1p3_air25,1.3,0.25,0.01,2925,1.791434e-01,7.165737e-01,1.142519e+01,3.377460e-01,6.196590e-04
hvof_phi1p3_air25,1.3,0.25,0.01,2950,1.959290e-01,7.837158e-01,1.248957e+01,3.523800e-01,6.777204e-04
hvof_phi1p3_air25,1.3,0.25,0.01,2975,2.203091e-01,8.812365e-01,1.377036e+01,3.714050e-01,7.620517e-04
hvof_phi1p3_air25,1.3,0.25,0.01,3000,2.574002e-01,1.029601e+00,1.533962e+01,3.961870e-01,8.903502e-04
hvof_phi1p3_air25,1.3,0.25,0.01,3025,3.179781e-01,1.271912e+00,1.730284e+01,4.285470e-01,1.099890e-03
hvof_phi1p3_air25,1.3,0.25,0.01,3050,4.293241e-01,1.717296e+00,1.982209e+01,4.709580e-01,1.485037e-03
hvof_phi1p3_air25,1.3,0.25,0.01,3075,6.862537e-01,2.745015e+00,2.314157e+01,5.268410e-01,2.373759e-03
hvof_phi1p3_air25,1.3,0.25,0.01,3100,1.787934e+00,7.151736e+00,2.756903e+01,6.010500e-01,6.184483e-03
hvof_phi1p3_air25,1.3,0.25,0.01,3125,3.878910e+00,1.000000e+01,2.899270e+01,7.007010e-01,1.341719e-02
hvof_phi1p3_air25,1.3,0.25,0.01,3150,6.120570e+00,1.000000e+01,2.944260e+01,8.366470e-01,2.117112e-02
hvof_phi1p3_air25,1.3,0.25,0.01,3175,9.260150e+00,1.000000e+01,2.977100e+01,1.026320e+00,3.203096e-02
hvof_phi1p3_air25,1.3,0.25,0.01,3200,1.379780e+01,1.000000e+01,2.998160e+01,1.299620e+00,4.772674e-02
hvof_phi1p3_air25,1.3,0.25,0.01,3225,2.066860e+01,1.000000e+01,3.008410e+01,1.712590e+00,7.149291e-02
hvof_phi1p3_air25,1.3,0.25,0.01,3250,3.184900e+01,1.000000e+01,3.009260e+01,2.384090e+00,1.101660e-01
hvof_phi1p3_air25,1.3,0.25,0.01,3275,5.237290e+01,1.000000e+01,3.002330e+01,3.618130e+00,1.811584e-01
hvof_phi1p3_air25,1.3,0.25,0.01,3300,9.998310e+01,1.000000e+01,2.989290e+01,6.493040e+00,3.458426e-01
hvof_phi1p3_air25,1.3,0.25,0.01,3325,3.139400e+02,1.000000e+01,2.971630e+01,1.956800e+01,1.085922e+00
hvof_phi1p3_air25,1.3,0.25,0.01,3350,1.000000e+03,1.000000e+01,2.980300e+01,2.000000e+02,3.459011e+00
hvof_phi1p3_air25,1.3,0.25,0.01,3375,1.000000e+03,1.000000e+01,3.009110e+01,2.000000e+02,3.459011e+00
hvof_phi1p3_air25,1.3,0.25,0.01,3400,1.000000e+03,1.000000e+01,3.040160e+01,2.000000e+02,3.459011e+00
hvof_phi1p3_air25,1.3,0.25,0.01,3425,1.000000e+03,1.000000e+01,3.073670e+01,2.000000e+02,3.459011e+00
hvof_phi1p3_air25,1.3,0.25,0.01,3450,1.000000e+03,1.000000e+01,3.109880e+01,2.000000e+02,3.459011e+00
hvof_phi1p3_air25,1.3,0.25,0.01,3475,1.000000e+03,1.000000e+01,3.149040e+01,2.000000e+02,3.459011e+00
hvof_phi1p3_air25,1.3,0.25,0.01,3500,1.000000e+03,1.000000e+01,3.191430e+01,2.000000e+02,3.459011e+00
hvof_phi1p3_air25,1.3,0.25,0.01,3525,1.000000e+03,1.000000e+01,3.237320e+01,2.000000e+02,3.459011e+00
hvof_phi1p3_air25,1.3,0.25,0.01,3550,1.000000e+03,1.000000e+01,3.287010e+01,2.000000e+02,3.459011e+00
hvof_phi1p3_air25,1.3,0.25,0.01,3575,1.000000e+03,1.000000e+01,3.340830e+01,2.000000e+02,3.459011e+00
hvof_phi1p3_air25,1.3,0.25,0.01,3600,1.000000e+03,1.000000e+01,3.399080e+01,2.000000e+02,3.459011e+00
hvof_phi1p3_air25,1.3,0.25,0.01,3625,1.000000e+03,1.000000e+01,3.462110e+01,2.000000e+02,3.459011e+00
hvof_phi1p3_air25,1.3,0.25,0.01,3650,1.000000e+03,1.000000e+01,3.530230e+01,2.000000e+02,3.459011e+00
hvof_phi1p3_air25,1.3,0.25,0.01,3675,1.000000e+03,1.000000e+01,3.603770e+01,2.000000e+02,3.459011e+00
hvof_phi1p3_air25,1.3,0.25,0.01,3700,1.000000e+03,1.000000e+01,3.683000e+01,2.000000e+02,3.459011e+00
hvof_phi1p3_air25,1.3,0.25,0.01,3725,1.000000e+03,1.000000e+01,3.768180e+01,2.000000e+02,3.459011e+00
hvof_phi1p3_air25,1.3,0.25,0.01,3750,1.000000e+03,1.000000e+01,3.859510e+01,2.000000e+02,3.459011e+00
hvof_phi1p3_air25,1.3,0.25,0.01,3775,1.000000e+03,1.000000e+01,3.957070e+01,2.000000e+02,3.459011e+00
hvof_phi1p3_air25,1.3,0.25,0.01,3800,1.000000e+03,1.000000e+01,4.060860e+01,2.000000e+02,3.459011e+00
hvof_phi1p3_air25,1.3,0.25,0.01,3825,1.000000e+03,1.000000e+01,4.170720e+01,2.000000e+02,3.459011e+00
hvof_phi1p3_air25,1.3,0.25,0.01,3850,1.000000e+03,1.000000e+01,4.286340e+01,2.000000e+02,3.459011e+00
hvof_phi1p3_air25,1.3,0.25,0.01,3875,1.000000e+03,1.000000e+01,4.407180e+01,2.000000e+02,3.459011e+00
hvof_phi1p3_air25,1.3,0.25,0.01,3900,1.000000e+03,1.000000e+01,4.532500e+01,2.000000e+02,3.459011e+00
hvof_phi1p3_air25,1.3,0.25,0.01,3925,1.000000e+03,1.000000e+01,4.661340e+01,2.000000e+02,3.459011e+00
hvof_phi1p3_air25,1.3,0.25,0.01,3950,1.000000e+03,1.000000e+01,4.792540e+01,2.000000e+02,3.459011e+00
hvof_phi1p3_air25,1.3,0.25,0.01,3975,1.000000e+03,1.000000e+01,4.924740e+01,2.000000e+02,3.459011e+00
hvof_phi1p3_air25,1.3,0.25,0.01,4000,1.000000e+03,1.000000e+01,5.056500e+01,2.000000e+02,3.459011e+00
hvof_phi1p3_air25,1.3,0.25,1,300,0.000000e+00,0.000000e+00,-8.326360e+00,0.000000e+00,0.000000e+00
hvof_phi1p3_air25,1.3,0.25,1,325,0.000000e+00,0.000000e+00,-8.281640e+00,0.000000e+00,0.000000e+00
hvof_phi1p3_air25,1.3,0.25,1,350,0.000000e+00,0.000000e+00,-8.233090e+00,0.000000e+00,0.000000e+00
hvof_phi1p3_air25,1.3,0.25,1,375,0.000000e+00,0.000000e+00,-8.181400e+00,0.000000e+00,0.000000e+00
hvof_phi1p3_air25,1.3,0.25,1,400,0.000000e+00,0.000000e+00,-8.127350e+00,0.000000e+00,0.000000e+00
hvof_phi1p3_air25,1.3,0.25,1,425,0.000000e+00,0.000000e+00,-8.071630e+00,0.000000e+00,0.000000e+00
hvof_phi1p3_air25,1.3,0.25,1,450,0.000000e+00,0.000000e+00,-8.014760e+00,0.000000e+00,0.000000e+00
hvof_phi1p3_air25,1.3,0.25,1,475,0.000000e+00,0.000000e+00,-7.957020e+00,0.000000e+00,0.000000e+00
hvof_phi1p3_air25,1.3,0.25,1,500,0.000000e+00,0.000000e+00,-7.898460e+00,0.000000e+00,0.000000e+00
hvof_phi1p3_air25,1.3,0.25,1,525,0.000000e+00,0.000000e+00,-7.838880e+00,0.000000e+00,0.000000e+00
hvof_phi1p3_air25,1.3,0.25,1,550,0.000000e+00,0.000000e+00,-7.777860e+00,0.000000e+00,0.000000e+00
hvof_phi1p3_air25,1.3,0.25,1,575,0.000000e+00,0.000000e+00,-7.714710e+00,0.000000e+00,0.000000e+00
hvof_phi1p3_air25,1.3,0.25,1,600,0.000000e+00,0.000000e+00,-7.648490e+00,0.000000e+00,0.000000e+00
hvof_phi1p3_air25,1.3,0.25,1,625,0.000000e+00,0.000000e+00,-7.577880e+00,0.000000e+00,0.000000e+00
hvof_phi1p3_air25,1.3,0.25,1,650,0.000000e+00,0.000000e+00,-7.501150e+00,0.000000e+00,0.000000e+00
hvof_phi1p3_air25,1.3,0.25,1,675,1.803396e-03,7.213584e-03,-7.428912e+00,2.820800e-03,6.237966e-06
hvof_phi1p3_air25,1.3,0.25,1,700,2.733723e-03,1.093489e-02,-7.337523e+00,6.031310e-03,9.455978e-06
hvof_phi1p3_air25,1.3,0.25,1,725,3.307711e-03,1.323084e-02,-7.227452e+00,9.772890e-03,1.144141e-05
hvof_phi1p3_air25,1.3,0.25,1,750,4.672945e-03,1.869178e-02,-7.100595e+00,1.431940e-02,1.616377e-05
hvof_phi1p3_air25,1.3,0.25,1,775,6.619829e-03,2.647932e-02,-6.947844e+00,2.001770e-02,2.289806e-05
hvof_phi1p3_air25,1.3,0.25,1,800,9.055076e-03,3.622031e-02,-6.760673e+00,2.728600e-02,3.132161e-05
hvof_phi1p3_air25,1.3,0.25,1,825,1.229007e-02,4.916028e-02,-6.530783e+00,3.659990e-02,4.251148e-05
hvof_phi1p3_air25,1.3,0.25,1,850,1.650832e-02,6.603328e-02,-6.249766e+00,4.845590e-02,5.710245e-05
hvof_phi1p3_air25,1.3,0.25,1,875,2.197053e-02,8.788214e-02,-5.910255e+00,6.329830e-02,7.599631e-05
hvof_phi1p3_air25,1.3,0.25,1,900,2.890038e-02,1.156015e-01,-5.509915e+00,8.139680e-02,9.996671e-05
hvof_phi1p3_air25,1.3,0.25,1,925,3.740508e-02,1.496203e-01,-5.054862e+00,1.026700e-01,1.293846e-04
hvof_phi1p3_air25,1.3,0.25,1,950,4.740631e-02,1.896252e-01,-4.562091e+00,1.264940e-01,1.639789e-04
hvof_phi1p3_air25,1.3,0.25,1,975,5.844266e-02,2.337706e-01,-4.060758e+00,1.516080e-01,2.021538e-04
hvof_phi1p3_air25,1.3,0.25,1,1000,6.973171e-02,2.789268e-01,-3.585116e+00,1.762660e-01,2.412027e-04
hvof_phi1p3_air25,1.3,0.25,1,1025,8.033226e-02,3.213290e-01,-3.163923e+00,1.986870e-01,2.778701e-04
hvof_phi1p3_air25,1.3,0.25,1,1050,8.950521e-02,3.580208e-01,-2.813220e+00,2.176030e-01,3.095995e-04
hvof_phi1p3_air25,1.3,0.25,1,1075,9.687709e-02,3.875084e-01,-2.532784e+00,2.325530e-01,3.350989e-04
hvof_phi1p3_air25,1.3,0.25,1,1100,1.024837e-01,4.099346e-01,-2.313743e+00,2.437840e-01,3.544920e-04
hvof_phi1p3_air25,1.3,0.25,1,1125,1.065860e-01,4.263439e-01,-2.143135e+00,2.519300e-01,3.686820e-04
hvof_phi1p3_air25,1.3,0.25,1,1150,1.095145e-01,4.380580e-01,-2.008175e+00,2.577180e-01,3.788118e-04
hvof_phi1p3_air25,1.3,0.25,1,1175,1.115786e-01,4.463143e-01,-1.898742e+00,2.617880e-01,3.859515e-04
hvof_phi1p3_air25,1.3,0.25,1,1200,1.130269e-01,4.521076e-01,-1.807226e+00,2.646430e-01,3.909613e-04
hvof_phi1p3_air25,1.3,0.25,1,1225,1.140437e-01,4.561746e-01,-1.728190e+00,2.666530e-01,3.944782e-04
hvof_phi1p3_air25,1.3,0.25,1,1250,1.147603e-01,4.590410e-01,-1.657827e+00,2.680770e-01,3.969570e-04
hvof_phi1p3_air25,1.3,0.25,1,1275,1.152685e-01,4.610740e-01,-1.593512e+00,2.690940e-01,3.987149e-04
hvof_phi1p3_air25,1.3,0.25,1,1300,1.156316e-01,4.625266e-01,-1.533420e+00,2.698290e-01,3.999711e-04
hvof_phi1p3_air25,1.3,0.25,1,1325,1.158940e-01,4.635760e-01,-1.476297e+00,2.703650e-01,4.008786e-04
hvof_phi1p3_air25,1.3,0.25,1,1350,1.160856e-01,4.643422e-01,-1.421268e+00,2.707610e-01,4.015412e-04
hvof_phi1p3_air25,1.3,0.25,1,1375,1.162275e-01,4.649101e-01,-1.367710e+00,2.710580e-01,4.020322e-04
hvof_phi1p3_air25,1.3,0.25,1,1400,1.163343e-01,4.653374e-01,-1.315176e+00,2.712850e-01,4.024017e-04
hvof_phi1p3_air25,1.3,0.25,1,1425,1.164167e-01,4.656668e-01,-1.263364e+00,2.714620e-01,4.026866e-04
hvof_phi1p3_air25,1.3,0.25,1,1450,1.164821e-01,4.659282e-01,-1.212039e+00,2.716020e-01,4.029127e-04
hvof_phi1p3_air25,1.3,0.25,1,1475,1.165358e-01,4.661433e-01,-1.161033e+00,2.717170e-01,4.030987e-04
hvof_phi1p3_air25,1.3,0.25,1,1500,1.165822e-01,4.663286e-01,-1.110220e+00,2.718140e-01,4.032589e-04
hvof_phi1p3_air25,1.3,0.25,1,1525,1.166233e-01,4.664934e-01,-1.059503e+00,2.718990e-01,4.034014e-04
hvof_phi1p3_air25,1.3,0.25,1,1550,1.166627e-01,4.666507e-01,-1.008798e+00,2.719750e-01,4.035374e-04
hvof_phi1p3_air25,1.3,0.25,1,1575,1.167010e-01,4.668039e-01,-9.580556e-01,2.720480e-01,4.036700e-04
hvof_phi1p3_air25,1.3,0.25,1,1600,1.167405e-01,4.669618e-01,-9.072180e-01,2.721180e-01,4.038065e-04
hvof_phi1p3_air25,1.3,0.25,1,1625,1.167821e-01,4.671283e-01,-8.562448e-01,2.721900e-01,4.039505e-04
hvof_phi1p3_air25,1.3,0.25,1,1650,1.168266e-01,4.673063e-01,-8.050981e-01,2.722630e-01,4.041044e-04
hvof_phi1p3_air25,1.3,0.25,1,1675,1.168751e-01,4.675003e-01,-7.537414e-01,2.723400e-01,4.042721e-04
hvof_phi1p3_air25,1.3,0.25,1,1700,1.169286e-01,4.677144e-01,-7.021414e-01,2.724220e-01,4.044573e-04
hvof_phi1p3_air25,1.3,0.25,1,1725,1.169880e-01,4.679521e-01,-6.502647e-01,2.725110e-01,4.046628e-04
hvof_phi1p3_air25,1.3,0.25,1,1750,1.170537e-01,4.682150e-01,-5.980783e-01,2.726080e-01,4.048902e-04
hvof_phi1p3_air25,1.3,0.25,1,1775,1.171271e-01,4.685085e-01,-5.455467e-01,2.727130e-01,4.051440e-04
hvof_phi1p3_air25,1.3,0.25,1,1800,1.172084e-01,4.688335e-01,-4.926349e-01,2.728280e-01,4.054251e-04
hvof_phi1p3_air25,1.3,0.25,1,1825,1.172990e-01,4.691961e-01,-4.393036e-01,2.729540e-01,4.057386e-04
hvof_phi1p3_air25,1.3,0.25,1,1850,1.173992e-01,4.695968e-01,-3.855128e-01,2.730930e-01,4.060851e-04
hvof_phi1p3_air25,1.3,0.25,1,1875,1.175105e-01,4.700420e-01,-3.312166e-01,2.732440e-01,4.064700e-04
hvof_phi1p3_air25,1.3,0.25,1,1900,1.176332e-01,4.705329e-01,-2.763710e-01,2.734100e-01,4.068946e-04
hvof_phi1p3_air25,1.3,0.25,1,1925,1.177687e-01,4.710748e-01,-2.209232e-01,2.735920e-01,4.073632e-04
hvof_phi1p3_air25,1.3,0.25,1,1950,1.179180e-01,4.716721e-01,-1.648185e-01,2.737900e-01,4.078797e-04
hvof_phi1p3_air25,1.3,0.25,1,1975,1.180823e-01,4.723292e-01,-1.079967e-01,2.740060e-01,4.084480e-04
hvof_phi1p3_air25,1.3,0.25,1,2000,1.182627e-01,4.730507e-01,-5.039512e-02,2.742410e-01,4.090718e-04
hvof_phi1p3_air25,1.3,0.25,1,2025,1.184600e-01,4.738402e-01,8.053715e-03,2.744970e-01,4.097545e-04
hvof_phi1p3_air25,1.3,0.25,1,2050,1.186762e-01,4.747049e-01,6.742583e-02,2.747750e-01,4.105023e-04
hvof_phi1p3_air25,1.3,0.25,1,2075,1.189118e-01,4.756473e-01,1.277967e-01,2.750750e-01,4.113173e-04
hvof_phi1p3_air25,1.3,0.25,1,2100,1.191692e-01,4.766769e-01,1.892551e-01,2.754000e-01,4.122076e-04
hvof_phi1p3_air25,1.3,0.25,1,2125,1.194488e-01,4.777951e-01,2.518852e-01,2.757510e-01,4.131746e-04
hvof_phi1p3_air25,1.3,0.25,1,2150,1.197530e-01,4.790119e-01,3.157881e-01,2.761290e-01,4.142268e-04
hvof_phi1p3_air25,1.3,0.25,1,2175,1.200829e-01,4.803316e-01,3.810631e-01,2.765360e-01,4.153680e-04
hvof_phi1p3_air25,1.3,0.25,1,2200,1.204405e-01,4.817618e-01,4.478181e-01,2.769730e-01,4.166048e-04
hvof_phi1p3_air25,1.3,0.25,1,2225,1.208272e-01,4.833087e-01,5.161677e-01,2.774410e-01,4.179425e-04
hvof_phi1p3_air25,1.3,0.25,1,2250,1.212450e-01,4.849799e-01,5.862328e-01,2.779430e-01,4.193877e-04
hvof_phi1p3_air25,1.3,0.25,1,2275,1.216959e-01,4.867835e-01,6.581407e-01,2.784790e-01,4.209474e-04
hvof_phi1p3_air25,1.3,0.25,1,2300,1.221815e-01,4.887260e-01,7.320234e-01,2.790520e-01,4.226271e-04
hvof_phi1p3_air25,1.3,0.25,1,2325,1.227044e-01,4.908176e-01,8.080259e-01,2.796620e-01,4.244358e-04
hvof_phi1p3_air25,1.3,0.25,1,2350,1.232667e-01,4.930668e-01,8.862936e-01,2.803120e-01,4.263808e-04
hvof_phi1p3_air25,1.3,0.25,1,2375,1.238703e-01,4.954812e-01,9.669802e-01,2.810020e-01,4.284687e-04
hvof_phi1p3_air25,1.3,0.25,1,2400,1.245171e-01,4.980683e-01,1.050244e+00,2.817340e-01,4.307059e-04
hvof_phi1p3_air25,1.3,0.25,1,2425,1.252105e-01,5.008421e-01,1.136157e+00,2.825090e-01,4.331045e-04
hvof_phi1p3_air25,1.3,0.25,1,2450,1.259515e-01,5.038060e-01,1.224710e+00,2.833290e-01,4.356676e-04
hvof_phi1p3_air25,1.3,0.25,1,2475,1.267435e-01,5.069739e-01,1.316315e+00,2.841950e-01,4.384070e-04
hvof_phi1p3_air25,1.3,0.25,1,2500,1.275892e-01,5.103567e-01,1.411171e+00,2.851090e-01,4.413323e-04
hvof_phi1p3_air25,1.3,0.25,1,2525,1.284915e-01,5.139658e-01,1.509454e+00,2.860710e-01,4.444533e-04
hvof_phi1p3_air25,1.3,0.25,1,2550,1.294533e-01,5.178130e-01,1.611380e+00,2.870820e-01,4.477802e-04
hvof_phi1p3_air25,1.3,0.25,1,2575,1.304770e-01,5.219081e-01,1.717134e+00,2.881450e-01,4.513215e-04
hvof_phi1p3_air25,1.3,0.25,1,2600,1.315667e-01,5.262669e-01,1.826939e+00,2.892590e-01,4.550907e-04
hvof_phi1p3_air25,1.3,0.25,1,2625,1.327249e-01,5.308994e-01,1.941014e+00,2.904260e-01,4.590967e-04
hvof_phi1p3_air25,1.3,0.25,1,2650,1.339558e-01,5.358231e-01,2.059594e+00,2.916470e-01,4.633545e-04
hvof_phi1p3_air25,1.3,0.25,1,2675,1.352626e-01,5.410503e-01,2.182917e+00,2.929230e-01,4.678747e-04
hvof_phi1p3_air25,1.3,0.25,1,2700,1.366497e-01,5.465990e-01,2.311227e+00,2.942540e-01,4.726729e-04
hvof_phi1p3_air25,1.3,0.25,1,2725,1.381213e-01,5.524850e-01,2.444787e+00,2.956420e-01,4.777629e-04
hvof_phi1p3_air25,1.3,0.25,1,2750,1.396820e-01,5.587281e-01,2.583876e+00,2.970870e-01,4.831616e-04
hvof_phi1p3_air25,1.3,0.25,1,2775,1.413368e-01,5.653472e-01,2.728775e+00,2.985920e-01,4.888855e-04
hvof_phi1p3_air25,1.3,0.25,1,2800,1.430917e-01,5.723669e-01,2.879806e+00,3.001570e-01,4.949558e-04
hvof_phi1p3_air25,1.3,0.25,1,2825,1.449529e-01,5.798116e-01,3.037299e+00,3.017840e-01,5.013936e-04
hvof_phi1p3_air25,1.3,0.25,1,2850,1.469275e-01,5.877100e-01,3.201605e+00,3.034750e-01,5.082238e-04
hvof_phi1p3_air25,1.3,0.25,1,2875,1.490238e-01,5.960952e-01,3.373123e+00,3.052340e-01,5.154749e-04
hvof_phi1p3_air25,1.3,0.25,1,2900,1.512481e-01,6.049924e-01,3.551291e+00,3.070630e-01,5.231688e-04
hvof_phi1p3_air25,1.3,0.25,1,2925,1.536110e-01,6.144438e-01,3.736586e+00,3.089660e-01,5.313419e-04
hvof_phi1p3_air25,1.3,0.25,1,2950,1.561281e-01,6.245122e-01,3.930287e+00,3.109510e-01,5.400486e-04
hvof_phi1p3_air25,1.3,0.25,1,2975,1.588147e-01,6.352587e-01,4.132963e+00,3.130230e-01,5.493417e-04
hvof_phi1p3_air25,1.3,0.25,1,3000,1.616891e-01,6.467566e-01,4.345304e+00,3.151920e-01,5.592845e-04
hvof_phi1p3_air25,1.3,0.25,1,3025,1.647741e-01,6.590965e-01,4.568091e+00,3.174700e-01,5.699555e-04
hvof_phi1p3_air25,1.3,0.25,1,3050,1.680964e-01,6.723857e-01,4.802240e+00,3.198710e-01,5.814474e-04
hvof_phi1p3_air25,1.3,0.25,1,3075,1.716898e-01,6.867593e-01,5.048860e+00,3.224120e-01,5.938770e-04
hvof_phi1p3_air25,1.3,0.25,1,3100,1.755945e-01,7.023781e-01,5.308721e+00,3.251180e-01,6.073834e-04
hvof_phi1p3_air25,1.3,0.25,1,3125,1.798521e-01,7.194085e-01,5.580399e+00,3.280140e-01,6.221104e-04
hvof_phi1p3_air25,1.3,0.25,1,3150,1.845379e-01,7.381515e-01,5.868662e+00,3.311370e-01,6.383185e-04
hvof_phi1p3_air25,1.3,0.25,1,3175,1.897331e-01,7.589322e-01,6.175741e+00,3.345270e-01,6.562887e-04
hvof_phi1p3_air25,1.3,0.25,1,3200,1.955429e-01,7.821717e-01,6.504389e+00,3.382380e-01,6.763850e-04
hvof_phi1p3_air25,1.3,0.25,1,3225,2.020952e-01,8.083806e-01,6.856012e+00,3.423320e-01,6.990493e-04
hvof_phi1p3_air25,1.3,0.25,1,3250,2.095545e-01,8.382182e-01,7.231444e+00,3.468860e-01,7.248514e-04
hvof_phi1p3_air25,1.3,0.25,1,3275,2.181632e-01,8.726529e-01,7.639895e+00,3.519950e-01,7.546289e-04
hvof_phi1p3_air25,1.3,0.25,1,3300,2.282181e-01,9.128725e-01,8.084923e+00,3.577720e-01,7.894089e-04
hvof_phi1p3_air25,1.3,0.25,1,3325,2.401163e-01,9.604654e-01,8.569388e+00,3.643560e-01,8.305650e-04
hvof_phi1p3_air25,1.3,0.25,1,3350,2.544325e-01,1.017730e+00,9.104328e+00,3.719130e-01,8.800848e-04
hvof_phi1p3_air25,1.3,0.25,1,3375,2.719393e-01,1.087757e+00,9.691930e+00,3.806460e-01,9.406410e-04
hvof_phi1p3_air25,1.3,0.25,1,3400,2.938677e-01,1.175471e+00,1.036218e+01,3.908030e-01,1.016491e-03
hvof_phi1p3_air25,1.3,0.25,1,3425,3.218736e-01,1.287494e+00,1.109984e+01,4.026820e-01,1.113364e-03
hvof_phi1p3_air25,1.3,0.25,1,3450,3.588716e-01,1.435486e+00,1.195327e+01,4.166480e-01,1.241341e-03
hvof_phi1p3_air25,1.3,0.25,1,3475,4.094743e-01,1.637897e+00,1.291678e+01,4.331480e-01,1.416376e-03
hvof_phi1p3_air25,1.3,0.25,1,3500,4.824872e-01,1.929949e+00,1.405565e+01,4.527300e-01,1.668928e-03
hvof_phi1p3_air25,1.3,0.25,1,3525,5.953569e-01,2.381428e+00,1.536405e+01,4.760720e-01,2.059346e-03
hvof_phi1p3_air25,1.3,0.25,1,3550,7.903376e-01,3.161350e+00,1.687438e+01,5.040180e-01,2.733786e-03
hvof_phi1p3_air25,1.3,0.25,1,3575,1.201309e+00,4.805236e+00,1.865871e+01,5.376320e-01,4.155341e-03
hvof_phi1p3_air25,1.3,0.25,1,3600,2.521690e+00,1.000000e+01,2.080020e+01,5.782610e-01,8.722553e-03
hvof_phi1p3_air25,1.3,0.25,1,3625,3.312160e+00,1.000000e+01,2.159650e+01,6.276430e-01,1.145680e-02
hvof_phi1p3_air25,1.3,0.25,1,3650,4.272290e+00,1.000000e+01,2.240800e+01,6.880510e-01,1.477790e-02
hvof_phi1p3_air25,1.3,0.25,1,3675,5.449620e+00,1.000000e+01,2.322800e+01,7.625080e-01,1.885029e-02
hvof_phi1p3_air25,1.3,0.25,1,3700,6.909150e+00,1.000000e+01,2.404810e+01,8.551300e-01,2.389882e-02
hvof_phi1p3_air25,1.3,0.25,1,3725,8.742170e+00,1.000000e+01,2.485860e+01,9.716600e-01,3.023926e-02
hvof_phi1p3_air25,1.3,0.25,1,3750,1.108060e+01,1.000000e+01,2.564850e+01,1.120360e+00,3.832791e-02
hvof_phi1p3_air25,1.3,0.25,1,3775,1.412250e+01,1.000000e+01,2.640590e+01,1.313550e+00,4.884988e-02
hvof_phi1p3_air25,1.3,0.25,1,3800,1.817820e+01,1.000000e+01,2.711830e+01,1.570490e+00,6.287859e-02
hvof_phi1p3_air25,1.3,0.25,1,3825,2.376270e+01,1.000000e+01,2.777300e+01,1.922960e+00,8.219543e-02
hvof_phi1p3_air25,1.3,0.25,1,3850,3.179470e+01,1.000000e+01,2.835740e+01,2.427500e+00,1.099782e-01
hvof_phi1p3_air25,1.3,0.25,1,3875,4.408240e+01,1.000000e+01,2.885930e+01,3.195090e+00,1.524815e-01
hvof_phi1p3_air25,1.3,0.25,1,3900,6.472600e+01,1.000000e+01,2.926650e+01,4.477210e+00,2.238879e-01
hvof_phi1p3_air25,1.3,0.25,1,3925,1.053660e+02,1.000000e+01,2.956630e+01,6.988520e+00,3.644621e-01
hvof_phi1p3_air25,1.3,0.25,1,3950,2.168260e+02,1.000000e+01,2.974450e+01,1.386340e+01,7.500035e-01
hvof_phi1p3_air25,1.3,0.25,1,3975,1.000000e+03,1.000000e+01,2.980210e+01,9.346360e+01,3.459011e+00
hvof_phi1p3_air25,1.3,0.25,1,4000,1.000000e+03,1.000000e+01,2.998600e+01,2.000000e+02,3.459011e+00
hvof_phi1p3_air50,1.3,0.5,0.01,300,2.378397e-03,9.513588e-03,-6.318351e+00,4.536150e-03,8.226901e-06
hvof_phi1p3_air50,1.3,0.5,0.01,325,2.602896e-03,1.041158e-02,-6.287689e+00,5.429250e-03,9.003444e-06
hvof_phi1p3_air50,1.3,0.5,0.01,350,2.836691e-03,1.134676e-02,-6.254806e+00,6.556370e-03,9.812144e-06
hvof_phi1p3_air50,1.3,0.5,0.01,375,3.063028e-03,1.225211e-02,-6.219281e+00,7.906740e-03,1.059505e-05
hvof_phi1p3_air50,1.3,0.5,0.01,400,3.272512e-03,1.309005e-02,-6.180648e+00,9.471880e-03,1.131965e-05
hvof_phi1p3_air50,1.3,0.5,0.01,425,3.461955e-03,1.384782e-02,-6.138207e+00,1.125440e-02,1.197494e-05
hvof_phi1p3_air50,1.3,0.5,0.01,450,3.698058e-03,1.479223e-02,-6.091855e+00,1.327210e-02,1.279162e-05
hvof_phi1p3_air50,1.3,0.5,0.01,475,4.411685e-03,1.764674e-02,-6.046015e+00,1.555660e-02,1.526007e-05
hvof_phi1p3_air50,1.3,0.5,0.01,500,5.377039e-03,2.150816e-02,-5.994514e+00,1.815110e-02,1.859924e-05
hvof_phi1p3_air50,1.3,0.5,0.01,525,6.440673e-03,2.576269e-02,-5.932582e+00,2.110920e-02,2.227836e-05
hvof_phi1p3_air50,1.3,0.5,0.01,550,7.310529e-03,2.924212e-02,-5.854910e+00,2.449990e-02,2.528720e-05
hvof_phi1p3_air50,1.3,0.5,0.01,575,8.610590e-03,3.444236e-02,-5.766529e+00,2.842100e-02,2.978412e-05
hvof_phi1p3_air50,1.3,0.5,0.01,600,1.021651e-02,4.086603e-02,-5.662654e+00,3.302460e-02,3.533901e-05
hvof_phi1p3_air50,1.3,0.5,0.01,625,1.207820e-02,4.831281e-02,-5.537647e+00,3.856490e-02,4.177863e-05
hvof_phi1p3_air50,1.3,0.5,0.01,650,1.452102e-02,5.808408e-02,-5.386308e+00,4.546990e-02,5.022836e-05
hvof_phi1p3_air50,1.3,0.5,0.01,675,1.777479e-02,7.109916e-02,-5.196089e+00,5.441950e-02,6.148319e-05
hvof_phi1p3_air50,1.3,0.5,0.01,700,2.227598e-02,8.910394e-02,-4.949104e+00,6.637040e-02,7.705287e-05
hvof_phi1p3_air50,1.3,0.5,0.01,725,2.858020e-02,1.143208e-01,-4.626207e+00,8.243250e-02,9.885921e-05
hvof_phi1p3_air50,1.3,0.5,0.01,750,3.725831e-02,1.490332e-01,-4.215195e+00,1.034570e-01,1.288769e-04
hvof_phi1p3_air50,1.3,0.5,0.01,775,4.853389e-02,1.941356e-01,-3.726749e+00,1.292200e-01,1.678792e-04
hvof_phi1p3_air50,1.3,0.5,0.01,800,6.162242e-02,2.464897e-01,-3.211225e+00,1.574810e-01,2.131526e-04
hvof_phi1p3_air50,1.3,0.5,0.01,825,7.450399e-02,2.980160e-01,-2.745345e+00,1.840850e-01,2.577101e-04
hvof_phi1p3_air50,1.3,0.5,0.01,850,8.498312e-02,3.399325e-01,-2.385737e+00,2.051370e-01,2.939575e-04
hvof_phi1p3_air50,1.3,0.5,0.01,875,9.218722e-02,3.687489e-01,-2.137978e+00,2.193850e-01,3.188766e-04
hvof_phi1p3_air50,1.3,0.5,0.01,900,9.660639e-02,3.864256e-01,-1.974093e+00,2.280290e-01,3.341625e-04
hvof_phi1p3_air50,1.3,0.5,0.01,925,9.916309e-02,3.966524e-01,-1.862634e+00,2.329770e-01,3.430062e-04
hvof_phi1p3_air50,1.3,0.5,0.01,950,1.006138e-01,4.024554e-01,-1.781180e+00,2.357540e-01,3.480244e-04
hvof_phi1p3_air50,1.3,0.5,0.01,975,1.014399e-01,4.057596e-01,-1.716290e+00,2.373170e-01,3.508817e-04
hvof_phi1p3_air50,1.3,0.5,0.01,1000,1.019170e-01,4.076681e-01,-1.660469e+00,2.382110e-01,3.525321e-04
hvof_phi1p3_air50,1.3,0.5,0.01,1025,1.021976e-01,4.087906e-01,-1.609655e+00,2.387320e-01,3.535028e-04
hvof_phi1p3_air50,1.3,0.5,0.01,1050,1.023667e-01,4.094667e-01,-1.561640e+00,2.390420e-01,3.540874e-04
hvof_phi1p3_air50,1.3,0.5,0.01,1075,1.024708e-01,4.098832e-01,-1.515196e+00,2.392320e-01,3.544476e-04
hvof_phi1p3_air50,1.3,0.5,0.01,1100,1.025366e-01,4.101466e-01,-1.469612e+00,2.393510e-01,3.546754e-04
hvof_phi1p3_air50,1.3,0.5,0.01,1125,1.025789e-01,4.103155e-01,-1.424504e+00,2.394270e-01,3.548214e-04
hvof_phi1p3_air50,1.3,0.5,0.01,1150,1.026073e-01,4.104291e-01,-1.379619e+00,2.394770e-01,3.549196e-04
hvof_phi1p3_air50,1.3,0.5,0.01,1175,1.026267e-01,4.105067e-01,-1.334830e+00,2.395110e-01,3.549867e-04
hvof_phi1p3_air50,1.3,0.5,0.01,1200,1.026409e-01,4.105635e-01,-1.290035e+00,2.395360e-01,3.550359e-04
hvof_phi1p3_air50,1.3,0.5,0.01,1225,1.026517e-01,4.106067e-01,-1.245194e+00,2.395540e-01,3.550732e-04
hvof_phi1p3_air50,1.3,0.5,0.01,1250,1.026611e-01,4.106445e-01,-1.200252e+00,2.395690e-01,3.551059e-04
hvof_phi1p3_air50,1.3,0.5,0.01,1275,1.026693e-01,4.106773e-01,-1.155199e+00,2.395820e-01,3.551343e-04
hvof_phi1p3_air50,1.3,0.5,0.01,1300,1.026775e-01,4.107102e-01,-1.110007e+00,2.395950e-01,3.551627e-04
hvof_phi1p3_air50,1.3,0.5,0.01,1325,1.026862e-01,4.107447e-01,-1.064660e+00,2.396070e-01,3.551926e-04
hvof_phi1p3_air50,1.3,0.5,0.01,1350,1.026961e-01,4.107843e-01,-1.019150e+00,2.396200e-01,3.552268e-04
hvof_phi1p3_air50,1.3,0.5,0.01,1375,1.027065e-01,4.108259e-01,-9.734703e-01,2.396350e-01,3.552628e-04
hvof_phi1p3_air50,1.3,0.5,0.01,1400,1.027190e-01,4.108760e-01,-9.275952e-01,2.396520e-01,3.553061e-04
hvof_phi1p3_air50,1.3,0.5,0.01,1425,1.027333e-01,4.109330e-01,-8.815139e-01,2.396710e-01,3.553554e-04
hvof_phi1p3_air50,1.3,0.5,0.01,1450,1.027497e-01,4.109988e-01,-8.352090e-01,2.396930e-01,3.554123e-04
hvof_phi1p3_air50,1.3,0.5,0.01,1475,1.027691e-01,4.110765e-01,-7.886572e-01,2.397180e-01,3.554795e-04
hvof_phi1p3_air50,1.3,0.5,0.01,1500,1.027912e-01,4.111648e-01,-7.418363e-01,2.397470e-01,3.555559e-04
hvof_phi1p3_air50,1.3,0.5,0.01,1525,1.028167e-01,4.112670e-01,-6.947157e-01,2.397800e-01,3.556442e-04
hvof_phi1p3_air50,1.3,0.5,0.01,1550,1.028462e-01,4.113847e-01,-6.472593e-01,2.398180e-01,3.557460e-04
hvof_phi1p3_air50,1.3,0.5,0.01,1575,1.028795e-01,4.115182e-01,-5.994278e-01,2.398620e-01,3.558614e-04
hvof_phi1p3_air50,1.3,0.5,0.01,1600,1.029181e-01,4.116723e-01,-5.511699e-01,2.399110e-01,3.559947e-04
hvof_phi1p3_air50,1.3,0.5,0.01,1625,1.029618e-01,4.118472e-01,-5.024307e-01,2.399670e-01,3.561460e-04
hvof_phi1p3_air50,1.3,0.5,0.01,1650,1.030108e-01,4.120433e-01,-4.531460e-01,2.400300e-01,3.563155e-04
hvof_phi1p3_air50,1.3,0.5,0.01,1675,1.030667e-01,4.122669e-01,-4.032364e-01,2.401010e-01,3.565089e-04
hvof_phi1p3_air50,1.3,0.5,0.01,1700,1.031292e-01,4.125168e-01,-3.526155e-01,2.401810e-01,3.567250e-04
hvof_phi1p3_air50,1.3,0.5,0.01,1725,1.031995e-01,4.127980e-01,-3.011825e-01,2.402700e-01,3.569682e-04
hvof_phi1p3_air50,1.3,0.5,0.01,1750,1.032777e-01,4.131108e-01,-2.488247e-01,2.403690e-01,3.572387e-04
hvof_phi1p3_air50,1.3,0.5,0.01,1775,1.033654e-01,4.134617e-01,-1.954095e-01,2.404790e-01,3.575421e-04
hvof_phi1p3_air50,1.3,0.5,0.01,1800,1.034624e-01,4.138497e-01,-1.407921e-01,2.406000e-01,3.578777e-04
hvof_phi1p3_air50,1.3,0.5,0.01,1825,1.035700e-01,4.142798e-01,-8.480808e-02,2.407340e-01,3.582496e-04
hvof_phi1p3_air50,1.3,0.5,0.01,1850,1.036889e-01,4.147555e-01,-2.727233e-02,2.408810e-01,3.586610e-04
hvof_phi1p3_air50,1.3,0.5,0.01,1875,1.038198e-01,4.152790e-01,3.201923e-02,2.410430e-01,3.591137e-04
hvof_phi1p3_air50,1.3,0.5,0.01,1900,1.039642e-01,4.158568e-01,9.329636e-02,2.412190e-01,3.596133e-04
hvof_phi1p3_air50,1.3,0.5,0.01,1925,1.041221e-01,4.164883e-01,1.568068e-01,2.414120e-01,3.601593e-04
hvof_phi1p3_air50,1.3,0.5,0.01,1950,1.042950e-01,4.171800e-01,2.228282e-01,2.416210e-01,3.607575e-04
hvof_phi1p3_air50,1.3,0.5,0.01,1975,1.044839e-01,4.179358e-01,2.916639e-01,2.418480e-01,3.614111e-04
hvof_phi1p3_air50,1.3,0.5,0.01,2000,1.046899e-01,4.187595e-01,3.636411e-01,2.420930e-01,3.621234e-04
hvof_phi1p3_air50,1.3,0.5,0.01,2025,1.049138e-01,4.196551e-01,4.391191e-01,2.423580e-01,3.628979e-04
hvof_phi1p3_air50,1.3,0.5,0.01,2050,1.051566e-01,4.206265e-01,5.184822e-01,2.426430e-01,3.637379e-04
hvof_phi1p3_air50,1.3,0.5,0.01,2075,1.054191e-01,4.216765e-01,6.021439e-01,2.429490e-01,3.646458e-04
hvof_phi1p3_air50,1.3,0.5,0.01,2100,1.057029e-01,4.228118e-01,6.905526e-01,2.432770e-01,3.656276e-04
hvof_phi1p3_air50,1.3,0.5,0.01,2125,1.060088e-01,4.240352e-01,7.841785e-01,2.436260e-01,3.666856e-04
hvof_phi1p3_air50,1.3,0.5,0.01,2150,1.063378e-01,4.253511e-01,8.835256e-01,2.439990e-01,3.678235e-04
hvof_phi1p3_air50,1.3,0.5,0.01,2175,1.066909e-01,4.267636e-01,9.891201e-01,2.443940e-01,3.690450e-04
hvof_phi1p3_air50,1.3,0.5,0.01,2200,1.070686e-01,4.282745e-01,1.101513e+00,2.448130e-01,3.703515e-04
hvof_phi1p3_air50,1.3,0.5,0.01,2225,1.074724e-01,4.298894e-01,1.221298e+00,2.452550e-01,3.717480e-04
hvof_phi1p3_air50,1.3,0.5,0.01,2250,1.079028e-01,4.316113e-01,1.349053e+00,2.457200e-01,3.732371e-04
hvof_phi1p3_air50,1.3,0.5,0.01,2275,1.083605e-01,4.334421e-01,1.485401e+00,2.462080e-01,3.748202e-04
hvof_phi1p3_air50,1.3,0.5,0.01,2300,1.088465e-01,4.353860e-01,1.630979e+00,2.467200e-01,3.765012e-04
hvof_phi1p3_air50,1.3,0.5,0.01,2325,1.093609e-01,4.374437e-01,1.786412e+00,2.472540e-01,3.782806e-04
hvof_phi1p3_air50,1.3,0.5,0.01,2350,1.099046e-01,4.396182e-01,1.952330e+00,2.478100e-01,3.801610e-04
hvof_phi1p3_air50,1.3,0.5,0.01,2375,1.104779e-01,4.419116e-01,2.129374e+00,2.483880e-01,3.821442e-04
hvof_phi1p3_air50,1.3,0.5,0.01,2400,1.110812e-01,4.443247e-01,2.318154e+00,2.489870e-01,3.842310e-04
hvof_phi1p3_air50,1.3,0.5,0.01,2425,1.117155e-01,4.468619e-01,2.519281e+00,2.496060e-01,3.864251e-04
hvof_phi1p3_air50,1.3,0.5,0.01,2450,1.123815e-01,4.495262e-01,2.733315e+00,2.502470e-01,3.887290e-04
hvof_phi1p3_air50,1.3,0.5,0.01,2475,1.130805e-01,4.523219e-01,2.960807e+00,2.509100e-01,3.911466e-04
hvof_phi1p3_air50,1.3,0.5,0.01,2500,1.138141e-01,4.552562e-01,3.202255e+00,2.515970e-01,3.936840e-04
hvof_phi1p3_air50,1.3,0.5,0.01,2525,1.145855e-01,4.583419e-01,3.458135e+00,2.523110e-01,3.963524e-04
hvof_phi1p3_air50,1.3,0.5,0.01,2550,1.153993e-01,4.615970e-01,3.728902e+00,2.530580e-01,3.991672e-04
hvof_phi1p3_air50,1.3,0.5,0.01,2575,1.162615e-01,4.650460e-01,4.014971e+00,2.538470e-01,4.021498e-04
hvof_phi1p3_air50,1.3,0.5,0.01,2600,1.171827e-01,4.687309e-01,4.316826e+00,2.546910e-01,4.053363e-04
hvof_phi1p3_air50,1.3,0.5,0.01,2625,1.181766e-01,4.727063e-01,4.634979e+00,2.556060e-01,4.087740e-04
hvof_phi1p3_air50,1.3,0.5,0.01,2650,1.192639e-01,4.770555e-01,4.970125e+00,2.566200e-01,4.125350e-04
hvof_phi1p3_air50,1.3,0.5,0.01,2675,1.204735e-01,4.818938e-01,5.323207e+00,2.577670e-01,4.167190e-04
hvof_phi1p3_air50,1.3,0.5,0.01,2700,1.218456e-01,4.873824e-01,5.695609e+00,2.590950e-01,4.214652e-04
hvof_phi1p3_air50,1.3,0.5,0.01,2725,1.234357e-01,4.937430e-01,6.089371e+00,2.606670e-01,4.269656e-04
hvof_phi1p3_air50,1.3,0.5,0.01,2750,1.253206e-01,5.012824e-01,6.506861e+00,2.625670e-01,4.334853e-04
hvof_phi1p3_air50,1.3,0.5,0.01,2775,1.276017e-01,5.104067e-01,6.948882e+00,2.649070e-01,4.413756e-04
hvof_phi1p3_air50,1.3,0.5,0.01,2800,1.304307e-01,5.217229e-01,7.424413e+00,2.678320e-01,4.511613e-04
hvof_phi1p3_air50,1.3,0.5,0.01,2825,1.340136e-01,5.360544e-01,7.942186e+00,2.715290e-01,4.635545e-04
hvof_phi1p3_air50,1.3,0.5,0.01,2850,1.386404e-01,5.545616e-01,8.514798e+00,2.762450e-01,4.795586e-04
hvof_phi1p3_air50,1.3,0.5,0.01,2875,1.447283e-01,5.789134e-01,9.160454e+00,2.822950e-01,5.006169e-04
hvof_phi1p3_air50,1.3,0.5,0.01,2900,1.528849e-01,6.115396e-01,9.898666e+00,2.900890e-01,5.288305e-04
hvof_phi1p3_air50,1.3,0.5,0.01,2925,1.640360e-01,6.561442e-01,1.075407e+01,3.001570e-01,5.674024e-04
hvof_phi1p3_air50,1.3,0.5,0.01,2950,1.797053e-01,7.188212e-01,1.178358e+01,3.131900e-01,6.216026e-04
hvof_phi1p3_air50,1.3,0.5,0.01,2975,2.024560e-01,8.098241e-01,1.303856e+01,3.300920e-01,7.002975e-04
hvof_phi1p3_air50,1.3,0.5,0.01,3000,2.371033e-01,9.484134e-01,1.459902e+01,3.520540e-01,8.201430e-04
hvof_phi1p3_air50,1.3,0.5,0.01,3025,2.938707e-01,1.175483e+00,1.659249e+01,3.806690e-01,1.016502e-03
hvof_phi1p3_air50,1.3,0.5,0.01,3050,3.987692e-01,1.595077e+00,1.917452e+01,4.181000e-01,1.379347e-03
hvof_phi1p3_air50,1.3,0.5,0.01,3075,6.436546e-01,2.574618e+00,2.265068e+01,4.673400e-01,2.226408e-03
hvof_phi1p3_air50,1.3,0.5,0.01,3100,1.724318e+00,6.897273e+00,2.736241e+01,5.326420e-01,5.964435e-03
hvof_phi1p3_air50,1.3,0.5,0.01,3125,3.856350e+00,1.000000e+01,2.893090e+01,6.202450e-01,1.333916e-02
hvof_phi1p3_air50,1.3,0.5,0.01,3150,6.085410e+00,1.000000e+01,2.939030e+01,7.396820e-01,2.104950e-02
hvof_phi1p3_air50,1.3,0.5,0.01,3175,9.207400e+00,1.000000e+01,2.972930e+01,9.062890e-01,3.184850e-02
hvof_phi1p3_air50,1.3,0.5,0.01,3200,1.372010e+01,1.000000e+01,2.995100e+01,1.146430e+00,4.745797e-02
hvof_phi1p3_air50,1.3,0.5,0.01,3225,2.055450e+01,1.000000e+01,3.006410e+01,1.509640e+00,7.109824e-02
hvof_phi1p3_air50,1.3,0.5,0.01,3250,3.167910e+01,1.000000e+01,3.008190e+01,2.101290e+00,1.095783e-01
hvof_phi1p3_air50,1.3,0.5,0.01,3275,5.210920e+01,1.000000e+01,3.001990e+01,3.192100e+00,1.802463e-01
hvof_phi1p3_air50,1.3,0.5,0.01,3300,9.952880e+01,1.000000e+01,2.989410e+01,5.748600e+00,3.442712e-01
hvof_phi1p3_air50,1.3,0.5,0.01,3325,3.127900e+02,1.000000e+01,2.971840e+01,1.755330e+01,1.081944e+00
hvof_phi1p3_air50,1.3,0.5,0.01,3350,1.000000e+03,1.000000e+01,2.980370e+01,2.000000e+02,3.459011e+00
hvof_phi1p3_air50,1.3,0.5,0.01,3375,1.000000e+03,1.000000e+01,3.009180e+01,2.000000e+02,3.459011e+00
hvof_phi1p3_air50,1.3,0.5,0.01,3400,1.000000e+03,1.000000e+01,3.040220e+01,2.000000e+02,3.459011e+00
hvof_phi1p3_air50,1.3,0.5,0.01,3425,1.000000e+03,1.000000e+01,3.073730e+01,2.000000e+02,3.459011e+00
hvof_phi1p3_air50,1.3,0.5,0.01,3450,1.000000e+03,1.000000e+01,3.109940e+01,2.000000e+02,3.459011e+00
hvof_phi1p3_air50,1.3,0.5,0.01,3475,1.000000e+03,1.000000e+01,3.149100e+01,2.000000e+02,3.459011e+00
hvof_phi1p3_air50,1.3,0.5,0.01,3500,1.000000e+03,1.000000e+01,3.191470e+01,2.000000e+02,3.459011e+00
hvof_phi1p3_air50,1.3,0.5,0.01,3525,1.000000e+03,1.000000e+01,3.237360e+01,2.000000e+02,3.459011e+00
hvof_phi1p3_air50,1.3,0.5,0.01,3550,1.000000e+03,1.000000e+01,3.287040e+01,2.000000e+02,3.459011e+00
hvof_phi1p3_air50,1.3,0.5,0.01,3575,1.000000e+03,1.000000e+01,3.340850e+01,2.000000e+02,3.459011e+00
hvof_phi1p3_air50,1.3,0.5,0.01,3600,1.000000e+03,1.000000e+01,3.399100e+01,2.000000e+02,3.459011e+00
hvof_phi1p3_air50,1.3,0.5,0.01,3625,1.000000e+03,1.000000e+01,3.462120e+01,2.000000e+02,3.459011e+00
hvof_phi1p3_air50,1.3,0.5,0.01,3650,1.000000e+03,1.000000e+01,3.530230e+01,2.000000e+02,3.459011e+00
hvof_phi1p3_air50,1.3,0.5,0.01,3675,1.000000e+03,1.000000e+01,3.603750e+01,2.000000e+02,3.459011e+00
hvof_phi1p3_air50,1.3,0.5,0.01,3700,1.000000e+03,1.000000e+01,3.682970e+01,2.000000e+02,3.459011e+00
hvof_phi1p3_air50,1.3,0.5,0.01,3725,1.000000e+03,1.000000e+01,3.768150e+01,2.000000e+02,3.459011e+00
hvof_phi1p3_air50,1.3,0.5,0.01,3750,1.000000e+03,1.000000e+01,3.859450e+01,2.000000e+02,3.459011e+00
hvof_phi1p3_air50,1.3,0.5,0.01,3775,1.000000e+03,1.000000e+01,3.957000e+01,2.000000e+02,3.459011e+00
hvof_phi1p3_air50,1.3,0.5,0.01,3800,1.000000e+03,1.000000e+01,4.060780e+01,2.000000e+02,3.459011e+00
hvof_phi1p3_air50,1.3,0.5,0.01,3825,1.000000e+03,1.000000e+01,4.170630e+01,2.000000e+02,3.459011e+00
hvof_phi1p3_air50,1.3,0.5,0.01,3850,1.000000e+03,1.000000e+01,4.286230e+01,2.000000e+02,3.459011e+00
hvof_phi1p3_air50,1.3,0.5,0.01,3875,1.000000e+03,1.000000e+01,4.407060e+01,2.000000e+02,3.459011e+00
hvof_phi1p3_air50,1.3,0.5,0.01,3900,1.000000e+03,1.000000e+01,4.532360e+01,2.000000e+02,3.459011e+00
hvof_phi1p3_air50,1.3,0.5,0.01,3925,1.000000e+03,1.000000e+01,4.661190e+01,2.000000e+02,3.459011e+00
hvof_phi1p3_air50,1.3,0.5,0.01,3950,1.000000e+03,1.000000e+01,4.792380e+01,2.000000e+02,3.459011e+00
hvof_phi1p3_air50,1.3,0.5,0.01,3975,1.000000e+03,1.000000e+01,4.924570e+01,2.000000e+02,3.459011e+00
hvof_phi1p3_air50,1.3,0.5,0.01,4000,1.000000e+03,1.000000e+01,5.056320e+01,2.000000e+02,3.459011e+00
hvof_phi1p3_air50,1.3,0.5,1,300,2.377564e-03,9.510255e-03,-6.318386e+00,4.533120e-03,8.224018e-06
hvof_phi1p3_air50,1.3,0.5,1,325,2.600217e-03,1.040087e-02,-6.287822e+00,5.417610e-03,8.994180e-06
hvof_phi1p3_air50,1.3,0.5,1,350,2.829859e-03,1.131944e-02,-6.255264e+00,6.519990e-03,9.788513e-06
hvof_phi1p3_air50,1.3,0.5,1,375,3.048483e-03,1.219393e-02,-6.220621e+00,7.810550e-03,1.054474e-05
hvof_phi1p3_air50,1.3,0.5,1,400,3.245628e-03,1.298251e-02,-6.184004e+00,9.250110e-03,1.122666e-05
hvof_phi1p3_air50,1.3,0.5,1,425,3.417531e-03,1.367012e-02,-6.145646e+00,1.079810e-02,1.182128e-05
hvof_phi1p3_air50,1.3,0.5,1,450,3.564744e-03,1.425898e-02,-6.105773e+00,1.241850e-02,1.233049e-05
hvof_phi1p3_air50,1.3,0.5,1,475,3.980827e-03,1.592331e-02,-6.068752e+00,1.408270e-02,1.376972e-05
hvof_phi1p3_air50,1.3,0.5,1,500,4.530845e-03,1.812338e-02,-6.032211e+00,1.577110e-02,1.567224e-05
hvof_phi1p3_air50,1.3,0.5,1,525,5.161504e-03,2.064602e-02,-5.994946e+00,1.747280e-02,1.785370e-05
hvof_phi1p3_air50,1.3,0.5,1,550,5.931883e-03,2.372753e-02,-5.957013e+00,1.918610e-02,2.051845e-05
hvof_phi1p3_air50,1.3,0.5,1,575,6.489762e-03,2.595905e-02,-5.913636e+00,2.091880e-02,2.244816e-05
hvof_phi1p3_air50,1.3,0.5,1,600,6.916093e-03,2.766437e-02,-5.865287e+00,2.269120e-02,2.392284e-05
hvof_phi1p3_air50,1.3,0.5,1,625,7.558968e-03,3.023587e-02,-5.815024e+00,2.453950e-02,2.614655e-05
hvof_phi1p3_air50,1.3,0.5,1,650,8.250853e-03,3.300341e-02,-5.759336e+00,2.652240e-02,2.853979e-05
hvof_phi1p3_air50,1.3,0.5,1,675,9.014339e-03,3.605735e-02,-5.696528e+00,2.872830e-02,3.118069e-05
hvof_phi1p3_air50,1.3,0.5,1,700,9.891520e-03,3.956608e-02,-5.624447e+00,3.128410e-02,3.421487e-05
hvof_phi1p3_air50,1.3,0.5,1,725,1.108043e-02,4.432173e-02,-5.541049e+00,3.436370e-02,3.832733e-05
hvof_phi1p3_air50,1.3,0.5,1,750,1.227570e-02,4.910281e-02,-5.439633e+00,3.819530e-02,4.246179e-05
hvof_phi1p3_air50,1.3,0.5,1,775,1.396098e-02,5.584392e-02,-5.318956e+00,4.306420e-02,4.829118e-05
hvof_phi1p3_air50,1.3,0.5,1,800,1.614517e-02,6.458070e-02,-5.172406e+00,4.930990e-02,5.584633e-05
hvof_phi1p3_air50,1.3,0.5,1,825,1.900418e-02,7.601672e-02,-4.993421e+00,5.730950e-02,6.573566e-05
hvof_phi1p3_air50,1.3,0.5,1,850,2.272251e-02,9.089004e-02,-4.775815e+00,6.744000e-02,7.859741e-05
hvof_phi1p3_air50,1.3,0.5,1,875,2.749348e-02,1.099739e-01,-4.514656e+00,8.000980e-02,9.510024e-05
hvof_phi1p3_air50,1.3,0.5,1,900,3.346740e-02,1.338696e-01,-4.208779e+00,9.514830e-02,1.157641e-04
hvof_phi1p3_air50,1.3,0.5,1,925,4.068987e-02,1.627595e-01,-3.863176e+00,1.126620e-01,1.407467e-04
hvof_phi1p3_air50,1.3,0.5,1,950,4.901341e-02,1.960536e-01,-3.491098e+00,1.319010e-01,1.695379e-04
hvof_phi1p3_air50,1.3,0.5,1,975,5.802190e-02,2.320876e-01,-3.113803e+00,1.517320e-01,2.006984e-04
hvof_phi1p3_air50,1.3,0.5,1,1000,6.704091e-02,2.681636e-01,-2.756369e+00,1.707340e-01,2.318952e-04
hvof_phi1p3_air50,1.3,0.5,1,1025,7.534884e-02,3.013954e-01,-2.439516e+00,1.875880e-01,2.606324e-04
hvof_phi1p3_air50,1.3,0.5,1,1050,8.241045e-02,3.296418e-01,-2.173954e+00,2.014800e-01,2.850586e-04
hvof_phi1p3_air50,1.3,0.5,1,1075,8.801767e-02,3.520707e-01,-1.959891e+00,2.122370e-01,3.044541e-04
hvof_phi1p3_air50,1.3,0.5,1,1100,9.223654e-02,3.689462e-01,-1.790338e+00,2.201850e-01,3.190472e-04
hvof_phi1p3_air50,1.3,0.5,1,1125,9.529981e-02,3.811992e-01,-1.655808e+00,2.258760e-01,3.296431e-04
hvof_phi1p3_air50,1.3,0.5,1,1150,9.747620e-02,3.899048e-01,-1.547257e+00,2.298800e-01,3.371712e-04
hvof_phi1p3_air50,1.3,0.5,1,1175,9.900578e-02,3.960231e-01,-1.457282e+00,2.326760e-01,3.424621e-04
hvof_phi1p3_air50,1.3,0.5,1,1200,1.000770e-01,4.003079e-01,-1.380368e+00,2.346280e-01,3.461673e-04
hvof_phi1p3_air50,1.3,0.5,1,1225,1.008292e-01,4.033168e-01,-1.312607e+00,2.359970e-01,3.487693e-04
hvof_phi1p3_air50,1.3,0.5,1,1250,1.013594e-01,4.054377e-01,-1.251151e+00,2.369650e-01,3.506033e-04
hvof_phi1p3_air50,1.3,0.5,1,1275,1.017360e-01,4.069442e-01,-1.194065e+00,2.376570e-01,3.519061e-04
hvof_phi1p3_air50,1.3,0.5,1,1300,1.020063e-01,4.080253e-01,-1.140027e+00,2.381570e-01,3.528410e-04
hvof_phi1p3_air50,1.3,0.5,1,1325,1.022027e-01,4.088109e-01,-1.088131e+00,2.385230e-01,3.535203e-04
hvof_phi1p3_air50,1.3,0.5,1,1350,1.023475e-01,4.093901e-01,-1.037716e+00,2.387950e-01,3.540212e-04
hvof_phi1p3_air50,1.3,0.5,1,1375,1.024562e-01,4.098249e-01,-9.883345e-01,2.390010e-01,3.543972e-04
hvof_phi1p3_air50,1.3,0.5,1,1400,1.025400e-01,4.101599e-01,-9.396676e-01,2.391610e-01,3.546869e-04
hvof_phi1p3_air50,1.3,0.5,1,1425,1.026069e-01,4.104277e-01,-8.914795e-01,2.392880e-01,3.549185e-04
hvof_phi1p3_air50,1.3,0.5,1,1450,1.026619e-01,4.106476e-01,-8.436019e-01,2.393920e-01,3.551086e-04
hvof_phi1p3_air50,1.3,0.5,1,1475,1.027096e-01,4.108382e-01,-7.959061e-01,2.394800e-01,3.552735e-04
hvof_phi1p3_air50,1.3,0.5,1,1500,1.027526e-01,4.110102e-01,-7.482979e-01,2.395570e-01,3.554222e-04
hvof_phi1p3_air50,1.3,0.5,1,1525,1.027938e-01,4.111753e-01,-7.007014e-01,2.396280e-01,3.555649e-04
hvof_phi1p3_air50,1.3,0.5,1,1550,1.028343e-01,4.113373e-01,-6.530585e-01,2.396960e-01,3.557051e-04
hvof_phi1p3_air50,1.3,0.5,1,1575,1.028766e-01,4.115062e-01,-6.053183e-01,2.397630e-01,3.558511e-04
hvof_phi1p3_air50,1.3,0.5,1,1600,1.029210e-01,4.116841e-01,-5.574401e-01,2.398310e-01,3.560049e-04
hvof_phi1p3_air50,1.3,0.5,1,1625,1.029690e-01,4.118760e-01,-5.093886e-01,2.399020e-01,3.561708e-04
hvof_phi1p3_air50,1.3,0.5,1,1650,1.030217e-01,4.120869e-01,-4.611278e-01,2.399770e-01,3.563532e-04
hvof_phi1p3_air50,1.3,0.5,1,1675,1.030797e-01,4.123189e-01,-4.126272e-01,2.400570e-01,3.565539e-04
hvof_phi1p3_air50,1.3,0.5,1,1700,1.031438e-01,4.125754e-01,-3.638567e-01,2.401450e-01,3.567757e-04
hvof_phi1p3_air50,1.3,0.5,1,1725,1.032154e-01,4.128614e-01,-3.147825e-01,2.402400e-01,3.570230e-04
hvof_phi1p3_air50,1.3,0.5,1,1750,1.032944e-01,4.131774e-01,-2.653750e-01,2.403450e-01,3.572963e-04
hvof_phi1p3_air50,1.3,0.5,1,1775,1.033821e-01,4.135284e-01,-2.156004e-01,2.404590e-01,3.575998e-04
hvof_phi1p3_air50,1.3,0.5,1,1800,1.034799e-01,4.139195e-01,-1.654217e-01,2.405840e-01,3.579380e-04
hvof_phi1p3_air50,1.3,0.5,1,1825,1.035874e-01,4.143496e-01,-1.148056e-01,2.407220e-01,3.583099e-04
hvof_phi1p3_air50,1.3,0.5,1,1850,1.037067e-01,4.148269e-01,-6.370894e-02,2.408730e-01,3.587227e-04
hvof_phi1p3_air50,1.3,0.5,1,1875,1.038384e-01,4.153535e-01,-1.208964e-02,2.410370e-01,3.591781e-04
hvof_phi1p3_air50,1.3,0.5,1,1900,1.039829e-01,4.159317e-01,4.009609e-02,2.412170e-01,3.596781e-04
hvof_phi1p3_air50,1.3,0.5,1,1925,1.041420e-01,4.165681e-01,9.289941e-02,2.414130e-01,3.602284e-04
hvof_phi1p3_air50,1.3,0.5,1,1950,1.043166e-01,4.172666e-01,1.463729e-01,2.416270e-01,3.608324e-04
hvof_phi1p3_air50,1.3,0.5,1,1975,1.045074e-01,4.180295e-01,2.005715e-01,2.418590e-01,3.614921e-04
hvof_phi1p3_air50,1.3,0.5,1,2000,1.047159e-01,4.188638e-01,2.555565e-01,2.421100e-01,3.622136e-04
hvof_phi1p3_air50,1.3,0.5,1,2025,1.049434e-01,4.197735e-01,3.113935e-01,2.423830e-01,3.630002e-04
hvof_phi1p3_air50,1.3,0.5,1,2050,1.051907e-01,4.207628e-01,3.681506e-01,2.426770e-01,3.638558e-04
hvof_phi1p3_air50,1.3,0.5,1,2075,1.054597e-01,4.218388e-01,4.259037e-01,2.429940e-01,3.647863e-04
hvof_phi1p3_air50,1.3,0.5,1,2100,1.057515e-01,4.230060e-01,4.847299e-01,2.433350e-01,3.657956e-04
hvof_phi1p3_air50,1.3,0.5,1,2125,1.060673e-01,4.242690e-01,5.447136e-01,2.437010e-01,3.668878e-04
hvof_phi1p3_air50,1.3,0.5,1,2150,1.064091e-01,4.256366e-01,6.059450e-01,2.440940e-01,3.680704e-04
hvof_phi1p3_air50,1.3,0.5,1,2175,1.067781e-01,4.271123e-01,6.685166e-01,2.445150e-01,3.693465e-04
hvof_phi1p3_air50,1.3,0.5,1,2200,1.071763e-01,4.287053e-01,7.325315e-01,2.449650e-01,3.707241e-04
hvof_phi1p3_air50,1.3,0.5,1,2225,1.076049e-01,4.304197e-01,7.980922e-01,2.454450e-01,3.722066e-04
hvof_phi1p3_air50,1.3,0.5,1,2250,1.080659e-01,4.322635e-01,8.653104e-01,2.459560e-01,3.738011e-04
hvof_phi1p3_air50,1.3,0.5,1,2275,1.085610e-01,4.342440e-01,9.343024e-01,2.464990e-01,3.755137e-04
hvof_phi1p3_air50,1.3,0.5,1,2300,1.090924e-01,4.363696e-01,1.005195e+00,2.470750e-01,3.773518e-04
hvof_phi1p3_air50,1.3,0.5,1,2325,1.096617e-01,4.386469e-01,1.078115e+00,2.476860e-01,3.793211e-04
hvof_phi1p3_air50,1.3,0.5,1,2350,1.102710e-01,4.410839e-01,1.153189e+00,2.483330e-01,3.814285e-04
hvof_phi1p3_air50,1.3,0.5,1,2375,1.109225e-01,4.436898e-01,1.230572e+00,2.490160e-01,3.836820e-04
hvof_phi1p3_air50,1.3,0.5,1,2400,1.116184e-01,4.464734e-01,1.310401e+00,2.497360e-01,3.860891e-04
hvof_phi1p3_air50,1.3,0.5,1,2425,1.123607e-01,4.494426e-01,1.392835e+00,2.504950e-01,3.886567e-04
hvof_phi1p3_air50,1.3,0.5,1,2450,1.131517e-01,4.526069e-01,1.478028e+00,2.512930e-01,3.913931e-04
hvof_phi1p3_air50,1.3,0.5,1,2475,1.139943e-01,4.559774e-01,1.566155e+00,2.521300e-01,3.943077e-04
hvof_phi1p3_air50,1.3,0.5,1,2500,1.148908e-01,4.595630e-01,1.657380e+00,2.530070e-01,3.974084e-04
hvof_phi1p3_air50,1.3,0.5,1,2525,1.158434e-01,4.633738e-01,1.751888e+00,2.539260e-01,4.007037e-04
hvof_phi1p3_air50,1.3,0.5,1,2550,1.168553e-01,4.674212e-01,1.849868e+00,2.548860e-01,4.042037e-04
hvof_phi1p3_air50,1.3,0.5,1,2575,1.179294e-01,4.717175e-01,1.951510e+00,2.558880e-01,4.079189e-04
hvof_phi1p3_air50,1.3,0.5,1,2600,1.190684e-01,4.762735e-01,2.057019e+00,2.569310e-01,4.118587e-04
hvof_phi1p3_air50,1.3,0.5,1,2625,1.202755e-01,4.811020e-01,2.166607e+00,2.580180e-01,4.160343e-04
hvof_phi1p3_air50,1.3,0.5,1,2650,1.215539e-01,4.862158e-01,2.280492e+00,2.591460e-01,4.204564e-04
hvof_phi1p3_air50,1.3,0.5,1,2675,1.229077e-01,4.916309e-01,2.398907e+00,2.603180e-01,4.251391e-04
hvof_phi1p3_air50,1.3,0.5,1,2700,1.243401e-01,4.973603e-01,2.522096e+00,2.615330e-01,4.300936e-04
hvof_phi1p3_air50,1.3,0.5,1,2725,1.258527e-01,5.034108e-01,2.649650e+00,2.627910e-01,4.353258e-04
hvof_phi1p3_air50,1.3,0.5,1,2750,1.274492e-01,5.097969e-01,2.781837e+00,2.640920e-01,4.408482e-04
hvof_phi1p3_air50,1.3,0.5,1,2775,1.291373e-01,5.165492e-01,2.919441e+00,2.654380e-01,4.466873e-04
hvof_phi1p3_air50,1.3,0.5,1,2800,1.309218e-01,5.236870e-01,3.062737e+00,2.668280e-01,4.528598e-04
hvof_phi1p3_air50,1.3,0.5,1,2825,1.328088e-01,5.312352e-01,3.212037e+00,2.682630e-01,4.593871e-04
hvof_phi1p3_air50,1.3,0.5,1,2850,1.348054e-01,5.392216e-01,3.367687e+00,2.697450e-01,4.662933e-04
hvof_phi1p3_air50,1.3,0.5,1,2875,1.369187e-01,5.476746e-01,3.530062e+00,2.712760e-01,4.736031e-04
hvof_phi1p3_air50,1.3,0.5,1,2900,1.391582e-01,5.566328e-01,3.699570e+00,2.728580e-01,4.813497e-04
hvof_phi1p3_air50,1.3,0.5,1,2925,1.415340e-01,5.661360e-01,3.876671e+00,2.744950e-01,4.895676e-04
hvof_phi1p3_air50,1.3,0.5,1,2950,1.440590e-01,5.762360e-01,4.061909e+00,2.761920e-01,4.983016e-04
hvof_phi1p3_air50,1.3,0.5,1,2975,1.467482e-01,5.869926e-01,4.255883e+00,2.779530e-01,5.076034e-04
hvof_phi1p3_air50,1.3,0.5,1,3000,1.496189e-01,5.984756e-01,4.459294e+00,2.797880e-01,5.175333e-04
hvof_phi1p3_air50,1.3,0.5,1,3025,1.526786e-01,6.107143e-01,4.670118e+00,2.817070e-01,5.281168e-04
hvof_phi1p3_air50,1.3,0.5,1,3050,1.559635e-01,6.238540e-01,4.891269e+00,2.837210e-01,5.394794e-04
hvof_phi1p3_air50,1.3,0.5,1,3075,1.595085e-01,6.380339e-01,5.124228e+00,2.858480e-01,5.517416e-04
hvof_phi1p3_air50,1.3,0.5,1,3100,1.633540e-01,6.534161e-01,5.370293e+00,2.881080e-01,5.650433e-04
hvof_phi1p3_air50,1.3,0.5,1,3125,1.675507e-01,6.702028e-01,5.631042e+00,2.905250e-01,5.795597e-04
hvof_phi1p3_air50,1.3,0.5,1,3150,1.721614e-01,6.886457e-01,5.908398e+00,2.931310e-01,5.955082e-04
hvof_phi1p3_air50,1.3,0.5,1,3175,1.772543e-01,7.090172e-01,6.202167e+00,2.959630e-01,6.131245e-04
hvof_phi1p3_air50,1.3,0.5,1,3200,1.829243e-01,7.316971e-01,6.513622e+00,2.990690e-01,6.327370e-04
hvof_phi1p3_air50,1.3,0.5,1,3225,1.893190e-01,7.572758e-01,6.849301e+00,3.025060e-01,6.548563e-04
hvof_phi1p3_air50,1.3,0.5,1,3250,1.966114e-01,7.864456e-01,7.213548e+00,3.063420e-01,6.800809e-04
hvof_phi1p3_air50,1.3,0.5,1,3275,2.049994e-01,8.199975e-01,7.606181e+00,3.106630e-01,7.090950e-04
hvof_phi1p3_air50,1.3,0.5,1,3300,2.147866e-01,8.591462e-01,8.033945e+00,3.155710e-01,7.429490e-04
hvof_phi1p3_air50,1.3,0.5,1,3325,2.263980e-01,9.055920e-01,8.507779e+00,3.211890e-01,7.831131e-04
hvof_phi1p3_air50,1.3,0.5,1,3350,2.403418e-01,9.613670e-01,9.026731e+00,3.276670e-01,8.313447e-04
hvof_phi1p3_air50,1.3,0.5,1,3375,2.574304e-01,1.029722e+00,9.605180e+00,3.351870e-01,8.904547e-04
hvof_phi1p3_air50,1.3,0.5,1,3400,2.788058e-01,1.115223e+00,1.025284e+01,3.439690e-01,9.643924e-04
hvof_phi1p3_air50,1.3,0.5,1,3425,3.062995e-01,1.225198e+00,1.099710e+01,3.542780e-01,1.059493e-03
hvof_phi1p3_air50,1.3,0.5,1,3450,3.425349e-01,1.370140e+00,1.182832e+01,3.664410e-01,1.184832e-03
hvof_phi1p3_air50,1.3,0.5,1,3475,3.924919e-01,1.569968e+00,1.280525e+01,3.808530e-01,1.357634e-03
hvof_phi1p3_air50,1.3,0.5,1,3500,4.648202e-01,1.859281e+00,1.394076e+01,3.980020e-01,1.607818e-03
hvof_phi1p3_air50,1.3,0.5,1,3525,5.773303e-01,2.309321e+00,1.525554e+01,4.184890e-01,1.996992e-03
hvof_phi1p3_air50,1.3,0.5,1,3550,7.737422e-01,3.094969e+00,1.681246e+01,4.430640e-01,2.676383e-03
hvof_phi1p3_air50,1.3,0.5,1,3575,1.192274e+00,4.769097e+00,1.862538e+01,4.726670e-01,4.124090e-03
hvof_phi1p3_air50,1.3,0.5,1,3600,2.531890e+00,1.000000e+01,2.078460e+01,5.084930e-01,8.757835e-03
hvof_phi1p3_air50,1.3,0.5,1,3625,3.316810e+00,1.000000e+01,2.157680e+01,5.520830e-01,1.147288e-02
hvof_phi1p3_air50,1.3,0.5,1,3650,4.270140e+00,1.000000e+01,2.238500e+01,6.054470e-01,1.477046e-02
hvof_phi1p3_air50,1.3,0.5,1,3675,5.439110e+00,1.000000e+01,2.320260e+01,6.712670e-01,1.881394e-02
hvof_phi1p3_air50,1.3,0.5,1,3700,6.888330e+00,1.000000e+01,2.402140e+01,7.531880e-01,2.382681e-02
hvof_phi1p3_air50,1.3,0.5,1,3725,8.708480e+00,1.000000e+01,2.483160e+01,8.563030e-01,3.012273e-02
hvof_phi1p3_air50,1.3,0.5,1,3750,1.103080e+01,1.000000e+01,2.562240e+01,9.879430e-01,3.815566e-02
hvof_phi1p3_air50,1.3,0.5,1,3775,1.405190e+01,1.000000e+01,2.638180e+01,1.159060e+00,4.860567e-02
hvof_phi1p3_air50,1.3,0.5,1,3800,1.808070e+01,1.000000e+01,2.709710e+01,1.386770e+00,6.254134e-02
hvof_phi1p3_air50,1.3,0.5,1,3825,2.362920e+01,1.000000e+01,2.775560e+01,1.699410e+00,8.173366e-02
hvof_phi1p3_air50,1.3,0.5,1,3850,3.161160e+01,1.000000e+01,2.834430e+01,2.147450e+00,1.093449e-01
hvof_phi1p3_air50,1.3,0.5,1,3875,4.382740e+01,1.000000e+01,2.885080e+01,2.830330e+00,1.515994e-01
hvof_phi1p3_air50,1.3,0.5,1,3900,6.435900e+01,1.000000e+01,2.926230e+01,3.974190e+00,2.226185e-01
hvof_phi1p3_air50,1.3,0.5,1,3925,1.048020e+02,1.000000e+01,2.956590e+01,6.225680e+00,3.625112e-01
hvof_phi1p3_air50,1.3,0.5,1,3950,2.158110e+02,1.000000e+01,2.974630e+01,1.244880e+01,7.464926e-01
hvof_phi1p3_air50,1.3,0.5,1,3975,1.000000e+03,1.000000e+01,2.980300e+01,8.678520e+01,3.459011e+00
hvof_phi1p3_air50,1.3,0.5,1,4000,1.000000e+03,1.000000e+01,2.998690e+01,2.000000e+02,3.459011e+00
