Tw_K,P_atm,Bg,Bc
300,0.001,0,8.742740e-02
325,0.001,0,8.742740e-02
350,0.001,0,8.742740e-02
375,0.001,0,8.742750e-02
400,0.001,0,8.742810e-02
425,0.001,0,8.743050e-02
450,0.001,0,8.743950e-02
475,0.001,0,8.746820e-02
500,0.001,0,8.754990e-02
525,0.001,0,8.775820e-02
550,0.001,0,8.824230e-02
575,0.001,0,8.927820e-02
600,0.001,0,9.133150e-02
625,0.001,0,9.510760e-02
650,0.001,0,1.015200e-01
675,0.001,0,1.114260e-01
700,0.001,0,1.249220e-01
725,0.001,0,1.403370e-01
750,0.001,0,1.542730e-01
775,0.001,0,1.640120e-01
800,0.001,0,1.695160e-01
825,0.001,0,1.722670e-01
850,0.001,0,1.735820e-01
875,0.001,0,1.742110e-01
900,0.001,0,1.745180e-01
925,0.001,0,1.746730e-01
950,0.001,0,1.747530e-01
975,0.001,0,1.747970e-01
1000,0.001,0,1.748200e-01
1025,0.001,0,1.748340e-01
1050,0.001,0,1.748420e-01
1075,0.001,0,1.748470e-01
1100,0.001,0,1.748490e-01
1125,0.001,0,1.748510e-01
1150,0.001,0,1.748520e-01
1175,0.001,0,1.748530e-01
1200,0.001,0,1.748540e-01
1225,0.001,0,1.748540e-01
1250,0.001,0,1.748540e-01
1275,0.001,0,1.748540e-01
1300,0.001,0,1.748550e-01
1325,0.001,0,1.748550e-01
1350,0.001,0,1.748550e-01
1375,0.001,0,1.748550e-01
1400,0.001,0,1.748550e-01
1425,0.001,0,1.748550e-01
1450,0.001,0,1.748550e-01
1475,0.001,0,1.748550e-01
1500,0.001,0,1.748550e-01
1525,0.001,0,1.748550e-01
1550,0.001,0,1.748550e-01
1575,0.001,0,1.748550e-01
1600,0.001,0,1.748550e-01
1625,0.001,0,1.748550e-01
1650,0.001,0,1.748550e-01
1675,0.001,0,1.748550e-01
1700,0.001,0,1.748550e-01
1725,0.001,0,1.748550e-01
1750,0.001,0,1.748550e-01
1775,0.001,0,1.748550e-01
1800,0.001,0,1.748550e-01
1825,0.001,0,1.748550e-01
1850,0.001,0,1.748560e-01
1875,0.001,0,1.748560e-01
1900,0.001,0,1.748570e-01
1925,0.001,0,1.748580e-01
1950,0.001,0,1.748590e-01
1975,0.001,0,1.748610e-01
2000,0.001,0,1.748630e-01
2025,0.001,0,1.748660e-01
2050,0.001,0,1.748700e-01
2075,0.001,0,1.748760e-01
2100,0.001,0,1.748830e-01
2125,0.001,0,1.748930e-01
2150,0.001,0,1.749060e-01
2175,0.001,0,1.749220e-01
2200,0.001,0,1.749440e-01
2225,0.001,0,1.749730e-01
2250,0.001,0,1.750110e-01
2275,0.001,0,1.750590e-01
2300,0.001,0,1.751230e-01
2325,0.001,0,1.752050e-01
2350,0.001,0,1.753130e-01
2375,0.001,0,1.754540e-01
2400,0.001,0,1.756380e-01
2425,0.001,0,1.758800e-01
2450,0.001,0,1.761990e-01
2475,0.001,0,1.766200e-01
2500,0.001,0,1.771760e-01
2525,0.001,0,1.779150e-01
2550,0.001,0,1.788970e-01
2575,0.001,0,1.802050e-01
2600,0.001,0,1.819500e-01
2625,0.001,0,1.842800e-01
2650,0.001,0,1.873940e-01
2675,0.001,0,1.915560e-01
2700,0.001,0,1.971240e-01
2725,0.001,0,2.045770e-01
2750,0.001,0,2.145630e-01
2775,0.001,0,2.279670e-01
2800,0.001,0,2.460090e-01
2825,0.001,0,2.704000e-01
2850,0.001,0,3.035910e-01
2875,0.001,0,3.492040e-01
2900,0.001,0,4.127860e-01
2925,0.001,0,5.032830e-01
2950,0.001,0,6.360980e-01
2975,0.001,0,8.402160e-01
3000,0.001,0,1.177460e+00
3025,0.001,0,1.807330e+00
3050,0.001,0,3.303730e+00
3075,0.001,0,1.036840e+01
3100,0.001,0,2.000000e+02
3125,0.001,0,2.000000e+02
3150,0.001,0,2.000000e+02
3175,0.001,0,2.000000e+02
3200,0.001,0,2.000000e+02
3225,0.001,0,2.000000e+02
3250,0.001,0,2.000000e+02
3275,0.001,0,2.000000e+02
3300,0.001,0,2.000000e+02
3325,0.001,0,2.000000e+02
3350,0.001,0,2.000000e+02
3375,0.001,0,2.000000e+02
3400,0.001,0,2.000000e+02
3425,0.001,0,2.000000e+02
3450,0.001,0,2.000000e+02
3475,0.001,0,2.000000e+02
3500,0.001,0,2.000000e+02
3525,0.001,0,2.000000e+02
3550,0.001,0,2.000000e+02
3575,0.001,0,2.000000e+02
3600,0.001,0,2.000000e+02
3625,0.001,0,2.000000e+02
3650,0.001,0,2.000000e+02
3675,0.001,0,2.000000e+02
3700,0.001,0,2.000000e+02
3725,0.001,0,2.000000e+02
3750,0.001,0,2.000000e+02
3775,0.001,0,2.000000e+02
3800,0.001,0,2.000000e+02
3825,0.001,0,2.000000e+02
3850,0.001,0,2.000000e+02
3875,0.001,0,2.000000e+02
3900,0.001,0,2.000000e+02
3925,0.001,0,2.000000e+02
3950,0.001,0,2.000000e+02
3975,0.001,0,2.000000e+02
4000,0.001,0,2.000000e+02
4025,0.001,0,2.000000e+02
4050,0.001,0,2.000000e+02
4075,0.001,0,2.000000e+02
4100,0.001,0,2.000000e+02
4125,0.001,0,2.000000e+02
4150,0.001,0,2.000000e+02
4175,0.001,0,2.000000e+02
4200,0.001,0,2.000000e+02
4225,0.001,0,2.000000e+02
4250,0.001,0,2.000000e+02
4275,0.001,0,2.000000e+02
4300,0.001,0,2.000000e+02
4325,0.001,0,2.000000e+02
4350,0.001,0,2.000000e+02
4375,0.001,0,2.000000e+02
4400,0.001,0,2.000000e+02
4425,0.001,0,2.000000e+02
4450,0.001,0,2.000000e+02
4475,0.001,0,2.000000e+02
4500,0.001,0,2.000000e+02
4525,0.001,0,2.000000e+02
4550,0.001,0,2.000000e+02
4575,0.001,0,2.000000e+02
4600,0.001,0,2.000000e+02
4625,0.001,0,2.000000e+02
4650,0.001,0,2.000000e+02
4675,0.001,0,2.000000e+02
4700,0.001,0,2.000000e+02
4725,0.001,0,2.000000e+02
4750,0.001,0,2.000000e+02
4775,0.001,0,2.000000e+02
4800,0.001,0,2.000000e+02
4825,0.001,0,2.000000e+02
4850,0.001,0,2.000000e+02
4875,0.001,0,2.000000e+02
4900,0.001,0,2.000000e+02
4925,0.001,0,2.000000e+02
4950,0.001,0,2.000000e+02
4975,0.001,0,2.000000e+02
5000,0.001,0,2.000000e+02
300,0.00177828,0,8.742740e-02
325,0.00177828,0,8.742740e-02
350,0.00177828,0,8.742740e-02
375,0.00177828,0,8.742750e-02
400,0.00177828,0,8.742790e-02
425,0.00177828,0,8.742970e-02
450,0.00177828,0,8.743640e-02
475,0.00177828,0,8.745800e-02
500,0.00177828,0,8.751930e-02
525,0.00177828,0,8.767550e-02
550,0.00177828,0,8.803910e-02
575,0.00177828,0,8.881830e-02
600,0.00177828,0,9.036850e-02
625,0.00177828,0,9.324090e-02
650,0.00177828,0,9.819090e-02
675,0.00177828,0,1.060560e-01
700,0.00177828,0,1.173480e-01
725,0.00177828,0,1.314820e-01
750,0.00177828,0,1.461380e-01
775,0.00177828,0,1.581940e-01
800,0.00177828,0,1.660790e-01
825,0.00177828,0,1.704340e-01
850,0.00177828,0,1.726370e-01
875,0.00177828,0,1.737220e-01
900,0.00177828,0,1.742600e-01
925,0.00177828,0,1.745330e-01
950,0.00177828,0,1.746750e-01
975,0.00177828,0,1.747510e-01
1000,0.00177828,0,1.747940e-01
1025,0.00177828,0,1.748180e-01
1050,0.00177828,0,1.748320e-01
1075,0.00177828,0,1.748400e-01
1100,0.00177828,0,1.748450e-01
1125,0.00177828,0,1.748490e-01
1150,0.00177828,0,1.748510e-01
1175,0.00177828,0,1.748520e-01
1200,0.00177828,0,1.748530e-01
1225,0.00177828,0,1.748530e-01
1250,0.00177828,0,1.748540e-01
1275,0.00177828,0,1.748540e-01
1300,0.00177828,0,1.748540e-01
1325,0.00177828,0,1.748540e-01
1350,0.00177828,0,1.748550e-01
1375,0.00177828,0,1.748550e-01
1400,0.00177828,0,1.748550e-01
1425,0.00177828,0,1.748550e-01
1450,0.00177828,0,1.748550e-01
1475,0.00177828,0,1.748550e-01
1500,0.00177828,0,1.748550e-01
1525,0.00177828,0,1.748550e-01
1550,0.00177828,0,1.748550e-01
1575,0.00177828,0,1.748550e-01
1600,0.00177828,0,1.748550e-01
1625,0.00177828,0,1.748550e-01
1650,0.00177828,0,1.748550e-01
1675,0.00177828,0,1.748550e-01
1700,0.00177828,0,1.748550e-01
1725,0.00177828,0,1.748550e-01
1750,0.00177828,0,1.748550e-01
1775,0.00177828,0,1.748550e-01
1800,0.00177828,0,1.748550e-01
1825,0.00177828,0,1.748550e-01
1850,0.00177828,0,1.748560e-01
1875,0.00177828,0,1.748560e-01
1900,0.00177828,0,1.748560e-01
1925,0.00177828,0,1.748570e-01
1950,0.00177828,0,1.748580e-01
1975,0.00177828,0,1.748590e-01
2000,0.00177828,0,1.748610e-01
2025,0.00177828,0,1.748630e-01
2050,0.00177828,0,1.748660e-01
2075,0.00177828,0,1.748700e-01
2100,0.00177828,0,1.748760e-01
2125,0.00177828,0,1.748830e-01
2150,0.00177828,0,1.748930e-01
2175,0.00177828,0,1.749050e-01
2200,0.00177828,0,1.749210e-01
2225,0.00177828,0,1.749420e-01
2250,0.00177828,0,1.749690e-01
2275,0.00177828,0,1.750050e-01
2300,0.00177828,0,1.750500e-01
2325,0.00177828,0,1.751090e-01
2350,0.00177828,0,1.751840e-01
2375,0.00177828,0,1.752820e-01
2400,0.00177828,0,1.754090e-01
2425,0.00177828,0,1.755730e-01
2450,0.00177828,0,1.757870e-01
2475,0.00177828,0,1.760660e-01
2500,0.00177828,0,1.764290e-01
2525,0.00177828,0,1.769050e-01
2550,0.00177828,0,1.775310e-01
2575,0.00177828,0,1.783530e-01
2600,0.00177828,0,1.794360e-01
2625,0.00177828,0,1.808660e-01
2650,0.00177828,0,1.827560e-01
2675,0.00177828,0,1.852530e-01
2700,0.00177828,0,1.885580e-01
2725,0.00177828,0,1.929330e-01
2750,0.00177828,0,1.987260e-01
2775,0.00177828,0,2.064020e-01
2800,0.00177828,0,2.165850e-01
2825,0.00177828,0,2.301150e-01
2850,0.00177828,0,2.481420e-01
2875,0.00177828,0,2.722610e-01
2900,0.00177828,0,3.047330e-01
2925,0.00177828,0,3.488490e-01
2950,0.00177828,0,4.095790e-01
2975,0.00177828,0,4.947790e-01
3000,0.00177828,0,6.176340e-01
3025,0.00177828,0,8.021180e-01
3050,0.00177828,0,1.096900e+00
3075,0.00177828,0,1.618150e+00
3100,0.00177828,0,2.727940e+00
3125,0.00177828,0,6.390540e+00
3150,0.00177828,0,2.000000e+02
3175,0.00177828,0,2.000000e+02
3200,0.00177828,0,2.000000e+02
3225,0.00177828,0,2.000000e+02
3250,0.00177828,0,2.000000e+02
3275,0.00177828,0,2.000000e+02
3300,0.00177828,0,2.000000e+02
3325,0.00177828,0,2.000000e+02
3350,0.00177828,0,2.000000e+02
3375,0.00177828,0,2.000000e+02
3400,0.00177828,0,2.000000e+02
3425,0.00177828,0,2.000000e+02
3450,0.00177828,0,2.000000e+02
3475,0.00177828,0,2.000000e+02
3500,0.00177828,0,2.000000e+02
3525,0.00177828,0,2.000000e+02
3550,0.00177828,0,2.000000e+02
3575,0.00177828,0,2.000000e+02
3600,0.00177828,0,2.000000e+02
3625,0.00177828,0,2.000000e+02
3650,0.00177828,0,2.000000e+02
3675,0.00177828,0,2.000000e+02
3700,0.00177828,0,2.000000e+02
3725,0.00177828,0,2.000000e+02
3750,0.00177828,0,2.000000e+02
3775,0.00177828,0,2.000000e+02
3800,0.00177828,0,2.000000e+02
3825,0.00177828,0,2.000000e+02
3850,0.00177828,0,2.000000e+02
3875,0.00177828,0,2.000000e+02
3900,0.00177828,0,2.000000e+02
3925,0.00177828,0,2.000000e+02
3950,0.00177828,0,2.000000e+02
3975,0.00177828,0,2.000000e+02
4000,0.00177828,0,2.000000e+02
4025,0.00177828,0,2.000000e+02
4050,0.00177828,0,2.000000e+02
4075,0.00177828,0,2.000000e+02
4100,0.00177828,0,2.000000e+02
4125,0.00177828,0,2.000000e+02
4150,0.00177828,0,2.000000e+02
4175,0.00177828,0,2.000000e+02
4200,0.00177828,0,2.000000e+02
4225,0.00177828,0,2.000000e+02
4250,0.00177828,0,2.000000e+02
4275,0.00177828,0,2.000000e+02
4300,0.00177828,0,2.000000e+02
4325,0.00177828,0,2.000000e+02
4350,0.00177828,0,2.000000e+02
4375,0.00177828,0,2.000000e+02
4400,0.00177828,0,2.000000e+02
4425,0.00177828,0,2.000000e+02
4450,0.00177828,0,2.000000e+02
4475,0.00177828,0,2.000000e+02
4500,0.00177828,0,2.000000e+02
4525,0.00177828,0,2.000000e+02
4550,0.00177828,0,2.000000e+02
4575,0.00177828,0,2.000000e+02
4600,0.00177828,0,2.000000e+02
4625,0.00177828,0,2.000000e+02
4650,0.00177828,0,2.000000e+02
4675,0.00177828,0,2.000000e+02
4700,0.00177828,0,2.000000e+02
4725,0.00177828,0,2.000000e+02
4750,0.00177828,0,2.000000e+02
4775,0.00177828,0,2.000000e+02
4800,0.00177828,0,2.000000e+02
4825,0.00177828,0,2.000000e+02
4850,0.00177828,0,2.000000e+02
4875,0.00177828,0,2.000000e+02
4900,0.00177828,0,2.000000e+02
4925,0.00177828,0,2.000000e+02
4950,0.00177828,0,2.000000e+02
4975,0.00177828,0,2.000000e+02
5000,0.00177828,0,2.000000e+02
300,0.00316228,0,8.742740e-02
325,0.00316228,0,8.742740e-02
350,0.00316228,0,8.742740e-02
375,0.00316228,0,8.742750e-02
400,0.00316228,0,8.742780e-02
425,0.00316228,0,8.742910e-02
450,0.00316228,0,8.743420e-02
475,0.00316228,0,8.745040e-02
500,0.00316228,0,8.749630e-02
525,0.00316228,0,8.761350e-02
550,0.00316228,0,8.788640e-02
575,0.00316228,0,8.847210e-02
600,0.00316228,0,8.964050e-02
625,0.00316228,0,9.181740e-02
650,0.00316228,0,9.560880e-02
675,0.00316228,0,1.017550e-01
700,0.00316228,0,1.109150e-01
725,0.00316228,0,1.231650e-01
750,0.00316228,0,1.373030e-01
775,0.00316228,0,1.507590e-01
800,0.00316228,0,1.610430e-01
825,0.00316228,0,1.674970e-01
850,0.00316228,0,1.710450e-01
875,0.00316228,0,1.728760e-01
900,0.00316228,0,1.738070e-01
925,0.00316228,0,1.742850e-01
950,0.00316228,0,1.745360e-01
975,0.00316228,0,1.746710e-01
1000,0.00316228,0,1.747460e-01
1025,0.00316228,0,1.747890e-01
1050,0.00316228,0,1.748140e-01
1075,0.00316228,0,1.748290e-01
1100,0.00316228,0,1.748380e-01
1125,0.00316228,0,1.748440e-01
1150,0.00316228,0,1.748470e-01
1175,0.00316228,0,1.748500e-01
1200,0.00316228,0,1.748510e-01
1225,0.00316228,0,1.748520e-01
1250,0.00316228,0,1.748530e-01
1275,0.00316228,0,1.748530e-01
1300,0.00316228,0,1.748540e-01
1325,0.00316228,0,1.748540e-01
1350,0.00316228,0,1.748540e-01
1375,0.00316228,0,1.748540e-01
1400,0.00316228,0,1.748540e-01
1425,0.00316228,0,1.748550e-01
1450,0.00316228,0,1.748550e-01
1475,0.00316228,0,1.748550e-01
1500,0.00316228,0,1.748550e-01
1525,0.00316228,0,1.748550e-01
1550,0.00316228,0,1.748550e-01
1575,0.00316228,0,1.748550e-01
1600,0.00316228,0,1.748550e-01
1625,0.00316228,0,1.748550e-01
1650,0.00316228,0,1.748550e-01
1675,0.00316228,0,1.748550e-01
1700,0.00316228,0,1.748550e-01
1725,0.00316228,0,1.748550e-01
1750,0.00316228,0,1.748550e-01
1775,0.00316228,0,1.748550e-01
1800,0.00316228,0,1.748550e-01
1825,0.00316228,0,1.748550e-01
1850,0.00316228,0,1.748550e-01
1875,0.00316228,0,1.748560e-01
1900,0.00316228,0,1.748560e-01
1925,0.00316228,0,1.748560e-01
1950,0.00316228,0,1.748570e-01
1975,0.00316228,0,1.748580e-01
2000,0.00316228,0,1.748590e-01
2025,0.00316228,0,1.748610e-01
2050,0.00316228,0,1.748630e-01
2075,0.00316228,0,1.748660e-01
2100,0.00316228,0,1.748710e-01
2125,0.00316228,0,1.748760e-01
2150,0.00316228,0,1.748830e-01
2175,0.00316228,0,1.748920e-01
2200,0.00316228,0,1.749040e-01
2225,0.00316228,0,1.749200e-01
2250,0.00316228,0,1.749390e-01
2275,0.00316228,0,1.749650e-01
2300,0.00316228,0,1.749980e-01
2325,0.00316228,0,1.750400e-01
2350,0.00316228,0,1.750940e-01
2375,0.00316228,0,1.751630e-01
2400,0.00316228,0,1.752520e-01
2425,0.00316228,0,1.753650e-01
2450,0.00316228,0,1.755110e-01
2475,0.00316228,0,1.756990e-01
2500,0.00316228,0,1.759420e-01
2525,0.00316228,0,1.762560e-01
2550,0.00316228,0,1.766620e-01
2575,0.00316228,0,1.771900e-01
2600,0.00316228,0,1.778770e-01
2625,0.00316228,0,1.787730e-01
2650,0.00316228,0,1.799420e-01
2675,0.00316228,0,1.814720e-01
2700,0.00316228,0,1.834730e-01
2725,0.00316228,0,1.860930e-01
2750,0.00316228,0,1.895270e-01
2775,0.00316228,0,1.940270e-01
2800,0.00316228,0,1.999270e-01
2825,0.00316228,0,2.076680e-01
2850,0.00316228,0,2.178350e-01
2875,0.00316228,0,2.312090e-01
2900,0.00316228,0,2.488460e-01
2925,0.00316228,0,2.721960e-01
2950,0.00316228,0,3.032880e-01
2975,0.00316228,0,3.450300e-01
3000,0.00316228,0,4.017360e-01
3025,0.00316228,0,4.800760e-01
3050,0.00316228,0,5.909240e-01
3075,0.00316228,0,7.533140e-01
3100,0.00316228,0,1.003870e+00
3125,0.00316228,0,1.423260e+00
3150,0.00316228,0,2.230580e+00
3175,0.00316228,0,4.297660e+00
3200,0.00316228,0,1.807340e+01
3225,0.00316228,0,2.000000e+02
3250,0.00316228,0,2.000000e+02
3275,0.00316228,0,2.000000e+02
3300,0.00316228,0,2.000000e+02
3325,0.00316228,0,2.000000e+02
3350,0.00316228,0,2.000000e+02
3375,0.00316228,0,2.000000e+02
3400,0.00316228,0,2.000000e+02
3425,0.00316228,0,2.000000e+02
3450,0.00316228,0,2.000000e+02
3475,0.00316228,0,2.000000e+02
3500,0.00316228,0,2.000000e+02
3525,0.00316228,0,2.000000e+02
3550,0.00316228,0,2.000000e+02
3575,0.00316228,0,2.000000e+02
3600,0.00316228,0,2.000000e+02
3625,0.00316228,0,2.000000e+02
3650,0.00316228,0,2.000000e+02
3675,0.00316228,0,2.000000e+02
3700,0.00316228,0,2.000000e+02
3725,0.00316228,0,2.000000e+02
3750,0.00316228,0,2.000000e+02
3775,0.00316228,0,2.000000e+02
3800,0.00316228,0,2.000000e+02
3825,0.00316228,0,2.000000e+02
3850,0.00316228,0,2.000000e+02
3875,0.00316228,0,2.000000e+02
3900,0.00316228,0,2.000000e+02
3925,0.00316228,0,2.000000e+02
3950,0.00316228,0,2.000000e+02
3975,0.00316228,0,2.000000e+02
4000,0.00316228,0,2.000000e+02
4025,0.00316228,0,2.000000e+02
4050,0.00316228,0,2.000000e+02
4075,0.00316228,0,2.000000e+02
4100,0.00316228,0,2.000000e+02
4125,0.00316228,0,2.000000e+02
4150,0.00316228,0,2.000000e+02
4175,0.00316228,0,2.000000e+02
4200,0.00316228,0,2.000000e+02
4225,0.00316228,0,2.000000e+02
4250,0.00316228,0,2.000000e+02
4275,0.00316228,0,2.000000e+02
4300,0.00316228,0,2.000000e+02
4325,0.00316228,0,2.000000e+02
4350,0.00316228,0,2.000000e+02
4375,0.00316228,0,2.000000e+02
4400,0.00316228,0,2.000000e+02
4425,0.00316228,0,2.000000e+02
4450,0.00316228,0,2.000000e+02
4475,0.00316228,0,2.000000e+02
4500,0.00316228,0,2.000000e+02
4525,0.00316228,0,2.000000e+02
4550,0.00316228,0,2.000000e+02
4575,0.00316228,0,2.000000e+02
4600,0.00316228,0,2.000000e+02
4625,0.00316228,0,2.000000e+02
4650,0.00316228,0,2.000000e+02
4675,0.00316228,0,2.000000e+02
4700,0.00316228,0,2.000000e+02
4725,0.00316228,0,2.000000e+02
4750,0.00316228,0,2.000000e+02
4775,0.00316228,0,2.000000e+02
4800,0.00316228,0,2.000000e+02
4825,0.00316228,0,2.000000e+02
4850,0.00316228,0,2.000000e+02
4875,0.00316228,0,2.000000e+02
4900,0.00316228,0,2.000000e+02
4925,0.00316228,0,2.000000e+02
4950,0.00316228,0,2.000000e+02
4975,0.00316228,0,2.000000e+02
5000,0.00316228,0,2.000000e+02
300,0.00562341,0,8.742740e-02
325,0.00562341,0,8.742740e-02
350,0.00562341,0,8.742740e-02
375,0.00562341,0,8.742750e-02
400,0.00562341,0,8.742770e-02
425,0.00562341,0,8.742870e-02
450,0.00562341,0,8.743250e-02
475,0.00562341,0,8.744460e-02
500,0.00562341,0,8.747910e-02
525,0.00562341,0,8.756700e-02
550,0.00562341,0,8.777180e-02
575,0.00562341,0,8.821170e-02
600,0.00562341,0,8.909120e-02
625,0.00562341,0,9.073650e-02
650,0.00562341,0,9.362440e-02
675,0.00562341,0,9.837420e-02
700,0.00562341,0,1.056430e-01
725,0.00562341,0,1.158310e-01
750,0.00562341,0,1.285630e-01
775,0.00562341,0,1.422110e-01
800,0.00562341,0,1.543030e-01
825,0.00562341,0,1.630720e-01
850,0.00562341,0,1.684590e-01
875,0.00562341,0,1.714430e-01
900,0.00562341,0,1.730220e-01
925,0.00562341,0,1.738500e-01
950,0.00562341,0,1.742900e-01
975,0.00562341,0,1.745290e-01
1000,0.00562341,0,1.746620e-01
1025,0.00562341,0,1.747380e-01
1050,0.00562341,0,1.747820e-01
1075,0.00562341,0,1.748080e-01
1100,0.00562341,0,1.748250e-01
1125,0.00562341,0,1.748350e-01
1150,0.00562341,0,1.748410e-01
1175,0.00562341,0,1.748460e-01
1200,0.00562341,0,1.748480e-01
1225,0.00562341,0,1.748500e-01
1250,0.00562341,0,1.748520e-01
1275,0.00562341,0,1.748520e-01
1300,0.00562341,0,1.748530e-01
1325,0.00562341,0,1.748540e-01
1350,0.00562341,0,1.748540e-01
1375,0.00562341,0,1.748540e-01
1400,0.00562341,0,1.748540e-01
1425,0.00562341,0,1.748540e-01
1450,0.00562341,0,1.748540e-01
1475,0.00562341,0,1.748550e-01
1500,0.00562341,0,1.748550e-01
1525,0.00562341,0,1.748550e-01
1550,0.00562341,0,1.748550e-01
1575,0.00562341,0,1.748550e-01
1600,0.00562341,0,1.748550e-01
1625,0.00562341,0,1.748550e-01
1650,0.00562341,0,1.748550e-01
1675,0.00562341,0,1.748550e-01
1700,0.00562341,0,1.748550e-01
1725,0.00562341,0,1.748550e-01
1750,0.00562341,0,1.748550e-01
1775,0.00562341,0,1.748550e-01
1800,0.00562341,0,1.748550e-01
1825,0.00562341,0,1.748550e-01
1850,0.00562341,0,1.748550e-01
1875,0.00562341,0,1.748550e-01
1900,0.00562341,0,1.748560e-01
1925,0.00562341,0,1.748560e-01
1950,0.00562341,0,1.748570e-01
1975,0.00562341,0,1.748570e-01
2000,0.00562341,0,1.748580e-01
2025,0.00562341,0,1.748590e-01
2050,0.00562341,0,1.748610e-01
2075,0.00562341,0,1.748640e-01
2100,0.00562341,0,1.748670e-01
2125,0.00562341,0,1.748710e-01
2150,0.00562341,0,1.748760e-01
2175,0.00562341,0,1.748830e-01
2200,0.00562341,0,1.748920e-01
2225,0.00562341,0,1.749030e-01
2250,0.00562341,0,1.749180e-01
2275,0.00562341,0,1.749360e-01
2300,0.00562341,0,1.749600e-01
2325,0.00562341,0,1.749910e-01
2350,0.00562341,0,1.750300e-01
2375,0.00562341,0,1.750790e-01
2400,0.00562341,0,1.751420e-01
2425,0.00562341,0,1.752220e-01
2450,0.00562341,0,1.753230e-01
2475,0.00562341,0,1.754530e-01
2500,0.00562341,0,1.756180e-01
2525,0.00562341,0,1.758280e-01
2550,0.00562341,0,1.760980e-01
2575,0.00562341,0,1.764440e-01
2600,0.00562341,0,1.768890e-01
2625,0.00562341,0,1.774620e-01
2650,0.00562341,0,1.782020e-01
2675,0.00562341,0,1.791570e-01
2700,0.00562341,0,1.803940e-01
2725,0.00562341,0,1.819960e-01
2750,0.00562341,0,1.840720e-01
2775,0.00562341,0,1.867650e-01
2800,0.00562341,0,1.902600e-01
2825,0.00562341,0,1.947950e-01
2850,0.00562341,0,2.006850e-01
2875,0.00562341,0,2.083360e-01
2900,0.00562341,0,2.182870e-01
2925,0.00562341,0,2.312450e-01
2950,0.00562341,0,2.481610e-01
2975,0.00562341,0,2.703200e-01
3000,0.00562341,0,2.994950e-01
3025,0.00562341,0,3.381900e-01
3050,0.00562341,0,3.900460e-01
3075,0.00562341,0,4.605510e-01
3100,0.00562341,0,5.583910e-01
3125,0.00562341,0,6.981590e-01
3150,0.00562341,0,9.064430e-01
3175,0.00562341,0,1.237350e+00
3200,0.00562341,0,1.820430e+00
3225,0.00562341,0,3.061280e+00
3250,0.00562341,0,7.182070e+00
3275,0.00562341,0,2.000000e+02
3300,0.00562341,0,2.000000e+02
3325,0.00562341,0,2.000000e+02
3350,0.00562341,0,2.000000e+02
3375,0.00562341,0,2.000000e+02
3400,0.00562341,0,2.000000e+02
3425,0.00562341,0,2.000000e+02
3450,0.00562341,0,2.000000e+02
3475,0.00562341,0,2.000000e+02
3500,0.00562341,0,2.000000e+02
3525,0.00562341,0,2.000000e+02
3550,0.00562341,0,2.000000e+02
3575,0.00562341,0,2.000000e+02
3600,0.00562341,0,2.000000e+02
3625,0.00562341,0,2.000000e+02
3650,0.00562341,0,2.000000e+02
3675,0.00562341,0,2.000000e+02
3700,0.00562341,0,2.000000e+02
3725,0.00562341,0,2.000000e+02
3750,0.00562341,0,2.000000e+02
3775,0.00562341,0,2.000000e+02
3800,0.00562341,0,2.000000e+02
3825,0.00562341,0,2.000000e+02
3850,0.00562341,0,2.000000e+02
3875,0.00562341,0,2.000000e+02
3900,0.00562341,0,2.000000e+02
3925,0.00562341,0,2.000000e+02
3950,0.00562341,0,2.000000e+02
3975,0.00562341,0,2.000000e+02
4000,0.00562341,0,2.000000e+02
4025,0.00562341,0,2.000000e+02
4050,0.00562341,0,2.000000e+02
4075,0.00562341,0,2.000000e+02
4100,0.00562341,0,2.000000e+02
4125,0.00562341,0,2.000000e+02
4150,0.00562341,0,2.000000e+02
4175,0.00562341,0,2.000000e+02
4200,0.00562341,0,2.000000e+02
4225,0.00562341,0,2.000000e+02
4250,0.00562341,0,2.000000e+02
4275,0.00562341,0,2.000000e+02
4300,0.00562341,0,2.000000e+02
4325,0.00562341,0,2.000000e+02
4350,0.00562341,0,2.000000e+02
4375,0.00562341,0,2.000000e+02
4400,0.00562341,0,2.000000e+02
4425,0.00562341,0,2.000000e+02
4450,0.00562341,0,2.000000e+02
4475,0.00562341,0,2.000000e+02
4500,0.00562341,0,2.000000e+02
4525,0.00562341,0,2.000000e+02
4550,0.00562341,0,2.000000e+02
4575,0.00562341,0,2.000000e+02
4600,0.00562341,0,2.000000e+02
4625,0.00562341,0,2.000000e+02
4650,0.00562341,0,2.000000e+02
4675,0.00562341,0,2.000000e+02
4700,0.00562341,0,2.000000e+02
4725,0.00562341,0,2.000000e+02
4750,0.00562341,0,2.000000e+02
4775,0.00562341,0,2.000000e+02
4800,0.00562341,0,2.000000e+02
4825,0.00562341,0,2.000000e+02
4850,0.00562341,0,2.000000e+02
4875,0.00562341,0,2.000000e+02
4900,0.00562341,0,2.000000e+02
4925,0.00562341,0,2.000000e+02
4950,0.00562341,0,2.000000e+02
4975,0.00562341,0,2.000000e+02
5000,0.00562341,0,2.000000e+02
300,0.01,0,8.742740e-02
325,0.01,0,8.742740e-02
350,0.01,0,8.742740e-02
375,0.01,0,8.742740e-02
400,0.01,0,8.742760e-02
425,0.01,0,8.742840e-02
450,0.01,0,8.743120e-02
475,0.01,0,8.744030e-02
500,0.01,0,8.746620e-02
525,0.01,0,8.753210e-02
550,0.01,0,8.768580e-02
575,0.01,0,8.801610e-02
600,0.01,0,8.867750e-02
625,0.01,0,8.991850e-02
650,0.01,0,9.210920e-02
675,0.01,0,9.575030e-02
700,0.01,0,1.014280e-01
725,0.01,0,1.096580e-01
750,0.01,0,1.205450e-01
775,0.01,0,1.333250e-01
800,0.01,0,1.461720e-01
825,0.01,0,1.569380e-01
850,0.01,0,1.644860e-01
875,0.01,0,1.690950e-01
900,0.01,0,1.716880e-01
925,0.01,0,1.730970e-01
950,0.01,0,1.738600e-01
975,0.01,0,1.742790e-01
1000,0.01,0,1.745130e-01
1025,0.01,0,1.746470e-01
1050,0.01,0,1.747250e-01
1075,0.01,0,1.747720e-01
1100,0.01,0,1.748010e-01
1125,0.01,0,1.748190e-01
1150,0.01,0,1.748310e-01
1175,0.01,0,1.748380e-01
1200,0.01,0,1.748430e-01
1225,0.01,0,1.748470e-01
1250,0.01,0,1.748490e-01
1275,0.01,0,1.748510e-01
1300,0.01,0,1.748520e-01
1325,0.01,0,1.748520e-01
1350,0.01,0,1.748530e-01
1375,0.01,0,1.748530e-01
1400,0.01,0,1.748540e-01
1425,0.01,0,1.748540e-01
1450,0.01,0,1.748540e-01
1475,0.01,0,1.748540e-01
1500,0.01,0,1.748540e-01
1525,0.01,0,1.748540e-01
1550,0.01,0,1.748550e-01
1575,0.01,0,1.748550e-01
1600,0.01,0,1.748550e-01
1625,0.01,0,1.748550e-01
1650,0.01,0,1.748550e-01
1675,0.01,0,1.748550e-01
1700,0.01,0,1.748550e-01
1725,0.01,0,1.748550e-01
1750,0.01,0,1.748550e-01
1775,0.01,0,1.748550e-01
1800,0.01,0,1.748550e-01
1825,0.01,0,1.748550e-01
1850,0.01,0,1.748550e-01
1875,0.01,0,1.748550e-01
1900,0.01,0,1.748550e-01
1925,0.01,0,1.748560e-01
1950,0.01,0,1.748560e-01
1975,0.01,0,1.748570e-01
2000,0.01,0,1.748570e-01
2025,0.01,0,1.748580e-01
2050,0.01,0,1.748600e-01
2075,0.01,0,1.748610e-01
2100,0.01,0,1.748640e-01
2125,0.01,0,1.748670e-01
2150,0.01,0,1.748710e-01
2175,0.01,0,1.748760e-01
2200,0.01,0,1.748820e-01
2225,0.01,0,1.748910e-01
2250,0.01,0,1.749010e-01
2275,0.01,0,1.749150e-01
2300,0.01,0,1.749330e-01
2325,0.01,0,1.749550e-01
2350,0.01,0,1.749830e-01
2375,0.01,0,1.750190e-01
2400,0.01,0,1.750640e-01
2425,0.01,0,1.751210e-01
2450,0.01,0,1.751930e-01
2475,0.01,0,1.752830e-01
2500,0.01,0,1.753970e-01
2525,0.01,0,1.755420e-01
2550,0.01,0,1.757240e-01
2575,0.01,0,1.759560e-01
2600,0.01,0,1.762500e-01
2625,0.01,0,1.766250e-01
2650,0.01,0,1.771020e-01
2675,0.01,0,1.777120e-01
2700,0.01,0,1.784920e-01
2725,0.01,0,1.794920e-01
2750,0.01,0,1.807730e-01
2775,0.01,0,1.824180e-01
2800,0.01,0,1.845300e-01
2825,0.01,0,1.872440e-01
2850,0.01,0,1.907320e-01
2875,0.01,0,1.952160e-01
2900,0.01,0,2.009830e-01
2925,0.01,0,2.084040e-01
2950,0.01,0,2.179610e-01
2975,0.01,0,2.302840e-01
3000,0.01,0,2.462070e-01
3025,0.01,0,2.668450e-01
3050,0.01,0,2.937140e-01
3075,0.01,0,3.289150e-01
3100,0.01,0,3.754420e-01
3125,0.01,0,4.376960e-01
3150,0.01,0,5.224210e-01
3175,0.01,0,6.405000e-01
3200,0.01,0,8.107130e-01
3225,0.01,0,1.068510e+00
3250,0.01,0,1.489770e+00
3275,0.01,0,2.271130e+00
3300,0.01,0,4.124530e+00
3325,0.01,0,1.297250e+01
3350,0.01,0,2.000000e+02
3375,0.01,0,2.000000e+02
3400,0.01,0,2.000000e+02
3425,0.01,0,2.000000e+02
3450,0.01,0,2.000000e+02
3475,0.01,0,2.000000e+02
3500,0.01,0,2.000000e+02
3525,0.01,0,2.000000e+02
3550,0.01,0,2.000000e+02
3575,0.01,0,2.000000e+02
3600,0.01,0,2.000000e+02
3625,0.01,0,2.000000e+02
3650,0.01,0,2.000000e+02
3675,0.01,0,2.000000e+02
3700,0.01,0,2.000000e+02
3725,0.01,0,2.000000e+02
3750,0.01,0,2.000000e+02
3775,0.01,0,2.000000e+02
3800,0.01,0,2.000000e+02
3825,0.01,0,2.000000e+02
3850,0.01,0,2.000000e+02
3875,0.01,0,2.000000e+02
3900,0.01,0,2.000000e+02
3925,0.01,0,2.000000e+02
3950,0.01,0,2.000000e+02
3975,0.01,0,2.000000e+02
4000,0.01,0,2.000000e+02
4025,0.01,0,2.000000e+02
4050,0.01,0,2.000000e+02
4075,0.01,0,2.000000e+02
4100,0.01,0,2.000000e+02
4125,0.01,0,2.000000e+02
4150,0.01,0,2.000000e+02
4175,0.01,0,2.000000e+02
4200,0.01,0,2.000000e+02
4225,0.01,0,2.000000e+02
4250,0.01,0,2.000000e+02
4275,0.01,0,2.000000e+02
4300,0.01,0,2.000000e+02
4325,0.01,0,2.000000e+02
4350,0.01,0,2.000000e+02
4375,0.01,0,2.000000e+02
4400,0.01,0,2.000000e+02
4425,0.01,0,2.000000e+02
4450,0.01,0,2.000000e+02
4475,0.01,0,2.000000e+02
4500,0.01,0,2.000000e+02
4525,0.01,0,2.000000e+02
4550,0.01,0,2.000000e+02
4575,0.01,0,2.000000e+02
4600,0.01,0,2.000000e+02
4625,0.01,0,2.000000e+02
4650,0.01,0,2.000000e+02
4675,0.01,0,2.000000e+02
4700,0.01,0,2.000000e+02
4725,0.01,0,2.000000e+02
4750,0.01,0,2.000000e+02
4775,0.01,0,2.000000e+02
4800,0.01,0,2.000000e+02
4825,0.01,0,2.000000e+02
4850,0.01,0,2.000000e+02
4875,0.01,0,2.000000e+02
4900,0.01,0,2.000000e+02
4925,0.01,0,2.000000e+02
4950,0.01,0,2.000000e+02
4975,0.01,0,2.000000e+02
5000,0.01,0,2.000000e+02
300,0.0177828,0,8.742740e-02
325,0.0177828,0,8.742740e-02
350,0.0177828,0,8.742740e-02
375,0.0177828,0,8.742740e-02
400,0.0177828,0,8.742760e-02
425,0.0177828,0,8.742810e-02
450,0.0177828,0,8.743030e-02
475,0.0177828,0,8.743710e-02
500,0.0177828,0,8.745650e-02
525,0.0177828,0,8.750590e-02
550,0.0177828,0,8.762120e-02
575,0.0177828,0,8.786920e-02
600,0.0177828,0,8.836620e-02
625,0.0177828,0,8.930090e-02
650,0.0177828,0,9.095780e-02
675,0.0177828,0,9.373280e-02
700,0.0177828,0,9.811920e-02
725,0.0177828,0,1.046290e-01
750,0.0177828,0,1.135980e-01
775,0.0177828,0,1.248480e-01
800,0.0177828,0,1.373380e-01
825,0.0177828,0,1.492480e-01
850,0.0177828,0,1.588380e-01
875,0.0177828,0,1.654400e-01
900,0.0177828,0,1.694890e-01
925,0.0177828,0,1.718140e-01
950,0.0177828,0,1.731140e-01
975,0.0177828,0,1.738400e-01
1000,0.0177828,0,1.742500e-01
1025,0.0177828,0,1.744860e-01
1050,0.0177828,0,1.746250e-01
1075,0.0177828,0,1.747090e-01
1100,0.0177828,0,1.747600e-01
1125,0.0177828,0,1.747920e-01
1150,0.0177828,0,1.748120e-01
1175,0.0177828,0,1.748260e-01
1200,0.0177828,0,1.748340e-01
1225,0.0177828,0,1.748400e-01
1250,0.0177828,0,1.748440e-01
1275,0.0177828,0,1.748470e-01
1300,0.0177828,0,1.748490e-01
1325,0.0177828,0,1.748510e-01
1350,0.0177828,0,1.748520e-01
1375,0.0177828,0,1.748520e-01
1400,0.0177828,0,1.748530e-01
1425,0.0177828,0,1.748530e-01
1450,0.0177828,0,1.748540e-01
1475,0.0177828,0,1.748540e-01
1500,0.0177828,0,1.748540e-01
1525,0.0177828,0,1.748540e-01
1550,0.0177828,0,1.748540e-01
1575,0.0177828,0,1.748540e-01
1600,0.0177828,0,1.748550e-01
1625,0.0177828,0,1.748550e-01
1650,0.0177828,0,1.748550e-01
1675,0.0177828,0,1.748550e-01
1700,0.0177828,0,1.748550e-01
1725,0.0177828,0,1.748550e-01
1750,0.0177828,0,1.748550e-01
1775,0.0177828,0,1.748550e-01
1800,0.0177828,0,1.748550e-01
1825,0.0177828,0,1.748550e-01
1850,0.0177828,0,1.748550e-01
1875,0.0177828,0,1.748550e-01
1900,0.0177828,0,1.748550e-01
1925,0.0177828,0,1.748550e-01
1950,0.0177828,0,1.748560e-01
1975,0.0177828,0,1.748560e-01
2000,0.0177828,0,1.748570e-01
2025,0.0177828,0,1.748570e-01
2050,0.0177828,0,1.748580e-01
2075,0.0177828,0,1.748600e-01
2100,0.0177828,0,1.748610e-01
2125,0.0177828,0,1.748640e-01
2150,0.0177828,0,1.748670e-01
2175,0.0177828,0,1.748700e-01
2200,0.0177828,0,1.748750e-01
2225,0.0177828,0,1.748820e-01
2250,0.0177828,0,1.748900e-01
2275,0.0177828,0,1.749000e-01
2300,0.0177828,0,1.749130e-01
2325,0.0177828,0,1.749290e-01
2350,0.0177828,0,1.749500e-01
2375,0.0177828,0,1.749760e-01
2400,0.0177828,0,1.750090e-01
2425,0.0177828,0,1.750490e-01
2450,0.0177828,0,1.751010e-01
2475,0.0177828,0,1.751650e-01
2500,0.0177828,0,1.752450e-01
2525,0.0177828,0,1.753460e-01
2550,0.0177828,0,1.754720e-01
2575,0.0177828,0,1.756300e-01
2600,0.0177828,0,1.758280e-01
2625,0.0177828,0,1.760780e-01
2650,0.0177828,0,1.763930e-01
2675,0.0177828,0,1.767910e-01
2700,0.0177828,0,1.772930e-01
2725,0.0177828,0,1.779300e-01
2750,0.0177828,0,1.787380e-01
2775,0.0177828,0,1.797630e-01
2800,0.0177828,0,1.810660e-01
2825,0.0177828,0,1.827230e-01
2850,0.0177828,0,1.848320e-01
2875,0.0177828,0,1.875160e-01
2900,0.0177828,0,1.909350e-01
2925,0.0177828,0,1.952880e-01
2950,0.0177828,0,2.008350e-01
2975,0.0177828,0,2.079050e-01
3000,0.0177828,0,2.169220e-01
3025,0.0177828,0,2.284360e-01
3050,0.0177828,0,2.431660e-01
3075,0.0177828,0,2.620560e-01
3100,0.0177828,0,2.863760e-01
3125,0.0177828,0,3.178510e-01
3150,0.0177828,0,3.588900e-01
3175,0.0177828,0,4.129400e-01
3200,0.0177828,0,4.851230e-01
3225,0.0177828,0,5.833760e-01
3250,0.0177828,0,7.207070e-01
3275,0.0177828,0,9.200240e-01
3300,0.0177828,0,1.225770e+00
3325,0.0177828,0,1.736950e+00
3350,0.0177828,0,2.727200e+00
3375,0.0177828,0,5.323750e+00
3400,0.0177828,0,2.528000e+01
3425,0.0177828,0,2.000000e+02
3450,0.0177828,0,2.000000e+02
3475,0.0177828,0,2.000000e+02
3500,0.0177828,0,2.000000e+02
3525,0.0177828,0,2.000000e+02
3550,0.0177828,0,2.000000e+02
3575,0.0177828,0,2.000000e+02
3600,0.0177828,0,2.000000e+02
3625,0.0177828,0,2.000000e+02
3650,0.0177828,0,2.000000e+02
3675,0.0177828,0,2.000000e+02
3700,0.0177828,0,2.000000e+02
3725,0.0177828,0,2.000000e+02
3750,0.0177828,0,2.000000e+02
3775,0.0177828,0,2.000000e+02
3800,0.0177828,0,2.000000e+02
3825,0.0177828,0,2.000000e+02
3850,0.0177828,0,2.000000e+02
3875,0.0177828,0,2.000000e+02
3900,0.0177828,0,2.000000e+02
3925,0.0177828,0,2.000000e+02
3950,0.0177828,0,2.000000e+02
3975,0.0177828,0,2.000000e+02
4000,0.0177828,0,2.000000e+02
4025,0.0177828,0,2.000000e+02
4050,0.0177828,0,2.000000e+02
4075,0.0177828,0,2.000000e+02
4100,0.0177828,0,2.000000e+02
4125,0.0177828,0,2.000000e+02
4150,0.0177828,0,2.000000e+02
4175,0.0177828,0,2.000000e+02
4200,0.0177828,0,2.000000e+02
4225,0.0177828,0,2.000000e+02
4250,0.0177828,0,2.000000e+02
4275,0.0177828,0,2.000000e+02
4300,0.0177828,0,2.000000e+02
4325,0.0177828,0,2.000000e+02
4350,0.0177828,0,2.000000e+02
4375,0.0177828,0,2.000000e+02
4400,0.0177828,0,2.000000e+02
4425,0.0177828,0,2.000000e+02
4450,0.0177828,0,2.000000e+02
4475,0.0177828,0,2.000000e+02
4500,0.0177828,0,2.000000e+02
4525,0.0177828,0,2.000000e+02
4550,0.0177828,0,2.000000e+02
4575,0.0177828,0,2.000000e+02
4600,0.0177828,0,2.000000e+02
4625,0.0177828,0,2.000000e+02
4650,0.0177828,0,2.000000e+02
4675,0.0177828,0,2.000000e+02
4700,0.0177828,0,2.000000e+02
4725,0.0177828,0,2.000000e+02
4750,0.0177828,0,2.000000e+02
4775,0.0177828,0,2.000000e+02
4800,0.0177828,0,2.000000e+02
4825,0.0177828,0,2.000000e+02
4850,0.0177828,0,2.000000e+02
4875,0.0177828,0,2.000000e+02
4900,0.0177828,0,2.000000e+02
4925,0.0177828,0,2.000000e+02
4950,0.0177828,0,2.000000e+02
4975,0.0177828,0,2.000000e+02
5000,0.0177828,0,2.000000e+02
300,0.0316228,0,8.742740e-02
325,0.0316228,0,8.742740e-02
350,0.0316228,0,8.742740e-02
375,0.0316228,0,8.742740e-02
400,0.0316228,0,8.742750e-02
425,0.0316228,0,8.742800e-02
450,0.0316228,0,8.742960e-02
475,0.0316228,0,8.743470e-02
500,0.0316228,0,8.744920e-02
525,0.0316228,0,8.748630e-02
550,0.0316228,0,8.757280e-02
575,0.0316228,0,8.775880e-02
600,0.0316228,0,8.813210e-02
625,0.0316228,0,8.883530e-02
650,0.0316228,0,9.008580e-02
675,0.0316228,0,9.219170e-02
700,0.0316228,0,9.555350e-02
725,0.0316228,0,1.006280e-01
750,0.0316228,0,1.078230e-01
775,0.0316228,0,1.172840e-01
800,0.0316228,0,1.285960e-01
825,0.0316228,0,1.405760e-01
850,0.0316228,0,1.515440e-01
875,0.0316228,0,1.601490e-01
900,0.0316228,0,1.660380e-01
925,0.0316228,0,1.696940e-01
950,0.0316228,0,1.718430e-01
975,0.0316228,0,1.730790e-01
1000,0.0316228,0,1.737900e-01
1025,0.0316228,0,1.742030e-01
1050,0.0316228,0,1.744480e-01
1075,0.0316228,0,1.745950e-01
1100,0.0316228,0,1.746860e-01
1125,0.0316228,0,1.747430e-01
1150,0.0316228,0,1.747790e-01
1175,0.0316228,0,1.748030e-01
1200,0.0316228,0,1.748190e-01
1225,0.0316228,0,1.748290e-01
1250,0.0316228,0,1.748360e-01
1275,0.0316228,0,1.748410e-01
1300,0.0316228,0,1.748450e-01
1325,0.0316228,0,1.748470e-01
1350,0.0316228,0,1.748490e-01
1375,0.0316228,0,1.748510e-01
1400,0.0316228,0,1.748520e-01
1425,0.0316228,0,1.748520e-01
1450,0.0316228,0,1.748530e-01
1475,0.0316228,0,1.748530e-01
1500,0.0316228,0,1.748540e-01
1525,0.0316228,0,1.748540e-01
1550,0.0316228,0,1.748540e-01
1575,0.0316228,0,1.748540e-01
1600,0.0316228,0,1.748540e-01
1625,0.0316228,0,1.748540e-01
1650,0.0316228,0,1.748540e-01
1675,0.0316228,0,1.748550e-01
1700,0.0316228,0,1.748550e-01
1725,0.0316228,0,1.748550e-01
1750,0.0316228,0,1.748550e-01
1775,0.0316228,0,1.748550e-01
1800,0.0316228,0,1.748550e-01
1825,0.0316228,0,1.748550e-01
1850,0.0316228,0,1.748550e-01
1875,0.0316228,0,1.748550e-01
1900,0.0316228,0,1.748550e-01
1925,0.0316228,0,1.748550e-01
1950,0.0316228,0,1.748550e-01
1975,0.0316228,0,1.748560e-01
2000,0.0316228,0,1.748560e-01
2025,0.0316228,0,1.748570e-01
2050,0.0316228,0,1.748570e-01
2075,0.0316228,0,1.748580e-01
2100,0.0316228,0,1.748600e-01
2125,0.0316228,0,1.748610e-01
2150,0.0316228,0,1.748640e-01
2175,0.0316228,0,1.748660e-01
2200,0.0316228,0,1.748700e-01
2225,0.0316228,0,1.748750e-01
2250,0.0316228,0,1.748810e-01
2275,0.0316228,0,1.748880e-01
2300,0.0316228,0,1.748980e-01
2325,0.0316228,0,1.749100e-01
2350,0.0316228,0,1.749250e-01
2375,0.0316228,0,1.749440e-01
2400,0.0316228,0,1.749680e-01
2425,0.0316228,0,1.749980e-01
2450,0.0316228,0,1.750350e-01
2475,0.0316228,0,1.750810e-01
2500,0.0316228,0,1.751380e-01
2525,0.0316228,0,1.752090e-01
2550,0.0316228,0,1.752970e-01
2575,0.0316228,0,1.754070e-01
2600,0.0316228,0,1.755440e-01
2625,0.0316228,0,1.757140e-01
2650,0.0316228,0,1.759260e-01
2675,0.0316228,0,1.761900e-01
2700,0.0316228,0,1.765210e-01
2725,0.0316228,0,1.769360e-01
2750,0.0316228,0,1.774560e-01
2775,0.0316228,0,1.781090e-01
2800,0.0316228,0,1.789290e-01
2825,0.0316228,0,1.799620e-01
2850,0.0316228,0,1.812640e-01
2875,0.0316228,0,1.829040e-01
2900,0.0316228,0,1.849720e-01
2925,0.0316228,0,1.875820e-01
2950,0.0316228,0,1.908740e-01
2975,0.0316228,0,1.950290e-01
3000,0.0316228,0,2.002740e-01
3025,0.0316228,0,2.068970e-01
3050,0.0316228,0,2.152650e-01
3075,0.0316228,0,2.258490e-01
3100,0.0316228,0,2.392550e-01
3125,0.0316228,0,2.562710e-01
3150,0.0316228,0,2.779370e-01
3175,0.0316228,0,3.056460e-01
3200,0.0316228,0,3.412950e-01
3225,0.0316228,0,3.875380e-01
3250,0.0316228,0,4.481920e-01
3275,0.0316228,0,5.289540e-01
3300,0.0316228,0,6.387170e-01
3325,0.0316228,0,7.921860e-01
3350,0.0316228,0,1.015560e+00
3375,0.0316228,0,1.360490e+00
3400,0.0316228,0,1.944790e+00
3425,0.0316228,0,3.107000e+00
3450,0.0316228,0,6.362080e+00
3475,0.0316228,0,4.642400e+01
3500,0.0316228,0,2.000000e+02
3525,0.0316228,0,2.000000e+02
3550,0.0316228,0,2.000000e+02
3575,0.0316228,0,2.000000e+02
3600,0.0316228,0,2.000000e+02
3625,0.0316228,0,2.000000e+02
3650,0.0316228,0,2.000000e+02
3675,0.0316228,0,2.000000e+02
3700,0.0316228,0,2.000000e+02
3725,0.0316228,0,2.000000e+02
3750,0.0316228,0,2.000000e+02
3775,0.0316228,0,2.000000e+02
3800,0.0316228,0,2.000000e+02
3825,0.0316228,0,2.000000e+02
3850,0.0316228,0,2.000000e+02
3875,0.0316228,0,2.000000e+02
3900,0.0316228,0,2.000000e+02
3925,0.0316228,0,2.000000e+02
3950,0.0316228,0,2.000000e+02
3975,0.0316228,0,2.000000e+02
4000,0.0316228,0,2.000000e+02
4025,0.0316228,0,2.000000e+02
4050,0.0316228,0,2.000000e+02
4075,0.0316228,0,2.000000e+02
4100,0.0316228,0,2.000000e+02
4125,0.0316228,0,2.000000e+02
4150,0.0316228,0,2.000000e+02
4175,0.0316228,0,2.000000e+02
4200,0.0316228,0,2.000000e+02
4225,0.0316228,0,2.000000e+02
4250,0.0316228,0,2.000000e+02
4275,0.0316228,0,2.000000e+02
4300,0.0316228,0,2.000000e+02
4325,0.0316228,0,2.000000e+02
4350,0.0316228,0,2.000000e+02
4375,0.0316228,0,2.000000e+02
4400,0.0316228,0,2.000000e+02
4425,0.0316228,0,2.000000e+02
4450,0.0316228,0,2.000000e+02
4475,0.0316228,0,2.000000e+02
4500,0.0316228,0,2.000000e+02
4525,0.0316228,0,2.000000e+02
4550,0.0316228,0,2.000000e+02
4575,0.0316228,0,2.000000e+02
4600,0.0316228,0,2.000000e+02
4625,0.0316228,0,2.000000e+02
4650,0.0316228,0,2.000000e+02
4675,0.0316228,0,2.000000e+02
4700,0.0316228,0,2.000000e+02
4725,0.0316228,0,2.000000e+02
4750,0.0316228,0,2.000000e+02
4775,0.0316228,0,2.000000e+02
4800,0.0316228,0,2.000000e+02
4825,0.0316228,0,2.000000e+02
4850,0.0316228,0,2.000000e+02
4875,0.0316228,0,2.000000e+02
4900,0.0316228,0,2.000000e+02
4925,0.0316228,0,2.000000e+02
4950,0.0316228,0,2.000000e+02
4975,0.0316228,0,2.000000e+02
5000,0.0316228,0,2.000000e+02
300,0.0562341,0,8.742740e-02
325,0.0562341,0,8.742740e-02
350,0.0562341,0,8.742740e-02
375,0.0562341,0,8.742740e-02
400,0.0562341,0,8.742750e-02
425,0.0562341,0,8.742780e-02
450,0.0562341,0,8.742900e-02
475,0.0562341,0,8.743290e-02
500,0.0562341,0,8.744380e-02
525,0.0562341,0,8.747160e-02
550,0.0562341,0,8.753640e-02
575,0.0562341,0,8.767600e-02
600,0.0562341,0,8.795630e-02
625,0.0562341,0,8.848490e-02
650,0.0562341,0,8.942710e-02
675,0.0562341,0,9.102040e-02
700,0.0562341,0,9.358210e-02
725,0.0562341,0,9.749620e-02
750,0.0562341,0,1.031600e-01
775,0.0562341,0,1.108620e-01
800,0.0562341,0,1.205750e-01
825,0.0562341,0,1.317150e-01
850,0.0562341,0,1.430720e-01
875,0.0562341,0,1.531720e-01
900,0.0562341,0,1.609850e-01
925,0.0562341,0,1.663510e-01
950,0.0562341,0,1.697410e-01
975,0.0562341,0,1.717840e-01
1000,0.0562341,0,1.729930e-01
1025,0.0562341,0,1.737090e-01
1050,0.0562341,0,1.741360e-01
1075,0.0562341,0,1.743950e-01
1100,0.0562341,0,1.745550e-01
1125,0.0562341,0,1.746560e-01
1150,0.0562341,0,1.747210e-01
1175,0.0562341,0,1.747630e-01
1200,0.0562341,0,1.747900e-01
1225,0.0562341,0,1.748090e-01
1250,0.0562341,0,1.748220e-01
1275,0.0562341,0,1.748310e-01
1300,0.0562341,0,1.748370e-01
1325,0.0562341,0,1.748420e-01
1350,0.0562341,0,1.748450e-01
1375,0.0562341,0,1.748470e-01
1400,0.0562341,0,1.748490e-01
1425,0.0562341,0,1.748500e-01
1450,0.0562341,0,1.748510e-01
1475,0.0562341,0,1.748520e-01
1500,0.0562341,0,1.748530e-01
1525,0.0562341,0,1.748530e-01
1550,0.0562341,0,1.748530e-01
1575,0.0562341,0,1.748540e-01
1600,0.0562341,0,1.748540e-01
1625,0.0562341,0,1.748540e-01
1650,0.0562341,0,1.748540e-01
1675,0.0562341,0,1.748540e-01
1700,0.0562341,0,1.748540e-01
1725,0.0562341,0,1.748540e-01
1750,0.0562341,0,1.748540e-01
1775,0.0562341,0,1.748550e-01
1800,0.0562341,0,1.748550e-01
1825,0.0562341,0,1.748550e-01
1850,0.0562341,0,1.748550e-01
1875,0.0562341,0,1.748550e-01
1900,0.0562341,0,1.748550e-01
1925,0.0562341,0,1.748550e-01
1950,0.0562341,0,1.748550e-01
1975,0.0562341,0,1.748550e-01
2000,0.0562341,0,1.748560e-01
2025,0.0562341,0,1.748560e-01
2050,0.0562341,0,1.748570e-01
2075,0.0562341,0,1.748580e-01
2100,0.0562341,0,1.748580e-01
2125,0.0562341,0,1.748600e-01
2150,0.0562341,0,1.748610e-01
2175,0.0562341,0,1.748630e-01
2200,0.0562341,0,1.748660e-01
2225,0.0562341,0,1.748700e-01
2250,0.0562341,0,1.748740e-01
2275,0.0562341,0,1.748800e-01
2300,0.0562341,0,1.748870e-01
2325,0.0562341,0,1.748960e-01
2350,0.0562341,0,1.749070e-01
2375,0.0562341,0,1.749210e-01
2400,0.0562341,0,1.749390e-01
2425,0.0562341,0,1.749610e-01
2450,0.0562341,0,1.749870e-01
2475,0.0562341,0,1.750210e-01
2500,0.0562341,0,1.750620e-01
2525,0.0562341,0,1.751130e-01
2550,0.0562341,0,1.751760e-01
2575,0.0562341,0,1.752530e-01
2600,0.0562341,0,1.753480e-01
2625,0.0562341,0,1.754660e-01
2650,0.0562341,0,1.756110e-01
2675,0.0562341,0,1.757910e-01
2700,0.0562341,0,1.760130e-01
2725,0.0562341,0,1.762890e-01
2750,0.0562341,0,1.766310e-01
2775,0.0562341,0,1.770550e-01
2800,0.0562341,0,1.775840e-01
2825,0.0562341,0,1.782420e-01
2850,0.0562341,0,1.790620e-01
2875,0.0562341,0,1.800850e-01
2900,0.0562341,0,1.813630e-01
2925,0.0562341,0,1.829590e-01
2950,0.0562341,0,1.849540e-01
2975,0.0562341,0,1.874490e-01
3000,0.0562341,0,1.905690e-01
3025,0.0562341,0,1.944710e-01
3050,0.0562341,0,1.993530e-01
3075,0.0562341,0,2.054610e-01
3100,0.0562341,0,2.131090e-01
3125,0.0562341,0,2.226910e-01
3150,0.0562341,0,2.347100e-01
3175,0.0562341,0,2.498130e-01
3200,0.0562341,0,2.688390e-01
3225,0.0562341,0,2.928910e-01
3250,0.0562341,0,3.234420e-01
3275,0.0562341,0,3.625030e-01
3300,0.0562341,0,4.128810e-01
3325,0.0562341,0,4.786160e-01
3350,0.0562341,0,5.657440e-01
3375,0.0562341,0,6.836940e-01
3400,0.0562341,0,8.480810e-01
3425,0.0562341,0,1.086770e+00
3450,0.0562341,0,1.454800e+00
3475,0.0562341,0,2.078040e+00
3500,0.0562341,0,3.319800e+00
3525,0.0562341,0,6.820020e+00
3550,0.0562341,0,5.250340e+01
3575,0.0562341,0,2.000000e+02
3600,0.0562341,0,2.000000e+02
3625,0.0562341,0,2.000000e+02
3650,0.0562341,0,2.000000e+02
3675,0.0562341,0,2.000000e+02
3700,0.0562341,0,2.000000e+02
3725,0.0562341,0,2.000000e+02
3750,0.0562341,0,2.000000e+02
3775,0.0562341,0,2.000000e+02
3800,0.0562341,0,2.000000e+02
3825,0.0562341,0,2.000000e+02
3850,0.0562341,0,2.000000e+02
3875,0.0562341,0,2.000000e+02
3900,0.0562341,0,2.000000e+02
3925,0.0562341,0,2.000000e+02
3950,0.0562341,0,2.000000e+02
3975,0.0562341,0,2.000000e+02
4000,0.0562341,0,2.000000e+02
4025,0.0562341,0,2.000000e+02
4050,0.0562341,0,2.000000e+02
4075,0.0562341,0,2.000000e+02
4100,0.0562341,0,2.000000e+02
4125,0.0562341,0,2.000000e+02
4150,0.0562341,0,2.000000e+02
4175,0.0562341,0,2.000000e+02
4200,0.0562341,0,2.000000e+02
4225,0.0562341,0,2.000000e+02
4250,0.0562341,0,2.000000e+02
4275,0.0562341,0,2.000000e+02
4300,0.0562341,0,2.000000e+02
4325,0.0562341,0,2.000000e+02
4350,0.0562341,0,2.000000e+02
4375,0.0562341,0,2.000000e+02
4400,0.0562341,0,2.000000e+02
4425,0.0562341,0,2.000000e+02
4450,0.0562341,0,2.000000e+02
4475,0.0562341,0,2.000000e+02
4500,0.0562341,0,2.000000e+02
4525,0.0562341,0,2.000000e+02
4550,0.0562341,0,2.000000e+02
4575,0.0562341,0,2.000000e+02
4600,0.0562341,0,2.000000e+02
4625,0.0562341,0,2.000000e+02
4650,0.0562341,0,2.000000e+02
4675,0.0562341,0,2.000000e+02
4700,0.0562341,0,2.000000e+02
4725,0.0562341,0,2.000000e+02
4750,0.0562341,0,2.000000e+02
4775,0.0562341,0,2.000000e+02
4800,0.0562341,0,2.000000e+02
4825,0.0562341,0,2.000000e+02
4850,0.0562341,0,2.000000e+02
4875,0.0562341,0,2.000000e+02
4900,0.0562341,0,2.000000e+02
4925,0.0562341,0,2.000000e+02
4950,0.0562341,0,2.000000e+02
4975,0.0562341,0,2.000000e+02
5000,0.0562341,0,2.000000e+02
300,0.1,0,8.742740e-02
325,0.1,0,8.742740e-02
350,0.1,0,8.742740e-02
375,0.1,0,8.742740e-02
400,0.1,0,8.742750e-02
425,0.1,0,8.742770e-02
450,0.1,0,8.742860e-02
475,0.1,0,8.743150e-02
500,0.1,0,8.743970e-02
525,0.1,0,8.746050e-02
550,0.1,0,8.750920e-02
575,0.1,0,8.761390e-02
600,0.1,0,8.782430e-02
625,0.1,0,8.822140e-02
650,0.1,0,8.893040e-02
675,0.1,0,9.013310e-02
700,0.1,0,9.207700e-02
725,0.1,0,9.507340e-02
750,0.1,0,9.947300e-02
775,0.1,0,1.055990e-01
800,0.1,0,1.136230e-01
825,0.1,0,1.233770e-01
850,0.1,0,1.341840e-01
875,0.1,0,1.448870e-01
900,0.1,0,1.542290e-01
925,0.1,0,1.614270e-01
950,0.1,0,1.664230e-01
975,0.1,0,1.696450e-01
1000,0.1,0,1.716400e-01
1025,0.1,0,1.728530e-01
1050,0.1,0,1.735910e-01
1075,0.1,0,1.740440e-01
1100,0.1,0,1.743250e-01
1125,0.1,0,1.745020e-01
1150,0.1,0,1.746160e-01
1175,0.1,0,1.746910e-01
1200,0.1,0,1.747400e-01
1225,0.1,0,1.747740e-01
1250,0.1,0,1.747960e-01
1275,0.1,0,1.748120e-01
1300,0.1,0,1.748230e-01
1325,0.1,0,1.748310e-01
1350,0.1,0,1.748370e-01
1375,0.1,0,1.748410e-01
1400,0.1,0,1.748440e-01
1425,0.1,0,1.748470e-01
1450,0.1,0,1.748480e-01
1475,0.1,0,1.748500e-01
1500,0.1,0,1.748510e-01
1525,0.1,0,1.748520e-01
1550,0.1,0,1.748520e-01
1575,0.1,0,1.748530e-01
1600,0.1,0,1.748530e-01
1625,0.1,0,1.748530e-01
1650,0.1,0,1.748540e-01
1675,0.1,0,1.748540e-01
1700,0.1,0,1.748540e-01
1725,0.1,0,1.748540e-01
1750,0.1,0,1.748540e-01
1775,0.1,0,1.748540e-01
1800,0.1,0,1.748540e-01
1825,0.1,0,1.748540e-01
1850,0.1,0,1.748550e-01
1875,0.1,0,1.748550e-01
1900,0.1,0,1.748550e-01
1925,0.1,0,1.748550e-01
1950,0.1,0,1.748550e-01
1975,0.1,0,1.748550e-01
2000,0.1,0,1.748550e-01
2025,0.1,0,1.748560e-01
2050,0.1,0,1.748560e-01
2075,0.1,0,1.748570e-01
2100,0.1,0,1.748570e-01
2125,0.1,0,1.748580e-01
2150,0.1,0,1.748600e-01
2175,0.1,0,1.748610e-01
2200,0.1,0,1.748630e-01
2225,0.1,0,1.748660e-01
2250,0.1,0,1.748690e-01
2275,0.1,0,1.748730e-01
2300,0.1,0,1.748790e-01
2325,0.1,0,1.748850e-01
2350,0.1,0,1.748940e-01
2375,0.1,0,1.749040e-01
2400,0.1,0,1.749170e-01
2425,0.1,0,1.749330e-01
2450,0.1,0,1.749530e-01
2475,0.1,0,1.749770e-01
2500,0.1,0,1.750070e-01
2525,0.1,0,1.750440e-01
2550,0.1,0,1.750890e-01
2575,0.1,0,1.751440e-01
2600,0.1,0,1.752120e-01
2625,0.1,0,1.752950e-01
2650,0.1,0,1.753960e-01
2675,0.1,0,1.755200e-01
2700,0.1,0,1.756720e-01
2725,0.1,0,1.758590e-01
2750,0.1,0,1.760890e-01
2775,0.1,0,1.763710e-01
2800,0.1,0,1.767180e-01
2825,0.1,0,1.771460e-01
2850,0.1,0,1.776740e-01
2875,0.1,0,1.783260e-01
2900,0.1,0,1.791320e-01
2925,0.1,0,1.801300e-01
2950,0.1,0,1.813640e-01
2975,0.1,0,1.828940e-01
3000,0.1,0,1.847890e-01
3025,0.1,0,1.871380e-01
3050,0.1,0,1.900500e-01
3075,0.1,0,1.936600e-01
3100,0.1,0,1.981370e-01
3125,0.1,0,2.036890e-01
3150,0.1,0,2.105790e-01
3175,0.1,0,2.191330e-01
3200,0.1,0,2.297620e-01
3225,0.1,0,2.429880e-01
3250,0.1,0,2.594780e-01
3275,0.1,0,2.800940e-01
3300,0.1,0,3.059650e-01
3325,0.1,0,3.385960e-01
3350,0.1,0,3.800290e-01
3375,0.1,0,4.331110e-01
3400,0.1,0,5.019230e-01
3425,0.1,0,5.925320e-01
3450,0.1,0,7.143710e-01
3475,0.1,0,8.829470e-01
3500,0.1,0,1.125680e+00
3525,0.1,0,1.496050e+00
3550,0.1,0,2.113950e+00
3575,0.1,0,3.314150e+00
3600,0.1,0,6.502570e+00
3625,0.1,0,3.316590e+01
3650,0.1,0,2.000000e+02
3675,0.1,0,2.000000e+02
3700,0.1,0,2.000000e+02
3725,0.1,0,2.000000e+02
3750,0.1,0,2.000000e+02
3775,0.1,0,2.000000e+02
3800,0.1,0,2.000000e+02
3825,0.1,0,2.000000e+02
3850,0.1,0,2.000000e+02
3875,0.1,0,2.000000e+02
3900,0.1,0,2.000000e+02
3925,0.1,0,2.000000e+02
3950,0.1,0,2.000000e+02
3975,0.1,0,2.000000e+02
4000,0.1,0,2.000000e+02
4025,0.1,0,2.000000e+02
4050,0.1,0,2.000000e+02
4075,0.1,0,2.000000e+02
4100,0.1,0,2.000000e+02
4125,0.1,0,2.000000e+02
4150,0.1,0,2.000000e+02
4175,0.1,0,2.000000e+02
4200,0.1,0,2.000000e+02
4225,0.1,0,2.000000e+02
4250,0.1,0,2.000000e+02
4275,0.1,0,2.000000e+02
4300,0.1,0,2.000000e+02
4325,0.1,0,2.000000e+02
4350,0.1,0,2.000000e+02
4375,0.1,0,2.000000e+02
4400,0.1,0,2.000000e+02
4425,0.1,0,2.000000e+02
4450,0.1,0,2.000000e+02
4475,0.1,0,2.000000e+02
4500,0.1,0,2.000000e+02
4525,0.1,0,2.000000e+02
4550,0.1,0,2.000000e+02
4575,0.1,0,2.000000e+02
4600,0.1,0,2.000000e+02
4625,0.1,0,2.000000e+02
4650,0.1,0,2.000000e+02
4675,0.1,0,2.000000e+02
4700,0.1,0,2.000000e+02
4725,0.1,0,2.000000e+02
4750,0.1,0,2.000000e+02
4775,0.1,0,2.000000e+02
4800,0.1,0,2.000000e+02
4825,0.1,0,2.000000e+02
4850,0.1,0,2.000000e+02
4875,0.1,0,2.000000e+02
4900,0.1,0,2.000000e+02
4925,0.1,0,2.000000e+02
4950,0.1,0,2.000000e+02
4975,0.1,0,2.000000e+02
5000,0.1,0,2.000000e+02
300,0.177828,0,8.742740e-02
325,0.177828,0,8.742740e-02
350,0.177828,0,8.742740e-02
375,0.177828,0,8.742740e-02
400,0.177828,0,8.742750e-02
425,0.177828,0,8.742760e-02
450,0.177828,0,8.742830e-02
475,0.177828,0,8.743050e-02
500,0.177828,0,8.743660e-02
525,0.177828,0,8.745220e-02
550,0.177828,0,8.748870e-02
575,0.177828,0,8.756730e-02
600,0.177828,0,8.772510e-02
625,0.177828,0,8.802330e-02
650,0.177828,0,8.855640e-02
675,0.177828,0,8.946280e-02
700,0.177828,0,9.093330e-02
725,0.177828,0,9.321480e-02
750,0.177828,0,9.660000e-02
775,0.177828,0,1.013940e-01
800,0.177828,0,1.078430e-01
825,0.177828,0,1.160140e-01
850,0.177828,0,1.256400e-01
875,0.177828,0,1.360180e-01
900,0.177828,0,1.460870e-01
925,0.177828,0,1.547950e-01
950,0.177828,0,1.615290e-01
975,0.177828,0,1.662770e-01
1000,0.177828,0,1.694120e-01
1025,0.177828,0,1.714050e-01
1050,0.177828,0,1.726520e-01
1075,0.177828,0,1.734310e-01
1100,0.177828,0,1.739200e-01
1125,0.177828,0,1.742320e-01
1150,0.177828,0,1.744330e-01
1175,0.177828,0,1.745640e-01
1200,0.177828,0,1.746520e-01
1225,0.177828,0,1.747110e-01
1250,0.177828,0,1.747510e-01
1275,0.177828,0,1.747790e-01
1300,0.177828,0,1.747990e-01
1325,0.177828,0,1.748130e-01
1350,0.177828,0,1.748230e-01
1375,0.177828,0,1.748310e-01
1400,0.177828,0,1.748360e-01
1425,0.177828,0,1.748400e-01
1450,0.177828,0,1.748430e-01
1475,0.177828,0,1.748460e-01
1500,0.177828,0,1.748480e-01
1525,0.177828,0,1.748490e-01
1550,0.177828,0,1.748500e-01
1575,0.177828,0,1.748510e-01
1600,0.177828,0,1.748520e-01
1625,0.177828,0,1.748520e-01
1650,0.177828,0,1.748530e-01
1675,0.177828,0,1.748530e-01
1700,0.177828,0,1.748530e-01
1725,0.177828,0,1.748540e-01
1750,0.177828,0,1.748540e-01
1775,0.177828,0,1.748540e-01
1800,0.177828,0,1.748540e-01
1825,0.177828,0,1.748540e-01
1850,0.177828,0,1.748540e-01
1875,0.177828,0,1.748540e-01
1900,0.177828,0,1.748550e-01
1925,0.177828,0,1.748550e-01
1950,0.177828,0,1.748550e-01
1975,0.177828,0,1.748550e-01
2000,0.177828,0,1.748550e-01
2025,0.177828,0,1.748550e-01
2050,0.177828,0,1.748560e-01
2075,0.177828,0,1.748560e-01
2100,0.177828,0,1.748570e-01
2125,0.177828,0,1.748570e-01
2150,0.177828,0,1.748580e-01
2175,0.177828,0,1.748600e-01
2200,0.177828,0,1.748610e-01
2225,0.177828,0,1.748630e-01
2250,0.177828,0,1.748660e-01
2275,0.177828,0,1.748690e-01
2300,0.177828,0,1.748730e-01
2325,0.177828,0,1.748780e-01
2350,0.177828,0,1.748840e-01
2375,0.177828,0,1.748920e-01
2400,0.177828,0,1.749010e-01
2425,0.177828,0,1.749130e-01
2450,0.177828,0,1.749280e-01
2475,0.177828,0,1.749460e-01
2500,0.177828,0,1.749670e-01
2525,0.177828,0,1.749940e-01
2550,0.177828,0,1.750270e-01
2575,0.177828,0,1.750670e-01
2600,0.177828,0,1.751150e-01
2625,0.177828,0,1.751740e-01
2650,0.177828,0,1.752460e-01
2675,0.177828,0,1.753330e-01
2700,0.177828,0,1.754390e-01
2725,0.177828,0,1.755680e-01
2750,0.177828,0,1.757250e-01
2775,0.177828,0,1.759160e-01
2800,0.177828,0,1.761490e-01
2825,0.177828,0,1.764330e-01
2850,0.177828,0,1.767810e-01
2875,0.177828,0,1.772050e-01
2900,0.177828,0,1.777250e-01
2925,0.177828,0,1.783620e-01
2950,0.177828,0,1.791420e-01
2975,0.177828,0,1.801000e-01
3000,0.177828,0,1.812750e-01
3025,0.177828,0,1.827190e-01
3050,0.177828,0,1.844930e-01
3075,0.177828,0,1.866730e-01
3100,0.177828,0,1.893520e-01
3125,0.177828,0,1.926470e-01
3150,0.177828,0,1.966970e-01
3175,0.177828,0,2.016770e-01
3200,0.177828,0,2.078020e-01
3225,0.177828,0,2.153400e-01
3250,0.177828,0,2.246220e-01
3275,0.177828,0,2.360630e-01
3300,0.177828,0,2.501870e-01
3325,0.177828,0,2.676600e-01
3350,0.177828,0,2.893370e-01
3375,0.177828,0,3.163350e-01
3400,0.177828,0,3.501300e-01
3425,0.177828,0,3.927180e-01
3450,0.177828,0,4.468590e-01
3475,0.177828,0,5.164810e-01
3500,0.177828,0,6.073680e-01
3525,0.177828,0,7.284100e-01
3550,0.177828,0,8.940080e-01
3575,0.177828,0,1.129130e+00
3600,0.177828,0,1.481160e+00
3625,0.177828,0,2.052240e+00
3650,0.177828,0,3.109420e+00
3675,0.177828,0,5.634960e+00
3700,0.177828,0,1.817570e+01
3725,0.177828,0,2.000000e+02
3750,0.177828,0,2.000000e+02
3775,0.177828,0,2.000000e+02
3800,0.177828,0,2.000000e+02
3825,0.177828,0,2.000000e+02
3850,0.177828,0,2.000000e+02
3875,0.177828,0,2.000000e+02
3900,0.177828,0,2.000000e+02
3925,0.177828,0,2.000000e+02
3950,0.177828,0,2.000000e+02
3975,0.177828,0,2.000000e+02
4000,0.177828,0,2.000000e+02
4025,0.177828,0,2.000000e+02
4050,0.177828,0,2.000000e+02
4075,0.177828,0,2.000000e+02
4100,0.177828,0,2.000000e+02
4125,0.177828,0,2.000000e+02
4150,0.177828,0,2.000000e+02
4175,0.177828,0,2.000000e+02
4200,0.177828,0,2.000000e+02
4225,0.177828,0,2.000000e+02
4250,0.177828,0,2.000000e+02
4275,0.177828,0,2.000000e+02
4300,0.177828,0,2.000000e+02
4325,0.177828,0,2.000000e+02
4350,0.177828,0,2.000000e+02
4375,0.177828,0,2.000000e+02
4400,0.177828,0,2.000000e+02
4425,0.177828,0,2.000000e+02
4450,0.177828,0,2.000000e+02
4475,0.177828,0,2.000000e+02
4500,0.177828,0,2.000000e+02
4525,0.177828,0,2.000000e+02
4550,0.177828,0,2.000000e+02
4575,0.177828,0,2.000000e+02
4600,0.177828,0,2.000000e+02
4625,0.177828,0,2.000000e+02
4650,0.177828,0,2.000000e+02
4675,0.177828,0,2.000000e+02
4700,0.177828,0,2.000000e+02
4725,0.177828,0,2.000000e+02
4750,0.177828,0,2.000000e+02
4775,0.177828,0,2.000000e+02
4800,0.177828,0,2.000000e+02
4825,0.177828,0,2.000000e+02
4850,0.177828,0,2.000000e+02
4875,0.177828,0,2.000000e+02
4900,0.177828,0,2.000000e+02
4925,0.177828,0,2.000000e+02
4950,0.177828,0,2.000000e+02
4975,0.177828,0,2.000000e+02
5000,0.177828,0,2.000000e+02
300,0.316228,0,8.742740e-02
325,0.316228,0,8.742740e-02
350,0.316228,0,8.742740e-02
375,0.316228,0,8.742740e-02
400,0.316228,0,8.742740e-02
425,0.316228,0,8.742760e-02
450,0.316228,0,8.742810e-02
475,0.316228,0,8.742970e-02
500,0.316228,0,8.743430e-02
525,0.316228,0,8.744600e-02
550,0.316228,0,8.747340e-02
575,0.316228,0,8.753230e-02
600,0.316228,0,8.765080e-02
625,0.316228,0,8.787460e-02
650,0.316228,0,8.827520e-02
675,0.316228,0,8.895730e-02
700,0.316228,0,9.006730e-02
725,0.316228,0,9.179750e-02
750,0.316228,0,9.438440e-02
775,0.316228,0,9.809260e-02
800,0.316228,0,1.031760e-01
825,0.316228,0,1.098080e-01
850,0.316228,0,1.179730e-01
875,0.316228,0,1.273490e-01
900,0.316228,0,1.372500e-01
925,0.316228,0,1.467370e-01
950,0.316228,0,1.549250e-01
975,0.316228,0,1.613220e-01
1000,0.316228,0,1.659200e-01
1025,0.316228,0,1.690340e-01
1050,0.316228,0,1.710700e-01
1075,0.316228,0,1.723790e-01
1100,0.316228,0,1.732180e-01
1125,0.316228,0,1.737580e-01
1150,0.316228,0,1.741090e-01
1175,0.316228,0,1.743400e-01
1200,0.316228,0,1.744950e-01
1225,0.316228,0,1.745990e-01
1250,0.316228,0,1.746710e-01
1275,0.316228,0,1.747210e-01
1300,0.316228,0,1.747560e-01
1325,0.316228,0,1.747810e-01
1350,0.316228,0,1.747990e-01
1375,0.316228,0,1.748120e-01
1400,0.316228,0,1.748220e-01
1425,0.316228,0,1.748290e-01
1450,0.316228,0,1.748350e-01
1475,0.316228,0,1.748390e-01
1500,0.316228,0,1.748420e-01
1525,0.316228,0,1.748450e-01
1550,0.316228,0,1.748460e-01
1575,0.316228,0,1.748480e-01
1600,0.316228,0,1.748490e-01
1625,0.316228,0,1.748500e-01
1650,0.316228,0,1.748510e-01
1675,0.316228,0,1.748520e-01
1700,0.316228,0,1.748520e-01
1725,0.316228,0,1.748530e-01
1750,0.316228,0,1.748530e-01
1775,0.316228,0,1.748530e-01
1800,0.316228,0,1.748530e-01
1825,0.316228,0,1.748540e-01
1850,0.316228,0,1.748540e-01
1875,0.316228,0,1.748540e-01
1900,0.316228,0,1.748540e-01
1925,0.316228,0,1.748540e-01
1950,0.316228,0,1.748540e-01
1975,0.316228,0,1.748550e-01
2000,0.316228,0,1.748550e-01
2025,0.316228,0,1.748550e-01
2050,0.316228,0,1.748550e-01
2075,0.316228,0,1.748560e-01
2100,0.316228,0,1.748560e-01
2125,0.316228,0,1.748570e-01
2150,0.316228,0,1.748570e-01
2175,0.316228,0,1.748580e-01
2200,0.316228,0,1.748590e-01
2225,0.316228,0,1.748610e-01
2250,0.316228,0,1.748630e-01
2275,0.316228,0,1.748650e-01
2300,0.316228,0,1.748680e-01
2325,0.316228,0,1.748720e-01
2350,0.316228,0,1.748760e-01
2375,0.316228,0,1.748820e-01
2400,0.316228,0,1.748890e-01
2425,0.316228,0,1.748980e-01
2450,0.316228,0,1.749090e-01
2475,0.316228,0,1.749220e-01
2500,0.316228,0,1.749380e-01
2525,0.316228,0,1.749580e-01
2550,0.316228,0,1.749820e-01
2575,0.316228,0,1.750110e-01
2600,0.316228,0,1.750460e-01
2625,0.316228,0,1.750890e-01
2650,0.316228,0,1.751400e-01
2675,0.316228,0,1.752020e-01
2700,0.316228,0,1.752770e-01
2725,0.316228,0,1.753670e-01
2750,0.316228,0,1.754770e-01
2775,0.316228,0,1.756080e-01
2800,0.316228,0,1.757680e-01
2825,0.316228,0,1.759600e-01
2850,0.316228,0,1.761930e-01
2875,0.316228,0,1.764760e-01
2900,0.316228,0,1.768180e-01
2925,0.316228,0,1.772330e-01
2950,0.316228,0,1.777370e-01
2975,0.316228,0,1.783500e-01
3000,0.316228,0,1.790940e-01
3025,0.316228,0,1.800010e-01
3050,0.316228,0,1.811050e-01
3075,0.316228,0,1.824490e-01
3100,0.316228,0,1.840870e-01
3125,0.316228,0,1.860840e-01
3150,0.316228,0,1.885180e-01
3175,0.316228,0,1.914850e-01
3200,0.316228,0,1.951030e-01
3225,0.316228,0,1.995150e-01
3250,0.316228,0,2.048950e-01
3275,0.316228,0,2.114600e-01
3300,0.316228,0,2.194720e-01
3325,0.316228,0,2.292600e-01
3350,0.316228,0,2.412300e-01
3375,0.316228,0,2.558910e-01
3400,0.316228,0,2.738850e-01
3425,0.316228,0,2.960350e-01
3450,0.316228,0,3.234040e-01
3475,0.316228,0,3.573880e-01
3500,0.316228,0,3.998610e-01
3525,0.316228,0,4.533830e-01
3550,0.316228,0,5.215610e-01
3575,0.316228,0,6.096290e-01
3600,0.316228,0,7.254960e-01
3625,0.316228,0,8.816960e-01
3650,0.316228,0,1.099360e+00
3675,0.316228,0,1.417070e+00
3700,0.316228,0,1.913540e+00
3725,0.316228,0,2.777540e+00
3750,0.316228,0,4.600160e+00
3775,0.316228,0,1.060230e+01
3800,0.316228,0,2.000000e+02
3825,0.316228,0,2.000000e+02
3850,0.316228,0,2.000000e+02
3875,0.316228,0,2.000000e+02
3900,0.316228,0,2.000000e+02
3925,0.316228,0,2.000000e+02
3950,0.316228,0,2.000000e+02
3975,0.316228,0,2.000000e+02
4000,0.316228,0,2.000000e+02
4025,0.316228,0,2.000000e+02
4050,0.316228,0,2.000000e+02
4075,0.316228,0,2.000000e+02
4100,0.316228,0,2.000000e+02
4125,0.316228,0,2.000000e+02
4150,0.316228,0,2.000000e+02
4175,0.316228,0,2.000000e+02
4200,0.316228,0,2.000000e+02
4225,0.316228,0,2.000000e+02
4250,0.316228,0,2.000000e+02
4275,0.316228,0,2.000000e+02
4300,0.316228,0,2.000000e+02
4325,0.316228,0,2.000000e+02
4350,0.316228,0,2.000000e+02
4375,0.316228,0,2.000000e+02
4400,0.316228,0,2.000000e+02
4425,0.316228,0,2.000000e+02
4450,0.316228,0,2.000000e+02
4475,0.316228,0,2.000000e+02
4500,0.316228,0,2.000000e+02
4525,0.316228,0,2.000000e+02
4550,0.316228,0,2.000000e+02
4575,0.316228,0,2.000000e+02
4600,0.316228,0,2.000000e+02
4625,0.316228,0,2.000000e+02
4650,0.316228,0,2.000000e+02
4675,0.316228,0,2.000000e+02
4700,0.316228,0,2.000000e+02
4725,0.316228,0,2.000000e+02
4750,0.316228,0,2.000000e+02
4775,0.316228,0,2.000000e+02
4800,0.316228,0,2.000000e+02
4825,0.316228,0,2.000000e+02
4850,0.316228,0,2.000000e+02
4875,0.316228,0,2.000000e+02
4900,0.316228,0,2.000000e+02
4925,0.316228,0,2.000000e+02
4950,0.316228,0,2.000000e+02
4975,0.316228,0,2.000000e+02
5000,0.316228,0,2.000000e+02
300,0.562341,0,8.742740e-02
325,0.562341,0,8.742740e-02
350,0.562341,0,8.742740e-02
375,0.562341,0,8.742740e-02
400,0.562341,0,8.742740e-02
425,0.562341,0,8.742750e-02
450,0.562341,0,8.742790e-02
475,0.562341,0,8.742910e-02
500,0.562341,0,8.743260e-02
525,0.562341,0,8.744140e-02
550,0.562341,0,8.746190e-02
575,0.562341,0,8.750610e-02
600,0.562341,0,8.759490e-02
625,0.562341,0,8.776290e-02
650,0.562341,0,8.806370e-02
675,0.562341,0,8.857670e-02
700,0.562341,0,8.941310e-02
725,0.562341,0,9.072140e-02
750,0.562341,0,9.268850e-02
775,0.562341,0,9.553300e-02
800,0.562341,0,9.948580e-02
825,0.562341,0,1.047500e-01
850,0.562341,0,1.114360e-01
875,0.562341,0,1.194710e-01
900,0.562341,0,1.285130e-01
925,0.562341,0,1.379240e-01
950,0.562341,0,1.468880e-01
975,0.562341,0,1.546590e-01
1000,0.562341,0,1.608190e-01
1025,0.562341,0,1.653480e-01
1050,0.562341,0,1.684990e-01
1075,0.562341,0,1.706180e-01
1100,0.562341,0,1.720180e-01
1125,0.562341,0,1.729380e-01
1150,0.562341,0,1.735450e-01
1175,0.562341,0,1.739470e-01
1200,0.562341,0,1.742180e-01
1225,0.562341,0,1.744020e-01
1250,0.562341,0,1.745280e-01
1275,0.562341,0,1.746170e-01
1300,0.562341,0,1.746790e-01
1325,0.562341,0,1.747230e-01
1350,0.562341,0,1.747550e-01
1375,0.562341,0,1.747790e-01
1400,0.562341,0,1.747960e-01
1425,0.562341,0,1.748090e-01
1450,0.562341,0,1.748190e-01
1475,0.562341,0,1.748260e-01
1500,0.562341,0,1.748320e-01
1525,0.562341,0,1.748370e-01
1550,0.562341,0,1.748400e-01
1575,0.562341,0,1.748430e-01
1600,0.562341,0,1.748450e-01
1625,0.562341,0,1.748470e-01
1650,0.562341,0,1.748480e-01
1675,0.562341,0,1.748490e-01
1700,0.562341,0,1.748500e-01
1725,0.562341,0,1.748510e-01
1750,0.562341,0,1.748510e-01
1775,0.562341,0,1.748520e-01
1800,0.562341,0,1.748520e-01
1825,0.562341,0,1.748530e-01
1850,0.562341,0,1.748530e-01
1875,0.562341,0,1.748530e-01
1900,0.562341,0,1.748530e-01
1925,0.562341,0,1.748540e-01
1950,0.562341,0,1.748540e-01
1975,0.562341,0,1.748540e-01
2000,0.562341,0,1.748540e-01
2025,0.562341,0,1.748550e-01
2050,0.562341,0,1.748550e-01
2075,0.562341,0,1.748550e-01
2100,0.562341,0,1.748550e-01
2125,0.562341,0,1.748560e-01
2150,0.562341,0,1.748560e-01
2175,0.562341,0,1.748570e-01
2200,0.562341,0,1.748580e-01
2225,0.562341,0,1.748590e-01
2250,0.562341,0,1.748610e-01
2275,0.562341,0,1.748620e-01
2300,0.562341,0,1.748650e-01
2325,0.562341,0,1.748670e-01
2350,0.562341,0,1.748710e-01
2375,0.562341,0,1.748750e-01
2400,0.562341,0,1.748810e-01
2425,0.562341,0,1.748870e-01
2450,0.562341,0,1.748950e-01
2475,0.562341,0,1.749050e-01
2500,0.562341,0,1.749170e-01
2525,0.562341,0,1.749310e-01
2550,0.562341,0,1.749490e-01
2575,0.562341,0,1.749700e-01
2600,0.562341,0,1.749960e-01
2625,0.562341,0,1.750270e-01
2650,0.562341,0,1.750640e-01
2675,0.562341,0,1.751090e-01
2700,0.562341,0,1.751620e-01
2725,0.562341,0,1.752270e-01
2750,0.562341,0,1.753040e-01
2775,0.562341,0,1.753960e-01
2800,0.562341,0,1.755070e-01
2825,0.562341,0,1.756400e-01
2850,0.562341,0,1.757990e-01
2875,0.562341,0,1.759910e-01
2900,0.562341,0,1.762210e-01
2925,0.562341,0,1.764970e-01
2950,0.562341,0,1.768300e-01
2975,0.562341,0,1.772300e-01
3000,0.562341,0,1.777120e-01
3025,0.562341,0,1.782940e-01
3050,0.562341,0,1.789950e-01
3075,0.562341,0,1.798420e-01
3100,0.562341,0,1.808650e-01
3125,0.562341,0,1.821020e-01
3150,0.562341,0,1.835960e-01
3175,0.562341,0,1.854020e-01
3200,0.562341,0,1.875860e-01
3225,0.562341,0,1.902280e-01
3250,0.562341,0,1.934220e-01
3275,0.562341,0,1.972860e-01
3300,0.562341,0,2.019610e-01
3325,0.562341,0,2.076160e-01
3350,0.562341,0,2.144620e-01
3375,0.562341,0,2.227520e-01
3400,0.562341,0,2.327990e-01
3425,0.562341,0,2.449900e-01
3450,0.562341,0,2.598040e-01
3475,0.562341,0,2.778440e-01
3500,0.562341,0,2.998720e-01
3525,0.562341,0,3.268680e-01
3550,0.562341,0,3.601050e-01
3575,0.562341,0,4.012710e-01
3600,0.562341,0,4.526490e-01
3625,0.562341,0,5.174010e-01
3650,0.562341,0,6.000390e-01
3675,0.562341,0,7.072320e-01
3700,0.562341,0,8.492670e-01
3725,0.562341,0,1.042890e+00
3750,0.562341,0,1.317330e+00
3775,0.562341,0,1.728470e+00
3800,0.562341,0,2.398120e+00
3825,0.562341,0,3.650440e+00
3850,0.562341,0,6.718070e+00
3875,0.562341,0,2.364450e+01
3900,0.562341,0,2.000000e+02
3925,0.562341,0,2.000000e+02
3950,0.562341,0,2.000000e+02
3975,0.562341,0,2.000000e+02
4000,0.562341,0,2.000000e+02
4025,0.562341,0,2.000000e+02
4050,0.562341,0,2.000000e+02
4075,0.562341,0,2.000000e+02
4100,0.562341,0,2.000000e+02
4125,0.562341,0,2.000000e+02
4150,0.562341,0,2.000000e+02
4175,0.562341,0,2.000000e+02
4200,0.562341,0,2.000000e+02
4225,0.562341,0,2.000000e+02
4250,0.562341,0,2.000000e+02
4275,0.562341,0,2.000000e+02
4300,0.562341,0,2.000000e+02
4325,0.562341,0,2.000000e+02
4350,0.562341,0,2.000000e+02
4375,0.562341,0,2.000000e+02
4400,0.562341,0,2.000000e+02
4425,0.562341,0,2.000000e+02
4450,0.562341,0,2.000000e+02
4475,0.562341,0,2.000000e+02
4500,0.562341,0,2.000000e+02
4525,0.562341,0,2.000000e+02
4550,0.562341,0,2.000000e+02
4575,0.562341,0,2.000000e+02
4600,0.562341,0,2.000000e+02
4625,0.562341,0,2.000000e+02
4650,0.562341,0,2.000000e+02
4675,0.562341,0,2.000000e+02
4700,0.562341,0,2.000000e+02
4725,0.562341,0,2.000000e+02
4750,0.562341,0,2.000000e+02
4775,0.562341,0,2.000000e+02
4800,0.562341,0,2.000000e+02
4825,0.562341,0,2.000000e+02
4850,0.562341,0,2.000000e+02
4875,0.562341,0,2.000000e+02
4900,0.562341,0,2.000000e+02
4925,0.562341,0,2.000000e+02
4950,0.562341,0,2.000000e+02
4975,0.562341,0,2.000000e+02
5000,0.562341,0,2.000000e+02
300,1,0,8.742740e-02
325,1,0,8.742740e-02
350,1,0,8.742740e-02
375,1,0,8.742740e-02
400,1,0,8.742740e-02
425,1,0,8.742750e-02
450,1,0,8.742780e-02
475,1,0,8.742870e-02
500,1,0,8.743130e-02
525,1,0,8.743790e-02
550,1,0,8.745330e-02
575,1,0,8.748640e-02
600,1,0,8.755310e-02
625,1,0,8.767910e-02
650,1,0,8.790490e-02
675,1,0,8.829040e-02
700,1,0,8.891990e-02
725,1,0,8.990710e-02
750,1,0,9.139750e-02
775,1,0,9.356630e-02
800,1,0,9.660980e-02
825,1,0,1.007230e-01
850,1,0,1.060640e-01
875,1,0,1.126920e-01
900,1,0,1.205010e-01
925,1,0,1.291540e-01
950,1,0,1.380810e-01
975,1,0,1.465810e-01
1000,1,0,1.540180e-01
1025,1,0,1.600210e-01
1050,1,0,1.645470e-01
1075,1,0,1.677850e-01
1100,1,0,1.700260e-01
1125,1,0,1.715470e-01
1150,1,0,1.725730e-01
1175,1,0,1.732640e-01
1200,1,0,1.737340e-01
1225,1,0,1.740550e-01
1250,1,0,1.742770e-01
1275,1,0,1.744330e-01
1300,1,0,1.745430e-01
1325,1,0,1.746210e-01
1350,1,0,1.746780e-01
1375,1,0,1.747200e-01
1400,1,0,1.747510e-01
1425,1,0,1.747740e-01
1450,1,0,1.747910e-01
1475,1,0,1.748040e-01
1500,1,0,1.748150e-01
1525,1,0,1.748220e-01
1550,1,0,1.748290e-01
1575,1,0,1.748330e-01
1600,1,0,1.748370e-01
1625,1,0,1.748400e-01
1650,1,0,1.748430e-01
1675,1,0,1.748450e-01
1700,1,0,1.748460e-01
1725,1,0,1.748480e-01
1750,1,0,1.748490e-01
1775,1,0,1.748500e-01
1800,1,0,1.748500e-01
1825,1,0,1.748510e-01
1850,1,0,1.748510e-01
1875,1,0,1.748520e-01
1900,1,0,1.748520e-01
1925,1,0,1.748530e-01
1950,1,0,1.748530e-01
1975,1,0,1.748530e-01
2000,1,0,1.748540e-01
2025,1,0,1.748540e-01
2050,1,0,1.748540e-01
2075,1,0,1.748540e-01
2100,1,0,1.748550e-01
2125,1,0,1.748550e-01
2150,1,0,1.748560e-01
2175,1,0,1.748560e-01
2200,1,0,1.748570e-01
2225,1,0,1.748580e-01
2250,1,0,1.748590e-01
2275,1,0,1.748600e-01
2300,1,0,1.748620e-01
2325,1,0,1.748640e-01
2350,1,0,1.748670e-01
2375,1,0,1.748700e-01
2400,1,0,1.748740e-01
2425,1,0,1.748790e-01
2450,1,0,1.748850e-01
2475,1,0,1.748920e-01
2500,1,0,1.749010e-01
2525,1,0,1.749120e-01
2550,1,0,1.749250e-01
2575,1,0,1.749400e-01
2600,1,0,1.749590e-01
2625,1,0,1.749820e-01
2650,1,0,1.750090e-01
2675,1,0,1.750410e-01
2700,1,0,1.750800e-01
2725,1,0,1.751260e-01
2750,1,0,1.751820e-01
2775,1,0,1.752470e-01
2800,1,0,1.753260e-01
2825,1,0,1.754190e-01
2850,1,0,1.755300e-01
2875,1,0,1.756620e-01
2900,1,0,1.758190e-01
2925,1,0,1.760070e-01
2950,1,0,1.762310e-01
2975,1,0,1.764980e-01
3000,1,0,1.768170e-01
3025,1,0,1.771980e-01
3050,1,0,1.776540e-01
3075,1,0,1.781990e-01
3100,1,0,1.788520e-01
3125,1,0,1.796340e-01
3150,1,0,1.805710e-01
3175,1,0,1.816940e-01
3200,1,0,1.830410e-01
3225,1,0,1.846570e-01
3250,1,0,1.865960e-01
3275,1,0,1.889220e-01
3300,1,0,1.917140e-01
3325,1,0,1.950630e-01
3350,1,0,1.990830e-01
3375,1,0,2.039090e-01
3400,1,0,2.097030e-01
3425,1,0,2.166610e-01
3450,1,0,2.250230e-01
3475,1,0,2.350790e-01
3500,1,0,2.471860e-01
3525,1,0,2.617830e-01
3550,1,0,2.794180e-01
3575,1,0,3.007760e-01
3600,1,0,3.267310e-01
3625,1,0,3.584030e-01
3650,1,0,3.972620e-01
3675,1,0,4.452610e-01
3700,1,0,5.050640e-01
3725,1,0,5.803910e-01
3750,1,0,6.766060e-01
3775,1,0,8.017320e-01
3800,1,0,9.683390e-01
3825,1,0,1.197290e+00
3850,1,0,1.525910e+00
3875,1,0,2.028090e+00
3900,1,0,2.873260e+00
3925,1,0,4.551670e+00
3950,1,0,9.282250e+00
3975,1,0,7.056540e+01
4000,1,0,2.000000e+02
4025,1,0,2.000000e+02
4050,1,0,2.000000e+02
4075,1,0,2.000000e+02
4100,1,0,2.000000e+02
4125,1,0,2.000000e+02
4150,1,0,2.000000e+02
4175,1,0,2.000000e+02
4200,1,0,2.000000e+02
4225,1,0,2.000000e+02
4250,1,0,2.000000e+02
4275,1,0,2.000000e+02
4300,1,0,2.000000e+02
4325,1,0,2.000000e+02
4350,1,0,2.000000e+02
4375,1,0,2.000000e+02
4400,1,0,2.000000e+02
4425,1,0,2.000000e+02
4450,1,0,2.000000e+02
4475,1,0,2.000000e+02
4500,1,0,2.000000e+02
4525,1,0,2.000000e+02
4550,1,0,2.000000e+02
4575,1,0,2.000000e+02
4600,1,0,2.000000e+02
4625,1,0,2.000000e+02
4650,1,0,2.000000e+02
4675,1,0,2.000000e+02
4700,1,0,2.000000e+02
4725,1,0,2.000000e+02
4750,1,0,2.000000e+02
4775,1,0,2.000000e+02
4800,1,0,2.000000e+02
4825,1,0,2.000000e+02
4850,1,0,2.000000e+02
4875,1,0,2.000000e+02
4900,1,0,2.000000e+02
4925,1,0,2.000000e+02
4950,1,0,2.000000e+02
4975,1,0,2.000000e+02
5000,1,0,2.000000e+02
300,1.77828,0,8.742740e-02
325,1.77828,0,8.742740e-02
350,1.77828,0,8.742740e-02
375,1.77828,0,8.742740e-02
400,1.77828,0,8.742740e-02
425,1.77828,0,8.742750e-02
450,1.77828,0,8.742770e-02
475,1.77828,0,8.742840e-02
500,1.77828,0,8.743030e-02
525,1.77828,0,8.743530e-02
550,1.77828,0,8.744680e-02
575,1.77828,0,8.747170e-02
600,1.77828,0,8.752160e-02
625,1.77828,0,8.761620e-02
650,1.77828,0,8.778570e-02
675,1.77828,0,8.807520e-02
700,1.77828,0,8.854850e-02
725,1.77828,0,8.929230e-02
750,1.77828,0,9.041850e-02
775,1.77828,0,9.206500e-02
800,1.77828,0,9.439190e-02
825,1.77828,0,9.757040e-02
850,1.77828,0,1.017620e-01
875,1.77828,0,1.070830e-01
900,1.77828,0,1.135610e-01
925,1.77828,0,1.210720e-01
950,1.77828,0,1.293040e-01
975,1.77828,0,1.377620e-01
1000,1.77828,0,1.458460e-01
1025,1.77828,0,1.530120e-01
1050,1.77828,0,1.589200e-01
1075,1.77828,0,1.634920e-01
1100,1.77828,0,1.668620e-01
1125,1.77828,0,1.692620e-01
1150,1.77828,0,1.709380e-01
1175,1.77828,0,1.720970e-01
1200,1.77828,0,1.728970e-01
1225,1.77828,0,1.734510e-01
1250,1.77828,0,1.738370e-01
1275,1.77828,0,1.741090e-01
1300,1.77828,0,1.743030e-01
1325,1.77828,0,1.744410e-01
1350,1.77828,0,1.745420e-01
1375,1.77828,0,1.746160e-01
1400,1.77828,0,1.746700e-01
1425,1.77828,0,1.747110e-01
1450,1.77828,0,1.747420e-01
1475,1.77828,0,1.747650e-01
1500,1.77828,0,1.747830e-01
1525,1.77828,0,1.747970e-01
1550,1.77828,0,1.748080e-01
1575,1.77828,0,1.748170e-01
1600,1.77828,0,1.748230e-01
1625,1.77828,0,1.748290e-01
1650,1.77828,0,1.748330e-01
1675,1.77828,0,1.748370e-01
1700,1.77828,0,1.748400e-01
1725,1.77828,0,1.748420e-01
1750,1.77828,0,1.748440e-01
1775,1.77828,0,1.748450e-01
1800,1.77828,0,1.748470e-01
1825,1.77828,0,1.748480e-01
1850,1.77828,0,1.748490e-01
1875,1.77828,0,1.748500e-01
1900,1.77828,0,1.748500e-01
1925,1.77828,0,1.748510e-01
1950,1.77828,0,1.748510e-01
1975,1.77828,0,1.748520e-01
2000,1.77828,0,1.748520e-01
2025,1.77828,0,1.748530e-01
2050,1.77828,0,1.748530e-01
2075,1.77828,0,1.748530e-01
2100,1.77828,0,1.748540e-01
2125,1.77828,0,1.748540e-01
2150,1.77828,0,1.748550e-01
2175,1.77828,0,1.748550e-01
2200,1.77828,0,1.748560e-01
2225,1.77828,0,1.748560e-01
2250,1.77828,0,1.748570e-01
2275,1.77828,0,1.748580e-01
2300,1.77828,0,1.748600e-01
2325,1.77828,0,1.748610e-01
2350,1.77828,0,1.748630e-01
2375,1.77828,0,1.748660e-01
2400,1.77828,0,1.748690e-01
2425,1.77828,0,1.748720e-01
2450,1.77828,0,1.748770e-01
2475,1.77828,0,1.748820e-01
2500,1.77828,0,1.748890e-01
2525,1.77828,0,1.748970e-01
2550,1.77828,0,1.749070e-01
2575,1.77828,0,1.749180e-01
2600,1.77828,0,1.749320e-01
2625,1.77828,0,1.749490e-01
2650,1.77828,0,1.749690e-01
2675,1.77828,0,1.749930e-01
2700,1.77828,0,1.750210e-01
2725,1.77828,0,1.750540e-01
2750,1.77828,0,1.750940e-01
2775,1.77828,0,1.751410e-01
2800,1.77828,0,1.751970e-01
2825,1.77828,0,1.752640e-01
2850,1.77828,0,1.753420e-01
2875,1.77828,0,1.754350e-01
2900,1.77828,0,1.755440e-01
2925,1.77828,0,1.756740e-01
2950,1.77828,0,1.758280e-01
2975,1.77828,0,1.760100e-01
3000,1.77828,0,1.762250e-01
3025,1.77828,0,1.764800e-01
3050,1.77828,0,1.767820e-01
3075,1.77828,0,1.771410e-01
3100,1.77828,0,1.775660e-01
3125,1.77828,0,1.780720e-01
3150,1.77828,0,1.786720e-01
3175,1.77828,0,1.793860e-01
3200,1.77828,0,1.802350e-01
3225,1.77828,0,1.812450e-01
3250,1.77828,0,1.824470e-01
3275,1.77828,0,1.838780e-01
3300,1.77828,0,1.855820e-01
3325,1.77828,0,1.876100e-01
3350,1.77828,0,1.900260e-01
3375,1.77828,0,1.929030e-01
3400,1.77828,0,1.963290e-01
3425,1.77828,0,2.004100e-01
3450,1.77828,0,2.052730e-01
3475,1.77828,0,2.110660e-01
3500,1.77828,0,2.179720e-01
3525,1.77828,0,2.262090e-01
3550,1.77828,0,2.360390e-01
3575,1.77828,0,2.477840e-01
3600,1.77828,0,2.618340e-01
3625,1.77828,0,2.786740e-01
3650,1.77828,0,2.989020e-01
3675,1.77828,0,3.232720e-01
3700,1.77828,0,3.527430e-01
3725,1.77828,0,3.885470e-01
3750,1.77828,0,4.323040e-01
3775,1.77828,0,4.861750e-01
3800,1.77828,0,5.531120e-01
3825,1.77828,0,6.372590e-01
3850,1.77828,0,7.446180e-01
3875,1.77828,0,8.842230e-01
3900,1.77828,0,1.070330e+00
3925,1.77828,0,1.326810e+00
3950,1.77828,0,1.696910e+00
3975,1.77828,0,2.267660e+00
4000,1.77828,0,3.243630e+00
4025,1.77828,0,5.242330e+00
4050,1.77828,0,1.133790e+01
4075,1.77828,0,2.000000e+02
4100,1.77828,0,2.000000e+02
4125,1.77828,0,2.000000e+02
4150,1.77828,0,2.000000e+02
4175,1.77828,0,2.000000e+02
4200,1.77828,0,2.000000e+02
4225,1.77828,0,2.000000e+02
4250,1.77828,0,2.000000e+02
4275,1.77828,0,2.000000e+02
4300,1.77828,0,2.000000e+02
4325,1.77828,0,2.000000e+02
4350,1.77828,0,2.000000e+02
4375,1.77828,0,2.000000e+02
4400,1.77828,0,2.000000e+02
4425,1.77828,0,2.000000e+02
4450,1.77828,0,2.000000e+02
4475,1.77828,0,2.000000e+02
4500,1.77828,0,2.000000e+02
4525,1.77828,0,2.000000e+02
4550,1.77828,0,2.000000e+02
4575,1.77828,0,2.000000e+02
4600,1.77828,0,2.000000e+02
4625,1.77828,0,2.000000e+02
4650,1.77828,0,2.000000e+02
4675,1.77828,0,2.000000e+02
4700,1.77828,0,2.000000e+02
4725,1.77828,0,2.000000e+02
4750,1.77828,0,2.000000e+02
4775,1.77828,0,2.000000e+02
4800,1.77828,0,2.000000e+02
4825,1.77828,0,2.000000e+02
4850,1.77828,0,2.000000e+02
4875,1.77828,0,2.000000e+02
4900,1.77828,0,2.000000e+02
4925,1.77828,0,2.000000e+02
4950,1.77828,0,2.000000e+02
4975,1.77828,0,2.000000e+02
5000,1.77828,0,2.000000e+02
300,3.16228,0,8.742740e-02
325,3.16228,0,8.742740e-02
350,3.16228,0,8.742740e-02
375,3.16228,0,8.742740e-02
400,3.16228,0,8.742740e-02
425,3.16228,0,8.742750e-02
450,3.16228,0,8.742760e-02
475,3.16228,0,8.742810e-02
500,3.16228,0,8.742960e-02
525,3.16228,0,8.743330e-02
550,3.16228,0,8.744200e-02
575,3.16228,0,8.746060e-02
600,3.16228,0,8.749810e-02
625,3.16228,0,8.756900e-02
650,3.16228,0,8.769620e-02
675,3.16228,0,8.791350e-02
700,3.16228,0,8.826920e-02
725,3.16228,0,8.882890e-02
750,3.16228,0,8.967820e-02
775,3.16228,0,9.092430e-02
800,3.16228,0,9.269430e-02
825,3.16228,0,9.513060e-02
850,3.16228,0,9.837930e-02
875,3.16228,0,1.025710e-01
900,3.16228,0,1.077920e-01
925,3.16228,0,1.140440e-01
950,3.16228,0,1.212060e-01
975,3.16228,0,1.289990e-01
1000,3.16228,0,1.370010e-01
1025,3.16228,0,1.447070e-01
1050,3.16228,0,1.516450e-01
1075,3.16228,0,1.574970e-01
1100,3.16228,0,1.621550e-01
1125,3.16228,0,1.656930e-01
1150,3.16228,0,1.682900e-01
1175,3.16228,0,1.701540e-01
1200,3.16228,0,1.714780e-01
1225,3.16228,0,1.724130e-01
1250,3.16228,0,1.730750e-01
1275,3.16228,0,1.735450e-01
1300,3.16228,0,1.738810e-01
1325,3.16228,0,1.741240e-01
1350,3.16228,0,1.743010e-01
1375,3.16228,0,1.744310e-01
1400,3.16228,0,1.745270e-01
1425,3.16228,0,1.746000e-01
1450,3.16228,0,1.746540e-01
1475,3.16228,0,1.746960e-01
1500,3.16228,0,1.747280e-01
1525,3.16228,0,1.747520e-01
1550,3.16228,0,1.747720e-01
1575,3.16228,0,1.747870e-01
1600,3.16228,0,1.747990e-01
1625,3.16228,0,1.748090e-01
1650,3.16228,0,1.748160e-01
1675,3.16228,0,1.748230e-01
1700,3.16228,0,1.748280e-01
1725,3.16228,0,1.748320e-01
1750,3.16228,0,1.748350e-01
1775,3.16228,0,1.748380e-01
1800,3.16228,0,1.748400e-01
1825,3.16228,0,1.748420e-01
1850,3.16228,0,1.748440e-01
1875,3.16228,0,1.748460e-01
1900,3.16228,0,1.748470e-01
1925,3.16228,0,1.748480e-01
1950,3.16228,0,1.748490e-01
1975,3.16228,0,1.748490e-01
2000,3.16228,0,1.748500e-01
2025,3.16228,0,1.748510e-01
2050,3.16228,0,1.748510e-01
2075,3.16228,0,1.748520e-01
2100,3.16228,0,1.748520e-01
2125,3.16228,0,1.748530e-01
2150,3.16228,0,1.748530e-01
2175,3.16228,0,1.748540e-01
2200,3.16228,0,1.748540e-01
2225,3.16228,0,1.748550e-01
2250,3.16228,0,1.748560e-01
2275,3.16228,0,1.748570e-01
2300,3.16228,0,1.748580e-01
2325,3.16228,0,1.748590e-01
2350,3.16228,0,1.748600e-01
2375,3.16228,0,1.748620e-01
2400,3.16228,0,1.748650e-01
2425,3.16228,0,1.748670e-01
2450,3.16228,0,1.748710e-01
2475,3.16228,0,1.748750e-01
2500,3.16228,0,1.748800e-01
2525,3.16228,0,1.748860e-01
2550,3.16228,0,1.748930e-01
2575,3.16228,0,1.749020e-01
2600,3.16228,0,1.749120e-01
2625,3.16228,0,1.749240e-01
2650,3.16228,0,1.749390e-01
2675,3.16228,0,1.749570e-01
2700,3.16228,0,1.749770e-01
2725,3.16228,0,1.750020e-01
2750,3.16228,0,1.750310e-01
2775,3.16228,0,1.750650e-01
2800,3.16228,0,1.751060e-01
2825,3.16228,0,1.751530e-01
2850,3.16228,0,1.752090e-01
2875,3.16228,0,1.752750e-01
2900,3.16228,0,1.753530e-01
2925,3.16228,0,1.754440e-01
2950,3.16228,0,1.755510e-01
2975,3.16228,0,1.756770e-01
3000,3.16228,0,1.758250e-01
3025,3.16228,0,1.759990e-01
3050,3.16228,0,1.762040e-01
3075,3.16228,0,1.764440e-01
3100,3.16228,0,1.767280e-01
3125,3.16228,0,1.770610e-01
3150,3.16228,0,1.774550e-01
3175,3.16228,0,1.779180e-01
3200,3.16228,0,1.784650e-01
3225,3.16228,0,1.791100e-01
3250,3.16228,0,1.798720e-01
3275,3.16228,0,1.807710e-01
3300,3.16228,0,1.818340e-01
3325,3.16228,0,1.830890e-01
3350,3.16228,0,1.845730e-01
3375,3.16228,0,1.863260e-01
3400,3.16228,0,1.883990e-01
3425,3.16228,0,1.908490e-01
3450,3.16228,0,1.937460e-01
3475,3.16228,0,1.971700e-01
3500,3.16228,0,2.012200e-01
3525,3.16228,0,2.060100e-01
3550,3.16228,0,2.116750e-01
3575,3.16228,0,2.183790e-01
3600,3.16228,0,2.263150e-01
3625,3.16228,0,2.357170e-01
3650,3.16228,0,2.468650e-01
3675,3.16228,0,2.601000e-01
3700,3.16228,0,2.758360e-01
3725,3.16228,0,2.945850e-01
3750,3.16228,0,3.169790e-01
3775,3.16228,0,3.438140e-01
3800,3.16228,0,3.760970e-01
3825,3.16228,0,4.151270e-01
3850,3.16228,0,4.626050e-01
3875,3.16228,0,5.208010e-01
3900,3.16228,0,5.928140e-01
3925,3.16228,0,6.829880e-01
3950,3.16228,0,7.976110e-01
3975,3.16228,0,9.461280e-01
4000,3.16228,0,1.143420e+00
4025,3.16228,0,1.414340e+00
4050,3.16228,0,1.803740e+00
4075,3.16228,0,2.401450e+00
4100,3.16228,0,3.416910e+00
4125,3.16228,0,5.473530e+00
4150,3.16228,0,1.157360e+01
4175,3.16228,0,1.524930e+02
4200,3.16228,0,2.000000e+02
4225,3.16228,0,2.000000e+02
4250,3.16228,0,2.000000e+02
4275,3.16228,0,2.000000e+02
4300,3.16228,0,2.000000e+02
4325,3.16228,0,2.000000e+02
4350,3.16228,0,2.000000e+02
4375,3.16228,0,2.000000e+02
4400,3.16228,0,2.000000e+02
4425,3.16228,0,2.000000e+02
4450,3.16228,0,2.000000e+02
4475,3.16228,0,2.000000e+02
4500,3.16228,0,2.000000e+02
4525,3.16228,0,2.000000e+02
4550,3.16228,0,2.000000e+02
4575,3.16228,0,2.000000e+02
4600,3.16228,0,2.000000e+02
4625,3.16228,0,2.000000e+02
4650,3.16228,0,2.000000e+02
4675,3.16228,0,2.000000e+02
4700,3.16228,0,2.000000e+02
4725,3.16228,0,2.000000e+02
4750,3.16228,0,2.000000e+02
4775,3.16228,0,2.000000e+02
4800,3.16228,0,2.000000e+02
4825,3.16228,0,2.000000e+02
4850,3.16228,0,2.000000e+02
4875,3.16228,0,2.000000e+02
4900,3.16228,0,2.000000e+02
4925,3.16228,0,2.000000e+02
4950,3.16228,0,2.000000e+02
4975,3.16228,0,2.000000e+02
5000,3.16228,0,2.000000e+02
300,5.62341,0,8.742740e-02
325,5.62341,0,8.742740e-02
350,5.62341,0,8.742740e-02
375,5.62341,0,8.742740e-02
400,5.62341,0,8.742740e-02
425,5.62341,0,8.742750e-02
450,5.62341,0,8.742760e-02
475,5.62341,0,8.742800e-02
500,5.62341,0,8.742900e-02
525,5.62341,0,8.743180e-02
550,5.62341,0,8.743830e-02
575,5.62341,0,8.745230e-02
600,5.62341,0,8.748040e-02
625,5.62341,0,8.753360e-02
650,5.62341,0,8.762900e-02
675,5.62341,0,8.779210e-02
700,5.62341,0,8.805930e-02
725,5.62341,0,8.848000e-02
750,5.62341,0,8.911970e-02
775,5.62341,0,9.006040e-02
800,5.62341,0,9.140190e-02
825,5.62341,0,9.325850e-02
850,5.62341,0,9.575430e-02
875,5.62341,0,9.901180e-02
900,5.62341,0,1.031360e-01
925,5.62341,0,1.081880e-01
950,5.62341,0,1.141580e-01
975,5.62341,0,1.209340e-01
1000,5.62341,0,1.282770e-01
1025,5.62341,0,1.358350e-01
1050,5.62341,0,1.431830e-01
1075,5.62341,0,1.499170e-01
1100,5.62341,0,1.557350e-01
1125,5.62341,0,1.605010e-01
1150,5.62341,0,1.642350e-01
1175,5.62341,0,1.670610e-01
1200,5.62341,0,1.691510e-01
1225,5.62341,0,1.706740e-01
1250,5.62341,0,1.717770e-01
1275,5.62341,0,1.725730e-01
1300,5.62341,0,1.731510e-01
1325,5.62341,0,1.735710e-01
1350,5.62341,0,1.738790e-01
1375,5.62341,0,1.741060e-01
1400,5.62341,0,1.742760e-01
1425,5.62341,0,1.744030e-01
1450,5.62341,0,1.744990e-01
1475,5.62341,0,1.745720e-01
1500,5.62341,0,1.746290e-01
1525,5.62341,0,1.746730e-01
1550,5.62341,0,1.747070e-01
1575,5.62341,0,1.747340e-01
1600,5.62341,0,1.747560e-01
1625,5.62341,0,1.747730e-01
1650,5.62341,0,1.747860e-01
1675,5.62341,0,1.747980e-01
1700,5.62341,0,1.748070e-01
1725,5.62341,0,1.748140e-01
1750,5.62341,0,1.748200e-01
1775,5.62341,0,1.748250e-01
1800,5.62341,0,1.748290e-01
1825,5.62341,0,1.748330e-01
1850,5.62341,0,1.748360e-01
1875,5.62341,0,1.748380e-01
1900,5.62341,0,1.748400e-01
1925,5.62341,0,1.748420e-01
1950,5.62341,0,1.748440e-01
1975,5.62341,0,1.748450e-01
2000,5.62341,0,1.748460e-01
2025,5.62341,0,1.748470e-01
2050,5.62341,0,1.748480e-01
2075,5.62341,0,1.748490e-01
2100,5.62341,0,1.748500e-01
2125,5.62341,0,1.748500e-01
2150,5.62341,0,1.748510e-01
2175,5.62341,0,1.748520e-01
2200,5.62341,0,1.748520e-01
2225,5.62341,0,1.748530e-01
2250,5.62341,0,1.748540e-01
2275,5.62341,0,1.748550e-01
2300,5.62341,0,1.748550e-01
2325,5.62341,0,1.748570e-01
2350,5.62341,0,1.748580e-01
2375,5.62341,0,1.748590e-01
2400,5.62341,0,1.748610e-01
2425,5.62341,0,1.748630e-01
2450,5.62341,0,1.748660e-01
2475,5.62341,0,1.748690e-01
2500,5.62341,0,1.748730e-01
2525,5.62341,0,1.748770e-01
2550,5.62341,0,1.748830e-01
2575,5.62341,0,1.748890e-01
2600,5.62341,0,1.748970e-01
2625,5.62341,0,1.749060e-01
2650,5.62341,0,1.749170e-01
2675,5.62341,0,1.749300e-01
2700,5.62341,0,1.749450e-01
2725,5.62341,0,1.749630e-01
2750,5.62341,0,1.749850e-01
2775,5.62341,0,1.750100e-01
2800,5.62341,0,1.750390e-01
2825,5.62341,0,1.750740e-01
2850,5.62341,0,1.751150e-01
2875,5.62341,0,1.751620e-01
2900,5.62341,0,1.752180e-01
2925,5.62341,0,1.752820e-01
2950,5.62341,0,1.753580e-01
2975,5.62341,0,1.754470e-01
3000,5.62341,0,1.755500e-01
3025,5.62341,0,1.756710e-01
3050,5.62341,0,1.758120e-01
3075,5.62341,0,1.759770e-01
3100,5.62341,0,1.761690e-01
3125,5.62341,0,1.763940e-01
3150,5.62341,0,1.766570e-01
3175,5.62341,0,1.769640e-01
3200,5.62341,0,1.773240e-01
3225,5.62341,0,1.777450e-01
3250,5.62341,0,1.782380e-01
3275,5.62341,0,1.788160e-01
3300,5.62341,0,1.794930e-01
3325,5.62341,0,1.802870e-01
3350,5.62341,0,1.812180e-01
3375,5.62341,0,1.823100e-01
3400,5.62341,0,1.835920e-01
3425,5.62341,0,1.850950e-01
3450,5.62341,0,1.868600e-01
3475,5.62341,0,1.889320e-01
3500,5.62341,0,1.913630e-01
3525,5.62341,0,1.942170e-01
3550,5.62341,0,1.975680e-01
3575,5.62341,0,2.015030e-01
3600,5.62341,0,2.061220e-01
3625,5.62341,0,2.115490e-01
3650,5.62341,0,2.179240e-01
3675,5.62341,0,2.254170e-01
3700,5.62341,0,2.342290e-01
3725,5.62341,0,2.446020e-01
3750,5.62341,0,2.568230e-01
3775,5.62341,0,2.712420e-01
3800,5.62341,0,2.882820e-01
3825,5.62341,0,3.084630e-01
3850,5.62341,0,3.324280e-01
3875,5.62341,0,3.609810e-01
3900,5.62341,0,3.951370e-01
3925,5.62341,0,4.362010e-01
3950,5.62341,0,4.858750e-01
3975,5.62341,0,5.464170e-01
4000,5.62341,0,6.208990e-01
4025,5.62341,0,7.135960e-01
4050,5.62341,0,8.306520e-01
4075,5.62341,0,9.812120e-01
4100,5.62341,0,1.179520e+00
4125,5.62341,0,1.449030e+00
4150,5.62341,0,1.831250e+00
4175,5.62341,0,2.407080e+00
4200,5.62341,0,3.357680e+00
4225,5.62341,0,5.186550e+00
4250,5.62341,0,9.980320e+00
4275,5.62341,0,4.687720e+01
4300,5.62341,0,2.000000e+02
4325,5.62341,0,2.000000e+02
4350,5.62341,0,2.000000e+02
4375,5.62341,0,2.000000e+02
4400,5.62341,0,2.000000e+02
4425,5.62341,0,2.000000e+02
4450,5.62341,0,2.000000e+02
4475,5.62341,0,2.000000e+02
4500,5.62341,0,2.000000e+02
4525,5.62341,0,2.000000e+02
4550,5.62341,0,2.000000e+02
4575,5.62341,0,2.000000e+02
4600,5.62341,0,2.000000e+02
4625,5.62341,0,2.000000e+02
4650,5.62341,0,2.000000e+02
4675,5.62341,0,2.000000e+02
4700,5.62341,0,2.000000e+02
4725,5.62341,0,2.000000e+02
4750,5.62341,0,2.000000e+02
4775,5.62341,0,2.000000e+02
4800,5.62341,0,2.000000e+02
4825,5.62341,0,2.000000e+02
4850,5.62341,0,2.000000e+02
4875,5.62341,0,2.000000e+02
4900,5.62341,0,2.000000e+02
4925,5.62341,0,2.000000e+02
4950,5.62341,0,2.000000e+02
4975,5.62341,0,2.000000e+02
5000,5.62341,0,2.000000e+02
300,10,0,8.742740e-02
325,10,0,8.742740e-02
350,10,0,8.742740e-02
375,10,0,8.742740e-02
400,10,0,8.742740e-02
425,10,0,8.742740e-02
450,10,0,8.742750e-02
475,10,0,8.742780e-02
500,10,0,8.742860e-02
525,10,0,8.743070e-02
550,10,0,8.743560e-02
575,10,0,8.744610e-02
600,10,0,8.746720e-02
625,10,0,8.750710e-02
650,10,0,8.757860e-02
675,10,0,8.770100e-02
700,10,0,8.790160e-02
725,10,0,8.821770e-02
750,10,0,8.869890e-02
775,10,0,8.940790e-02
800,10,0,9.042180e-02
825,10,0,9.183070e-02
850,10,0,9.373580e-02
875,10,0,9.624300e-02
900,10,0,9.945380e-02
925,10,0,1.034510e-01
950,10,0,1.082810e-01
975,10,0,1.139270e-01
1000,10,0,1.202910e-01
1025,10,0,1.271770e-01
1050,10,0,1.342950e-01
1075,10,0,1.412960e-01
1100,10,0,1.478290e-01
1125,10,0,1.536150e-01
1150,10,0,1.584960e-01
1175,10,0,1.624420e-01
1200,10,0,1.655240e-01
1225,10,0,1.678730e-01
1250,10,0,1.696330e-01
1275,10,0,1.709390e-01
1300,10,0,1.719040e-01
1325,10,0,1.726180e-01
1350,10,0,1.731460e-01
1375,10,0,1.735400e-01
1400,10,0,1.738340e-01
1425,10,0,1.740570e-01
1450,10,0,1.742260e-01
1475,10,0,1.743550e-01
1500,10,0,1.744550e-01
1525,10,0,1.745320e-01
1550,10,0,1.745930e-01
1575,10,0,1.746410e-01
1600,10,0,1.746790e-01
1625,10,0,1.747090e-01
1650,10,0,1.747330e-01
1675,10,0,1.747530e-01
1700,10,0,1.747690e-01
1725,10,0,1.747820e-01
1750,10,0,1.747930e-01
1775,10,0,1.748020e-01
1800,10,0,1.748090e-01
1825,10,0,1.748160e-01
1850,10,0,1.748210e-01
1875,10,0,1.748250e-01
1900,10,0,1.748290e-01
1925,10,0,1.748320e-01
1950,10,0,1.748350e-01
1975,10,0,1.748370e-01
2000,10,0,1.748390e-01
2025,10,0,1.748410e-01
2050,10,0,1.748430e-01
2075,10,0,1.748440e-01
2100,10,0,1.748450e-01
2125,10,0,1.748460e-01
2150,10,0,1.748470e-01
2175,10,0,1.748480e-01
2200,10,0,1.748490e-01
2225,10,0,1.748500e-01
2250,10,0,1.748510e-01
2275,10,0,1.748520e-01
2300,10,0,1.748530e-01
2325,10,0,1.748540e-01
2350,10,0,1.748550e-01
2375,10,0,1.748560e-01
2400,10,0,1.748580e-01
2425,10,0,1.748590e-01
2450,10,0,1.748620e-01
2475,10,0,1.748640e-01
2500,10,0,1.748670e-01
2525,10,0,1.748700e-01
2550,10,0,1.748740e-01
2575,10,0,1.748790e-01
2600,10,0,1.748850e-01
2625,10,0,1.748920e-01
2650,10,0,1.749000e-01
2675,10,0,1.749100e-01
2700,10,0,1.749210e-01
2725,10,0,1.749350e-01
2750,10,0,1.749510e-01
2775,10,0,1.749690e-01
2800,10,0,1.749910e-01
2825,10,0,1.750160e-01
2850,10,0,1.750460e-01
2875,10,0,1.750800e-01
2900,10,0,1.751200e-01
2925,10,0,1.751670e-01
2950,10,0,1.752210e-01
2975,10,0,1.752850e-01
3000,10,0,1.753580e-01
3025,10,0,1.754430e-01
3050,10,0,1.755420e-01
3075,10,0,1.756570e-01
3100,10,0,1.757900e-01
3125,10,0,1.759440e-01
3150,10,0,1.761230e-01
3175,10,0,1.763310e-01
3200,10,0,1.765730e-01
3225,10,0,1.768540e-01
3250,10,0,1.771800e-01
3275,10,0,1.775590e-01
3300,10,0,1.780000e-01
3325,10,0,1.785130e-01
3350,10,0,1.791100e-01
3375,10,0,1.798060e-01
3400,10,0,1.806150e-01
3425,10,0,1.815580e-01
3450,10,0,1.826570e-01
3475,10,0,1.839380e-01
3500,10,0,1.854300e-01
3525,10,0,1.871700e-01
3550,10,0,1.891980e-01
3575,10,0,1.915630e-01
3600,10,0,1.943190e-01
3625,10,0,1.975330e-01
3650,10,0,2.012810e-01
3675,10,0,2.056520e-01
3700,10,0,2.107510e-01
3725,10,0,2.167000e-01
3750,10,0,2.236440e-01
3775,10,0,2.317530e-01
3800,10,0,2.412290e-01
3825,10,0,2.523120e-01
3850,10,0,2.652890e-01
3875,10,0,2.805050e-01
3900,10,0,2.983770e-01
3925,10,0,3.194150e-01
3950,10,0,3.442450e-01
3975,10,0,3.736460e-01
4000,10,0,4.085980e-01
4025,10,0,4.503510e-01
4050,10,0,5.005240e-01
4075,10,0,5.612500e-01
4100,10,0,6.353960e-01
4125,10,0,7.269160e-01
4150,10,0,8.414130e-01
4175,10,0,9.870970e-01
4200,10,0,1.176500e+00
4225,10,0,1.429750e+00
4250,10,0,1.781310e+00
4275,10,0,2.295400e+00
4300,10,0,3.106730e+00
4325,10,0,4.552170e+00
4350,10,0,7.766910e+00
4375,10,0,2.021520e+01
4400,10,0,2.000000e+02
4425,10,0,2.000000e+02
4450,10,0,2.000000e+02
4475,10,0,2.000000e+02
4500,10,0,2.000000e+02
4525,10,0,2.000000e+02
4550,10,0,2.000000e+02
4575,10,0,2.000000e+02
4600,10,0,2.000000e+02
4625,10,0,2.000000e+02
4650,10,0,2.000000e+02
4675,10,0,2.000000e+02
4700,10,0,2.000000e+02
4725,10,0,2.000000e+02
4750,10,0,2.000000e+02
4775,10,0,2.000000e+02
4800,10,0,2.000000e+02
4825,10,0,2.000000e+02
4850,10,0,2.000000e+02
4875,10,0,2.000000e+02
4900,10,0,2.000000e+02
4925,10,0,2.000000e+02
4950,10,0,2.000000e+02
4975,10,0,2.000000e+02
5000,10,0,2.000000e+02
300,17.7828,0,8.742740e-02
325,17.7828,0,8.742740e-02
350,17.7828,0,8.742740e-02
375,17.7828,0,8.742740e-02
400,17.7828,0,8.742740e-02
425,17.7828,0,8.742740e-02
450,17.7828,0,8.742750e-02
475,17.7828,0,8.742770e-02
500,17.7828,0,8.742830e-02
525,17.7828,0,8.742990e-02
550,17.7828,0,8.743350e-02
575,17.7828,0,8.744140e-02
600,17.7828,0,8.745720e-02
625,17.7828,0,8.748710e-02
650,17.7828,0,8.754080e-02
675,17.7828,0,8.763270e-02
700,17.7828,0,8.778320e-02
725,17.7828,0,8.802060e-02
750,17.7828,0,8.838230e-02
775,17.7828,0,8.891600e-02
800,17.7828,0,8.968070e-02
825,17.7828,0,9.074660e-02
850,17.7828,0,9.219410e-02
875,17.7828,0,9.411040e-02
900,17.7828,0,9.658510e-02
925,17.7828,0,9.970160e-02
950,17.7828,0,1.035260e-01
975,17.7828,0,1.080920e-01
1000,17.7828,0,1.133840e-01
1025,17.7828,0,1.193200e-01
1050,17.7828,0,1.257430e-01
1075,17.7828,0,1.324210e-01
1100,17.7828,0,1.390680e-01
1125,17.7828,0,1.453880e-01
1150,17.7828,0,1.511260e-01
1175,17.7828,0,1.561090e-01
1200,17.7828,0,1.602660e-01
1225,17.7828,0,1.636210e-01
1250,17.7828,0,1.662580e-01
1275,17.7828,0,1.682920e-01
1300,17.7828,0,1.698410e-01
1325,17.7828,0,1.710130e-01
1350,17.7828,0,1.718970e-01
1375,17.7828,0,1.725640e-01
1400,17.7828,0,1.730700e-01
1425,17.7828,0,1.734540e-01
1450,17.7828,0,1.737470e-01
1475,17.7828,0,1.739730e-01
1500,17.7828,0,1.741480e-01
1525,17.7828,0,1.742840e-01
1550,17.7828,0,1.743910e-01
1575,17.7828,0,1.744750e-01
1600,17.7828,0,1.745420e-01
1625,17.7828,0,1.745960e-01
1650,17.7828,0,1.746390e-01
1675,17.7828,0,1.746740e-01
1700,17.7828,0,1.747030e-01
1725,17.7828,0,1.747260e-01
1750,17.7828,0,1.747450e-01
1775,17.7828,0,1.747610e-01
1800,17.7828,0,1.747740e-01
1825,17.7828,0,1.747850e-01
1850,17.7828,0,1.747950e-01
1875,17.7828,0,1.748020e-01
1900,17.7828,0,1.748090e-01
1925,17.7828,0,1.748150e-01
1950,17.7828,0,1.748200e-01
1975,17.7828,0,1.748240e-01
2000,17.7828,0,1.748270e-01
2025,17.7828,0,1.748300e-01
2050,17.7828,0,1.748330e-01
2075,17.7828,0,1.748350e-01
2100,17.7828,0,1.748370e-01
2125,17.7828,0,1.748390e-01
2150,17.7828,0,1.748410e-01
2175,17.7828,0,1.748420e-01
2200,17.7828,0,1.748440e-01
2225,17.7828,0,1.748450e-01
2250,17.7828,0,1.748460e-01
2275,17.7828,0,1.748470e-01
2300,17.7828,0,1.748490e-01
2325,17.7828,0,1.748500e-01
2350,17.7828,0,1.748510e-01
2375,17.7828,0,1.748520e-01
2400,17.7828,0,1.748540e-01
2425,17.7828,0,1.748550e-01
2450,17.7828,0,1.748570e-01
2475,17.7828,0,1.748590e-01
2500,17.7828,0,1.748610e-01
2525,17.7828,0,1.748640e-01
2550,17.7828,0,1.748670e-01
2575,17.7828,0,1.748710e-01
2600,17.7828,0,1.748760e-01
2625,17.7828,0,1.748810e-01
2650,17.7828,0,1.748870e-01
2675,17.7828,0,1.748940e-01
2700,17.7828,0,1.749030e-01
2725,17.7828,0,1.749130e-01
2750,17.7828,0,1.749250e-01
2775,17.7828,0,1.749390e-01
2800,17.7828,0,1.749550e-01
2825,17.7828,0,1.749730e-01
2850,17.7828,0,1.749950e-01
2875,17.7828,0,1.750200e-01
2900,17.7828,0,1.750500e-01
2925,17.7828,0,1.750840e-01
2950,17.7828,0,1.751230e-01
2975,17.7828,0,1.751690e-01
3000,17.7828,0,1.752210e-01
3025,17.7828,0,1.752820e-01
3050,17.7828,0,1.753520e-01
3075,17.7828,0,1.754330e-01
3100,17.7828,0,1.755270e-01
3125,17.7828,0,1.756350e-01
3150,17.7828,0,1.757590e-01
3175,17.7828,0,1.759020e-01
3200,17.7828,0,1.760680e-01
3225,17.7828,0,1.762590e-01
3250,17.7828,0,1.764790e-01
3275,17.7828,0,1.767330e-01
3300,17.7828,0,1.770260e-01
3325,17.7828,0,1.773650e-01
3350,17.7828,0,1.777570e-01
3375,17.7828,0,1.782090e-01
3400,17.7828,0,1.787320e-01
3425,17.7828,0,1.793360e-01
3450,17.7828,0,1.800360e-01
3475,17.7828,0,1.808450e-01
3500,17.7828,0,1.817820e-01
3525,17.7828,0,1.828660e-01
3550,17.7828,0,1.841200e-01
3575,17.7828,0,1.855730e-01
3600,17.7828,0,1.872560e-01
3625,17.7828,0,1.892040e-01
3650,17.7828,0,1.914610e-01
3675,17.7828,0,1.940740e-01
3700,17.7828,0,1.971010e-01
3725,17.7828,0,2.006080e-01
3750,17.7828,0,2.046710e-01
3775,17.7828,0,2.093790e-01
3800,17.7828,0,2.148350e-01
3825,17.7828,0,2.211610e-01
3850,17.7828,0,2.284990e-01
3875,17.7828,0,2.370130e-01
3900,17.7828,0,2.469010e-01
3925,17.7828,0,2.583940e-01
3950,17.7828,0,2.717670e-01
3975,17.7828,0,2.873500e-01
4000,17.7828,0,3.055390e-01
4025,17.7828,0,3.268150e-01
4050,17.7828,0,3.517650e-01
4075,17.7828,0,3.811140e-01
4100,17.7828,0,4.157670e-01
4125,17.7828,0,4.568680e-01
4150,17.7828,0,5.058840e-01
4175,17.7828,0,5.647240e-01
4200,17.7828,0,6.359240e-01
4225,17.7828,0,7.229270e-01
4250,17.7828,0,8.305220e-01
4275,17.7828,0,9.655760e-01
4300,17.7828,0,1.138300e+00
4325,17.7828,0,1.364560e+00
4350,17.7828,0,1.670370e+00
4375,17.7828,0,2.101610e+00
4400,17.7828,0,2.747090e+00
4425,17.7828,0,3.803790e+00
4450,17.7828,0,5.810100e+00
4475,17.7828,0,1.092040e+01
4500,17.7828,0,4.462840e+01
4525,17.7828,0,2.000000e+02
4550,17.7828,0,2.000000e+02
4575,17.7828,0,2.000000e+02
4600,17.7828,0,2.000000e+02
4625,17.7828,0,2.000000e+02
4650,17.7828,0,2.000000e+02
4675,17.7828,0,2.000000e+02
4700,17.7828,0,2.000000e+02
4725,17.7828,0,2.000000e+02
4750,17.7828,0,2.000000e+02
4775,17.7828,0,2.000000e+02
4800,17.7828,0,2.000000e+02
4825,17.7828,0,2.000000e+02
4850,17.7828,0,2.000000e+02
4875,17.7828,0,2.000000e+02
4900,17.7828,0,2.000000e+02
4925,17.7828,0,2.000000e+02
4950,17.7828,0,2.000000e+02
4975,17.7828,0,2.000000e+02
5000,17.7828,0,2.000000e+02
300,31.6228,0,8.742740e-02
325,31.6228,0,8.742740e-02
350,31.6228,0,8.742740e-02
375,31.6228,0,8.742740e-02
400,31.6228,0,8.742740e-02
425,31.6228,0,8.742740e-02
450,31.6228,0,8.742750e-02
475,31.6228,0,8.742760e-02
500,31.6228,0,8.742810e-02
525,31.6228,0,8.742930e-02
550,31.6228,0,8.743200e-02
575,31.6228,0,8.743790e-02
600,31.6228,0,8.744980e-02
625,31.6228,0,8.747220e-02
650,31.6228,0,8.751250e-02
675,31.6228,0,8.758140e-02
700,31.6228,0,8.769430e-02
725,31.6228,0,8.787250e-02
750,31.6228,0,8.814420e-02
775,31.6228,0,8.854560e-02
800,31.6228,0,8.912150e-02
825,31.6228,0,8.992610e-02
850,31.6228,0,9.102210e-02
875,31.6228,0,9.247950e-02
900,31.6228,0,9.437300e-02
925,31.6228,0,9.677710e-02
950,31.6228,0,9.976010e-02
975,31.6228,0,1.033750e-01
1000,31.6228,0,1.076470e-01
1025,31.6228,0,1.125650e-01
1050,31.6228,0,1.180630e-01
1075,31.6228,0,1.240190e-01
1100,31.6228,0,1.302510e-01
1125,31.6228,0,1.365310e-01
1150,31.6228,0,1.426120e-01
1175,31.6228,0,1.482670e-01
1200,31.6228,0,1.533190e-01
1225,31.6228,0,1.576700e-01
1250,31.6228,0,1.612960e-01
1275,31.6228,0,1.642380e-01
1300,31.6228,0,1.665770e-01
1325,31.6228,0,1.684080e-01
1350,31.6228,0,1.698280e-01
1375,31.6228,0,1.709240e-01
1400,31.6228,0,1.717680e-01
1425,31.6228,0,1.724180e-01
1450,31.6228,0,1.729200e-01
1475,31.6228,0,1.733090e-01
1500,31.6228,0,1.736120e-01
1525,31.6228,0,1.738490e-01
1550,31.6228,0,1.740360e-01
1575,31.6228,0,1.741840e-01
1600,31.6228,0,1.743020e-01
1625,31.6228,0,1.743970e-01
1650,31.6228,0,1.744730e-01
1675,31.6228,0,1.745340e-01
1700,31.6228,0,1.745850e-01
1725,31.6228,0,1.746260e-01
1750,31.6228,0,1.746600e-01
1775,31.6228,0,1.746880e-01
1800,31.6228,0,1.747120e-01
1825,31.6228,0,1.747310e-01
1850,31.6228,0,1.747480e-01
1875,31.6228,0,1.747620e-01
1900,31.6228,0,1.747730e-01
1925,31.6228,0,1.747830e-01
1950,31.6228,0,1.747920e-01
1975,31.6228,0,1.747990e-01
2000,31.6228,0,1.748060e-01
2025,31.6228,0,1.748110e-01
2050,31.6228,0,1.748160e-01
2075,31.6228,0,1.748200e-01
2100,31.6228,0,1.748240e-01
2125,31.6228,0,1.748270e-01
2150,31.6228,0,1.748300e-01
2175,31.6228,0,1.748320e-01
2200,31.6228,0,1.748350e-01
2225,31.6228,0,1.748370e-01
2250,31.6228,0,1.748380e-01
2275,31.6228,0,1.748400e-01
2300,31.6228,0,1.748420e-01
2325,31.6228,0,1.748430e-01
2350,31.6228,0,1.748450e-01
2375,31.6228,0,1.748460e-01
2400,31.6228,0,1.748480e-01
2425,31.6228,0,1.748500e-01
2450,31.6228,0,1.748510e-01
2475,31.6228,0,1.748530e-01
2500,31.6228,0,1.748550e-01
2525,31.6228,0,1.748580e-01
2550,31.6228,0,1.748600e-01
2575,31.6228,0,1.748640e-01
2600,31.6228,0,1.748670e-01
2625,31.6228,0,1.748710e-01
2650,31.6228,0,1.748760e-01
2675,31.6228,0,1.748820e-01
2700,31.6228,0,1.748880e-01
2725,31.6228,0,1.748960e-01
2750,31.6228,0,1.749050e-01
2775,31.6228,0,1.749150e-01
2800,31.6228,0,1.749270e-01
2825,31.6228,0,1.749410e-01
2850,31.6228,0,1.749570e-01
2875,31.6228,0,1.749760e-01
2900,31.6228,0,1.749970e-01
2925,31.6228,0,1.750220e-01
2950,31.6228,0,1.750510e-01
2975,31.6228,0,1.750840e-01
3000,31.6228,0,1.751230e-01
3025,31.6228,0,1.751670e-01
3050,31.6228,0,1.752170e-01
3075,31.6228,0,1.752750e-01
3100,31.6228,0,1.753420e-01
3125,31.6228,0,1.754180e-01
3150,31.6228,0,1.755060e-01
3175,31.6228,0,1.756060e-01
3200,31.6228,0,1.757210e-01
3225,31.6228,0,1.758530e-01
3250,31.6228,0,1.760050e-01
3275,31.6228,0,1.761790e-01
3300,31.6228,0,1.763780e-01
3325,31.6228,0,1.766060e-01
3350,31.6228,0,1.768680e-01
3375,31.6228,0,1.771690e-01
3400,31.6228,0,1.775140e-01
3425,31.6228,0,1.779100e-01
3450,31.6228,0,1.783650e-01
3475,31.6228,0,1.788870e-01
3500,31.6228,0,1.794880e-01
3525,31.6228,0,1.801790e-01
3550,31.6228,0,1.809720e-01
3575,31.6228,0,1.818850e-01
3600,31.6228,0,1.829350e-01
3625,31.6228,0,1.841420e-01
3650,31.6228,0,1.855320e-01
3675,31.6228,0,1.871300e-01
3700,31.6228,0,1.889700e-01
3725,31.6228,0,1.910860e-01
3750,31.6228,0,1.935230e-01
3775,31.6228,0,1.963270e-01
3800,31.6228,0,1.995540e-01
3825,31.6228,0,2.032700e-01
3850,31.6228,0,2.075480e-01
3875,31.6228,0,2.124740e-01
3900,31.6228,0,2.181480e-01
3925,31.6228,0,2.246860e-01
3950,31.6228,0,2.322220e-01
3975,31.6228,0,2.409150e-01
4000,31.6228,0,2.509470e-01
4025,31.6228,0,2.625350e-01
4050,31.6228,0,2.759360e-01
4075,31.6228,0,2.914540e-01
4100,31.6228,0,3.094520e-01
4125,31.6228,0,3.303670e-01
4150,31.6228,0,3.547300e-01
4175,31.6228,0,3.831880e-01
4200,31.6228,0,4.165450e-01
4225,31.6228,0,4.558020e-01
4250,31.6228,0,5.022280e-01
4275,31.6228,0,5.574540e-01
4300,31.6228,0,6.236090e-01
4325,31.6228,0,7.035320e-01
4350,31.6228,0,8.010850e-01
4375,31.6228,0,9.216680e-01
4400,31.6228,0,1.073070e+00
4425,31.6228,0,1.266920e+00
4450,31.6228,0,1.521450e+00
4475,31.6228,0,1.866840e+00
4500,31.6228,0,2.356910e+00
4525,31.6228,0,3.097700e+00
4550,31.6228,0,4.330150e+00
4575,31.6228,0,6.740230e+00
4600,31.6228,0,1.331390e+01
4625,31.6228,0,7.797940e+01
4650,31.6228,0,2.000000e+02
4675,31.6228,0,2.000000e+02
4700,31.6228,0,2.000000e+02
4725,31.6228,0,2.000000e+02
4750,31.6228,0,2.000000e+02
4775,31.6228,0,2.000000e+02
4800,31.6228,0,2.000000e+02
4825,31.6228,0,2.000000e+02
4850,31.6228,0,2.000000e+02
4875,31.6228,0,2.000000e+02
4900,31.6228,0,2.000000e+02
4925,31.6228,0,2.000000e+02
4950,31.6228,0,2.000000e+02
4975,31.6228,0,2.000000e+02
5000,31.6228,0,2.000000e+02
300,56.2341,0,8.742740e-02
325,56.2341,0,8.742740e-02
350,56.2341,0,8.742740e-02
375,56.2341,0,8.742740e-02
400,56.2341,0,8.742740e-02
425,56.2341,0,8.742740e-02
450,56.2341,0,8.742750e-02
475,56.2341,0,8.742760e-02
500,56.2341,0,8.742790e-02
525,56.2341,0,8.742880e-02
550,56.2341,0,8.743090e-02
575,56.2341,0,8.743530e-02
600,56.2341,0,8.744420e-02
625,56.2341,0,8.746100e-02
650,56.2341,0,8.749120e-02
675,56.2341,0,8.754290e-02
700,56.2341,0,8.762760e-02
725,56.2341,0,8.776140e-02
750,56.2341,0,8.796540e-02
775,56.2341,0,8.826700e-02
800,56.2341,0,8.870030e-02
825,56.2341,0,8.930660e-02
850,56.2341,0,9.013440e-02
875,56.2341,0,9.123880e-02
900,56.2341,0,9.267980e-02
925,56.2341,0,9.452040e-02
950,56.2341,0,9.682240e-02
975,56.2341,0,9.964150e-02
1000,56.2341,0,1.030200e-01
1025,56.2341,0,1.069800e-01
1050,56.2341,0,1.115110e-01
1075,56.2341,0,1.165670e-01
1100,56.2341,0,1.220540e-01
1125,56.2341,0,1.278320e-01
1150,56.2341,0,1.337250e-01
1175,56.2341,0,1.395310e-01
1200,56.2341,0,1.450530e-01
1225,56.2341,0,1.501240e-01
1250,56.2341,0,1.546250e-01
1275,56.2341,0,1.585000e-01
1300,56.2341,0,1.617470e-01
1325,56.2341,0,1.644100e-01
1350,56.2341,0,1.665580e-01
1375,56.2341,0,1.682680e-01
1400,56.2341,0,1.696190e-01
1425,56.2341,0,1.706820e-01
1450,56.2341,0,1.715170e-01
1475,56.2341,0,1.721720e-01
1500,56.2341,0,1.726880e-01
1525,56.2341,0,1.730950e-01
1550,56.2341,0,1.734180e-01
1575,56.2341,0,1.736750e-01
1600,56.2341,0,1.738810e-01
1625,56.2341,0,1.740460e-01
1650,56.2341,0,1.741800e-01
1675,56.2341,0,1.742880e-01
1700,56.2341,0,1.743770e-01
1725,56.2341,0,1.744500e-01
1750,56.2341,0,1.745100e-01
1775,56.2341,0,1.745590e-01
1800,56.2341,0,1.746010e-01
1825,56.2341,0,1.746360e-01
1850,56.2341,0,1.746650e-01
1875,56.2341,0,1.746890e-01
1900,56.2341,0,1.747100e-01
1925,56.2341,0,1.747280e-01
1950,56.2341,0,1.747430e-01
1975,56.2341,0,1.747560e-01
2000,56.2341,0,1.747680e-01
2025,56.2341,0,1.747770e-01
2050,56.2341,0,1.747860e-01
2075,56.2341,0,1.747930e-01
2100,56.2341,0,1.747990e-01
2125,56.2341,0,1.748050e-01
2150,56.2341,0,1.748100e-01
2175,56.2341,0,1.748140e-01
2200,56.2341,0,1.748180e-01
2225,56.2341,0,1.748220e-01
2250,56.2341,0,1.748250e-01
2275,56.2341,0,1.748280e-01
2300,56.2341,0,1.748300e-01
2325,56.2341,0,1.748330e-01
2350,56.2341,0,1.748350e-01
2375,56.2341,0,1.748370e-01
2400,56.2341,0,1.748390e-01
2425,56.2341,0,1.748410e-01
2450,56.2341,0,1.748430e-01
2475,56.2341,0,1.748450e-01
2500,56.2341,0,1.748470e-01
2525,56.2341,0,1.748500e-01
2550,56.2341,0,1.748520e-01
2575,56.2341,0,1.748550e-01
2600,56.2341,0,1.748580e-01
2625,56.2341,0,1.748620e-01
2650,56.2341,0,1.748660e-01
2675,56.2341,0,1.748700e-01
2700,56.2341,0,1.748750e-01
2725,56.2341,0,1.748810e-01
2750,56.2341,0,1.748880e-01
2775,56.2341,0,1.748960e-01
2800,56.2341,0,1.749050e-01
2825,56.2341,0,1.749160e-01
2850,56.2341,0,1.749280e-01
2875,56.2341,0,1.749420e-01
2900,56.2341,0,1.749580e-01
2925,56.2341,0,1.749760e-01
2950,56.2341,0,1.749980e-01
2975,56.2341,0,1.750220e-01
3000,56.2341,0,1.750500e-01
3025,56.2341,0,1.750820e-01
3050,56.2341,0,1.751190e-01
3075,56.2341,0,1.751610e-01
3100,56.2341,0,1.752090e-01
3125,56.2341,0,1.752640e-01
3150,56.2341,0,1.753260e-01
3175,56.2341,0,1.753980e-01
3200,56.2341,0,1.754790e-01
3225,56.2341,0,1.755720e-01
3250,56.2341,0,1.756780e-01
3275,56.2341,0,1.757990e-01
3300,56.2341,0,1.759370e-01
3325,56.2341,0,1.760930e-01
3350,56.2341,0,1.762720e-01
3375,56.2341,0,1.764760e-01
3400,56.2341,0,1.767080e-01
3425,56.2341,0,1.769730e-01
3450,56.2341,0,1.772760e-01
3475,56.2341,0,1.776210e-01
3500,56.2341,0,1.780140e-01
3525,56.2341,0,1.784640e-01
3550,56.2341,0,1.789770e-01
3575,56.2341,0,1.795630e-01
3600,56.2341,0,1.802330e-01
3625,56.2341,0,1.809980e-01
3650,56.2341,0,1.818730e-01
3675,56.2341,0,1.828720e-01
3700,56.2341,0,1.840150e-01
3725,56.2341,0,1.853220e-01
3750,56.2341,0,1.868160e-01
3775,56.2341,0,1.885260e-01
3800,56.2341,0,1.904800e-01
3825,56.2341,0,1.927160e-01
3850,56.2341,0,1.952740e-01
3875,56.2341,0,1.982000e-01
3900,56.2341,0,2.015480e-01
3925,56.2341,0,2.053790e-01
3950,56.2341,0,2.097640e-01
3975,56.2341,0,2.147820e-01
4000,56.2341,0,2.205280e-01
4025,56.2341,0,2.271090e-01
4050,56.2341,0,2.346490e-01
4075,56.2341,0,2.432940e-01
4100,56.2341,0,2.532100e-01
4125,56.2341,0,2.645960e-01
4150,56.2341,0,2.776800e-01
4175,56.2341,0,2.927350e-01
4200,56.2341,0,3.100840e-01
4225,56.2341,0,3.301100e-01
4250,56.2341,0,3.532760e-01
4275,56.2341,0,3.801420e-01
4300,56.2341,0,4.113900e-01
4325,56.2341,0,4.478650e-01
4350,56.2341,0,4.906200e-01
4375,56.2341,0,5.409890e-01
4400,56.2341,0,6.006800e-01
4425,56.2341,0,6.719250e-01
4450,56.2341,0,7.576890e-01
4475,56.2341,0,8.620040e-01
4500,56.2341,0,9.904920e-01
4525,56.2341,0,1.151240e+00
4550,56.2341,0,1.356280e+00
4575,56.2341,0,1.624400e+00
4600,56.2341,0,1.986530e+00
4625,56.2341,0,2.497430e+00
4650,56.2341,0,3.263870e+00
4675,56.2341,0,4.524880e+00
4700,56.2341,0,6.943690e+00
4725,56.2341,0,1.325510e+01
4750,56.2341,0,6.035800e+01
4775,56.2341,0,2.000000e+02
4800,56.2341,0,2.000000e+02
4825,56.2341,0,2.000000e+02
4850,56.2341,0,2.000000e+02
4875,56.2341,0,2.000000e+02
4900,56.2341,0,2.000000e+02
4925,56.2341,0,2.000000e+02
4950,56.2341,0,2.000000e+02
4975,56.2341,0,2.000000e+02
5000,56.2341,0,2.000000e+02
300,100,0,8.742740e-02
325,100,0,8.742740e-02
350,100,0,8.742740e-02
375,100,0,8.742740e-02
400,100,0,8.742740e-02
425,100,0,8.742740e-02
450,100,0,8.742740e-02
475,100,0,8.742750e-02
500,100,0,8.742780e-02
525,100,0,8.742850e-02
550,100,0,8.743000e-02
575,100,0,8.743330e-02
600,100,0,8.744000e-02
625,100,0,8.745260e-02
650,100,0,8.747530e-02
675,100,0,8.751400e-02
700,100,0,8.757760e-02
725,100,0,8.767790e-02
750,100,0,8.783110e-02
775,100,0,8.805760e-02
800,100,0,8.838330e-02
825,100,0,8.883970e-02
850,100,0,8.946380e-02
875,100,0,9.029830e-02
900,100,0,9.139080e-02
925,100,0,9.279230e-02
950,100,0,9.455530e-02
975,100,0,9.673050e-02
1000,100,0,9.936340e-02
1025,100,0,1.024890e-01
1050,100,0,1.061250e-01
1075,100,0,1.102670e-01
1100,100,0,1.148800e-01
1125,100,0,1.198980e-01
1150,100,0,1.252160e-01
1175,100,0,1.306980e-01
1200,100,0,1.361880e-01
1225,100,0,1.415200e-01
1250,100,0,1.465420e-01
1275,100,0,1.511310e-01
1300,100,0,1.552070e-01
1325,100,0,1.587340e-01
1350,100,0,1.617200e-01
1375,100,0,1.642030e-01
1400,100,0,1.662360e-01
1425,100,0,1.678860e-01
1450,100,0,1.692130e-01
1475,100,0,1.702780e-01
1500,100,0,1.711300e-01
1525,100,0,1.718110e-01
1550,100,0,1.723570e-01
1575,100,0,1.727960e-01
1600,100,0,1.731490e-01
1625,100,0,1.734350e-01
1650,100,0,1.736670e-01
1675,100,0,1.738560e-01
1700,100,0,1.740110e-01
1725,100,0,1.741390e-01
1750,100,0,1.742440e-01
1775,100,0,1.743320e-01
1800,100,0,1.744050e-01
1825,100,0,1.744660e-01
1850,100,0,1.745180e-01
1875,100,0,1.745610e-01
1900,100,0,1.745980e-01
1925,100,0,1.746300e-01
1950,100,0,1.746570e-01
1975,100,0,1.746800e-01
2000,100,0,1.747000e-01
2025,100,0,1.747170e-01
2050,100,0,1.747320e-01
2075,100,0,1.747450e-01
2100,100,0,1.747560e-01
2125,100,0,1.747660e-01
2150,100,0,1.747750e-01
2175,100,0,1.747830e-01
2200,100,0,1.747890e-01
2225,100,0,1.747960e-01
2250,100,0,1.748010e-01
2275,100,0,1.748060e-01
2300,100,0,1.748100e-01
2325,100,0,1.748140e-01
2350,100,0,1.748180e-01
2375,100,0,1.748210e-01
2400,100,0,1.748240e-01
2425,100,0,1.748270e-01
2450,100,0,1.748300e-01
2475,100,0,1.748330e-01
2500,100,0,1.748360e-01
2525,100,0,1.748380e-01
2550,100,0,1.748410e-01
2575,100,0,1.748440e-01
2600,100,0,1.748470e-01
2625,100,0,1.748500e-01
2650,100,0,1.748540e-01
2675,100,0,1.748580e-01
2700,100,0,1.748620e-01
2725,100,0,1.748670e-01
2750,100,0,1.748730e-01
2775,100,0,1.748790e-01
2800,100,0,1.748860e-01
2825,100,0,1.748940e-01
2850,100,0,1.749030e-01
2875,100,0,1.749140e-01
2900,100,0,1.749260e-01
2925,100,0,1.749400e-01
2950,100,0,1.749560e-01
2975,100,0,1.749740e-01
3000,100,0,1.749950e-01
3025,100,0,1.750190e-01
3050,100,0,1.750460e-01
3075,100,0,1.750770e-01
3100,100,0,1.751120e-01
3125,100,0,1.751520e-01
3150,100,0,1.751970e-01
3175,100,0,1.752490e-01
3200,100,0,1.753070e-01
3225,100,0,1.753730e-01
3250,100,0,1.754480e-01
3275,100,0,1.755340e-01
3300,100,0,1.756300e-01
3325,100,0,1.757400e-01
3350,100,0,1.758640e-01
3375,100,0,1.760050e-01
3400,100,0,1.761650e-01
3425,100,0,1.763450e-01
3450,100,0,1.765500e-01
3475,100,0,1.767830e-01
3500,100,0,1.770460e-01
3525,100,0,1.773450e-01
3550,100,0,1.776840e-01
3575,100,0,1.780690e-01
3600,100,0,1.785060e-01
3625,100,0,1.790010e-01
3650,100,0,1.795640e-01
3675,100,0,1.802030e-01
3700,100,0,1.809290e-01
3725,100,0,1.817540e-01
3750,100,0,1.826920e-01
3775,100,0,1.837570e-01
3800,100,0,1.849680e-01
3825,100,0,1.863440e-01
3850,100,0,1.879090e-01
3875,100,0,1.896890e-01
3900,100,0,1.917120e-01
3925,100,0,1.940130e-01
3950,100,0,1.966300e-01
3975,100,0,1.996070e-01
4000,100,0,2.029930e-01
4025,100,0,2.068440e-01
4050,100,0,2.112270e-01
4075,100,0,2.162140e-01
4100,100,0,2.218910e-01
4125,100,0,2.283560e-01
4150,100,0,2.357190e-01
4175,100,0,2.441100e-01
4200,100,0,2.536790e-01
4225,100,0,2.645980e-01
4250,100,0,2.770690e-01
4275,100,0,2.913280e-01
4300,100,0,3.076530e-01
4325,100,0,3.263700e-01
4350,100,0,3.478700e-01
4375,100,0,3.726190e-01
4400,100,0,4.011800e-01
4425,100,0,4.342400e-01
4450,100,0,4.726410e-01
4475,100,0,5.174330e-01
4500,100,0,5.699360e-01
4525,100,0,6.318360e-01
4550,100,0,7.053190e-01
4575,100,0,7.932740e-01
4600,100,0,8.995970e-01
4625,100,0,1.029670e+00
4650,100,0,1.191170e+00
4675,100,0,1.395340e+00
4700,100,0,1.659480e+00
4725,100,0,2.011510e+00
4750,100,0,2.499540e+00
4775,100,0,3.214070e+00
4800,100,0,4.347240e+00
4825,100,0,6.388470e+00
4850,100,0,1.104230e+01
4875,100,0,3.058240e+01
4900,100,0,2.000000e+02
4925,100,0,2.000000e+02
4950,100,0,2.000000e+02
4975,100,0,2.000000e+02
5000,100,0,2.000000e+02
300,177.828,0,8.742740e-02
325,177.828,0,8.742740e-02
350,177.828,0,8.742740e-02
375,177.828,0,8.742740e-02
400,177.828,0,8.742740e-02
425,177.828,0,8.742740e-02
450,177.828,0,8.742740e-02
475,177.828,0,8.742750e-02
500,177.828,0,8.742770e-02
525,177.828,0,8.742820e-02
550,177.828,0,8.742940e-02
575,177.828,0,8.743180e-02
600,177.828,0,8.743680e-02
625,177.828,0,8.744630e-02
650,177.828,0,8.746330e-02
675,177.828,0,8.749240e-02
700,177.828,0,8.754000e-02
725,177.828,0,8.761530e-02
750,177.828,0,8.773030e-02
775,177.828,0,8.790030e-02
800,177.828,0,8.814500e-02
825,177.828,0,8.848820e-02
850,177.828,0,8.895810e-02
875,177.828,0,8.958750e-02
900,177.828,0,9.041340e-02
925,177.828,0,9.147630e-02
950,177.828,0,9.281890e-02
975,177.828,0,9.448460e-02
1000,177.828,0,9.651510e-02
1025,177.828,0,9.894730e-02
1050,177.828,0,1.018100e-01
1075,177.828,0,1.051190e-01
1100,177.828,0,1.088740e-01
1125,177.828,0,1.130510e-01
1150,177.828,0,1.176040e-01
1175,177.828,0,1.224560e-01
1200,177.828,0,1.275090e-01
1225,177.828,0,1.326420e-01
1250,177.828,0,1.377220e-01
1275,177.828,0,1.426180e-01
1300,177.828,0,1.472130e-01
1325,177.828,0,1.514170e-01
1350,177.828,0,1.551720e-01
1375,177.828,0,1.584520e-01
1400,177.828,0,1.612650e-01
1425,177.828,0,1.636390e-01
1450,177.828,0,1.656180e-01
1475,177.828,0,1.672530e-01
1500,177.828,0,1.685940e-01
1525,177.828,0,1.696890e-01
1550,177.828,0,1.705820e-01
1575,177.828,0,1.713090e-01
1600,177.828,0,1.719020e-01
1625,177.828,0,1.723860e-01
1650,177.828,0,1.727820e-01
1675,177.828,0,1.731070e-01
1700,177.828,0,1.733750e-01
1725,177.828,0,1.735960e-01
1750,177.828,0,1.737800e-01
1775,177.828,0,1.739330e-01
1800,177.828,0,1.740610e-01
1825,177.828,0,1.741680e-01
1850,177.828,0,1.742590e-01
1875,177.828,0,1.743360e-01
1900,177.828,0,1.744010e-01
1925,177.828,0,1.744560e-01
1950,177.828,0,1.745040e-01
1975,177.828,0,1.745450e-01
2000,177.828,0,1.745800e-01
2025,177.828,0,1.746100e-01
2050,177.828,0,1.746370e-01
2075,177.828,0,1.746600e-01
2100,177.828,0,1.746800e-01
2125,177.828,0,1.746970e-01
2150,177.828,0,1.747130e-01
2175,177.828,0,1.747260e-01
2200,177.828,0,1.747380e-01
2225,177.828,0,1.747490e-01
2250,177.828,0,1.747590e-01
2275,177.828,0,1.747670e-01
2300,177.828,0,1.747750e-01
2325,177.828,0,1.747820e-01
2350,177.828,0,1.747880e-01
2375,177.828,0,1.747940e-01
2400,177.828,0,1.747990e-01
2425,177.828,0,1.748030e-01
2450,177.828,0,1.748080e-01
2475,177.828,0,1.748120e-01
2500,177.828,0,1.748160e-01
2525,177.828,0,1.748200e-01
2550,177.828,0,1.748230e-01
2575,177.828,0,1.748270e-01
2600,177.828,0,1.748300e-01
2625,177.828,0,1.748340e-01
2650,177.828,0,1.748380e-01
2675,177.828,0,1.748420e-01
2700,177.828,0,1.748460e-01
2725,177.828,0,1.748500e-01
2750,177.828,0,1.748550e-01
2775,177.828,0,1.748610e-01
2800,177.828,0,1.748670e-01
2825,177.828,0,1.748740e-01
2850,177.828,0,1.748810e-01
2875,177.828,0,1.748890e-01
2900,177.828,0,1.748990e-01
2925,177.828,0,1.749100e-01
2950,177.828,0,1.749220e-01
2975,177.828,0,1.749360e-01
3000,177.828,0,1.749520e-01
3025,177.828,0,1.749700e-01
3050,177.828,0,1.749900e-01
3075,177.828,0,1.750130e-01
3100,177.828,0,1.750390e-01
3125,177.828,0,1.750680e-01
3150,177.828,0,1.751010e-01
3175,177.828,0,1.751390e-01
3200,177.828,0,1.751810e-01
3225,177.828,0,1.752290e-01
3250,177.828,0,1.752830e-01
3275,177.828,0,1.753440e-01
3300,177.828,0,1.754130e-01
3325,177.828,0,1.754910e-01
3350,177.828,0,1.755790e-01
3375,177.828,0,1.756780e-01
3400,177.828,0,1.757890e-01
3425,177.828,0,1.759150e-01
3450,177.828,0,1.760570e-01
3475,177.828,0,1.762160e-01
3500,177.828,0,1.763960e-01
3525,177.828,0,1.765990e-01
3550,177.828,0,1.768280e-01
3575,177.828,0,1.770860e-01
3600,177.828,0,1.773760e-01
3625,177.828,0,1.777050e-01
3650,177.828,0,1.780750e-01
3675,177.828,0,1.784920e-01
3700,177.828,0,1.789640e-01
3725,177.828,0,1.794960e-01
3750,177.828,0,1.800980e-01
3775,177.828,0,1.807760e-01
3800,177.828,0,1.815440e-01
3825,177.828,0,1.824100e-01
3850,177.828,0,1.833890e-01
3875,177.828,0,1.844960e-01
3900,177.828,0,1.857470e-01
3925,177.828,0,1.871620e-01
3950,177.828,0,1.887610e-01
3975,177.828,0,1.905680e-01
4000,177.828,0,1.926130e-01
4025,177.828,0,1.949240e-01
4050,177.828,0,1.975390e-01
4075,177.828,0,2.004960e-01
4100,177.828,0,2.038400e-01
4125,177.828,0,2.076240e-01
4150,177.828,0,2.119050e-01
4175,177.828,0,2.167490e-01
4200,177.828,0,2.222320e-01
4225,177.828,0,2.284390e-01
4250,177.828,0,2.354700e-01
4275,177.828,0,2.434350e-01
4300,177.828,0,2.524650e-01
4325,177.828,0,2.627070e-01
4350,177.828,0,2.743340e-01
4375,177.828,0,2.875450e-01
4400,177.828,0,3.025700e-01
4425,177.828,0,3.196830e-01
4450,177.828,0,3.392010e-01
4475,177.828,0,3.615040e-01
4500,177.828,0,3.870400e-01
4525,177.828,0,4.163510e-01
4550,177.828,0,4.500910e-01
4575,177.828,0,4.890610e-01
4600,177.828,0,5.342470e-01
4625,177.828,0,5.868850e-01
4650,177.828,0,6.485340e-01
4675,177.828,0,7.212030e-01
4700,177.828,0,8.075100e-01
4725,177.828,0,9.109480e-01
4750,177.828,0,1.036270e+00
4775,177.828,0,1.190110e+00
4800,177.828,0,1.382030e+00
4825,177.828,0,1.626340e+00
4850,177.828,0,1.945360e+00
4875,177.828,0,2.376070e+00
4900,177.828,0,2.984180e+00
4925,177.828,0,3.898670e+00
4950,177.828,0,5.410900e+00
4975,177.828,0,8.341250e+00
5000,177.828,0,1.617380e+01
300,316.228,0,8.742740e-02
325,316.228,0,8.742740e-02
350,316.228,0,8.742740e-02
375,316.228,0,8.742740e-02
400,316.228,0,8.742740e-02
425,316.228,0,8.742740e-02
450,316.228,0,8.742740e-02
475,316.228,0,8.742750e-02
500,316.228,0,8.742760e-02
525,316.228,0,8.742800e-02
550,316.228,0,8.742890e-02
575,316.228,0,8.743070e-02
600,316.228,0,8.743450e-02
625,316.228,0,8.744160e-02
650,316.228,0,8.745430e-02
675,316.228,0,8.747610e-02
700,316.228,0,8.751190e-02
725,316.228,0,8.756840e-02
750,316.228,0,8.765460e-02
775,316.228,0,8.778220e-02
800,316.228,0,8.796600e-02
825,316.228,0,8.822380e-02
850,316.228,0,8.857730e-02
875,316.228,0,8.905130e-02
900,316.228,0,8.967440e-02
925,316.228,0,9.047820e-02
950,316.228,0,9.149650e-02
975,316.228,0,9.276500e-02
1000,316.228,0,9.431920e-02
1025,316.228,0,9.619310e-02
1050,316.228,0,9.841690e-02
1075,316.228,0,1.010150e-01
1100,316.228,0,1.040000e-01
1125,316.228,0,1.073760e-01
1150,316.228,0,1.111280e-01
1175,316.228,0,1.152240e-01
1200,316.228,0,1.196130e-01
1225,316.228,0,1.242210e-01
1250,316.228,0,1.289610e-01
1275,316.228,0,1.337300e-01
1300,316.228,0,1.384220e-01
1325,316.228,0,1.429330e-01
1350,316.228,0,1.471730e-01
1375,316.228,0,1.510730e-01
1400,316.228,0,1.545860e-01
1425,316.228,0,1.576940e-01
1450,316.228,0,1.603980e-01
1475,316.228,0,1.627180e-01
1500,316.228,0,1.646870e-01
1525,316.228,0,1.663440e-01
1550,316.228,0,1.677280e-01
1575,316.228,0,1.688800e-01
1600,316.228,0,1.698370e-01
1625,316.228,0,1.706290e-01
1650,316.228,0,1.712860e-01
1675,316.228,0,1.718310e-01
1700,316.228,0,1.722840e-01
1725,316.228,0,1.726610e-01
1750,316.228,0,1.729760e-01
1775,316.228,0,1.732390e-01
1800,316.228,0,1.734610e-01
1825,316.228,0,1.736470e-01
1850,316.228,0,1.738050e-01
1875,316.228,0,1.739390e-01
1900,316.228,0,1.740530e-01
1925,316.228,0,1.741510e-01
1950,316.228,0,1.742340e-01
1975,316.228,0,1.743060e-01
2000,316.228,0,1.743680e-01
2025,316.228,0,1.744220e-01
2050,316.228,0,1.744680e-01
2075,316.228,0,1.745090e-01
2100,316.228,0,1.745440e-01
2125,316.228,0,1.745750e-01
2150,316.228,0,1.746030e-01
2175,316.228,0,1.746270e-01
2200,316.228,0,1.746480e-01
2225,316.228,0,1.746670e-01
2250,316.228,0,1.746840e-01
2275,316.228,0,1.746990e-01
2300,316.228,0,1.747120e-01
2325,316.228,0,1.747240e-01
2350,316.228,0,1.747350e-01
2375,316.228,0,1.747450e-01
2400,316.228,0,1.747540e-01
2425,316.228,0,1.747620e-01
2450,316.228,0,1.747690e-01
2475,316.228,0,1.747760e-01
2500,316.228,0,1.747820e-01
2525,316.228,0,1.747880e-01
2550,316.228,0,1.747930e-01
2575,316.228,0,1.747990e-01
2600,316.228,0,1.748040e-01
2625,316.228,0,1.748080e-01
2650,316.228,0,1.748130e-01
2675,316.228,0,1.748180e-01
2700,316.228,0,1.748230e-01
2725,316.228,0,1.748280e-01
2750,316.228,0,1.748330e-01
2775,316.228,0,1.748380e-01
2800,316.228,0,1.748440e-01
2825,316.228,0,1.748500e-01
2850,316.228,0,1.748560e-01
2875,316.228,0,1.748640e-01
2900,316.228,0,1.748720e-01
2925,316.228,0,1.748810e-01
2950,316.228,0,1.748900e-01
2975,316.228,0,1.749010e-01
3000,316.228,0,1.749140e-01
3025,316.228,0,1.749280e-01
3050,316.228,0,1.749430e-01
3075,316.228,0,1.749600e-01
3100,316.228,0,1.749800e-01
3125,316.228,0,1.750020e-01
3150,316.228,0,1.750270e-01
3175,316.228,0,1.750550e-01
3200,316.228,0,1.750860e-01
3225,316.228,0,1.751210e-01
3250,316.228,0,1.751610e-01
3275,316.228,0,1.752060e-01
3300,316.228,0,1.752550e-01
3325,316.228,0,1.753120e-01
3350,316.228,0,1.753740e-01
3375,316.228,0,1.754450e-01
3400,316.228,0,1.755240e-01
3425,316.228,0,1.756130e-01
3450,316.228,0,1.757130e-01
3475,316.228,0,1.758240e-01
3500,316.228,0,1.759490e-01
3525,316.228,0,1.760900e-01
3550,316.228,0,1.762470e-01
3575,316.228,0,1.764230e-01
3600,316.228,0,1.766210e-01
3625,316.228,0,1.768430e-01
3650,316.228,0,1.770910e-01
3675,316.228,0,1.773700e-01
3700,316.228,0,1.776830e-01
3725,316.228,0,1.780340e-01
3750,316.228,0,1.784290e-01
3775,316.228,0,1.788710e-01
3800,316.228,0,1.793680e-01
3825,316.228,0,1.799260e-01
3850,316.228,0,1.805520e-01
3875,316.228,0,1.812560e-01
3900,316.228,0,1.820470e-01
3925,316.228,0,1.829360e-01
3950,316.228,0,1.839360e-01
3975,316.228,0,1.850590e-01
4000,316.228,0,1.863220e-01
4025,316.228,0,1.877420e-01
4050,316.228,0,1.893380e-01
4075,316.228,0,1.911340e-01
4100,316.228,0,1.931540e-01
4125,316.228,0,1.954250e-01
4150,316.228,0,1.979800e-01
4175,316.228,0,2.008540e-01
4200,316.228,0,2.040870e-01
4225,316.228,0,2.077250e-01
4250,316.228,0,2.118180e-01
4275,316.228,0,2.164250e-01
4300,316.228,0,2.216110e-01
4325,316.228,0,2.274490e-01
4350,316.228,0,2.340240e-01
4375,316.228,0,2.414320e-01
4400,316.228,0,2.497800e-01
4425,316.228,0,2.591950e-01
4450,316.228,0,2.698170e-01
4475,316.228,0,2.818120e-01
4500,316.228,0,2.953680e-01
4525,316.228,0,3.107040e-01
4550,316.228,0,3.280760e-01
4575,316.228,0,3.477810e-01
4600,316.228,0,3.701700e-01
4625,316.228,0,3.956590e-01
4650,316.228,0,4.247420e-01
4675,316.228,0,4.580140e-01
4700,316.228,0,4.961960e-01
4725,316.228,0,5.401680e-01
4750,316.228,0,5.910200e-01
4775,316.228,0,6.501130e-01
4800,316.228,0,7.191770e-01
4825,316.228,0,8.004320e-01
4850,316.228,0,8.967910e-01
4875,316.228,0,1.012140e+00
4900,316.228,0,1.151770e+00
4925,316.228,0,1.323130e+00
4950,316.228,0,1.536950e+00
4975,316.228,0,1.809390e+00
5000,316.228,0,2.165780e+00
300,562.341,0,8.742740e-02
325,562.341,0,8.742740e-02
350,562.341,0,8.742740e-02
375,562.341,0,8.742740e-02
400,562.341,0,8.742740e-02
425,562.341,0,8.742740e-02
450,562.341,0,8.742740e-02
475,562.341,0,8.742750e-02
500,562.341,0,8.742760e-02
525,562.341,0,8.742790e-02
550,562.341,0,8.742850e-02
575,562.341,0,8.742990e-02
600,562.341,0,8.743270e-02
625,562.341,0,8.743800e-02
650,562.341,0,8.744760e-02
675,562.341,0,8.746390e-02
700,562.341,0,8.749080e-02
725,562.341,0,8.753310e-02
750,562.341,0,8.759780e-02
775,562.341,0,8.769360e-02
800,562.341,0,8.783150e-02
825,562.341,0,8.802520e-02
850,562.341,0,8.829080e-02
875,562.341,0,8.864740e-02
900,562.341,0,8.911680e-02
925,562.341,0,8.972330e-02
950,562.341,0,9.049350e-02
975,562.341,0,9.145560e-02
1000,562.341,0,9.263880e-02
1025,562.341,0,9.407210e-02
1050,562.341,0,9.578330e-02
1075,562.341,0,9.779690e-02
1100,562.341,0,1.001330e-01
1125,562.341,0,1.028040e-01
1150,562.341,0,1.058150e-01
1175,562.341,0,1.091570e-01
1200,562.341,0,1.128110e-01
1225,562.341,0,1.167420e-01
1250,562.341,0,1.208990e-01
1275,562.341,0,1.252210e-01
1300,562.341,0,1.296300e-01
1325,562.341,0,1.340440e-01
1350,562.341,0,1.383790e-01
1375,562.341,0,1.425540e-01
1400,562.341,0,1.464970e-01
1425,562.341,0,1.501530e-01
1450,562.341,0,1.534840e-01
1475,562.341,0,1.564710e-01
1500,562.341,0,1.591120e-01
1525,562.341,0,1.614170e-01
1550,562.341,0,1.634090e-01
1575,562.341,0,1.651160e-01
1600,562.341,0,1.665700e-01
1625,562.341,0,1.678020e-01
1650,562.341,0,1.688430e-01
1675,562.341,0,1.697210e-01
1700,562.341,0,1.704610e-01
1725,562.341,0,1.710840e-01
1750,562.341,0,1.716100e-01
1775,562.341,0,1.720540e-01
1800,562.341,0,1.724300e-01
1825,562.341,0,1.727480e-01
1850,562.341,0,1.730190e-01
1875,562.341,0,1.732500e-01
1900,562.341,0,1.734470e-01
1925,562.341,0,1.736160e-01
1950,562.341,0,1.737620e-01
1975,562.341,0,1.738870e-01
2000,562.341,0,1.739960e-01
2025,562.341,0,1.740900e-01
2050,562.341,0,1.741710e-01
2075,562.341,0,1.742430e-01
2100,562.341,0,1.743050e-01
2125,562.341,0,1.743600e-01
2150,562.341,0,1.744080e-01
2175,562.341,0,1.744510e-01
2200,562.341,0,1.744880e-01
2225,562.341,0,1.745220e-01
2250,562.341,0,1.745510e-01
2275,562.341,0,1.745780e-01
2300,562.341,0,1.746010e-01
2325,562.341,0,1.746220e-01
2350,562.341,0,1.746410e-01
2375,562.341,0,1.746590e-01
2400,562.341,0,1.746740e-01
2425,562.341,0,1.746880e-01
2450,562.341,0,1.747010e-01
2475,562.341,0,1.747120e-01
2500,562.341,0,1.747230e-01
2525,562.341,0,1.747330e-01
2550,562.341,0,1.747420e-01
2575,562.341,0,1.747500e-01
2600,562.341,0,1.747580e-01
2625,562.341,0,1.747650e-01
2650,562.341,0,1.747720e-01
2675,562.341,0,1.747790e-01
2700,562.341,0,1.747850e-01
2725,562.341,0,1.747920e-01
2750,562.341,0,1.747980e-01
2775,562.341,0,1.748040e-01
2800,562.341,0,1.748110e-01
2825,562.341,0,1.748170e-01
2850,562.341,0,1.748240e-01
2875,562.341,0,1.748310e-01
2900,562.341,0,1.748390e-01
2925,562.341,0,1.748470e-01
2950,562.341,0,1.748550e-01
2975,562.341,0,1.748650e-01
3000,562.341,0,1.748750e-01
3025,562.341,0,1.748870e-01
3050,562.341,0,1.748990e-01
3075,562.341,0,1.749130e-01
3100,562.341,0,1.749280e-01
3125,562.341,0,1.749460e-01
3150,562.341,0,1.749650e-01
3175,562.341,0,1.749860e-01
3200,562.341,0,1.750100e-01
3225,562.341,0,1.750360e-01
3250,562.341,0,1.750660e-01
3275,562.341,0,1.750990e-01
3300,562.341,0,1.751350e-01
3325,562.341,0,1.751770e-01
3350,562.341,0,1.752230e-01
3375,562.341,0,1.752740e-01
3400,562.341,0,1.753310e-01
3425,562.341,0,1.753950e-01
3450,562.341,0,1.754660e-01
3475,562.341,0,1.755450e-01
3500,562.341,0,1.756340e-01
3525,562.341,0,1.757330e-01
3550,562.341,0,1.758430e-01
3575,562.341,0,1.759660e-01
3600,562.341,0,1.761030e-01
3625,562.341,0,1.762560e-01
3650,562.341,0,1.764260e-01
3675,562.341,0,1.766160e-01
3700,562.341,0,1.768280e-01
3725,562.341,0,1.770650e-01
3750,562.341,0,1.773290e-01
3775,562.341,0,1.776240e-01
3800,562.341,0,1.779520e-01
3825,562.341,0,1.783200e-01
3850,562.341,0,1.787300e-01
3875,562.341,0,1.791880e-01
3900,562.341,0,1.796990e-01
3925,562.341,0,1.802710e-01
3950,562.341,0,1.809090e-01
3975,562.341,0,1.816230e-01
4000,562.341,0,1.824210e-01
4025,562.341,0,1.833130e-01
4050,562.341,0,1.843110e-01
4075,562.341,0,1.854270e-01
4100,562.341,0,1.866740e-01
4125,562.341,0,1.880700e-01
4150,562.341,0,1.896310e-01
4175,562.341,0,1.913780e-01
4200,562.341,0,1.933320e-01
4225,562.341,0,1.955190e-01
4250,562.341,0,1.979660e-01
4275,562.341,0,2.007030e-01
4300,562.341,0,2.037670e-01
4325,562.341,0,2.071960e-01
4350,562.341,0,2.110350e-01
4375,562.341,0,2.153320e-01
4400,562.341,0,2.201420e-01
4425,562.341,0,2.255290e-01
4450,562.341,0,2.315630e-01
4475,562.341,0,2.383230e-01
4500,562.341,0,2.458980e-01
4525,562.341,0,2.543920e-01
4550,562.341,0,2.639200e-01
4575,562.341,0,2.746140e-01
4600,562.341,0,2.866240e-01
4625,562.341,0,3.001230e-01
4650,562.341,0,3.153120e-01
4675,562.341,0,3.324200e-01
4700,562.341,0,3.517130e-01
4725,562.341,0,3.735060e-01
4750,562.341,0,3.981630e-01
4775,562.341,0,4.261180e-01
4800,562.341,0,4.578860e-01
4825,562.341,0,4.940850e-01
4850,562.341,0,5.354620e-01
4875,562.341,0,5.829270e-01
4900,562.341,0,6.376060e-01
4925,562.341,0,7.009020e-01
4950,562.341,0,7.745870e-01
4975,562.341,0,8.609380e-01
5000,562.341,0,9.629240e-01
300,1000,0,8.742740e-02
325,1000,0,8.742740e-02
350,1000,0,8.742740e-02
375,1000,0,8.742740e-02
400,1000,0,8.742740e-02
425,1000,0,8.742740e-02
450,1000,0,8.742740e-02
475,1000,0,8.742750e-02
500,1000,0,8.742750e-02
525,1000,0,8.742770e-02
550,1000,0,8.742820e-02
575,1000,0,8.742930e-02
600,1000,0,8.743140e-02
625,1000,0,8.743540e-02
650,1000,0,8.744250e-02
675,1000,0,8.745480e-02
700,1000,0,8.747490e-02
725,1000,0,8.750670e-02
750,1000,0,8.755520e-02
775,1000,0,8.762710e-02
800,1000,0,8.773060e-02
825,1000,0,8.787600e-02
850,1000,0,8.807550e-02
875,1000,0,8.834360e-02
900,1000,0,8.869670e-02
925,1000,0,8.915370e-02
950,1000,0,8.973490e-02
975,1000,0,9.046240e-02
1000,1000,0,9.135970e-02
1025,1000,0,9.245040e-02
1050,1000,0,9.375800e-02
1075,1000,0,9.530510e-02
1100,1000,0,9.711160e-02
1125,1000,0,9.919410e-02
1150,1000,0,1.015640e-01
1175,1000,0,1.042270e-01
1200,1000,0,1.071800e-01
1225,1000,0,1.104110e-01
1250,1000,0,1.138980e-01
1275,1000,0,1.176080e-01
1300,1000,0,1.214970e-01
1325,1000,0,1.255110e-01
1350,1000,0,1.295890e-01
1375,1000,0,1.336660e-01
1400,1000,0,1.376750e-01
1425,1000,0,1.415520e-01
1450,1000,0,1.452400e-01
1475,1000,0,1.486940e-01
1500,1000,0,1.518810e-01
1525,1000,0,1.547810e-01
1550,1000,0,1.573860e-01
1575,1000,0,1.597010e-01
1600,1000,0,1.617380e-01
1625,1000,0,1.635170e-01
1650,1000,0,1.650610e-01
1675,1000,0,1.663930e-01
1700,1000,0,1.675390e-01
1725,1000,0,1.685220e-01
1750,1000,0,1.693640e-01
1775,1000,0,1.700850e-01
1800,1000,0,1.707020e-01
1825,1000,0,1.712300e-01
1850,1000,0,1.716830e-01
1875,1000,0,1.720720e-01
1900,1000,0,1.724070e-01
1925,1000,0,1.726950e-01
1950,1000,0,1.729450e-01
1975,1000,0,1.731600e-01
2000,1000,0,1.733480e-01
2025,1000,0,1.735110e-01
2050,1000,0,1.736530e-01
2075,1000,0,1.737770e-01
2100,1000,0,1.738860e-01
2125,1000,0,1.739820e-01
2150,1000,0,1.740660e-01
2175,1000,0,1.741410e-01
2200,1000,0,1.742070e-01
2225,1000,0,1.742650e-01
2250,1000,0,1.743180e-01
2275,1000,0,1.743640e-01
2300,1000,0,1.744060e-01
2325,1000,0,1.744430e-01
2350,1000,0,1.744760e-01
2375,1000,0,1.745060e-01
2400,1000,0,1.745330e-01
2425,1000,0,1.745580e-01
2450,1000,0,1.745800e-01
2475,1000,0,1.746000e-01
2500,1000,0,1.746190e-01
2525,1000,0,1.746360e-01
2550,1000,0,1.746510e-01
2575,1000,0,1.746650e-01
2600,1000,0,1.746780e-01
2625,1000,0,1.746910e-01
2650,1000,0,1.747020e-01
2675,1000,0,1.747130e-01
2700,1000,0,1.747230e-01
2725,1000,0,1.747320e-01
2750,1000,0,1.747410e-01
2775,1000,0,1.747500e-01
2800,1000,0,1.747580e-01
2825,1000,0,1.747670e-01
2850,1000,0,1.747750e-01
2875,1000,0,1.747830e-01
2900,1000,0,1.747920e-01
2925,1000,0,1.748000e-01
2950,1000,0,1.748090e-01
2975,1000,0,1.748180e-01
3000,1000,0,1.748280e-01
3025,1000,0,1.748390e-01
3050,1000,0,1.748500e-01
3075,1000,0,1.748620e-01
3100,1000,0,1.748750e-01
3125,1000,0,1.748890e-01
3150,1000,0,1.749050e-01
3175,1000,0,1.749220e-01
3200,1000,0,1.749400e-01
3225,1000,0,1.749610e-01
3250,1000,0,1.749840e-01
3275,1000,0,1.750090e-01
3300,1000,0,1.750370e-01
3325,1000,0,1.750680e-01
3350,1000,0,1.751030e-01
3375,1000,0,1.751410e-01
3400,1000,0,1.751830e-01
3425,1000,0,1.752300e-01
3450,1000,0,1.752820e-01
3475,1000,0,1.753390e-01
3500,1000,0,1.754030e-01
3525,1000,0,1.754740e-01
3550,1000,0,1.755530e-01
3575,1000,0,1.756400e-01
3600,1000,0,1.757370e-01
3625,1000,0,1.758440e-01
3650,1000,0,1.759630e-01
3675,1000,0,1.760960e-01
3700,1000,0,1.762420e-01
3725,1000,0,1.764050e-01
3750,1000,0,1.765850e-01
3775,1000,0,1.767860e-01
3800,1000,0,1.770080e-01
3825,1000,0,1.772550e-01
3850,1000,0,1.775290e-01
3875,1000,0,1.778340e-01
3900,1000,0,1.781720e-01
3925,1000,0,1.785480e-01
3950,1000,0,1.789650e-01
3975,1000,0,1.794290e-01
4000,1000,0,1.799450e-01
4025,1000,0,1.805190e-01
4050,1000,0,1.811560e-01
4075,1000,0,1.818650e-01
4100,1000,0,1.826540e-01
4125,1000,0,1.835310e-01
4150,1000,0,1.845080e-01
4175,1000,0,1.855940e-01
4200,1000,0,1.868030e-01
4225,1000,0,1.881480e-01
4250,1000,0,1.896460e-01
4275,1000,0,1.913120e-01
4300,1000,0,1.931680e-01
4325,1000,0,1.952340e-01
4350,1000,0,1.975330e-01
4375,1000,0,2.000940e-01
4400,1000,0,2.029440e-01
4425,1000,0,2.061190e-01
4450,1000,0,2.096540e-01
4475,1000,0,2.135900e-01
4500,1000,0,2.179750e-01
4525,1000,0,2.228590e-01
4550,1000,0,2.283000e-01
4575,1000,0,2.343630e-01
4600,1000,0,2.411210e-01
4625,1000,0,2.486560e-01
4650,1000,0,2.570600e-01
4675,1000,0,2.664370e-01
4700,1000,0,2.769050e-01
4725,1000,0,2.885980e-01
4750,1000,0,3.016680e-01
4775,1000,0,3.162910e-01
4800,1000,0,3.326660e-01
4825,1000,0,3.510240e-01
4850,1000,0,3.716320e-01
4875,1000,0,3.947990e-01
4900,1000,0,4.208900e-01
4925,1000,0,4.503300e-01
4950,1000,0,4.836270e-01
4975,1000,0,5.213850e-01
5000,1000,0,5.643300e-01
300,0.001,0.1,1.294180e-02
325,0.001,0.1,1.338640e-02
350,0.001,0.1,1.397890e-02
375,0.001,0.1,1.475520e-02
400,0.001,0.1,1.577470e-02
425,0.001,0.1,1.711910e-02
450,0.001,0.1,1.887510e-02
475,0.001,0.1,2.110100e-02
500,0.001,0.1,2.379500e-02
525,0.001,0.1,2.689080e-02
550,0.001,0.1,3.032250e-02
575,0.001,0.1,3.416480e-02
600,0.001,0.1,3.879200e-02
625,0.001,0.1,4.496570e-02
650,0.001,0.1,5.376960e-02
675,0.001,0.1,6.625470e-02
700,0.001,0.1,8.258820e-02
725,0.001,0.1,1.008830e-01
750,0.001,0.1,1.172670e-01
775,0.001,0.1,1.286810e-01
800,0.001,0.1,1.351450e-01
825,0.001,0.1,1.383950e-01
850,0.001,0.1,1.399610e-01
875,0.001,0.1,1.407170e-01
900,0.001,0.1,1.410910e-01
925,0.001,0.1,1.412820e-01
950,0.001,0.1,1.413820e-01
975,0.001,0.1,1.414370e-01
1000,0.001,0.1,1.414670e-01
1025,0.001,0.1,1.414850e-01
1050,0.001,0.1,1.414960e-01
1075,0.001,0.1,1.415030e-01
1100,0.001,0.1,1.415080e-01
1125,0.001,0.1,1.415120e-01
1150,0.001,0.1,1.415160e-01
1175,0.001,0.1,1.415190e-01
1200,0.001,0.1,1.415230e-01
1225,0.001,0.1,1.415270e-01
1250,0.001,0.1,1.415330e-01
1275,0.001,0.1,1.415390e-01
1300,0.001,0.1,1.415470e-01
1325,0.001,0.1,1.415560e-01
1350,0.001,0.1,1.415670e-01
1375,0.001,0.1,1.415800e-01
1400,0.001,0.1,1.415950e-01
1425,0.001,0.1,1.416130e-01
1450,0.001,0.1,1.416340e-01
1475,0.001,0.1,1.416590e-01
1500,0.001,0.1,1.416880e-01
1525,0.001,0.1,1.417210e-01
1550,0.001,0.1,1.417590e-01
1575,0.001,0.1,1.418030e-01
1600,0.001,0.1,1.418520e-01
1625,0.001,0.1,1.419080e-01
1650,0.001,0.1,1.419710e-01
1675,0.001,0.1,1.420410e-01
1700,0.001,0.1,1.421200e-01
1725,0.001,0.1,1.422080e-01
1750,0.001,0.1,1.423050e-01
1775,0.001,0.1,1.424120e-01
1800,0.001,0.1,1.425300e-01
1825,0.001,0.1,1.426590e-01
1850,0.001,0.1,1.428000e-01
1875,0.001,0.1,1.429530e-01
1900,0.001,0.1,1.431190e-01
1925,0.001,0.1,1.432980e-01
1950,0.001,0.1,1.434900e-01
1975,0.001,0.1,1.436960e-01
2000,0.001,0.1,1.439150e-01
2025,0.001,0.1,1.441480e-01
2050,0.001,0.1,1.443930e-01
2075,0.001,0.1,1.446510e-01
2100,0.001,0.1,1.449200e-01
2125,0.001,0.1,1.452000e-01
2150,0.001,0.1,1.454890e-01
2175,0.001,0.1,1.457860e-01
2200,0.001,0.1,1.460910e-01
2225,0.001,0.1,1.464000e-01
2250,0.001,0.1,1.467140e-01
2275,0.001,0.1,1.470320e-01
2300,0.001,0.1,1.473530e-01
2325,0.001,0.1,1.476810e-01
2350,0.001,0.1,1.480170e-01
2375,0.001,0.1,1.483680e-01
2400,0.001,0.1,1.487440e-01
2425,0.001,0.1,1.491610e-01
2450,0.001,0.1,1.496400e-01
2475,0.001,0.1,1.502110e-01
2500,0.001,0.1,1.509200e-01
2525,0.001,0.1,1.518230e-01
2550,0.001,0.1,1.530000e-01
2575,0.001,0.1,1.545590e-01
2600,0.001,0.1,1.566420e-01
2625,0.001,0.1,1.594390e-01
2650,0.001,0.1,1.632040e-01
2675,0.001,0.1,1.682790e-01
2700,0.001,0.1,1.751150e-01
2725,0.001,0.1,1.843250e-01
2750,0.001,0.1,1.967330e-01
2775,0.001,0.1,2.134630e-01
2800,0.001,0.1,2.360620e-01
2825,0.001,0.1,2.667030e-01
2850,0.001,0.1,3.084950e-01
2875,0.001,0.1,3.660260e-01
2900,0.001,0.1,4.463280e-01
2925,0.001,0.1,5.607240e-01
2950,0.001,0.1,7.287000e-01
2975,0.001,0.1,9.868850e-01
3000,0.001,0.1,1.413300e+00
3025,0.001,0.1,2.208850e+00
3050,0.001,0.1,4.094020e+00
3075,0.001,0.1,1.292530e+01
3100,0.001,0.1,2.000000e+02
3125,0.001,0.1,2.000000e+02
3150,0.001,0.1,2.000000e+02
3175,0.001,0.1,2.000000e+02
3200,0.001,0.1,2.000000e+02
3225,0.001,0.1,2.000000e+02
3250,0.001,0.1,2.000000e+02
3275,0.001,0.1,2.000000e+02
3300,0.001,0.1,2.000000e+02
3325,0.001,0.1,2.000000e+02
3350,0.001,0.1,2.000000e+02
3375,0.001,0.1,2.000000e+02
3400,0.001,0.1,2.000000e+02
3425,0.001,0.1,2.000000e+02
3450,0.001,0.1,2.000000e+02
3475,0.001,0.1,2.000000e+02
3500,0.001,0.1,2.000000e+02
3525,0.001,0.1,2.000000e+02
3550,0.001,0.1,2.000000e+02
3575,0.001,0.1,2.000000e+02
3600,0.001,0.1,2.000000e+02
3625,0.001,0.1,2.000000e+02
3650,0.001,0.1,2.000000e+02
3675,0.001,0.1,2.000000e+02
3700,0.001,0.1,2.000000e+02
3725,0.001,0.1,2.000000e+02
3750,0.001,0.1,2.000000e+02
3775,0.001,0.1,2.000000e+02
3800,0.001,0.1,2.000000e+02
3825,0.001,0.1,2.000000e+02
3850,0.001,0.1,2.000000e+02
3875,0.001,0.1,2.000000e+02
3900,0.001,0.1,2.000000e+02
3925,0.001,0.1,2.000000e+02
3950,0.001,0.1,2.000000e+02
3975,0.001,0.1,2.000000e+02
4000,0.001,0.1,2.000000e+02
4025,0.001,0.1,2.000000e+02
4050,0.001,0.1,2.000000e+02
4075,0.001,0.1,2.000000e+02
4100,0.001,0.1,2.000000e+02
4125,0.001,0.1,2.000000e+02
4150,0.001,0.1,2.000000e+02
4175,0.001,0.1,2.000000e+02
4200,0.001,0.1,2.000000e+02
4225,0.001,0.1,2.000000e+02
4250,0.001,0.1,2.000000e+02
4275,0.001,0.1,2.000000e+02
4300,0.001,0.1,2.000000e+02
4325,0.001,0.1,2.000000e+02
4350,0.001,0.1,2.000000e+02
4375,0.001,0.1,2.000000e+02
4400,0.001,0.1,2.000000e+02
4425,0.001,0.1,2.000000e+02
4450,0.001,0.1,2.000000e+02
4475,0.001,0.1,2.000000e+02
4500,0.001,0.1,2.000000e+02
4525,0.001,0.1,2.000000e+02
4550,0.001,0.1,2.000000e+02
4575,0.001,0.1,2.000000e+02
4600,0.001,0.1,2.000000e+02
4625,0.001,0.1,2.000000e+02
4650,0.001,0.1,2.000000e+02
4675,0.001,0.1,2.000000e+02
4700,0.001,0.1,2.000000e+02
4725,0.001,0.1,2.000000e+02
4750,0.001,0.1,2.000000e+02
4775,0.001,0.1,2.000000e+02
4800,0.001,0.1,2.000000e+02
4825,0.001,0.1,2.000000e+02
4850,0.001,0.1,2.000000e+02
4875,0.001,0.1,2.000000e+02
4900,0.001,0.1,2.000000e+02
4925,0.001,0.1,2.000000e+02
4950,0.001,0.1,2.000000e+02
4975,0.001,0.1,2.000000e+02
5000,0.001,0.1,2.000000e+02
300,0.00177828,0.1,1.293980e-02
325,0.00177828,0.1,1.337880e-02
350,0.00177828,0.1,1.395510e-02
375,0.00177828,0.1,1.469230e-02
400,0.00177828,0.1,1.563140e-02
425,0.00177828,0.1,1.683260e-02
450,0.00177828,0.1,1.836590e-02
475,0.00177828,0.1,2.029180e-02
500,0.00177828,0.1,2.263800e-02
525,0.00177828,0.1,2.538820e-02
550,0.00177828,0.1,2.850860e-02
575,0.00177828,0.1,3.203160e-02
600,0.00177828,0.1,3.618410e-02
625,0.00177828,0.1,4.149690e-02
650,0.00177828,0.1,4.882050e-02
675,0.00177828,0.1,5.915450e-02
700,0.00177828,0.1,7.314120e-02
725,0.00177828,0.1,9.014490e-02
750,0.00177828,0.1,1.075280e-01
775,0.00177828,0.1,1.217390e-01
800,0.00177828,0.1,1.310290e-01
825,0.00177828,0.1,1.361820e-01
850,0.00177828,0.1,1.388080e-01
875,0.00177828,0.1,1.401130e-01
900,0.00177828,0.1,1.407680e-01
925,0.00177828,0.1,1.411030e-01
950,0.00177828,0.1,1.412810e-01
975,0.00177828,0.1,1.413770e-01
1000,0.00177828,0.1,1.414320e-01
1025,0.00177828,0.1,1.414630e-01
1050,0.00177828,0.1,1.414820e-01
1075,0.00177828,0.1,1.414940e-01
1100,0.00177828,0.1,1.415030e-01
1125,0.00177828,0.1,1.415080e-01
1150,0.00177828,0.1,1.415130e-01
1175,0.00177828,0.1,1.415170e-01
1200,0.00177828,0.1,1.415220e-01
1225,0.00177828,0.1,1.415270e-01
1250,0.00177828,0.1,1.415320e-01
1275,0.00177828,0.1,1.415380e-01
1300,0.00177828,0.1,1.415460e-01
1325,0.00177828,0.1,1.415550e-01
1350,0.00177828,0.1,1.415660e-01
1375,0.00177828,0.1,1.415790e-01
1400,0.00177828,0.1,1.415950e-01
1425,0.00177828,0.1,1.416130e-01
1450,0.00177828,0.1,1.416340e-01
1475,0.00177828,0.1,1.416590e-01
1500,0.00177828,0.1,1.416880e-01
1525,0.00177828,0.1,1.417210e-01
1550,0.00177828,0.1,1.417590e-01
1575,0.00177828,0.1,1.418030e-01
1600,0.00177828,0.1,1.418520e-01
1625,0.00177828,0.1,1.419080e-01
1650,0.00177828,0.1,1.419710e-01
1675,0.00177828,0.1,1.420420e-01
1700,0.00177828,0.1,1.421210e-01
1725,0.00177828,0.1,1.422080e-01
1750,0.00177828,0.1,1.423060e-01
1775,0.00177828,0.1,1.424130e-01
1800,0.00177828,0.1,1.425320e-01
1825,0.00177828,0.1,1.426620e-01
1850,0.00177828,0.1,1.428040e-01
1875,0.00177828,0.1,1.429590e-01
1900,0.00177828,0.1,1.431270e-01
1925,0.00177828,0.1,1.433080e-01
1950,0.00177828,0.1,1.435040e-01
1975,0.00177828,0.1,1.437140e-01
2000,0.00177828,0.1,1.439380e-01
2025,0.00177828,0.1,1.441780e-01
2050,0.00177828,0.1,1.444310e-01
2075,0.00177828,0.1,1.446990e-01
2100,0.00177828,0.1,1.449810e-01
2125,0.00177828,0.1,1.452770e-01
2150,0.00177828,0.1,1.455840e-01
2175,0.00177828,0.1,1.459030e-01
2200,0.00177828,0.1,1.462330e-01
2225,0.00177828,0.1,1.465710e-01
2250,0.00177828,0.1,1.469170e-01
2275,0.00177828,0.1,1.472700e-01
2300,0.00177828,0.1,1.476290e-01
2325,0.00177828,0.1,1.479940e-01
2350,0.00177828,0.1,1.483650e-01
2375,0.00177828,0.1,1.487450e-01
2400,0.00177828,0.1,1.491370e-01
2425,0.00177828,0.1,1.495500e-01
2450,0.00177828,0.1,1.499950e-01
2475,0.00177828,0.1,1.504870e-01
2500,0.00177828,0.1,1.510510e-01
2525,0.00177828,0.1,1.517190e-01
2550,0.00177828,0.1,1.525380e-01
2575,0.00177828,0.1,1.535680e-01
2600,0.00177828,0.1,1.548920e-01
2625,0.00177828,0.1,1.566190e-01
2650,0.00177828,0.1,1.588940e-01
2675,0.00177828,0.1,1.619090e-01
2700,0.00177828,0.1,1.659190e-01
2725,0.00177828,0.1,1.712590e-01
2750,0.00177828,0.1,1.783740e-01
2775,0.00177828,0.1,1.878550e-01
2800,0.00177828,0.1,2.004940e-01
2825,0.00177828,0.1,2.173600e-01
2850,0.00177828,0.1,2.399100e-01
2875,0.00177828,0.1,2.701680e-01
2900,0.00177828,0.1,3.109980e-01
2925,0.00177828,0.1,3.665710e-01
2950,0.00177828,0.1,4.431770e-01
2975,0.00177828,0.1,5.507550e-01
3000,0.00177828,0.1,7.059750e-01
3025,0.00177828,0.1,9.391170e-01
3050,0.00177828,0.1,1.311570e+00
3075,0.00177828,0.1,1.969660e+00
3100,0.00177828,0.1,3.368060e+00
3125,0.00177828,0.1,7.960360e+00
3150,0.00177828,0.1,2.000000e+02
3175,0.00177828,0.1,2.000000e+02
3200,0.00177828,0.1,2.000000e+02
3225,0.00177828,0.1,2.000000e+02
3250,0.00177828,0.1,2.000000e+02
3275,0.00177828,0.1,2.000000e+02
3300,0.00177828,0.1,2.000000e+02
3325,0.00177828,0.1,2.000000e+02
3350,0.00177828,0.1,2.000000e+02
3375,0.00177828,0.1,2.000000e+02
3400,0.00177828,0.1,2.000000e+02
3425,0.00177828,0.1,2.000000e+02
3450,0.00177828,0.1,2.000000e+02
3475,0.00177828,0.1,2.000000e+02
3500,0.00177828,0.1,2.000000e+02
3525,0.00177828,0.1,2.000000e+02
3550,0.00177828,0.1,2.000000e+02
3575,0.00177828,0.1,2.000000e+02
3600,0.00177828,0.1,2.000000e+02
3625,0.00177828,0.1,2.000000e+02
3650,0.00177828,0.1,2.000000e+02
3675,0.00177828,0.1,2.000000e+02
3700,0.00177828,0.1,2.000000e+02
3725,0.00177828,0.1,2.000000e+02
3750,0.00177828,0.1,2.000000e+02
3775,0.00177828,0.1,2.000000e+02
3800,0.00177828,0.1,2.000000e+02
3825,0.00177828,0.1,2.000000e+02
3850,0.00177828,0.1,2.000000e+02
3875,0.00177828,0.1,2.000000e+02
3900,0.00177828,0.1,2.000000e+02
3925,0.00177828,0.1,2.000000e+02
3950,0.00177828,0.1,2.000000e+02
3975,0.00177828,0.1,2.000000e+02
4000,0.00177828,0.1,2.000000e+02
4025,0.00177828,0.1,2.000000e+02
4050,0.00177828,0.1,2.000000e+02
4075,0.00177828,0.1,2.000000e+02
4100,0.00177828,0.1,2.000000e+02
4125,0.00177828,0.1,2.000000e+02
4150,0.00177828,0.1,2.000000e+02
4175,0.00177828,0.1,2.000000e+02
4200,0.00177828,0.1,2.000000e+02
4225,0.00177828,0.1,2.000000e+02
4250,0.00177828,0.1,2.000000e+02
4275,0.00177828,0.1,2.000000e+02
4300,0.00177828,0.1,2.000000e+02
4325,0.00177828,0.1,2.000000e+02
4350,0.00177828,0.1,2.000000e+02
4375,0.00177828,0.1,2.000000e+02
4400,0.00177828,0.1,2.000000e+02
4425,0.00177828,0.1,2.000000e+02
4450,0.00177828,0.1,2.000000e+02
4475,0.00177828,0.1,2.000000e+02
4500,0.00177828,0.1,2.000000e+02
4525,0.00177828,0.1,2.000000e+02
4550,0.00177828,0.1,2.000000e+02
4575,0.00177828,0.1,2.000000e+02
4600,0.00177828,0.1,2.000000e+02
4625,0.00177828,0.1,2.000000e+02
4650,0.00177828,0.1,2.000000e+02
4675,0.00177828,0.1,2.000000e+02
4700,0.00177828,0.1,2.000000e+02
4725,0.00177828,0.1,2.000000e+02
4750,0.00177828,0.1,2.000000e+02
4775,0.00177828,0.1,2.000000e+02
4800,0.00177828,0.1,2.000000e+02
4825,0.00177828,0.1,2.000000e+02
4850,0.00177828,0.1,2.000000e+02
4875,0.00177828,0.1,2.000000e+02
4900,0.00177828,0.1,2.000000e+02
4925,0.00177828,0.1,2.000000e+02
4950,0.00177828,0.1,2.000000e+02
4975,0.00177828,0.1,2.000000e+02
5000,0.00177828,0.1,2.000000e+02
300,0.00316228,0.1,1.293840e-02
325,0.00316228,0.1,1.337310e-02
350,0.00316228,0.1,1.393720e-02
375,0.00316228,0.1,1.464490e-02
400,0.00316228,0.1,1.552300e-02
425,0.00316228,0.1,1.661330e-02
450,0.00316228,0.1,1.796980e-02
475,0.00316228,0.1,1.964630e-02
500,0.00316228,0.1,2.168220e-02
525,0.00316228,0.1,2.409250e-02
550,0.00316228,0.1,2.687590e-02
575,0.00316228,0.1,3.005970e-02
600,0.00316228,0.1,3.378570e-02
625,0.00316228,0.1,3.841230e-02
650,0.00316228,0.1,4.457240e-02
675,0.00316228,0.1,5.311530e-02
700,0.00316228,0.1,6.483250e-02
725,0.00316228,0.1,7.984980e-02
750,0.00316228,0.1,9.681560e-02
775,0.00316228,0.1,1.127980e-01
800,0.00316228,0.1,1.249730e-01
825,0.00316228,0.1,1.326290e-01
850,0.00316228,0.1,1.368640e-01
875,0.00316228,0.1,1.390680e-01
900,0.00316228,0.1,1.402000e-01
925,0.00316228,0.1,1.407890e-01
950,0.00316228,0.1,1.411020e-01
975,0.00316228,0.1,1.412730e-01
1000,0.00316228,0.1,1.413690e-01
1025,0.00316228,0.1,1.414250e-01
1050,0.00316228,0.1,1.414580e-01
1075,0.00316228,0.1,1.414790e-01
1100,0.00316228,0.1,1.414920e-01
1125,0.00316228,0.1,1.415010e-01
1150,0.00316228,0.1,1.415080e-01
1175,0.00316228,0.1,1.415140e-01
1200,0.00316228,0.1,1.415190e-01
1225,0.00316228,0.1,1.415250e-01
1250,0.00316228,0.1,1.415310e-01
1275,0.00316228,0.1,1.415380e-01
1300,0.00316228,0.1,1.415450e-01
1325,0.00316228,0.1,1.415550e-01
1350,0.00316228,0.1,1.415660e-01
1375,0.00316228,0.1,1.415790e-01
1400,0.00316228,0.1,1.415950e-01
1425,0.00316228,0.1,1.416130e-01
1450,0.00316228,0.1,1.416340e-01
1475,0.00316228,0.1,1.416590e-01
1500,0.00316228,0.1,1.416880e-01
1525,0.00316228,0.1,1.417210e-01
1550,0.00316228,0.1,1.417590e-01
1575,0.00316228,0.1,1.418030e-01
1600,0.00316228,0.1,1.418520e-01
1625,0.00316228,0.1,1.419080e-01
1650,0.00316228,0.1,1.419710e-01
1675,0.00316228,0.1,1.420420e-01
1700,0.00316228,0.1,1.421210e-01
1725,0.00316228,0.1,1.422090e-01
1750,0.00316228,0.1,1.423070e-01
1775,0.00316228,0.1,1.424150e-01
1800,0.00316228,0.1,1.425340e-01
1825,0.00316228,0.1,1.426640e-01
1850,0.00316228,0.1,1.428070e-01
1875,0.00316228,0.1,1.429630e-01
1900,0.00316228,0.1,1.431320e-01
1925,0.00316228,0.1,1.433160e-01
1950,0.00316228,0.1,1.435140e-01
1975,0.00316228,0.1,1.437270e-01
2000,0.00316228,0.1,1.439560e-01
2025,0.00316228,0.1,1.442000e-01
2050,0.00316228,0.1,1.444600e-01
2075,0.00316228,0.1,1.447360e-01
2100,0.00316228,0.1,1.450280e-01
2125,0.00316228,0.1,1.453350e-01
2150,0.00316228,0.1,1.456580e-01
2175,0.00316228,0.1,1.459940e-01
2200,0.00316228,0.1,1.463440e-01
2225,0.00316228,0.1,1.467060e-01
2250,0.00316228,0.1,1.470800e-01
2275,0.00316228,0.1,1.474640e-01
2300,0.00316228,0.1,1.478570e-01
2325,0.00316228,0.1,1.482580e-01
2350,0.00316228,0.1,1.486680e-01
2375,0.00316228,0.1,1.490850e-01
2400,0.00316228,0.1,1.495120e-01
2425,0.00316228,0.1,1.499510e-01
2450,0.00316228,0.1,1.504060e-01
2475,0.00316228,0.1,1.508880e-01
2500,0.00316228,0.1,1.514060e-01
2525,0.00316228,0.1,1.519800e-01
2550,0.00316228,0.1,1.526340e-01
2575,0.00316228,0.1,1.534020e-01
2600,0.00316228,0.1,1.543310e-01
2625,0.00316228,0.1,1.554840e-01
2650,0.00316228,0.1,1.569430e-01
2675,0.00316228,0.1,1.588190e-01
2700,0.00316228,0.1,1.612550e-01
2725,0.00316228,0.1,1.644400e-01
2750,0.00316228,0.1,1.686210e-01
2775,0.00316228,0.1,1.741240e-01
2800,0.00316228,0.1,1.813730e-01
2825,0.00316228,0.1,1.909290e-01
2850,0.00316228,0.1,2.035340e-01
2875,0.00316228,0.1,2.201810e-01
2900,0.00316228,0.1,2.422090e-01
2925,0.00316228,0.1,2.714540e-01
2950,0.00316228,0.1,3.104850e-01
2975,0.00316228,0.1,3.629850e-01
3000,0.00316228,0.1,4.344100e-01
3025,0.00316228,0.1,5.331910e-01
3050,0.00316228,0.1,6.730670e-01
3075,0.00316228,0.1,8.780650e-01
3100,0.00316228,0.1,1.194370e+00
3125,0.00316228,0.1,1.723540e+00
3150,0.00316228,0.1,2.740840e+00
3175,0.00316228,0.1,5.337300e+00
3200,0.00316228,0.1,2.244050e+01
3225,0.00316228,0.1,2.000000e+02
3250,0.00316228,0.1,2.000000e+02
3275,0.00316228,0.1,2.000000e+02
3300,0.00316228,0.1,2.000000e+02
3325,0.00316228,0.1,2.000000e+02
3350,0.00316228,0.1,2.000000e+02
3375,0.00316228,0.1,2.000000e+02
3400,0.00316228,0.1,2.000000e+02
3425,0.00316228,0.1,2.000000e+02
3450,0.00316228,0.1,2.000000e+02
3475,0.00316228,0.1,2.000000e+02
3500,0.00316228,0.1,2.000000e+02
3525,0.00316228,0.1,2.000000e+02
3550,0.00316228,0.1,2.000000e+02
3575,0.00316228,0.1,2.000000e+02
3600,0.00316228,0.1,2.000000e+02
3625,0.00316228,0.1,2.000000e+02
3650,0.00316228,0.1,2.000000e+02
3675,0.00316228,0.1,2.000000e+02
3700,0.00316228,0.1,2.000000e+02
3725,0.00316228,0.1,2.000000e+02
3750,0.00316228,0.1,2.000000e+02
3775,0.00316228,0.1,2.000000e+02
3800,0.00316228,0.1,2.000000e+02
3825,0.00316228,0.1,2.000000e+02
3850,0.00316228,0.1,2.000000e+02
3875,0.00316228,0.1,2.000000e+02
3900,0.00316228,0.1,2.000000e+02
3925,0.00316228,0.1,2.000000e+02
3950,0.00316228,0.1,2.000000e+02
3975,0.00316228,0.1,2.000000e+02
4000,0.00316228,0.1,2.000000e+02
4025,0.00316228,0.1,2.000000e+02
4050,0.00316228,0.1,2.000000e+02
4075,0.00316228,0.1,2.000000e+02
4100,0.00316228,0.1,2.000000e+02
4125,0.00316228,0.1,2.000000e+02
4150,0.00316228,0.1,2.000000e+02
4175,0.00316228,0.1,2.000000e+02
4200,0.00316228,0.1,2.000000e+02
4225,0.00316228,0.1,2.000000e+02
4250,0.00316228,0.1,2.000000e+02
4275,0.00316228,0.1,2.000000e+02
4300,0.00316228,0.1,2.000000e+02
4325,0.00316228,0.1,2.000000e+02
4350,0.00316228,0.1,2.000000e+02
4375,0.00316228,0.1,2.000000e+02
4400,0.00316228,0.1,2.000000e+02
4425,0.00316228,0.1,2.000000e+02
4450,0.00316228,0.1,2.000000e+02
4475,0.00316228,0.1,2.000000e+02
4500,0.00316228,0.1,2.000000e+02
4525,0.00316228,0.1,2.000000e+02
4550,0.00316228,0.1,2.000000e+02
4575,0.00316228,0.1,2.000000e+02
4600,0.00316228,0.1,2.000000e+02
4625,0.00316228,0.1,2.000000e+02
4650,0.00316228,0.1,2.000000e+02
4675,0.00316228,0.1,2.000000e+02
4700,0.00316228,0.1,2.000000e+02
4725,0.00316228,0.1,2.000000e+02
4750,0.00316228,0.1,2.000000e+02
4775,0.00316228,0.1,2.000000e+02
4800,0.00316228,0.1,2.000000e+02
4825,0.00316228,0.1,2.000000e+02
4850,0.00316228,0.1,2.000000e+02
4875,0.00316228,0.1,2.000000e+02
4900,0.00316228,0.1,2.000000e+02
4925,0.00316228,0.1,2.000000e+02
4950,0.00316228,0.1,2.000000e+02
4975,0.00316228,0.1,2.000000e+02
5000,0.00316228,0.1,2.000000e+02
300,0.00562341,0.1,1.293720e-02
325,0.00562341,0.1,1.336880e-02
350,0.00562341,0.1,1.392370e-02
375,0.00562341,0.1,1.460930e-02
400,0.00562341,0.1,1.544100e-02
425,0.00562341,0.1,1.644640e-02
450,0.00562341,0.1,1.766440e-02
475,0.00562341,0.1,1.913880e-02
500,0.00562341,0.1,2.091000e-02
525,0.00562341,0.1,2.300760e-02
550,0.00562341,0.1,2.545380e-02
575,0.00562341,0.1,2.828480e-02
600,0.00562341,0.1,3.160220e-02
625,0.00562341,0.1,3.565020e-02
650,0.00562341,0.1,4.088410e-02
675,0.00562341,0.1,4.797640e-02
700,0.00562341,0.1,5.768750e-02
725,0.00562341,0.1,7.050690e-02
750,0.00562341,0.1,8.602940e-02
775,0.00562341,0.1,1.024050e-01
800,0.00562341,0.1,1.168150e-01
825,0.00562341,0.1,1.272580e-01
850,0.00562341,0.1,1.337010e-01
875,0.00562341,0.1,1.372960e-01
900,0.00562341,0.1,1.392180e-01
925,0.00562341,0.1,1.402370e-01
950,0.00562341,0.1,1.407860e-01
975,0.00562341,0.1,1.410870e-01
1000,0.00562341,0.1,1.412570e-01
1025,0.00562341,0.1,1.413560e-01
1050,0.00562341,0.1,1.414140e-01
1075,0.00562341,0.1,1.414500e-01
1100,0.00562341,0.1,1.414740e-01
1125,0.00562341,0.1,1.414890e-01
1150,0.00562341,0.1,1.415000e-01
1175,0.00562341,0.1,1.415080e-01
1200,0.00562341,0.1,1.415150e-01
1225,0.00562341,0.1,1.415220e-01
1250,0.00562341,0.1,1.415290e-01
1275,0.00562341,0.1,1.415360e-01
1300,0.00562341,0.1,1.415440e-01
1325,0.00562341,0.1,1.415540e-01
1350,0.00562341,0.1,1.415650e-01
1375,0.00562341,0.1,1.415790e-01
1400,0.00562341,0.1,1.415940e-01
1425,0.00562341,0.1,1.416130e-01
1450,0.00562341,0.1,1.416340e-01
1475,0.00562341,0.1,1.416590e-01
1500,0.00562341,0.1,1.416880e-01
1525,0.00562341,0.1,1.417210e-01
1550,0.00562341,0.1,1.417590e-01
1575,0.00562341,0.1,1.418030e-01
1600,0.00562341,0.1,1.418520e-01
1625,0.00562341,0.1,1.419080e-01
1650,0.00562341,0.1,1.419710e-01
1675,0.00562341,0.1,1.420420e-01
1700,0.00562341,0.1,1.421210e-01
1725,0.00562341,0.1,1.422090e-01
1750,0.00562341,0.1,1.423070e-01
1775,0.00562341,0.1,1.424150e-01
1800,0.00562341,0.1,1.425350e-01
1825,0.00562341,0.1,1.426660e-01
1850,0.00562341,0.1,1.428090e-01
1875,0.00562341,0.1,1.429660e-01
1900,0.00562341,0.1,1.431370e-01
1925,0.00562341,0.1,1.433220e-01
1950,0.00562341,0.1,1.435220e-01
1975,0.00562341,0.1,1.437370e-01
2000,0.00562341,0.1,1.439690e-01
2025,0.00562341,0.1,1.442170e-01
2050,0.00562341,0.1,1.444820e-01
2075,0.00562341,0.1,1.447650e-01
2100,0.00562341,0.1,1.450640e-01
2125,0.00562341,0.1,1.453800e-01
2150,0.00562341,0.1,1.457140e-01
2175,0.00562341,0.1,1.460640e-01
2200,0.00562341,0.1,1.464300e-01
2225,0.00562341,0.1,1.468110e-01
2250,0.00562341,0.1,1.472070e-01
2275,0.00562341,0.1,1.476170e-01
2300,0.00562341,0.1,1.480400e-01
2325,0.00562341,0.1,1.484740e-01
2350,0.00562341,0.1,1.489190e-01
2375,0.00562341,0.1,1.493740e-01
2400,0.00562341,0.1,1.498390e-01
2425,0.00562341,0.1,1.503140e-01
2450,0.00562341,0.1,1.508030e-01
2475,0.00562341,0.1,1.513060e-01
2500,0.00562341,0.1,1.518320e-01
2525,0.00562341,0.1,1.523870e-01
2550,0.00562341,0.1,1.529860e-01
2575,0.00562341,0.1,1.536450e-01
2600,0.00562341,0.1,1.543920e-01
2625,0.00562341,0.1,1.552610e-01
2650,0.00562341,0.1,1.562980e-01
2675,0.00562341,0.1,1.575660e-01
2700,0.00562341,0.1,1.591470e-01
2725,0.00562341,0.1,1.611470e-01
2750,0.00562341,0.1,1.637070e-01
2775,0.00562341,0.1,1.670090e-01
2800,0.00562341,0.1,1.712870e-01
2825,0.00562341,0.1,1.768480e-01
2850,0.00562341,0.1,1.840910e-01
2875,0.00562341,0.1,1.935330e-01
2900,0.00562341,0.1,2.058580e-01
2925,0.00562341,0.1,2.219640e-01
2950,0.00562341,0.1,2.430530e-01
2975,0.00562341,0.1,2.707540e-01
3000,0.00562341,0.1,3.073110e-01
3025,0.00562341,0.1,3.558890e-01
3050,0.00562341,0.1,4.210890e-01
3075,0.00562341,0.1,5.098450e-01
3100,0.00562341,0.1,6.331200e-01
3125,0.00562341,0.1,8.093250e-01
3150,0.00562341,0.1,1.071970e+00
3175,0.00562341,0.1,1.489160e+00
3200,0.00562341,0.1,2.223700e+00
3225,0.00562341,0.1,3.783780e+00
3250,0.00562341,0.1,8.937760e+00
3275,0.00562341,0.1,2.000000e+02
3300,0.00562341,0.1,2.000000e+02
3325,0.00562341,0.1,2.000000e+02
3350,0.00562341,0.1,2.000000e+02
3375,0.00562341,0.1,2.000000e+02
3400,0.00562341,0.1,2.000000e+02
3425,0.00562341,0.1,2.000000e+02
3450,0.00562341,0.1,2.000000e+02
3475,0.00562341,0.1,2.000000e+02
3500,0.00562341,0.1,2.000000e+02
3525,0.00562341,0.1,2.000000e+02
3550,0.00562341,0.1,2.000000e+02
3575,0.00562341,0.1,2.000000e+02
3600,0.00562341,0.1,2.000000e+02
3625,0.00562341,0.1,2.000000e+02
3650,0.00562341,0.1,2.000000e+02
3675,0.00562341,0.1,2.000000e+02
3700,0.00562341,0.1,2.000000e+02
3725,0.00562341,0.1,2.000000e+02
3750,0.00562341,0.1,2.000000e+02
3775,0.00562341,0.1,2.000000e+02
3800,0.00562341,0.1,2.000000e+02
3825,0.00562341,0.1,2.000000e+02
3850,0.00562341,0.1,2.000000e+02
3875,0.00562341,0.1,2.000000e+02
3900,0.00562341,0.1,2.000000e+02
3925,0.00562341,0.1,2.000000e+02
3950,0.00562341,0.1,2.000000e+02
3975,0.00562341,0.1,2.000000e+02
4000,0.00562341,0.1,2.000000e+02
4025,0.00562341,0.1,2.000000e+02
4050,0.00562341,0.1,2.000000e+02
4075,0.00562341,0.1,2.000000e+02
4100,0.00562341,0.1,2.000000e+02
4125,0.00562341,0.1,2.000000e+02
4150,0.00562341,0.1,2.000000e+02
4175,0.00562341,0.1,2.000000e+02
4200,0.00562341,0.1,2.000000e+02
4225,0.00562341,0.1,2.000000e+02
4250,0.00562341,0.1,2.000000e+02
4275,0.00562341,0.1,2.000000e+02
4300,0.00562341,0.1,2.000000e+02
4325,0.00562341,0.1,2.000000e+02
4350,0.00562341,0.1,2.000000e+02
4375,0.00562341,0.1,2.000000e+02
4400,0.00562341,0.1,2.000000e+02
4425,0.00562341,0.1,2.000000e+02
4450,0.00562341,0.1,2.000000e+02
4475,0.00562341,0.1,2.000000e+02
4500,0.00562341,0.1,2.000000e+02
4525,0.00562341,0.1,2.000000e+02
4550,0.00562341,0.1,2.000000e+02
4575,0.00562341,0.1,2.000000e+02
4600,0.00562341,0.1,2.000000e+02
4625,0.00562341,0.1,2.000000e+02
4650,0.00562341,0.1,2.000000e+02
4675,0.00562341,0.1,2.000000e+02
4700,0.00562341,0.1,2.000000e+02
4725,0.00562341,0.1,2.000000e+02
4750,0.00562341,0.1,2.000000e+02
4775,0.00562341,0.1,2.000000e+02
4800,0.00562341,0.1,2.000000e+02
4825,0.00562341,0.1,2.000000e+02
4850,0.00562341,0.1,2.000000e+02
4875,0.00562341,0.1,2.000000e+02
4900,0.00562341,0.1,2.000000e+02
4925,0.00562341,0.1,2.000000e+02
4950,0.00562341,0.1,2.000000e+02
4975,0.00562341,0.1,2.000000e+02
5000,0.00562341,0.1,2.000000e+02
300,0.01,0.1,1.293640e-02
325,0.01,0.1,1.336560e-02
350,0.01,0.1,1.391360e-02
375,0.01,0.1,1.458250e-02
400,0.01,0.1,1.537920e-02
425,0.01,0.1,1.631980e-02
450,0.01,0.1,1.743050e-02
475,0.01,0.1,1.874440e-02
500,0.01,0.1,2.029690e-02
525,0.01,0.1,2.212170e-02
550,0.01,0.1,2.425250e-02
575,0.01,0.1,2.673450e-02
600,0.01,0.1,2.965360e-02
625,0.01,0.1,3.318640e-02
650,0.01,0.1,3.765930e-02
675,0.01,0.1,4.358200e-02
700,0.01,0.1,5.160460e-02
725,0.01,0.1,6.232570e-02
750,0.01,0.1,7.588950e-02
775,0.01,0.1,9.143550e-02
800,0.01,0.1,1.068810e-01
825,0.01,0.1,1.197730e-01
850,0.01,0.1,1.288280e-01
875,0.01,0.1,1.343890e-01
900,0.01,0.1,1.375460e-01
925,0.01,0.1,1.392810e-01
950,0.01,0.1,1.402320e-01
975,0.01,0.1,1.407600e-01
1000,0.01,0.1,1.410590e-01
1025,0.01,0.1,1.412330e-01
1050,0.01,0.1,1.413370e-01
1075,0.01,0.1,1.414000e-01
1100,0.01,0.1,1.414410e-01
1125,0.01,0.1,1.414670e-01
1150,0.01,0.1,1.414850e-01
1175,0.01,0.1,1.414980e-01
1200,0.01,0.1,1.415080e-01
1225,0.01,0.1,1.415160e-01
1250,0.01,0.1,1.415250e-01
1275,0.01,0.1,1.415330e-01
1300,0.01,0.1,1.415420e-01
1325,0.01,0.1,1.415520e-01
1350,0.01,0.1,1.415640e-01
1375,0.01,0.1,1.415780e-01
1400,0.01,0.1,1.415930e-01
1425,0.01,0.1,1.416120e-01
1450,0.01,0.1,1.416340e-01
1475,0.01,0.1,1.416590e-01
1500,0.01,0.1,1.416880e-01
1525,0.01,0.1,1.417210e-01
1550,0.01,0.1,1.417590e-01
1575,0.01,0.1,1.418030e-01
1600,0.01,0.1,1.418520e-01
1625,0.01,0.1,1.419080e-01
1650,0.01,0.1,1.419710e-01
1675,0.01,0.1,1.420420e-01
1700,0.01,0.1,1.421210e-01
1725,0.01,0.1,1.422100e-01
1750,0.01,0.1,1.423080e-01
1775,0.01,0.1,1.424160e-01
1800,0.01,0.1,1.425360e-01
1825,0.01,0.1,1.426670e-01
1850,0.01,0.1,1.428110e-01
1875,0.01,0.1,1.429680e-01
1900,0.01,0.1,1.431400e-01
1925,0.01,0.1,1.433260e-01
1950,0.01,0.1,1.435270e-01
1975,0.01,0.1,1.437450e-01
2000,0.01,0.1,1.439790e-01
2025,0.01,0.1,1.442300e-01
2050,0.01,0.1,1.444990e-01
2075,0.01,0.1,1.447860e-01
2100,0.01,0.1,1.450910e-01
2125,0.01,0.1,1.454150e-01
2150,0.01,0.1,1.457570e-01
2175,0.01,0.1,1.461170e-01
2200,0.01,0.1,1.464960e-01
2225,0.01,0.1,1.468920e-01
2250,0.01,0.1,1.473060e-01
2275,0.01,0.1,1.477370e-01
2300,0.01,0.1,1.481830e-01
2325,0.01,0.1,1.486450e-01
2350,0.01,0.1,1.491200e-01
2375,0.01,0.1,1.496090e-01
2400,0.01,0.1,1.501110e-01
2425,0.01,0.1,1.506240e-01
2450,0.01,0.1,1.511500e-01
2475,0.01,0.1,1.516900e-01
2500,0.01,0.1,1.522450e-01
2525,0.01,0.1,1.528190e-01
2550,0.01,0.1,1.534190e-01
2575,0.01,0.1,1.540530e-01
2600,0.01,0.1,1.547360e-01
2625,0.01,0.1,1.554850e-01
2650,0.01,0.1,1.563270e-01
2675,0.01,0.1,1.572950e-01
2700,0.01,0.1,1.584350e-01
2725,0.01,0.1,1.598090e-01
2750,0.01,0.1,1.614940e-01
2775,0.01,0.1,1.635940e-01
2800,0.01,0.1,1.662400e-01
2825,0.01,0.1,1.696050e-01
2850,0.01,0.1,1.739060e-01
2875,0.01,0.1,1.794280e-01
2900,0.01,0.1,1.865350e-01
2925,0.01,0.1,1.956970e-01
2950,0.01,0.1,2.075260e-01
2975,0.01,0.1,2.228220e-01
3000,0.01,0.1,2.426390e-01
3025,0.01,0.1,2.683880e-01
3050,0.01,0.1,3.019840e-01
3075,0.01,0.1,3.460820e-01
3100,0.01,0.1,4.044620e-01
3125,0.01,0.1,4.826780e-01
3150,0.01,0.1,5.892360e-01
3175,0.01,0.1,7.378520e-01
3200,0.01,0.1,9.521840e-01
3225,0.01,0.1,1.276840e+00
3250,0.01,0.1,1.807170e+00
3275,0.01,0.1,2.789740e+00
3300,0.01,0.1,5.114130e+00
3325,0.01,0.1,1.611530e+01
3350,0.01,0.1,2.000000e+02
3375,0.01,0.1,2.000000e+02
3400,0.01,0.1,2.000000e+02
3425,0.01,0.1,2.000000e+02
3450,0.01,0.1,2.000000e+02
3475,0.01,0.1,2.000000e+02
3500,0.01,0.1,2.000000e+02
3525,0.01,0.1,2.000000e+02
3550,0.01,0.1,2.000000e+02
3575,0.01,0.1,2.000000e+02
3600,0.01,0.1,2.000000e+02
3625,0.01,0.1,2.000000e+02
3650,0.01,0.1,2.000000e+02
3675,0.01,0.1,2.000000e+02
3700,0.01,0.1,2.000000e+02
3725,0.01,0.1,2.000000e+02
3750,0.01,0.1,2.000000e+02
3775,0.01,0.1,2.000000e+02
3800,0.01,0.1,2.000000e+02
3825,0.01,0.1,2.000000e+02
3850,0.01,0.1,2.000000e+02
3875,0.01,0.1,2.000000e+02
3900,0.01,0.1,2.000000e+02
3925,0.01,0.1,2.000000e+02
3950,0.01,0.1,2.000000e+02
3975,0.01,0.1,2.000000e+02
4000,0.01,0.1,2.000000e+02
4025,0.01,0.1,2.000000e+02
4050,0.01,0.1,2.000000e+02
4075,0.01,0.1,2.000000e+02
4100,0.01,0.1,2.000000e+02
4125,0.01,0.1,2.000000e+02
4150,0.01,0.1,2.000000e+02
4175,0.01,0.1,2.000000e+02
4200,0.01,0.1,2.000000e+02
4225,0.01,0.1,2.000000e+02
4250,0.01,0.1,2.000000e+02
4275,0.01,0.1,2.000000e+02
4300,0.01,0.1,2.000000e+02
4325,0.01,0.1,2.000000e+02
4350,0.01,0.1,2.000000e+02
4375,0.01,0.1,2.000000e+02
4400,0.01,0.1,2.000000e+02
4425,0.01,0.1,2.000000e+02
4450,0.01,0.1,2.000000e+02
4475,0.01,0.1,2.000000e+02
4500,0.01,0.1,2.000000e+02
4525,0.01,0.1,2.000000e+02
4550,0.01,0.1,2.000000e+02
4575,0.01,0.1,2.000000e+02
4600,0.01,0.1,2.000000e+02
4625,0.01,0.1,2.000000e+02
4650,0.01,0.1,2.000000e+02
4675,0.01,0.1,2.000000e+02
4700,0.01,0.1,2.000000e+02
4725,0.01,0.1,2.000000e+02
4750,0.01,0.1,2.000000e+02
4775,0.01,0.1,2.000000e+02
4800,0.01,0.1,2.000000e+02
4825,0.01,0.1,2.000000e+02
4850,0.01,0.1,2.000000e+02
4875,0.01,0.1,2.000000e+02
4900,0.01,0.1,2.000000e+02
4925,0.01,0.1,2.000000e+02
4950,0.01,0.1,2.000000e+02
4975,0.01,0.1,2.000000e+02
5000,0.01,0.1,2.000000e+02
300,0.0177828,0.1,1.293580e-02
325,0.0177828,0.1,1.336320e-02
350,0.0177828,0.1,1.390600e-02
375,0.0177828,0.1,1.456240e-02
400,0.0177828,0.1,1.533270e-02
425,0.0177828,0.1,1.622400e-02
450,0.0177828,0.1,1.725230e-02
475,0.0177828,0.1,1.844050e-02
500,0.0177828,0.1,1.981690e-02
525,0.0177828,0.1,2.141270e-02
550,0.0177828,0.1,2.326420e-02
575,0.0177828,0.1,2.542020e-02
600,0.0177828,0.1,2.795920e-02
625,0.0177828,0.1,3.101990e-02
650,0.0177828,0.1,3.484310e-02
675,0.0177828,0.1,3.980980e-02
700,0.0177828,0.1,4.644080e-02
725,0.0177828,0.1,5.530920e-02
750,0.0177828,0.1,6.680730e-02
775,0.0177828,0.1,8.074500e-02
800,0.0177828,0.1,9.594160e-02
825,0.0177828,0.1,1.103130e-01
850,0.0177828,0.1,1.218680e-01
875,0.0177828,0.1,1.298540e-01
900,0.0177828,0.1,1.347890e-01
925,0.0177828,0.1,1.376510e-01
950,0.0177828,0.1,1.392710e-01
975,0.0177828,0.1,1.401860e-01
1000,0.0177828,0.1,1.407110e-01
1025,0.0177828,0.1,1.410170e-01
1050,0.0177828,0.1,1.412000e-01
1075,0.0177828,0.1,1.413120e-01
1100,0.0177828,0.1,1.413820e-01
1125,0.0177828,0.1,1.414270e-01
1150,0.0177828,0.1,1.414580e-01
1175,0.0177828,0.1,1.414790e-01
1200,0.0177828,0.1,1.414940e-01
1225,0.0177828,0.1,1.415070e-01
1250,0.0177828,0.1,1.415180e-01
1275,0.0177828,0.1,1.415280e-01
1300,0.0177828,0.1,1.415380e-01
1325,0.0177828,0.1,1.415490e-01
1350,0.0177828,0.1,1.415620e-01
1375,0.0177828,0.1,1.415760e-01
1400,0.0177828,0.1,1.415920e-01
1425,0.0177828,0.1,1.416110e-01
1450,0.0177828,0.1,1.416330e-01
1475,0.0177828,0.1,1.416580e-01
1500,0.0177828,0.1,1.416870e-01
1525,0.0177828,0.1,1.417210e-01
1550,0.0177828,0.1,1.417590e-01
1575,0.0177828,0.1,1.418020e-01
1600,0.0177828,0.1,1.418520e-01
1625,0.0177828,0.1,1.419080e-01
1650,0.0177828,0.1,1.419710e-01
1675,0.0177828,0.1,1.420420e-01
1700,0.0177828,0.1,1.421220e-01
1725,0.0177828,0.1,1.422100e-01
1750,0.0177828,0.1,1.423080e-01
1775,0.0177828,0.1,1.424170e-01
1800,0.0177828,0.1,1.425360e-01
1825,0.0177828,0.1,1.426680e-01
1850,0.0177828,0.1,1.428120e-01
1875,0.0177828,0.1,1.429700e-01
1900,0.0177828,0.1,1.431420e-01
1925,0.0177828,0.1,1.433290e-01
1950,0.0177828,0.1,1.435320e-01
1975,0.0177828,0.1,1.437510e-01
2000,0.0177828,0.1,1.439860e-01
2025,0.0177828,0.1,1.442400e-01
2050,0.0177828,0.1,1.445120e-01
2075,0.0177828,0.1,1.448020e-01
2100,0.0177828,0.1,1.451110e-01
2125,0.0177828,0.1,1.454400e-01
2150,0.0177828,0.1,1.457890e-01
2175,0.0177828,0.1,1.461580e-01
2200,0.0177828,0.1,1.465460e-01
2225,0.0177828,0.1,1.469550e-01
2250,0.0177828,0.1,1.473820e-01
2275,0.0177828,0.1,1.478290e-01
2300,0.0177828,0.1,1.482950e-01
2325,0.0177828,0.1,1.487780e-01
2350,0.0177828,0.1,1.492790e-01
2375,0.0177828,0.1,1.497970e-01
2400,0.0177828,0.1,1.503300e-01
2425,0.0177828,0.1,1.508780e-01
2450,0.0177828,0.1,1.514400e-01
2475,0.0177828,0.1,1.520170e-01
2500,0.0177828,0.1,1.526090e-01
2525,0.0177828,0.1,1.532170e-01
2550,0.0177828,0.1,1.538430e-01
2575,0.0177828,0.1,1.544930e-01
2600,0.0177828,0.1,1.551710e-01
2625,0.0177828,0.1,1.558890e-01
2650,0.0177828,0.1,1.566580e-01
2675,0.0177828,0.1,1.574990e-01
2700,0.0177828,0.1,1.584340e-01
2725,0.0177828,0.1,1.594990e-01
2750,0.0177828,0.1,1.607360e-01
2775,0.0177828,0.1,1.622040e-01
2800,0.0177828,0.1,1.639770e-01
2825,0.0177828,0.1,1.661500e-01
2850,0.0177828,0.1,1.688460e-01
2875,0.0177828,0.1,1.722240e-01
2900,0.0177828,0.1,1.764830e-01
2925,0.0177828,0.1,1.818790e-01
2950,0.0177828,0.1,1.887400e-01
2975,0.0177828,0.1,1.974840e-01
3000,0.0177828,0.1,2.086480e-01
3025,0.0177828,0.1,2.229290e-01
3050,0.0177828,0.1,2.412330e-01
3075,0.0177828,0.1,2.647560e-01
3100,0.0177828,0.1,2.950990e-01
3125,0.0177828,0.1,3.344400e-01
3150,0.0177828,0.1,3.858150e-01
3175,0.0177828,0.1,4.535710e-01
3200,0.0177828,0.1,5.441580e-01
3225,0.0177828,0.1,6.675750e-01
3250,0.0177828,0.1,8.401900e-01
3275,0.0177828,0.1,1.090810e+00
3300,0.0177828,0.1,1.475280e+00
3325,0.0177828,0.1,2.117780e+00
3350,0.0177828,0.1,3.360760e+00
3375,0.0177828,0.1,6.608780e+00
3400,0.0177828,0.1,3.122450e+01
3425,0.0177828,0.1,2.000000e+02
3450,0.0177828,0.1,2.000000e+02
3475,0.0177828,0.1,2.000000e+02
3500,0.0177828,0.1,2.000000e+02
3525,0.0177828,0.1,2.000000e+02
3550,0.0177828,0.1,2.000000e+02
3575,0.0177828,0.1,2.000000e+02
3600,0.0177828,0.1,2.000000e+02
3625,0.0177828,0.1,2.000000e+02
3650,0.0177828,0.1,2.000000e+02
3675,0.0177828,0.1,2.000000e+02
3700,0.0177828,0.1,2.000000e+02
3725,0.0177828,0.1,2.000000e+02
3750,0.0177828,0.1,2.000000e+02
3775,0.0177828,0.1,2.000000e+02
3800,0.0177828,0.1,2.000000e+02
3825,0.0177828,0.1,2.000000e+02
3850,0.0177828,0.1,2.000000e+02
3875,0.0177828,0.1,2.000000e+02
3900,0.0177828,0.1,2.000000e+02
3925,0.0177828,0.1,2.000000e+02
3950,0.0177828,0.1,2.000000e+02
3975,0.0177828,0.1,2.000000e+02
4000,0.0177828,0.1,2.000000e+02
4025,0.0177828,0.1,2.000000e+02
4050,0.0177828,0.1,2.000000e+02
4075,0.0177828,0.1,2.000000e+02
4100,0.0177828,0.1,2.000000e+02
4125,0.0177828,0.1,2.000000e+02
4150,0.0177828,0.1,2.000000e+02
4175,0.0177828,0.1,2.000000e+02
4200,0.0177828,0.1,2.000000e+02
4225,0.0177828,0.1,2.000000e+02
4250,0.0177828,0.1,2.000000e+02
4275,0.0177828,0.1,2.000000e+02
4300,0.0177828,0.1,2.000000e+02
4325,0.0177828,0.1,2.000000e+02
4350,0.0177828,0.1,2.000000e+02
4375,0.0177828,0.1,2.000000e+02
4400,0.0177828,0.1,2.000000e+02
4425,0.0177828,0.1,2.000000e+02
4450,0.0177828,0.1,2.000000e+02
4475,0.0177828,0.1,2.000000e+02
4500,0.0177828,0.1,2.000000e+02
4525,0.0177828,0.1,2.000000e+02
4550,0.0177828,0.1,2.000000e+02
4575,0.0177828,0.1,2.000000e+02
4600,0.0177828,0.1,2.000000e+02
4625,0.0177828,0.1,2.000000e+02
4650,0.0177828,0.1,2.000000e+02
4675,0.0177828,0.1,2.000000e+02
4700,0.0177828,0.1,2.000000e+02
4725,0.0177828,0.1,2.000000e+02
4750,0.0177828,0.1,2.000000e+02
4775,0.0177828,0.1,2.000000e+02
4800,0.0177828,0.1,2.000000e+02
4825,0.0177828,0.1,2.000000e+02
4850,0.0177828,0.1,2.000000e+02
4875,0.0177828,0.1,2.000000e+02
4900,0.0177828,0.1,2.000000e+02
4925,0.0177828,0.1,2.000000e+02
4950,0.0177828,0.1,2.000000e+02
4975,0.0177828,0.1,2.000000e+02
5000,0.0177828,0.1,2.000000e+02
300,0.0316228,0.1,1.293530e-02
325,0.0316228,0.1,1.336140e-02
350,0.0316228,0.1,1.390040e-02
375,0.0316228,0.1,1.454730e-02
400,0.0316228,0.1,1.529770e-02
425,0.0316228,0.1,1.615180e-02
450,0.0316228,0.1,1.711700e-02
475,0.0316228,0.1,1.820790e-02
500,0.0316228,0.1,1.944510e-02
525,0.0316228,0.1,2.085430e-02
550,0.0316228,0.1,2.246900e-02
575,0.0316228,0.1,2.433580e-02
600,0.0316228,0.1,2.652610e-02
625,0.0316228,0.1,2.915510e-02
650,0.0316228,0.1,3.240920e-02
675,0.0316228,0.1,3.657640e-02
700,0.0316228,0.1,4.206230e-02
725,0.0316228,0.1,4.935880e-02
750,0.0316228,0.1,5.892400e-02
775,0.0316228,0.1,7.093130e-02
800,0.0316228,0.1,8.491330e-02
825,0.0316228,0.1,9.951940e-02
850,0.0316228,0.1,1.128210e-01
875,0.0316228,0.1,1.232650e-01
900,0.0316228,0.1,1.304540e-01
925,0.0316228,0.1,1.349570e-01
950,0.0316228,0.1,1.376330e-01
975,0.0316228,0.1,1.391920e-01
1000,0.0316228,0.1,1.401000e-01
1025,0.0316228,0.1,1.406360e-01
1050,0.0316228,0.1,1.409580e-01
1075,0.0316228,0.1,1.411550e-01
1100,0.0316228,0.1,1.412780e-01
1125,0.0316228,0.1,1.413570e-01
1150,0.0316228,0.1,1.414100e-01
1175,0.0316228,0.1,1.414450e-01
1200,0.0316228,0.1,1.414710e-01
1225,0.0316228,0.1,1.414900e-01
1250,0.0316228,0.1,1.415060e-01
1275,0.0316228,0.1,1.415190e-01
1300,0.0316228,0.1,1.415320e-01
1325,0.0316228,0.1,1.415440e-01
1350,0.0316228,0.1,1.415580e-01
1375,0.0316228,0.1,1.415730e-01
1400,0.0316228,0.1,1.415900e-01
1425,0.0316228,0.1,1.416090e-01
1450,0.0316228,0.1,1.416310e-01
1475,0.0316228,0.1,1.416570e-01
1500,0.0316228,0.1,1.416860e-01
1525,0.0316228,0.1,1.417200e-01
1550,0.0316228,0.1,1.417580e-01
1575,0.0316228,0.1,1.418020e-01
1600,0.0316228,0.1,1.418520e-01
1625,0.0316228,0.1,1.419080e-01
1650,0.0316228,0.1,1.419710e-01
1675,0.0316228,0.1,1.420420e-01
1700,0.0316228,0.1,1.421210e-01
1725,0.0316228,0.1,1.422100e-01
1750,0.0316228,0.1,1.423080e-01
1775,0.0316228,0.1,1.424170e-01
1800,0.0316228,0.1,1.425370e-01
1825,0.0316228,0.1,1.426690e-01
1850,0.0316228,0.1,1.428130e-01
1875,0.0316228,0.1,1.429720e-01
1900,0.0316228,0.1,1.431440e-01
1925,0.0316228,0.1,1.433320e-01
1950,0.0316228,0.1,1.435350e-01
1975,0.0316228,0.1,1.437550e-01
2000,0.0316228,0.1,1.439920e-01
2025,0.0316228,0.1,1.442470e-01
2050,0.0316228,0.1,1.445210e-01
2075,0.0316228,0.1,1.448140e-01
2100,0.0316228,0.1,1.451270e-01
2125,0.0316228,0.1,1.454600e-01
2150,0.0316228,0.1,1.458140e-01
2175,0.0316228,0.1,1.461890e-01
2200,0.0316228,0.1,1.465850e-01
2225,0.0316228,0.1,1.470020e-01
2250,0.0316228,0.1,1.474400e-01
2275,0.0316228,0.1,1.479000e-01
2300,0.0316228,0.1,1.483810e-01
2325,0.0316228,0.1,1.488820e-01
2350,0.0316228,0.1,1.494030e-01
2375,0.0316228,0.1,1.499430e-01
2400,0.0316228,0.1,1.505020e-01
2425,0.0316228,0.1,1.510790e-01
2450,0.0316228,0.1,1.516740e-01
2475,0.0316228,0.1,1.522850e-01
2500,0.0316228,0.1,1.529130e-01
2525,0.0316228,0.1,1.535570e-01
2550,0.0316228,0.1,1.542190e-01
2575,0.0316228,0.1,1.548990e-01
2600,0.0316228,0.1,1.556010e-01
2625,0.0316228,0.1,1.563300e-01
2650,0.0316228,0.1,1.570910e-01
2675,0.0316228,0.1,1.578930e-01
2700,0.0316228,0.1,1.587510e-01
2725,0.0316228,0.1,1.596830e-01
2750,0.0316228,0.1,1.607110e-01
2775,0.0316228,0.1,1.618670e-01
2800,0.0316228,0.1,1.631940e-01
2825,0.0316228,0.1,1.647440e-01
2850,0.0316228,0.1,1.665860e-01
2875,0.0316228,0.1,1.688080e-01
2900,0.0316228,0.1,1.715220e-01
2925,0.0316228,0.1,1.748690e-01
2950,0.0316228,0.1,1.790300e-01
2975,0.0316228,0.1,1.842310e-01
3000,0.0316228,0.1,1.907610e-01
3025,0.0316228,0.1,1.989830e-01
3050,0.0316228,0.1,2.093620e-01
3075,0.0316228,0.1,2.224920e-01
3100,0.0316228,0.1,2.391380e-01
3125,0.0316228,0.1,2.602940e-01
3150,0.0316228,0.1,2.872720e-01
3175,0.0316228,0.1,3.218250e-01
3200,0.0316228,0.1,3.663440e-01
3225,0.0316228,0.1,4.241690e-01
3250,0.0316228,0.1,5.001010e-01
3275,0.0316228,0.1,6.013070e-01
3300,0.0316228,0.1,7.389670e-01
3325,0.0316228,0.1,9.315580e-01
3350,0.0316228,0.1,1.211980e+00
3375,0.0316228,0.1,1.645010e+00
3400,0.0316228,0.1,2.378190e+00
3425,0.0316228,0.1,3.834400e+00
3450,0.0316228,0.1,7.896800e+00
3475,0.0316228,0.1,5.689040e+01
3500,0.0316228,0.1,2.000000e+02
3525,0.0316228,0.1,2.000000e+02
3550,0.0316228,0.1,2.000000e+02
3575,0.0316228,0.1,2.000000e+02
3600,0.0316228,0.1,2.000000e+02
3625,0.0316228,0.1,2.000000e+02
3650,0.0316228,0.1,2.000000e+02
3675,0.0316228,0.1,2.000000e+02
3700,0.0316228,0.1,2.000000e+02
3725,0.0316228,0.1,2.000000e+02
3750,0.0316228,0.1,2.000000e+02
3775,0.0316228,0.1,2.000000e+02
3800,0.0316228,0.1,2.000000e+02
3825,0.0316228,0.1,2.000000e+02
3850,0.0316228,0.1,2.000000e+02
3875,0.0316228,0.1,2.000000e+02
3900,0.0316228,0.1,2.000000e+02
3925,0.0316228,0.1,2.000000e+02
3950,0.0316228,0.1,2.000000e+02
3975,0.0316228,0.1,2.000000e+02
4000,0.0316228,0.1,2.000000e+02
4025,0.0316228,0.1,2.000000e+02
4050,0.0316228,0.1,2.000000e+02
4075,0.0316228,0.1,2.000000e+02
4100,0.0316228,0.1,2.000000e+02
4125,0.0316228,0.1,2.000000e+02
4150,0.0316228,0.1,2.000000e+02
4175,0.0316228,0.1,2.000000e+02
4200,0.0316228,0.1,2.000000e+02
4225,0.0316228,0.1,2.000000e+02
4250,0.0316228,0.1,2.000000e+02
4275,0.0316228,0.1,2.000000e+02
4300,0.0316228,0.1,2.000000e+02
4325,0.0316228,0.1,2.000000e+02
4350,0.0316228,0.1,2.000000e+02
4375,0.0316228,0.1,2.000000e+02
4400,0.0316228,0.1,2.000000e+02
4425,0.0316228,0.1,2.000000e+02
4450,0.0316228,0.1,2.000000e+02
4475,0.0316228,0.1,2.000000e+02
4500,0.0316228,0.1,2.000000e+02
4525,0.0316228,0.1,2.000000e+02
4550,0.0316228,0.1,2.000000e+02
4575,0.0316228,0.1,2.000000e+02
4600,0.0316228,0.1,2.000000e+02
4625,0.0316228,0.1,2.000000e+02
4650,0.0316228,0.1,2.000000e+02
4675,0.0316228,0.1,2.000000e+02
4700,0.0316228,0.1,2.000000e+02
4725,0.0316228,0.1,2.000000e+02
4750,0.0316228,0.1,2.000000e+02
4775,0.0316228,0.1,2.000000e+02
4800,0.0316228,0.1,2.000000e+02
4825,0.0316228,0.1,2.000000e+02
4850,0.0316228,0.1,2.000000e+02
4875,0.0316228,0.1,2.000000e+02
4900,0.0316228,0.1,2.000000e+02
4925,0.0316228,0.1,2.000000e+02
4950,0.0316228,0.1,2.000000e+02
4975,0.0316228,0.1,2.000000e+02
5000,0.0316228,0.1,2.000000e+02
300,0.0562341,0.1,1.293500e-02
325,0.0562341,0.1,1.336000e-02
350,0.0562341,0.1,1.389610e-02
375,0.0562341,0.1,1.453600e-02
400,0.0562341,0.1,1.527140e-02
425,0.0562341,0.1,1.609730e-02
450,0.0562341,0.1,1.701470e-02
475,0.0562341,0.1,1.803080e-02
500,0.0562341,0.1,1.915930e-02
525,0.0562341,0.1,2.041990e-02
550,0.0562341,0.1,2.184030e-02
575,0.0562341,0.1,2.346130e-02
600,0.0562341,0.1,2.534520e-02
625,0.0562341,0.1,2.758920e-02
650,0.0562341,0.1,3.034270e-02
675,0.0562341,0.1,3.382930e-02
700,0.0562341,0.1,3.836400e-02
725,0.0562341,0.1,4.434820e-02
750,0.0562341,0.1,5.221500e-02
775,0.0562341,0.1,6.228840e-02
800,0.0562341,0.1,7.454090e-02
825,0.0562341,0.1,8.830920e-02
850,0.0562341,0.1,1.022040e-01
875,0.0562341,0.1,1.145270e-01
900,0.0562341,0.1,1.240890e-01
925,0.0562341,0.1,1.307040e-01
950,0.0562341,0.1,1.349250e-01
975,0.0562341,0.1,1.375000e-01
1000,0.0562341,0.1,1.390440e-01
1025,0.0562341,0.1,1.399700e-01
1050,0.0562341,0.1,1.405310e-01
1075,0.0562341,0.1,1.408770e-01
1100,0.0562341,0.1,1.410940e-01
1125,0.0562341,0.1,1.412330e-01
1150,0.0562341,0.1,1.413250e-01
1175,0.0562341,0.1,1.413860e-01
1200,0.0562341,0.1,1.414290e-01
1225,0.0562341,0.1,1.414600e-01
1250,0.0562341,0.1,1.414840e-01
1275,0.0562341,0.1,1.415030e-01
1300,0.0562341,0.1,1.415200e-01
1325,0.0562341,0.1,1.415350e-01
1350,0.0562341,0.1,1.415510e-01
1375,0.0562341,0.1,1.415680e-01
1400,0.0562341,0.1,1.415860e-01
1425,0.0562341,0.1,1.416060e-01
1450,0.0562341,0.1,1.416290e-01
1475,0.0562341,0.1,1.416550e-01
1500,0.0562341,0.1,1.416850e-01
1525,0.0562341,0.1,1.417190e-01
1550,0.0562341,0.1,1.417570e-01
1575,0.0562341,0.1,1.418010e-01
1600,0.0562341,0.1,1.418510e-01
1625,0.0562341,0.1,1.419070e-01
1650,0.0562341,0.1,1.419710e-01
1675,0.0562341,0.1,1.420420e-01
1700,0.0562341,0.1,1.421210e-01
1725,0.0562341,0.1,1.422100e-01
1750,0.0562341,0.1,1.423080e-01
1775,0.0562341,0.1,1.424170e-01
1800,0.0562341,0.1,1.425370e-01
1825,0.0562341,0.1,1.426690e-01
1850,0.0562341,0.1,1.428140e-01
1875,0.0562341,0.1,1.429720e-01
1900,0.0562341,0.1,1.431450e-01
1925,0.0562341,0.1,1.433330e-01
1950,0.0562341,0.1,1.435370e-01
1975,0.0562341,0.1,1.437580e-01
2000,0.0562341,0.1,1.439960e-01
2025,0.0562341,0.1,1.442530e-01
2050,0.0562341,0.1,1.445280e-01
2075,0.0562341,0.1,1.448230e-01
2100,0.0562341,0.1,1.451390e-01
2125,0.0562341,0.1,1.454750e-01
2150,0.0562341,0.1,1.458320e-01
2175,0.0562341,0.1,1.462120e-01
2200,0.0562341,0.1,1.466130e-01
2225,0.0562341,0.1,1.470380e-01
2250,0.0562341,0.1,1.474840e-01
2275,0.0562341,0.1,1.479540e-01
2300,0.0562341,0.1,1.484460e-01
2325,0.0562341,0.1,1.489610e-01
2350,0.0562341,0.1,1.494970e-01
2375,0.0562341,0.1,1.500560e-01
2400,0.0562341,0.1,1.506360e-01
2425,0.0562341,0.1,1.512370e-01
2450,0.0562341,0.1,1.518580e-01
2475,0.0562341,0.1,1.524990e-01
2500,0.0562341,0.1,1.531580e-01
2525,0.0562341,0.1,1.538360e-01
2550,0.0562341,0.1,1.545330e-01
2575,0.0562341,0.1,1.552480e-01
2600,0.0562341,0.1,1.559830e-01
2625,0.0562341,0.1,1.567400e-01
2650,0.0562341,0.1,1.575200e-01
2675,0.0562341,0.1,1.583300e-01
2700,0.0562341,0.1,1.591750e-01
2725,0.0562341,0.1,1.600640e-01
2750,0.0562341,0.1,1.610110e-01
2775,0.0562341,0.1,1.620310e-01
2800,0.0562341,0.1,1.631480e-01
2825,0.0562341,0.1,1.643910e-01
2850,0.0562341,0.1,1.657980e-01
2875,0.0562341,0.1,1.674180e-01
2900,0.0562341,0.1,1.693130e-01
2925,0.0562341,0.1,1.715620e-01
2950,0.0562341,0.1,1.742650e-01
2975,0.0562341,0.1,1.775480e-01
3000,0.0562341,0.1,1.815670e-01
3025,0.0562341,0.1,1.865220e-01
3050,0.0562341,0.1,1.926610e-01
3075,0.0562341,0.1,2.002950e-01
3100,0.0562341,0.1,2.098180e-01
3125,0.0562341,0.1,2.217280e-01
3150,0.0562341,0.1,2.366590e-01
3175,0.0562341,0.1,2.554250e-01
3200,0.0562341,0.1,2.790810e-01
3225,0.0562341,0.1,3.090140e-01
3250,0.0562341,0.1,3.470770e-01
3275,0.0562341,0.1,3.957950e-01
3300,0.0562341,0.1,4.586950e-01
3325,0.0562341,0.1,5.408510e-01
3350,0.0562341,0.1,6.498400e-01
3375,0.0562341,0.1,7.974960e-01
3400,0.0562341,0.1,1.003410e+00
3425,0.0562341,0.1,1.302500e+00
3450,0.0562341,0.1,1.763710e+00
3475,0.0562341,0.1,2.544410e+00
3500,0.0562341,0.1,4.097690e+00
3525,0.0562341,0.1,8.458610e+00
3550,0.0562341,0.1,6.417740e+01
3575,0.0562341,0.1,2.000000e+02
3600,0.0562341,0.1,2.000000e+02
3625,0.0562341,0.1,2.000000e+02
3650,0.0562341,0.1,2.000000e+02
3675,0.0562341,0.1,2.000000e+02
3700,0.0562341,0.1,2.000000e+02
3725,0.0562341,0.1,2.000000e+02
3750,0.0562341,0.1,2.000000e+02
3775,0.0562341,0.1,2.000000e+02
3800,0.0562341,0.1,2.000000e+02
3825,0.0562341,0.1,2.000000e+02
3850,0.0562341,0.1,2.000000e+02
3875,0.0562341,0.1,2.000000e+02
3900,0.0562341,0.1,2.000000e+02
3925,0.0562341,0.1,2.000000e+02
3950,0.0562341,0.1,2.000000e+02
3975,0.0562341,0.1,2.000000e+02
4000,0.0562341,0.1,2.000000e+02
4025,0.0562341,0.1,2.000000e+02
4050,0.0562341,0.1,2.000000e+02
4075,0.0562341,0.1,2.000000e+02
4100,0.0562341,0.1,2.000000e+02
4125,0.0562341,0.1,2.000000e+02
4150,0.0562341,0.1,2.000000e+02
4175,0.0562341,0.1,2.000000e+02
4200,0.0562341,0.1,2.000000e+02
4225,0.0562341,0.1,2.000000e+02
4250,0.0562341,0.1,2.000000e+02
4275,0.0562341,0.1,2.000000e+02
4300,0.0562341,0.1,2.000000e+02
4325,0.0562341,0.1,2.000000e+02
4350,0.0562341,0.1,2.000000e+02
4375,0.0562341,0.1,2.000000e+02
4400,0.0562341,0.1,2.000000e+02
4425,0.0562341,0.1,2.000000e+02
4450,0.0562341,0.1,2.000000e+02
4475,0.0562341,0.1,2.000000e+02
4500,0.0562341,0.1,2.000000e+02
4525,0.0562341,0.1,2.000000e+02
4550,0.0562341,0.1,2.000000e+02
4575,0.0562341,0.1,2.000000e+02
4600,0.0562341,0.1,2.000000e+02
4625,0.0562341,0.1,2.000000e+02
4650,0.0562341,0.1,2.000000e+02
4675,0.0562341,0.1,2.000000e+02
4700,0.0562341,0.1,2.000000e+02
4725,0.0562341,0.1,2.000000e+02
4750,0.0562341,0.1,2.000000e+02
4775,0.0562341,0.1,2.000000e+02
4800,0.0562341,0.1,2.000000e+02
4825,0.0562341,0.1,2.000000e+02
4850,0.0562341,0.1,2.000000e+02
4875,0.0562341,0.1,2.000000e+02
4900,0.0562341,0.1,2.000000e+02
4925,0.0562341,0.1,2.000000e+02
4950,0.0562341,0.1,2.000000e+02
4975,0.0562341,0.1,2.000000e+02
5000,0.0562341,0.1,2.000000e+02
300,0.1,0.1,1.293470e-02
325,0.1,0.1,1.335900e-02
350,0.1,0.1,1.389290e-02
375,0.1,0.1,1.452740e-02
400,0.1,0.1,1.525160e-02
425,0.1,0.1,1.605630e-02
450,0.1,0.1,1.693740e-02
475,0.1,0.1,1.789650e-02
500,0.1,0.1,1.894110e-02
525,0.1,0.1,2.008510e-02
550,0.1,0.1,2.134990e-02
575,0.1,0.1,2.276900e-02
600,0.1,0.1,2.439420e-02
625,0.1,0.1,2.630600e-02
650,0.1,0.1,2.862580e-02
675,0.1,0.1,3.153100e-02
700,0.1,0.1,3.526890e-02
725,0.1,0.1,4.016120e-02
750,0.1,0.1,4.658200e-02
775,0.1,0.1,5.488680e-02
800,0.1,0.1,6.526660e-02
825,0.1,0.1,7.753150e-02
850,0.1,0.1,9.090810e-02
875,0.1,0.1,1.040620e-01
900,0.1,0.1,1.155410e-01
925,0.1,0.1,1.244280e-01
950,0.1,0.1,1.306480e-01
975,0.1,0.1,1.347060e-01
1000,0.1,0.1,1.372500e-01
1025,0.1,0.1,1.388190e-01
1050,0.1,0.1,1.397870e-01
1075,0.1,0.1,1.403900e-01
1100,0.1,0.1,1.407700e-01
1125,0.1,0.1,1.410140e-01
1150,0.1,0.1,1.411740e-01
1175,0.1,0.1,1.412810e-01
1200,0.1,0.1,1.413550e-01
1225,0.1,0.1,1.414070e-01
1250,0.1,0.1,1.414450e-01
1275,0.1,0.1,1.414740e-01
1300,0.1,0.1,1.414980e-01
1325,0.1,0.1,1.415190e-01
1350,0.1,0.1,1.415390e-01
1375,0.1,0.1,1.415580e-01
1400,0.1,0.1,1.415790e-01
1425,0.1,0.1,1.416000e-01
1450,0.1,0.1,1.416240e-01
1475,0.1,0.1,1.416510e-01
1500,0.1,0.1,1.416820e-01
1525,0.1,0.1,1.417160e-01
1550,0.1,0.1,1.417550e-01
1575,0.1,0.1,1.418000e-01
1600,0.1,0.1,1.418500e-01
1625,0.1,0.1,1.419060e-01
1650,0.1,0.1,1.419700e-01
1675,0.1,0.1,1.420410e-01
1700,0.1,0.1,1.421210e-01
1725,0.1,0.1,1.422090e-01
1750,0.1,0.1,1.423080e-01
1775,0.1,0.1,1.424170e-01
1800,0.1,0.1,1.425370e-01
1825,0.1,0.1,1.426690e-01
1850,0.1,0.1,1.428140e-01
1875,0.1,0.1,1.429730e-01
1900,0.1,0.1,1.431460e-01
1925,0.1,0.1,1.433350e-01
1950,0.1,0.1,1.435390e-01
1975,0.1,0.1,1.437600e-01
2000,0.1,0.1,1.439990e-01
2025,0.1,0.1,1.442570e-01
2050,0.1,0.1,1.445330e-01
2075,0.1,0.1,1.448300e-01
2100,0.1,0.1,1.451470e-01
2125,0.1,0.1,1.454860e-01
2150,0.1,0.1,1.458460e-01
2175,0.1,0.1,1.462290e-01
2200,0.1,0.1,1.466350e-01
2225,0.1,0.1,1.470650e-01
2250,0.1,0.1,1.475180e-01
2275,0.1,0.1,1.479950e-01
2300,0.1,0.1,1.484960e-01
2325,0.1,0.1,1.490210e-01
2350,0.1,0.1,1.495700e-01
2375,0.1,0.1,1.501430e-01
2400,0.1,0.1,1.507390e-01
2425,0.1,0.1,1.513590e-01
2450,0.1,0.1,1.520010e-01
2475,0.1,0.1,1.526660e-01
2500,0.1,0.1,1.533520e-01
2525,0.1,0.1,1.540590e-01
2550,0.1,0.1,1.547870e-01
2575,0.1,0.1,1.555350e-01
2600,0.1,0.1,1.563030e-01
2625,0.1,0.1,1.570920e-01
2650,0.1,0.1,1.579030e-01
2675,0.1,0.1,1.587370e-01
2700,0.1,0.1,1.595980e-01
2725,0.1,0.1,1.604900e-01
2750,0.1,0.1,1.614200e-01
2775,0.1,0.1,1.623950e-01
2800,0.1,0.1,1.634290e-01
2825,0.1,0.1,1.645360e-01
2850,0.1,0.1,1.657380e-01
2875,0.1,0.1,1.670600e-01
2900,0.1,0.1,1.685390e-01
2925,0.1,0.1,1.702170e-01
2950,0.1,0.1,1.721490e-01
2975,0.1,0.1,1.744070e-01
3000,0.1,0.1,1.770760e-01
3025,0.1,0.1,1.802670e-01
3050,0.1,0.1,1.841160e-01
3075,0.1,0.1,1.887910e-01
3100,0.1,0.1,1.945040e-01
3125,0.1,0.1,2.015170e-01
3150,0.1,0.1,2.101590e-01
3175,0.1,0.1,2.208400e-01
3200,0.1,0.1,2.340770e-01
3225,0.1,0.1,2.505250e-01
3250,0.1,0.1,2.710210e-01
3275,0.1,0.1,2.966460e-01
3300,0.1,0.1,3.288170e-01
3325,0.1,0.1,3.694200e-01
3350,0.1,0.1,4.210170e-01
3375,0.1,0.1,4.871740e-01
3400,0.1,0.1,5.730060e-01
3425,0.1,0.1,6.861150e-01
3450,0.1,0.1,8.383160e-01
3475,0.1,0.1,1.049030e+00
3500,0.1,0.1,1.352570e+00
3525,0.1,0.1,1.815800e+00
3550,0.1,0.1,2.588420e+00
3575,0.1,0.1,4.087390e+00
3600,0.1,0.1,8.055780e+00
3625,0.1,0.1,4.073200e+01
3650,0.1,0.1,2.000000e+02
3675,0.1,0.1,2.000000e+02
3700,0.1,0.1,2.000000e+02
3725,0.1,0.1,2.000000e+02
3750,0.1,0.1,2.000000e+02
3775,0.1,0.1,2.000000e+02
3800,0.1,0.1,2.000000e+02
3825,0.1,0.1,2.000000e+02
3850,0.1,0.1,2.000000e+02
3875,0.1,0.1,2.000000e+02
3900,0.1,0.1,2.000000e+02
3925,0.1,0.1,2.000000e+02
3950,0.1,0.1,2.000000e+02
3975,0.1,0.1,2.000000e+02
4000,0.1,0.1,2.000000e+02
4025,0.1,0.1,2.000000e+02
4050,0.1,0.1,2.000000e+02
4075,0.1,0.1,2.000000e+02
4100,0.1,0.1,2.000000e+02
4125,0.1,0.1,2.000000e+02
4150,0.1,0.1,2.000000e+02
4175,0.1,0.1,2.000000e+02
4200,0.1,0.1,2.000000e+02
4225,0.1,0.1,2.000000e+02
4250,0.1,0.1,2.000000e+02
4275,0.1,0.1,2.000000e+02
4300,0.1,0.1,2.000000e+02
4325,0.1,0.1,2.000000e+02
4350,0.1,0.1,2.000000e+02
4375,0.1,0.1,2.000000e+02
4400,0.1,0.1,2.000000e+02
4425,0.1,0.1,2.000000e+02
4450,0.1,0.1,2.000000e+02
4475,0.1,0.1,2.000000e+02
4500,0.1,0.1,2.000000e+02
4525,0.1,0.1,2.000000e+02
4550,0.1,0.1,2.000000e+02
4575,0.1,0.1,2.000000e+02
4600,0.1,0.1,2.000000e+02
4625,0.1,0.1,2.000000e+02
4650,0.1,0.1,2.000000e+02
4675,0.1,0.1,2.000000e+02
4700,0.1,0.1,2.000000e+02
4725,0.1,0.1,2.000000e+02
4750,0.1,0.1,2.000000e+02
4775,0.1,0.1,2.000000e+02
4800,0.1,0.1,2.000000e+02
4825,0.1,0.1,2.000000e+02
4850,0.1,0.1,2.000000e+02
4875,0.1,0.1,2.000000e+02
4900,0.1,0.1,2.000000e+02
4925,0.1,0.1,2.000000e+02
4950,0.1,0.1,2.000000e+02
4975,0.1,0.1,2.000000e+02
5000,0.1,0.1,2.000000e+02
300,0.177828,0.1,1.293450e-02
325,0.177828,0.1,1.335820e-02
350,0.177828,0.1,1.389050e-02
375,0.177828,0.1,1.452110e-02
400,0.177828,0.1,1.523670e-02
425,0.177828,0.1,1.602550e-02
450,0.177828,0.1,1.687920e-02
475,0.177828,0.1,1.779480e-02
500,0.177828,0.1,1.877510e-02
525,0.177828,0.1,1.982870e-02
550,0.177828,0.1,2.097130e-02
575,0.177828,0.1,2.222870e-02
600,0.177828,0.1,2.364240e-02
625,0.177828,0.1,2.527720e-02
650,0.177828,0.1,2.723090e-02
675,0.177828,0.1,2.964510e-02
700,0.177828,0.1,3.271600e-02
725,0.177828,0.1,3.670030e-02
750,0.177828,0.1,4.190920e-02
775,0.177828,0.1,4.867350e-02
800,0.177828,0.1,5.726500e-02
825,0.177828,0.1,6.775730e-02
850,0.177828,0.1,7.984730e-02
875,0.177828,0.1,9.272550e-02
900,0.177828,0.1,1.051680e-01
925,0.177828,0.1,1.159450e-01
950,0.177828,0.1,1.243340e-01
975,0.177828,0.1,1.303070e-01
1000,0.177828,0.1,1.342990e-01
1025,0.177828,0.1,1.368730e-01
1050,0.177828,0.1,1.385060e-01
1075,0.177828,0.1,1.395410e-01
1100,0.177828,0.1,1.402010e-01
1125,0.177828,0.1,1.406280e-01
1150,0.177828,0.1,1.409080e-01
1175,0.177828,0.1,1.410950e-01
1200,0.177828,0.1,1.412230e-01
1225,0.177828,0.1,1.413120e-01
1250,0.177828,0.1,1.413760e-01
1275,0.177828,0.1,1.414240e-01
1300,0.177828,0.1,1.414610e-01
1325,0.177828,0.1,1.414910e-01
1350,0.177828,0.1,1.415170e-01
1375,0.177828,0.1,1.415420e-01
1400,0.177828,0.1,1.415660e-01
1425,0.177828,0.1,1.415900e-01
1450,0.177828,0.1,1.416170e-01
1475,0.177828,0.1,1.416450e-01
1500,0.177828,0.1,1.416770e-01
1525,0.177828,0.1,1.417120e-01
1550,0.177828,0.1,1.417520e-01
1575,0.177828,0.1,1.417970e-01
1600,0.177828,0.1,1.418480e-01
1625,0.177828,0.1,1.419050e-01
1650,0.177828,0.1,1.419680e-01
1675,0.177828,0.1,1.420400e-01
1700,0.177828,0.1,1.421200e-01
1725,0.177828,0.1,1.422090e-01
1750,0.177828,0.1,1.423070e-01
1775,0.177828,0.1,1.424160e-01
1800,0.177828,0.1,1.425370e-01
1825,0.177828,0.1,1.426690e-01
1850,0.177828,0.1,1.428140e-01
1875,0.177828,0.1,1.429730e-01
1900,0.177828,0.1,1.431470e-01
1925,0.177828,0.1,1.433350e-01
1950,0.177828,0.1,1.435400e-01
1975,0.177828,0.1,1.437620e-01
2000,0.177828,0.1,1.440020e-01
2025,0.177828,0.1,1.442600e-01
2050,0.177828,0.1,1.445370e-01
2075,0.177828,0.1,1.448350e-01
2100,0.177828,0.1,1.451540e-01
2125,0.177828,0.1,1.454940e-01
2150,0.177828,0.1,1.458570e-01
2175,0.177828,0.1,1.462420e-01
2200,0.177828,0.1,1.466520e-01
2225,0.177828,0.1,1.470850e-01
2250,0.177828,0.1,1.475430e-01
2275,0.177828,0.1,1.480250e-01
2300,0.177828,0.1,1.485330e-01
2325,0.177828,0.1,1.490660e-01
2350,0.177828,0.1,1.496250e-01
2375,0.177828,0.1,1.502090e-01
2400,0.177828,0.1,1.508180e-01
2425,0.177828,0.1,1.514530e-01
2450,0.177828,0.1,1.521120e-01
2475,0.177828,0.1,1.527950e-01
2500,0.177828,0.1,1.535030e-01
2525,0.177828,0.1,1.542340e-01
2550,0.177828,0.1,1.549870e-01
2575,0.177828,0.1,1.557630e-01
2600,0.177828,0.1,1.565620e-01
2625,0.177828,0.1,1.573820e-01
2650,0.177828,0.1,1.582240e-01
2675,0.177828,0.1,1.590880e-01
2700,0.177828,0.1,1.599760e-01
2725,0.177828,0.1,1.608900e-01
2750,0.177828,0.1,1.618320e-01
2775,0.177828,0.1,1.628060e-01
2800,0.177828,0.1,1.638190e-01
2825,0.177828,0.1,1.648790e-01
2850,0.177828,0.1,1.659960e-01
2875,0.177828,0.1,1.671860e-01
2900,0.177828,0.1,1.684660e-01
2925,0.177828,0.1,1.698620e-01
2950,0.177828,0.1,1.714020e-01
2975,0.177828,0.1,1.731270e-01
3000,0.177828,0.1,1.750850e-01
3025,0.177828,0.1,1.773350e-01
3050,0.177828,0.1,1.799540e-01
3075,0.177828,0.1,1.830350e-01
3100,0.177828,0.1,1.866940e-01
3125,0.177828,0.1,1.910730e-01
3150,0.177828,0.1,1.963480e-01
3175,0.177828,0.1,2.027380e-01
3200,0.177828,0.1,2.105110e-01
3225,0.177828,0.1,2.200010e-01
3250,0.177828,0.1,2.316230e-01
3275,0.177828,0.1,2.458980e-01
3300,0.177828,0.1,2.634790e-01
3325,0.177828,0.1,2.852010e-01
3350,0.177828,0.1,3.121340e-01
3375,0.177828,0.1,3.456720e-01
3400,0.177828,0.1,3.876640e-01
3425,0.177828,0.1,4.406040e-01
3450,0.177828,0.1,5.079430e-01
3475,0.177828,0.1,5.945930e-01
3500,0.177828,0.1,7.077860e-01
3525,0.177828,0.1,8.586330e-01
3550,0.177828,0.1,1.065130e+00
3575,0.177828,0.1,1.358480e+00
3600,0.177828,0.1,1.797820e+00
3625,0.177828,0.1,2.510490e+00
3650,0.177828,0.1,3.828770e+00
3675,0.177828,0.1,6.970140e+00
3700,0.177828,0.1,2.242380e+01
3725,0.177828,0.1,2.000000e+02
3750,0.177828,0.1,2.000000e+02
3775,0.177828,0.1,2.000000e+02
3800,0.177828,0.1,2.000000e+02
3825,0.177828,0.1,2.000000e+02
3850,0.177828,0.1,2.000000e+02
3875,0.177828,0.1,2.000000e+02
3900,0.177828,0.1,2.000000e+02
3925,0.177828,0.1,2.000000e+02
3950,0.177828,0.1,2.000000e+02
3975,0.177828,0.1,2.000000e+02
4000,0.177828,0.1,2.000000e+02
4025,0.177828,0.1,2.000000e+02
4050,0.177828,0.1,2.000000e+02
4075,0.177828,0.1,2.000000e+02
4100,0.177828,0.1,2.000000e+02
4125,0.177828,0.1,2.000000e+02
4150,0.177828,0.1,2.000000e+02
4175,0.177828,0.1,2.000000e+02
4200,0.177828,0.1,2.000000e+02
4225,0.177828,0.1,2.000000e+02
4250,0.177828,0.1,2.000000e+02
4275,0.177828,0.1,2.000000e+02
4300,0.177828,0.1,2.000000e+02
4325,0.177828,0.1,2.000000e+02
4350,0.177828,0.1,2.000000e+02
4375,0.177828,0.1,2.000000e+02
4400,0.177828,0.1,2.000000e+02
4425,0.177828,0.1,2.000000e+02
4450,0.177828,0.1,2.000000e+02
4475,0.177828,0.1,2.000000e+02
4500,0.177828,0.1,2.000000e+02
4525,0.177828,0.1,2.000000e+02
4550,0.177828,0.1,2.000000e+02
4575,0.177828,0.1,2.000000e+02
4600,0.177828,0.1,2.000000e+02
4625,0.177828,0.1,2.000000e+02
4650,0.177828,0.1,2.000000e+02
4675,0.177828,0.1,2.000000e+02
4700,0.177828,0.1,2.000000e+02
4725,0.177828,0.1,2.000000e+02
4750,0.177828,0.1,2.000000e+02
4775,0.177828,0.1,2.000000e+02
4800,0.177828,0.1,2.000000e+02
4825,0.177828,0.1,2.000000e+02
4850,0.177828,0.1,2.000000e+02
4875,0.177828,0.1,2.000000e+02
4900,0.177828,0.1,2.000000e+02
4925,0.177828,0.1,2.000000e+02
4950,0.177828,0.1,2.000000e+02
4975,0.177828,0.1,2.000000e+02
5000,0.177828,0.1,2.000000e+02
300,0.316228,0.1,1.293440e-02
325,0.316228,0.1,1.335770e-02
350,0.316228,0.1,1.388870e-02
375,0.316228,0.1,1.451630e-02
400,0.316228,0.1,1.522560e-02
425,0.316228,0.1,1.600230e-02
450,0.316228,0.1,1.683530e-02
475,0.316228,0.1,1.771810e-02
500,0.316228,0.1,1.864940e-02
525,0.316228,0.1,1.963360e-02
550,0.316228,0.1,2.068110e-02
575,0.316228,0.1,2.181140e-02
600,0.316228,0.1,2.305650e-02
625,0.316228,0.1,2.446710e-02
650,0.316228,0.1,2.612040e-02
675,0.316228,0.1,2.812860e-02
700,0.316228,0.1,3.064740e-02
725,0.316228,0.1,3.388150e-02
750,0.316228,0.1,3.808470e-02
775,0.316228,0.1,4.354420e-02
800,0.316228,0.1,5.053970e-02
825,0.316228,0.1,5.926340e-02
850,0.316228,0.1,6.969690e-02
875,0.316228,0.1,8.147210e-02
900,0.316228,0.1,9.379910e-02
925,0.316228,0.1,1.055870e-01
950,0.316228,0.1,1.157980e-01
975,0.316228,0.1,1.238380e-01
1000,0.316228,0.1,1.296810e-01
1025,0.316228,0.1,1.336920e-01
1050,0.316228,0.1,1.363510e-01
1075,0.316228,0.1,1.380860e-01
1100,0.316228,0.1,1.392150e-01
1125,0.316228,0.1,1.399530e-01
1150,0.316228,0.1,1.404410e-01
1175,0.316228,0.1,1.407680e-01
1200,0.316228,0.1,1.409900e-01
1225,0.316228,0.1,1.411450e-01
1250,0.316228,0.1,1.412540e-01
1275,0.316228,0.1,1.413340e-01
1300,0.316228,0.1,1.413940e-01
1325,0.316228,0.1,1.414410e-01
1350,0.316228,0.1,1.414790e-01
1375,0.316228,0.1,1.415120e-01
1400,0.316228,0.1,1.415430e-01
1425,0.316228,0.1,1.415730e-01
1450,0.316228,0.1,1.416030e-01
1475,0.316228,0.1,1.416340e-01
1500,0.316228,0.1,1.416680e-01
1525,0.316228,0.1,1.417050e-01
1550,0.316228,0.1,1.417460e-01
1575,0.316228,0.1,1.417920e-01
1600,0.316228,0.1,1.418440e-01
1625,0.316228,0.1,1.419020e-01
1650,0.316228,0.1,1.419660e-01
1675,0.316228,0.1,1.420380e-01
1700,0.316228,0.1,1.421180e-01
1725,0.316228,0.1,1.422070e-01
1750,0.316228,0.1,1.423060e-01
1775,0.316228,0.1,1.424150e-01
1800,0.316228,0.1,1.425360e-01
1825,0.316228,0.1,1.426690e-01
1850,0.316228,0.1,1.428140e-01
1875,0.316228,0.1,1.429730e-01
1900,0.316228,0.1,1.431470e-01
1925,0.316228,0.1,1.433360e-01
1950,0.316228,0.1,1.435410e-01
1975,0.316228,0.1,1.437630e-01
2000,0.316228,0.1,1.440030e-01
2025,0.316228,0.1,1.442620e-01
2050,0.316228,0.1,1.445400e-01
2075,0.316228,0.1,1.448390e-01
2100,0.316228,0.1,1.451590e-01
2125,0.316228,0.1,1.455000e-01
2150,0.316228,0.1,1.458650e-01
2175,0.316228,0.1,1.462520e-01
2200,0.316228,0.1,1.466640e-01
2225,0.316228,0.1,1.471000e-01
2250,0.316228,0.1,1.475620e-01
2275,0.316228,0.1,1.480490e-01
2300,0.316228,0.1,1.485620e-01
2325,0.316228,0.1,1.491010e-01
2350,0.316228,0.1,1.496670e-01
2375,0.316228,0.1,1.502590e-01
2400,0.316228,0.1,1.508780e-01
2425,0.316228,0.1,1.515240e-01
2450,0.316228,0.1,1.521960e-01
2475,0.316228,0.1,1.528950e-01
2500,0.316228,0.1,1.536190e-01
2525,0.316228,0.1,1.543690e-01
2550,0.316228,0.1,1.551430e-01
2575,0.316228,0.1,1.559430e-01
2600,0.316228,0.1,1.567660e-01
2625,0.316228,0.1,1.576130e-01
2650,0.316228,0.1,1.584830e-01
2675,0.316228,0.1,1.593770e-01
2700,0.316228,0.1,1.602940e-01
2725,0.316228,0.1,1.612340e-01
2750,0.316228,0.1,1.622000e-01
2775,0.316228,0.1,1.631920e-01
2800,0.316228,0.1,1.642140e-01
2825,0.316228,0.1,1.652690e-01
2850,0.316228,0.1,1.663640e-01
2875,0.316228,0.1,1.675050e-01
2900,0.316228,0.1,1.687020e-01
2925,0.316228,0.1,1.699690e-01
2950,0.316228,0.1,1.713210e-01
2975,0.316228,0.1,1.727810e-01
3000,0.316228,0.1,1.743750e-01
3025,0.316228,0.1,1.761360e-01
3050,0.316228,0.1,1.781060e-01
3075,0.316228,0.1,1.803380e-01
3100,0.316228,0.1,1.828940e-01
3125,0.316228,0.1,1.858550e-01
3150,0.316228,0.1,1.893150e-01
3175,0.316228,0.1,1.933950e-01
3200,0.316228,0.1,1.982380e-01
3225,0.316228,0.1,2.040240e-01
3250,0.316228,0.1,2.109690e-01
3275,0.316228,0.1,2.193410e-01
3300,0.316228,0.1,2.294700e-01
3325,0.316228,0.1,2.417630e-01
3350,0.316228,0.1,2.567270e-01
3375,0.316228,0.1,2.749960e-01
3400,0.316228,0.1,2.973730e-01
3425,0.316228,0.1,3.248810e-01
3450,0.316228,0.1,3.588470e-01
3475,0.316228,0.1,4.010110e-01
3500,0.316228,0.1,4.537090e-01
3525,0.316228,0.1,5.201340e-01
3550,0.316228,0.1,6.047840e-01
3575,0.316228,0.1,7.141860e-01
3600,0.316228,0.1,8.582050e-01
3625,0.316228,0.1,1.052470e+00
3650,0.316228,0.1,1.323330e+00
3675,0.316228,0.1,1.718860e+00
3700,0.316228,0.1,2.337070e+00
3725,0.316228,0.1,3.412580e+00
3750,0.316228,0.1,5.677960e+00
3775,0.316228,0.1,1.310000e+01
3800,0.316228,0.1,2.000000e+02
3825,0.316228,0.1,2.000000e+02
3850,0.316228,0.1,2.000000e+02
3875,0.316228,0.1,2.000000e+02
3900,0.316228,0.1,2.000000e+02
3925,0.316228,0.1,2.000000e+02
3950,0.316228,0.1,2.000000e+02
3975,0.316228,0.1,2.000000e+02
4000,0.316228,0.1,2.000000e+02
4025,0.316228,0.1,2.000000e+02
4050,0.316228,0.1,2.000000e+02
4075,0.316228,0.1,2.000000e+02
4100,0.316228,0.1,2.000000e+02
4125,0.316228,0.1,2.000000e+02
4150,0.316228,0.1,2.000000e+02
4175,0.316228,0.1,2.000000e+02
4200,0.316228,0.1,2.000000e+02
4225,0.316228,0.1,2.000000e+02
4250,0.316228,0.1,2.000000e+02
4275,0.316228,0.1,2.000000e+02
4300,0.316228,0.1,2.000000e+02
4325,0.316228,0.1,2.000000e+02
4350,0.316228,0.1,2.000000e+02
4375,0.316228,0.1,2.000000e+02
4400,0.316228,0.1,2.000000e+02
4425,0.316228,0.1,2.000000e+02
4450,0.316228,0.1,2.000000e+02
4475,0.316228,0.1,2.000000e+02
4500,0.316228,0.1,2.000000e+02
4525,0.316228,0.1,2.000000e+02
4550,0.316228,0.1,2.000000e+02
4575,0.316228,0.1,2.000000e+02
4600,0.316228,0.1,2.000000e+02
4625,0.316228,0.1,2.000000e+02
4650,0.316228,0.1,2.000000e+02
4675,0.316228,0.1,2.000000e+02
4700,0.316228,0.1,2.000000e+02
4725,0.316228,0.1,2.000000e+02
4750,0.316228,0.1,2.000000e+02
4775,0.316228,0.1,2.000000e+02
4800,0.316228,0.1,2.000000e+02
4825,0.316228,0.1,2.000000e+02
4850,0.316228,0.1,2.000000e+02
4875,0.316228,0.1,2.000000e+02
4900,0.316228,0.1,2.000000e+02
4925,0.316228,0.1,2.000000e+02
4950,0.316228,0.1,2.000000e+02
4975,0.316228,0.1,2.000000e+02
5000,0.316228,0.1,2.000000e+02
300,0.562341,0.1,1.293420e-02
325,0.562341,0.1,1.335720e-02
350,0.562341,0.1,1.388740e-02
375,0.562341,0.1,1.451270e-02
400,0.562341,0.1,1.521720e-02
425,0.562341,0.1,1.598490e-02
450,0.562341,0.1,1.680240e-02
475,0.562341,0.1,1.766030e-02
500,0.562341,0.1,1.855440e-02
525,0.562341,0.1,1.948550e-02
550,0.562341,0.1,2.046000e-02
575,0.562341,0.1,2.149170e-02
600,0.562341,0.1,2.260470e-02
625,0.562341,0.1,2.383790e-02
650,0.562341,0.1,2.525100e-02
675,0.562341,0.1,2.693150e-02
700,0.562341,0.1,2.900180e-02
725,0.562341,0.1,3.162410e-02
750,0.562341,0.1,3.500290e-02
775,0.562341,0.1,3.937840e-02
800,0.562341,0.1,4.500610e-02
825,0.562341,0.1,5.211330e-02
850,0.562341,0.1,6.082380e-02
875,0.562341,0.1,7.105590e-02
900,0.562341,0.1,8.241790e-02
925,0.562341,0.1,9.417580e-02
950,0.562341,0.1,1.053760e-01
975,0.562341,0.1,1.151380e-01
1000,0.562341,0.1,1.229460e-01
1025,0.562341,0.1,1.287570e-01
1050,0.562341,0.1,1.328580e-01
1075,0.562341,0.1,1.356560e-01
1100,0.562341,0.1,1.375330e-01
1125,0.562341,0.1,1.387870e-01
1150,0.562341,0.1,1.396260e-01
1175,0.562341,0.1,1.401930e-01
1200,0.562341,0.1,1.405800e-01
1225,0.562341,0.1,1.408490e-01
1250,0.562341,0.1,1.410380e-01
1275,0.562341,0.1,1.411750e-01
1300,0.562341,0.1,1.412750e-01
1325,0.562341,0.1,1.413510e-01
1350,0.562341,0.1,1.414110e-01
1375,0.562341,0.1,1.414600e-01
1400,0.562341,0.1,1.415030e-01
1425,0.562341,0.1,1.415410e-01
1450,0.562341,0.1,1.415780e-01
1475,0.562341,0.1,1.416140e-01
1500,0.562341,0.1,1.416520e-01
1525,0.562341,0.1,1.416930e-01
1550,0.562341,0.1,1.417360e-01
1575,0.562341,0.1,1.417840e-01
1600,0.562341,0.1,1.418370e-01
1625,0.562341,0.1,1.418960e-01
1650,0.562341,0.1,1.419610e-01
1675,0.562341,0.1,1.420340e-01
1700,0.562341,0.1,1.421150e-01
1725,0.562341,0.1,1.422050e-01
1750,0.562341,0.1,1.423040e-01
1775,0.562341,0.1,1.424140e-01
1800,0.562341,0.1,1.425350e-01
1825,0.562341,0.1,1.426680e-01
1850,0.562341,0.1,1.428130e-01
1875,0.562341,0.1,1.429730e-01
1900,0.562341,0.1,1.431460e-01
1925,0.562341,0.1,1.433360e-01
1950,0.562341,0.1,1.435410e-01
1975,0.562341,0.1,1.437640e-01
2000,0.562341,0.1,1.440040e-01
2025,0.562341,0.1,1.442630e-01
2050,0.562341,0.1,1.445420e-01
2075,0.562341,0.1,1.448410e-01
2100,0.562341,0.1,1.451620e-01
2125,0.562341,0.1,1.455050e-01
2150,0.562341,0.1,1.458700e-01
2175,0.562341,0.1,1.462600e-01
2200,0.562341,0.1,1.466730e-01
2225,0.562341,0.1,1.471120e-01
2250,0.562341,0.1,1.475760e-01
2275,0.562341,0.1,1.480660e-01
2300,0.562341,0.1,1.485830e-01
2325,0.562341,0.1,1.491270e-01
2350,0.562341,0.1,1.496980e-01
2375,0.562341,0.1,1.502970e-01
2400,0.562341,0.1,1.509240e-01
2425,0.562341,0.1,1.515780e-01
2450,0.562341,0.1,1.522600e-01
2475,0.562341,0.1,1.529700e-01
2500,0.562341,0.1,1.537080e-01
2525,0.562341,0.1,1.544720e-01
2550,0.562341,0.1,1.552640e-01
2575,0.562341,0.1,1.560820e-01
2600,0.562341,0.1,1.569250e-01
2625,0.562341,0.1,1.577950e-01
2650,0.562341,0.1,1.586890e-01
2675,0.562341,0.1,1.596080e-01
2700,0.562341,0.1,1.605510e-01
2725,0.562341,0.1,1.615180e-01
2750,0.562341,0.1,1.625090e-01
2775,0.562341,0.1,1.635250e-01
2800,0.562341,0.1,1.645670e-01
2825,0.562341,0.1,1.656370e-01
2850,0.562341,0.1,1.667370e-01
2875,0.562341,0.1,1.678700e-01
2900,0.562341,0.1,1.690420e-01
2925,0.562341,0.1,1.702600e-01
2950,0.562341,0.1,1.715320e-01
2975,0.562341,0.1,1.728690e-01
3000,0.562341,0.1,1.742870e-01
3025,0.562341,0.1,1.758030e-01
3050,0.562341,0.1,1.774410e-01
3075,0.562341,0.1,1.792290e-01
3100,0.562341,0.1,1.812020e-01
3125,0.562341,0.1,1.834050e-01
3150,0.562341,0.1,1.858910e-01
3175,0.562341,0.1,1.887250e-01
3200,0.562341,0.1,1.919880e-01
3225,0.562341,0.1,1.957750e-01
3250,0.562341,0.1,2.002060e-01
3275,0.562341,0.1,2.054230e-01
3300,0.562341,0.1,2.116010e-01
3325,0.562341,0.1,2.189510e-01
3350,0.562341,0.1,2.277320e-01
3375,0.562341,0.1,2.382590e-01
3400,0.562341,0.1,2.509220e-01
3425,0.562341,0.1,2.661990e-01
3450,0.562341,0.1,2.846860e-01
3475,0.562341,0.1,3.071310e-01
3500,0.562341,0.1,3.344830e-01
3525,0.562341,0.1,3.679570e-01
3550,0.562341,0.1,4.091370e-01
3575,0.562341,0.1,4.601190e-01
3600,0.562341,0.1,5.237430e-01
3625,0.562341,0.1,6.039400e-01
3650,0.562341,0.1,7.063220e-01
3675,0.562341,0.1,8.391840e-01
3700,0.562341,0.1,1.015330e+00
3725,0.562341,0.1,1.255580e+00
3750,0.562341,0.1,1.596290e+00
3775,0.562341,0.1,2.106940e+00
3800,0.562341,0.1,2.938740e+00
3825,0.562341,0.1,4.493350e+00
3850,0.562341,0.1,8.292070e+00
3875,0.562341,0.1,2.903650e+01
3900,0.562341,0.1,2.000000e+02
3925,0.562341,0.1,2.000000e+02
3950,0.562341,0.1,2.000000e+02
3975,0.562341,0.1,2.000000e+02
4000,0.562341,0.1,2.000000e+02
4025,0.562341,0.1,2.000000e+02
4050,0.562341,0.1,2.000000e+02
4075,0.562341,0.1,2.000000e+02
4100,0.562341,0.1,2.000000e+02
4125,0.562341,0.1,2.000000e+02
4150,0.562341,0.1,2.000000e+02
4175,0.562341,0.1,2.000000e+02
4200,0.562341,0.1,2.000000e+02
4225,0.562341,0.1,2.000000e+02
4250,0.562341,0.1,2.000000e+02
4275,0.562341,0.1,2.000000e+02
4300,0.562341,0.1,2.000000e+02
4325,0.562341,0.1,2.000000e+02
4350,0.562341,0.1,2.000000e+02
4375,0.562341,0.1,2.000000e+02
4400,0.562341,0.1,2.000000e+02
4425,0.562341,0.1,2.000000e+02
4450,0.562341,0.1,2.000000e+02
4475,0.562341,0.1,2.000000e+02
4500,0.562341,0.1,2.000000e+02
4525,0.562341,0.1,2.000000e+02
4550,0.562341,0.1,2.000000e+02
4575,0.562341,0.1,2.000000e+02
4600,0.562341,0.1,2.000000e+02
4625,0.562341,0.1,2.000000e+02
4650,0.562341,0.1,2.000000e+02
4675,0.562341,0.1,2.000000e+02
4700,0.562341,0.1,2.000000e+02
4725,0.562341,0.1,2.000000e+02
4750,0.562341,0.1,2.000000e+02
4775,0.562341,0.1,2.000000e+02
4800,0.562341,0.1,2.000000e+02
4825,0.562341,0.1,2.000000e+02
4850,0.562341,0.1,2.000000e+02
4875,0.562341,0.1,2.000000e+02
4900,0.562341,0.1,2.000000e+02
4925,0.562341,0.1,2.000000e+02
4950,0.562341,0.1,2.000000e+02
4975,0.562341,0.1,2.000000e+02
5000,0.562341,0.1,2.000000e+02
300,1,0.1,1.293420e-02
325,1,0.1,1.335690e-02
350,1,0.1,1.388630e-02
375,1,0.1,1.451000e-02
400,1,0.1,1.521100e-02
425,1,0.1,1.597190e-02
450,1,0.1,1.677760e-02
475,1,0.1,1.761680e-02
500,1,0.1,1.848280e-02
525,1,0.1,1.937350e-02
550,1,0.1,2.029230e-02
575,1,0.1,2.124830e-02
600,1,0.1,2.225920e-02
625,1,0.1,2.335420e-02
650,1,0.1,2.457910e-02
675,1,0.1,2.600090e-02
700,1,0.1,2.771440e-02
725,1,0.1,2.984680e-02
750,1,0.1,3.256060e-02
775,1,0.1,3.605160e-02
800,1,0.1,4.053980e-02
825,1,0.1,4.624540e-02
850,1,0.1,5.334710e-02
875,1,0.1,6.191610e-02
900,1,0.1,7.183330e-02
925,1,0.1,8.271560e-02
950,1,0.1,9.390500e-02
975,1,0.1,1.045800e-01
1000,1,0.1,1.139820e-01
1025,1,0.1,1.216520e-01
1050,1,0.1,1.275090e-01
1075,1,0.1,1.317630e-01
1100,1,0.1,1.347530e-01
1125,1,0.1,1.368150e-01
1150,1,0.1,1.382280e-01
1175,1,0.1,1.391970e-01
1200,1,0.1,1.398650e-01
1225,1,0.1,1.403300e-01
1250,1,0.1,1.406580e-01
1275,1,0.1,1.408940e-01
1300,1,0.1,1.410650e-01
1325,1,0.1,1.411930e-01
1350,1,0.1,1.412900e-01
1375,1,0.1,1.413670e-01
1400,1,0.1,1.414310e-01
1425,1,0.1,1.414850e-01
1450,1,0.1,1.415340e-01
1475,1,0.1,1.415790e-01
1500,1,0.1,1.416240e-01
1525,1,0.1,1.416700e-01
1550,1,0.1,1.417180e-01
1575,1,0.1,1.417690e-01
1600,1,0.1,1.418250e-01
1625,1,0.1,1.418860e-01
1650,1,0.1,1.419530e-01
1675,1,0.1,1.420270e-01
1700,1,0.1,1.421090e-01
1725,1,0.1,1.422000e-01
1750,1,0.1,1.423000e-01
1775,1,0.1,1.424110e-01
1800,1,0.1,1.425320e-01
1825,1,0.1,1.426650e-01
1850,1,0.1,1.428110e-01
1875,1,0.1,1.429710e-01
1900,1,0.1,1.431450e-01
1925,1,0.1,1.433350e-01
1950,1,0.1,1.435410e-01
1975,1,0.1,1.437630e-01
2000,1,0.1,1.440040e-01
2025,1,0.1,1.442640e-01
2050,1,0.1,1.445430e-01
2075,1,0.1,1.448430e-01
2100,1,0.1,1.451640e-01
2125,1,0.1,1.455080e-01
2150,1,0.1,1.458750e-01
2175,1,0.1,1.462650e-01
2200,1,0.1,1.466800e-01
2225,1,0.1,1.471200e-01
2250,1,0.1,1.475860e-01
2275,1,0.1,1.480790e-01
2300,1,0.1,1.485990e-01
2325,1,0.1,1.491460e-01
2350,1,0.1,1.497220e-01
2375,1,0.1,1.503260e-01
2400,1,0.1,1.509580e-01
2425,1,0.1,1.516190e-01
2450,1,0.1,1.523090e-01
2475,1,0.1,1.530280e-01
2500,1,0.1,1.537750e-01
2525,1,0.1,1.545510e-01
2550,1,0.1,1.553560e-01
2575,1,0.1,1.561880e-01
2600,1,0.1,1.570480e-01
2625,1,0.1,1.579350e-01
2650,1,0.1,1.588490e-01
2675,1,0.1,1.597890e-01
2700,1,0.1,1.607540e-01
2725,1,0.1,1.617440e-01
2750,1,0.1,1.627600e-01
2775,1,0.1,1.638000e-01
2800,1,0.1,1.648650e-01
2825,1,0.1,1.659550e-01
2850,1,0.1,1.670710e-01
2875,1,0.1,1.682160e-01
2900,1,0.1,1.693900e-01
2925,1,0.1,1.705970e-01
2950,1,0.1,1.718420e-01
2975,1,0.1,1.731310e-01
3000,1,0.1,1.744710e-01
3025,1,0.1,1.758720e-01
3050,1,0.1,1.773470e-01
3075,1,0.1,1.789100e-01
3100,1,0.1,1.805830e-01
3125,1,0.1,1.823890e-01
3150,1,0.1,1.843570e-01
3175,1,0.1,1.865250e-01
3200,1,0.1,1.889350e-01
3225,1,0.1,1.916430e-01
3250,1,0.1,1.947130e-01
3275,1,0.1,1.982230e-01
3300,1,0.1,2.022680e-01
3325,1,0.1,2.069630e-01
3350,1,0.1,2.124440e-01
3375,1,0.1,2.188790e-01
3400,1,0.1,2.264670e-01
3425,1,0.1,2.354520e-01
3450,1,0.1,2.461270e-01
3475,1,0.1,2.588540e-01
3500,1,0.1,2.740710e-01
3525,1,0.1,2.923240e-01
3550,1,0.1,3.142890e-01
3575,1,0.1,3.408150e-01
3600,1,0.1,3.729820e-01
3625,1,0.1,4.121790e-01
3650,1,0.1,4.602240e-01
3675,1,0.1,5.195400e-01
3700,1,0.1,5.934280e-01
3725,1,0.1,6.865000e-01
3750,1,0.1,8.054090e-01
3775,1,0.1,9.601100e-01
3800,1,0.1,1.166200e+00
3825,1,0.1,1.449570e+00
3850,1,0.1,1.856520e+00
3875,1,0.1,2.478660e+00
3900,1,0.1,3.525790e+00
3925,1,0.1,5.603490e+00
3950,1,0.1,1.143920e+01
3975,1,0.1,8.548560e+01
4000,1,0.1,2.000000e+02
4025,1,0.1,2.000000e+02
4050,1,0.1,2.000000e+02
4075,1,0.1,2.000000e+02
4100,1,0.1,2.000000e+02
4125,1,0.1,2.000000e+02
4150,1,0.1,2.000000e+02
4175,1,0.1,2.000000e+02
4200,1,0.1,2.000000e+02
4225,1,0.1,2.000000e+02
4250,1,0.1,2.000000e+02
4275,1,0.1,2.000000e+02
4300,1,0.1,2.000000e+02
4325,1,0.1,2.000000e+02
4350,1,0.1,2.000000e+02
4375,1,0.1,2.000000e+02
4400,1,0.1,2.000000e+02
4425,1,0.1,2.000000e+02
4450,1,0.1,2.000000e+02
4475,1,0.1,2.000000e+02
4500,1,0.1,2.000000e+02
4525,1,0.1,2.000000e+02
4550,1,0.1,2.000000e+02
4575,1,0.1,2.000000e+02
4600,1,0.1,2.000000e+02
4625,1,0.1,2.000000e+02
4650,1,0.1,2.000000e+02
4675,1,0.1,2.000000e+02
4700,1,0.1,2.000000e+02
4725,1,0.1,2.000000e+02
4750,1,0.1,2.000000e+02
4775,1,0.1,2.000000e+02
4800,1,0.1,2.000000e+02
4825,1,0.1,2.000000e+02
4850,1,0.1,2.000000e+02
4875,1,0.1,2.000000e+02
4900,1,0.1,2.000000e+02
4925,1,0.1,2.000000e+02
4950,1,0.1,2.000000e+02
4975,1,0.1,2.000000e+02
5000,1,0.1,2.000000e+02
300,1.77828,0.1,1.293410e-02
325,1.77828,0.1,1.335670e-02
350,1.77828,0.1,1.388560e-02
375,1.77828,0.1,1.450800e-02
400,1.77828,0.1,1.520630e-02
425,1.77828,0.1,1.596210e-02
450,1.77828,0.1,1.675900e-02
475,1.77828,0.1,1.758410e-02
500,1.77828,0.1,1.842880e-02
525,1.77828,0.1,1.928900e-02
550,1.77828,0.1,2.016530e-02
575,1.77828,0.1,2.106350e-02
600,1.77828,0.1,2.199630e-02
625,1.77828,0.1,2.298520e-02
650,1.77828,0.1,2.406470e-02
675,1.77828,0.1,2.528580e-02
700,1.77828,0.1,2.672100e-02
725,1.77828,0.1,2.846850e-02
750,1.77828,0.1,3.065540e-02
775,1.77828,0.1,3.343840e-02
800,1.77828,0.1,3.699940e-02
825,1.77828,0.1,4.153380e-02
850,1.77828,0.1,4.722690e-02
875,1.77828,0.1,5.421610e-02
900,1.77828,0.1,6.253530e-02
925,1.77828,0.1,7.205050e-02
950,1.77828,0.1,8.240840e-02
975,1.77828,0.1,9.303600e-02
1000,1.77828,0.1,1.032320e-01
1025,1.77828,0.1,1.123410e-01
1050,1.77828,0.1,1.199380e-01
1075,1.77828,0.1,1.259000e-01
1100,1.77828,0.1,1.303630e-01
1125,1.77828,0.1,1.335940e-01
1150,1.77828,0.1,1.358870e-01
1175,1.77828,0.1,1.375000e-01
1200,1.77828,0.1,1.386310e-01
1225,1.77828,0.1,1.394280e-01
1250,1.77828,0.1,1.399940e-01
1275,1.77828,0.1,1.404000e-01
1300,1.77828,0.1,1.406950e-01
1325,1.77828,0.1,1.409130e-01
1350,1.77828,0.1,1.410770e-01
1375,1.77828,0.1,1.412030e-01
1400,1.77828,0.1,1.413030e-01
1425,1.77828,0.1,1.413850e-01
1450,1.77828,0.1,1.414550e-01
1475,1.77828,0.1,1.415170e-01
1500,1.77828,0.1,1.415750e-01
1525,1.77828,0.1,1.416300e-01
1550,1.77828,0.1,1.416860e-01
1575,1.77828,0.1,1.417430e-01
1600,1.77828,0.1,1.418040e-01
1625,1.77828,0.1,1.418690e-01
1650,1.77828,0.1,1.419390e-01
1675,1.77828,0.1,1.420160e-01
1700,1.77828,0.1,1.421000e-01
1725,1.77828,0.1,1.421920e-01
1750,1.77828,0.1,1.422930e-01
1775,1.77828,0.1,1.424050e-01
1800,1.77828,0.1,1.425270e-01
1825,1.77828,0.1,1.426610e-01
1850,1.77828,0.1,1.428080e-01
1875,1.77828,0.1,1.429680e-01
1900,1.77828,0.1,1.431430e-01
1925,1.77828,0.1,1.433330e-01
1950,1.77828,0.1,1.435390e-01
1975,1.77828,0.1,1.437630e-01
2000,1.77828,0.1,1.440040e-01
2025,1.77828,0.1,1.442640e-01
2050,1.77828,0.1,1.445430e-01
2075,1.77828,0.1,1.448440e-01
2100,1.77828,0.1,1.451660e-01
2125,1.77828,0.1,1.455100e-01
2150,1.77828,0.1,1.458770e-01
2175,1.77828,0.1,1.462690e-01
2200,1.77828,0.1,1.466850e-01
2225,1.77828,0.1,1.471260e-01
2250,1.77828,0.1,1.475940e-01
2275,1.77828,0.1,1.480890e-01
2300,1.77828,0.1,1.486110e-01
2325,1.77828,0.1,1.491610e-01
2350,1.77828,0.1,1.497400e-01
2375,1.77828,0.1,1.503470e-01
2400,1.77828,0.1,1.509840e-01
2425,1.77828,0.1,1.516500e-01
2450,1.77828,0.1,1.523450e-01
2475,1.77828,0.1,1.530710e-01
2500,1.77828,0.1,1.538260e-01
2525,1.77828,0.1,1.546110e-01
2550,1.77828,0.1,1.554260e-01
2575,1.77828,0.1,1.562690e-01
2600,1.77828,0.1,1.571420e-01
2625,1.77828,0.1,1.580430e-01
2650,1.77828,0.1,1.589720e-01
2675,1.77828,0.1,1.599290e-01
2700,1.77828,0.1,1.609120e-01
2725,1.77828,0.1,1.619220e-01
2750,1.77828,0.1,1.629580e-01
2775,1.77828,0.1,1.640190e-01
2800,1.77828,0.1,1.651060e-01
2825,1.77828,0.1,1.662170e-01
2850,1.77828,0.1,1.673530e-01
2875,1.77828,0.1,1.685150e-01
2900,1.77828,0.1,1.697020e-01
2925,1.77828,0.1,1.709170e-01
2950,1.77828,0.1,1.721610e-01
2975,1.77828,0.1,1.734370e-01
3000,1.77828,0.1,1.747500e-01
3025,1.77828,0.1,1.761030e-01
3050,1.77828,0.1,1.775030e-01
3075,1.77828,0.1,1.789600e-01
3100,1.77828,0.1,1.804830e-01
3125,1.77828,0.1,1.820860e-01
3150,1.77828,0.1,1.837850e-01
3175,1.77828,0.1,1.856000e-01
3200,1.77828,0.1,1.875560e-01
3225,1.77828,0.1,1.896820e-01
3250,1.77828,0.1,1.920160e-01
3275,1.77828,0.1,1.945990e-01
3300,1.77828,0.1,1.974850e-01
3325,1.77828,0.1,2.007360e-01
3350,1.77828,0.1,2.044280e-01
3375,1.77828,0.1,2.086510e-01
3400,1.77828,0.1,2.135120e-01
3425,1.77828,0.1,2.191410e-01
3450,1.77828,0.1,2.256910e-01
3475,1.77828,0.1,2.333470e-01
3500,1.77828,0.1,2.423330e-01
3525,1.77828,0.1,2.529160e-01
3550,1.77828,0.1,2.654190e-01
3575,1.77828,0.1,2.802390e-01
3600,1.77828,0.1,2.978560e-01
3625,1.77828,0.1,3.188660e-01
3650,1.77828,0.1,3.440090e-01
3675,1.77828,0.1,3.742130e-01
3700,1.77828,0.1,4.106610e-01
3725,1.77828,0.1,4.548740e-01
3750,1.77828,0.1,5.088510e-01
3775,1.77828,0.1,5.752620e-01
3800,1.77828,0.1,6.577540e-01
3825,1.77828,0.1,7.614520e-01
3850,1.77828,0.1,8.937790e-01
3875,1.77828,0.1,1.065910e+00
3900,1.77828,0.1,1.295490e+00
3925,1.77828,0.1,1.612080e+00
3950,1.77828,0.1,2.069150e+00
3975,1.77828,0.1,2.774360e+00
4000,1.77828,0.1,3.980350e+00
4025,1.77828,0.1,6.447870e+00
4050,1.77828,0.1,1.394330e+01
4075,1.77828,0.1,2.000000e+02
4100,1.77828,0.1,2.000000e+02
4125,1.77828,0.1,2.000000e+02
4150,1.77828,0.1,2.000000e+02
4175,1.77828,0.1,2.000000e+02
4200,1.77828,0.1,2.000000e+02
4225,1.77828,0.1,2.000000e+02
4250,1.77828,0.1,2.000000e+02
4275,1.77828,0.1,2.000000e+02
4300,1.77828,0.1,2.000000e+02
4325,1.77828,0.1,2.000000e+02
4350,1.77828,0.1,2.000000e+02
4375,1.77828,0.1,2.000000e+02
4400,1.77828,0.1,2.000000e+02
4425,1.77828,0.1,2.000000e+02
4450,1.77828,0.1,2.000000e+02
4475,1.77828,0.1,2.000000e+02
4500,1.77828,0.1,2.000000e+02
4525,1.77828,0.1,2.000000e+02
4550,1.77828,0.1,2.000000e+02
4575,1.77828,0.1,2.000000e+02
4600,1.77828,0.1,2.000000e+02
4625,1.77828,0.1,2.000000e+02
4650,1.77828,0.1,2.000000e+02
4675,1.77828,0.1,2.000000e+02
4700,1.77828,0.1,2.000000e+02
4725,1.77828,0.1,2.000000e+02
4750,1.77828,0.1,2.000000e+02
4775,1.77828,0.1,2.000000e+02
4800,1.77828,0.1,2.000000e+02
4825,1.77828,0.1,2.000000e+02
4850,1.77828,0.1,2.000000e+02
4875,1.77828,0.1,2.000000e+02
4900,1.77828,0.1,2.000000e+02
4925,1.77828,0.1,2.000000e+02
4950,1.77828,0.1,2.000000e+02
4975,1.77828,0.1,2.000000e+02
5000,1.77828,0.1,2.000000e+02
300,3.16228,0.1,1.293410e-02
325,3.16228,0.1,1.335650e-02
350,3.16228,0.1,1.388500e-02
375,3.16228,0.1,1.450640e-02
400,3.16228,0.1,1.520270e-02
425,3.16228,0.1,1.595470e-02
450,3.16228,0.1,1.674500e-02
475,3.16228,0.1,1.755950e-02
500,3.16228,0.1,1.838820e-02
525,3.16228,0.1,1.922540e-02
550,3.16228,0.1,2.006950e-02
575,3.16228,0.1,2.092390e-02
600,3.16228,0.1,2.179710e-02
625,3.16228,0.1,2.270520e-02
650,3.16228,0.1,2.367370e-02
675,3.16228,0.1,2.474110e-02
700,3.16228,0.1,2.596230e-02
725,3.16228,0.1,2.741230e-02
750,3.16228,0.1,2.918930e-02
775,3.16228,0.1,3.141610e-02
800,3.16228,0.1,3.423910e-02
825,3.16228,0.1,3.782230e-02
850,3.16228,0.1,4.233550e-02
875,3.16228,0.1,4.793200e-02
900,3.16228,0.1,5.471610e-02
925,3.16228,0.1,6.269810e-02
950,3.16228,0.1,7.174590e-02
975,3.16228,0.1,8.154830e-02
1000,3.16228,0.1,9.161860e-02
1025,3.16228,0.1,1.013650e-01
1050,3.16228,0.1,1.102190e-01
1075,3.16228,0.1,1.177810e-01
1100,3.16228,0.1,1.238880e-01
1125,3.16228,0.1,1.286030e-01
1150,3.16228,0.1,1.321240e-01
1175,3.16228,0.1,1.346960e-01
1200,3.16228,0.1,1.365520e-01
1225,3.16228,0.1,1.378870e-01
1250,3.16228,0.1,1.388470e-01
1275,3.16228,0.1,1.395410e-01
1300,3.16228,0.1,1.400480e-01
1325,3.16228,0.1,1.404220e-01
1350,3.16228,0.1,1.407010e-01
1375,3.16228,0.1,1.409130e-01
1400,3.16228,0.1,1.410780e-01
1425,3.16228,0.1,1.412090e-01
1450,3.16228,0.1,1.413160e-01
1475,3.16228,0.1,1.414070e-01
1500,3.16228,0.1,1.414870e-01
1525,3.16228,0.1,1.415590e-01
1550,3.16228,0.1,1.416290e-01
1575,3.16228,0.1,1.416970e-01
1600,3.16228,0.1,1.417660e-01
1625,3.16228,0.1,1.418380e-01
1650,3.16228,0.1,1.419130e-01
1675,3.16228,0.1,1.419940e-01
1700,3.16228,0.1,1.420820e-01
1725,3.16228,0.1,1.421770e-01
1750,3.16228,0.1,1.422810e-01
1775,3.16228,0.1,1.423950e-01
1800,3.16228,0.1,1.425190e-01
1825,3.16228,0.1,1.426540e-01
1850,3.16228,0.1,1.428020e-01
1875,3.16228,0.1,1.429630e-01
1900,3.16228,0.1,1.431390e-01
1925,3.16228,0.1,1.433300e-01
1950,3.16228,0.1,1.435360e-01
1975,3.16228,0.1,1.437600e-01
2000,3.16228,0.1,1.440020e-01
2025,3.16228,0.1,1.442620e-01
2050,3.16228,0.1,1.445430e-01
2075,3.16228,0.1,1.448440e-01
2100,3.16228,0.1,1.451660e-01
2125,3.16228,0.1,1.455110e-01
2150,3.16228,0.1,1.458790e-01
2175,3.16228,0.1,1.462710e-01
2200,3.16228,0.1,1.466880e-01
2225,3.16228,0.1,1.471310e-01
2250,3.16228,0.1,1.476000e-01
2275,3.16228,0.1,1.480960e-01
2300,3.16228,0.1,1.486200e-01
2325,3.16228,0.1,1.491720e-01
2350,3.16228,0.1,1.497530e-01
2375,3.16228,0.1,1.503630e-01
2400,3.16228,0.1,1.510030e-01
2425,3.16228,0.1,1.516730e-01
2450,3.16228,0.1,1.523730e-01
2475,3.16228,0.1,1.531040e-01
2500,3.16228,0.1,1.538650e-01
2525,3.16228,0.1,1.546560e-01
2550,3.16228,0.1,1.554780e-01
2575,3.16228,0.1,1.563310e-01
2600,3.16228,0.1,1.572130e-01
2625,3.16228,0.1,1.581250e-01
2650,3.16228,0.1,1.590660e-01
2675,3.16228,0.1,1.600360e-01
2700,3.16228,0.1,1.610340e-01
2725,3.16228,0.1,1.620600e-01
2750,3.16228,0.1,1.631130e-01
2775,3.16228,0.1,1.641920e-01
2800,3.16228,0.1,1.652970e-01
2825,3.16228,0.1,1.664270e-01
2850,3.16228,0.1,1.675820e-01
2875,3.16228,0.1,1.687610e-01
2900,3.16228,0.1,1.699650e-01
2925,3.16228,0.1,1.711940e-01
2950,3.16228,0.1,1.724480e-01
2975,3.16228,0.1,1.737290e-01
3000,3.16228,0.1,1.750370e-01
3025,3.16228,0.1,1.763760e-01
3050,3.16228,0.1,1.777480e-01
3075,3.16228,0.1,1.791590e-01
3100,3.16228,0.1,1.806120e-01
3125,3.16228,0.1,1.821160e-01
3150,3.16228,0.1,1.836790e-01
3175,3.16228,0.1,1.853120e-01
3200,3.16228,0.1,1.870290e-01
3225,3.16228,0.1,1.888450e-01
3250,3.16228,0.1,1.907820e-01
3275,3.16228,0.1,1.928640e-01
3300,3.16228,0.1,1.951180e-01
3325,3.16228,0.1,1.975820e-01
3350,3.16228,0.1,2.002950e-01
3375,3.16228,0.1,2.033090e-01
3400,3.16228,0.1,2.066810e-01
3425,3.16228,0.1,2.104830e-01
3450,3.16228,0.1,2.147990e-01
3475,3.16228,0.1,2.197260e-01
3500,3.16228,0.1,2.253840e-01
3525,3.16228,0.1,2.319120e-01
3550,3.16228,0.1,2.394770e-01
3575,3.16228,0.1,2.482770e-01
3600,3.16228,0.1,2.585510e-01
3625,3.16228,0.1,2.705830e-01
3650,3.16228,0.1,2.847190e-01
3675,3.16228,0.1,3.013750e-01
3700,3.16228,0.1,3.210600e-01
3725,3.16228,0.1,3.444020e-01
3750,3.16228,0.1,3.721780e-01
3775,3.16228,0.1,4.053650e-01
3800,3.16228,0.1,4.452010e-01
3825,3.16228,0.1,4.932850e-01
3850,3.16228,0.1,5.517090e-01
3875,3.16228,0.1,6.232670e-01
3900,3.16228,0.1,7.117780e-01
3925,3.16228,0.1,8.225980e-01
3950,3.16228,0.1,9.634780e-01
3975,3.16228,0.1,1.146070e+00
4000,3.16228,0.1,1.388750e+00
4025,3.16228,0.1,1.722180e+00
4050,3.16228,0.1,2.201720e+00
4075,3.16228,0.1,2.938180e+00
4100,3.16228,0.1,4.189620e+00
4125,3.16228,0.1,6.722380e+00
4150,3.16228,0.1,1.420790e+01
4175,3.16228,0.1,1.825680e+02
4200,3.16228,0.1,2.000000e+02
4225,3.16228,0.1,2.000000e+02
4250,3.16228,0.1,2.000000e+02
4275,3.16228,0.1,2.000000e+02
4300,3.16228,0.1,2.000000e+02
4325,3.16228,0.1,2.000000e+02
4350,3.16228,0.1,2.000000e+02
4375,3.16228,0.1,2.000000e+02
4400,3.16228,0.1,2.000000e+02
4425,3.16228,0.1,2.000000e+02
4450,3.16228,0.1,2.000000e+02
4475,3.16228,0.1,2.000000e+02
4500,3.16228,0.1,2.000000e+02
4525,3.16228,0.1,2.000000e+02
4550,3.16228,0.1,2.000000e+02
4575,3.16228,0.1,2.000000e+02
4600,3.16228,0.1,2.000000e+02
4625,3.16228,0.1,2.000000e+02
4650,3.16228,0.1,2.000000e+02
4675,3.16228,0.1,2.000000e+02
4700,3.16228,0.1,2.000000e+02
4725,3.16228,0.1,2.000000e+02
4750,3.16228,0.1,2.000000e+02
4775,3.16228,0.1,2.000000e+02
4800,3.16228,0.1,2.000000e+02
4825,3.16228,0.1,2.000000e+02
4850,3.16228,0.1,2.000000e+02
4875,3.16228,0.1,2.000000e+02
4900,3.16228,0.1,2.000000e+02
4925,3.16228,0.1,2.000000e+02
4950,3.16228,0.1,2.000000e+02
4975,3.16228,0.1,2.000000e+02
5000,3.16228,0.1,2.000000e+02
300,5.62341,0.1,1.293400e-02
325,5.62341,0.1,1.335640e-02
350,5.62341,0.1,1.388460e-02
375,5.62341,0.1,1.450530e-02
400,5.62341,0.1,1.520010e-02
425,5.62341,0.1,1.594920e-02
450,5.62341,0.1,1.673450e-02
475,5.62341,0.1,1.754100e-02
500,5.62341,0.1,1.835770e-02
525,5.62341,0.1,1.917750e-02
550,5.62341,0.1,1.999730e-02
575,5.62341,0.1,2.081850e-02
600,5.62341,0.1,2.164660e-02
625,5.62341,0.1,2.249330e-02
650,5.62341,0.1,2.337760e-02
675,5.62341,0.1,2.432840e-02
700,5.62341,0.1,2.538690e-02
725,5.62341,0.1,2.661010e-02
750,5.62341,0.1,2.807280e-02
775,5.62341,0.1,2.986990e-02
800,5.62341,0.1,3.211670e-02
825,5.62341,0.1,3.494610e-02
850,5.62341,0.1,3.850280e-02
875,5.62341,0.1,4.293150e-02
900,5.62341,0.1,4.835780e-02
925,5.62341,0.1,5.486060e-02
950,5.62341,0.1,6.243800e-02
975,5.62341,0.1,7.097030e-02
1000,5.62341,0.1,8.019420e-02
1025,5.62341,0.1,8.970610e-02
1050,5.62341,0.1,9.901210e-02
1075,5.62341,0.1,1.076230e-01
1100,5.62341,0.1,1.151600e-01
1125,5.62341,0.1,1.214310e-01
1150,5.62341,0.1,1.264270e-01
1175,5.62341,0.1,1.302770e-01
1200,5.62341,0.1,1.331750e-01
1225,5.62341,0.1,1.353250e-01
1250,5.62341,0.1,1.369080e-01
1275,5.62341,0.1,1.380720e-01
1300,5.62341,0.1,1.389310e-01
1325,5.62341,0.1,1.395670e-01
1350,5.62341,0.1,1.400440e-01
1375,5.62341,0.1,1.404050e-01
1400,5.62341,0.1,1.406820e-01
1425,5.62341,0.1,1.408980e-01
1450,5.62341,0.1,1.410710e-01
1475,5.62341,0.1,1.412120e-01
1500,5.62341,0.1,1.413310e-01
1525,5.62341,0.1,1.414340e-01
1550,5.62341,0.1,1.415270e-01
1575,5.62341,0.1,1.416140e-01
1600,5.62341,0.1,1.416990e-01
1625,5.62341,0.1,1.417820e-01
1650,5.62341,0.1,1.418680e-01
1675,5.62341,0.1,1.419570e-01
1700,5.62341,0.1,1.420510e-01
1725,5.62341,0.1,1.421510e-01
1750,5.62341,0.1,1.422590e-01
1775,5.62341,0.1,1.423760e-01
1800,5.62341,0.1,1.425030e-01
1825,5.62341,0.1,1.426410e-01
1850,5.62341,0.1,1.427910e-01
1875,5.62341,0.1,1.429540e-01
1900,5.62341,0.1,1.431310e-01
1925,5.62341,0.1,1.433230e-01
1950,5.62341,0.1,1.435310e-01
1975,5.62341,0.1,1.437560e-01
2000,5.62341,0.1,1.439980e-01
2025,5.62341,0.1,1.442590e-01
2050,5.62341,0.1,1.445400e-01
2075,5.62341,0.1,1.448420e-01
2100,5.62341,0.1,1.451650e-01
2125,5.62341,0.1,1.455100e-01
2150,5.62341,0.1,1.458790e-01
2175,5.62341,0.1,1.462720e-01
2200,5.62341,0.1,1.466900e-01
2225,5.62341,0.1,1.471330e-01
2250,5.62341,0.1,1.476030e-01
2275,5.62341,0.1,1.481000e-01
2300,5.62341,0.1,1.486260e-01
2325,5.62341,0.1,1.491790e-01
2350,5.62341,0.1,1.497620e-01
2375,5.62341,0.1,1.503740e-01
2400,5.62341,0.1,1.510170e-01
2425,5.62341,0.1,1.516900e-01
2450,5.62341,0.1,1.523930e-01
2475,5.62341,0.1,1.531280e-01
2500,5.62341,0.1,1.538930e-01
2525,5.62341,0.1,1.546900e-01
2550,5.62341,0.1,1.555180e-01
2575,5.62341,0.1,1.563770e-01
2600,5.62341,0.1,1.572670e-01
2625,5.62341,0.1,1.581870e-01
2650,5.62341,0.1,1.591380e-01
2675,5.62341,0.1,1.601180e-01
2700,5.62341,0.1,1.611270e-01
2725,5.62341,0.1,1.621650e-01
2750,5.62341,0.1,1.632320e-01
2775,5.62341,0.1,1.643250e-01
2800,5.62341,0.1,1.654450e-01
2825,5.62341,0.1,1.665910e-01
2850,5.62341,0.1,1.677620e-01
2875,5.62341,0.1,1.689580e-01
2900,5.62341,0.1,1.701780e-01
2925,5.62341,0.1,1.714220e-01
2950,5.62341,0.1,1.726900e-01
2975,5.62341,0.1,1.739810e-01
3000,5.62341,0.1,1.752970e-01
3025,5.62341,0.1,1.766370e-01
3050,5.62341,0.1,1.780030e-01
3075,5.62341,0.1,1.793980e-01
3100,5.62341,0.1,1.808230e-01
3125,5.62341,0.1,1.822820e-01
3150,5.62341,0.1,1.837800e-01
3175,5.62341,0.1,1.853220e-01
3200,5.62341,0.1,1.869160e-01
3225,5.62341,0.1,1.885700e-01
3250,5.62341,0.1,1.902970e-01
3275,5.62341,0.1,1.921080e-01
3300,5.62341,0.1,1.940200e-01
3325,5.62341,0.1,1.960530e-01
3350,5.62341,0.1,1.982300e-01
3375,5.62341,0.1,2.005780e-01
3400,5.62341,0.1,2.031310e-01
3425,5.62341,0.1,2.059280e-01
3450,5.62341,0.1,2.090140e-01
3475,5.62341,0.1,2.124450e-01
3500,5.62341,0.1,2.162850e-01
3525,5.62341,0.1,2.206090e-01
3550,5.62341,0.1,2.255070e-01
3575,5.62341,0.1,2.310840e-01
3600,5.62341,0.1,2.374650e-01
3625,5.62341,0.1,2.447970e-01
3650,5.62341,0.1,2.532520e-01
3675,5.62341,0.1,2.630390e-01
3700,5.62341,0.1,2.744010e-01
3725,5.62341,0.1,2.876330e-01
3750,5.62341,0.1,3.030880e-01
3775,5.62341,0.1,3.211910e-01
3800,5.62341,0.1,3.424620e-01
3825,5.62341,0.1,3.675350e-01
3850,5.62341,0.1,3.971970e-01
3875,5.62341,0.1,4.324320e-01
3900,5.62341,0.1,4.744850e-01
3925,5.62341,0.1,5.249540e-01
3950,5.62341,0.1,5.859270e-01
3975,5.62341,0.1,6.601760e-01
4000,5.62341,0.1,7.514720e-01
4025,5.62341,0.1,8.650690e-01
4050,5.62341,0.1,1.008520e+00
4075,5.62341,0.1,1.193070e+00
4100,5.62341,0.1,1.436260e+00
4125,5.62341,0.1,1.766950e+00
4150,5.62341,0.1,2.236220e+00
4175,5.62341,0.1,2.943640e+00
4200,5.62341,0.1,4.111940e+00
4225,5.62341,0.1,6.358960e+00
4250,5.62341,0.1,1.223480e+01
4275,5.62341,0.1,5.686450e+01
4300,5.62341,0.1,2.000000e+02
4325,5.62341,0.1,2.000000e+02
4350,5.62341,0.1,2.000000e+02
4375,5.62341,0.1,2.000000e+02
4400,5.62341,0.1,2.000000e+02
4425,5.62341,0.1,2.000000e+02
4450,5.62341,0.1,2.000000e+02
4475,5.62341,0.1,2.000000e+02
4500,5.62341,0.1,2.000000e+02
4525,5.62341,0.1,2.000000e+02
4550,5.62341,0.1,2.000000e+02
4575,5.62341,0.1,2.000000e+02
4600,5.62341,0.1,2.000000e+02
4625,5.62341,0.1,2.000000e+02
4650,5.62341,0.1,2.000000e+02
4675,5.62341,0.1,2.000000e+02
4700,5.62341,0.1,2.000000e+02
4725,5.62341,0.1,2.000000e+02
4750,5.62341,0.1,2.000000e+02
4775,5.62341,0.1,2.000000e+02
4800,5.62341,0.1,2.000000e+02
4825,5.62341,0.1,2.000000e+02
4850,5.62341,0.1,2.000000e+02
4875,5.62341,0.1,2.000000e+02
4900,5.62341,0.1,2.000000e+02
4925,5.62341,0.1,2.000000e+02
4950,5.62341,0.1,2.000000e+02
4975,5.62341,0.1,2.000000e+02
5000,5.62341,0.1,2.000000e+02
300,10,0.1,1.293400e-02
325,10,0.1,1.335620e-02
350,10,0.1,1.388430e-02
375,10,0.1,1.450450e-02
400,10,0.1,1.519810e-02
425,10,0.1,1.594510e-02
450,10,0.1,1.672660e-02
475,10,0.1,1.752720e-02
500,10,0.1,1.833480e-02
525,10,0.1,1.914140e-02
550,10,0.1,1.994300e-02
575,10,0.1,2.073910e-02
600,10,0.1,2.153320e-02
625,10,0.1,2.233350e-02
650,10,0.1,2.315430e-02
675,10,0.1,2.401700e-02
700,10,0.1,2.495270e-02
725,10,0.1,2.600440e-02
750,10,0.1,2.722870e-02
775,10,0.1,2.869840e-02
800,10,0.1,3.050240e-02
825,10,0.1,3.274590e-02
850,10,0.1,3.554710e-02
875,10,0.1,3.903120e-02
900,10,0.1,4.331980e-02
925,10,0.1,4.851490e-02
950,10,0.1,5.467760e-02
975,10,0.1,6.180110e-02
1000,10,0.1,6.978400e-02
1025,10,0.1,7.841160e-02
1050,10,0.1,8.735710e-02
1075,10,0.1,9.621510e-02
1100,10,0.1,1.045680e-01
1125,10,0.1,1.120660e-01
1150,10,0.1,1.184910e-01
1175,10,0.1,1.237770e-01
1200,10,0.1,1.279840e-01
1225,10,0.1,1.312490e-01
1250,10,0.1,1.337410e-01
1275,10,0.1,1.356240e-01
1300,10,0.1,1.370410e-01
1325,10,0.1,1.381060e-01
1350,10,0.1,1.389110e-01
1375,10,0.1,1.395220e-01
1400,10,0.1,1.399900e-01
1425,10,0.1,1.403530e-01
1450,10,0.1,1.406390e-01
1475,10,0.1,1.408680e-01
1500,10,0.1,1.410550e-01
1525,10,0.1,1.412120e-01
1550,10,0.1,1.413480e-01
1575,10,0.1,1.414680e-01
1600,10,0.1,1.415790e-01
1625,10,0.1,1.416840e-01
1650,10,0.1,1.417870e-01
1675,10,0.1,1.418900e-01
1700,10,0.1,1.419950e-01
1725,10,0.1,1.421050e-01
1750,10,0.1,1.422210e-01
1775,10,0.1,1.423440e-01
1800,10,0.1,1.424760e-01
1825,10,0.1,1.426180e-01
1850,10,0.1,1.427720e-01
1875,10,0.1,1.429380e-01
1900,10,0.1,1.431170e-01
1925,10,0.1,1.433110e-01
1950,10,0.1,1.435210e-01
1975,10,0.1,1.437470e-01
2000,10,0.1,1.439910e-01
2025,10,0.1,1.442530e-01
2050,10,0.1,1.445350e-01
2075,10,0.1,1.448380e-01
2100,10,0.1,1.451620e-01
2125,10,0.1,1.455080e-01
2150,10,0.1,1.458770e-01
2175,10,0.1,1.462710e-01
2200,10,0.1,1.466900e-01
2225,10,0.1,1.471340e-01
2250,10,0.1,1.476050e-01
2275,10,0.1,1.481030e-01
2300,10,0.1,1.486290e-01
2325,10,0.1,1.491840e-01
2350,10,0.1,1.497680e-01
2375,10,0.1,1.503830e-01
2400,10,0.1,1.510270e-01
2425,10,0.1,1.517020e-01
2450,10,0.1,1.524080e-01
2475,10,0.1,1.531460e-01
2500,10,0.1,1.539150e-01
2525,10,0.1,1.547150e-01
2550,10,0.1,1.555480e-01
2575,10,0.1,1.564120e-01
2600,10,0.1,1.573070e-01
2625,10,0.1,1.582340e-01
2650,10,0.1,1.591910e-01
2675,10,0.1,1.601800e-01
2700,10,0.1,1.611980e-01
2725,10,0.1,1.622450e-01
2750,10,0.1,1.633220e-01
2775,10,0.1,1.644270e-01
2800,10,0.1,1.655590e-01
2825,10,0.1,1.667180e-01
2850,10,0.1,1.679030e-01
2875,10,0.1,1.691130e-01
2900,10,0.1,1.703470e-01
2925,10,0.1,1.716050e-01
2950,10,0.1,1.728860e-01
2975,10,0.1,1.741900e-01
3000,10,0.1,1.755160e-01
3025,10,0.1,1.768640e-01
3050,10,0.1,1.782340e-01
3075,10,0.1,1.796270e-01
3100,10,0.1,1.810440e-01
3125,10,0.1,1.824860e-01
3150,10,0.1,1.839560e-01
3175,10,0.1,1.854560e-01
3200,10,0.1,1.869890e-01
3225,10,0.1,1.885610e-01
3250,10,0.1,1.901770e-01
3275,10,0.1,1.918440e-01
3300,10,0.1,1.935720e-01
3325,10,0.1,1.953700e-01
3350,10,0.1,1.972530e-01
3375,10,0.1,1.992350e-01
3400,10,0.1,2.013340e-01
3425,10,0.1,2.035730e-01
3450,10,0.1,2.059780e-01
3475,10,0.1,2.085780e-01
3500,10,0.1,2.114100e-01
3525,10,0.1,2.145150e-01
3550,10,0.1,2.179430e-01
3575,10,0.1,2.217510e-01
3600,10,0.1,2.260070e-01
3625,10,0.1,2.307890e-01
3650,10,0.1,2.361910e-01
3675,10,0.1,2.423190e-01
3700,10,0.1,2.493010e-01
3725,10,0.1,2.572860e-01
3750,10,0.1,2.664480e-01
3775,10,0.1,2.769970e-01
3800,10,0.1,2.891750e-01
3825,10,0.1,3.032770e-01
3850,10,0.1,3.196500e-01
3875,10,0.1,3.387150e-01
3900,10,0.1,3.609800e-01
3925,10,0.1,3.870670e-01
3950,10,0.1,4.177380e-01
3975,10,0.1,4.539450e-01
4000,10,0.1,4.968840e-01
4025,10,0.1,5.480820e-01
4050,10,0.1,6.095170e-01
4075,10,0.1,6.837980e-01
4100,10,0.1,7.744360e-01
4125,10,0.1,8.862740e-01
4150,10,0.1,1.026180e+00
4175,10,0.1,1.204210e+00
4200,10,0.1,1.435760e+00
4225,10,0.1,1.745520e+00
4250,10,0.1,2.175790e+00
4275,10,0.1,2.805410e+00
4300,10,0.1,3.799640e+00
4325,10,0.1,5.571210e+00
4350,10,0.1,9.507170e+00
4375,10,0.1,2.466310e+01
4400,10,0.1,2.000000e+02
4425,10,0.1,2.000000e+02
4450,10,0.1,2.000000e+02
4475,10,0.1,2.000000e+02
4500,10,0.1,2.000000e+02
4525,10,0.1,2.000000e+02
4550,10,0.1,2.000000e+02
4575,10,0.1,2.000000e+02
4600,10,0.1,2.000000e+02
4625,10,0.1,2.000000e+02
4650,10,0.1,2.000000e+02
4675,10,0.1,2.000000e+02
4700,10,0.1,2.000000e+02
4725,10,0.1,2.000000e+02
4750,10,0.1,2.000000e+02
4775,10,0.1,2.000000e+02
4800,10,0.1,2.000000e+02
4825,10,0.1,2.000000e+02
4850,10,0.1,2.000000e+02
4875,10,0.1,2.000000e+02
4900,10,0.1,2.000000e+02
4925,10,0.1,2.000000e+02
4950,10,0.1,2.000000e+02
4975,10,0.1,2.000000e+02
5000,10,0.1,2.000000e+02
300,17.7828,0.1,1.293400e-02
325,17.7828,0.1,1.335620e-02
350,17.7828,0.1,1.388400e-02
375,17.7828,0.1,1.450380e-02
400,17.7828,0.1,1.519660e-02
425,17.7828,0.1,1.594200e-02
450,17.7828,0.1,1.672070e-02
475,17.7828,0.1,1.751680e-02
500,17.7828,0.1,1.831750e-02
525,17.7828,0.1,1.911440e-02
550,17.7828,0.1,1.990220e-02
575,17.7828,0.1,2.067930e-02
600,17.7828,0.1,2.144770e-02
625,17.7828,0.1,2.221320e-02
650,17.7828,0.1,2.298600e-02
675,17.7828,0.1,2.378250e-02
700,17.7828,0.1,2.462600e-02
725,17.7828,0.1,2.554870e-02
750,17.7828,0.1,2.659370e-02
775,17.7828,0.1,2.781600e-02
800,17.7828,0.1,2.928390e-02
825,17.7828,0.1,3.107890e-02
850,17.7828,0.1,3.329490e-02
875,17.7828,0.1,3.603490e-02
900,17.7828,0.1,3.940550e-02
925,17.7828,0.1,4.350790e-02
950,17.7828,0.1,4.842500e-02
975,17.7828,0.1,5.420500e-02
1000,17.7828,0.1,6.084130e-02
1025,17.7828,0.1,6.825320e-02
1050,17.7828,0.1,7.627130e-02
1075,17.7828,0.1,8.463750e-02
1100,17.7828,0.1,9.302590e-02
1125,17.7828,0.1,1.010860e-01
1150,17.7828,0.1,1.085030e-01
1175,17.7828,0.1,1.150470e-01
1200,17.7828,0.1,1.206060e-01
1225,17.7828,0.1,1.251760e-01
1250,17.7828,0.1,1.288380e-01
1275,17.7828,0.1,1.317170e-01
1300,17.7828,0.1,1.339520e-01
1325,17.7828,0.1,1.356740e-01
1350,17.7828,0.1,1.369970e-01
1375,17.7828,0.1,1.380140e-01
1400,17.7828,0.1,1.387990e-01
1425,17.7828,0.1,1.394090e-01
1450,17.7828,0.1,1.398870e-01
1475,17.7828,0.1,1.402670e-01
1500,17.7828,0.1,1.405720e-01
1525,17.7828,0.1,1.408220e-01
1550,17.7828,0.1,1.410310e-01
1575,17.7828,0.1,1.412110e-01
1600,17.7828,0.1,1.413680e-01
1625,17.7828,0.1,1.415110e-01
1650,17.7828,0.1,1.416440e-01
1675,17.7828,0.1,1.417710e-01
1700,17.7828,0.1,1.418970e-01
1725,17.7828,0.1,1.420230e-01
1750,17.7828,0.1,1.421520e-01
1775,17.7828,0.1,1.422860e-01
1800,17.7828,0.1,1.424270e-01
1825,17.7828,0.1,1.425770e-01
1850,17.7828,0.1,1.427370e-01
1875,17.7828,0.1,1.429080e-01
1900,17.7828,0.1,1.430920e-01
1925,17.7828,0.1,1.432900e-01
1950,17.7828,0.1,1.435030e-01
1975,17.7828,0.1,1.437320e-01
2000,17.7828,0.1,1.439780e-01
2025,17.7828,0.1,1.442420e-01
2050,17.7828,0.1,1.445260e-01
2075,17.7828,0.1,1.448300e-01
2100,17.7828,0.1,1.451550e-01
2125,17.7828,0.1,1.455020e-01
2150,17.7828,0.1,1.458730e-01
2175,17.7828,0.1,1.462670e-01
2200,17.7828,0.1,1.466870e-01
2225,17.7828,0.1,1.471320e-01
2250,17.7828,0.1,1.476040e-01
2275,17.7828,0.1,1.481030e-01
2300,17.7828,0.1,1.486310e-01
2325,17.7828,0.1,1.491870e-01
2350,17.7828,0.1,1.497720e-01
2375,17.7828,0.1,1.503870e-01
2400,17.7828,0.1,1.510330e-01
2425,17.7828,0.1,1.517100e-01
2450,17.7828,0.1,1.524180e-01
2475,17.7828,0.1,1.531580e-01
2500,17.7828,0.1,1.539300e-01
2525,17.7828,0.1,1.547330e-01
2550,17.7828,0.1,1.555690e-01
2575,17.7828,0.1,1.564370e-01
2600,17.7828,0.1,1.573370e-01
2625,17.7828,0.1,1.582680e-01
2650,17.7828,0.1,1.592310e-01
2675,17.7828,0.1,1.602250e-01
2700,17.7828,0.1,1.612500e-01
2725,17.7828,0.1,1.623050e-01
2750,17.7828,0.1,1.633900e-01
2775,17.7828,0.1,1.645040e-01
2800,17.7828,0.1,1.656460e-01
2825,17.7828,0.1,1.668150e-01
2850,17.7828,0.1,1.680100e-01
2875,17.7828,0.1,1.692320e-01
2900,17.7828,0.1,1.704780e-01
2925,17.7828,0.1,1.717480e-01
2950,17.7828,0.1,1.730410e-01
2975,17.7828,0.1,1.743560e-01
3000,17.7828,0.1,1.756930e-01
3025,17.7828,0.1,1.770500e-01
3050,17.7828,0.1,1.784280e-01
3075,17.7828,0.1,1.798270e-01
3100,17.7828,0.1,1.812450e-01
3125,17.7828,0.1,1.826840e-01
3150,17.7828,0.1,1.841440e-01
3175,17.7828,0.1,1.856260e-01
3200,17.7828,0.1,1.871320e-01
3225,17.7828,0.1,1.886630e-01
3250,17.7828,0.1,1.902230e-01
3275,17.7828,0.1,1.918150e-01
3300,17.7828,0.1,1.934440e-01
3325,17.7828,0.1,1.951160e-01
3350,17.7828,0.1,1.968380e-01
3375,17.7828,0.1,1.986170e-01
3400,17.7828,0.1,2.004650e-01
3425,17.7828,0.1,2.023940e-01
3450,17.7828,0.1,2.044170e-01
3475,17.7828,0.1,2.065520e-01
3500,17.7828,0.1,2.088200e-01
3525,17.7828,0.1,2.112420e-01
3550,17.7828,0.1,2.138480e-01
3575,17.7828,0.1,2.166680e-01
3600,17.7828,0.1,2.197410e-01
3625,17.7828,0.1,2.231100e-01
3650,17.7828,0.1,2.268260e-01
3675,17.7828,0.1,2.309460e-01
3700,17.7828,0.1,2.355400e-01
3725,17.7828,0.1,2.406870e-01
3750,17.7828,0.1,2.464800e-01
3775,17.7828,0.1,2.530250e-01
3800,17.7828,0.1,2.604480e-01
3825,17.7828,0.1,2.688960e-01
3850,17.7828,0.1,2.785400e-01
3875,17.7828,0.1,2.895810e-01
3900,17.7828,0.1,3.022570e-01
3925,17.7828,0.1,3.168490e-01
3950,17.7828,0.1,3.336900e-01
3975,17.7828,0.1,3.531810e-01
4000,17.7828,0.1,3.758030e-01
4025,17.7828,0.1,4.021390e-01
4050,17.7828,0.1,4.329030e-01
4075,17.7828,0.1,4.689770e-01
4100,17.7828,0.1,5.114630e-01
4125,17.7828,0.1,5.617510e-01
4150,17.7828,0.1,6.216300e-01
4175,17.7828,0.1,6.934270e-01
4200,17.7828,0.1,7.802370e-01
4225,17.7828,0.1,8.862620e-01
4250,17.7828,0.1,1.017350e+00
4275,17.7828,0.1,1.181900e+00
4300,17.7828,0.1,1.392400e+00
4325,17.7828,0.1,1.668250e+00
4350,17.7828,0.1,2.041330e+00
4375,17.7828,0.1,2.567750e+00
4400,17.7828,0.1,3.356270e+00
4425,17.7828,0.1,4.647790e+00
4450,17.7828,0.1,7.099840e+00
4475,17.7828,0.1,1.333390e+01
4500,17.7828,0.1,5.401340e+01
4525,17.7828,0.1,2.000000e+02
4550,17.7828,0.1,2.000000e+02
4575,17.7828,0.1,2.000000e+02
4600,17.7828,0.1,2.000000e+02
4625,17.7828,0.1,2.000000e+02
4650,17.7828,0.1,2.000000e+02
4675,17.7828,0.1,2.000000e+02
4700,17.7828,0.1,2.000000e+02
4725,17.7828,0.1,2.000000e+02
4750,17.7828,0.1,2.000000e+02
4775,17.7828,0.1,2.000000e+02
4800,17.7828,0.1,2.000000e+02
4825,17.7828,0.1,2.000000e+02
4850,17.7828,0.1,2.000000e+02
4875,17.7828,0.1,2.000000e+02
4900,17.7828,0.1,2.000000e+02
4925,17.7828,0.1,2.000000e+02
4950,17.7828,0.1,2.000000e+02
4975,17.7828,0.1,2.000000e+02
5000,17.7828,0.1,2.000000e+02
300,31.6228,0.1,1.293400e-02
325,31.6228,0.1,1.335610e-02
350,31.6228,0.1,1.388390e-02
375,31.6228,0.1,1.450330e-02
400,31.6228,0.1,1.519550e-02
425,31.6228,0.1,1.593960e-02
450,31.6228,0.1,1.671630e-02
475,31.6228,0.1,1.750900e-02
500,31.6228,0.1,1.830460e-02
525,31.6228,0.1,1.909400e-02
550,31.6228,0.1,1.987150e-02
575,31.6228,0.1,2.063440e-02
600,31.6228,0.1,2.138350e-02
625,31.6228,0.1,2.212260e-02
650,31.6228,0.1,2.285950e-02
675,31.6228,0.1,2.360630e-02
700,31.6228,0.1,2.438050e-02
725,31.6228,0.1,2.520670e-02
750,31.6228,0.1,2.611730e-02
775,31.6228,0.1,2.715400e-02
800,31.6228,0.1,2.836860e-02
825,31.6228,0.1,2.982390e-02
850,31.6228,0.1,3.159300e-02
875,31.6228,0.1,3.375800e-02
900,31.6228,0.1,3.640740e-02
925,31.6228,0.1,3.963050e-02
950,31.6228,0.1,4.351110e-02
975,31.6228,0.1,4.811670e-02
1000,31.6228,0.1,5.348660e-02
1025,31.6228,0.1,5.961700e-02
1050,31.6228,0.1,6.644690e-02
1075,31.6228,0.1,7.384760e-02
1100,31.6228,0.1,8.162050e-02
1125,31.6228,0.1,8.950950e-02
1150,31.6228,0.1,9.722830e-02
1175,31.6228,0.1,1.045010e-01
1200,31.6228,0.1,1.111010e-01
1225,31.6228,0.1,1.168850e-01
1250,31.6228,0.1,1.217990e-01
1275,31.6228,0.1,1.258660e-01
1300,31.6228,0.1,1.291620e-01
1325,31.6228,0.1,1.317950e-01
1350,31.6228,0.1,1.338760e-01
1375,31.6228,0.1,1.355120e-01
1400,31.6228,0.1,1.367950e-01
1425,31.6228,0.1,1.378030e-01
1450,31.6228,0.1,1.385980e-01
1475,31.6228,0.1,1.392280e-01
1500,31.6228,0.1,1.397330e-01
1525,31.6228,0.1,1.401420e-01
1550,31.6228,0.1,1.404770e-01
1575,31.6228,0.1,1.407580e-01
1600,31.6228,0.1,1.409960e-01
1625,31.6228,0.1,1.412050e-01
1650,31.6228,0.1,1.413910e-01
1675,31.6228,0.1,1.415610e-01
1700,31.6228,0.1,1.417220e-01
1725,31.6228,0.1,1.418770e-01
1750,31.6228,0.1,1.420300e-01
1775,31.6228,0.1,1.421830e-01
1800,31.6228,0.1,1.423410e-01
1825,31.6228,0.1,1.425040e-01
1850,31.6228,0.1,1.426750e-01
1875,31.6228,0.1,1.428560e-01
1900,31.6228,0.1,1.430480e-01
1925,31.6228,0.1,1.432520e-01
1950,31.6228,0.1,1.434710e-01
1975,31.6228,0.1,1.437040e-01
2000,31.6228,0.1,1.439540e-01
2025,31.6228,0.1,1.442220e-01
2050,31.6228,0.1,1.445090e-01
2075,31.6228,0.1,1.448150e-01
2100,31.6228,0.1,1.451420e-01
2125,31.6228,0.1,1.454920e-01
2150,31.6228,0.1,1.458640e-01
2175,31.6228,0.1,1.462600e-01
2200,31.6228,0.1,1.466810e-01
2225,31.6228,0.1,1.471270e-01
2250,31.6228,0.1,1.476000e-01
2275,31.6228,0.1,1.481000e-01
2300,31.6228,0.1,1.486290e-01
2325,31.6228,0.1,1.491860e-01
2350,31.6228,0.1,1.497730e-01
2375,31.6228,0.1,1.503890e-01
2400,31.6228,0.1,1.510360e-01
2425,31.6228,0.1,1.517150e-01
2450,31.6228,0.1,1.524240e-01
2475,31.6228,0.1,1.531660e-01
2500,31.6228,0.1,1.539390e-01
2525,31.6228,0.1,1.547450e-01
2550,31.6228,0.1,1.555840e-01
2575,31.6228,0.1,1.564540e-01
2600,31.6228,0.1,1.573570e-01
2625,31.6228,0.1,1.582930e-01
2650,31.6228,0.1,1.592600e-01
2675,31.6228,0.1,1.602590e-01
2700,31.6228,0.1,1.612890e-01
2725,31.6228,0.1,1.623500e-01
2750,31.6228,0.1,1.634400e-01
2775,31.6228,0.1,1.645610e-01
2800,31.6228,0.1,1.657100e-01
2825,31.6228,0.1,1.668870e-01
2850,31.6228,0.1,1.680910e-01
2875,31.6228,0.1,1.693210e-01
2900,31.6228,0.1,1.705770e-01
2925,31.6228,0.1,1.718570e-01
2950,31.6228,0.1,1.731600e-01
2975,31.6228,0.1,1.744850e-01
3000,31.6228,0.1,1.758320e-01
3025,31.6228,0.1,1.771990e-01
3050,31.6228,0.1,1.785850e-01
3075,31.6228,0.1,1.799910e-01
3100,31.6228,0.1,1.814150e-01
3125,31.6228,0.1,1.828560e-01
3150,31.6228,0.1,1.843150e-01
3175,31.6228,0.1,1.857920e-01
3200,31.6228,0.1,1.872860e-01
3225,31.6228,0.1,1.888000e-01
3250,31.6228,0.1,1.903330e-01
3275,31.6228,0.1,1.918870e-01
3300,31.6228,0.1,1.934650e-01
3325,31.6228,0.1,1.950690e-01
3350,31.6228,0.1,1.967030e-01
3375,31.6228,0.1,1.983710e-01
3400,31.6228,0.1,2.000800e-01
3425,31.6228,0.1,2.018340e-01
3450,31.6228,0.1,2.036440e-01
3475,31.6228,0.1,2.055170e-01
3500,31.6228,0.1,2.074650e-01
3525,31.6228,0.1,2.095020e-01
3550,31.6228,0.1,2.116420e-01
3575,31.6228,0.1,2.139040e-01
3600,31.6228,0.1,2.163090e-01
3625,31.6228,0.1,2.188810e-01
3650,31.6228,0.1,2.216480e-01
3675,31.6228,0.1,2.246440e-01
3700,31.6228,0.1,2.279050e-01
3725,31.6228,0.1,2.314760e-01
3750,31.6228,0.1,2.354070e-01
3775,31.6228,0.1,2.397560e-01
3800,31.6228,0.1,2.445910e-01
3825,31.6228,0.1,2.499870e-01
3850,31.6228,0.1,2.560370e-01
3875,31.6228,0.1,2.628420e-01
3900,31.6228,0.1,2.705240e-01
3925,31.6228,0.1,2.792220e-01
3950,31.6228,0.1,2.890990e-01
3975,31.6228,0.1,3.003440e-01
4000,31.6228,0.1,3.131810e-01
4025,31.6228,0.1,3.278710e-01
4050,31.6228,0.1,3.447230e-01
4075,31.6228,0.1,3.641060e-01
4100,31.6228,0.1,3.864580e-01
4125,31.6228,0.1,4.123100e-01
4150,31.6228,0.1,4.423040e-01
4175,31.6228,0.1,4.772250e-01
4200,31.6228,0.1,5.180470e-01
4225,31.6228,0.1,5.659850e-01
4250,31.6228,0.1,6.225800e-01
4275,31.6228,0.1,6.898140e-01
4300,31.6228,0.1,7.702760e-01
4325,31.6228,0.1,8.674180e-01
4350,31.6228,0.1,9.859450e-01
4375,31.6228,0.1,1.132440e+00
4400,31.6228,0.1,1.316380e+00
4425,31.6228,0.1,1.551980e+00
4450,31.6228,0.1,1.861460e+00
4475,31.6228,0.1,2.281680e+00
4500,31.6228,0.1,2.878350e+00
4525,31.6228,0.1,3.780900e+00
4550,31.6228,0.1,5.283250e+00
4575,31.6228,0.1,8.220760e+00
4600,31.6228,0.1,1.621520e+01
4625,31.6228,0.1,9.371880e+01
4650,31.6228,0.1,2.000000e+02
4675,31.6228,0.1,2.000000e+02
4700,31.6228,0.1,2.000000e+02
4725,31.6228,0.1,2.000000e+02
4750,31.6228,0.1,2.000000e+02
4775,31.6228,0.1,2.000000e+02
4800,31.6228,0.1,2.000000e+02
4825,31.6228,0.1,2.000000e+02
4850,31.6228,0.1,2.000000e+02
4875,31.6228,0.1,2.000000e+02
4900,31.6228,0.1,2.000000e+02
4925,31.6228,0.1,2.000000e+02
4950,31.6228,0.1,2.000000e+02
4975,31.6228,0.1,2.000000e+02
5000,31.6228,0.1,2.000000e+02
300,56.2341,0.1,1.293390e-02
325,56.2341,0.1,1.335610e-02
350,56.2341,0.1,1.388370e-02
375,56.2341,0.1,1.450300e-02
400,56.2341,0.1,1.519460e-02
425,56.2341,0.1,1.593790e-02
450,56.2341,0.1,1.671300e-02
475,56.2341,0.1,1.750310e-02
500,56.2341,0.1,1.829490e-02
525,56.2341,0.1,1.907880e-02
550,56.2341,0.1,1.984840e-02
575,56.2341,0.1,2.060070e-02
600,56.2341,0.1,2.133520e-02
625,56.2341,0.1,2.205460e-02
650,56.2341,0.1,2.276450e-02
675,56.2341,0.1,2.347390e-02
700,56.2341,0.1,2.419640e-02
725,56.2341,0.1,2.495030e-02
750,56.2341,0.1,2.576040e-02
775,56.2341,0.1,2.665810e-02
800,56.2341,0.1,2.768300e-02
825,56.2341,0.1,2.888280e-02
850,56.2341,0.1,3.031380e-02
875,56.2341,0.1,3.204040e-02
900,56.2341,0.1,3.413330e-02
925,56.2341,0.1,3.666710e-02
950,56.2341,0.1,3.971650e-02
975,56.2341,0.1,4.335010e-02
1000,56.2341,0.1,4.762330e-02
1025,56.2341,0.1,5.256900e-02
1050,56.2341,0.1,5.818710e-02
1075,56.2341,0.1,6.443420e-02
1100,56.2341,0.1,7.121590e-02
1125,56.2341,0.1,7.838400e-02
1150,56.2341,0.1,8.574230e-02
1175,56.2341,0.1,9.306320e-02
1200,56.2341,0.1,1.001140e-01
1225,56.2341,0.1,1.066850e-01
1250,56.2341,0.1,1.126180e-01
1275,56.2341,0.1,1.178220e-01
1300,56.2341,0.1,1.222710e-01
1325,56.2341,0.1,1.259920e-01
1350,56.2341,0.1,1.290540e-01
1375,56.2341,0.1,1.315420e-01
1400,56.2341,0.1,1.335460e-01
1425,56.2341,0.1,1.351520e-01
1450,56.2341,0.1,1.364390e-01
1475,56.2341,0.1,1.374700e-01
1500,56.2341,0.1,1.382990e-01
1525,56.2341,0.1,1.389700e-01
1550,56.2341,0.1,1.395170e-01
1575,56.2341,0.1,1.399690e-01
1600,56.2341,0.1,1.403470e-01
1625,56.2341,0.1,1.406680e-01
1650,56.2341,0.1,1.409460e-01
1675,56.2341,0.1,1.411910e-01
1700,56.2341,0.1,1.414130e-01
1725,56.2341,0.1,1.416190e-01
1750,56.2341,0.1,1.418130e-01
1775,56.2341,0.1,1.420020e-01
1800,56.2341,0.1,1.421880e-01
1825,56.2341,0.1,1.423750e-01
1850,56.2341,0.1,1.425660e-01
1875,56.2341,0.1,1.427630e-01
1900,56.2341,0.1,1.429690e-01
1925,56.2341,0.1,1.431850e-01
1950,56.2341,0.1,1.434130e-01
1975,56.2341,0.1,1.436550e-01
2000,56.2341,0.1,1.439120e-01
2025,56.2341,0.1,1.441860e-01
2050,56.2341,0.1,1.444780e-01
2075,56.2341,0.1,1.447890e-01
2100,56.2341,0.1,1.451200e-01
2125,56.2341,0.1,1.454720e-01
2150,56.2341,0.1,1.458470e-01
2175,56.2341,0.1,1.462450e-01
2200,56.2341,0.1,1.466680e-01
2225,56.2341,0.1,1.471170e-01
2250,56.2341,0.1,1.475910e-01
2275,56.2341,0.1,1.480930e-01
2300,56.2341,0.1,1.486230e-01
2325,56.2341,0.1,1.491810e-01
2350,56.2341,0.1,1.497690e-01
2375,56.2341,0.1,1.503870e-01
2400,56.2341,0.1,1.510350e-01
2425,56.2341,0.1,1.517150e-01
2450,56.2341,0.1,1.524260e-01
2475,56.2341,0.1,1.531690e-01
2500,56.2341,0.1,1.539440e-01
2525,56.2341,0.1,1.547520e-01
2550,56.2341,0.1,1.555920e-01
2575,56.2341,0.1,1.564650e-01
2600,56.2341,0.1,1.573710e-01
2625,56.2341,0.1,1.583090e-01
2650,56.2341,0.1,1.592790e-01
2675,56.2341,0.1,1.602810e-01
2700,56.2341,0.1,1.613150e-01
2725,56.2341,0.1,1.623800e-01
2750,56.2341,0.1,1.634760e-01
2775,56.2341,0.1,1.646010e-01
2800,56.2341,0.1,1.657560e-01
2825,56.2341,0.1,1.669390e-01
2850,56.2341,0.1,1.681500e-01
2875,56.2341,0.1,1.693870e-01
2900,56.2341,0.1,1.706500e-01
2925,56.2341,0.1,1.719380e-01
2950,56.2341,0.1,1.732490e-01
2975,56.2341,0.1,1.745830e-01
3000,56.2341,0.1,1.759380e-01
3025,56.2341,0.1,1.773130e-01
3050,56.2341,0.1,1.787070e-01
3075,56.2341,0.1,1.801200e-01
3100,56.2341,0.1,1.815500e-01
3125,56.2341,0.1,1.829960e-01
3150,56.2341,0.1,1.844590e-01
3175,56.2341,0.1,1.859360e-01
3200,56.2341,0.1,1.874280e-01
3225,56.2341,0.1,1.889340e-01
3250,56.2341,0.1,1.904550e-01
3275,56.2341,0.1,1.919910e-01
3300,56.2341,0.1,1.935430e-01
3325,56.2341,0.1,1.951110e-01
3350,56.2341,0.1,1.966980e-01
3375,56.2341,0.1,1.983060e-01
3400,56.2341,0.1,1.999370e-01
3425,56.2341,0.1,2.015940e-01
3450,56.2341,0.1,2.032830e-01
3475,56.2341,0.1,2.050070e-01
3500,56.2341,0.1,2.067740e-01
3525,56.2341,0.1,2.085900e-01
3550,56.2341,0.1,2.104640e-01
3575,56.2341,0.1,2.124070e-01
3600,56.2341,0.1,2.144300e-01
3625,56.2341,0.1,2.165470e-01
3650,56.2341,0.1,2.187730e-01
3675,56.2341,0.1,2.211280e-01
3700,56.2341,0.1,2.236320e-01
3725,56.2341,0.1,2.263110e-01
3750,56.2341,0.1,2.291910e-01
3775,56.2341,0.1,2.323060e-01
3800,56.2341,0.1,2.356930e-01
3825,56.2341,0.1,2.393930e-01
3850,56.2341,0.1,2.434570e-01
3875,56.2341,0.1,2.479390e-01
3900,56.2341,0.1,2.529040e-01
3925,56.2341,0.1,2.584250e-01
3950,56.2341,0.1,2.645870e-01
3975,56.2341,0.1,2.714880e-01
4000,56.2341,0.1,2.792400e-01
4025,56.2341,0.1,2.879720e-01
4050,56.2341,0.1,2.978340e-01
4075,56.2341,0.1,3.090000e-01
4100,56.2341,0.1,3.216730e-01
4125,56.2341,0.1,3.360890e-01
4150,56.2341,0.1,3.525260e-01
4175,56.2341,0.1,3.713120e-01
4200,56.2341,0.1,3.928360e-01
4225,56.2341,0.1,4.175620e-01
4250,56.2341,0.1,4.460480e-01
4275,56.2341,0.1,4.789690e-01
4300,56.2341,0.1,5.171530e-01
4325,56.2341,0.1,5.616190e-01
4350,56.2341,0.1,6.136430e-01
4375,56.2341,0.1,6.748380e-01
4400,56.2341,0.1,7.472780e-01
4425,56.2341,0.1,8.336660e-01
4450,56.2341,0.1,9.376020e-01
4475,56.2341,0.1,1.063980e+00
4500,56.2341,0.1,1.219640e+00
4525,56.2341,0.1,1.414390e+00
4550,56.2341,0.1,1.662910e+00
4575,56.2341,0.1,1.988020e+00
4600,56.2341,0.1,2.427400e+00
4625,56.2341,0.1,3.047720e+00
4650,56.2341,0.1,3.979010e+00
4675,56.2341,0.1,5.512090e+00
4700,56.2341,0.1,8.452850e+00
4725,56.2341,0.1,1.611240e+01
4750,56.2341,0.1,7.263870e+01
4775,56.2341,0.1,2.000000e+02
4800,56.2341,0.1,2.000000e+02
4825,56.2341,0.1,2.000000e+02
4850,56.2341,0.1,2.000000e+02
4875,56.2341,0.1,2.000000e+02
4900,56.2341,0.1,2.000000e+02
4925,56.2341,0.1,2.000000e+02
4950,56.2341,0.1,2.000000e+02
4975,56.2341,0.1,2.000000e+02
5000,56.2341,0.1,2.000000e+02
300,100,0.1,1.293390e-02
325,100,0.1,1.335600e-02
350,100,0.1,1.388360e-02
375,100,0.1,1.450270e-02
400,100,0.1,1.519400e-02
425,100,0.1,1.593660e-02
450,100,0.1,1.671050e-02
475,100,0.1,1.749870e-02
500,100,0.1,1.828760e-02
525,100,0.1,1.906730e-02
550,100,0.1,1.983110e-02
575,100,0.1,2.057530e-02
600,100,0.1,2.129890e-02
625,100,0.1,2.200350e-02
650,100,0.1,2.269310e-02
675,100,0.1,2.337460e-02
700,100,0.1,2.405820e-02
725,100,0.1,2.475820e-02
750,100,0.1,2.549320e-02
775,100,0.1,2.628720e-02
800,100,0.1,2.717010e-02
825,100,0.1,2.817850e-02
850,100,0.1,2.935530e-02
875,100,0.1,3.075040e-02
900,100,0.1,3.241920e-02
925,100,0.1,3.442190e-02
950,100,0.1,3.682090e-02
975,100,0.1,3.967770e-02
1000,100,0.1,4.304870e-02
1025,100,0.1,4.697950e-02
1050,100,0.1,5.149810e-02
1075,100,0.1,5.660810e-02
1100,100,0.1,6.228080e-02
1125,100,0.1,6.844960e-02
1150,100,0.1,7.500720e-02
1175,100,0.1,8.180760e-02
1200,100,0.1,8.867570e-02
1225,100,0.1,9.542220e-02
1250,100,0.1,1.018640e-01
1275,100,0.1,1.078460e-01
1300,100,0.1,1.132540e-01
1325,100,0.1,1.180250e-01
1350,100,0.1,1.221460e-01
1375,100,0.1,1.256410e-01
1400,100,0.1,1.285640e-01
1425,100,0.1,1.309820e-01
1450,100,0.1,1.329670e-01
1475,100,0.1,1.345910e-01
1500,100,0.1,1.359160e-01
1525,100,0.1,1.369990e-01
1550,100,0.1,1.378870e-01
1575,100,0.1,1.386190e-01
1600,100,0.1,1.392270e-01
1625,100,0.1,1.397370e-01
1650,100,0.1,1.401700e-01
1675,100,0.1,1.405440e-01
1700,100,0.1,1.408720e-01
1725,100,0.1,1.411640e-01
1750,100,0.1,1.414310e-01
1775,100,0.1,1.416800e-01
1800,100,0.1,1.419160e-01
1825,100,0.1,1.421450e-01
1850,100,0.1,1.423700e-01
1875,100,0.1,1.425970e-01
1900,100,0.1,1.428270e-01
1925,100,0.1,1.430640e-01
1950,100,0.1,1.433100e-01
1975,100,0.1,1.435670e-01
2000,100,0.1,1.438370e-01
2025,100,0.1,1.441210e-01
2050,100,0.1,1.444220e-01
2075,100,0.1,1.447410e-01
2100,100,0.1,1.450780e-01
2125,100,0.1,1.454360e-01
2150,100,0.1,1.458160e-01
2175,100,0.1,1.462190e-01
2200,100,0.1,1.466450e-01
2225,100,0.1,1.470960e-01
2250,100,0.1,1.475740e-01
2275,100,0.1,1.480780e-01
2300,100,0.1,1.486090e-01
2325,100,0.1,1.491700e-01
2350,100,0.1,1.497590e-01
2375,100,0.1,1.503780e-01
2400,100,0.1,1.510280e-01
2425,100,0.1,1.517090e-01
2450,100,0.1,1.524220e-01
2475,100,0.1,1.531660e-01
2500,100,0.1,1.539430e-01
2525,100,0.1,1.547520e-01
2550,100,0.1,1.555940e-01
2575,100,0.1,1.564690e-01
2600,100,0.1,1.573760e-01
2625,100,0.1,1.583160e-01
2650,100,0.1,1.592890e-01
2675,100,0.1,1.602940e-01
2700,100,0.1,1.613310e-01
2725,100,0.1,1.623990e-01
2750,100,0.1,1.634980e-01
2775,100,0.1,1.646270e-01
2800,100,0.1,1.657870e-01
2825,100,0.1,1.669740e-01
2850,100,0.1,1.681900e-01
2875,100,0.1,1.694330e-01
2900,100,0.1,1.707020e-01
2925,100,0.1,1.719950e-01
2950,100,0.1,1.733130e-01
2975,100,0.1,1.746530e-01
3000,100,0.1,1.760150e-01
3025,100,0.1,1.773970e-01
3050,100,0.1,1.787980e-01
3075,100,0.1,1.802170e-01
3100,100,0.1,1.816530e-01
3125,100,0.1,1.831050e-01
3150,100,0.1,1.845710e-01
3175,100,0.1,1.860510e-01
3200,100,0.1,1.875440e-01
3225,100,0.1,1.890500e-01
3250,100,0.1,1.905660e-01
3275,100,0.1,1.920940e-01
3300,100,0.1,1.936340e-01
3325,100,0.1,1.951840e-01
3350,100,0.1,1.967460e-01
3375,100,0.1,1.983210e-01
3400,100,0.1,1.999080e-01
3425,100,0.1,2.015110e-01
3450,100,0.1,2.031310e-01
3475,100,0.1,2.047710e-01
3500,100,0.1,2.064340e-01
3525,100,0.1,2.081230e-01
3550,100,0.1,2.098440e-01
3575,100,0.1,2.116020e-01
3600,100,0.1,2.134040e-01
3625,100,0.1,2.152570e-01
3650,100,0.1,2.171710e-01
3675,100,0.1,2.191550e-01
3700,100,0.1,2.212230e-01
3725,100,0.1,2.233870e-01
3750,100,0.1,2.256650e-01
3775,100,0.1,2.280730e-01
3800,100,0.1,2.306340e-01
3825,100,0.1,2.333700e-01
3850,100,0.1,2.363090e-01
3875,100,0.1,2.394820e-01
3900,100,0.1,2.429250e-01
3925,100,0.1,2.466780e-01
3950,100,0.1,2.507860e-01
3975,100,0.1,2.553030e-01
4000,100,0.1,2.602870e-01
4025,100,0.1,2.658070e-01
4050,100,0.1,2.719410e-01
4075,100,0.1,2.787780e-01
4100,100,0.1,2.864190e-01
4125,100,0.1,2.949820e-01
4150,100,0.1,3.046010e-01
4175,100,0.1,3.154300e-01
4200,100,0.1,3.276500e-01
4225,100,0.1,3.414690e-01
4250,100,0.1,3.571280e-01
4275,100,0.1,3.749110e-01
4300,100,0.1,3.951530e-01
4325,100,0.1,4.182460e-01
4350,100,0.1,4.446600e-01
4375,100,0.1,4.749570e-01
4400,100,0.1,5.098160e-01
4425,100,0.1,5.500640e-01
4450,100,0.1,5.967190e-01
4475,100,0.1,6.510460e-01
4500,100,0.1,7.146400e-01
4525,100,0.1,7.895390e-01
4550,100,0.1,8.783870e-01
4575,100,0.1,9.846810e-01
4600,100,0.1,1.113140e+00
4625,100,0.1,1.270290e+00
4650,100,0.1,1.465410e+00
4675,100,0.1,1.712180e+00
4700,100,0.1,2.031590e+00
4725,100,0.1,2.457510e+00
4750,100,0.1,3.048400e+00
4775,100,0.1,3.914180e+00
4800,100,0.1,5.288110e+00
4825,100,0.1,7.763790e+00
4850,100,0.1,1.340340e+01
4875,100,0.1,3.695410e+01
4900,100,0.1,2.000000e+02
4925,100,0.1,2.000000e+02
4950,100,0.1,2.000000e+02
4975,100,0.1,2.000000e+02
5000,100,0.1,2.000000e+02
300,177.828,0.1,1.293390e-02
325,177.828,0.1,1.335600e-02
350,177.828,0.1,1.388350e-02
375,177.828,0.1,1.450250e-02
400,177.828,0.1,1.519350e-02
425,177.828,0.1,1.593560e-02
450,177.828,0.1,1.670860e-02
475,177.828,0.1,1.749540e-02
500,177.828,0.1,1.828220e-02
525,177.828,0.1,1.905870e-02
550,177.828,0.1,1.981810e-02
575,177.828,0.1,2.055630e-02
600,177.828,0.1,2.127170e-02
625,177.828,0.1,2.196510e-02
650,177.828,0.1,2.263950e-02
675,177.828,0.1,2.330000e-02
700,177.828,0.1,2.395470e-02
725,177.828,0.1,2.461430e-02
750,177.828,0.1,2.529310e-02
775,177.828,0.1,2.600960e-02
800,177.828,0.1,2.678660e-02
825,177.828,0.1,2.765180e-02
850,177.828,0.1,2.863820e-02
875,177.828,0.1,2.978390e-02
900,177.828,0.1,3.113200e-02
925,177.828,0.1,3.272990e-02
950,177.828,0.1,3.462810e-02
975,177.828,0.1,3.687820e-02
1000,177.828,0.1,3.953080e-02
1025,177.828,0.1,4.263200e-02
1050,177.828,0.1,4.621930e-02
1075,177.828,0.1,5.031740e-02
1100,177.828,0.1,5.493240e-02
1125,177.828,0.1,6.004720e-02
1150,177.828,0.1,6.561700e-02
1175,177.828,0.1,7.156660e-02
1200,177.828,0.1,7.779090e-02
1225,177.828,0.1,8.415930e-02
1250,177.828,0.1,9.052440e-02
1275,177.828,0.1,9.673430e-02
1300,177.828,0.1,1.026480e-01
1325,177.828,0.1,1.081470e-01
1350,177.828,0.1,1.131460e-01
1375,177.828,0.1,1.176000e-01
1400,177.828,0.1,1.214960e-01
1425,177.828,0.1,1.248520e-01
1450,177.828,0.1,1.277070e-01
1475,177.828,0.1,1.301130e-01
1500,177.828,0.1,1.321270e-01
1525,177.828,0.1,1.338060e-01
1550,177.828,0.1,1.352030e-01
1575,177.828,0.1,1.363660e-01
1600,177.828,0.1,1.373370e-01
1625,177.828,0.1,1.381520e-01
1650,177.828,0.1,1.388390e-01
1675,177.828,0.1,1.394250e-01
1700,177.828,0.1,1.399300e-01
1725,177.828,0.1,1.403700e-01
1750,177.828,0.1,1.407610e-01
1775,177.828,0.1,1.411130e-01
1800,177.828,0.1,1.414350e-01
1825,177.828,0.1,1.417370e-01
1850,177.828,0.1,1.420240e-01
1875,177.828,0.1,1.423020e-01
1900,177.828,0.1,1.425760e-01
1925,177.828,0.1,1.428490e-01
1950,177.828,0.1,1.431260e-01
1975,177.828,0.1,1.434090e-01
2000,177.828,0.1,1.437010e-01
2025,177.828,0.1,1.440050e-01
2050,177.828,0.1,1.443220e-01
2075,177.828,0.1,1.446540e-01
2100,177.828,0.1,1.450030e-01
2125,177.828,0.1,1.453710e-01
2150,177.828,0.1,1.457600e-01
2175,177.828,0.1,1.461690e-01
2200,177.828,0.1,1.466020e-01
2225,177.828,0.1,1.470590e-01
2250,177.828,0.1,1.475410e-01
2275,177.828,0.1,1.480490e-01
2300,177.828,0.1,1.485840e-01
2325,177.828,0.1,1.491470e-01
2350,177.828,0.1,1.497390e-01
2375,177.828,0.1,1.503600e-01
2400,177.828,0.1,1.510120e-01
2425,177.828,0.1,1.516950e-01
2450,177.828,0.1,1.524090e-01
2475,177.828,0.1,1.531550e-01
2500,177.828,0.1,1.539330e-01
2525,177.828,0.1,1.547440e-01
2550,177.828,0.1,1.555870e-01
2575,177.828,0.1,1.564630e-01
2600,177.828,0.1,1.573720e-01
2625,177.828,0.1,1.583140e-01
2650,177.828,0.1,1.592880e-01
2675,177.828,0.1,1.602950e-01
2700,177.828,0.1,1.613340e-01
2725,177.828,0.1,1.624050e-01
2750,177.828,0.1,1.635070e-01
2775,177.828,0.1,1.646390e-01
2800,177.828,0.1,1.658010e-01
2825,177.828,0.1,1.669920e-01
2850,177.828,0.1,1.682120e-01
2875,177.828,0.1,1.694590e-01
2900,177.828,0.1,1.707320e-01
2925,177.828,0.1,1.720300e-01
2950,177.828,0.1,1.733530e-01
2975,177.828,0.1,1.746980e-01
3000,177.828,0.1,1.760650e-01
3025,177.828,0.1,1.774520e-01
3050,177.828,0.1,1.788590e-01
3075,177.828,0.1,1.802840e-01
3100,177.828,0.1,1.817250e-01
3125,177.828,0.1,1.831820e-01
3150,177.828,0.1,1.846530e-01
3175,177.828,0.1,1.861360e-01
3200,177.828,0.1,1.876320e-01
3225,177.828,0.1,1.891390e-01
3250,177.828,0.1,1.906550e-01
3275,177.828,0.1,1.921800e-01
3300,177.828,0.1,1.937140e-01
3325,177.828,0.1,1.952560e-01
3350,177.828,0.1,1.968050e-01
3375,177.828,0.1,1.983620e-01
3400,177.828,0.1,1.999260e-01
3425,177.828,0.1,2.014990e-01
3450,177.828,0.1,2.030800e-01
3475,177.828,0.1,2.046710e-01
3500,177.828,0.1,2.062730e-01
3525,177.828,0.1,2.078890e-01
3550,177.828,0.1,2.095200e-01
3575,177.828,0.1,2.111710e-01
3600,177.828,0.1,2.128430e-01
3625,177.828,0.1,2.145420e-01
3650,177.828,0.1,2.162720e-01
3675,177.828,0.1,2.180400e-01
3700,177.828,0.1,2.198520e-01
3725,177.828,0.1,2.217160e-01
3750,177.828,0.1,2.236420e-01
3775,177.828,0.1,2.256390e-01
3800,177.828,0.1,2.277200e-01
3825,177.828,0.1,2.298980e-01
3850,177.828,0.1,2.321880e-01
3875,177.828,0.1,2.346090e-01
3900,177.828,0.1,2.371810e-01
3925,177.828,0.1,2.399250e-01
3950,177.828,0.1,2.428670e-01
3975,177.828,0.1,2.460380e-01
4000,177.828,0.1,2.494690e-01
4025,177.828,0.1,2.531980e-01
4050,177.828,0.1,2.572660e-01
4075,177.828,0.1,2.617230e-01
4100,177.828,0.1,2.666220e-01
4125,177.828,0.1,2.720250e-01
4150,177.828,0.1,2.780000e-01
4175,177.828,0.1,2.846290e-01
4200,177.828,0.1,2.920000e-01
4225,177.828,0.1,3.002180e-01
4250,177.828,0.1,3.093990e-01
4275,177.828,0.1,3.196780e-01
4300,177.828,0.1,3.312100e-01
4325,177.828,0.1,3.441730e-01
4350,177.828,0.1,3.587720e-01
4375,177.828,0.1,3.752470e-01
4400,177.828,0.1,3.938760e-01
4425,177.828,0.1,4.149830e-01
4450,177.828,0.1,4.389530e-01
4475,177.828,0.1,4.662390e-01
4500,177.828,0.1,4.973820e-01
4525,177.828,0.1,5.330310e-01
4550,177.828,0.1,5.739750e-01
4575,177.828,0.1,6.211760e-01
4600,177.828,0.1,6.758220e-01
4625,177.828,0.1,7.394010e-01
4650,177.828,0.1,8.137940e-01
4675,177.828,0.1,9.014230e-01
4700,177.828,0.1,1.005450e+00
4725,177.828,0.1,1.130090e+00
4750,177.828,0.1,1.281080e+00
4775,177.828,0.1,1.466460e+00
4800,177.828,0.1,1.697790e+00
4825,177.828,0.1,1.992380e+00
4850,177.828,0.1,2.377280e+00
4875,177.828,0.1,2.897250e+00
4900,177.828,0.1,3.631930e+00
4925,177.828,0.1,4.737570e+00
4950,177.828,0.1,6.566930e+00
4975,177.828,0.1,1.011190e+01
5000,177.828,0.1,1.957060e+01
300,316.228,0.1,1.293390e-02
325,316.228,0.1,1.335600e-02
350,316.228,0.1,1.388350e-02
375,316.228,0.1,1.450230e-02
400,316.228,0.1,1.519320e-02
425,316.228,0.1,1.593480e-02
450,316.228,0.1,1.670720e-02
475,316.228,0.1,1.749290e-02
500,316.228,0.1,1.827810e-02
525,316.228,0.1,1.905230e-02
550,316.228,0.1,1.980840e-02
575,316.228,0.1,2.054200e-02
600,316.228,0.1,2.125130e-02
625,316.228,0.1,2.193630e-02
650,316.228,0.1,2.259930e-02
675,316.228,0.1,2.324410e-02
700,316.228,0.1,2.387700e-02
725,316.228,0.1,2.450640e-02
750,316.228,0.1,2.514340e-02
775,316.228,0.1,2.580200e-02
800,316.228,0.1,2.649990e-02
825,316.228,0.1,2.725810e-02
850,316.228,0.1,2.810190e-02
875,316.228,0.1,2.906060e-02
900,316.228,0.1,3.016730e-02
925,316.228,0.1,3.145900e-02
950,316.228,0.1,3.297540e-02
975,316.228,0.1,3.475860e-02
1000,316.228,0.1,3.685110e-02
1025,316.228,0.1,3.929400e-02
1050,316.228,0.1,4.212500e-02
1075,316.228,0.1,4.537530e-02
1100,316.228,0.1,4.906640e-02
1125,316.228,0.1,5.320640e-02
1150,316.228,0.1,5.778680e-02
1175,316.228,0.1,6.277900e-02
1200,316.228,0.1,6.813240e-02
1225,316.228,0.1,7.377380e-02
1250,316.228,0.1,7.960910e-02
1275,316.228,0.1,8.552790e-02
1300,316.228,0.1,9.141080e-02
1325,316.228,0.1,9.713810e-02
1350,316.228,0.1,1.026000e-01
1375,316.228,0.1,1.077060e-01
1400,316.228,0.1,1.123880e-01
1425,316.228,0.1,1.166090e-01
1450,316.228,0.1,1.203540e-01
1475,316.228,0.1,1.236340e-01
1500,316.228,0.1,1.264750e-01
1525,316.228,0.1,1.289140e-01
1550,316.228,0.1,1.309950e-01
1575,316.228,0.1,1.327630e-01
1600,316.228,0.1,1.342610e-01
1625,316.228,0.1,1.355320e-01
1650,316.228,0.1,1.366120e-01
1675,316.228,0.1,1.375320e-01
1700,316.228,0.1,1.383210e-01
1725,316.228,0.1,1.390030e-01
1750,316.228,0.1,1.395980e-01
1775,316.228,0.1,1.401230e-01
1800,316.228,0.1,1.405920e-01
1825,316.228,0.1,1.410180e-01
1850,316.228,0.1,1.414100e-01
1875,316.228,0.1,1.417770e-01
1900,316.228,0.1,1.421260e-01
1925,316.228,0.1,1.424640e-01
1950,316.228,0.1,1.427960e-01
1975,316.228,0.1,1.431250e-01
2000,316.228,0.1,1.434570e-01
2025,316.228,0.1,1.437940e-01
2050,316.228,0.1,1.441400e-01
2075,316.228,0.1,1.444970e-01
2100,316.228,0.1,1.448670e-01
2125,316.228,0.1,1.452530e-01
2150,316.228,0.1,1.456570e-01
2175,316.228,0.1,1.460790e-01
2200,316.228,0.1,1.465230e-01
2225,316.228,0.1,1.469900e-01
2250,316.228,0.1,1.474800e-01
2275,316.228,0.1,1.479940e-01
2300,316.228,0.1,1.485350e-01
2325,316.228,0.1,1.491040e-01
2350,316.228,0.1,1.497000e-01
2375,316.228,0.1,1.503250e-01
2400,316.228,0.1,1.509800e-01
2425,316.228,0.1,1.516650e-01
2450,316.228,0.1,1.523820e-01
2475,316.228,0.1,1.531300e-01
2500,316.228,0.1,1.539100e-01
2525,316.228,0.1,1.547220e-01
2550,316.228,0.1,1.555670e-01
2575,316.228,0.1,1.564440e-01
2600,316.228,0.1,1.573550e-01
2625,316.228,0.1,1.582980e-01
2650,316.228,0.1,1.592740e-01
2675,316.228,0.1,1.602820e-01
2700,316.228,0.1,1.613230e-01
2725,316.228,0.1,1.623950e-01
2750,316.228,0.1,1.634990e-01
2775,316.228,0.1,1.646330e-01
2800,316.228,0.1,1.657970e-01
2825,316.228,0.1,1.669910e-01
2850,316.228,0.1,1.682130e-01
2875,316.228,0.1,1.694630e-01
2900,316.228,0.1,1.707400e-01
2925,316.228,0.1,1.720410e-01
2950,316.228,0.1,1.733670e-01
2975,316.228,0.1,1.747170e-01
3000,316.228,0.1,1.760880e-01
3025,316.228,0.1,1.774800e-01
3050,316.228,0.1,1.788910e-01
3075,316.228,0.1,1.803200e-01
3100,316.228,0.1,1.817660e-01
3125,316.228,0.1,1.832270e-01
3150,316.228,0.1,1.847010e-01
3175,316.228,0.1,1.861890e-01
3200,316.228,0.1,1.876880e-01
3225,316.228,0.1,1.891960e-01
3250,316.228,0.1,1.907140e-01
3275,316.228,0.1,1.922390e-01
3300,316.228,0.1,1.937720e-01
3325,316.228,0.1,1.953100e-01
3350,316.228,0.1,1.968530e-01
3375,316.228,0.1,1.984010e-01
3400,316.228,0.1,1.999520e-01
3425,316.228,0.1,2.015080e-01
3450,316.228,0.1,2.030670e-01
3475,316.228,0.1,2.046300e-01
3500,316.228,0.1,2.061980e-01
3525,316.228,0.1,2.077710e-01
3550,316.228,0.1,2.093490e-01
3575,316.228,0.1,2.109360e-01
3600,316.228,0.1,2.125310e-01
3625,316.228,0.1,2.141390e-01
3650,316.228,0.1,2.157600e-01
3675,316.228,0.1,2.173990e-01
3700,316.228,0.1,2.190590e-01
3725,316.228,0.1,2.207460e-01
3750,316.228,0.1,2.224630e-01
3775,316.228,0.1,2.242170e-01
3800,316.228,0.1,2.260150e-01
3825,316.228,0.1,2.278640e-01
3850,316.228,0.1,2.297740e-01
3875,316.228,0.1,2.317550e-01
3900,316.228,0.1,2.338170e-01
3925,316.228,0.1,2.359750e-01
3950,316.228,0.1,2.382420e-01
3975,316.228,0.1,2.406360e-01
4000,316.228,0.1,2.431740e-01
4025,316.228,0.1,2.458790e-01
4050,316.228,0.1,2.487720e-01
4075,316.228,0.1,2.518820e-01
4100,316.228,0.1,2.552380e-01
4125,316.228,0.1,2.588740e-01
4150,316.228,0.1,2.628270e-01
4175,316.228,0.1,2.671400e-01
4200,316.228,0.1,2.718620e-01
4225,316.228,0.1,2.770460e-01
4250,316.228,0.1,2.827540e-01
4275,316.228,0.1,2.890540e-01
4300,316.228,0.1,2.960260e-01
4325,316.228,0.1,3.037580e-01
4350,316.228,0.1,3.123490e-01
4375,316.228,0.1,3.219150e-01
4400,316.228,0.1,3.325850e-01
4425,316.228,0.1,3.445090e-01
4450,316.228,0.1,3.578560e-01
4475,316.228,0.1,3.728230e-01
4500,316.228,0.1,3.896360e-01
4525,316.228,0.1,4.085580e-01
4550,316.228,0.1,4.298920e-01
4575,316.228,0.1,4.539980e-01
4600,316.228,0.1,4.812930e-01
4625,316.228,0.1,5.122780e-01
4650,316.228,0.1,5.475440e-01
4675,316.228,0.1,5.878050e-01
4700,316.228,0.1,6.339260e-01
4725,316.228,0.1,6.869650e-01
4750,316.228,0.1,7.482310e-01
4775,316.228,0.1,8.193610e-01
4800,316.228,0.1,9.024340e-01
4825,316.228,0.1,1.000130e+00
4850,316.228,0.1,1.115940e+00
4875,316.228,0.1,1.254560e+00
4900,316.228,0.1,1.422380e+00
4925,316.228,0.1,1.628360e+00
4950,316.228,0.1,1.885470e+00
4975,316.228,0.1,2.213210e+00
5000,316.228,0.1,2.642190e+00
300,562.341,0.1,1.293390e-02
325,562.341,0.1,1.335600e-02
350,562.341,0.1,1.388340e-02
375,562.341,0.1,1.450220e-02
400,562.341,0.1,1.519290e-02
425,562.341,0.1,1.593430e-02
450,562.341,0.1,1.670620e-02
475,562.341,0.1,1.749110e-02
500,562.341,0.1,1.827500e-02
525,562.341,0.1,1.904740e-02
550,562.341,0.1,1.980100e-02
575,562.341,0.1,2.053130e-02
600,562.341,0.1,2.123600e-02
625,562.341,0.1,2.191470e-02
650,562.341,0.1,2.256910e-02
675,562.341,0.1,2.320220e-02
700,562.341,0.1,2.381880e-02
725,562.341,0.1,2.442560e-02
750,562.341,0.1,2.503120e-02
775,562.341,0.1,2.564660e-02
800,562.341,0.1,2.628540e-02
825,562.341,0.1,2.696370e-02
850,562.341,0.1,2.770090e-02
875,562.341,0.1,2.851950e-02
900,562.341,0.1,2.944500e-02
925,562.341,0.1,3.050590e-02
950,562.341,0.1,3.173330e-02
975,562.341,0.1,3.316050e-02
1000,562.341,0.1,3.482200e-02
1025,562.341,0.1,3.675250e-02
1050,562.341,0.1,3.898560e-02
1075,562.341,0.1,4.155190e-02
1100,562.341,0.1,4.447730e-02
1125,562.341,0.1,4.778050e-02
1150,562.341,0.1,5.147090e-02
1175,562.341,0.1,5.554570e-02
1200,562.341,0.1,5.998830e-02
1225,562.341,0.1,6.476610e-02
1250,562.341,0.1,6.982990e-02
1275,562.341,0.1,7.511440e-02
1300,562.341,0.1,8.054030e-02
1325,562.341,0.1,8.601780e-02
1350,562.341,0.1,9.145210e-02
1375,562.341,0.1,9.674960e-02
1400,562.341,0.1,1.018250e-01
1425,562.341,0.1,1.066050e-01
1450,562.341,0.1,1.110350e-01
1475,562.341,0.1,1.150820e-01
1500,562.341,0.1,1.187280e-01
1525,562.341,0.1,1.219750e-01
1550,562.341,0.1,1.248390e-01
1575,562.341,0.1,1.273440e-01
1600,562.341,0.1,1.295220e-01
1625,562.341,0.1,1.314080e-01
1650,562.341,0.1,1.330360e-01
1675,562.341,0.1,1.344420e-01
1700,562.341,0.1,1.356560e-01
1725,562.341,0.1,1.367080e-01
1750,562.341,0.1,1.376240e-01
1775,562.341,0.1,1.384250e-01
1800,562.341,0.1,1.391330e-01
1825,562.341,0.1,1.397630e-01
1850,562.341,0.1,1.403310e-01
1875,562.341,0.1,1.408480e-01
1900,562.341,0.1,1.413270e-01
1925,562.341,0.1,1.417750e-01
1950,562.341,0.1,1.422010e-01
1975,562.341,0.1,1.426120e-01
2000,562.341,0.1,1.430130e-01
2025,562.341,0.1,1.434100e-01
2050,562.341,0.1,1.438070e-01
2075,562.341,0.1,1.442080e-01
2100,562.341,0.1,1.446160e-01
2125,562.341,0.1,1.450340e-01
2150,562.341,0.1,1.454660e-01
2175,562.341,0.1,1.459120e-01
2200,562.341,0.1,1.463770e-01
2225,562.341,0.1,1.468600e-01
2250,562.341,0.1,1.473650e-01
2275,562.341,0.1,1.478930e-01
2300,562.341,0.1,1.484450e-01
2325,562.341,0.1,1.490220e-01
2350,562.341,0.1,1.496260e-01
2375,562.341,0.1,1.502580e-01
2400,562.341,0.1,1.509180e-01
2425,562.341,0.1,1.516080e-01
2450,562.341,0.1,1.523290e-01
2475,562.341,0.1,1.530800e-01
2500,562.341,0.1,1.538620e-01
2525,562.341,0.1,1.546770e-01
2550,562.341,0.1,1.555240e-01
2575,562.341,0.1,1.564030e-01
2600,562.341,0.1,1.573150e-01
2625,562.341,0.1,1.582600e-01
2650,562.341,0.1,1.592370e-01
2675,562.341,0.1,1.602460e-01
2700,562.341,0.1,1.612880e-01
2725,562.341,0.1,1.623620e-01
2750,562.341,0.1,1.634670e-01
2775,562.341,0.1,1.646020e-01
2800,562.341,0.1,1.657680e-01
2825,562.341,0.1,1.669640e-01
2850,562.341,0.1,1.681880e-01
2875,562.341,0.1,1.694400e-01
2900,562.341,0.1,1.707180e-01
2925,562.341,0.1,1.720230e-01
2950,562.341,0.1,1.733510e-01
2975,562.341,0.1,1.747040e-01
3000,562.341,0.1,1.760780e-01
3025,562.341,0.1,1.774730e-01
3050,562.341,0.1,1.788880e-01
3075,562.341,0.1,1.803200e-01
3100,562.341,0.1,1.817690e-01
3125,562.341,0.1,1.832340e-01
3150,562.341,0.1,1.847120e-01
3175,562.341,0.1,1.862030e-01
3200,562.341,0.1,1.877050e-01
3225,562.341,0.1,1.892160e-01
3250,562.341,0.1,1.907360e-01
3275,562.341,0.1,1.922630e-01
3300,562.341,0.1,1.937960e-01
3325,562.341,0.1,1.953330e-01
3350,562.341,0.1,1.968740e-01
3375,562.341,0.1,1.984170e-01
3400,562.341,0.1,1.999630e-01
3425,562.341,0.1,2.015090e-01
3450,562.341,0.1,2.030570e-01
3475,562.341,0.1,2.046040e-01
3500,562.341,0.1,2.061520e-01
3525,562.341,0.1,2.076990e-01
3550,562.341,0.1,2.092470e-01
3575,562.341,0.1,2.107950e-01
3600,562.341,0.1,2.123450e-01
3625,562.341,0.1,2.138980e-01
3650,562.341,0.1,2.154540e-01
3675,562.341,0.1,2.170160e-01
3700,562.341,0.1,2.185850e-01
3725,562.341,0.1,2.201640e-01
3750,562.341,0.1,2.217560e-01
3775,562.341,0.1,2.233640e-01
3800,562.341,0.1,2.249930e-01
3825,562.341,0.1,2.266460e-01
3850,562.341,0.1,2.283280e-01
3875,562.341,0.1,2.300470e-01
3900,562.341,0.1,2.318070e-01
3925,562.341,0.1,2.336180e-01
3950,562.341,0.1,2.354870e-01
3975,562.341,0.1,2.374240e-01
4000,562.341,0.1,2.394390e-01
4025,562.341,0.1,2.415460e-01
4050,562.341,0.1,2.437560e-01
4075,562.341,0.1,2.460860e-01
4100,562.341,0.1,2.485530e-01
4125,562.341,0.1,2.511750e-01
4150,562.341,0.1,2.539730e-01
4175,562.341,0.1,2.569720e-01
4200,562.341,0.1,2.601980e-01
4225,562.341,0.1,2.636820e-01
4250,562.341,0.1,2.674550e-01
4275,562.341,0.1,2.715550e-01
4300,562.341,0.1,2.760250e-01
4325,562.341,0.1,2.809110e-01
4350,562.341,0.1,2.862660e-01
4375,562.341,0.1,2.921480e-01
4400,562.341,0.1,2.986240e-01
4425,562.341,0.1,3.057680e-01
4450,562.341,0.1,3.136640e-01
4475,562.341,0.1,3.224070e-01
4500,562.341,0.1,3.321050e-01
4525,562.341,0.1,3.428790e-01
4550,562.341,0.1,3.548660e-01
4575,562.341,0.1,3.682260e-01
4600,562.341,0.1,3.831370e-01
4625,562.341,0.1,3.998060e-01
4650,562.341,0.1,4.184710e-01
4675,562.341,0.1,4.394070e-01
4700,562.341,0.1,4.629340e-01
4725,562.341,0.1,4.894230e-01
4750,562.341,0.1,5.193140e-01
4775,562.341,0.1,5.531250e-01
4800,562.341,0.1,5.914710e-01
4825,562.341,0.1,6.350930e-01
4850,562.341,0.1,6.848850e-01
4875,562.341,0.1,7.419390e-01
4900,562.341,0.1,8.076040e-01
4925,562.341,0.1,8.835630e-01
4950,562.341,0.1,9.719450e-01
4975,562.341,0.1,1.075480e+00
5000,562.341,0.1,1.197740e+00
300,1000,0.1,1.293390e-02
325,1000,0.1,1.335600e-02
350,1000,0.1,1.388340e-02
375,1000,0.1,1.450220e-02
400,1000,0.1,1.519270e-02
425,1000,0.1,1.593390e-02
450,1000,0.1,1.670540e-02
475,1000,0.1,1.748970e-02
500,1000,0.1,1.827270e-02
525,1000,0.1,1.904380e-02
550,1000,0.1,1.979560e-02
575,1000,0.1,2.052330e-02
600,1000,0.1,2.122440e-02
625,1000,0.1,2.189850e-02
650,1000,0.1,2.254650e-02
675,1000,0.1,2.317070e-02
700,1000,0.1,2.377510e-02
725,1000,0.1,2.436500e-02
750,1000,0.1,2.494720e-02
775,1000,0.1,2.553030e-02
800,1000,0.1,2.612480e-02
825,1000,0.1,2.674340e-02
850,1000,0.1,2.740100e-02
875,1000,0.1,2.811470e-02
900,1000,0.1,2.890430e-02
925,1000,0.1,2.979170e-02
950,1000,0.1,3.080110e-02
975,1000,0.1,3.195850e-02
1000,1000,0.1,3.329140e-02
1025,1000,0.1,3.482790e-02
1050,1000,0.1,3.659630e-02
1075,1000,0.1,3.862370e-02
1100,1000,0.1,4.093520e-02
1125,1000,0.1,4.355200e-02
1150,1000,0.1,4.649050e-02
1175,1000,0.1,4.976030e-02
1200,1000,0.1,5.336260e-02
1225,1000,0.1,5.728890e-02
1250,1000,0.1,6.151940e-02
1275,1000,0.1,6.602250e-02
1300,1000,0.1,7.075470e-02
1325,1000,0.1,7.566110e-02
1350,1000,0.1,8.067730e-02
1375,1000,0.1,8.573220e-02
1400,1000,0.1,9.075180e-02
1425,1000,0.1,9.566300e-02
1450,1000,0.1,1.003980e-01
1475,1000,0.1,1.049000e-01
1500,1000,0.1,1.091210e-01
1525,1000,0.1,1.130290e-01
1550,1000,0.1,1.166060e-01
1575,1000,0.1,1.198460e-01
1600,1000,0.1,1.227560e-01
1625,1000,0.1,1.253490e-01
1650,1000,0.1,1.276460e-01
1675,1000,0.1,1.296720e-01
1700,1000,0.1,1.314540e-01
1725,1000,0.1,1.330200e-01
1750,1000,0.1,1.343960e-01
1775,1000,0.1,1.356060e-01
1800,1000,0.1,1.366750e-01
1825,1000,0.1,1.376230e-01
1850,1000,0.1,1.384680e-01
1875,1000,0.1,1.392290e-01
1900,1000,0.1,1.399190e-01
1925,1000,0.1,1.405510e-01
1950,1000,0.1,1.411370e-01
1975,1000,0.1,1.416870e-01
2000,1000,0.1,1.422080e-01
2025,1000,0.1,1.427090e-01
2050,1000,0.1,1.431960e-01
2075,1000,0.1,1.436750e-01
2100,1000,0.1,1.441500e-01
2125,1000,0.1,1.446260e-01
2150,1000,0.1,1.451080e-01
2175,1000,0.1,1.455980e-01
2200,1000,0.1,1.460990e-01
2225,1000,0.1,1.466150e-01
2250,1000,0.1,1.471470e-01
2275,1000,0.1,1.476990e-01
2300,1000,0.1,1.482710e-01
2325,1000,0.1,1.488650e-01
2350,1000,0.1,1.494840e-01
2375,1000,0.1,1.501280e-01
2400,1000,0.1,1.507990e-01
2425,1000,0.1,1.514980e-01
2450,1000,0.1,1.522260e-01
2475,1000,0.1,1.529830e-01
2500,1000,0.1,1.537710e-01
2525,1000,0.1,1.545900e-01
2550,1000,0.1,1.554400e-01
2575,1000,0.1,1.563220e-01
2600,1000,0.1,1.572360e-01
2625,1000,0.1,1.581830e-01
2650,1000,0.1,1.591610e-01
2675,1000,0.1,1.601720e-01
2700,1000,0.1,1.612150e-01
2725,1000,0.1,1.622900e-01
2750,1000,0.1,1.633950e-01
2775,1000,0.1,1.645320e-01
2800,1000,0.1,1.656990e-01
2825,1000,0.1,1.668960e-01
2850,1000,0.1,1.681210e-01
2875,1000,0.1,1.693740e-01
2900,1000,0.1,1.706540e-01
2925,1000,0.1,1.719600e-01
2950,1000,0.1,1.732910e-01
2975,1000,0.1,1.746450e-01
3000,1000,0.1,1.760220e-01
3025,1000,0.1,1.774190e-01
3050,1000,0.1,1.788360e-01
3075,1000,0.1,1.802720e-01
3100,1000,0.1,1.817240e-01
3125,1000,0.1,1.831920e-01
3150,1000,0.1,1.846730e-01
3175,1000,0.1,1.861670e-01
3200,1000,0.1,1.876720e-01
3225,1000,0.1,1.891860e-01
3250,1000,0.1,1.907090e-01
3275,1000,0.1,1.922380e-01
3300,1000,0.1,1.937720e-01
3325,1000,0.1,1.953100e-01
3350,1000,0.1,1.968510e-01
3375,1000,0.1,1.983930e-01
3400,1000,0.1,1.999360e-01
3425,1000,0.1,2.014790e-01
3450,1000,0.1,2.030200e-01
3475,1000,0.1,2.045590e-01
3500,1000,0.1,2.060960e-01
3525,1000,0.1,2.076290e-01
3550,1000,0.1,2.091590e-01
3575,1000,0.1,2.106860e-01
3600,1000,0.1,2.122090e-01
3625,1000,0.1,2.137290e-01
3650,1000,0.1,2.152460e-01
3675,1000,0.1,2.167610e-01
3700,1000,0.1,2.182750e-01
3725,1000,0.1,2.197890e-01
3750,1000,0.1,2.213060e-01
3775,1000,0.1,2.228250e-01
3800,1000,0.1,2.243510e-01
3825,1000,0.1,2.258850e-01
3850,1000,0.1,2.274300e-01
3875,1000,0.1,2.289900e-01
3900,1000,0.1,2.305690e-01
3925,1000,0.1,2.321710e-01
3950,1000,0.1,2.338010e-01
3975,1000,0.1,2.354650e-01
4000,1000,0.1,2.371690e-01
4025,1000,0.1,2.389190e-01
4050,1000,0.1,2.407250e-01
4075,1000,0.1,2.425950e-01
4100,1000,0.1,2.445380e-01
4125,1000,0.1,2.465670e-01
4150,1000,0.1,2.486920e-01
4175,1000,0.1,2.509270e-01
4200,1000,0.1,2.532890e-01
4225,1000,0.1,2.557930e-01
4250,1000,0.1,2.584580e-01
4275,1000,0.1,2.613060e-01
4300,1000,0.1,2.643590e-01
4325,1000,0.1,2.676430e-01
4350,1000,0.1,2.711870e-01
4375,1000,0.1,2.750230e-01
4400,1000,0.1,2.791860e-01
4425,1000,0.1,2.837160e-01
4450,1000,0.1,2.886570e-01
4475,1000,0.1,2.940590e-01
4500,1000,0.1,2.999760e-01
4525,1000,0.1,3.064700e-01
4550,1000,0.1,3.136100e-01
4575,1000,0.1,3.214730e-01
4600,1000,0.1,3.301450e-01
4625,1000,0.1,3.397250e-01
4650,1000,0.1,3.503210e-01
4675,1000,0.1,3.620590e-01
4700,1000,0.1,3.750770e-01
4725,1000,0.1,3.895370e-01
4750,1000,0.1,4.056200e-01
4775,1000,0.1,4.235330e-01
4800,1000,0.1,4.435160e-01
4825,1000,0.1,4.658420e-01
4850,1000,0.1,4.908300e-01
4875,1000,0.1,5.188510e-01
4900,1000,0.1,5.503370e-01
4925,1000,0.1,5.857980e-01
4950,1000,0.1,6.258400e-01
4975,1000,0.1,6.711830e-01
5000,1000,0.1,7.226980e-01
300,0.001,0.2,0.000000e+00
325,0.001,0.2,0.000000e+00
350,0.001,0.2,0.000000e+00
375,0.001,0.2,0.000000e+00
400,0.001,0.2,0.000000e+00
425,0.001,0.2,0.000000e+00
450,0.001,0.2,0.000000e+00
475,0.001,0.2,0.000000e+00
500,0.001,0.2,0.000000e+00
525,0.001,0.2,0.000000e+00
550,0.001,0.2,0.000000e+00
575,0.001,0.2,0.000000e+00
600,0.001,0.2,0.000000e+00
625,0.001,0.2,0.000000e+00
650,0.001,0.2,6.438380e-03
675,0.001,0.2,2.133960e-02
700,0.001,0.2,4.041180e-02
725,0.001,0.2,6.152450e-02
750,0.001,0.2,8.031900e-02
775,0.001,0.2,9.338610e-02
800,0.001,0.2,1.007970e-01
825,0.001,0.2,1.045370e-01
850,0.001,0.2,1.063490e-01
875,0.001,0.2,1.072300e-01
900,0.001,0.2,1.076680e-01
925,0.001,0.2,1.078930e-01
950,0.001,0.2,1.080120e-01
975,0.001,0.2,1.080780e-01
1000,0.001,0.2,1.081150e-01
1025,0.001,0.2,1.081370e-01
1050,0.001,0.2,1.081500e-01
1075,0.001,0.2,1.081590e-01
1100,0.001,0.2,1.081650e-01
1125,0.001,0.2,1.081710e-01
1150,0.001,0.2,1.081750e-01
1175,0.001,0.2,1.081800e-01
1200,0.001,0.2,1.081850e-01
1225,0.001,0.2,1.081910e-01
1250,0.001,0.2,1.081990e-01
1275,0.001,0.2,1.082080e-01
1300,0.001,0.2,1.082180e-01
1325,0.001,0.2,1.082310e-01
1350,0.001,0.2,1.082460e-01
1375,0.001,0.2,1.082650e-01
1400,0.001,0.2,1.082870e-01
1425,0.001,0.2,1.083130e-01
1450,0.001,0.2,1.083430e-01
1475,0.001,0.2,1.083780e-01
1500,0.001,0.2,1.084190e-01
1525,0.001,0.2,1.084660e-01
1550,0.001,0.2,1.085200e-01
1575,0.001,0.2,1.085820e-01
1600,0.001,0.2,1.086530e-01
1625,0.001,0.2,1.087320e-01
1650,0.001,0.2,1.088220e-01
1675,0.001,0.2,1.089230e-01
1700,0.001,0.2,1.090350e-01
1725,0.001,0.2,1.091610e-01
1750,0.001,0.2,1.093010e-01
1775,0.001,0.2,1.094550e-01
1800,0.001,0.2,1.096250e-01
1825,0.001,0.2,1.098120e-01
1850,0.001,0.2,1.100160e-01
1875,0.001,0.2,1.102390e-01
1900,0.001,0.2,1.104810e-01
1925,0.001,0.2,1.107440e-01
1950,0.001,0.2,1.110270e-01
1975,0.001,0.2,1.113320e-01
2000,0.001,0.2,1.116580e-01
2025,0.001,0.2,1.120060e-01
2050,0.001,0.2,1.123750e-01
2075,0.001,0.2,1.127660e-01
2100,0.001,0.2,1.131780e-01
2125,0.001,0.2,1.136100e-01
2150,0.001,0.2,1.140610e-01
2175,0.001,0.2,1.145290e-01
2200,0.001,0.2,1.150140e-01
2225,0.001,0.2,1.155120e-01
2250,0.001,0.2,1.160220e-01
2275,0.001,0.2,1.165440e-01
2300,0.001,0.2,1.170760e-01
2325,0.001,0.2,1.176180e-01
2350,0.001,0.2,1.181740e-01
2375,0.001,0.2,1.187470e-01
2400,0.001,0.2,1.193470e-01
2425,0.001,0.2,1.199900e-01
2450,0.001,0.2,1.206980e-01
2475,0.001,0.2,1.215050e-01
2500,0.001,0.2,1.224590e-01
2525,0.001,0.2,1.236270e-01
2550,0.001,0.2,1.251040e-01
2575,0.001,0.2,1.270140e-01
2600,0.001,0.2,1.295310e-01
2625,0.001,0.2,1.328820e-01
2650,0.001,0.2,1.373770e-01
2675,0.001,0.2,1.434270e-01
2700,0.001,0.2,1.515820e-01
2725,0.001,0.2,1.625850e-01
2750,0.001,0.2,1.774350e-01
2775,0.001,0.2,1.974940e-01
2800,0.001,0.2,2.246410e-01
2825,0.001,0.2,2.615060e-01
2850,0.001,0.2,3.118560e-01
2875,0.001,0.2,3.812440e-01
2900,0.001,0.2,4.781790e-01
2925,0.001,0.2,6.163590e-01
2950,0.001,0.2,8.193330e-01
2975,0.001,0.2,1.131340e+00
3000,0.001,0.2,1.646510e+00
3025,0.001,0.2,2.606880e+00
3050,0.001,0.2,4.878380e+00
3075,0.001,0.2,1.545980e+01
3100,0.001,0.2,2.000000e+02
3125,0.001,0.2,2.000000e+02
3150,0.001,0.2,2.000000e+02
3175,0.001,0.2,2.000000e+02
3200,0.001,0.2,2.000000e+02
3225,0.001,0.2,2.000000e+02
3250,0.001,0.2,2.000000e+02
3275,0.001,0.2,2.000000e+02
3300,0.001,0.2,2.000000e+02
3325,0.001,0.2,2.000000e+02
3350,0.001,0.2,2.000000e+02
3375,0.001,0.2,2.000000e+02
3400,0.001,0.2,2.000000e+02
3425,0.001,0.2,2.000000e+02
3450,0.001,0.2,2.000000e+02
3475,0.001,0.2,2.000000e+02
3500,0.001,0.2,2.000000e+02
3525,0.001,0.2,2.000000e+02
3550,0.001,0.2,2.000000e+02
3575,0.001,0.2,2.000000e+02
3600,0.001,0.2,2.000000e+02
3625,0.001,0.2,2.000000e+02
3650,0.001,0.2,2.000000e+02
3675,0.001,0.2,2.000000e+02
3700,0.001,0.2,2.000000e+02
3725,0.001,0.2,2.000000e+02
3750,0.001,0.2,2.000000e+02
3775,0.001,0.2,2.000000e+02
3800,0.001,0.2,2.000000e+02
3825,0.001,0.2,2.000000e+02
3850,0.001,0.2,2.000000e+02
3875,0.001,0.2,2.000000e+02
3900,0.001,0.2,2.000000e+02
3925,0.001,0.2,2.000000e+02
3950,0.001,0.2,2.000000e+02
3975,0.001,0.2,2.000000e+02
4000,0.001,0.2,2.000000e+02
4025,0.001,0.2,2.000000e+02
4050,0.001,0.2,2.000000e+02
4075,0.001,0.2,2.000000e+02
4100,0.001,0.2,2.000000e+02
4125,0.001,0.2,2.000000e+02
4150,0.001,0.2,2.000000e+02
4175,0.001,0.2,2.000000e+02
4200,0.001,0.2,2.000000e+02
4225,0.001,0.2,2.000000e+02
4250,0.001,0.2,2.000000e+02
4275,0.001,0.2,2.000000e+02
4300,0.001,0.2,2.000000e+02
4325,0.001,0.2,2.000000e+02
4350,0.001,0.2,2.000000e+02
4375,0.001,0.2,2.000000e+02
4400,0.001,0.2,2.000000e+02
4425,0.001,0.2,2.000000e+02
4450,0.001,0.2,2.000000e+02
4475,0.001,0.2,2.000000e+02
4500,0.001,0.2,2.000000e+02
4525,0.001,0.2,2.000000e+02
4550,0.001,0.2,2.000000e+02
4575,0.001,0.2,2.000000e+02
4600,0.001,0.2,2.000000e+02
4625,0.001,0.2,2.000000e+02
4650,0.001,0.2,2.000000e+02
4675,0.001,0.2,2.000000e+02
4700,0.001,0.2,2.000000e+02
4725,0.001,0.2,2.000000e+02
4750,0.001,0.2,2.000000e+02
4775,0.001,0.2,2.000000e+02
4800,0.001,0.2,2.000000e+02
4825,0.001,0.2,2.000000e+02
4850,0.001,0.2,2.000000e+02
4875,0.001,0.2,2.000000e+02
4900,0.001,0.2,2.000000e+02
4925,0.001,0.2,2.000000e+02
4950,0.001,0.2,2.000000e+02
4975,0.001,0.2,2.000000e+02
5000,0.001,0.2,2.000000e+02
300,0.00177828,0.2,0.000000e+00
325,0.00177828,0.2,0.000000e+00
350,0.00177828,0.2,0.000000e+00
375,0.00177828,0.2,0.000000e+00
400,0.00177828,0.2,0.000000e+00
425,0.00177828,0.2,0.000000e+00
450,0.00177828,0.2,0.000000e+00
475,0.00177828,0.2,0.000000e+00
500,0.00177828,0.2,0.000000e+00
525,0.00177828,0.2,0.000000e+00
550,0.00177828,0.2,0.000000e+00
575,0.00177828,0.2,0.000000e+00
600,0.00177828,0.2,0.000000e+00
625,0.00177828,0.2,0.000000e+00
650,0.00177828,0.2,1.033790e-04
675,0.00177828,0.2,1.266120e-02
700,0.00177828,0.2,2.918920e-02
725,0.00177828,0.2,4.896780e-02
750,0.00177828,0.2,6.901690e-02
775,0.00177828,0.2,8.534580e-02
800,0.00177828,0.2,9.601910e-02
825,0.00177828,0.2,1.019560e-01
850,0.00177828,0.2,1.049950e-01
875,0.00177828,0.2,1.065160e-01
900,0.00177828,0.2,1.072830e-01
925,0.00177828,0.2,1.076790e-01
950,0.00177828,0.2,1.078900e-01
975,0.00177828,0.2,1.080060e-01
1000,0.00177828,0.2,1.080710e-01
1025,0.00177828,0.2,1.081100e-01
1050,0.00177828,0.2,1.081330e-01
1075,0.00177828,0.2,1.081480e-01
1100,0.00177828,0.2,1.081580e-01
1125,0.00177828,0.2,1.081660e-01
1150,0.00177828,0.2,1.081720e-01
1175,0.00177828,0.2,1.081780e-01
1200,0.00177828,0.2,1.081840e-01
1225,0.00177828,0.2,1.081900e-01
1250,0.00177828,0.2,1.081980e-01
1275,0.00177828,0.2,1.082070e-01
1300,0.00177828,0.2,1.082180e-01
1325,0.00177828,0.2,1.082310e-01
1350,0.00177828,0.2,1.082460e-01
1375,0.00177828,0.2,1.082650e-01
1400,0.00177828,0.2,1.082870e-01
1425,0.00177828,0.2,1.083120e-01
1450,0.00177828,0.2,1.083430e-01
1475,0.00177828,0.2,1.083780e-01
1500,0.00177828,0.2,1.084190e-01
1525,0.00177828,0.2,1.084660e-01
1550,0.00177828,0.2,1.085200e-01
1575,0.00177828,0.2,1.085820e-01
1600,0.00177828,0.2,1.086530e-01
1625,0.00177828,0.2,1.087320e-01
1650,0.00177828,0.2,1.088220e-01
1675,0.00177828,0.2,1.089230e-01
1700,0.00177828,0.2,1.090360e-01
1725,0.00177828,0.2,1.091620e-01
1750,0.00177828,0.2,1.093020e-01
1775,0.00177828,0.2,1.094570e-01
1800,0.00177828,0.2,1.096270e-01
1825,0.00177828,0.2,1.098150e-01
1850,0.00177828,0.2,1.100210e-01
1875,0.00177828,0.2,1.102450e-01
1900,0.00177828,0.2,1.104900e-01
1925,0.00177828,0.2,1.107550e-01
1950,0.00177828,0.2,1.110420e-01
1975,0.00177828,0.2,1.113510e-01
2000,0.00177828,0.2,1.116840e-01
2025,0.00177828,0.2,1.120390e-01
2050,0.00177828,0.2,1.124180e-01
2075,0.00177828,0.2,1.128220e-01
2100,0.00177828,0.2,1.132480e-01
2125,0.00177828,0.2,1.136980e-01
2150,0.00177828,0.2,1.141710e-01
2175,0.00177828,0.2,1.146660e-01
2200,0.00177828,0.2,1.151810e-01
2225,0.00177828,0.2,1.157160e-01
2250,0.00177828,0.2,1.162680e-01
2275,0.00177828,0.2,1.168370e-01
2300,0.00177828,0.2,1.174200e-01
2325,0.00177828,0.2,1.180180e-01
2350,0.00177828,0.2,1.186290e-01
2375,0.00177828,0.2,1.192550e-01
2400,0.00177828,0.2,1.198990e-01
2425,0.00177828,0.2,1.205680e-01
2450,0.00177828,0.2,1.212720e-01
2475,0.00177828,0.2,1.220280e-01
2500,0.00177828,0.2,1.228610e-01
2525,0.00177828,0.2,1.238070e-01
2550,0.00177828,0.2,1.249170e-01
2575,0.00177828,0.2,1.262620e-01
2600,0.00177828,0.2,1.279380e-01
2625,0.00177828,0.2,1.300730e-01
2650,0.00177828,0.2,1.328430e-01
2675,0.00177828,0.2,1.364770e-01
2700,0.00177828,0.2,1.412810e-01
2725,0.00177828,0.2,1.476640e-01
2750,0.00177828,0.2,1.561620e-01
2775,0.00177828,0.2,1.674950e-01
2800,0.00177828,0.2,1.826210e-01
2825,0.00177828,0.2,2.028360e-01
2850,0.00177828,0.2,2.299060e-01
2875,0.00177828,0.2,2.662810e-01
2900,0.00177828,0.2,3.154300e-01
2925,0.00177828,0.2,3.823990e-01
2950,0.00177828,0.2,4.747980e-01
2975,0.00177828,0.2,6.046410e-01
3000,0.00177828,0.2,7.920710e-01
3025,0.00177828,0.2,1.073650e+00
3050,0.00177828,0.2,1.523420e+00
3075,0.00177828,0.2,2.317640e+00
3100,0.00177828,0.2,4.002980e+00
3125,0.00177828,0.2,9.517580e+00
3150,0.00177828,0.2,2.000000e+02
3175,0.00177828,0.2,2.000000e+02
3200,0.00177828,0.2,2.000000e+02
3225,0.00177828,0.2,2.000000e+02
3250,0.00177828,0.2,2.000000e+02
3275,0.00177828,0.2,2.000000e+02
3300,0.00177828,0.2,2.000000e+02
3325,0.00177828,0.2,2.000000e+02
3350,0.00177828,0.2,2.000000e+02
3375,0.00177828,0.2,2.000000e+02
3400,0.00177828,0.2,2.000000e+02
3425,0.00177828,0.2,2.000000e+02
3450,0.00177828,0.2,2.000000e+02
3475,0.00177828,0.2,2.000000e+02
3500,0.00177828,0.2,2.000000e+02
3525,0.00177828,0.2,2.000000e+02
3550,0.00177828,0.2,2.000000e+02
3575,0.00177828,0.2,2.000000e+02
3600,0.00177828,0.2,2.000000e+02
3625,0.00177828,0.2,2.000000e+02
3650,0.00177828,0.2,2.000000e+02
3675,0.00177828,0.2,2.000000e+02
3700,0.00177828,0.2,2.000000e+02
3725,0.00177828,0.2,2.000000e+02
3750,0.00177828,0.2,2.000000e+02
3775,0.00177828,0.2,2.000000e+02
3800,0.00177828,0.2,2.000000e+02
3825,0.00177828,0.2,2.000000e+02
3850,0.00177828,0.2,2.000000e+02
3875,0.00177828,0.2,2.000000e+02
3900,0.00177828,0.2,2.000000e+02
3925,0.00177828,0.2,2.000000e+02
3950,0.00177828,0.2,2.000000e+02
3975,0.00177828,0.2,2.000000e+02
4000,0.00177828,0.2,2.000000e+02
4025,0.00177828,0.2,2.000000e+02
4050,0.00177828,0.2,2.000000e+02
4075,0.00177828,0.2,2.000000e+02
4100,0.00177828,0.2,2.000000e+02
4125,0.00177828,0.2,2.000000e+02
4150,0.00177828,0.2,2.000000e+02
4175,0.00177828,0.2,2.000000e+02
4200,0.00177828,0.2,2.000000e+02
4225,0.00177828,0.2,2.000000e+02
4250,0.00177828,0.2,2.000000e+02
4275,0.00177828,0.2,2.000000e+02
4300,0.00177828,0.2,2.000000e+02
4325,0.00177828,0.2,2.000000e+02
4350,0.00177828,0.2,2.000000e+02
4375,0.00177828,0.2,2.000000e+02
4400,0.00177828,0.2,2.000000e+02
4425,0.00177828,0.2,2.000000e+02
4450,0.00177828,0.2,2.000000e+02
4475,0.00177828,0.2,2.000000e+02
4500,0.00177828,0.2,2.000000e+02
4525,0.00177828,0.2,2.000000e+02
4550,0.00177828,0.2,2.000000e+02
4575,0.00177828,0.2,2.000000e+02
4600,0.00177828,0.2,2.000000e+02
4625,0.00177828,0.2,2.000000e+02
4650,0.00177828,0.2,2.000000e+02
4675,0.00177828,0.2,2.000000e+02
4700,0.00177828,0.2,2.000000e+02
4725,0.00177828,0.2,2.000000e+02
4750,0.00177828,0.2,2.000000e+02
4775,0.00177828,0.2,2.000000e+02
4800,0.00177828,0.2,2.000000e+02
4825,0.00177828,0.2,2.000000e+02
4850,0.00177828,0.2,2.000000e+02
4875,0.00177828,0.2,2.000000e+02
4900,0.00177828,0.2,2.000000e+02
4925,0.00177828,0.2,2.000000e+02
4950,0.00177828,0.2,2.000000e+02
4975,0.00177828,0.2,2.000000e+02
5000,0.00177828,0.2,2.000000e+02
300,0.00316228,0.2,0.000000e+00
325,0.00316228,0.2,0.000000e+00
350,0.00316228,0.2,0.000000e+00
375,0.00316228,0.2,0.000000e+00
400,0.00316228,0.2,0.000000e+00
425,0.00316228,0.2,0.000000e+00
450,0.00316228,0.2,0.000000e+00
475,0.00316228,0.2,0.000000e+00
500,0.00316228,0.2,0.000000e+00
525,0.00316228,0.2,0.000000e+00
550,0.00316228,0.2,0.000000e+00
575,0.00316228,0.2,0.000000e+00
600,0.00316228,0.2,0.000000e+00
625,0.00316228,0.2,0.000000e+00
650,0.00316228,0.2,0.000000e+00
675,0.00316228,0.2,5.115680e-03
700,0.00316228,0.2,1.915880e-02
725,0.00316228,0.2,3.679650e-02
750,0.00316228,0.2,5.649550e-02
775,0.00316228,0.2,7.494370e-02
800,0.00316228,0.2,8.897220e-02
825,0.00316228,0.2,9.780650e-02
850,0.00316228,0.2,1.027120e-01
875,0.00316228,0.2,1.052800e-01
900,0.00316228,0.2,1.066070e-01
925,0.00316228,0.2,1.073020e-01
950,0.00316228,0.2,1.076740e-01
975,0.00316228,0.2,1.078790e-01
1000,0.00316228,0.2,1.079940e-01
1025,0.00316228,0.2,1.080620e-01
1050,0.00316228,0.2,1.081030e-01
1075,0.00316228,0.2,1.081280e-01
1100,0.00316228,0.2,1.081450e-01
1125,0.00316228,0.2,1.081570e-01
1150,0.00316228,0.2,1.081660e-01
1175,0.00316228,0.2,1.081730e-01
1200,0.00316228,0.2,1.081810e-01
1225,0.00316228,0.2,1.081880e-01
1250,0.00316228,0.2,1.081960e-01
1275,0.00316228,0.2,1.082060e-01
1300,0.00316228,0.2,1.082170e-01
1325,0.00316228,0.2,1.082300e-01
1350,0.00316228,0.2,1.082460e-01
1375,0.00316228,0.2,1.082640e-01
1400,0.00316228,0.2,1.082860e-01
1425,0.00316228,0.2,1.083120e-01
1450,0.00316228,0.2,1.083430e-01
1475,0.00316228,0.2,1.083780e-01
1500,0.00316228,0.2,1.084190e-01
1525,0.00316228,0.2,1.084660e-01
1550,0.00316228,0.2,1.085200e-01
1575,0.00316228,0.2,1.085820e-01
1600,0.00316228,0.2,1.086530e-01
1625,0.00316228,0.2,1.087320e-01
1650,0.00316228,0.2,1.088220e-01
1675,0.00316228,0.2,1.089230e-01
1700,0.00316228,0.2,1.090370e-01
1725,0.00316228,0.2,1.091630e-01
1750,0.00316228,0.2,1.093030e-01
1775,0.00316228,0.2,1.094580e-01
1800,0.00316228,0.2,1.096290e-01
1825,0.00316228,0.2,1.098180e-01
1850,0.00316228,0.2,1.100240e-01
1875,0.00316228,0.2,1.102500e-01
1900,0.00316228,0.2,1.104960e-01
1925,0.00316228,0.2,1.107640e-01
1950,0.00316228,0.2,1.110530e-01
1975,0.00316228,0.2,1.113660e-01
2000,0.00316228,0.2,1.117030e-01
2025,0.00316228,0.2,1.120640e-01
2050,0.00316228,0.2,1.124510e-01
2075,0.00316228,0.2,1.128630e-01
2100,0.00316228,0.2,1.133020e-01
2125,0.00316228,0.2,1.137660e-01
2150,0.00316228,0.2,1.142560e-01
2175,0.00316228,0.2,1.147710e-01
2200,0.00316228,0.2,1.153110e-01
2225,0.00316228,0.2,1.158750e-01
2250,0.00316228,0.2,1.164610e-01
2275,0.00316228,0.2,1.170690e-01
2300,0.00316228,0.2,1.176980e-01
2325,0.00316228,0.2,1.183450e-01
2350,0.00316228,0.2,1.190100e-01
2375,0.00316228,0.2,1.196920e-01
2400,0.00316228,0.2,1.203920e-01
2425,0.00316228,0.2,1.211110e-01
2450,0.00316228,0.2,1.218550e-01
2475,0.00316228,0.2,1.226300e-01
2500,0.00316228,0.2,1.234480e-01
2525,0.00316228,0.2,1.243280e-01
2550,0.00316228,0.2,1.252960e-01
2575,0.00316228,0.2,1.263900e-01
2600,0.00316228,0.2,1.276610e-01
2625,0.00316228,0.2,1.291820e-01
2650,0.00316228,0.2,1.310500e-01
2675,0.00316228,0.2,1.333920e-01
2700,0.00316228,0.2,1.363820e-01
2725,0.00316228,0.2,1.402460e-01
2750,0.00316228,0.2,1.452810e-01
2775,0.00316228,0.2,1.518780e-01
2800,0.00316228,0.2,1.605540e-01
2825,0.00316228,0.2,1.719850e-01
2850,0.00316228,0.2,1.870730e-01
2875,0.00316228,0.2,2.070170e-01
2900,0.00316228,0.2,2.334420e-01
2925,0.00316228,0.2,2.685690e-01
2950,0.00316228,0.2,3.155060e-01
2975,0.00316228,0.2,3.787080e-01
3000,0.00316228,0.2,4.647730e-01
3025,0.00316228,0.2,5.838870e-01
3050,0.00316228,0.2,7.526450e-01
3075,0.00316228,0.2,1.000050e+00
3100,0.00316228,0.2,1.381790e+00
3125,0.00316228,0.2,2.020210e+00
3150,0.00316228,0.2,3.246350e+00
3175,0.00316228,0.2,6.368530e+00
3200,0.00316228,0.2,2.676270e+01
3225,0.00316228,0.2,2.000000e+02
3250,0.00316228,0.2,2.000000e+02
3275,0.00316228,0.2,2.000000e+02
3300,0.00316228,0.2,2.000000e+02
3325,0.00316228,0.2,2.000000e+02
3350,0.00316228,0.2,2.000000e+02
3375,0.00316228,0.2,2.000000e+02
3400,0.00316228,0.2,2.000000e+02
3425,0.00316228,0.2,2.000000e+02
3450,0.00316228,0.2,2.000000e+02
3475,0.00316228,0.2,2.000000e+02
3500,0.00316228,0.2,2.000000e+02
3525,0.00316228,0.2,2.000000e+02
3550,0.00316228,0.2,2.000000e+02
3575,0.00316228,0.2,2.000000e+02
3600,0.00316228,0.2,2.000000e+02
3625,0.00316228,0.2,2.000000e+02
3650,0.00316228,0.2,2.000000e+02
3675,0.00316228,0.2,2.000000e+02
3700,0.00316228,0.2,2.000000e+02
3725,0.00316228,0.2,2.000000e+02
3750,0.00316228,0.2,2.000000e+02
3775,0.00316228,0.2,2.000000e+02
3800,0.00316228,0.2,2.000000e+02
3825,0.00316228,0.2,2.000000e+02
3850,0.00316228,0.2,2.000000e+02
3875,0.00316228,0.2,2.000000e+02
3900,0.00316228,0.2,2.000000e+02
3925,0.00316228,0.2,2.000000e+02
3950,0.00316228,0.2,2.000000e+02
3975,0.00316228,0.2,2.000000e+02
4000,0.00316228,0.2,2.000000e+02
4025,0.00316228,0.2,2.000000e+02
4050,0.00316228,0.2,2.000000e+02
4075,0.00316228,0.2,2.000000e+02
4100,0.00316228,0.2,2.000000e+02
4125,0.00316228,0.2,2.000000e+02
4150,0.00316228,0.2,2.000000e+02
4175,0.00316228,0.2,2.000000e+02
4200,0.00316228,0.2,2.000000e+02
4225,0.00316228,0.2,2.000000e+02
4250,0.00316228,0.2,2.000000e+02
4275,0.00316228,0.2,2.000000e+02
4300,0.00316228,0.2,2.000000e+02
4325,0.00316228,0.2,2.000000e+02
4350,0.00316228,0.2,2.000000e+02
4375,0.00316228,0.2,2.000000e+02
4400,0.00316228,0.2,2.000000e+02
4425,0.00316228,0.2,2.000000e+02
4450,0.00316228,0.2,2.000000e+02
4475,0.00316228,0.2,2.000000e+02
4500,0.00316228,0.2,2.000000e+02
4525,0.00316228,0.2,2.000000e+02
4550,0.00316228,0.2,2.000000e+02
4575,0.00316228,0.2,2.000000e+02
4600,0.00316228,0.2,2.000000e+02
4625,0.00316228,0.2,2.000000e+02
4650,0.00316228,0.2,2.000000e+02
4675,0.00316228,0.2,2.000000e+02
4700,0.00316228,0.2,2.000000e+02
4725,0.00316228,0.2,2.000000e+02
4750,0.00316228,0.2,2.000000e+02
4775,0.00316228,0.2,2.000000e+02
4800,0.00316228,0.2,2.000000e+02
4825,0.00316228,0.2,2.000000e+02
4850,0.00316228,0.2,2.000000e+02
4875,0.00316228,0.2,2.000000e+02
4900,0.00316228,0.2,2.000000e+02
4925,0.00316228,0.2,2.000000e+02
4950,0.00316228,0.2,2.000000e+02
4975,0.00316228,0.2,2.000000e+02
5000,0.00316228,0.2,2.000000e+02
300,0.00562341,0.2,0.000000e+00
325,0.00562341,0.2,0.000000e+00
350,0.00562341,0.2,0.000000e+00
375,0.00562341,0.2,0.000000e+00
400,0.00562341,0.2,0.000000e+00
425,0.00562341,0.2,0.000000e+00
450,0.00562341,0.2,0.000000e+00
475,0.00562341,0.2,0.000000e+00
500,0.00562341,0.2,0.000000e+00
525,0.00562341,0.2,0.000000e+00
550,0.00562341,0.2,0.000000e+00
575,0.00562341,0.2,0.000000e+00
600,0.00562341,0.2,0.000000e+00
625,0.00562341,0.2,0.000000e+00
650,0.00562341,0.2,0.000000e+00
675,0.00562341,0.2,0.000000e+00
700,0.00562341,0.2,1.037920e-02
725,0.00562341,0.2,2.560540e-02
750,0.00562341,0.2,4.377230e-02
775,0.00562341,0.2,6.278090e-02
800,0.00562341,0.2,7.944610e-02
825,0.00562341,0.2,9.152280e-02
850,0.00562341,0.2,9.899420e-02
875,0.00562341,0.2,1.031850e-01
900,0.00562341,0.2,1.054370e-01
925,0.00562341,0.2,1.066410e-01
950,0.00562341,0.2,1.072920e-01
975,0.00562341,0.2,1.076530e-01
1000,0.00562341,0.2,1.078580e-01
1025,0.00562341,0.2,1.079770e-01
1050,0.00562341,0.2,1.080490e-01
1075,0.00562341,0.2,1.080940e-01
1100,0.00562341,0.2,1.081220e-01
1125,0.00562341,0.2,1.081410e-01
1150,0.00562341,0.2,1.081550e-01
1175,0.00562341,0.2,1.081660e-01
1200,0.00562341,0.2,1.081760e-01
1225,0.00562341,0.2,1.081840e-01
1250,0.00562341,0.2,1.081940e-01
1275,0.00562341,0.2,1.082040e-01
1300,0.00562341,0.2,1.082160e-01
1325,0.00562341,0.2,1.082290e-01
1350,0.00562341,0.2,1.082450e-01
1375,0.00562341,0.2,1.082640e-01
1400,0.00562341,0.2,1.082860e-01
1425,0.00562341,0.2,1.083120e-01
1450,0.00562341,0.2,1.083420e-01
1475,0.00562341,0.2,1.083780e-01
1500,0.00562341,0.2,1.084190e-01
1525,0.00562341,0.2,1.084660e-01
1550,0.00562341,0.2,1.085200e-01
1575,0.00562341,0.2,1.085820e-01
1600,0.00562341,0.2,1.086530e-01
1625,0.00562341,0.2,1.087320e-01
1650,0.00562341,0.2,1.088220e-01
1675,0.00562341,0.2,1.089240e-01
1700,0.00562341,0.2,1.090370e-01
1725,0.00562341,0.2,1.091630e-01
1750,0.00562341,0.2,1.093030e-01
1775,0.00562341,0.2,1.094590e-01
1800,0.00562341,0.2,1.096300e-01
1825,0.00562341,0.2,1.098190e-01
1850,0.00562341,0.2,1.100270e-01
1875,0.00562341,0.2,1.102540e-01
1900,0.00562341,0.2,1.105010e-01
1925,0.00562341,0.2,1.107700e-01
1950,0.00562341,0.2,1.110620e-01
1975,0.00562341,0.2,1.113770e-01
2000,0.00562341,0.2,1.117180e-01
2025,0.00562341,0.2,1.120830e-01
2050,0.00562341,0.2,1.124760e-01
2075,0.00562341,0.2,1.128950e-01
2100,0.00562341,0.2,1.133420e-01
2125,0.00562341,0.2,1.138170e-01
2150,0.00562341,0.2,1.143200e-01
2175,0.00562341,0.2,1.148510e-01
2200,0.00562341,0.2,1.154100e-01
2225,0.00562341,0.2,1.159970e-01
2250,0.00562341,0.2,1.166110e-01
2275,0.00562341,0.2,1.172510e-01
2300,0.00562341,0.2,1.179160e-01
2325,0.00562341,0.2,1.186050e-01
2350,0.00562341,0.2,1.193170e-01
2375,0.00562341,0.2,1.200510e-01
2400,0.00562341,0.2,1.208050e-01
2425,0.00562341,0.2,1.215820e-01
2450,0.00562341,0.2,1.223800e-01
2475,0.00562341,0.2,1.232030e-01
2500,0.00562341,0.2,1.240560e-01
2525,0.00562341,0.2,1.249470e-01
2550,0.00562341,0.2,1.258900e-01
2575,0.00562341,0.2,1.269030e-01
2600,0.00562341,0.2,1.280130e-01
2625,0.00562341,0.2,1.292590e-01
2650,0.00562341,0.2,1.306940e-01
2675,0.00562341,0.2,1.323870e-01
2700,0.00562341,0.2,1.344350e-01
2725,0.00562341,0.2,1.369630e-01
2750,0.00562341,0.2,1.401370e-01
2775,0.00562341,0.2,1.441740e-01
2800,0.00562341,0.2,1.493560e-01
2825,0.00562341,0.2,1.560510e-01
2850,0.00562341,0.2,1.647420e-01
2875,0.00562341,0.2,1.760540e-01
2900,0.00562341,0.2,1.908120e-01
2925,0.00562341,0.2,2.101060e-01
2950,0.00562341,0.2,2.353890e-01
2975,0.00562341,0.2,2.686310e-01
3000,0.00562341,0.2,3.125460e-01
3025,0.00562341,0.2,3.709600e-01
3050,0.00562341,0.2,4.494320e-01
3075,0.00562341,0.2,5.563390e-01
3100,0.00562341,0.2,7.049130e-01
3125,0.00562341,0.2,9.173710e-01
3150,0.00562341,0.2,1.234120e+00
3175,0.00562341,0.2,1.737180e+00
3200,0.00562341,0.2,2.622390e+00
3225,0.00562341,0.2,4.499780e+00
3250,0.00562341,0.2,1.067840e+01
3275,0.00562341,0.2,2.000000e+02
3300,0.00562341,0.2,2.000000e+02
3325,0.00562341,0.2,2.000000e+02
3350,0.00562341,0.2,2.000000e+02
3375,0.00562341,0.2,2.000000e+02
3400,0.00562341,0.2,2.000000e+02
3425,0.00562341,0.2,2.000000e+02
3450,0.00562341,0.2,2.000000e+02
3475,0.00562341,0.2,2.000000e+02
3500,0.00562341,0.2,2.000000e+02
3525,0.00562341,0.2,2.000000e+02
3550,0.00562341,0.2,2.000000e+02
3575,0.00562341,0.2,2.000000e+02
3600,0.00562341,0.2,2.000000e+02
3625,0.00562341,0.2,2.000000e+02
3650,0.00562341,0.2,2.000000e+02
3675,0.00562341,0.2,2.000000e+02
3700,0.00562341,0.2,2.000000e+02
3725,0.00562341,0.2,2.000000e+02
3750,0.00562341,0.2,2.000000e+02
3775,0.00562341,0.2,2.000000e+02
3800,0.00562341,0.2,2.000000e+02
3825,0.00562341,0.2,2.000000e+02
3850,0.00562341,0.2,2.000000e+02
3875,0.00562341,0.2,2.000000e+02
3900,0.00562341,0.2,2.000000e+02
3925,0.00562341,0.2,2.000000e+02
3950,0.00562341,0.2,2.000000e+02
3975,0.00562341,0.2,2.000000e+02
4000,0.00562341,0.2,2.000000e+02
4025,0.00562341,0.2,2.000000e+02
4050,0.00562341,0.2,2.000000e+02
4075,0.00562341,0.2,2.000000e+02
4100,0.00562341,0.2,2.000000e+02
4125,0.00562341,0.2,2.000000e+02
4150,0.00562341,0.2,2.000000e+02
4175,0.00562341,0.2,2.000000e+02
4200,0.00562341,0.2,2.000000e+02
4225,0.00562341,0.2,2.000000e+02
4250,0.00562341,0.2,2.000000e+02
4275,0.00562341,0.2,2.000000e+02
4300,0.00562341,0.2,2.000000e+02
4325,0.00562341,0.2,2.000000e+02
4350,0.00562341,0.2,2.000000e+02
4375,0.00562341,0.2,2.000000e+02
4400,0.00562341,0.2,2.000000e+02
4425,0.00562341,0.2,2.000000e+02
4450,0.00562341,0.2,2.000000e+02
4475,0.00562341,0.2,2.000000e+02
4500,0.00562341,0.2,2.000000e+02
4525,0.00562341,0.2,2.000000e+02
4550,0.00562341,0.2,2.000000e+02
4575,0.00562341,0.2,2.000000e+02
4600,0.00562341,0.2,2.000000e+02
4625,0.00562341,0.2,2.000000e+02
4650,0.00562341,0.2,2.000000e+02
4675,0.00562341,0.2,2.000000e+02
4700,0.00562341,0.2,2.000000e+02
4725,0.00562341,0.2,2.000000e+02
4750,0.00562341,0.2,2.000000e+02
4775,0.00562341,0.2,2.000000e+02
4800,0.00562341,0.2,2.000000e+02
4825,0.00562341,0.2,2.000000e+02
4850,0.00562341,0.2,2.000000e+02
4875,0.00562341,0.2,2.000000e+02
4900,0.00562341,0.2,2.000000e+02
4925,0.00562341,0.2,2.000000e+02
4950,0.00562341,0.2,2.000000e+02
4975,0.00562341,0.2,2.000000e+02
5000,0.00562341,0.2,2.000000e+02
300,0.01,0.2,0.000000e+00
325,0.01,0.2,0.000000e+00
350,0.01,0.2,0.000000e+00
375,0.01,0.2,0.000000e+00
400,0.01,0.2,0.000000e+00
425,0.01,0.2,0.000000e+00
450,0.01,0.2,0.000000e+00
475,0.01,0.2,0.000000e+00
500,0.01,0.2,0.000000e+00
525,0.01,0.2,0.000000e+00
550,0.01,0.2,0.000000e+00
575,0.01,0.2,0.000000e+00
600,0.01,0.2,0.000000e+00
625,0.01,0.2,0.000000e+00
650,0.01,0.2,0.000000e+00
675,0.01,0.2,0.000000e+00
700,0.01,0.2,2.783500e-03
725,0.01,0.2,1.566630e-02
750,0.01,0.2,3.168330e-02
775,0.01,0.2,4.984610e-02
800,0.01,0.2,6.779040e-02
825,0.01,0.2,8.274320e-02
850,0.01,0.2,9.325990e-02
875,0.01,0.2,9.974510e-02
900,0.01,0.2,1.034460e-01
925,0.01,0.2,1.054940e-01
950,0.01,0.2,1.066240e-01
975,0.01,0.2,1.072560e-01
1000,0.01,0.2,1.076160e-01
1025,0.01,0.2,1.078270e-01
1050,0.01,0.2,1.079540e-01
1075,0.01,0.2,1.080320e-01
1100,0.01,0.2,1.080810e-01
1125,0.01,0.2,1.081140e-01
1150,0.01,0.2,1.081370e-01
1175,0.01,0.2,1.081530e-01
1200,0.01,0.2,1.081660e-01
1225,0.01,0.2,1.081780e-01
1250,0.01,0.2,1.081890e-01
1275,0.01,0.2,1.082000e-01
1300,0.01,0.2,1.082130e-01
1325,0.01,0.2,1.082270e-01
1350,0.01,0.2,1.082440e-01
1375,0.01,0.2,1.082630e-01
1400,0.01,0.2,1.082850e-01
1425,0.01,0.2,1.083110e-01
1450,0.01,0.2,1.083420e-01
1475,0.01,0.2,1.083770e-01
1500,0.01,0.2,1.084180e-01
1525,0.01,0.2,1.084660e-01
1550,0.01,0.2,1.085200e-01
1575,0.01,0.2,1.085820e-01
1600,0.01,0.2,1.086530e-01
1625,0.01,0.2,1.087320e-01
1650,0.01,0.2,1.088230e-01
1675,0.01,0.2,1.089240e-01
1700,0.01,0.2,1.090370e-01
1725,0.01,0.2,1.091630e-01
1750,0.01,0.2,1.093040e-01
1775,0.01,0.2,1.094600e-01
1800,0.01,0.2,1.096320e-01
1825,0.01,0.2,1.098210e-01
1850,0.01,0.2,1.100290e-01
1875,0.01,0.2,1.102560e-01
1900,0.01,0.2,1.105040e-01
1925,0.01,0.2,1.107750e-01
1950,0.01,0.2,1.110680e-01
1975,0.01,0.2,1.113860e-01
2000,0.01,0.2,1.117290e-01
2025,0.01,0.2,1.120980e-01
2050,0.01,0.2,1.124940e-01
2075,0.01,0.2,1.129190e-01
2100,0.01,0.2,1.133720e-01
2125,0.01,0.2,1.138550e-01
2150,0.01,0.2,1.143680e-01
2175,0.01,0.2,1.149120e-01
2200,0.01,0.2,1.154860e-01
2225,0.01,0.2,1.160910e-01
2250,0.01,0.2,1.167260e-01
2275,0.01,0.2,1.173910e-01
2300,0.01,0.2,1.180860e-01
2325,0.01,0.2,1.188090e-01
2350,0.01,0.2,1.195590e-01
2375,0.01,0.2,1.203370e-01
2400,0.01,0.2,1.211400e-01
2425,0.01,0.2,1.219690e-01
2450,0.01,0.2,1.228220e-01
2475,0.01,0.2,1.237010e-01
2500,0.01,0.2,1.246070e-01
2525,0.01,0.2,1.255430e-01
2550,0.01,0.2,1.265150e-01
2575,0.01,0.2,1.275310e-01
2600,0.01,0.2,1.286060e-01
2625,0.01,0.2,1.297590e-01
2650,0.01,0.2,1.310180e-01
2675,0.01,0.2,1.324190e-01
2700,0.01,0.2,1.340160e-01
2725,0.01,0.2,1.358760e-01
2750,0.01,0.2,1.380900e-01
2775,0.01,0.2,1.407790e-01
2800,0.01,0.2,1.440990e-01
2825,0.01,0.2,1.482520e-01
2850,0.01,0.2,1.535020e-01
2875,0.01,0.2,1.601870e-01
2900,0.01,0.2,1.687460e-01
2925,0.01,0.2,1.797480e-01
2950,0.01,0.2,1.939300e-01
2975,0.01,0.2,2.122580e-01
3000,0.01,0.2,2.360080e-01
3025,0.01,0.2,2.668830e-01
3050,0.01,0.2,3.071980e-01
3075,0.01,0.2,3.601600e-01
3100,0.01,0.2,4.303320e-01
3125,0.01,0.2,5.244210e-01
3150,0.01,0.2,6.526870e-01
3175,0.01,0.2,8.316760e-01
3200,0.01,0.2,1.089900e+00
3225,0.01,0.2,1.481080e+00
3250,0.01,0.2,2.119940e+00
3275,0.01,0.2,3.302630e+00
3300,0.01,0.2,6.094840e+00
3325,0.01,0.2,1.922770e+01
3350,0.01,0.2,2.000000e+02
3375,0.01,0.2,2.000000e+02
3400,0.01,0.2,2.000000e+02
3425,0.01,0.2,2.000000e+02
3450,0.01,0.2,2.000000e+02
3475,0.01,0.2,2.000000e+02
3500,0.01,0.2,2.000000e+02
3525,0.01,0.2,2.000000e+02
3550,0.01,0.2,2.000000e+02
3575,0.01,0.2,2.000000e+02
3600,0.01,0.2,2.000000e+02
3625,0.01,0.2,2.000000e+02
3650,0.01,0.2,2.000000e+02
3675,0.01,0.2,2.000000e+02
3700,0.01,0.2,2.000000e+02
3725,0.01,0.2,2.000000e+02
3750,0.01,0.2,2.000000e+02
3775,0.01,0.2,2.000000e+02
3800,0.01,0.2,2.000000e+02
3825,0.01,0.2,2.000000e+02
3850,0.01,0.2,2.000000e+02
3875,0.01,0.2,2.000000e+02
3900,0.01,0.2,2.000000e+02
3925,0.01,0.2,2.000000e+02
3950,0.01,0.2,2.000000e+02
3975,0.01,0.2,2.000000e+02
4000,0.01,0.2,2.000000e+02
4025,0.01,0.2,2.000000e+02
4050,0.01,0.2,2.000000e+02
4075,0.01,0.2,2.000000e+02
4100,0.01,0.2,2.000000e+02
4125,0.01,0.2,2.000000e+02
4150,0.01,0.2,2.000000e+02
4175,0.01,0.2,2.000000e+02
4200,0.01,0.2,2.000000e+02
4225,0.01,0.2,2.000000e+02
4250,0.01,0.2,2.000000e+02
4275,0.01,0.2,2.000000e+02
4300,0.01,0.2,2.000000e+02
4325,0.01,0.2,2.000000e+02
4350,0.01,0.2,2.000000e+02
4375,0.01,0.2,2.000000e+02
4400,0.01,0.2,2.000000e+02
4425,0.01,0.2,2.000000e+02
4450,0.01,0.2,2.000000e+02
4475,0.01,0.2,2.000000e+02
4500,0.01,0.2,2.000000e+02
4525,0.01,0.2,2.000000e+02
4550,0.01,0.2,2.000000e+02
4575,0.01,0.2,2.000000e+02
4600,0.01,0.2,2.000000e+02
4625,0.01,0.2,2.000000e+02
4650,0.01,0.2,2.000000e+02
4675,0.01,0.2,2.000000e+02
4700,0.01,0.2,2.000000e+02
4725,0.01,0.2,2.000000e+02
4750,0.01,0.2,2.000000e+02
4775,0.01,0.2,2.000000e+02
4800,0.01,0.2,2.000000e+02
4825,0.01,0.2,2.000000e+02
4850,0.01,0.2,2.000000e+02
4875,0.01,0.2,2.000000e+02
4900,0.01,0.2,2.000000e+02
4925,0.01,0.2,2.000000e+02
4950,0.01,0.2,2.000000e+02
4975,0.01,0.2,2.000000e+02
5000,0.01,0.2,2.000000e+02
300,0.0177828,0.2,0.000000e+00
325,0.0177828,0.2,0.000000e+00
350,0.0177828,0.2,0.000000e+00
375,0.0177828,0.2,0.000000e+00
400,0.0177828,0.2,0.000000e+00
425,0.0177828,0.2,0.000000e+00
450,0.0177828,0.2,0.000000e+00
475,0.0177828,0.2,0.000000e+00
500,0.0177828,0.2,0.000000e+00
525,0.0177828,0.2,0.000000e+00
550,0.0177828,0.2,0.000000e+00
575,0.0177828,0.2,0.000000e+00
600,0.0177828,0.2,0.000000e+00
625,0.0177828,0.2,0.000000e+00
650,0.0177828,0.2,0.000000e+00
675,0.0177828,0.2,0.000000e+00
700,0.0177828,0.2,0.000000e+00
725,0.0177828,0.2,7.035930e-03
750,0.0177828,0.2,2.073440e-02
775,0.0177828,0.2,3.713300e-02
800,0.0177828,0.2,5.487980e-02
825,0.0177828,0.2,7.160660e-02
850,0.0177828,0.2,8.505520e-02
875,0.0177828,0.2,9.437520e-02
900,0.0177828,0.2,1.001630e-01
925,0.0177828,0.2,1.035400e-01
950,0.0177828,0.2,1.054640e-01
975,0.0177828,0.2,1.065590e-01
1000,0.0177828,0.2,1.071910e-01
1025,0.0177828,0.2,1.075620e-01
1050,0.0177828,0.2,1.077850e-01
1075,0.0177828,0.2,1.079220e-01
1100,0.0177828,0.2,1.080090e-01
1125,0.0177828,0.2,1.080650e-01
1150,0.0177828,0.2,1.081030e-01
1175,0.0177828,0.2,1.081300e-01
1200,0.0177828,0.2,1.081500e-01
1225,0.0177828,0.2,1.081660e-01
1250,0.0177828,0.2,1.081810e-01
1275,0.0177828,0.2,1.081940e-01
1300,0.0177828,0.2,1.082080e-01
1325,0.0177828,0.2,1.082240e-01
1350,0.0177828,0.2,1.082410e-01
1375,0.0177828,0.2,1.082610e-01
1400,0.0177828,0.2,1.082840e-01
1425,0.0177828,0.2,1.083100e-01
1450,0.0177828,0.2,1.083410e-01
1475,0.0177828,0.2,1.083770e-01
1500,0.0177828,0.2,1.084180e-01
1525,0.0177828,0.2,1.084650e-01
1550,0.0177828,0.2,1.085200e-01
1575,0.0177828,0.2,1.085820e-01
1600,0.0177828,0.2,1.086530e-01
1625,0.0177828,0.2,1.087320e-01
1650,0.0177828,0.2,1.088230e-01
1675,0.0177828,0.2,1.089240e-01
1700,0.0177828,0.2,1.090370e-01
1725,0.0177828,0.2,1.091640e-01
1750,0.0177828,0.2,1.093040e-01
1775,0.0177828,0.2,1.094600e-01
1800,0.0177828,0.2,1.096320e-01
1825,0.0177828,0.2,1.098220e-01
1850,0.0177828,0.2,1.100300e-01
1875,0.0177828,0.2,1.102580e-01
1900,0.0177828,0.2,1.105070e-01
1925,0.0177828,0.2,1.107780e-01
1950,0.0177828,0.2,1.110730e-01
1975,0.0177828,0.2,1.113920e-01
2000,0.0177828,0.2,1.117370e-01
2025,0.0177828,0.2,1.121090e-01
2050,0.0177828,0.2,1.125080e-01
2075,0.0177828,0.2,1.129370e-01
2100,0.0177828,0.2,1.133950e-01
2125,0.0177828,0.2,1.138850e-01
2150,0.0177828,0.2,1.144050e-01
2175,0.0177828,0.2,1.149580e-01
2200,0.0177828,0.2,1.155440e-01
2225,0.0177828,0.2,1.161620e-01
2250,0.0177828,0.2,1.168140e-01
2275,0.0177828,0.2,1.174980e-01
2300,0.0177828,0.2,1.182160e-01
2325,0.0177828,0.2,1.189660e-01
2350,0.0177828,0.2,1.197480e-01
2375,0.0177828,0.2,1.205610e-01
2400,0.0177828,0.2,1.214050e-01
2425,0.0177828,0.2,1.222790e-01
2450,0.0177828,0.2,1.231810e-01
2475,0.0177828,0.2,1.241130e-01
2500,0.0177828,0.2,1.250730e-01
2525,0.0177828,0.2,1.260630e-01
2550,0.0177828,0.2,1.270840e-01
2575,0.0177828,0.2,1.281410e-01
2600,0.0177828,0.2,1.292400e-01
2625,0.0177828,0.2,1.303900e-01
2650,0.0177828,0.2,1.316040e-01
2675,0.0177828,0.2,1.329030e-01
2700,0.0177828,0.2,1.343130e-01
2725,0.0177828,0.2,1.358710e-01
2750,0.0177828,0.2,1.376260e-01
2775,0.0177828,0.2,1.396430e-01
2800,0.0177828,0.2,1.420090e-01
2825,0.0177828,0.2,1.448340e-01
2850,0.0177828,0.2,1.482620e-01
2875,0.0177828,0.2,1.524810e-01
2900,0.0177828,0.2,1.577280e-01
2925,0.0177828,0.2,1.643090e-01
2950,0.0177828,0.2,1.726170e-01
2975,0.0177828,0.2,1.831540e-01
3000,0.0177828,0.2,1.965680e-01
3025,0.0177828,0.2,2.136990e-01
3050,0.0177828,0.2,2.356390e-01
3075,0.0177828,0.2,2.638330e-01
3100,0.0177828,0.2,3.002110e-01
3125,0.0177828,0.2,3.474030e-01
3150,0.0177828,0.2,4.090710e-01
3175,0.0177828,0.2,4.904580e-01
3200,0.0177828,0.2,5.993440e-01
3225,0.0177828,0.2,7.477770e-01
3250,0.0177828,0.2,9.554800e-01
3275,0.0177828,0.2,1.257140e+00
3300,0.0177828,0.2,1.719930e+00
3325,0.0177828,0.2,2.493070e+00
3350,0.0177828,0.2,3.987330e+00
3375,0.0177828,0.2,7.882060e+00
3400,0.0177828,0.2,3.710180e+01
3425,0.0177828,0.2,2.000000e+02
3450,0.0177828,0.2,2.000000e+02
3475,0.0177828,0.2,2.000000e+02
3500,0.0177828,0.2,2.000000e+02
3525,0.0177828,0.2,2.000000e+02
3550,0.0177828,0.2,2.000000e+02
3575,0.0177828,0.2,2.000000e+02
3600,0.0177828,0.2,2.000000e+02
3625,0.0177828,0.2,2.000000e+02
3650,0.0177828,0.2,2.000000e+02
3675,0.0177828,0.2,2.000000e+02
3700,0.0177828,0.2,2.000000e+02
3725,0.0177828,0.2,2.000000e+02
3750,0.0177828,0.2,2.000000e+02
3775,0.0177828,0.2,2.000000e+02
3800,0.0177828,0.2,2.000000e+02
3825,0.0177828,0.2,2.000000e+02
3850,0.0177828,0.2,2.000000e+02
3875,0.0177828,0.2,2.000000e+02
3900,0.0177828,0.2,2.000000e+02
3925,0.0177828,0.2,2.000000e+02
3950,0.0177828,0.2,2.000000e+02
3975,0.0177828,0.2,2.000000e+02
4000,0.0177828,0.2,2.000000e+02
4025,0.0177828,0.2,2.000000e+02
4050,0.0177828,0.2,2.000000e+02
4075,0.0177828,0.2,2.000000e+02
4100,0.0177828,0.2,2.000000e+02
4125,0.0177828,0.2,2.000000e+02
4150,0.0177828,0.2,2.000000e+02
4175,0.0177828,0.2,2.000000e+02
4200,0.0177828,0.2,2.000000e+02
4225,0.0177828,0.2,2.000000e+02
4250,0.0177828,0.2,2.000000e+02
4275,0.0177828,0.2,2.000000e+02
4300,0.0177828,0.2,2.000000e+02
4325,0.0177828,0.2,2.000000e+02
4350,0.0177828,0.2,2.000000e+02
4375,0.0177828,0.2,2.000000e+02
4400,0.0177828,0.2,2.000000e+02
4425,0.0177828,0.2,2.000000e+02
4450,0.0177828,0.2,2.000000e+02
4475,0.0177828,0.2,2.000000e+02
4500,0.0177828,0.2,2.000000e+02
4525,0.0177828,0.2,2.000000e+02
4550,0.0177828,0.2,2.000000e+02
4575,0.0177828,0.2,2.000000e+02
4600,0.0177828,0.2,2.000000e+02
4625,0.0177828,0.2,2.000000e+02
4650,0.0177828,0.2,2.000000e+02
4675,0.0177828,0.2,2.000000e+02
4700,0.0177828,0.2,2.000000e+02
4725,0.0177828,0.2,2.000000e+02
4750,0.0177828,0.2,2.000000e+02
4775,0.0177828,0.2,2.000000e+02
4800,0.0177828,0.2,2.000000e+02
4825,0.0177828,0.2,2.000000e+02
4850,0.0177828,0.2,2.000000e+02
4875,0.0177828,0.2,2.000000e+02
4900,0.0177828,0.2,2.000000e+02
4925,0.0177828,0.2,2.000000e+02
4950,0.0177828,0.2,2.000000e+02
4975,0.0177828,0.2,2.000000e+02
5000,0.0177828,0.2,2.000000e+02
300,0.0316228,0.2,0.000000e+00
325,0.0316228,0.2,0.000000e+00
350,0.0316228,0.2,0.000000e+00
375,0.0316228,0.2,0.000000e+00
400,0.0316228,0.2,0.000000e+00
425,0.0316228,0.2,0.000000e+00
450,0.0316228,0.2,0.000000e+00
475,0.0316228,0.2,0.000000e+00
500,0.0316228,0.2,0.000000e+00
525,0.0316228,0.2,0.000000e+00
550,0.0316228,0.2,0.000000e+00
575,0.0316228,0.2,0.000000e+00
600,0.0316228,0.2,0.000000e+00
625,0.0316228,0.2,0.000000e+00
650,0.0316228,0.2,0.000000e+00
675,0.0316228,0.2,0.000000e+00
700,0.0316228,0.2,0.000000e+00
725,0.0316228,0.2,0.000000e+00
750,0.0316228,0.2,1.114550e-02
775,0.0316228,0.2,2.536440e-02
800,0.0316228,0.2,4.177920e-02
825,0.0316228,0.2,5.884450e-02
850,0.0316228,0.2,7.436300e-02
875,0.0316228,0.2,8.656720e-02
900,0.0316228,0.2,9.499970e-02
925,0.0316228,0.2,1.003110e-01
950,0.0316228,0.2,1.034890e-01
975,0.0316228,0.2,1.053520e-01
1000,0.0316228,0.2,1.064450e-01
1025,0.0316228,0.2,1.070940e-01
1050,0.0316228,0.2,1.074860e-01
1075,0.0316228,0.2,1.077280e-01
1100,0.0316228,0.2,1.078800e-01
1125,0.0316228,0.2,1.079790e-01
1150,0.0316228,0.2,1.080440e-01
1175,0.0316228,0.2,1.080890e-01
1200,0.0316228,0.2,1.081210e-01
1225,0.0316228,0.2,1.081460e-01
1250,0.0316228,0.2,1.081660e-01
1275,0.0316228,0.2,1.081830e-01
1300,0.0316228,0.2,1.082000e-01
1325,0.0316228,0.2,1.082180e-01
1350,0.0316228,0.2,1.082370e-01
1375,0.0316228,0.2,1.082580e-01
1400,0.0316228,0.2,1.082810e-01
1425,0.0316228,0.2,1.083080e-01
1450,0.0316228,0.2,1.083400e-01
1475,0.0316228,0.2,1.083760e-01
1500,0.0316228,0.2,1.084170e-01
1525,0.0316228,0.2,1.084650e-01
1550,0.0316228,0.2,1.085190e-01
1575,0.0316228,0.2,1.085820e-01
1600,0.0316228,0.2,1.086520e-01
1625,0.0316228,0.2,1.087320e-01
1650,0.0316228,0.2,1.088220e-01
1675,0.0316228,0.2,1.089240e-01
1700,0.0316228,0.2,1.090370e-01
1725,0.0316228,0.2,1.091640e-01
1750,0.0316228,0.2,1.093050e-01
1775,0.0316228,0.2,1.094600e-01
1800,0.0316228,0.2,1.096330e-01
1825,0.0316228,0.2,1.098230e-01
1850,0.0316228,0.2,1.100310e-01
1875,0.0316228,0.2,1.102600e-01
1900,0.0316228,0.2,1.105090e-01
1925,0.0316228,0.2,1.107810e-01
1950,0.0316228,0.2,1.110770e-01
1975,0.0316228,0.2,1.113970e-01
2000,0.0316228,0.2,1.117430e-01
2025,0.0316228,0.2,1.121170e-01
2050,0.0316228,0.2,1.125190e-01
2075,0.0316228,0.2,1.129500e-01
2100,0.0316228,0.2,1.134130e-01
2125,0.0316228,0.2,1.139070e-01
2150,0.0316228,0.2,1.144330e-01
2175,0.0316228,0.2,1.149930e-01
2200,0.0316228,0.2,1.155870e-01
2225,0.0316228,0.2,1.162160e-01
2250,0.0316228,0.2,1.168800e-01
2275,0.0316228,0.2,1.175800e-01
2300,0.0316228,0.2,1.183150e-01
2325,0.0316228,0.2,1.190870e-01
2350,0.0316228,0.2,1.198930e-01
2375,0.0316228,0.2,1.207350e-01
2400,0.0316228,0.2,1.216110e-01
2425,0.0316228,0.2,1.225220e-01
2450,0.0316228,0.2,1.234660e-01
2475,0.0316228,0.2,1.244430e-01
2500,0.0316228,0.2,1.254520e-01
2525,0.0316228,0.2,1.264940e-01
2550,0.0316228,0.2,1.275680e-01
2575,0.0316228,0.2,1.286770e-01
2600,0.0316228,0.2,1.298210e-01
2625,0.0316228,0.2,1.310070e-01
2650,0.0316228,0.2,1.322390e-01
2675,0.0316228,0.2,1.335280e-01
2700,0.0316228,0.2,1.348870e-01
2725,0.0316228,0.2,1.363350e-01
2750,0.0316228,0.2,1.378980e-01
2775,0.0316228,0.2,1.396100e-01
2800,0.0316228,0.2,1.415190e-01
2825,0.0316228,0.2,1.436840e-01
2850,0.0316228,0.2,1.461840e-01
2875,0.0316228,0.2,1.491220e-01
2900,0.0316228,0.2,1.526270e-01
2925,0.0316228,0.2,1.568660e-01
2950,0.0316228,0.2,1.620530e-01
2975,0.0316228,0.2,1.684570e-01
3000,0.0316228,0.2,1.764210e-01
3025,0.0316228,0.2,1.863830e-01
3050,0.0316228,0.2,1.989000e-01
3075,0.0316228,0.2,2.146850e-01
3100,0.0316228,0.2,2.346590e-01
3125,0.0316228,0.2,2.600210e-01
3150,0.0316228,0.2,2.923510e-01
3175,0.0316228,0.2,3.337600e-01
3200,0.0316228,0.2,3.871300e-01
3225,0.0316228,0.2,4.564850e-01
3250,0.0316228,0.2,5.476110e-01
3275,0.0316228,0.2,6.691370e-01
3300,0.0316228,0.2,8.345240e-01
3325,0.0316228,0.2,1.066010e+00
3350,0.0316228,0.2,1.403160e+00
3375,0.0316228,0.2,1.923830e+00
3400,0.0316228,0.2,2.805090e+00
3425,0.0316228,0.2,4.553550e+00
3450,0.0316228,0.2,9.417040e+00
3475,0.0316228,0.2,6.722500e+01
3500,0.0316228,0.2,2.000000e+02
3525,0.0316228,0.2,2.000000e+02
3550,0.0316228,0.2,2.000000e+02
3575,0.0316228,0.2,2.000000e+02
3600,0.0316228,0.2,2.000000e+02
3625,0.0316228,0.2,2.000000e+02
3650,0.0316228,0.2,2.000000e+02
3675,0.0316228,0.2,2.000000e+02
3700,0.0316228,0.2,2.000000e+02
3725,0.0316228,0.2,2.000000e+02
3750,0.0316228,0.2,2.000000e+02
3775,0.0316228,0.2,2.000000e+02
3800,0.0316228,0.2,2.000000e+02
3825,0.0316228,0.2,2.000000e+02
3850,0.0316228,0.2,2.000000e+02
3875,0.0316228,0.2,2.000000e+02
3900,0.0316228,0.2,2.000000e+02
3925,0.0316228,0.2,2.000000e+02
3950,0.0316228,0.2,2.000000e+02
3975,0.0316228,0.2,2.000000e+02
4000,0.0316228,0.2,2.000000e+02
4025,0.0316228,0.2,2.000000e+02
4050,0.0316228,0.2,2.000000e+02
4075,0.0316228,0.2,2.000000e+02
4100,0.0316228,0.2,2.000000e+02
4125,0.0316228,0.2,2.000000e+02
4150,0.0316228,0.2,2.000000e+02
4175,0.0316228,0.2,2.000000e+02
4200,0.0316228,0.2,2.000000e+02
4225,0.0316228,0.2,2.000000e+02
4250,0.0316228,0.2,2.000000e+02
4275,0.0316228,0.2,2.000000e+02
4300,0.0316228,0.2,2.000000e+02
4325,0.0316228,0.2,2.000000e+02
4350,0.0316228,0.2,2.000000e+02
4375,0.0316228,0.2,2.000000e+02
4400,0.0316228,0.2,2.000000e+02
4425,0.0316228,0.2,2.000000e+02
4450,0.0316228,0.2,2.000000e+02
4475,0.0316228,0.2,2.000000e+02
4500,0.0316228,0.2,2.000000e+02
4525,0.0316228,0.2,2.000000e+02
4550,0.0316228,0.2,2.000000e+02
4575,0.0316228,0.2,2.000000e+02
4600,0.0316228,0.2,2.000000e+02
4625,0.0316228,0.2,2.000000e+02
4650,0.0316228,0.2,2.000000e+02
4675,0.0316228,0.2,2.000000e+02
4700,0.0316228,0.2,2.000000e+02
4725,0.0316228,0.2,2.000000e+02
4750,0.0316228,0.2,2.000000e+02
4775,0.0316228,0.2,2.000000e+02
4800,0.0316228,0.2,2.000000e+02
4825,0.0316228,0.2,2.000000e+02
4850,0.0316228,0.2,2.000000e+02
4875,0.0316228,0.2,2.000000e+02
4900,0.0316228,0.2,2.000000e+02
4925,0.0316228,0.2,2.000000e+02
4950,0.0316228,0.2,2.000000e+02
4975,0.0316228,0.2,2.000000e+02
5000,0.0316228,0.2,2.000000e+02
300,0.0562341,0.2,0.000000e+00
325,0.0562341,0.2,0.000000e+00
350,0.0562341,0.2,0.000000e+00
375,0.0562341,0.2,0.000000e+00
400,0.0562341,0.2,0.000000e+00
425,0.0562341,0.2,0.000000e+00
450,0.0562341,0.2,0.000000e+00
475,0.0562341,0.2,0.000000e+00
500,0.0562341,0.2,0.000000e+00
525,0.0562341,0.2,0.000000e+00
550,0.0562341,0.2,0.000000e+00
575,0.0562341,0.2,0.000000e+00
600,0.0562341,0.2,0.000000e+00
625,0.0562341,0.2,0.000000e+00
650,0.0562341,0.2,0.000000e+00
675,0.0562341,0.2,0.000000e+00
700,0.0562341,0.2,0.000000e+00
725,0.0562341,0.2,0.000000e+00
750,0.0562341,0.2,2.964500e-03
775,0.0562341,0.2,1.494150e-02
800,0.0562341,0.2,2.938710e-02
825,0.0562341,0.2,4.553090e-02
850,0.0562341,0.2,6.178230e-02
875,0.0562341,0.2,7.619940e-02
900,0.0562341,0.2,8.741880e-02
925,0.0562341,0.2,9.521720e-02
950,0.0562341,0.2,1.002240e-01
975,0.0562341,0.2,1.033000e-01
1000,0.0562341,0.2,1.051560e-01
1025,0.0562341,0.2,1.062770e-01
1050,0.0562341,0.2,1.069610e-01
1075,0.0562341,0.2,1.073850e-01
1100,0.0562341,0.2,1.076530e-01
1125,0.0562341,0.2,1.078250e-01
1150,0.0562341,0.2,1.079390e-01
1175,0.0562341,0.2,1.080160e-01
1200,0.0562341,0.2,1.080690e-01
1225,0.0562341,0.2,1.081090e-01
1250,0.0562341,0.2,1.081390e-01
1275,0.0562341,0.2,1.081640e-01
1300,0.0562341,0.2,1.081860e-01
1325,0.0562341,0.2,1.082070e-01
1350,0.0562341,0.2,1.082290e-01
1375,0.0562341,0.2,1.082520e-01
1400,0.0562341,0.2,1.082770e-01
1425,0.0562341,0.2,1.083050e-01
1450,0.0562341,0.2,1.083370e-01
1475,0.0562341,0.2,1.083740e-01
1500,0.0562341,0.2,1.084160e-01
1525,0.0562341,0.2,1.084640e-01
1550,0.0562341,0.2,1.085180e-01
1575,0.0562341,0.2,1.085810e-01
1600,0.0562341,0.2,1.086520e-01
1625,0.0562341,0.2,1.087320e-01
1650,0.0562341,0.2,1.088220e-01
1675,0.0562341,0.2,1.089240e-01
1700,0.0562341,0.2,1.090370e-01
1725,0.0562341,0.2,1.091640e-01
1750,0.0562341,0.2,1.093050e-01
1775,0.0562341,0.2,1.094610e-01
1800,0.0562341,0.2,1.096330e-01
1825,0.0562341,0.2,1.098230e-01
1850,0.0562341,0.2,1.100320e-01
1875,0.0562341,0.2,1.102610e-01
1900,0.0562341,0.2,1.105110e-01
1925,0.0562341,0.2,1.107830e-01
1950,0.0562341,0.2,1.110790e-01
1975,0.0562341,0.2,1.114000e-01
2000,0.0562341,0.2,1.117480e-01
2025,0.0562341,0.2,1.121230e-01
2050,0.0562341,0.2,1.125270e-01
2075,0.0562341,0.2,1.129610e-01
2100,0.0562341,0.2,1.134260e-01
2125,0.0562341,0.2,1.139230e-01
2150,0.0562341,0.2,1.144540e-01
2175,0.0562341,0.2,1.150190e-01
2200,0.0562341,0.2,1.156200e-01
2225,0.0562341,0.2,1.162570e-01
2250,0.0562341,0.2,1.169310e-01
2275,0.0562341,0.2,1.176420e-01
2300,0.0562341,0.2,1.183910e-01
2325,0.0562341,0.2,1.191780e-01
2350,0.0562341,0.2,1.200040e-01
2375,0.0562341,0.2,1.208680e-01
2400,0.0562341,0.2,1.217700e-01
2425,0.0562341,0.2,1.227100e-01
2450,0.0562341,0.2,1.236880e-01
2475,0.0562341,0.2,1.247020e-01
2500,0.0562341,0.2,1.257530e-01
2525,0.0562341,0.2,1.268400e-01
2550,0.0562341,0.2,1.279620e-01
2575,0.0562341,0.2,1.291210e-01
2600,0.0562341,0.2,1.303170e-01
2625,0.0562341,0.2,1.315500e-01
2650,0.0562341,0.2,1.328250e-01
2675,0.0562341,0.2,1.341440e-01
2700,0.0562341,0.2,1.355150e-01
2725,0.0562341,0.2,1.369470e-01
2750,0.0562341,0.2,1.384540e-01
2775,0.0562341,0.2,1.400520e-01
2800,0.0562341,0.2,1.417680e-01
2825,0.0562341,0.2,1.436320e-01
2850,0.0562341,0.2,1.456880e-01
2875,0.0562341,0.2,1.479900e-01
2900,0.0562341,0.2,1.506100e-01
2925,0.0562341,0.2,1.536390e-01
2950,0.0562341,0.2,1.571920e-01
2975,0.0562341,0.2,1.614170e-01
3000,0.0562341,0.2,1.665000e-01
3025,0.0562341,0.2,1.726730e-01
3050,0.0562341,0.2,1.802340e-01
3075,0.0562341,0.2,1.895540e-01
3100,0.0562341,0.2,2.011020e-01
3125,0.0562341,0.2,2.154770e-01
3150,0.0562341,0.2,2.334380e-01
3175,0.0562341,0.2,2.559630e-01
3200,0.0562341,0.2,2.843210e-01
3225,0.0562341,0.2,3.201800e-01
3250,0.0562341,0.2,3.657690e-01
3275,0.0562341,0.2,4.241260e-01
3300,0.0562341,0.2,4.994930e-01
3325,0.0562341,0.2,5.979770e-01
3350,0.0562341,0.2,7.286880e-01
3375,0.0562341,0.2,9.058610e-01
3400,0.0562341,0.2,1.153040e+00
3425,0.0562341,0.2,1.512190e+00
3450,0.0562341,0.2,2.066050e+00
3475,0.0562341,0.2,3.003350e+00
3500,0.0562341,0.2,4.866260e+00
3525,0.0562341,0.2,1.008110e+01
3550,0.0562341,0.2,7.570340e+01
3575,0.0562341,0.2,2.000000e+02
3600,0.0562341,0.2,2.000000e+02
3625,0.0562341,0.2,2.000000e+02
3650,0.0562341,0.2,2.000000e+02
3675,0.0562341,0.2,2.000000e+02
3700,0.0562341,0.2,2.000000e+02
3725,0.0562341,0.2,2.000000e+02
3750,0.0562341,0.2,2.000000e+02
3775,0.0562341,0.2,2.000000e+02
3800,0.0562341,0.2,2.000000e+02
3825,0.0562341,0.2,2.000000e+02
3850,0.0562341,0.2,2.000000e+02
3875,0.0562341,0.2,2.000000e+02
3900,0.0562341,0.2,2.000000e+02
3925,0.0562341,0.2,2.000000e+02
3950,0.0562341,0.2,2.000000e+02
3975,0.0562341,0.2,2.000000e+02
4000,0.0562341,0.2,2.000000e+02
4025,0.0562341,0.2,2.000000e+02
4050,0.0562341,0.2,2.000000e+02
4075,0.0562341,0.2,2.000000e+02
4100,0.0562341,0.2,2.000000e+02
4125,0.0562341,0.2,2.000000e+02
4150,0.0562341,0.2,2.000000e+02
4175,0.0562341,0.2,2.000000e+02
4200,0.0562341,0.2,2.000000e+02
4225,0.0562341,0.2,2.000000e+02
4250,0.0562341,0.2,2.000000e+02
4275,0.0562341,0.2,2.000000e+02
4300,0.0562341,0.2,2.000000e+02
4325,0.0562341,0.2,2.000000e+02
4350,0.0562341,0.2,2.000000e+02
4375,0.0562341,0.2,2.000000e+02
4400,0.0562341,0.2,2.000000e+02
4425,0.0562341,0.2,2.000000e+02
4450,0.0562341,0.2,2.000000e+02
4475,0.0562341,0.2,2.000000e+02
4500,0.0562341,0.2,2.000000e+02
4525,0.0562341,0.2,2.000000e+02
4550,0.0562341,0.2,2.000000e+02
4575,0.0562341,0.2,2.000000e+02
4600,0.0562341,0.2,2.000000e+02
4625,0.0562341,0.2,2.000000e+02
4650,0.0562341,0.2,2.000000e+02
4675,0.0562341,0.2,2.000000e+02
4700,0.0562341,0.2,2.000000e+02
4725,0.0562341,0.2,2.000000e+02
4750,0.0562341,0.2,2.000000e+02
4775,0.0562341,0.2,2.000000e+02
4800,0.0562341,0.2,2.000000e+02
4825,0.0562341,0.2,2.000000e+02
4850,0.0562341,0.2,2.000000e+02
4875,0.0562341,0.2,2.000000e+02
4900,0.0562341,0.2,2.000000e+02
4925,0.0562341,0.2,2.000000e+02
4950,0.0562341,0.2,2.000000e+02
4975,0.0562341,0.2,2.000000e+02
5000,0.0562341,0.2,2.000000e+02
300,0.1,0.2,0.000000e+00
325,0.1,0.2,0.000000e+00
350,0.1,0.2,0.000000e+00
375,0.1,0.2,0.000000e+00
400,0.1,0.2,0.000000e+00
425,0.1,0.2,0.000000e+00
450,0.1,0.2,0.000000e+00
475,0.1,0.2,0.000000e+00
500,0.1,0.2,0.000000e+00
525,0.1,0.2,0.000000e+00
550,0.1,0.2,0.000000e+00
575,0.1,0.2,0.000000e+00
600,0.1,0.2,0.000000e+00
625,0.1,0.2,0.000000e+00
650,0.1,0.2,0.000000e+00
675,0.1,0.2,0.000000e+00
700,0.1,0.2,0.000000e+00
725,0.1,0.2,0.000000e+00
750,0.1,0.2,0.000000e+00
775,0.1,0.2,6.025430e-03
800,0.1,0.2,1.828080e-02
825,0.1,0.2,3.269180e-02
850,0.1,0.2,4.836500e-02
875,0.1,0.2,6.377010e-02
900,0.1,0.2,7.723750e-02
925,0.1,0.2,8.770660e-02
950,0.1,0.2,9.507610e-02
975,0.1,0.2,9.991530e-02
1000,0.1,0.2,1.029700e-01
1025,0.1,0.2,1.048670e-01
1050,0.1,0.2,1.060450e-01
1075,0.1,0.2,1.067830e-01
1100,0.1,0.2,1.072510e-01
1125,0.1,0.2,1.075530e-01
1150,0.1,0.2,1.077520e-01
1175,0.1,0.2,1.078860e-01
1200,0.1,0.2,1.079780e-01
1225,0.1,0.2,1.080430e-01
1250,0.1,0.2,1.080920e-01
1275,0.1,0.2,1.081300e-01
1300,0.1,0.2,1.081610e-01
1325,0.1,0.2,1.081880e-01
1350,0.1,0.2,1.082150e-01
1375,0.1,0.2,1.082410e-01
1400,0.1,0.2,1.082690e-01
1425,0.1,0.2,1.082990e-01
1450,0.1,0.2,1.083320e-01
1475,0.1,0.2,1.083700e-01
1500,0.1,0.2,1.084130e-01
1525,0.1,0.2,1.084610e-01
1550,0.1,0.2,1.085170e-01
1575,0.1,0.2,1.085800e-01
1600,0.1,0.2,1.086510e-01
1625,0.1,0.2,1.087310e-01
1650,0.1,0.2,1.088220e-01
1675,0.1,0.2,1.089230e-01
1700,0.1,0.2,1.090370e-01
1725,0.1,0.2,1.091640e-01
1750,0.1,0.2,1.093050e-01
1775,0.1,0.2,1.094610e-01
1800,0.1,0.2,1.096340e-01
1825,0.1,0.2,1.098240e-01
1850,0.1,0.2,1.100330e-01
1875,0.1,0.2,1.102620e-01
1900,0.1,0.2,1.105120e-01
1925,0.1,0.2,1.107850e-01
1950,0.1,0.2,1.110810e-01
1975,0.1,0.2,1.114030e-01
2000,0.1,0.2,1.117510e-01
2025,0.1,0.2,1.121280e-01
2050,0.1,0.2,1.125330e-01
2075,0.1,0.2,1.129680e-01
2100,0.1,0.2,1.134360e-01
2125,0.1,0.2,1.139360e-01
2150,0.1,0.2,1.144700e-01
2175,0.1,0.2,1.150390e-01
2200,0.1,0.2,1.156450e-01
2225,0.1,0.2,1.162880e-01
2250,0.1,0.2,1.169690e-01
2275,0.1,0.2,1.176890e-01
2300,0.1,0.2,1.184480e-01
2325,0.1,0.2,1.192480e-01
2350,0.1,0.2,1.200880e-01
2375,0.1,0.2,1.209690e-01
2400,0.1,0.2,1.218920e-01
2425,0.1,0.2,1.228550e-01
2450,0.1,0.2,1.238580e-01
2475,0.1,0.2,1.249030e-01
2500,0.1,0.2,1.259870e-01
2525,0.1,0.2,1.271120e-01
2550,0.1,0.2,1.282760e-01
2575,0.1,0.2,1.294790e-01
2600,0.1,0.2,1.307210e-01
2625,0.1,0.2,1.320020e-01
2650,0.1,0.2,1.333240e-01
2675,0.1,0.2,1.346880e-01
2700,0.1,0.2,1.360970e-01
2725,0.1,0.2,1.375550e-01
2750,0.1,0.2,1.390680e-01
2775,0.1,0.2,1.406460e-01
2800,0.1,0.2,1.423010e-01
2825,0.1,0.2,1.440500e-01
2850,0.1,0.2,1.459160e-01
2875,0.1,0.2,1.479270e-01
2900,0.1,0.2,1.501220e-01
2925,0.1,0.2,1.525510e-01
2950,0.1,0.2,1.552760e-01
2975,0.1,0.2,1.583780e-01
3000,0.1,0.2,1.619580e-01
3025,0.1,0.2,1.661420e-01
3050,0.1,0.2,1.710910e-01
3075,0.1,0.2,1.770030e-01
3100,0.1,0.2,1.841280e-01
3125,0.1,0.2,1.927780e-01
3150,0.1,0.2,2.033420e-01
3175,0.1,0.2,2.163120e-01
3200,0.1,0.2,2.323050e-01
3225,0.1,0.2,2.521040e-01
3250,0.1,0.2,2.767140e-01
3275,0.1,0.2,3.074320e-01
3300,0.1,0.2,3.459570e-01
3325,0.1,0.2,3.945540e-01
3350,0.1,0.2,4.562990e-01
3375,0.1,0.2,5.354780e-01
3400,0.1,0.2,6.382330e-01
3425,0.1,0.2,7.736960e-01
3450,0.1,0.2,9.560550e-01
3475,0.1,0.2,1.208630e+00
3500,0.1,0.2,1.572600e+00
3525,0.1,0.2,2.128140e+00
3550,0.1,0.2,3.054590e+00
3575,0.1,0.2,4.850480e+00
3600,0.1,0.2,9.592940e+00
3625,0.1,0.2,4.820830e+01
3650,0.1,0.2,2.000000e+02
3675,0.1,0.2,2.000000e+02
3700,0.1,0.2,2.000000e+02
3725,0.1,0.2,2.000000e+02
3750,0.1,0.2,2.000000e+02
3775,0.1,0.2,2.000000e+02
3800,0.1,0.2,2.000000e+02
3825,0.1,0.2,2.000000e+02
3850,0.1,0.2,2.000000e+02
3875,0.1,0.2,2.000000e+02
3900,0.1,0.2,2.000000e+02
3925,0.1,0.2,2.000000e+02
3950,0.1,0.2,2.000000e+02
3975,0.1,0.2,2.000000e+02
4000,0.1,0.2,2.000000e+02
4025,0.1,0.2,2.000000e+02
4050,0.1,0.2,2.000000e+02
4075,0.1,0.2,2.000000e+02
4100,0.1,0.2,2.000000e+02
4125,0.1,0.2,2.000000e+02
4150,0.1,0.2,2.000000e+02
4175,0.1,0.2,2.000000e+02
4200,0.1,0.2,2.000000e+02
4225,0.1,0.2,2.000000e+02
4250,0.1,0.2,2.000000e+02
4275,0.1,0.2,2.000000e+02
4300,0.1,0.2,2.000000e+02
4325,0.1,0.2,2.000000e+02
4350,0.1,0.2,2.000000e+02
4375,0.1,0.2,2.000000e+02
4400,0.1,0.2,2.000000e+02
4425,0.1,0.2,2.000000e+02
4450,0.1,0.2,2.000000e+02
4475,0.1,0.2,2.000000e+02
4500,0.1,0.2,2.000000e+02
4525,0.1,0.2,2.000000e+02
4550,0.1,0.2,2.000000e+02
4575,0.1,0.2,2.000000e+02
4600,0.1,0.2,2.000000e+02
4625,0.1,0.2,2.000000e+02
4650,0.1,0.2,2.000000e+02
4675,0.1,0.2,2.000000e+02
4700,0.1,0.2,2.000000e+02
4725,0.1,0.2,2.000000e+02
4750,0.1,0.2,2.000000e+02
4775,0.1,0.2,2.000000e+02
4800,0.1,0.2,2.000000e+02
4825,0.1,0.2,2.000000e+02
4850,0.1,0.2,2.000000e+02
4875,0.1,0.2,2.000000e+02
4900,0.1,0.2,2.000000e+02
4925,0.1,0.2,2.000000e+02
4950,0.1,0.2,2.000000e+02
4975,0.1,0.2,2.000000e+02
5000,0.1,0.2,2.000000e+02
300,0.177828,0.2,0.000000e+00
325,0.177828,0.2,0.000000e+00
350,0.177828,0.2,0.000000e+00
375,0.177828,0.2,0.000000e+00
400,0.177828,0.2,0.000000e+00
425,0.177828,0.2,0.000000e+00
450,0.177828,0.2,0.000000e+00
475,0.177828,0.2,0.000000e+00
500,0.177828,0.2,0.000000e+00
525,0.177828,0.2,0.000000e+00
550,0.177828,0.2,0.000000e+00
575,0.177828,0.2,0.000000e+00
600,0.177828,0.2,0.000000e+00
625,0.177828,0.2,0.000000e+00
650,0.177828,0.2,0.000000e+00
675,0.177828,0.2,0.000000e+00
700,0.177828,0.2,0.000000e+00
725,0.177828,0.2,0.000000e+00
750,0.177828,0.2,0.000000e+00
775,0.177828,0.2,0.000000e+00
800,0.177828,0.2,8.745670e-03
825,0.177828,0.2,2.106070e-02
850,0.177828,0.2,3.522460e-02
875,0.177828,0.2,5.030480e-02
900,0.177828,0.2,6.489360e-02
925,0.177828,0.2,7.757200e-02
950,0.177828,0.2,8.749130e-02
975,0.177828,0.2,9.459780e-02
1000,0.177828,0.2,9.938170e-02
1025,0.177828,0.2,1.024870e-01
1050,0.177828,0.2,1.044710e-01
1075,0.177828,0.2,1.057360e-01
1100,0.177828,0.2,1.065480e-01
1125,0.177828,0.2,1.070750e-01
1150,0.177828,0.2,1.074230e-01
1175,0.177828,0.2,1.076560e-01
1200,0.177828,0.2,1.078160e-01
1225,0.177828,0.2,1.079280e-01
1250,0.177828,0.2,1.080080e-01
1275,0.177828,0.2,1.080690e-01
1300,0.177828,0.2,1.081160e-01
1325,0.177828,0.2,1.081550e-01
1350,0.177828,0.2,1.081900e-01
1375,0.177828,0.2,1.082220e-01
1400,0.177828,0.2,1.082540e-01
1425,0.177828,0.2,1.082880e-01
1450,0.177828,0.2,1.083240e-01
1475,0.177828,0.2,1.083640e-01
1500,0.177828,0.2,1.084080e-01
1525,0.177828,0.2,1.084580e-01
1550,0.177828,0.2,1.085140e-01
1575,0.177828,0.2,1.085770e-01
1600,0.177828,0.2,1.086490e-01
1625,0.177828,0.2,1.087300e-01
1650,0.177828,0.2,1.088210e-01
1675,0.177828,0.2,1.089230e-01
1700,0.177828,0.2,1.090370e-01
1725,0.177828,0.2,1.091630e-01
1750,0.177828,0.2,1.093050e-01
1775,0.177828,0.2,1.094610e-01
1800,0.177828,0.2,1.096340e-01
1825,0.177828,0.2,1.098240e-01
1850,0.177828,0.2,1.100330e-01
1875,0.177828,0.2,1.102620e-01
1900,0.177828,0.2,1.105130e-01
1925,0.177828,0.2,1.107860e-01
1950,0.177828,0.2,1.110830e-01
1975,0.177828,0.2,1.114050e-01
2000,0.177828,0.2,1.117540e-01
2025,0.177828,0.2,1.121310e-01
2050,0.177828,0.2,1.125370e-01
2075,0.177828,0.2,1.129740e-01
2100,0.177828,0.2,1.134430e-01
2125,0.177828,0.2,1.139450e-01
2150,0.177828,0.2,1.144820e-01
2175,0.177828,0.2,1.150540e-01
2200,0.177828,0.2,1.156640e-01
2225,0.177828,0.2,1.163110e-01
2250,0.177828,0.2,1.169980e-01
2275,0.177828,0.2,1.177240e-01
2300,0.177828,0.2,1.184920e-01
2325,0.177828,0.2,1.193010e-01
2350,0.177828,0.2,1.201520e-01
2375,0.177828,0.2,1.210470e-01
2400,0.177828,0.2,1.219840e-01
2425,0.177828,0.2,1.229650e-01
2450,0.177828,0.2,1.239890e-01
2475,0.177828,0.2,1.250570e-01
2500,0.177828,0.2,1.261680e-01
2525,0.177828,0.2,1.273230e-01
2550,0.177828,0.2,1.285200e-01
2575,0.177828,0.2,1.297600e-01
2600,0.177828,0.2,1.310420e-01
2625,0.177828,0.2,1.323660e-01
2650,0.177828,0.2,1.337330e-01
2675,0.177828,0.2,1.351420e-01
2700,0.177828,0.2,1.365950e-01
2725,0.177828,0.2,1.380930e-01
2750,0.177828,0.2,1.396390e-01
2775,0.177828,0.2,1.412380e-01
2800,0.177828,0.2,1.428950e-01
2825,0.177828,0.2,1.446200e-01
2850,0.177828,0.2,1.464220e-01
2875,0.177828,0.2,1.483190e-01
2900,0.177828,0.2,1.503310e-01
2925,0.177828,0.2,1.524830e-01
2950,0.177828,0.2,1.548100e-01
2975,0.177828,0.2,1.573540e-01
3000,0.177828,0.2,1.601720e-01
3025,0.177828,0.2,1.633320e-01
3050,0.177828,0.2,1.669210e-01
3075,0.177828,0.2,1.710470e-01
3100,0.177828,0.2,1.758450e-01
3125,0.177828,0.2,1.814810e-01
3150,0.177828,0.2,1.881640e-01
3175,0.177828,0.2,1.961490e-01
3200,0.177828,0.2,2.057560e-01
3225,0.177828,0.2,2.173820e-01
3250,0.177828,0.2,2.315190e-01
3275,0.177828,0.2,2.487900e-01
3300,0.177828,0.2,2.699740e-01
3325,0.177828,0.2,2.960690e-01
3350,0.177828,0.2,3.283560e-01
3375,0.177828,0.2,3.685040e-01
3400,0.177828,0.2,4.187280e-01
3425,0.177828,0.2,4.820180e-01
3450,0.177828,0.2,5.625110e-01
3475,0.177828,0.2,6.660960e-01
3500,0.177828,0.2,8.014470e-01
3525,0.177828,0.2,9.818870e-01
3550,0.177828,0.2,1.229000e+00
3575,0.177828,0.2,1.580160e+00
3600,0.177828,0.2,2.106250e+00
3625,0.177828,0.2,2.959650e+00
3650,0.177828,0.2,4.537420e+00
3675,0.177828,0.2,8.290210e+00
3700,0.177828,0.2,2.662600e+01
3725,0.177828,0.2,2.000000e+02
3750,0.177828,0.2,2.000000e+02
3775,0.177828,0.2,2.000000e+02
3800,0.177828,0.2,2.000000e+02
3825,0.177828,0.2,2.000000e+02
3850,0.177828,0.2,2.000000e+02
3875,0.177828,0.2,2.000000e+02
3900,0.177828,0.2,2.000000e+02
3925,0.177828,0.2,2.000000e+02
3950,0.177828,0.2,2.000000e+02
3975,0.177828,0.2,2.000000e+02
4000,0.177828,0.2,2.000000e+02
4025,0.177828,0.2,2.000000e+02
4050,0.177828,0.2,2.000000e+02
4075,0.177828,0.2,2.000000e+02
4100,0.177828,0.2,2.000000e+02
4125,0.177828,0.2,2.000000e+02
4150,0.177828,0.2,2.000000e+02
4175,0.177828,0.2,2.000000e+02
4200,0.177828,0.2,2.000000e+02
4225,0.177828,0.2,2.000000e+02
4250,0.177828,0.2,2.000000e+02
4275,0.177828,0.2,2.000000e+02
4300,0.177828,0.2,2.000000e+02
4325,0.177828,0.2,2.000000e+02
4350,0.177828,0.2,2.000000e+02
4375,0.177828,0.2,2.000000e+02
4400,0.177828,0.2,2.000000e+02
4425,0.177828,0.2,2.000000e+02
4450,0.177828,0.2,2.000000e+02
4475,0.177828,0.2,2.000000e+02
4500,0.177828,0.2,2.000000e+02
4525,0.177828,0.2,2.000000e+02
4550,0.177828,0.2,2.000000e+02
4575,0.177828,0.2,2.000000e+02
4600,0.177828,0.2,2.000000e+02
4625,0.177828,0.2,2.000000e+02
4650,0.177828,0.2,2.000000e+02
4675,0.177828,0.2,2.000000e+02
4700,0.177828,0.2,2.000000e+02
4725,0.177828,0.2,2.000000e+02
4750,0.177828,0.2,2.000000e+02
4775,0.177828,0.2,2.000000e+02
4800,0.177828,0.2,2.000000e+02
4825,0.177828,0.2,2.000000e+02
4850,0.177828,0.2,2.000000e+02
4875,0.177828,0.2,2.000000e+02
4900,0.177828,0.2,2.000000e+02
4925,0.177828,0.2,2.000000e+02
4950,0.177828,0.2,2.000000e+02
4975,0.177828,0.2,2.000000e+02
5000,0.177828,0.2,2.000000e+02
300,0.316228,0.2,0.000000e+00
325,0.316228,0.2,0.000000e+00
350,0.316228,0.2,0.000000e+00
375,0.316228,0.2,0.000000e+00
400,0.316228,0.2,0.000000e+00
425,0.316228,0.2,0.000000e+00
450,0.316228,0.2,0.000000e+00
475,0.316228,0.2,0.000000e+00
500,0.316228,0.2,0.000000e+00
525,0.316228,0.2,0.000000e+00
550,0.316228,0.2,0.000000e+00
575,0.316228,0.2,0.000000e+00
600,0.316228,0.2,0.000000e+00
625,0.316228,0.2,0.000000e+00
650,0.316228,0.2,0.000000e+00
675,0.316228,0.2,0.000000e+00
700,0.316228,0.2,0.000000e+00
725,0.316228,0.2,0.000000e+00
750,0.316228,0.2,0.000000e+00
775,0.316228,0.2,0.000000e+00
800,0.316228,0.2,8.643910e-04
825,0.316228,0.2,1.104270e-02
850,0.316228,0.2,2.322220e-02
875,0.316228,0.2,3.697750e-02
900,0.316228,0.2,5.140010e-02
925,0.316228,0.2,6.523320e-02
950,0.316228,0.2,7.727080e-02
975,0.316228,0.2,8.680510e-02
1000,0.316228,0.2,9.378300e-02
1025,0.316228,0.2,9.860710e-02
1050,0.316228,0.2,1.018290e-01
1075,0.316228,0.2,1.039450e-01
1100,0.316228,0.2,1.053300e-01
1125,0.316228,0.2,1.062410e-01
1150,0.316228,0.2,1.068450e-01
1175,0.316228,0.2,1.072520e-01
1200,0.316228,0.2,1.075290e-01
1225,0.316228,0.2,1.077230e-01
1250,0.316228,0.2,1.078600e-01
1275,0.316228,0.2,1.079600e-01
1300,0.316228,0.2,1.080360e-01
1325,0.316228,0.2,1.080960e-01
1350,0.316228,0.2,1.081450e-01
1375,0.316228,0.2,1.081890e-01
1400,0.316228,0.2,1.082290e-01
1425,0.316228,0.2,1.082690e-01
1450,0.316228,0.2,1.083090e-01
1475,0.316228,0.2,1.083520e-01
1500,0.316228,0.2,1.083990e-01
1525,0.316228,0.2,1.084510e-01
1550,0.316228,0.2,1.085090e-01
1575,0.316228,0.2,1.085730e-01
1600,0.316228,0.2,1.086460e-01
1625,0.316228,0.2,1.087280e-01
1650,0.316228,0.2,1.088190e-01
1675,0.316228,0.2,1.089210e-01
1700,0.316228,0.2,1.090360e-01
1725,0.316228,0.2,1.091630e-01
1750,0.316228,0.2,1.093040e-01
1775,0.316228,0.2,1.094610e-01
1800,0.316228,0.2,1.096340e-01
1825,0.316228,0.2,1.098240e-01
1850,0.316228,0.2,1.100340e-01
1875,0.316228,0.2,1.102630e-01
1900,0.316228,0.2,1.105140e-01
1925,0.316228,0.2,1.107870e-01
1950,0.316228,0.2,1.110840e-01
1975,0.316228,0.2,1.114070e-01
2000,0.316228,0.2,1.117570e-01
2025,0.316228,0.2,1.121340e-01
2050,0.316228,0.2,1.125410e-01
2075,0.316228,0.2,1.129790e-01
2100,0.316228,0.2,1.134490e-01
2125,0.316228,0.2,1.139520e-01
2150,0.316228,0.2,1.144910e-01
2175,0.316228,0.2,1.150660e-01
2200,0.316228,0.2,1.156780e-01
2225,0.316228,0.2,1.163290e-01
2250,0.316228,0.2,1.170190e-01
2275,0.316228,0.2,1.177510e-01
2300,0.316228,0.2,1.185240e-01
2325,0.316228,0.2,1.193410e-01
2350,0.316228,0.2,1.202010e-01
2375,0.316228,0.2,1.211050e-01
2400,0.316228,0.2,1.220540e-01
2425,0.316228,0.2,1.230490e-01
2450,0.316228,0.2,1.240890e-01
2475,0.316228,0.2,1.251750e-01
2500,0.316228,0.2,1.263070e-01
2525,0.316228,0.2,1.274850e-01
2550,0.316228,0.2,1.287090e-01
2575,0.316228,0.2,1.299780e-01
2600,0.316228,0.2,1.312930e-01
2625,0.316228,0.2,1.326530e-01
2650,0.316228,0.2,1.340580e-01
2675,0.316228,0.2,1.355070e-01
2700,0.316228,0.2,1.370020e-01
2725,0.316228,0.2,1.385420e-01
2750,0.316228,0.2,1.401280e-01
2775,0.316228,0.2,1.417630e-01
2800,0.316228,0.2,1.434480e-01
2825,0.316228,0.2,1.451880e-01
2850,0.316228,0.2,1.469890e-01
2875,0.316228,0.2,1.488590e-01
2900,0.316228,0.2,1.508070e-01
2925,0.316228,0.2,1.528480e-01
2950,0.316228,0.2,1.550000e-01
2975,0.316228,0.2,1.572850e-01
3000,0.316228,0.2,1.597340e-01
3025,0.316228,0.2,1.623850e-01
3050,0.316228,0.2,1.652830e-01
3075,0.316228,0.2,1.684890e-01
3100,0.316228,0.2,1.720750e-01
3125,0.316228,0.2,1.761320e-01
3150,0.316228,0.2,1.807720e-01
3175,0.316228,0.2,1.861340e-01
3200,0.316228,0.2,1.923860e-01
3225,0.316228,0.2,1.997370e-01
3250,0.316228,0.2,2.084450e-01
3275,0.316228,0.2,2.188250e-01
3300,0.316228,0.2,2.312670e-01
3325,0.316228,0.2,2.462560e-01
3350,0.316228,0.2,2.643940e-01
3375,0.316228,0.2,2.864360e-01
3400,0.316228,0.2,3.133390e-01
3425,0.316228,0.2,3.463250e-01
3450,0.316228,0.2,3.869770e-01
3475,0.316228,0.2,4.373780e-01
3500,0.316228,0.2,5.003170e-01
3525,0.316228,0.2,5.796190e-01
3550,0.316228,0.2,6.806620e-01
3575,0.316228,0.2,8.112620e-01
3600,0.316228,0.2,9.832260e-01
3625,0.316228,0.2,1.215270e+00
3650,0.316228,0.2,1.538920e+00
3675,0.316228,0.2,2.011720e+00
3700,0.316228,0.2,2.750840e+00
3725,0.316228,0.2,4.036500e+00
3750,0.316228,0.2,6.741620e+00
3775,0.316228,0.2,1.557110e+01
3800,0.316228,0.2,2.000000e+02
3825,0.316228,0.2,2.000000e+02
3850,0.316228,0.2,2.000000e+02
3875,0.316228,0.2,2.000000e+02
3900,0.316228,0.2,2.000000e+02
3925,0.316228,0.2,2.000000e+02
3950,0.316228,0.2,2.000000e+02
3975,0.316228,0.2,2.000000e+02
4000,0.316228,0.2,2.000000e+02
4025,0.316228,0.2,2.000000e+02
4050,0.316228,0.2,2.000000e+02
4075,0.316228,0.2,2.000000e+02
4100,0.316228,0.2,2.000000e+02
4125,0.316228,0.2,2.000000e+02
4150,0.316228,0.2,2.000000e+02
4175,0.316228,0.2,2.000000e+02
4200,0.316228,0.2,2.000000e+02
4225,0.316228,0.2,2.000000e+02
4250,0.316228,0.2,2.000000e+02
4275,0.316228,0.2,2.000000e+02
4300,0.316228,0.2,2.000000e+02
4325,0.316228,0.2,2.000000e+02
4350,0.316228,0.2,2.000000e+02
4375,0.316228,0.2,2.000000e+02
4400,0.316228,0.2,2.000000e+02
4425,0.316228,0.2,2.000000e+02
4450,0.316228,0.2,2.000000e+02
4475,0.316228,0.2,2.000000e+02
4500,0.316228,0.2,2.000000e+02
4525,0.316228,0.2,2.000000e+02
4550,0.316228,0.2,2.000000e+02
4575,0.316228,0.2,2.000000e+02
4600,0.316228,0.2,2.000000e+02
4625,0.316228,0.2,2.000000e+02
4650,0.316228,0.2,2.000000e+02
4675,0.316228,0.2,2.000000e+02
4700,0.316228,0.2,2.000000e+02
4725,0.316228,0.2,2.000000e+02
4750,0.316228,0.2,2.000000e+02
4775,0.316228,0.2,2.000000e+02
4800,0.316228,0.2,2.000000e+02
4825,0.316228,0.2,2.000000e+02
4850,0.316228,0.2,2.000000e+02
4875,0.316228,0.2,2.000000e+02
4900,0.316228,0.2,2.000000e+02
4925,0.316228,0.2,2.000000e+02
4950,0.316228,0.2,2.000000e+02
4975,0.316228,0.2,2.000000e+02
5000,0.316228,0.2,2.000000e+02
300,0.562341,0.2,0.000000e+00
325,0.562341,0.2,0.000000e+00
350,0.562341,0.2,0.000000e+00
375,0.562341,0.2,0.000000e+00
400,0.562341,0.2,0.000000e+00
425,0.562341,0.2,0.000000e+00
450,0.562341,0.2,0.000000e+00
475,0.562341,0.2,0.000000e+00
500,0.562341,0.2,0.000000e+00
525,0.562341,0.2,0.000000e+00
550,0.562341,0.2,0.000000e+00
575,0.562341,0.2,0.000000e+00
600,0.562341,0.2,0.000000e+00
625,0.562341,0.2,0.000000e+00
650,0.562341,0.2,0.000000e+00
675,0.562341,0.2,0.000000e+00
700,0.562341,0.2,0.000000e+00
725,0.562341,0.2,0.000000e+00
750,0.562341,0.2,0.000000e+00
775,0.562341,0.2,0.000000e+00
800,0.562341,0.2,0.000000e+00
825,0.562341,0.2,2.782730e-03
850,0.562341,0.2,1.286650e-02
875,0.562341,0.2,2.474680e-02
900,0.562341,0.2,3.797670e-02
925,0.562341,0.2,5.171420e-02
950,0.562341,0.2,6.485900e-02
975,0.562341,0.2,7.638000e-02
1000,0.562341,0.2,8.565950e-02
1025,0.562341,0.2,9.261690e-02
1050,0.562341,0.2,9.756350e-02
1075,0.562341,0.2,1.009640e-01
1100,0.562341,0.2,1.032600e-01
1125,0.562341,0.2,1.048020e-01
1150,0.562341,0.2,1.058400e-01
1175,0.562341,0.2,1.065430e-01
1200,0.562341,0.2,1.070260e-01
1225,0.562341,0.2,1.073610e-01
1250,0.562341,0.2,1.075980e-01
1275,0.562341,0.2,1.077680e-01
1300,0.562341,0.2,1.078940e-01
1325,0.562341,0.2,1.079900e-01
1350,0.562341,0.2,1.080660e-01
1375,0.562341,0.2,1.081290e-01
1400,0.562341,0.2,1.081840e-01
1425,0.562341,0.2,1.082340e-01
1450,0.562341,0.2,1.082830e-01
1475,0.562341,0.2,1.083320e-01
1500,0.562341,0.2,1.083840e-01
1525,0.562341,0.2,1.084390e-01
1550,0.562341,0.2,1.085000e-01
1575,0.562341,0.2,1.085660e-01
1600,0.562341,0.2,1.086410e-01
1625,0.562341,0.2,1.087240e-01
1650,0.562341,0.2,1.088160e-01
1675,0.562341,0.2,1.089190e-01
1700,0.562341,0.2,1.090340e-01
1725,0.562341,0.2,1.091620e-01
1750,0.562341,0.2,1.093040e-01
1775,0.562341,0.2,1.094600e-01
1800,0.562341,0.2,1.096340e-01
1825,0.562341,0.2,1.098240e-01
1850,0.562341,0.2,1.100340e-01
1875,0.562341,0.2,1.102640e-01
1900,0.562341,0.2,1.105140e-01
1925,0.562341,0.2,1.107880e-01
1950,0.562341,0.2,1.110860e-01
1975,0.562341,0.2,1.114090e-01
2000,0.562341,0.2,1.117580e-01
2025,0.562341,0.2,1.121360e-01
2050,0.562341,0.2,1.125440e-01
2075,0.562341,0.2,1.129830e-01
2100,0.562341,0.2,1.134530e-01
2125,0.562341,0.2,1.139580e-01
2150,0.562341,0.2,1.144980e-01
2175,0.562341,0.2,1.150750e-01
2200,0.562341,0.2,1.156890e-01
2225,0.562341,0.2,1.163420e-01
2250,0.562341,0.2,1.170360e-01
2275,0.562341,0.2,1.177710e-01
2300,0.562341,0.2,1.185490e-01
2325,0.562341,0.2,1.193710e-01
2350,0.562341,0.2,1.202370e-01
2375,0.562341,0.2,1.211490e-01
2400,0.562341,0.2,1.221070e-01
2425,0.562341,0.2,1.231120e-01
2450,0.562341,0.2,1.241640e-01
2475,0.562341,0.2,1.252640e-01
2500,0.562341,0.2,1.264130e-01
2525,0.562341,0.2,1.276090e-01
2550,0.562341,0.2,1.288540e-01
2575,0.562341,0.2,1.301460e-01
2600,0.562341,0.2,1.314870e-01
2625,0.562341,0.2,1.328760e-01
2650,0.562341,0.2,1.343120e-01
2675,0.562341,0.2,1.357960e-01
2700,0.562341,0.2,1.373260e-01
2725,0.562341,0.2,1.389040e-01
2750,0.562341,0.2,1.405290e-01
2775,0.562341,0.2,1.422010e-01
2800,0.562341,0.2,1.439220e-01
2825,0.562341,0.2,1.456940e-01
2850,0.562341,0.2,1.475180e-01
2875,0.562341,0.2,1.493990e-01
2900,0.562341,0.2,1.513420e-01
2925,0.562341,0.2,1.533530e-01
2950,0.562341,0.2,1.554420e-01
2975,0.562341,0.2,1.576210e-01
3000,0.562341,0.2,1.599060e-01
3025,0.562341,0.2,1.623170e-01
3050,0.562341,0.2,1.648800e-01
3075,0.562341,0.2,1.676250e-01
3100,0.562341,0.2,1.705940e-01
3125,0.562341,0.2,1.738350e-01
3150,0.562341,0.2,1.774100e-01
3175,0.562341,0.2,1.813930e-01
3200,0.562341,0.2,1.858770e-01
3225,0.562341,0.2,1.909740e-01
3250,0.562341,0.2,1.968210e-01
3275,0.562341,0.2,2.035850e-01
3300,0.562341,0.2,2.114700e-01
3325,0.562341,0.2,2.207260e-01
3350,0.562341,0.2,2.316570e-01
3375,0.562341,0.2,2.446360e-01
3400,0.562341,0.2,2.601230e-01
3425,0.562341,0.2,2.786860e-01
3450,0.562341,0.2,3.010330e-01
3475,0.562341,0.2,3.280520e-01
3500,0.562341,0.2,3.608730e-01
3525,0.562341,0.2,4.009420e-01
3550,0.562341,0.2,4.501480e-01
3575,0.562341,0.2,5.109930e-01
3600,0.562341,0.2,5.868630e-01
3625,0.562341,0.2,6.824520e-01
3650,0.562341,0.2,8.044650e-01
3675,0.562341,0.2,9.628130e-01
3700,0.562341,0.2,1.172790e+00
3725,0.562341,0.2,1.459290e+00
3750,0.562341,0.2,1.865750e+00
3775,0.562341,0.2,2.475140e+00
3800,0.562341,0.2,3.467940e+00
3825,0.562341,0.2,5.322770e+00
3850,0.562341,0.2,9.847030e+00
3875,0.562341,0.2,3.436800e+01
3900,0.562341,0.2,2.000000e+02
3925,0.562341,0.2,2.000000e+02
3950,0.562341,0.2,2.000000e+02
3975,0.562341,0.2,2.000000e+02
4000,0.562341,0.2,2.000000e+02
4025,0.562341,0.2,2.000000e+02
4050,0.562341,0.2,2.000000e+02
4075,0.562341,0.2,2.000000e+02
4100,0.562341,0.2,2.000000e+02
4125,0.562341,0.2,2.000000e+02
4150,0.562341,0.2,2.000000e+02
4175,0.562341,0.2,2.000000e+02
4200,0.562341,0.2,2.000000e+02
4225,0.562341,0.2,2.000000e+02
4250,0.562341,0.2,2.000000e+02
4275,0.562341,0.2,2.000000e+02
4300,0.562341,0.2,2.000000e+02
4325,0.562341,0.2,2.000000e+02
4350,0.562341,0.2,2.000000e+02
4375,0.562341,0.2,2.000000e+02
4400,0.562341,0.2,2.000000e+02
4425,0.562341,0.2,2.000000e+02
4450,0.562341,0.2,2.000000e+02
4475,0.562341,0.2,2.000000e+02
4500,0.562341,0.2,2.000000e+02
4525,0.562341,0.2,2.000000e+02
4550,0.562341,0.2,2.000000e+02
4575,0.562341,0.2,2.000000e+02
4600,0.562341,0.2,2.000000e+02
4625,0.562341,0.2,2.000000e+02
4650,0.562341,0.2,2.000000e+02
4675,0.562341,0.2,2.000000e+02
4700,0.562341,0.2,2.000000e+02
4725,0.562341,0.2,2.000000e+02
4750,0.562341,0.2,2.000000e+02
4775,0.562341,0.2,2.000000e+02
4800,0.562341,0.2,2.000000e+02
4825,0.562341,0.2,2.000000e+02
4850,0.562341,0.2,2.000000e+02
4875,0.562341,0.2,2.000000e+02
4900,0.562341,0.2,2.000000e+02
4925,0.562341,0.2,2.000000e+02
4950,0.562341,0.2,2.000000e+02
4975,0.562341,0.2,2.000000e+02
5000,0.562341,0.2,2.000000e+02
300,1,0.2,0.000000e+00
325,1,0.2,0.000000e+00
350,1,0.2,0.000000e+00
375,1,0.2,0.000000e+00
400,1,0.2,0.000000e+00
425,1,0.2,0.000000e+00
450,1,0.2,0.000000e+00
475,1,0.2,0.000000e+00
500,1,0.2,0.000000e+00
525,1,0.2,0.000000e+00
550,1,0.2,0.000000e+00
575,1,0.2,0.000000e+00
600,1,0.2,0.000000e+00
625,1,0.2,0.000000e+00
650,1,0.2,0.000000e+00
675,1,0.2,0.000000e+00
700,1,0.2,0.000000e+00
725,1,0.2,0.000000e+00
750,1,0.2,0.000000e+00
775,1,0.2,0.000000e+00
800,1,0.2,0.000000e+00
825,1,0.2,0.000000e+00
850,1,0.2,4.354770e-03
875,1,0.2,1.420000e-02
900,1,0.2,2.565020e-02
925,1,0.2,3.827300e-02
950,1,0.2,5.131670e-02
975,1,0.2,6.383190e-02
1000,1,0.2,7.493030e-02
1025,1,0.2,8.405170e-02
1050,1,0.2,9.107280e-02
1075,1,0.2,9.621280e-02
1100,1,0.2,9.985140e-02
1125,1,0.2,1.023780e-01
1150,1,0.2,1.041190e-01
1175,1,0.2,1.053180e-01
1200,1,0.2,1.061470e-01
1225,1,0.2,1.067270e-01
1250,1,0.2,1.071360e-01
1275,1,0.2,1.074300e-01
1300,1,0.2,1.076440e-01
1325,1,0.2,1.078040e-01
1350,1,0.2,1.079260e-01
1375,1,0.2,1.080240e-01
1400,1,0.2,1.081040e-01
1425,1,0.2,1.081730e-01
1450,1,0.2,1.082360e-01
1475,1,0.2,1.082960e-01
1500,1,0.2,1.083560e-01
1525,1,0.2,1.084180e-01
1550,1,0.2,1.084830e-01
1575,1,0.2,1.085540e-01
1600,1,0.2,1.086310e-01
1625,1,0.2,1.087160e-01
1650,1,0.2,1.088110e-01
1675,1,0.2,1.089150e-01
1700,1,0.2,1.090310e-01
1725,1,0.2,1.091600e-01
1750,1,0.2,1.093020e-01
1775,1,0.2,1.094600e-01
1800,1,0.2,1.096330e-01
1825,1,0.2,1.098250e-01
1850,1,0.2,1.100340e-01
1875,1,0.2,1.102640e-01
1900,1,0.2,1.105150e-01
1925,1,0.2,1.107890e-01
1950,1,0.2,1.110870e-01
1975,1,0.2,1.114100e-01
2000,1,0.2,1.117600e-01
2025,1,0.2,1.121390e-01
2050,1,0.2,1.125470e-01
2075,1,0.2,1.129860e-01
2100,1,0.2,1.134570e-01
2125,1,0.2,1.139630e-01
2150,1,0.2,1.145040e-01
2175,1,0.2,1.150820e-01
2200,1,0.2,1.156980e-01
2225,1,0.2,1.163530e-01
2250,1,0.2,1.170490e-01
2275,1,0.2,1.177870e-01
2300,1,0.2,1.185690e-01
2325,1,0.2,1.193940e-01
2350,1,0.2,1.202650e-01
2375,1,0.2,1.211830e-01
2400,1,0.2,1.221480e-01
2425,1,0.2,1.231600e-01
2450,1,0.2,1.242220e-01
2475,1,0.2,1.253320e-01
2500,1,0.2,1.264930e-01
2525,1,0.2,1.277030e-01
2550,1,0.2,1.289640e-01
2575,1,0.2,1.302750e-01
2600,1,0.2,1.316360e-01
2625,1,0.2,1.330470e-01
2650,1,0.2,1.345090e-01
2675,1,0.2,1.360200e-01
2700,1,0.2,1.375800e-01
2725,1,0.2,1.391900e-01
2750,1,0.2,1.408480e-01
2775,1,0.2,1.425550e-01
2800,1,0.2,1.443110e-01
2825,1,0.2,1.461170e-01
2850,1,0.2,1.479730e-01
2875,1,0.2,1.498800e-01
2900,1,0.2,1.518410e-01
2925,1,0.2,1.538600e-01
2950,1,0.2,1.559400e-01
2975,1,0.2,1.580880e-01
3000,1,0.2,1.603120e-01
3025,1,0.2,1.626230e-01
3050,1,0.2,1.650330e-01
3075,1,0.2,1.675600e-01
3100,1,0.2,1.702260e-01
3125,1,0.2,1.730560e-01
3150,1,0.2,1.760860e-01
3175,1,0.2,1.793540e-01
3200,1,0.2,1.829120e-01
3225,1,0.2,1.868210e-01
3250,1,0.2,1.911540e-01
3275,1,0.2,1.960040e-01
3300,1,0.2,2.014780e-01
3325,1,0.2,2.077100e-01
3350,1,0.2,2.148610e-01
3375,1,0.2,2.231230e-01
3400,1,0.2,2.327330e-01
3425,1,0.2,2.439760e-01
3450,1,0.2,2.571990e-01
3475,1,0.2,2.728250e-01
3500,1,0.2,2.913770e-01
3525,1,0.2,3.134970e-01
3550,1,0.2,3.399870e-01
3575,1,0.2,3.718560e-01
3600,1,0.2,4.103840e-01
3625,1,0.2,4.572240e-01
3650,1,0.2,5.145380e-01
3675,1,0.2,5.852090e-01
3700,1,0.2,6.731680e-01
3725,1,0.2,7.839100e-01
3750,1,0.2,9.253670e-01
3775,1,0.2,1.109410e+00
3800,1,0.2,1.354640e+00
3825,1,0.2,1.691950e+00
3850,1,0.2,2.176550e+00
3875,1,0.2,2.917680e+00
3900,1,0.2,4.165220e+00
3925,1,0.2,6.639260e+00
3950,1,0.2,1.357090e+01
3975,1,0.2,1.002280e+02
4000,1,0.2,2.000000e+02
4025,1,0.2,2.000000e+02
4050,1,0.2,2.000000e+02
4075,1,0.2,2.000000e+02
4100,1,0.2,2.000000e+02
4125,1,0.2,2.000000e+02
4150,1,0.2,2.000000e+02
4175,1,0.2,2.000000e+02
4200,1,0.2,2.000000e+02
4225,1,0.2,2.000000e+02
4250,1,0.2,2.000000e+02
4275,1,0.2,2.000000e+02
4300,1,0.2,2.000000e+02
4325,1,0.2,2.000000e+02
4350,1,0.2,2.000000e+02
4375,1,0.2,2.000000e+02
4400,1,0.2,2.000000e+02
4425,1,0.2,2.000000e+02
4450,1,0.2,2.000000e+02
4475,1,0.2,2.000000e+02
4500,1,0.2,2.000000e+02
4525,1,0.2,2.000000e+02
4550,1,0.2,2.000000e+02
4575,1,0.2,2.000000e+02
4600,1,0.2,2.000000e+02
4625,1,0.2,2.000000e+02
4650,1,0.2,2.000000e+02
4675,1,0.2,2.000000e+02
4700,1,0.2,2.000000e+02
4725,1,0.2,2.000000e+02
4750,1,0.2,2.000000e+02
4775,1,0.2,2.000000e+02
4800,1,0.2,2.000000e+02
4825,1,0.2,2.000000e+02
4850,1,0.2,2.000000e+02
4875,1,0.2,2.000000e+02
4900,1,0.2,2.000000e+02
4925,1,0.2,2.000000e+02
4950,1,0.2,2.000000e+02
4975,1,0.2,2.000000e+02
5000,1,0.2,2.000000e+02
300,1.77828,0.2,0.000000e+00
325,1.77828,0.2,0.000000e+00
350,1.77828,0.2,0.000000e+00
375,1.77828,0.2,0.000000e+00
400,1.77828,0.2,0.000000e+00
425,1.77828,0.2,0.000000e+00
450,1.77828,0.2,0.000000e+00
475,1.77828,0.2,0.000000e+00
500,1.77828,0.2,0.000000e+00
525,1.77828,0.2,0.000000e+00
550,1.77828,0.2,0.000000e+00
575,1.77828,0.2,0.000000e+00
600,1.77828,0.2,0.000000e+00
625,1.77828,0.2,0.000000e+00
650,1.77828,0.2,0.000000e+00
675,1.77828,0.2,0.000000e+00
700,1.77828,0.2,0.000000e+00
725,1.77828,0.2,0.000000e+00
750,1.77828,0.2,0.000000e+00
775,1.77828,0.2,0.000000e+00
800,1.77828,0.2,0.000000e+00
825,1.77828,0.2,0.000000e+00
850,1.77828,0.2,0.000000e+00
875,1.77828,0.2,5.567540e-03
900,1.77828,0.2,1.505480e-02
925,1.77828,0.2,2.597480e-02
950,1.77828,0.2,3.793380e-02
975,1.77828,0.2,5.028110e-02
1000,1.77828,0.2,6.220790e-02
1025,1.77828,0.2,7.294520e-02
1050,1.77828,0.2,8.197210e-02
1075,1.77828,0.2,8.911710e-02
1100,1.77828,0.2,9.450880e-02
1125,1.77828,0.2,9.844230e-02
1150,1.77828,0.2,1.012520e-01
1175,1.77828,0.2,1.032390e-01
1200,1.77828,0.2,1.046380e-01
1225,1.77828,0.2,1.056280e-01
1250,1.77828,0.2,1.063310e-01
1275,1.77828,0.2,1.068370e-01
1300,1.77828,0.2,1.072040e-01
1325,1.77828,0.2,1.074750e-01
1350,1.77828,0.2,1.076790e-01
1375,1.77828,0.2,1.078370e-01
1400,1.77828,0.2,1.079620e-01
1425,1.77828,0.2,1.080650e-01
1450,1.77828,0.2,1.081530e-01
1475,1.77828,0.2,1.082330e-01
1500,1.77828,0.2,1.083070e-01
1525,1.77828,0.2,1.083800e-01
1550,1.77828,0.2,1.084540e-01
1575,1.77828,0.2,1.085320e-01
1600,1.77828,0.2,1.086140e-01
1625,1.77828,0.2,1.087040e-01
1650,1.77828,0.2,1.088010e-01
1675,1.77828,0.2,1.089080e-01
1700,1.77828,0.2,1.090260e-01
1725,1.77828,0.2,1.091560e-01
1750,1.77828,0.2,1.093000e-01
1775,1.77828,0.2,1.094580e-01
1800,1.77828,0.2,1.096330e-01
1825,1.77828,0.2,1.098250e-01
1850,1.77828,0.2,1.100350e-01
1875,1.77828,0.2,1.102650e-01
1900,1.77828,0.2,1.105170e-01
1925,1.77828,0.2,1.107910e-01
1950,1.77828,0.2,1.110890e-01
1975,1.77828,0.2,1.114130e-01
2000,1.77828,0.2,1.117630e-01
2025,1.77828,0.2,1.121420e-01
2050,1.77828,0.2,1.125500e-01
2075,1.77828,0.2,1.129890e-01
2100,1.77828,0.2,1.134610e-01
2125,1.77828,0.2,1.139680e-01
2150,1.77828,0.2,1.145090e-01
2175,1.77828,0.2,1.150880e-01
2200,1.77828,0.2,1.157050e-01
2225,1.77828,0.2,1.163620e-01
2250,1.77828,0.2,1.170600e-01
2275,1.77828,0.2,1.178000e-01
2300,1.77828,0.2,1.185840e-01
2325,1.77828,0.2,1.194120e-01
2350,1.77828,0.2,1.202870e-01
2375,1.77828,0.2,1.212090e-01
2400,1.77828,0.2,1.221790e-01
2425,1.77828,0.2,1.231970e-01
2450,1.77828,0.2,1.242660e-01
2475,1.77828,0.2,1.253840e-01
2500,1.77828,0.2,1.265540e-01
2525,1.77828,0.2,1.277750e-01
2550,1.77828,0.2,1.290480e-01
2575,1.77828,0.2,1.303730e-01
2600,1.77828,0.2,1.317500e-01
2625,1.77828,0.2,1.331790e-01
2650,1.77828,0.2,1.346600e-01
2675,1.77828,0.2,1.361920e-01
2700,1.77828,0.2,1.377770e-01
2725,1.77828,0.2,1.394120e-01
2750,1.77828,0.2,1.410980e-01
2775,1.77828,0.2,1.428350e-01
2800,1.77828,0.2,1.446220e-01
2825,1.77828,0.2,1.464580e-01
2850,1.77828,0.2,1.483450e-01
2875,1.77828,0.2,1.502830e-01
2900,1.77828,0.2,1.522710e-01
2925,1.77828,0.2,1.543110e-01
2950,1.77828,0.2,1.564060e-01
2975,1.77828,0.2,1.585580e-01
3000,1.77828,0.2,1.607700e-01
3025,1.77828,0.2,1.630490e-01
3050,1.77828,0.2,1.654000e-01
3075,1.77828,0.2,1.678330e-01
3100,1.77828,0.2,1.703590e-01
3125,1.77828,0.2,1.729920e-01
3150,1.77828,0.2,1.757510e-01
3175,1.77828,0.2,1.786570e-01
3200,1.77828,0.2,1.817370e-01
3225,1.77828,0.2,1.850260e-01
3250,1.77828,0.2,1.885630e-01
3275,1.77828,0.2,1.923980e-01
3300,1.77828,0.2,1.965910e-01
3325,1.77828,0.2,2.012140e-01
3350,1.77828,0.2,2.063520e-01
3375,1.77828,0.2,2.121110e-01
3400,1.77828,0.2,2.186150e-01
3425,1.77828,0.2,2.260140e-01
3450,1.77828,0.2,2.344880e-01
3475,1.77828,0.2,2.442530e-01
3500,1.77828,0.2,2.555690e-01
3525,1.77828,0.2,2.687520e-01
3550,1.77828,0.2,2.841820e-01
3575,1.77828,0.2,3.023240e-01
3600,1.77828,0.2,3.237480e-01
3625,1.77828,0.2,3.491560e-01
3650,1.77828,0.2,3.794220e-01
3675,1.77828,0.2,4.156460e-01
3700,1.77828,0.2,4.592280e-01
3725,1.77828,0.2,5.119750e-01
3750,1.77828,0.2,5.762560e-01
3775,1.77828,0.2,6.552410e-01
3800,1.77828,0.2,7.532660e-01
3825,1.77828,0.2,8.764240e-01
3850,1.77828,0.2,1.033540e+00
3875,1.77828,0.2,1.237930e+00
3900,1.77828,0.2,1.510580e+00
3925,1.77828,0.2,1.886680e+00
3950,1.77828,0.2,2.429910e+00
3975,1.77828,0.2,3.268390e+00
4000,1.77828,0.2,4.702500e+00
4025,1.77828,0.2,7.635160e+00
4050,1.77828,0.2,1.651830e+01
4075,1.77828,0.2,2.000000e+02
4100,1.77828,0.2,2.000000e+02
4125,1.77828,0.2,2.000000e+02
4150,1.77828,0.2,2.000000e+02
4175,1.77828,0.2,2.000000e+02
4200,1.77828,0.2,2.000000e+02
4225,1.77828,0.2,2.000000e+02
4250,1.77828,0.2,2.000000e+02
4275,1.77828,0.2,2.000000e+02
4300,1.77828,0.2,2.000000e+02
4325,1.77828,0.2,2.000000e+02
4350,1.77828,0.2,2.000000e+02
4375,1.77828,0.2,2.000000e+02
4400,1.77828,0.2,2.000000e+02
4425,1.77828,0.2,2.000000e+02
4450,1.77828,0.2,2.000000e+02
4475,1.77828,0.2,2.000000e+02
4500,1.77828,0.2,2.000000e+02
4525,1.77828,0.2,2.000000e+02
4550,1.77828,0.2,2.000000e+02
4575,1.77828,0.2,2.000000e+02
4600,1.77828,0.2,2.000000e+02
4625,1.77828,0.2,2.000000e+02
4650,1.77828,0.2,2.000000e+02
4675,1.77828,0.2,2.000000e+02
4700,1.77828,0.2,2.000000e+02
4725,1.77828,0.2,2.000000e+02
4750,1.77828,0.2,2.000000e+02
4775,1.77828,0.2,2.000000e+02
4800,1.77828,0.2,2.000000e+02
4825,1.77828,0.2,2.000000e+02
4850,1.77828,0.2,2.000000e+02
4875,1.77828,0.2,2.000000e+02
4900,1.77828,0.2,2.000000e+02
4925,1.77828,0.2,2.000000e+02
4950,1.77828,0.2,2.000000e+02
4975,1.77828,0.2,2.000000e+02
5000,1.77828,0.2,2.000000e+02
300,3.16228,0.2,0.000000e+00
325,3.16228,0.2,0.000000e+00
350,3.16228,0.2,0.000000e+00
375,3.16228,0.2,0.000000e+00
400,3.16228,0.2,0.000000e+00
425,3.16228,0.2,0.000000e+00
450,3.16228,0.2,0.000000e+00
475,3.16228,0.2,0.000000e+00
500,3.16228,0.2,0.000000e+00
525,3.16228,0.2,0.000000e+00
550,3.16228,0.2,0.000000e+00
575,3.16228,0.2,0.000000e+00
600,3.16228,0.2,0.000000e+00
625,3.16228,0.2,0.000000e+00
650,3.16228,0.2,0.000000e+00
675,3.16228,0.2,0.000000e+00
700,3.16228,0.2,0.000000e+00
725,3.16228,0.2,0.000000e+00
750,3.16228,0.2,0.000000e+00
775,3.16228,0.2,0.000000e+00
800,3.16228,0.2,0.000000e+00
825,3.16228,0.2,0.000000e+00
850,3.16228,0.2,0.000000e+00
875,3.16228,0.2,0.000000e+00
900,3.16228,0.2,6.429450e-03
925,3.16228,0.2,1.546560e-02
950,3.16228,0.2,2.578240e-02
975,3.16228,0.2,3.703840e-02
1000,3.16228,0.2,4.868560e-02
1025,3.16228,0.2,6.004420e-02
1050,3.16228,0.2,7.044900e-02
1075,3.16228,0.2,7.941160e-02
1100,3.16228,0.2,8.671500e-02
1125,3.16228,0.2,9.240090e-02
1150,3.16228,0.2,9.667900e-02
1175,3.16228,0.2,9.982540e-02
1200,3.16228,0.2,1.021090e-01
1225,3.16228,0.2,1.037570e-01
1250,3.16228,0.2,1.049450e-01
1275,3.16228,0.2,1.058070e-01
1300,3.16228,0.2,1.064350e-01
1325,3.16228,0.2,1.068990e-01
1350,3.16228,0.2,1.072450e-01
1375,3.16228,0.2,1.075070e-01
1400,3.16228,0.2,1.077110e-01
1425,3.16228,0.2,1.078730e-01
1450,3.16228,0.2,1.080060e-01
1475,3.16228,0.2,1.081200e-01
1500,3.16228,0.2,1.082200e-01
1525,3.16228,0.2,1.083130e-01
1550,3.16228,0.2,1.084030e-01
1575,3.16228,0.2,1.084920e-01
1600,3.16228,0.2,1.085840e-01
1625,3.16228,0.2,1.086810e-01
1650,3.16228,0.2,1.087840e-01
1675,3.16228,0.2,1.088950e-01
1700,3.16228,0.2,1.090170e-01
1725,3.16228,0.2,1.091500e-01
1750,3.16228,0.2,1.092960e-01
1775,3.16228,0.2,1.094560e-01
1800,3.16228,0.2,1.096320e-01
1825,3.16228,0.2,1.098250e-01
1850,3.16228,0.2,1.100360e-01
1875,3.16228,0.2,1.102670e-01
1900,3.16228,0.2,1.105190e-01
1925,3.16228,0.2,1.107930e-01
1950,3.16228,0.2,1.110920e-01
1975,3.16228,0.2,1.114160e-01
2000,3.16228,0.2,1.117660e-01
2025,3.16228,0.2,1.121450e-01
2050,3.16228,0.2,1.125540e-01
2075,3.16228,0.2,1.129940e-01
2100,3.16228,0.2,1.134660e-01
2125,3.16228,0.2,1.139730e-01
2150,3.16228,0.2,1.145150e-01
2175,3.16228,0.2,1.150940e-01
2200,3.16228,0.2,1.157120e-01
2225,3.16228,0.2,1.163700e-01
2250,3.16228,0.2,1.170690e-01
2275,3.16228,0.2,1.178110e-01
2300,3.16228,0.2,1.185960e-01
2325,3.16228,0.2,1.194270e-01
2350,3.16228,0.2,1.203050e-01
2375,3.16228,0.2,1.212290e-01
2400,3.16228,0.2,1.222030e-01
2425,3.16228,0.2,1.232260e-01
2450,3.16228,0.2,1.243000e-01
2475,3.16228,0.2,1.254240e-01
2500,3.16228,0.2,1.266010e-01
2525,3.16228,0.2,1.278300e-01
2550,3.16228,0.2,1.291120e-01
2575,3.16228,0.2,1.304480e-01
2600,3.16228,0.2,1.318360e-01
2625,3.16228,0.2,1.332790e-01
2650,3.16228,0.2,1.347750e-01
2675,3.16228,0.2,1.363250e-01
2700,3.16228,0.2,1.379280e-01
2725,3.16228,0.2,1.395830e-01
2750,3.16228,0.2,1.412920e-01
2775,3.16228,0.2,1.430520e-01
2800,3.16228,0.2,1.448650e-01
2825,3.16228,0.2,1.467280e-01
2850,3.16228,0.2,1.486430e-01
2875,3.16228,0.2,1.506080e-01
2900,3.16228,0.2,1.526230e-01
2925,3.16228,0.2,1.546890e-01
2950,3.16228,0.2,1.568070e-01
2975,3.16228,0.2,1.589760e-01
3000,3.16228,0.2,1.611990e-01
3025,3.16228,0.2,1.634770e-01
3050,3.16228,0.2,1.658150e-01
3075,3.16228,0.2,1.682160e-01
3100,3.16228,0.2,1.706860e-01
3125,3.16228,0.2,1.732320e-01
3150,3.16228,0.2,1.758630e-01
3175,3.16228,0.2,1.785920e-01
3200,3.16228,0.2,1.814330e-01
3225,3.16228,0.2,1.844040e-01
3250,3.16228,0.2,1.875270e-01
3275,3.16228,0.2,1.908290e-01
3300,3.16228,0.2,1.943420e-01
3325,3.16228,0.2,1.981070e-01
3350,3.16228,0.2,2.021690e-01
3375,3.16228,0.2,2.065870e-01
3400,3.16228,0.2,2.114260e-01
3425,3.16228,0.2,2.167690e-01
3450,3.16228,0.2,2.227120e-01
3475,3.16228,0.2,2.293690e-01
3500,3.16228,0.2,2.368770e-01
3525,3.16228,0.2,2.453990e-01
3550,3.16228,0.2,2.551280e-01
3575,3.16228,0.2,2.662980e-01
3600,3.16228,0.2,2.791860e-01
3625,3.16228,0.2,2.941270e-01
3650,3.16228,0.2,3.115250e-01
3675,3.16228,0.2,3.318710e-01
3700,3.16228,0.2,3.557650e-01
3725,3.16228,0.2,3.839440e-01
3750,3.16228,0.2,4.173270e-01
3775,3.16228,0.2,4.570660e-01
3800,3.16228,0.2,5.046270e-01
3825,3.16228,0.2,5.618980e-01
3850,3.16228,0.2,6.313580e-01
3875,3.16228,0.2,7.163170e-01
3900,3.16228,0.2,8.213030e-01
3925,3.16228,0.2,9.526660e-01
3950,3.16228,0.2,1.119610e+00
3975,3.16228,0.2,1.335970e+00
4000,3.16228,0.2,1.623570e+00
4025,3.16228,0.2,2.018860e+00
4050,3.16228,0.2,2.587610e+00
4075,3.16228,0.2,3.461460e+00
4100,3.16228,0.2,4.946740e+00
4125,3.16228,0.2,7.951630e+00
4150,3.16228,0.2,1.681040e+01
4175,3.16228,0.2,2.000000e+02
4200,3.16228,0.2,2.000000e+02
4225,3.16228,0.2,2.000000e+02
4250,3.16228,0.2,2.000000e+02
4275,3.16228,0.2,2.000000e+02
4300,3.16228,0.2,2.000000e+02
4325,3.16228,0.2,2.000000e+02
4350,3.16228,0.2,2.000000e+02
4375,3.16228,0.2,2.000000e+02
4400,3.16228,0.2,2.000000e+02
4425,3.16228,0.2,2.000000e+02
4450,3.16228,0.2,2.000000e+02
4475,3.16228,0.2,2.000000e+02
4500,3.16228,0.2,2.000000e+02
4525,3.16228,0.2,2.000000e+02
4550,3.16228,0.2,2.000000e+02
4575,3.16228,0.2,2.000000e+02
4600,3.16228,0.2,2.000000e+02
4625,3.16228,0.2,2.000000e+02
4650,3.16228,0.2,2.000000e+02
4675,3.16228,0.2,2.000000e+02
4700,3.16228,0.2,2.000000e+02
4725,3.16228,0.2,2.000000e+02
4750,3.16228,0.2,2.000000e+02
4775,3.16228,0.2,2.000000e+02
4800,3.16228,0.2,2.000000e+02
4825,3.16228,0.2,2.000000e+02
4850,3.16228,0.2,2.000000e+02
4875,3.16228,0.2,2.000000e+02
4900,3.16228,0.2,2.000000e+02
4925,3.16228,0.2,2.000000e+02
4950,3.16228,0.2,2.000000e+02
4975,3.16228,0.2,2.000000e+02
5000,3.16228,0.2,2.000000e+02
300,5.62341,0.2,0.000000e+00
325,5.62341,0.2,0.000000e+00
350,5.62341,0.2,0.000000e+00
375,5.62341,0.2,0.000000e+00
400,5.62341,0.2,0.000000e+00
425,5.62341,0.2,0.000000e+00
450,5.62341,0.2,0.000000e+00
475,5.62341,0.2,0.000000e+00
500,5.62341,0.2,0.000000e+00
525,5.62341,0.2,0.000000e+00
550,5.62341,0.2,0.000000e+00
575,5.62341,0.2,0.000000e+00
600,5.62341,0.2,0.000000e+00
625,5.62341,0.2,0.000000e+00
650,5.62341,0.2,0.000000e+00
675,5.62341,0.2,0.000000e+00
700,5.62341,0.2,0.000000e+00
725,5.62341,0.2,0.000000e+00
750,5.62341,0.2,0.000000e+00
775,5.62341,0.2,0.000000e+00
800,5.62341,0.2,0.000000e+00
825,5.62341,0.2,0.000000e+00
850,5.62341,0.2,0.000000e+00
875,5.62341,0.2,0.000000e+00
900,5.62341,0.2,0.000000e+00
925,5.62341,0.2,6.965380e-03
950,5.62341,0.2,1.548320e-02
975,5.62341,0.2,2.514730e-02
1000,5.62341,0.2,3.567390e-02
1025,5.62341,0.2,4.661370e-02
1050,5.62341,0.2,5.740420e-02
1075,5.62341,0.2,6.747480e-02
1100,5.62341,0.2,7.637040e-02
1125,5.62341,0.2,8.383780e-02
1150,5.62341,0.2,8.983930e-02
1175,5.62341,0.2,9.450050e-02
1200,5.62341,0.2,9.803270e-02
1225,5.62341,0.2,1.006670e-01
1250,5.62341,0.2,1.026150e-01
1275,5.62341,0.2,1.040520e-01
1300,5.62341,0.2,1.051120e-01
1325,5.62341,0.2,1.058980e-01
1350,5.62341,0.2,1.064860e-01
1375,5.62341,0.2,1.069300e-01
1400,5.62341,0.2,1.072700e-01
1425,5.62341,0.2,1.075350e-01
1450,5.62341,0.2,1.077470e-01
1475,5.62341,0.2,1.079200e-01
1500,5.62341,0.2,1.080660e-01
1525,5.62341,0.2,1.081950e-01
1550,5.62341,0.2,1.083120e-01
1575,5.62341,0.2,1.084220e-01
1600,5.62341,0.2,1.085300e-01
1625,5.62341,0.2,1.086400e-01
1650,5.62341,0.2,1.087530e-01
1675,5.62341,0.2,1.088730e-01
1700,5.62341,0.2,1.090010e-01
1725,5.62341,0.2,1.091390e-01
1750,5.62341,0.2,1.092880e-01
1775,5.62341,0.2,1.094520e-01
1800,5.62341,0.2,1.096300e-01
1825,5.62341,0.2,1.098250e-01
1850,5.62341,0.2,1.100370e-01
1875,5.62341,0.2,1.102690e-01
1900,5.62341,0.2,1.105220e-01
1925,5.62341,0.2,1.107980e-01
1950,5.62341,0.2,1.110970e-01
1975,5.62341,0.2,1.114210e-01
2000,5.62341,0.2,1.117720e-01
2025,5.62341,0.2,1.121510e-01
2050,5.62341,0.2,1.125600e-01
2075,5.62341,0.2,1.130000e-01
2100,5.62341,0.2,1.134720e-01
2125,5.62341,0.2,1.139790e-01
2150,5.62341,0.2,1.145220e-01
2175,5.62341,0.2,1.151020e-01
2200,5.62341,0.2,1.157200e-01
2225,5.62341,0.2,1.163780e-01
2250,5.62341,0.2,1.170780e-01
2275,5.62341,0.2,1.178210e-01
2300,5.62341,0.2,1.186080e-01
2325,5.62341,0.2,1.194400e-01
2350,5.62341,0.2,1.203200e-01
2375,5.62341,0.2,1.212470e-01
2400,5.62341,0.2,1.222230e-01
2425,5.62341,0.2,1.232490e-01
2450,5.62341,0.2,1.243270e-01
2475,5.62341,0.2,1.254560e-01
2500,5.62341,0.2,1.266380e-01
2525,5.62341,0.2,1.278730e-01
2550,5.62341,0.2,1.291620e-01
2575,5.62341,0.2,1.305050e-01
2600,5.62341,0.2,1.319030e-01
2625,5.62341,0.2,1.333560e-01
2650,5.62341,0.2,1.348640e-01
2675,5.62341,0.2,1.364260e-01
2700,5.62341,0.2,1.380430e-01
2725,5.62341,0.2,1.397150e-01
2750,5.62341,0.2,1.414410e-01
2775,5.62341,0.2,1.432210e-01
2800,5.62341,0.2,1.450530e-01
2825,5.62341,0.2,1.469390e-01
2850,5.62341,0.2,1.488760e-01
2875,5.62341,0.2,1.508650e-01
2900,5.62341,0.2,1.529050e-01
2925,5.62341,0.2,1.549950e-01
2950,5.62341,0.2,1.571360e-01
2975,5.62341,0.2,1.593260e-01
3000,5.62341,0.2,1.615670e-01
3025,5.62341,0.2,1.638600e-01
3050,5.62341,0.2,1.662040e-01
3075,5.62341,0.2,1.686020e-01
3100,5.62341,0.2,1.710560e-01
3125,5.62341,0.2,1.735700e-01
3150,5.62341,0.2,1.761490e-01
3175,5.62341,0.2,1.787970e-01
3200,5.62341,0.2,1.815240e-01
3225,5.62341,0.2,1.843370e-01
3250,5.62341,0.2,1.872490e-01
3275,5.62341,0.2,1.902750e-01
3300,5.62341,0.2,1.934310e-01
3325,5.62341,0.2,1.967400e-01
3350,5.62341,0.2,2.002270e-01
3375,5.62341,0.2,2.039240e-01
3400,5.62341,0.2,2.078660e-01
3425,5.62341,0.2,2.120990e-01
3450,5.62341,0.2,2.166750e-01
3475,5.62341,0.2,2.216550e-01
3500,5.62341,0.2,2.271150e-01
3525,5.62341,0.2,2.331400e-01
3550,5.62341,0.2,2.398340e-01
3575,5.62341,0.2,2.473180e-01
3600,5.62341,0.2,2.557380e-01
3625,5.62341,0.2,2.652630e-01
3650,5.62341,0.2,2.760950e-01
3675,5.62341,0.2,2.884760e-01
3700,5.62341,0.2,3.026920e-01
3725,5.62341,0.2,3.190870e-01
3750,5.62341,0.2,3.380750e-01
3775,5.62341,0.2,3.601540e-01
3800,5.62341,0.2,3.859350e-01
3825,5.62341,0.2,4.161640e-01
3850,5.62341,0.2,4.517670e-01
3875,5.62341,0.2,4.939030e-01
3900,5.62341,0.2,5.440390e-01
3925,5.62341,0.2,6.040630e-01
3950,5.62341,0.2,6.764380e-01
3975,5.62341,0.2,7.644430e-01
4000,5.62341,0.2,8.725340e-01
4025,5.62341,0.2,1.006930e+00
4050,5.62341,0.2,1.176580e+00
4075,5.62341,0.2,1.394810e+00
4100,5.62341,0.2,1.682390e+00
4125,5.62341,0.2,2.073560e+00
4150,5.62341,0.2,2.628900e+00
4175,5.62341,0.2,3.466480e+00
4200,5.62341,0.2,4.850260e+00
4225,5.62341,0.2,7.511580e+00
4250,5.62341,0.2,1.445990e+01
4275,5.62341,0.2,6.673860e+01
4300,5.62341,0.2,2.000000e+02
4325,5.62341,0.2,2.000000e+02
4350,5.62341,0.2,2.000000e+02
4375,5.62341,0.2,2.000000e+02
4400,5.62341,0.2,2.000000e+02
4425,5.62341,0.2,2.000000e+02
4450,5.62341,0.2,2.000000e+02
4475,5.62341,0.2,2.000000e+02
4500,5.62341,0.2,2.000000e+02
4525,5.62341,0.2,2.000000e+02
4550,5.62341,0.2,2.000000e+02
4575,5.62341,0.2,2.000000e+02
4600,5.62341,0.2,2.000000e+02
4625,5.62341,0.2,2.000000e+02
4650,5.62341,0.2,2.000000e+02
4675,5.62341,0.2,2.000000e+02
4700,5.62341,0.2,2.000000e+02
4725,5.62341,0.2,2.000000e+02
4750,5.62341,0.2,2.000000e+02
4775,5.62341,0.2,2.000000e+02
4800,5.62341,0.2,2.000000e+02
4825,5.62341,0.2,2.000000e+02
4850,5.62341,0.2,2.000000e+02
4875,5.62341,0.2,2.000000e+02
4900,5.62341,0.2,2.000000e+02
4925,5.62341,0.2,2.000000e+02
4950,5.62341,0.2,2.000000e+02
4975,5.62341,0.2,2.000000e+02
5000,5.62341,0.2,2.000000e+02
300,10,0.2,0.000000e+00
325,10,0.2,0.000000e+00
350,10,0.2,0.000000e+00
375,10,0.2,0.000000e+00
400,10,0.2,0.000000e+00
425,10,0.2,0.000000e+00
450,10,0.2,0.000000e+00
475,10,0.2,0.000000e+00
500,10,0.2,0.000000e+00
525,10,0.2,0.000000e+00
550,10,0.2,0.000000e+00
575,10,0.2,0.000000e+00
600,10,0.2,0.000000e+00
625,10,0.2,0.000000e+00
650,10,0.2,0.000000e+00
675,10,0.2,0.000000e+00
700,10,0.2,0.000000e+00
725,10,0.2,0.000000e+00
750,10,0.2,0.000000e+00
775,10,0.2,0.000000e+00
800,10,0.2,0.000000e+00
825,10,0.2,0.000000e+00
850,10,0.2,0.000000e+00
875,10,0.2,0.000000e+00
900,10,0.2,0.000000e+00
925,10,0.2,3.778960e-04
950,10,0.2,7.210920e-03
975,10,0.2,1.516690e-02
1000,10,0.2,2.414940e-02
1025,10,0.2,3.393130e-02
1050,10,0.2,4.415390e-02
1075,10,0.2,5.436080e-02
1100,10,0.2,6.406990e-02
1125,10,0.2,7.286490e-02
1150,10,0.2,8.047080e-02
1175,10,0.2,8.678310e-02
1200,10,0.2,9.184710e-02
1225,10,0.2,9.580520e-02
1250,10,0.2,9.884270e-02
1275,10,0.2,1.011470e-01
1300,10,0.2,1.028850e-01
1325,10,0.2,1.041930e-01
1350,10,0.2,1.051800e-01
1375,10,0.2,1.059280e-01
1400,10,0.2,1.065000e-01
1425,10,0.2,1.069430e-01
1450,10,0.2,1.072900e-01
1475,10,0.2,1.075670e-01
1500,10,0.2,1.077940e-01
1525,10,0.2,1.079840e-01
1550,10,0.2,1.081490e-01
1575,10,0.2,1.082970e-01
1600,10,0.2,1.084350e-01
1625,10,0.2,1.085670e-01
1650,10,0.2,1.086990e-01
1675,10,0.2,1.088320e-01
1700,10,0.2,1.089710e-01
1725,10,0.2,1.091180e-01
1750,10,0.2,1.092750e-01
1775,10,0.2,1.094440e-01
1800,10,0.2,1.096260e-01
1825,10,0.2,1.098240e-01
1850,10,0.2,1.100400e-01
1875,10,0.2,1.102740e-01
1900,10,0.2,1.105280e-01
1925,10,0.2,1.108050e-01
1950,10,0.2,1.111040e-01
1975,10,0.2,1.114290e-01
2000,10,0.2,1.117810e-01
2025,10,0.2,1.121600e-01
2050,10,0.2,1.125690e-01
2075,10,0.2,1.130100e-01
2100,10,0.2,1.134820e-01
2125,10,0.2,1.139890e-01
2150,10,0.2,1.145320e-01
2175,10,0.2,1.151120e-01
2200,10,0.2,1.157310e-01
2225,10,0.2,1.163890e-01
2250,10,0.2,1.170900e-01
2275,10,0.2,1.178330e-01
2300,10,0.2,1.186210e-01
2325,10,0.2,1.194540e-01
2350,10,0.2,1.203350e-01
2375,10,0.2,1.212630e-01
2400,10,0.2,1.222410e-01
2425,10,0.2,1.232700e-01
2450,10,0.2,1.243500e-01
2475,10,0.2,1.254820e-01
2500,10,0.2,1.266680e-01
2525,10,0.2,1.279070e-01
2550,10,0.2,1.292010e-01
2575,10,0.2,1.305510e-01
2600,10,0.2,1.319550e-01
2625,10,0.2,1.334160e-01
2650,10,0.2,1.349320e-01
2675,10,0.2,1.365040e-01
2700,10,0.2,1.381320e-01
2725,10,0.2,1.398160e-01
2750,10,0.2,1.415550e-01
2775,10,0.2,1.433500e-01
2800,10,0.2,1.451980e-01
2825,10,0.2,1.471010e-01
2850,10,0.2,1.490570e-01
2875,10,0.2,1.510650e-01
2900,10,0.2,1.531250e-01
2925,10,0.2,1.552370e-01
2950,10,0.2,1.573980e-01
2975,10,0.2,1.596100e-01
3000,10,0.2,1.618700e-01
3025,10,0.2,1.641800e-01
3050,10,0.2,1.665380e-01
3075,10,0.2,1.689460e-01
3100,10,0.2,1.714040e-01
3125,10,0.2,1.739120e-01
3150,10,0.2,1.764740e-01
3175,10,0.2,1.790910e-01
3200,10,0.2,1.817670e-01
3225,10,0.2,1.845070e-01
3250,10,0.2,1.873160e-01
3275,10,0.2,1.902020e-01
3300,10,0.2,1.931740e-01
3325,10,0.2,1.962440e-01
3350,10,0.2,1.994260e-01
3375,10,0.2,2.027350e-01
3400,10,0.2,2.061940e-01
3425,10,0.2,2.098240e-01
3450,10,0.2,2.136560e-01
3475,10,0.2,2.177240e-01
3500,10,0.2,2.220670e-01
3525,10,0.2,2.267330e-01
3550,10,0.2,2.317780e-01
3575,10,0.2,2.372680e-01
3600,10,0.2,2.432790e-01
3625,10,0.2,2.499040e-01
3650,10,0.2,2.572470e-01
3675,10,0.2,2.654350e-01
3700,10,0.2,2.746130e-01
3725,10,0.2,2.849550e-01
3750,10,0.2,2.966640e-01
3775,10,0.2,3.099820e-01
3800,10,0.2,3.251950e-01
3825,10,0.2,3.426440e-01
3850,10,0.2,3.627370e-01
3875,10,0.2,3.859660e-01
3900,10,0.2,4.129260e-01
3925,10,0.2,4.443460e-01
3950,10,0.2,4.811230e-01
3975,10,0.2,5.243740e-01
4000,10,0.2,5.755050e-01
4025,10,0.2,6.363160e-01
4050,10,0.2,7.091340e-01
4075,10,0.2,7.970370e-01
4100,10,0.2,9.041650e-01
4125,10,0.2,1.036240e+00
4150,10,0.2,1.201360e+00
4175,10,0.2,1.411440e+00
4200,10,0.2,1.684660e+00
4225,10,0.2,2.050230e+00
4250,10,0.2,2.558240e+00
4275,10,0.2,3.301980e+00
4300,10,0.2,4.477000e+00
4325,10,0.2,6.571300e+00
4350,10,0.2,1.122160e+01
4375,10,0.2,2.905860e+01
4400,10,0.2,2.000000e+02
4425,10,0.2,2.000000e+02
4450,10,0.2,2.000000e+02
4475,10,0.2,2.000000e+02
4500,10,0.2,2.000000e+02
4525,10,0.2,2.000000e+02
4550,10,0.2,2.000000e+02
4575,10,0.2,2.000000e+02
4600,10,0.2,2.000000e+02
4625,10,0.2,2.000000e+02
4650,10,0.2,2.000000e+02
4675,10,0.2,2.000000e+02
4700,10,0.2,2.000000e+02
4725,10,0.2,2.000000e+02
4750,10,0.2,2.000000e+02
4775,10,0.2,2.000000e+02
4800,10,0.2,2.000000e+02
4825,10,0.2,2.000000e+02
4850,10,0.2,2.000000e+02
4875,10,0.2,2.000000e+02
4900,10,0.2,2.000000e+02
4925,10,0.2,2.000000e+02
4950,10,0.2,2.000000e+02
4975,10,0.2,2.000000e+02
5000,10,0.2,2.000000e+02
300,17.7828,0.2,0.000000e+00
325,17.7828,0.2,0.000000e+00
350,17.7828,0.2,0.000000e+00
375,17.7828,0.2,0.000000e+00
400,17.7828,0.2,0.000000e+00
425,17.7828,0.2,0.000000e+00
450,17.7828,0.2,0.000000e+00
475,17.7828,0.2,0.000000e+00
500,17.7828,0.2,0.000000e+00
525,17.7828,0.2,0.000000e+00
550,17.7828,0.2,0.000000e+00
575,17.7828,0.2,0.000000e+00
600,17.7828,0.2,0.000000e+00
625,17.7828,0.2,0.000000e+00
650,17.7828,0.2,0.000000e+00
675,17.7828,0.2,0.000000e+00
700,17.7828,0.2,0.000000e+00
725,17.7828,0.2,0.000000e+00
750,17.7828,0.2,0.000000e+00
775,17.7828,0.2,0.000000e+00
800,17.7828,0.2,0.000000e+00
825,17.7828,0.2,0.000000e+00
850,17.7828,0.2,0.000000e+00
875,17.7828,0.2,0.000000e+00
900,17.7828,0.2,0.000000e+00
925,17.7828,0.2,0.000000e+00
950,17.7828,0.2,8.272990e-04
975,17.7828,0.2,7.206580e-03
1000,17.7828,0.2,1.457810e-02
1025,17.7828,0.2,2.286780e-02
1050,17.7828,0.2,3.190050e-02
1075,17.7828,0.2,4.139730e-02
1100,17.7828,0.2,5.099600e-02
1125,17.7828,0.2,6.029810e-02
1150,17.7828,0.2,6.893350e-02
1175,17.7828,0.2,7.662170e-02
1200,17.7828,0.2,8.320920e-02
1225,17.7828,0.2,8.866940e-02
1250,17.7828,0.2,9.307530e-02
1275,17.7828,0.2,9.655870e-02
1300,17.7828,0.2,9.927360e-02
1325,17.7828,0.2,1.013710e-01
1350,17.7828,0.2,1.029830e-01
1375,17.7828,0.2,1.042220e-01
1400,17.7828,0.2,1.051770e-01
1425,17.7828,0.2,1.059160e-01
1450,17.7828,0.2,1.064930e-01
1475,17.7828,0.2,1.069480e-01
1500,17.7828,0.2,1.073140e-01
1525,17.7828,0.2,1.076120e-01
1550,17.7828,0.2,1.078610e-01
1575,17.7828,0.2,1.080750e-01
1600,17.7828,0.2,1.082640e-01
1625,17.7828,0.2,1.084370e-01
1650,17.7828,0.2,1.086010e-01
1675,17.7828,0.2,1.087600e-01
1700,17.7828,0.2,1.089190e-01
1725,17.7828,0.2,1.090810e-01
1750,17.7828,0.2,1.092500e-01
1775,17.7828,0.2,1.094290e-01
1800,17.7828,0.2,1.096190e-01
1825,17.7828,0.2,1.098230e-01
1850,17.7828,0.2,1.100430e-01
1875,17.7828,0.2,1.102810e-01
1900,17.7828,0.2,1.105380e-01
1925,17.7828,0.2,1.108170e-01
1950,17.7828,0.2,1.111180e-01
1975,17.7828,0.2,1.114440e-01
2000,17.7828,0.2,1.117960e-01
2025,17.7828,0.2,1.121770e-01
2050,17.7828,0.2,1.125860e-01
2075,17.7828,0.2,1.130260e-01
2100,17.7828,0.2,1.134990e-01
2125,17.7828,0.2,1.140060e-01
2150,17.7828,0.2,1.145490e-01
2175,17.7828,0.2,1.151290e-01
2200,17.7828,0.2,1.157470e-01
2225,17.7828,0.2,1.164060e-01
2250,17.7828,0.2,1.171060e-01
2275,17.7828,0.2,1.178500e-01
2300,17.7828,0.2,1.186380e-01
2325,17.7828,0.2,1.194710e-01
2350,17.7828,0.2,1.203530e-01
2375,17.7828,0.2,1.212820e-01
2400,17.7828,0.2,1.222610e-01
2425,17.7828,0.2,1.232910e-01
2450,17.7828,0.2,1.243730e-01
2475,17.7828,0.2,1.255070e-01
2500,17.7828,0.2,1.266950e-01
2525,17.7828,0.2,1.279380e-01
2550,17.7828,0.2,1.292350e-01
2575,17.7828,0.2,1.305880e-01
2600,17.7828,0.2,1.319980e-01
2625,17.7828,0.2,1.334640e-01
2650,17.7828,0.2,1.349860e-01
2675,17.7828,0.2,1.365660e-01
2700,17.7828,0.2,1.382020e-01
2725,17.7828,0.2,1.398950e-01
2750,17.7828,0.2,1.416440e-01
2775,17.7828,0.2,1.434490e-01
2800,17.7828,0.2,1.453100e-01
2825,17.7828,0.2,1.472260e-01
2850,17.7828,0.2,1.491970e-01
2875,17.7828,0.2,1.512200e-01
2900,17.7828,0.2,1.532970e-01
2925,17.7828,0.2,1.554250e-01
2950,17.7828,0.2,1.576040e-01
2975,17.7828,0.2,1.598330e-01
3000,17.7828,0.2,1.621120e-01
3025,17.7828,0.2,1.644380e-01
3050,17.7828,0.2,1.668130e-01
3075,17.7828,0.2,1.692340e-01
3100,17.7828,0.2,1.717020e-01
3125,17.7828,0.2,1.742170e-01
3150,17.7828,0.2,1.767790e-01
3175,17.7828,0.2,1.793880e-01
3200,17.7828,0.2,1.820470e-01
3225,17.7828,0.2,1.847560e-01
3250,17.7828,0.2,1.875180e-01
3275,17.7828,0.2,1.903370e-01
3300,17.7828,0.2,1.932170e-01
3325,17.7828,0.2,1.961640e-01
3350,17.7828,0.2,1.991850e-01
3375,17.7828,0.2,2.022890e-01
3400,17.7828,0.2,2.054860e-01
3425,17.7828,0.2,2.087910e-01
3450,17.7828,0.2,2.122170e-01
3475,17.7828,0.2,2.157840e-01
3500,17.7828,0.2,2.195130e-01
3525,17.7828,0.2,2.234320e-01
3550,17.7828,0.2,2.275690e-01
3575,17.7828,0.2,2.319620e-01
3600,17.7828,0.2,2.366530e-01
3625,17.7828,0.2,2.416900e-01
3650,17.7828,0.2,2.471320e-01
3675,17.7828,0.2,2.530440e-01
3700,17.7828,0.2,2.595070e-01
3725,17.7828,0.2,2.666100e-01
3750,17.7828,0.2,2.744600e-01
3775,17.7828,0.2,2.831820e-01
3800,17.7828,0.2,2.929190e-01
3825,17.7828,0.2,3.038420e-01
3850,17.7828,0.2,3.161500e-01
3875,17.7828,0.2,3.300770e-01
3900,17.7828,0.2,3.458990e-01
3925,17.7828,0.2,3.639440e-01
3950,17.7828,0.2,3.846010e-01
3975,17.7828,0.2,4.083370e-01
4000,17.7828,0.2,4.357150e-01
4025,17.7828,0.2,4.674170e-01
4050,17.7828,0.2,5.042800e-01
4075,17.7828,0.2,5.473380e-01
4100,17.7828,0.2,5.978820e-01
4125,17.7828,0.2,6.575470e-01
4150,17.7828,0.2,7.284320e-01
4175,17.7828,0.2,8.132750e-01
4200,17.7828,0.2,9.157190e-01
4225,17.7828,0.2,1.040710e+00
4250,17.7828,0.2,1.195140e+00
4275,17.7828,0.2,1.388910e+00
4300,17.7828,0.2,1.636750e+00
4325,17.7828,0.2,1.961570e+00
4350,17.7828,0.2,2.400990e+00
4375,17.7828,0.2,3.021330e+00
4400,17.7828,0.2,3.951000e+00
4425,17.7828,0.2,5.474500e+00
4450,17.7828,0.2,8.367420e+00
4475,17.7828,0.2,1.571420e+01
4500,17.7828,0.2,6.329340e+01
4525,17.7828,0.2,2.000000e+02
4550,17.7828,0.2,2.000000e+02
4575,17.7828,0.2,2.000000e+02
4600,17.7828,0.2,2.000000e+02
4625,17.7828,0.2,2.000000e+02
4650,17.7828,0.2,2.000000e+02
4675,17.7828,0.2,2.000000e+02
4700,17.7828,0.2,2.000000e+02
4725,17.7828,0.2,2.000000e+02
4750,17.7828,0.2,2.000000e+02
4775,17.7828,0.2,2.000000e+02
4800,17.7828,0.2,2.000000e+02
4825,17.7828,0.2,2.000000e+02
4850,17.7828,0.2,2.000000e+02
4875,17.7828,0.2,2.000000e+02
4900,17.7828,0.2,2.000000e+02
4925,17.7828,0.2,2.000000e+02
4950,17.7828,0.2,2.000000e+02
4975,17.7828,0.2,2.000000e+02
5000,17.7828,0.2,2.000000e+02
300,31.6228,0.2,0.000000e+00
325,31.6228,0.2,0.000000e+00
350,31.6228,0.2,0.000000e+00
375,31.6228,0.2,0.000000e+00
400,31.6228,0.2,0.000000e+00
425,31.6228,0.2,0.000000e+00
450,31.6228,0.2,0.000000e+00
475,31.6228,0.2,0.000000e+00
500,31.6228,0.2,0.000000e+00
525,31.6228,0.2,0.000000e+00
550,31.6228,0.2,0.000000e+00
575,31.6228,0.2,0.000000e+00
600,31.6228,0.2,0.000000e+00
625,31.6228,0.2,0.000000e+00
650,31.6228,0.2,0.000000e+00
675,31.6228,0.2,0.000000e+00
700,31.6228,0.2,0.000000e+00
725,31.6228,0.2,0.000000e+00
750,31.6228,0.2,0.000000e+00
775,31.6228,0.2,0.000000e+00
800,31.6228,0.2,0.000000e+00
825,31.6228,0.2,0.000000e+00
850,31.6228,0.2,0.000000e+00
875,31.6228,0.2,0.000000e+00
900,31.6228,0.2,0.000000e+00
925,31.6228,0.2,0.000000e+00
950,31.6228,0.2,0.000000e+00
975,31.6228,0.2,1.083360e-03
1000,31.6228,0.2,6.993020e-03
1025,31.6228,0.2,1.377510e-02
1050,31.6228,0.2,2.137590e-02
1075,31.6228,0.2,2.966540e-02
1100,31.6228,0.2,3.843250e-02
1125,31.6228,0.2,4.739700e-02
1150,31.6228,0.2,5.623790e-02
1175,31.6228,0.2,6.463680e-02
1200,31.6228,0.2,7.232520e-02
1225,31.6228,0.2,7.912000e-02
1250,31.6228,0.2,8.493790e-02
1275,31.6228,0.2,8.978670e-02
1300,31.6228,0.2,9.374050e-02
1325,31.6228,0.2,9.691150e-02
1350,31.6228,0.2,9.942500e-02
1375,31.6228,0.2,1.014030e-01
1400,31.6228,0.2,1.029530e-01
1425,31.6228,0.2,1.041670e-01
1450,31.6228,0.2,1.051210e-01
1475,31.6228,0.2,1.058740e-01
1500,31.6228,0.2,1.064740e-01
1525,31.6228,0.2,1.069570e-01
1550,31.6228,0.2,1.073520e-01
1575,31.6228,0.2,1.076800e-01
1600,31.6228,0.2,1.079600e-01
1625,31.6228,0.2,1.082050e-01
1650,31.6228,0.2,1.084250e-01
1675,31.6228,0.2,1.086280e-01
1700,31.6228,0.2,1.088230e-01
1725,31.6228,0.2,1.090130e-01
1750,31.6228,0.2,1.092040e-01
1775,31.6228,0.2,1.094010e-01
1800,31.6228,0.2,1.096050e-01
1825,31.6228,0.2,1.098200e-01
1850,31.6228,0.2,1.100480e-01
1875,31.6228,0.2,1.102930e-01
1900,31.6228,0.2,1.105550e-01
1925,31.6228,0.2,1.108370e-01
1950,31.6228,0.2,1.111420e-01
1975,31.6228,0.2,1.114700e-01
2000,31.6228,0.2,1.118230e-01
2025,31.6228,0.2,1.122040e-01
2050,31.6228,0.2,1.126140e-01
2075,31.6228,0.2,1.130550e-01
2100,31.6228,0.2,1.135280e-01
2125,31.6228,0.2,1.140350e-01
2150,31.6228,0.2,1.145770e-01
2175,31.6228,0.2,1.151560e-01
2200,31.6228,0.2,1.157740e-01
2225,31.6228,0.2,1.164320e-01
2250,31.6228,0.2,1.171320e-01
2275,31.6228,0.2,1.178750e-01
2300,31.6228,0.2,1.186630e-01
2325,31.6228,0.2,1.194960e-01
2350,31.6228,0.2,1.203770e-01
2375,31.6228,0.2,1.213070e-01
2400,31.6228,0.2,1.222860e-01
2425,31.6228,0.2,1.233160e-01
2450,31.6228,0.2,1.243990e-01
2475,31.6228,0.2,1.255340e-01
2500,31.6228,0.2,1.267230e-01
2525,31.6228,0.2,1.279680e-01
2550,31.6228,0.2,1.292670e-01
2575,31.6228,0.2,1.306230e-01
2600,31.6228,0.2,1.320360e-01
2625,31.6228,0.2,1.335050e-01
2650,31.6228,0.2,1.350320e-01
2675,31.6228,0.2,1.366160e-01
2700,31.6228,0.2,1.382580e-01
2725,31.6228,0.2,1.399580e-01
2750,31.6228,0.2,1.417140e-01
2775,31.6228,0.2,1.435280e-01
2800,31.6228,0.2,1.453980e-01
2825,31.6228,0.2,1.473230e-01
2850,31.6228,0.2,1.493040e-01
2875,31.6228,0.2,1.513400e-01
2900,31.6228,0.2,1.534290e-01
2925,31.6228,0.2,1.555710e-01
2950,31.6228,0.2,1.577640e-01
2975,31.6228,0.2,1.600080e-01
3000,31.6228,0.2,1.623010e-01
3025,31.6228,0.2,1.646420e-01
3050,31.6228,0.2,1.670310e-01
3075,31.6228,0.2,1.694660e-01
3100,31.6228,0.2,1.719470e-01
3125,31.6228,0.2,1.744720e-01
3150,31.6228,0.2,1.770410e-01
3175,31.6228,0.2,1.796530e-01
3200,31.6228,0.2,1.823090e-01
3225,31.6228,0.2,1.850090e-01
3250,31.6228,0.2,1.877520e-01
3275,31.6228,0.2,1.905410e-01
3300,31.6228,0.2,1.933780e-01
3325,31.6228,0.2,1.962630e-01
3350,31.6228,0.2,1.992020e-01
3375,31.6228,0.2,2.021980e-01
3400,31.6228,0.2,2.052570e-01
3425,31.6228,0.2,2.083840e-01
3450,31.6228,0.2,2.115890e-01
3475,31.6228,0.2,2.148810e-01
3500,31.6228,0.2,2.182720e-01
3525,31.6228,0.2,2.217760e-01
3550,31.6228,0.2,2.254100e-01
3575,31.6228,0.2,2.291930e-01
3600,31.6228,0.2,2.331490e-01
3625,31.6228,0.2,2.373040e-01
3650,31.6228,0.2,2.416910e-01
3675,31.6228,0.2,2.463450e-01
3700,31.6228,0.2,2.513090e-01
3725,31.6228,0.2,2.566340e-01
3750,31.6228,0.2,2.623750e-01
3775,31.6228,0.2,2.686000e-01
3800,31.6228,0.2,2.753850e-01
3825,31.6228,0.2,2.828190e-01
3850,31.6228,0.2,2.910060e-01
3875,31.6228,0.2,3.000640e-01
3900,31.6228,0.2,3.101330e-01
3925,31.6228,0.2,3.213750e-01
3950,31.6228,0.2,3.339770e-01
3975,31.6228,0.2,3.481600e-01
4000,31.6228,0.2,3.641830e-01
4025,31.6228,0.2,3.823500e-01
4050,31.6228,0.2,4.030220e-01
4075,31.6228,0.2,4.266260e-01
4100,31.6228,0.2,4.536760e-01
4125,31.6228,0.2,4.847900e-01
4150,31.6228,0.2,5.207190e-01
4175,31.6228,0.2,5.623810e-01
4200,31.6228,0.2,6.109150e-01
4225,31.6228,0.2,6.677460e-01
4250,31.6228,0.2,7.346780e-01
4275,31.6228,0.2,8.140360e-01
4300,31.6228,0.2,9.088590e-01
4325,31.6228,0.2,1.023200e+00
4350,31.6228,0.2,1.162590e+00
4375,31.6228,0.2,1.334770e+00
4400,31.6228,0.2,1.550900e+00
4425,31.6228,0.2,1.827710e+00
4450,31.6228,0.2,2.191370e+00
4475,31.6228,0.2,2.685320e+00
4500,31.6228,0.2,3.387020e+00
4525,31.6228,0.2,4.449050e+00
4550,31.6228,0.2,6.217800e+00
4575,31.6228,0.2,9.676620e+00
4600,31.6228,0.2,1.907720e+01
4625,31.6228,0.2,1.092930e+02
4650,31.6228,0.2,2.000000e+02
4675,31.6228,0.2,2.000000e+02
4700,31.6228,0.2,2.000000e+02
4725,31.6228,0.2,2.000000e+02
4750,31.6228,0.2,2.000000e+02
4775,31.6228,0.2,2.000000e+02
4800,31.6228,0.2,2.000000e+02
4825,31.6228,0.2,2.000000e+02
4850,31.6228,0.2,2.000000e+02
4875,31.6228,0.2,2.000000e+02
4900,31.6228,0.2,2.000000e+02
4925,31.6228,0.2,2.000000e+02
4950,31.6228,0.2,2.000000e+02
4975,31.6228,0.2,2.000000e+02
5000,31.6228,0.2,2.000000e+02
300,56.2341,0.2,0.000000e+00
325,56.2341,0.2,0.000000e+00
350,56.2341,0.2,0.000000e+00
375,56.2341,0.2,0.000000e+00
400,56.2341,0.2,0.000000e+00
425,56.2341,0.2,0.000000e+00
450,56.2341,0.2,0.000000e+00
475,56.2341,0.2,0.000000e+00
500,56.2341,0.2,0.000000e+00
525,56.2341,0.2,0.000000e+00
550,56.2341,0.2,0.000000e+00
575,56.2341,0.2,0.000000e+00
600,56.2341,0.2,0.000000e+00
625,56.2341,0.2,0.000000e+00
650,56.2341,0.2,0.000000e+00
675,56.2341,0.2,0.000000e+00
700,56.2341,0.2,0.000000e+00
725,56.2341,0.2,0.000000e+00
750,56.2341,0.2,0.000000e+00
775,56.2341,0.2,0.000000e+00
800,56.2341,0.2,0.000000e+00
825,56.2341,0.2,0.000000e+00
850,56.2341,0.2,0.000000e+00
875,56.2341,0.2,0.000000e+00
900,56.2341,0.2,0.000000e+00
925,56.2341,0.2,0.000000e+00
950,56.2341,0.2,0.000000e+00
975,56.2341,0.2,0.000000e+00
1000,56.2341,0.2,1.170160e-03
1025,56.2341,0.2,6.607980e-03
1050,56.2341,0.2,1.280900e-02
1075,56.2341,0.2,1.973740e-02
1100,56.2341,0.2,2.729960e-02
1125,56.2341,0.2,3.534080e-02
1150,56.2341,0.2,4.364990e-02
1175,56.2341,0.2,5.197550e-02
1200,56.2341,0.2,6.005390e-02
1225,56.2341,0.2,6.764220e-02
1250,56.2341,0.2,7.454830e-02
1275,56.2341,0.2,8.065110e-02
1300,56.2341,0.2,8.590390e-02
1325,56.2341,0.2,9.032460e-02
1350,56.2341,0.2,9.397790e-02
1375,56.2341,0.2,9.695490e-02
1400,56.2341,0.2,9.935620e-02
1425,56.2341,0.2,1.012810e-01
1450,56.2341,0.2,1.028180e-01
1475,56.2341,0.2,1.040450e-01
1500,56.2341,0.2,1.050260e-01
1525,56.2341,0.2,1.058160e-01
1550,56.2341,0.2,1.064560e-01
1575,56.2341,0.2,1.069810e-01
1600,56.2341,0.2,1.074170e-01
1625,56.2341,0.2,1.077860e-01
1650,56.2341,0.2,1.081050e-01
1675,56.2341,0.2,1.083880e-01
1700,56.2341,0.2,1.086450e-01
1725,56.2341,0.2,1.088860e-01
1750,56.2341,0.2,1.091170e-01
1775,56.2341,0.2,1.093450e-01
1800,56.2341,0.2,1.095740e-01
1825,56.2341,0.2,1.098090e-01
1850,56.2341,0.2,1.100530e-01
1875,56.2341,0.2,1.103100e-01
1900,56.2341,0.2,1.105820e-01
1925,56.2341,0.2,1.108710e-01
1950,56.2341,0.2,1.111810e-01
1975,56.2341,0.2,1.115130e-01
2000,56.2341,0.2,1.118690e-01
2025,56.2341,0.2,1.122520e-01
2050,56.2341,0.2,1.126630e-01
2075,56.2341,0.2,1.131040e-01
2100,56.2341,0.2,1.135770e-01
2125,56.2341,0.2,1.140830e-01
2150,56.2341,0.2,1.146250e-01
2175,56.2341,0.2,1.152030e-01
2200,56.2341,0.2,1.158200e-01
2225,56.2341,0.2,1.164770e-01
2250,56.2341,0.2,1.171760e-01
2275,56.2341,0.2,1.179180e-01
2300,56.2341,0.2,1.187040e-01
2325,56.2341,0.2,1.195360e-01
2350,56.2341,0.2,1.204160e-01
2375,56.2341,0.2,1.213450e-01
2400,56.2341,0.2,1.223230e-01
2425,56.2341,0.2,1.233530e-01
2450,56.2341,0.2,1.244340e-01
2475,56.2341,0.2,1.255690e-01
2500,56.2341,0.2,1.267590e-01
2525,56.2341,0.2,1.280030e-01
2550,56.2341,0.2,1.293040e-01
2575,56.2341,0.2,1.306600e-01
2600,56.2341,0.2,1.320740e-01
2625,56.2341,0.2,1.335460e-01
2650,56.2341,0.2,1.350750e-01
2675,56.2341,0.2,1.366620e-01
2700,56.2341,0.2,1.383080e-01
2725,56.2341,0.2,1.400110e-01
2750,56.2341,0.2,1.417720e-01
2775,56.2341,0.2,1.435910e-01
2800,56.2341,0.2,1.454680e-01
2825,56.2341,0.2,1.474000e-01
2850,56.2341,0.2,1.493890e-01
2875,56.2341,0.2,1.514330e-01
2900,56.2341,0.2,1.535310e-01
2925,56.2341,0.2,1.556830e-01
2950,56.2341,0.2,1.578870e-01
2975,56.2341,0.2,1.601420e-01
3000,56.2341,0.2,1.624470e-01
3025,56.2341,0.2,1.648000e-01
3050,56.2341,0.2,1.672010e-01
3075,56.2341,0.2,1.696480e-01
3100,56.2341,0.2,1.721400e-01
3125,56.2341,0.2,1.746760e-01
3150,56.2341,0.2,1.772540e-01
3175,56.2341,0.2,1.798730e-01
3200,56.2341,0.2,1.825330e-01
3225,56.2341,0.2,1.852330e-01
3250,56.2341,0.2,1.879720e-01
3275,56.2341,0.2,1.907500e-01
3300,56.2341,0.2,1.935670e-01
3325,56.2341,0.2,1.964240e-01
3350,56.2341,0.2,1.993220e-01
3375,56.2341,0.2,2.022630e-01
3400,56.2341,0.2,2.052480e-01
3425,56.2341,0.2,2.082810e-01
3450,56.2341,0.2,2.113650e-01
3475,56.2341,0.2,2.145060e-01
3500,56.2341,0.2,2.177090e-01
3525,56.2341,0.2,2.209830e-01
3550,56.2341,0.2,2.243350e-01
3575,56.2341,0.2,2.277760e-01
3600,56.2341,0.2,2.313190e-01
3625,56.2341,0.2,2.349790e-01
3650,56.2341,0.2,2.387720e-01
3675,56.2341,0.2,2.427190e-01
3700,56.2341,0.2,2.468430e-01
3725,56.2341,0.2,2.511720e-01
3750,56.2341,0.2,2.557370e-01
3775,56.2341,0.2,2.605730e-01
3800,56.2341,0.2,2.657240e-01
3825,56.2341,0.2,2.712360e-01
3850,56.2341,0.2,2.771660e-01
3875,56.2341,0.2,2.835760e-01
3900,56.2341,0.2,2.905410e-01
3925,56.2341,0.2,2.981450e-01
3950,56.2341,0.2,3.064850e-01
3975,56.2341,0.2,3.156720e-01
4000,56.2341,0.2,3.258370e-01
4025,56.2341,0.2,3.371290e-01
4050,56.2341,0.2,3.497210e-01
4075,56.2341,0.2,3.638150e-01
4100,56.2341,0.2,3.796450e-01
4125,56.2341,0.2,3.974870e-01
4150,56.2341,0.2,4.176620e-01
4175,56.2341,0.2,4.405530e-01
4200,56.2341,0.2,4.666120e-01
4225,56.2341,0.2,4.963790e-01
4250,56.2341,0.2,5.305050e-01
4275,56.2341,0.2,5.697780e-01
4300,56.2341,0.2,6.151630e-01
4325,56.2341,0.2,6.678530e-01
4350,56.2341,0.2,7.293380e-01
4375,56.2341,0.2,8.015070e-01
4400,56.2341,0.2,8.867840e-01
4425,56.2341,0.2,9.883400e-01
4450,56.2341,0.2,1.110390e+00
4475,56.2341,0.2,1.258690e+00
4500,56.2341,0.2,1.441240e+00
4525,56.2341,0.2,1.669580e+00
4550,56.2341,0.2,1.960940e+00
4575,56.2341,0.2,2.342180e+00
4600,56.2341,0.2,2.857580e+00
4625,56.2341,0.2,3.585590e+00
4650,56.2341,0.2,4.679190e+00
4675,56.2341,0.2,6.480480e+00
4700,56.2341,0.2,9.936580e+00
4725,56.2341,0.2,1.892950e+01
4750,56.2341,0.2,8.478640e+01
4775,56.2341,0.2,2.000000e+02
4800,56.2341,0.2,2.000000e+02
4825,56.2341,0.2,2.000000e+02
4850,56.2341,0.2,2.000000e+02
4875,56.2341,0.2,2.000000e+02
4900,56.2341,0.2,2.000000e+02
4925,56.2341,0.2,2.000000e+02
4950,56.2341,0.2,2.000000e+02
4975,56.2341,0.2,2.000000e+02
5000,56.2341,0.2,2.000000e+02
300,100,0.2,0.000000e+00
325,100,0.2,0.000000e+00
350,100,0.2,0.000000e+00
375,100,0.2,0.000000e+00
400,100,0.2,0.000000e+00
425,100,0.2,0.000000e+00
450,100,0.2,0.000000e+00
475,100,0.2,0.000000e+00
500,100,0.2,0.000000e+00
525,100,0.2,0.000000e+00
550,100,0.2,0.000000e+00
575,100,0.2,0.000000e+00
600,100,0.2,0.000000e+00
625,100,0.2,0.000000e+00
650,100,0.2,0.000000e+00
675,100,0.2,0.000000e+00
700,100,0.2,0.000000e+00
725,100,0.2,0.000000e+00
750,100,0.2,0.000000e+00
775,100,0.2,0.000000e+00
800,100,0.2,0.000000e+00
825,100,0.2,0.000000e+00
850,100,0.2,0.000000e+00
875,100,0.2,0.000000e+00
900,100,0.2,0.000000e+00
925,100,0.2,0.000000e+00
950,100,0.2,0.000000e+00
975,100,0.2,0.000000e+00
1000,100,0.2,0.000000e+00
1025,100,0.2,1.110880e-03
1050,100,0.2,6.084870e-03
1075,100,0.2,1.172340e-02
1100,100,0.2,1.800450e-02
1125,100,0.2,2.486410e-02
1150,100,0.2,3.219190e-02
1175,100,0.2,3.983310e-02
1200,100,0.2,4.759720e-02
1225,100,0.2,5.527380e-02
1250,100,0.2,6.265470e-02
1275,100,0.2,6.955660e-02
1300,100,0.2,7.584030e-02
1325,100,0.2,8.142090e-02
1350,100,0.2,8.626850e-02
1375,100,0.2,9.039990e-02
1400,100,0.2,9.386610e-02
1425,100,0.2,9.673870e-02
1450,100,0.2,9.909770e-02
1475,100,0.2,1.010230e-01
1500,100,0.2,1.025890e-01
1525,100,0.2,1.038630e-01
1550,100,0.2,1.049000e-01
1575,100,0.2,1.057480e-01
1600,100,0.2,1.064480e-01
1625,100,0.2,1.070300e-01
1650,100,0.2,1.075210e-01
1675,100,0.2,1.079430e-01
1700,100,0.2,1.083120e-01
1725,100,0.2,1.086430e-01
1750,100,0.2,1.089460e-01
1775,100,0.2,1.092320e-01
1800,100,0.2,1.095070e-01
1825,100,0.2,1.097780e-01
1850,100,0.2,1.100510e-01
1875,100,0.2,1.103310e-01
1900,100,0.2,1.106200e-01
1925,100,0.2,1.109240e-01
1950,100,0.2,1.112440e-01
1975,100,0.2,1.115840e-01
2000,100,0.2,1.119450e-01
2025,100,0.2,1.123320e-01
2050,100,0.2,1.127450e-01
2075,100,0.2,1.131880e-01
2100,100,0.2,1.136610e-01
2125,100,0.2,1.141670e-01
2150,100,0.2,1.147070e-01
2175,100,0.2,1.152840e-01
2200,100,0.2,1.158990e-01
2225,100,0.2,1.165540e-01
2250,100,0.2,1.172500e-01
2275,100,0.2,1.179890e-01
2300,100,0.2,1.187730e-01
2325,100,0.2,1.196030e-01
2350,100,0.2,1.204800e-01
2375,100,0.2,1.214060e-01
2400,100,0.2,1.223820e-01
2425,100,0.2,1.234090e-01
2450,100,0.2,1.244890e-01
2475,100,0.2,1.256220e-01
2500,100,0.2,1.268100e-01
2525,100,0.2,1.280530e-01
2550,100,0.2,1.293520e-01
2575,100,0.2,1.307080e-01
2600,100,0.2,1.321220e-01
2625,100,0.2,1.335930e-01
2650,100,0.2,1.351220e-01
2675,100,0.2,1.367100e-01
2700,100,0.2,1.383570e-01
2725,100,0.2,1.400620e-01
2750,100,0.2,1.418260e-01
2775,100,0.2,1.436480e-01
2800,100,0.2,1.455270e-01
2825,100,0.2,1.474640e-01
2850,100,0.2,1.494580e-01
2875,100,0.2,1.515070e-01
2900,100,0.2,1.536110e-01
2925,100,0.2,1.557700e-01
2950,100,0.2,1.579810e-01
2975,100,0.2,1.602440e-01
3000,100,0.2,1.625580e-01
3025,100,0.2,1.649200e-01
3050,100,0.2,1.673300e-01
3075,100,0.2,1.697870e-01
3100,100,0.2,1.722880e-01
3125,100,0.2,1.748330e-01
3150,100,0.2,1.774190e-01
3175,100,0.2,1.800460e-01
3200,100,0.2,1.827120e-01
3225,100,0.2,1.854160e-01
3250,100,0.2,1.881560e-01
3275,100,0.2,1.909320e-01
3300,100,0.2,1.937430e-01
3325,100,0.2,1.965880e-01
3350,100,0.2,1.994670e-01
3375,100,0.2,2.023800e-01
3400,100,0.2,2.053270e-01
3425,100,0.2,2.083100e-01
3450,100,0.2,2.113290e-01
3475,100,0.2,2.143870e-01
3500,100,0.2,2.174860e-01
3525,100,0.2,2.206310e-01
3550,100,0.2,2.238240e-01
3575,100,0.2,2.270720e-01
3600,100,0.2,2.303810e-01
3625,100,0.2,2.337590e-01
3650,100,0.2,2.372150e-01
3675,100,0.2,2.407600e-01
3700,100,0.2,2.444070e-01
3725,100,0.2,2.481700e-01
3750,100,0.2,2.520670e-01
3775,100,0.2,2.561170e-01
3800,100,0.2,2.603450e-01
3825,100,0.2,2.647750e-01
3850,100,0.2,2.694390e-01
3875,100,0.2,2.743720e-01
3900,100,0.2,2.796120e-01
3925,100,0.2,2.852070e-01
3950,100,0.2,2.912070e-01
3975,100,0.2,2.976730e-01
4000,100,0.2,3.046720e-01
4025,100,0.2,3.122830e-01
4050,100,0.2,3.205950e-01
4075,100,0.2,3.297100e-01
4100,100,0.2,3.397460e-01
4125,100,0.2,3.508360e-01
4150,100,0.2,3.631370e-01
4175,100,0.2,3.768280e-01
4200,100,0.2,3.921160e-01
4225,100,0.2,4.092420e-01
4250,100,0.2,4.284870e-01
4275,100,0.2,4.501810e-01
4300,100,0.2,4.747100e-01
4325,100,0.2,5.025330e-01
4350,100,0.2,5.341950e-01
4375,100,0.2,5.703510e-01
4400,100,0.2,6.117910e-01
4425,100,0.2,6.594790e-01
4450,100,0.2,7.146020e-01
4475,100,0.2,7.786380e-01
4500,100,0.2,8.534480e-01
4525,100,0.2,9.414150e-01
4550,100,0.2,1.045630e+00
4575,100,0.2,1.170180e+00
4600,100,0.2,1.320590e+00
4625,100,0.2,1.504510e+00
4650,100,0.2,1.732810e+00
4675,100,0.2,2.021530e+00
4700,100,0.2,2.395290e+00
4725,100,0.2,2.893840e+00
4750,100,0.2,3.585820e+00
4775,100,0.2,4.600310e+00
4800,100,0.2,6.211200e+00
4825,100,0.2,9.115160e+00
4850,100,0.2,1.572840e+01
4875,100,0.2,4.324740e+01
4900,100,0.2,2.000000e+02
4925,100,0.2,2.000000e+02
4950,100,0.2,2.000000e+02
4975,100,0.2,2.000000e+02
5000,100,0.2,2.000000e+02
300,177.828,0.2,0.000000e+00
325,177.828,0.2,0.000000e+00
350,177.828,0.2,0.000000e+00
375,177.828,0.2,0.000000e+00
400,177.828,0.2,0.000000e+00
425,177.828,0.2,0.000000e+00
450,177.828,0.2,0.000000e+00
475,177.828,0.2,0.000000e+00
500,177.828,0.2,0.000000e+00
525,177.828,0.2,0.000000e+00
550,177.828,0.2,0.000000e+00
575,177.828,0.2,0.000000e+00
600,177.828,0.2,0.000000e+00
625,177.828,0.2,0.000000e+00
650,177.828,0.2,0.000000e+00
675,177.828,0.2,0.000000e+00
700,177.828,0.2,0.000000e+00
725,177.828,0.2,0.000000e+00
750,177.828,0.2,0.000000e+00
775,177.828,0.2,0.000000e+00
800,177.828,0.2,0.000000e+00
825,177.828,0.2,0.000000e+00
850,177.828,0.2,0.000000e+00
875,177.828,0.2,0.000000e+00
900,177.828,0.2,0.000000e+00
925,177.828,0.2,0.000000e+00
950,177.828,0.2,0.000000e+00
975,177.828,0.2,0.000000e+00
1000,177.828,0.2,0.000000e+00
1025,177.828,0.2,0.000000e+00
1050,177.828,0.2,9.274650e-04
1075,177.828,0.2,5.452810e-03
1100,177.828,0.2,1.055390e-02
1125,177.828,0.2,1.621940e-02
1150,177.828,0.2,2.240760e-02
1175,177.828,0.2,2.904250e-02
1200,177.828,0.2,3.601440e-02
1225,177.828,0.2,4.318300e-02
1250,177.828,0.2,5.038710e-02
1275,177.828,0.2,5.745710e-02
1300,177.828,0.2,6.423090e-02
1325,177.828,0.2,7.056930e-02
1350,177.828,0.2,7.636760e-02
1375,177.828,0.2,8.156130e-02
1400,177.828,0.2,8.612640e-02
1425,177.828,0.2,9.007380e-02
1450,177.828,0.2,9.344020e-02
1475,177.828,0.2,9.627950e-02
1500,177.828,0.2,9.865410e-02
1525,177.828,0.2,1.006280e-01
1550,177.828,0.2,1.022640e-01
1575,177.828,0.2,1.036180e-01
1600,177.828,0.2,1.047390e-01
1625,177.828,0.2,1.056720e-01
1650,177.828,0.2,1.064530e-01
1675,177.828,0.2,1.071130e-01
1700,177.828,0.2,1.076760e-01
1725,177.828,0.2,1.081660e-01
1750,177.828,0.2,1.085990e-01
1775,177.828,0.2,1.089890e-01
1800,177.828,0.2,1.093490e-01
1825,177.828,0.2,1.096890e-01
1850,177.828,0.2,1.100160e-01
1875,177.828,0.2,1.103390e-01
1900,177.828,0.2,1.106630e-01
1925,177.828,0.2,1.109940e-01
1950,177.828,0.2,1.113350e-01
1975,177.828,0.2,1.116900e-01
2000,177.828,0.2,1.120640e-01
2025,177.828,0.2,1.124590e-01
2050,177.828,0.2,1.128780e-01
2075,177.828,0.2,1.133240e-01
2100,177.828,0.2,1.137990e-01
2125,177.828,0.2,1.143050e-01
2150,177.828,0.2,1.148440e-01
2175,177.828,0.2,1.154190e-01
2200,177.828,0.2,1.160320e-01
2225,177.828,0.2,1.166830e-01
2250,177.828,0.2,1.173760e-01
2275,177.828,0.2,1.181110e-01
2300,177.828,0.2,1.188900e-01
2325,177.828,0.2,1.197150e-01
2350,177.828,0.2,1.205880e-01
2375,177.828,0.2,1.215090e-01
2400,177.828,0.2,1.224810e-01
2425,177.828,0.2,1.235030e-01
2450,177.828,0.2,1.245790e-01
2475,177.828,0.2,1.257070e-01
2500,177.828,0.2,1.268910e-01
2525,177.828,0.2,1.281300e-01
2550,177.828,0.2,1.294260e-01
2575,177.828,0.2,1.307780e-01
2600,177.828,0.2,1.321880e-01
2625,177.828,0.2,1.336570e-01
2650,177.828,0.2,1.351840e-01
2675,177.828,0.2,1.367700e-01
2700,177.828,0.2,1.384150e-01
2725,177.828,0.2,1.401190e-01
2750,177.828,0.2,1.418830e-01
2775,177.828,0.2,1.437040e-01
2800,177.828,0.2,1.455840e-01
2825,177.828,0.2,1.475220e-01
2850,177.828,0.2,1.495180e-01
2875,177.828,0.2,1.515690e-01
2900,177.828,0.2,1.536770e-01
2925,177.828,0.2,1.558390e-01
2950,177.828,0.2,1.580540e-01
2975,177.828,0.2,1.603220e-01
3000,177.828,0.2,1.626400e-01
3025,177.828,0.2,1.650090e-01
3050,177.828,0.2,1.674250e-01
3075,177.828,0.2,1.698880e-01
3100,177.828,0.2,1.723960e-01
3125,177.828,0.2,1.749480e-01
3150,177.828,0.2,1.775410e-01
3175,177.828,0.2,1.801740e-01
3200,177.828,0.2,1.828460e-01
3225,177.828,0.2,1.855540e-01
3250,177.828,0.2,1.882980e-01
3275,177.828,0.2,1.910750e-01
3300,177.828,0.2,1.938850e-01
3325,177.828,0.2,1.967250e-01
3350,177.828,0.2,1.995960e-01
3375,177.828,0.2,2.024960e-01
3400,177.828,0.2,2.054240e-01
3425,177.828,0.2,2.083810e-01
3450,177.828,0.2,2.113650e-01
3475,177.828,0.2,2.143780e-01
3500,177.828,0.2,2.174190e-01
3525,177.828,0.2,2.204910e-01
3550,177.828,0.2,2.235950e-01
3575,177.828,0.2,2.267330e-01
3600,177.828,0.2,2.299090e-01
3625,177.828,0.2,2.331250e-01
3650,177.828,0.2,2.363870e-01
3675,177.828,0.2,2.397000e-01
3700,177.828,0.2,2.430720e-01
3725,177.828,0.2,2.465090e-01
3750,177.828,0.2,2.500220e-01
3775,177.828,0.2,2.536210e-01
3800,177.828,0.2,2.573190e-01
3825,177.828,0.2,2.611300e-01
3850,177.828,0.2,2.650710e-01
3875,177.828,0.2,2.691620e-01
3900,177.828,0.2,2.734230e-01
3925,177.828,0.2,2.778810e-01
3950,177.828,0.2,2.825640e-01
3975,177.828,0.2,2.875050e-01
4000,177.828,0.2,2.927400e-01
4025,177.828,0.2,2.983120e-01
4050,177.828,0.2,3.042680e-01
4075,177.828,0.2,3.106640e-01
4100,177.828,0.2,3.175600e-01
4125,177.828,0.2,3.250280e-01
4150,177.828,0.2,3.331460e-01
4175,177.828,0.2,3.420060e-01
4200,177.828,0.2,3.517130e-01
4225,177.828,0.2,3.623840e-01
4250,177.828,0.2,3.741540e-01
4275,177.828,0.2,3.871800e-01
4300,177.828,0.2,4.016410e-01
4325,177.828,0.2,4.177410e-01
4350,177.828,0.2,4.357190e-01
4375,177.828,0.2,4.558520e-01
4400,177.828,0.2,4.784610e-01
4425,177.828,0.2,5.039260e-01
4450,177.828,0.2,5.326900e-01
4475,177.828,0.2,5.652800e-01
4500,177.828,0.2,6.023250e-01
4525,177.828,0.2,6.445810e-01
4550,177.828,0.2,6.929650e-01
4575,177.828,0.2,7.485960e-01
4600,177.828,0.2,8.128590e-01
4625,177.828,0.2,8.874890e-01
4650,177.828,0.2,9.746790e-01
4675,177.828,0.2,1.077250e+00
4700,177.828,0.2,1.198910e+00
4725,177.828,0.2,1.344560e+00
4750,177.828,0.2,1.520930e+00
4775,177.828,0.2,1.737390e+00
4800,177.828,0.2,2.007490e+00
4825,177.828,0.2,2.351490e+00
4850,177.828,0.2,2.801050e+00
4875,177.828,0.2,3.408640e+00
4900,177.828,0.2,4.267560e+00
4925,177.828,0.2,5.560980e+00
4950,177.828,0.2,7.702280e+00
4975,177.828,0.2,1.185290e+01
5000,177.828,0.2,2.291780e+01
300,316.228,0.2,0.000000e+00
325,316.228,0.2,0.000000e+00
350,316.228,0.2,0.000000e+00
375,316.228,0.2,0.000000e+00
400,316.228,0.2,0.000000e+00
425,316.228,0.2,0.000000e+00
450,316.228,0.2,0.000000e+00
475,316.228,0.2,0.000000e+00
500,316.228,0.2,0.000000e+00
525,316.228,0.2,0.000000e+00
550,316.228,0.2,0.000000e+00
575,316.228,0.2,0.000000e+00
600,316.228,0.2,0.000000e+00
625,316.228,0.2,0.000000e+00
650,316.228,0.2,0.000000e+00
675,316.228,0.2,0.000000e+00
700,316.228,0.2,0.000000e+00
725,316.228,0.2,0.000000e+00
750,316.228,0.2,0.000000e+00
775,316.228,0.2,0.000000e+00
800,316.228,0.2,0.000000e+00
825,316.228,0.2,0.000000e+00
850,316.228,0.2,0.000000e+00
875,316.228,0.2,0.000000e+00
900,316.228,0.2,0.000000e+00
925,316.228,0.2,0.000000e+00
950,316.228,0.2,0.000000e+00
975,316.228,0.2,0.000000e+00
1000,316.228,0.2,0.000000e+00
1025,316.228,0.2,0.000000e+00
1050,316.228,0.2,0.000000e+00
1075,316.228,0.2,6.408340e-04
1100,316.228,0.2,4.737570e-03
1125,316.228,0.2,9.330450e-03
1150,316.228,0.2,1.441590e-02
1175,316.228,0.2,1.996860e-02
1200,316.228,0.2,2.593840e-02
1225,316.228,0.2,3.224980e-02
1250,316.228,0.2,3.880340e-02
1275,316.228,0.2,4.548000e-02
1300,316.228,0.2,5.214810e-02
1325,316.228,0.2,5.867370e-02
1350,316.228,0.2,6.493080e-02
1375,316.228,0.2,7.081140e-02
1400,316.228,0.2,7.623320e-02
1425,316.228,0.2,8.114350e-02
1450,316.228,0.2,8.551870e-02
1475,316.228,0.2,8.936180e-02
1500,316.228,0.2,9.269630e-02
1525,316.228,0.2,9.556050e-02
1550,316.228,0.2,9.800100e-02
1575,316.228,0.2,1.000690e-01
1600,316.228,0.2,1.018130e-01
1625,316.228,0.2,1.032840e-01
1650,316.228,0.2,1.045230e-01
1675,316.228,0.2,1.055700e-01
1700,316.228,0.2,1.064600e-01
1725,316.228,0.2,1.072230e-01
1750,316.228,0.2,1.078820e-01
1775,316.228,0.2,1.084600e-01
1800,316.228,0.2,1.089740e-01
1825,316.228,0.2,1.094410e-01
1850,316.228,0.2,1.098720e-01
1875,316.228,0.2,1.102790e-01
1900,316.228,0.2,1.106710e-01
1925,316.228,0.2,1.110550e-01
1950,316.228,0.2,1.114400e-01
1975,316.228,0.2,1.118290e-01
2000,316.228,0.2,1.122290e-01
2025,316.228,0.2,1.126440e-01
2050,316.228,0.2,1.130770e-01
2075,316.228,0.2,1.135330e-01
2100,316.228,0.2,1.140140e-01
2125,316.228,0.2,1.145230e-01
2150,316.228,0.2,1.150640e-01
2175,316.228,0.2,1.156380e-01
2200,316.228,0.2,1.162470e-01
2225,316.228,0.2,1.168950e-01
2250,316.228,0.2,1.175820e-01
2275,316.228,0.2,1.183110e-01
2300,316.228,0.2,1.190840e-01
2325,316.228,0.2,1.199020e-01
2350,316.228,0.2,1.207680e-01
2375,316.228,0.2,1.216810e-01
2400,316.228,0.2,1.226450e-01
2425,316.228,0.2,1.236600e-01
2450,316.228,0.2,1.247270e-01
2475,316.228,0.2,1.258480e-01
2500,316.228,0.2,1.270240e-01
2525,316.228,0.2,1.282550e-01
2550,316.228,0.2,1.295430e-01
2575,316.228,0.2,1.308890e-01
2600,316.228,0.2,1.322920e-01
2625,316.228,0.2,1.337540e-01
2650,316.228,0.2,1.352750e-01
2675,316.228,0.2,1.368560e-01
2700,316.228,0.2,1.384950e-01
2725,316.228,0.2,1.401950e-01
2750,316.228,0.2,1.419540e-01
2775,316.228,0.2,1.437720e-01
2800,316.228,0.2,1.456480e-01
2825,316.228,0.2,1.475840e-01
2850,316.228,0.2,1.495770e-01
2875,316.228,0.2,1.516270e-01
2900,316.228,0.2,1.537330e-01
2925,316.228,0.2,1.558950e-01
2950,316.228,0.2,1.581110e-01
2975,316.228,0.2,1.603800e-01
3000,316.228,0.2,1.627000e-01
3025,316.228,0.2,1.650700e-01
3050,316.228,0.2,1.674890e-01
3075,316.228,0.2,1.699560e-01
3100,316.228,0.2,1.724670e-01
3125,316.228,0.2,1.750230e-01
3150,316.228,0.2,1.776200e-01
3175,316.228,0.2,1.802570e-01
3200,316.228,0.2,1.829330e-01
3225,316.228,0.2,1.856440e-01
3250,316.228,0.2,1.883910e-01
3275,316.228,0.2,1.911700e-01
3300,316.228,0.2,1.939810e-01
3325,316.228,0.2,1.968210e-01
3350,316.228,0.2,1.996880e-01
3375,316.228,0.2,2.025820e-01
3400,316.228,0.2,2.055010e-01
3425,316.228,0.2,2.084440e-01
3450,316.228,0.2,2.114100e-01
3475,316.228,0.2,2.143980e-01
3500,316.228,0.2,2.174070e-01
3525,316.228,0.2,2.204380e-01
3550,316.228,0.2,2.234910e-01
3575,316.228,0.2,2.265660e-01
3600,316.228,0.2,2.296650e-01
3625,316.228,0.2,2.327880e-01
3650,316.228,0.2,2.359370e-01
3675,316.228,0.2,2.391160e-01
3700,316.228,0.2,2.423270e-01
3725,316.228,0.2,2.455750e-01
3750,316.228,0.2,2.488640e-01
3775,316.228,0.2,2.521990e-01
3800,316.228,0.2,2.555890e-01
3825,316.228,0.2,2.590400e-01
3850,316.228,0.2,2.625610e-01
3875,316.228,0.2,2.661640e-01
3900,316.228,0.2,2.698600e-01
3925,316.228,0.2,2.736630e-01
3950,316.228,0.2,2.775900e-01
3975,316.228,0.2,2.816570e-01
4000,316.228,0.2,2.858860e-01
4025,316.228,0.2,2.903000e-01
4050,316.228,0.2,2.949250e-01
4075,316.228,0.2,2.997910e-01
4100,316.228,0.2,3.049320e-01
4125,316.228,0.2,3.103850e-01
4150,316.228,0.2,3.161940e-01
4175,316.228,0.2,3.224080e-01
4200,316.228,0.2,3.290800e-01
4225,316.228,0.2,3.362730e-01
4250,316.228,0.2,3.440570e-01
4275,316.228,0.2,3.525110e-01
4300,316.228,0.2,3.617250e-01
4325,316.228,0.2,3.718010e-01
4350,316.228,0.2,3.828540e-01
4375,316.228,0.2,3.950160e-01
4400,316.228,0.2,4.084380e-01
4425,316.228,0.2,4.232910e-01
4450,316.228,0.2,4.397710e-01
4475,316.228,0.2,4.581060e-01
4500,316.228,0.2,4.785580e-01
4525,316.228,0.2,5.014300e-01
4550,316.228,0.2,5.270750e-01
4575,316.228,0.2,5.559070e-01
4600,316.228,0.2,5.884150e-01
4625,316.228,0.2,6.251740e-01
4650,316.228,0.2,6.668750e-01
4675,316.228,0.2,7.143460e-01
4700,316.228,0.2,7.685920e-01
4725,316.228,0.2,8.308430e-01
4750,316.228,0.2,9.026220e-01
4775,316.228,0.2,9.858350e-01
4800,316.228,0.2,1.082900e+00
4825,316.228,0.2,1.196940e+00
4850,316.228,0.2,1.332040e+00
4875,316.228,0.2,1.493650e+00
4900,316.228,0.2,1.689230e+00
4925,316.228,0.2,1.929260e+00
4950,316.228,0.2,2.228880e+00
4975,316.228,0.2,2.610860e+00
5000,316.228,0.2,3.111000e+00
300,562.341,0.2,0.000000e+00
325,562.341,0.2,0.000000e+00
350,562.341,0.2,0.000000e+00
375,562.341,0.2,0.000000e+00
400,562.341,0.2,0.000000e+00
425,562.341,0.2,0.000000e+00
450,562.341,0.2,0.000000e+00
475,562.341,0.2,0.000000e+00
500,562.341,0.2,0.000000e+00
525,562.341,0.2,0.000000e+00
550,562.341,0.2,0.000000e+00
575,562.341,0.2,0.000000e+00
600,562.341,0.2,0.000000e+00
625,562.341,0.2,0.000000e+00
650,562.341,0.2,0.000000e+00
675,562.341,0.2,0.000000e+00
700,562.341,0.2,0.000000e+00
725,562.341,0.2,0.000000e+00
750,562.341,0.2,0.000000e+00
775,562.341,0.2,0.000000e+00
800,562.341,0.2,0.000000e+00
825,562.341,0.2,0.000000e+00
850,562.341,0.2,0.000000e+00
875,562.341,0.2,0.000000e+00
900,562.341,0.2,0.000000e+00
925,562.341,0.2,0.000000e+00
950,562.341,0.2,0.000000e+00
975,562.341,0.2,0.000000e+00
1000,562.341,0.2,0.000000e+00
1025,562.341,0.2,0.000000e+00
1050,562.341,0.2,0.000000e+00
1075,562.341,0.2,0.000000e+00
1100,562.341,0.2,2.713390e-04
1125,562.341,0.2,3.962660e-03
1150,562.341,0.2,8.079090e-03
1175,562.341,0.2,1.262230e-02
1200,562.341,0.2,1.757850e-02
1225,562.341,0.2,2.291630e-02
1250,562.341,0.2,2.858600e-02
1275,562.341,0.2,3.451940e-02
1300,562.341,0.2,4.063180e-02
1325,562.341,0.2,4.682590e-02
1350,562.341,0.2,5.299730e-02
1375,562.341,0.2,5.904070e-02
1400,562.341,0.2,6.485770e-02
1425,562.341,0.2,7.036300e-02
1450,562.341,0.2,7.548940e-02
1475,562.341,0.2,8.019070e-02
1500,562.341,0.2,8.444240e-02
1525,562.341,0.2,8.823940e-02
1550,562.341,0.2,9.159350e-02
1575,562.341,0.2,9.452890e-02
1600,562.341,0.2,9.707870e-02
1625,562.341,0.2,9.928070e-02
1650,562.341,0.2,1.011750e-01
1675,562.341,0.2,1.028000e-01
1700,562.341,0.2,1.041950e-01
1725,562.341,0.2,1.053940e-01
1750,562.341,0.2,1.064270e-01
1775,562.341,0.2,1.073250e-01
1800,562.341,0.2,1.081100e-01
1825,562.341,0.2,1.088040e-01
1850,562.341,0.2,1.094260e-01
1875,562.341,0.2,1.099920e-01
1900,562.341,0.2,1.105160e-01
1925,562.341,0.2,1.110090e-01
1950,562.341,0.2,1.114820e-01
1975,562.341,0.2,1.119430e-01
2000,562.341,0.2,1.124000e-01
2025,562.341,0.2,1.128610e-01
2050,562.341,0.2,1.133300e-01
2075,562.341,0.2,1.138120e-01
2100,562.341,0.2,1.143130e-01
2125,562.341,0.2,1.148360e-01
2150,562.341,0.2,1.153860e-01
2175,562.341,0.2,1.159640e-01
2200,562.341,0.2,1.165750e-01
2225,562.341,0.2,1.172200e-01
2250,562.341,0.2,1.179040e-01
2275,562.341,0.2,1.186270e-01
2300,562.341,0.2,1.193920e-01
2325,562.341,0.2,1.202010e-01
2350,562.341,0.2,1.210560e-01
2375,562.341,0.2,1.219580e-01
2400,562.341,0.2,1.229100e-01
2425,562.341,0.2,1.239130e-01
2450,562.341,0.2,1.249680e-01
2475,562.341,0.2,1.260760e-01
2500,562.341,0.2,1.272390e-01
2525,562.341,0.2,1.284580e-01
2550,562.341,0.2,1.297330e-01
2575,562.341,0.2,1.310660e-01
2600,562.341,0.2,1.324580e-01
2625,562.341,0.2,1.339080e-01
2650,562.341,0.2,1.354170e-01
2675,562.341,0.2,1.369860e-01
2700,562.341,0.2,1.386160e-01
2725,562.341,0.2,1.403050e-01
2750,562.341,0.2,1.420540e-01
2775,562.341,0.2,1.438630e-01
2800,562.341,0.2,1.457310e-01
2825,562.341,0.2,1.476580e-01
2850,562.341,0.2,1.496440e-01
2875,562.341,0.2,1.516880e-01
2900,562.341,0.2,1.537880e-01
2925,562.341,0.2,1.559450e-01
2950,562.341,0.2,1.581560e-01
2975,562.341,0.2,1.604210e-01
3000,562.341,0.2,1.627380e-01
3025,562.341,0.2,1.651060e-01
3050,562.341,0.2,1.675240e-01
3075,562.341,0.2,1.699890e-01
3100,562.341,0.2,1.725000e-01
3125,562.341,0.2,1.750550e-01
3150,562.341,0.2,1.776530e-01
3175,562.341,0.2,1.802910e-01
3200,562.341,0.2,1.829680e-01
3225,562.341,0.2,1.856810e-01
3250,562.341,0.2,1.884280e-01
3275,562.341,0.2,1.912080e-01
3300,562.341,0.2,1.940190e-01
3325,562.341,0.2,1.968590e-01
3350,562.341,0.2,1.997250e-01
3375,562.341,0.2,2.026160e-01
3400,562.341,0.2,2.055300e-01
3425,562.341,0.2,2.084660e-01
3450,562.341,0.2,2.114210e-01
3475,562.341,0.2,2.143960e-01
3500,562.341,0.2,2.173870e-01
3525,562.341,0.2,2.203960e-01
3550,562.341,0.2,2.234190e-01
3575,562.341,0.2,2.264580e-01
3600,562.341,0.2,2.295120e-01
3625,562.341,0.2,2.325800e-01
3650,562.341,0.2,2.356640e-01
3675,562.341,0.2,2.387640e-01
3700,562.341,0.2,2.418810e-01
3725,562.341,0.2,2.450170e-01
3750,562.341,0.2,2.481740e-01
3775,562.341,0.2,2.513540e-01
3800,562.341,0.2,2.545620e-01
3825,562.341,0.2,2.578000e-01
3850,562.341,0.2,2.610750e-01
3875,562.341,0.2,2.643910e-01
3900,562.341,0.2,2.677550e-01
3925,562.341,0.2,2.711750e-01
3950,562.341,0.2,2.746600e-01
3975,562.341,0.2,2.782180e-01
4000,562.341,0.2,2.818630e-01
4025,562.341,0.2,2.856060e-01
4050,562.341,0.2,2.894630e-01
4075,562.341,0.2,2.934500e-01
4100,562.341,0.2,2.975860e-01
4125,562.341,0.2,3.018910e-01
4150,562.341,0.2,3.063900e-01
4175,562.341,0.2,3.111090e-01
4200,562.341,0.2,3.160780e-01
4225,562.341,0.2,3.213300e-01
4250,562.341,0.2,3.269040e-01
4275,562.341,0.2,3.328430e-01
4300,562.341,0.2,3.391920e-01
4325,562.341,0.2,3.460060e-01
4350,562.341,0.2,3.533460e-01
4375,562.341,0.2,3.612770e-01
4400,562.341,0.2,3.698770e-01
4425,562.341,0.2,3.792320e-01
4450,562.341,0.2,3.894360e-01
4475,562.341,0.2,4.006010e-01
4500,562.341,0.2,4.128490e-01
4525,562.341,0.2,4.263200e-01
4550,562.341,0.2,4.411750e-01
4575,562.341,0.2,4.575940e-01
4600,562.341,0.2,4.757860e-01
4625,562.341,0.2,4.959890e-01
4650,562.341,0.2,5.184790e-01
4675,562.341,0.2,5.435730e-01
4700,562.341,0.2,5.716410e-01
4725,562.341,0.2,6.031160e-01
4750,562.341,0.2,6.385040e-01
4775,562.341,0.2,6.784070e-01
4800,562.341,0.2,7.235390e-01
4825,562.341,0.2,7.747580e-01
4850,562.341,0.2,8.331020e-01
4875,562.341,0.2,8.998400e-01
4900,562.341,0.2,9.765380e-01
4925,562.341,0.2,1.065150e+00
4950,562.341,0.2,1.168160e+00
4975,562.341,0.2,1.288730e+00
5000,562.341,0.2,1.431030e+00
300,1000,0.2,0.000000e+00
325,1000,0.2,0.000000e+00
350,1000,0.2,0.000000e+00
375,1000,0.2,0.000000e+00
400,1000,0.2,0.000000e+00
425,1000,0.2,0.000000e+00
450,1000,0.2,0.000000e+00
475,1000,0.2,0.000000e+00
500,1000,0.2,0.000000e+00
525,1000,0.2,0.000000e+00
550,1000,0.2,0.000000e+00
575,1000,0.2,0.000000e+00
600,1000,0.2,0.000000e+00
625,1000,0.2,0.000000e+00
650,1000,0.2,0.000000e+00
675,1000,0.2,0.000000e+00
700,1000,0.2,0.000000e+00
725,1000,0.2,0.000000e+00
750,1000,0.2,0.000000e+00
775,1000,0.2,0.000000e+00
800,1000,0.2,0.000000e+00
825,1000,0.2,0.000000e+00
850,1000,0.2,0.000000e+00
875,1000,0.2,0.000000e+00
900,1000,0.2,0.000000e+00
925,1000,0.2,0.000000e+00
950,1000,0.2,0.000000e+00
975,1000,0.2,0.000000e+00
1000,1000,0.2,0.000000e+00
1025,1000,0.2,0.000000e+00
1050,1000,0.2,0.000000e+00
1075,1000,0.2,0.000000e+00
1100,1000,0.2,0.000000e+00
1125,1000,0.2,0.000000e+00
1150,1000,0.2,3.150180e-03
1175,1000,0.2,6.823260e-03
1200,1000,0.2,1.086310e-02
1225,1000,0.2,1.526390e-02
1250,1000,0.2,2.000750e-02
1275,1000,0.2,2.506240e-02
1300,1000,0.2,3.038390e-02
1325,1000,0.2,3.591430e-02
1350,1000,0.2,4.158450e-02
1375,1000,0.2,4.731750e-02
1400,1000,0.2,5.303130e-02
1425,1000,0.2,5.864410e-02
1450,1000,0.2,6.407850e-02
1475,1000,0.2,6.926620e-02
1500,1000,0.2,7.415090e-02
1525,1000,0.2,7.869140e-02
1550,1000,0.2,8.286130e-02
1575,1000,0.2,8.664920e-02
1600,1000,0.2,9.005680e-02
1625,1000,0.2,9.309660e-02
1650,1000,0.2,9.578910e-02
1675,1000,0.2,9.816070e-02
1700,1000,0.2,1.002410e-01
1725,1000,0.2,1.020610e-01
1750,1000,0.2,1.036510e-01
1775,1000,0.2,1.050410e-01
1800,1000,0.2,1.062600e-01
1825,1000,0.2,1.073320e-01
1850,1000,0.2,1.082820e-01
1875,1000,0.2,1.091300e-01
1900,1000,0.2,1.098940e-01
1925,1000,0.2,1.105930e-01
1950,1000,0.2,1.112390e-01
1975,1000,0.2,1.118460e-01
2000,1000,0.2,1.124250e-01
2025,1000,0.2,1.129850e-01
2050,1000,0.2,1.135360e-01
2075,1000,0.2,1.140850e-01
2100,1000,0.2,1.146390e-01
2125,1000,0.2,1.152040e-01
2150,1000,0.2,1.157840e-01
2175,1000,0.2,1.163860e-01
2200,1000,0.2,1.170120e-01
2225,1000,0.2,1.176670e-01
2250,1000,0.2,1.183540e-01
2275,1000,0.2,1.190770e-01
2300,1000,0.2,1.198380e-01
2325,1000,0.2,1.206390e-01
2350,1000,0.2,1.214840e-01
2375,1000,0.2,1.223750e-01
2400,1000,0.2,1.233130e-01
2425,1000,0.2,1.243000e-01
2450,1000,0.2,1.253380e-01
2475,1000,0.2,1.264290e-01
2500,1000,0.2,1.275740e-01
2525,1000,0.2,1.287740e-01
2550,1000,0.2,1.300300e-01
2575,1000,0.2,1.313440e-01
2600,1000,0.2,1.327160e-01
2625,1000,0.2,1.341470e-01
2650,1000,0.2,1.356380e-01
2675,1000,0.2,1.371880e-01
2700,1000,0.2,1.387990e-01
2725,1000,0.2,1.404700e-01
2750,1000,0.2,1.422020e-01
2775,1000,0.2,1.439940e-01
2800,1000,0.2,1.458460e-01
2825,1000,0.2,1.477580e-01
2850,1000,0.2,1.497290e-01
2875,1000,0.2,1.517590e-01
2900,1000,0.2,1.538470e-01
2925,1000,0.2,1.559910e-01
2950,1000,0.2,1.581910e-01
2975,1000,0.2,1.604450e-01
3000,1000,0.2,1.627530e-01
3025,1000,0.2,1.651120e-01
3050,1000,0.2,1.675220e-01
3075,1000,0.2,1.699800e-01
3100,1000,0.2,1.724850e-01
3125,1000,0.2,1.750350e-01
3150,1000,0.2,1.776290e-01
3175,1000,0.2,1.802630e-01
3200,1000,0.2,1.829360e-01
3225,1000,0.2,1.856470e-01
3250,1000,0.2,1.883930e-01
3275,1000,0.2,1.911710e-01
3300,1000,0.2,1.939800e-01
3325,1000,0.2,1.968170e-01
3350,1000,0.2,1.996820e-01
3375,1000,0.2,2.025700e-01
3400,1000,0.2,2.054810e-01
3425,1000,0.2,2.084120e-01
3450,1000,0.2,2.113620e-01
3475,1000,0.2,2.143280e-01
3500,1000,0.2,2.173100e-01
3525,1000,0.2,2.203050e-01
3550,1000,0.2,2.233120e-01
3575,1000,0.2,2.263300e-01
3600,1000,0.2,2.293580e-01
3625,1000,0.2,2.323950e-01
3650,1000,0.2,2.354400e-01
3675,1000,0.2,2.384940e-01
3700,1000,0.2,2.415560e-01
3725,1000,0.2,2.446250e-01
3750,1000,0.2,2.477040e-01
3775,1000,0.2,2.507930e-01
3800,1000,0.2,2.538930e-01
3825,1000,0.2,2.570050e-01
3850,1000,0.2,2.601330e-01
3875,1000,0.2,2.632790e-01
3900,1000,0.2,2.664470e-01
3925,1000,0.2,2.696390e-01
3950,1000,0.2,2.728620e-01
3975,1000,0.2,2.761200e-01
4000,1000,0.2,2.794200e-01
4025,1000,0.2,2.827690e-01
4050,1000,0.2,2.861760e-01
4075,1000,0.2,2.896480e-01
4100,1000,0.2,2.931970e-01
4125,1000,0.2,2.968350e-01
4150,1000,0.2,3.005750e-01
4175,1000,0.2,3.044310e-01
4200,1000,0.2,3.084220e-01
4225,1000,0.2,3.125640e-01
4250,1000,0.2,3.168800e-01
4275,1000,0.2,3.213920e-01
4300,1000,0.2,3.261270e-01
4325,1000,0.2,3.311140e-01
4350,1000,0.2,3.363860e-01
4375,1000,0.2,3.419780e-01
4400,1000,0.2,3.479310e-01
4425,1000,0.2,3.542910e-01
4450,1000,0.2,3.611070e-01
4475,1000,0.2,3.684380e-01
4500,1000,0.2,3.763440e-01
4525,1000,0.2,3.848980e-01
4550,1000,0.2,3.941770e-01
4575,1000,0.2,4.042720e-01
4600,1000,0.2,4.152810e-01
4625,1000,0.2,4.273180e-01
4650,1000,0.2,4.405070e-01
4675,1000,0.2,4.549930e-01
4700,1000,0.2,4.709370e-01
4725,1000,0.2,4.885250e-01
4750,1000,0.2,5.079640e-01
4775,1000,0.2,5.294960e-01
4800,1000,0.2,5.533970e-01
4825,1000,0.2,5.799830e-01
4850,1000,0.2,6.096220e-01
4875,1000,0.2,6.427440e-01
4900,1000,0.2,6.798490e-01
4925,1000,0.2,7.215280e-01
4950,1000,0.2,7.684800e-01
4975,1000,0.2,8.215430e-01
5000,1000,0.2,8.817230e-01
300,0.001,0.5,0.000000e+00
325,0.001,0.5,0.000000e+00
350,0.001,0.5,0.000000e+00
375,0.001,0.5,0.000000e+00
400,0.001,0.5,0.000000e+00
425,0.001,0.5,0.000000e+00
450,0.001,0.5,0.000000e+00
475,0.001,0.5,0.000000e+00
500,0.001,0.5,0.000000e+00
525,0.001,0.5,0.000000e+00
550,0.001,0.5,0.000000e+00
575,0.001,0.5,0.000000e+00
600,0.001,0.5,0.000000e+00
625,0.001,0.5,0.000000e+00
650,0.001,0.5,0.000000e+00
675,0.001,0.5,0.000000e+00
700,0.001,0.5,0.000000e+00
725,0.001,0.5,0.000000e+00
750,0.001,0.5,0.000000e+00
775,0.001,0.5,0.000000e+00
800,0.001,0.5,0.000000e+00
825,0.001,0.5,3.010460e-03
850,0.001,0.5,5.544390e-03
875,0.001,0.5,6.788130e-03
900,0.001,0.5,7.413050e-03
925,0.001,0.5,7.736790e-03
950,0.001,0.5,7.910040e-03
975,0.001,0.5,8.005830e-03
1000,0.001,0.5,8.060590e-03
1025,0.001,0.5,8.093080e-03
1050,0.001,0.5,8.113240e-03
1075,0.001,0.5,8.126570e-03
1100,0.001,0.5,8.136200e-03
1125,0.001,0.5,8.143990e-03
1150,0.001,0.5,8.151170e-03
1175,0.001,0.5,8.158550e-03
1200,0.001,0.5,8.166790e-03
1225,0.001,0.5,8.176420e-03
1250,0.001,0.5,8.187960e-03
1275,0.001,0.5,8.201900e-03
1300,0.001,0.5,8.218770e-03
1325,0.001,0.5,8.239140e-03
1350,0.001,0.5,8.263610e-03
1375,0.001,0.5,8.292850e-03
1400,0.001,0.5,8.327570e-03
1425,0.001,0.5,8.368570e-03
1450,0.001,0.5,8.416680e-03
1475,0.001,0.5,8.472830e-03
1500,0.001,0.5,8.538010e-03
1525,0.001,0.5,8.613290e-03
1550,0.001,0.5,8.699810e-03
1575,0.001,0.5,8.798770e-03
1600,0.001,0.5,8.911480e-03
1625,0.001,0.5,9.039290e-03
1650,0.001,0.5,9.183630e-03
1675,0.001,0.5,9.346030e-03
1700,0.001,0.5,9.528040e-03
1725,0.001,0.5,9.731310e-03
1750,0.001,0.5,9.957510e-03
1775,0.001,0.5,1.020840e-02
1800,0.001,0.5,1.048570e-02
1825,0.001,0.5,1.079130e-02
1850,0.001,0.5,1.112690e-02
1875,0.001,0.5,1.149430e-02
1900,0.001,0.5,1.189520e-02
1925,0.001,0.5,1.233140e-02
1950,0.001,0.5,1.280430e-02
1975,0.001,0.5,1.331540e-02
2000,0.001,0.5,1.386600e-02
2025,0.001,0.5,1.445700e-02
2050,0.001,0.5,1.508920e-02
2075,0.001,0.5,1.576300e-02
2100,0.001,0.5,1.647850e-02
2125,0.001,0.5,1.723510e-02
2150,0.001,0.5,1.803220e-02
2175,0.001,0.5,1.886830e-02
2200,0.001,0.5,1.974180e-02
2225,0.001,0.5,2.065050e-02
2250,0.001,0.5,2.159210e-02
2275,0.001,0.5,2.256420e-02
2300,0.001,0.5,2.356530e-02
2325,0.001,0.5,2.459440e-02
2350,0.001,0.5,2.565310e-02
2375,0.001,0.5,2.674590e-02
2400,0.001,0.5,2.788290e-02
2425,0.001,0.5,2.908150e-02
2450,0.001,0.5,3.037010e-02
2475,0.001,0.5,3.179270e-02
2500,0.001,0.5,3.341420e-02
2525,0.001,0.5,3.532830e-02
2550,0.001,0.5,3.766730e-02
2575,0.001,0.5,4.061500e-02
2600,0.001,0.5,4.442350e-02
2625,0.001,0.5,4.943520e-02
2650,0.001,0.5,5.611290e-02
2675,0.001,0.5,6.507910e-02
2700,0.001,0.5,7.717040e-02
2725,0.001,0.5,9.351330e-02
2750,0.001,0.5,1.156310e-01
2775,0.001,0.5,1.455970e-01
2800,0.001,0.5,1.862720e-01
2825,0.001,0.5,2.416580e-01
2850,0.001,0.5,3.174860e-01
2875,0.001,0.5,4.221970e-01
2900,0.001,0.5,5.687120e-01
2925,0.001,0.5,7.778100e-01
2950,0.001,0.5,1.085170e+00
2975,0.001,0.5,1.557720e+00
3000,0.001,0.5,2.337570e+00
3025,0.001,0.5,3.789100e+00
3050,0.001,0.5,7.210120e+00
3075,0.001,0.5,2.298000e+01
3100,0.001,0.5,2.000000e+02
3125,0.001,0.5,2.000000e+02
3150,0.001,0.5,2.000000e+02
3175,0.001,0.5,2.000000e+02
3200,0.001,0.5,2.000000e+02
3225,0.001,0.5,2.000000e+02
3250,0.001,0.5,2.000000e+02
3275,0.001,0.5,2.000000e+02
3300,0.001,0.5,2.000000e+02
3325,0.001,0.5,2.000000e+02
3350,0.001,0.5,2.000000e+02
3375,0.001,0.5,2.000000e+02
3400,0.001,0.5,2.000000e+02
3425,0.001,0.5,2.000000e+02
3450,0.001,0.5,2.000000e+02
3475,0.001,0.5,2.000000e+02
3500,0.001,0.5,2.000000e+02
3525,0.001,0.5,2.000000e+02
3550,0.001,0.5,2.000000e+02
3575,0.001,0.5,2.000000e+02
3600,0.001,0.5,2.000000e+02
3625,0.001,0.5,2.000000e+02
3650,0.001,0.5,2.000000e+02
3675,0.001,0.5,2.000000e+02
3700,0.001,0.5,2.000000e+02
3725,0.001,0.5,2.000000e+02
3750,0.001,0.5,2.000000e+02
3775,0.001,0.5,2.000000e+02
3800,0.001,0.5,2.000000e+02
3825,0.001,0.5,2.000000e+02
3850,0.001,0.5,2.000000e+02
3875,0.001,0.5,2.000000e+02
3900,0.001,0.5,2.000000e+02
3925,0.001,0.5,2.000000e+02
3950,0.001,0.5,2.000000e+02
3975,0.001,0.5,2.000000e+02
4000,0.001,0.5,2.000000e+02
4025,0.001,0.5,2.000000e+02
4050,0.001,0.5,2.000000e+02
4075,0.001,0.5,2.000000e+02
4100,0.001,0.5,2.000000e+02
4125,0.001,0.5,2.000000e+02
4150,0.001,0.5,2.000000e+02
4175,0.001,0.5,2.000000e+02
4200,0.001,0.5,2.000000e+02
4225,0.001,0.5,2.000000e+02
4250,0.001,0.5,2.000000e+02
4275,0.001,0.5,2.000000e+02
4300,0.001,0.5,2.000000e+02
4325,0.001,0.5,2.000000e+02
4350,0.001,0.5,2.000000e+02
4375,0.001,0.5,2.000000e+02
4400,0.001,0.5,2.000000e+02
4425,0.001,0.5,2.000000e+02
4450,0.001,0.5,2.000000e+02
4475,0.001,0.5,2.000000e+02
4500,0.001,0.5,2.000000e+02
4525,0.001,0.5,2.000000e+02
4550,0.001,0.5,2.000000e+02
4575,0.001,0.5,2.000000e+02
4600,0.001,0.5,2.000000e+02
4625,0.001,0.5,2.000000e+02
4650,0.001,0.5,2.000000e+02
4675,0.001,0.5,2.000000e+02
4700,0.001,0.5,2.000000e+02
4725,0.001,0.5,2.000000e+02
4750,0.001,0.5,2.000000e+02
4775,0.001,0.5,2.000000e+02
4800,0.001,0.5,2.000000e+02
4825,0.001,0.5,2.000000e+02
4850,0.001,0.5,2.000000e+02
4875,0.001,0.5,2.000000e+02
4900,0.001,0.5,2.000000e+02
4925,0.001,0.5,2.000000e+02
4950,0.001,0.5,2.000000e+02
4975,0.001,0.5,2.000000e+02
5000,0.001,0.5,2.000000e+02
300,0.00177828,0.5,0.000000e+00
325,0.00177828,0.5,0.000000e+00
350,0.00177828,0.5,0.000000e+00
375,0.00177828,0.5,0.000000e+00
400,0.00177828,0.5,0.000000e+00
425,0.00177828,0.5,0.000000e+00
450,0.00177828,0.5,0.000000e+00
475,0.00177828,0.5,0.000000e+00
500,0.00177828,0.5,0.000000e+00
525,0.00177828,0.5,0.000000e+00
550,0.00177828,0.5,0.000000e+00
575,0.00177828,0.5,0.000000e+00
600,0.00177828,0.5,0.000000e+00
625,0.00177828,0.5,0.000000e+00
650,0.00177828,0.5,0.000000e+00
675,0.00177828,0.5,0.000000e+00
700,0.00177828,0.5,0.000000e+00
725,0.00177828,0.5,0.000000e+00
750,0.00177828,0.5,0.000000e+00
775,0.00177828,0.5,0.000000e+00
800,0.00177828,0.5,0.000000e+00
825,0.00177828,0.5,0.000000e+00
850,0.00177828,0.5,3.612660e-03
875,0.00177828,0.5,5.759300e-03
900,0.00177828,0.5,6.853200e-03
925,0.00177828,0.5,7.423870e-03
950,0.00177828,0.5,7.730240e-03
975,0.00177828,0.5,7.899740e-03
1000,0.00177828,0.5,7.996440e-03
1025,0.00177828,0.5,8.053410e-03
1050,0.00177828,0.5,8.088210e-03
1075,0.00177828,0.5,8.110480e-03
1100,0.00177828,0.5,8.125690e-03
1125,0.00177828,0.5,8.137040e-03
1150,0.00177828,0.5,8.146510e-03
1175,0.00177828,0.5,8.155400e-03
1200,0.00177828,0.5,8.164640e-03
1225,0.00177828,0.5,8.174950e-03
1250,0.00177828,0.5,8.186950e-03
1275,0.00177828,0.5,8.201210e-03
1300,0.00177828,0.5,8.218300e-03
1325,0.00177828,0.5,8.238820e-03
1350,0.00177828,0.5,8.263410e-03
1375,0.00177828,0.5,8.292720e-03
1400,0.00177828,0.5,8.327500e-03
1425,0.00177828,0.5,8.368530e-03
1450,0.00177828,0.5,8.416670e-03
1475,0.00177828,0.5,8.472850e-03
1500,0.00177828,0.5,8.538050e-03
1525,0.00177828,0.5,8.613360e-03
1550,0.00177828,0.5,8.699900e-03
1575,0.00177828,0.5,8.798900e-03
1600,0.00177828,0.5,8.911660e-03
1625,0.00177828,0.5,9.039540e-03
1650,0.00177828,0.5,9.184000e-03
1675,0.00177828,0.5,9.346550e-03
1700,0.00177828,0.5,9.528780e-03
1725,0.00177828,0.5,9.732360e-03
1750,0.00177828,0.5,9.959010e-03
1775,0.00177828,0.5,1.021050e-02
1800,0.00177828,0.5,1.048870e-02
1825,0.00177828,0.5,1.079540e-02
1850,0.00177828,0.5,1.113250e-02
1875,0.00177828,0.5,1.150190e-02
1900,0.00177828,0.5,1.190560e-02
1925,0.00177828,0.5,1.234530e-02
1950,0.00177828,0.5,1.282290e-02
1975,0.00177828,0.5,1.334000e-02
2000,0.00177828,0.5,1.389830e-02
2025,0.00177828,0.5,1.449920e-02
2050,0.00177828,0.5,1.514390e-02
2075,0.00177828,0.5,1.583350e-02
2100,0.00177828,0.5,1.656850e-02
2125,0.00177828,0.5,1.734950e-02
2150,0.00177828,0.5,1.817630e-02
2175,0.00177828,0.5,1.904850e-02
2200,0.00177828,0.5,1.996540e-02
2225,0.00177828,0.5,2.092570e-02
2250,0.00177828,0.5,2.192770e-02
2275,0.00177828,0.5,2.296960e-02
2300,0.00177828,0.5,2.404950e-02
2325,0.00177828,0.5,2.516560e-02
2350,0.00177828,0.5,2.631710e-02
2375,0.00177828,0.5,2.750440e-02
2400,0.00177828,0.5,2.873030e-02
2425,0.00177828,0.5,3.000120e-02
2450,0.00177828,0.5,3.132950e-02
2475,0.00177828,0.5,3.273510e-02
2500,0.00177828,0.5,3.424990e-02
2525,0.00177828,0.5,3.592120e-02
2550,0.00177828,0.5,3.781790e-02
2575,0.00177828,0.5,4.003790e-02
2600,0.00177828,0.5,4.271750e-02
2625,0.00177828,0.5,4.604410e-02
2650,0.00177828,0.5,5.027230e-02
2675,0.00177828,0.5,5.574480e-02
2700,0.00177828,0.5,6.292080e-02
2725,0.00177828,0.5,7.241250e-02
2750,0.00177828,0.5,8.503590e-02
2775,0.00177828,0.5,1.018800e-01
2800,0.00177828,0.5,1.244040e-01
2825,0.00177828,0.5,1.545760e-01
2850,0.00177828,0.5,1.950860e-01
2875,0.00177828,0.5,2.496580e-01
2900,0.00177828,0.5,3.235630e-01
2925,0.00177828,0.5,4.244680e-01
2950,0.00177828,0.5,5.639200e-01
2975,0.00177828,0.5,7.601370e-01
3000,0.00177828,0.5,1.043620e+00
3025,0.00177828,0.5,1.469640e+00
3050,0.00177828,0.5,2.149990e+00
3075,0.00177828,0.5,3.350000e+00
3100,0.00177828,0.5,5.889540e+00
3125,0.00177828,0.5,1.414270e+01
3150,0.00177828,0.5,2.000000e+02
3175,0.00177828,0.5,2.000000e+02
3200,0.00177828,0.5,2.000000e+02
3225,0.00177828,0.5,2.000000e+02
3250,0.00177828,0.5,2.000000e+02
3275,0.00177828,0.5,2.000000e+02
3300,0.00177828,0.5,2.000000e+02
3325,0.00177828,0.5,2.000000e+02
3350,0.00177828,0.5,2.000000e+02
3375,0.00177828,0.5,2.000000e+02
3400,0.00177828,0.5,2.000000e+02
3425,0.00177828,0.5,2.000000e+02
3450,0.00177828,0.5,2.000000e+02
3475,0.00177828,0.5,2.000000e+02
3500,0.00177828,0.5,2.000000e+02
3525,0.00177828,0.5,2.000000e+02
3550,0.00177828,0.5,2.000000e+02
3575,0.00177828,0.5,2.000000e+02
3600,0.00177828,0.5,2.000000e+02
3625,0.00177828,0.5,2.000000e+02
3650,0.00177828,0.5,2.000000e+02
3675,0.00177828,0.5,2.000000e+02
3700,0.00177828,0.5,2.000000e+02
3725,0.00177828,0.5,2.000000e+02
3750,0.00177828,0.5,2.000000e+02
3775,0.00177828,0.5,2.000000e+02
3800,0.00177828,0.5,2.000000e+02
3825,0.00177828,0.5,2.000000e+02
3850,0.00177828,0.5,2.000000e+02
3875,0.00177828,0.5,2.000000e+02
3900,0.00177828,0.5,2.000000e+02
3925,0.00177828,0.5,2.000000e+02
3950,0.00177828,0.5,2.000000e+02
3975,0.00177828,0.5,2.000000e+02
4000,0.00177828,0.5,2.000000e+02
4025,0.00177828,0.5,2.000000e+02
4050,0.00177828,0.5,2.000000e+02
4075,0.00177828,0.5,2.000000e+02
4100,0.00177828,0.5,2.000000e+02
4125,0.00177828,0.5,2.000000e+02
4150,0.00177828,0.5,2.000000e+02
4175,0.00177828,0.5,2.000000e+02
4200,0.00177828,0.5,2.000000e+02
4225,0.00177828,0.5,2.000000e+02
4250,0.00177828,0.5,2.000000e+02
4275,0.00177828,0.5,2.000000e+02
4300,0.00177828,0.5,2.000000e+02
4325,0.00177828,0.5,2.000000e+02
4350,0.00177828,0.5,2.000000e+02
4375,0.00177828,0.5,2.000000e+02
4400,0.00177828,0.5,2.000000e+02
4425,0.00177828,0.5,2.000000e+02
4450,0.00177828,0.5,2.000000e+02
4475,0.00177828,0.5,2.000000e+02
4500,0.00177828,0.5,2.000000e+02
4525,0.00177828,0.5,2.000000e+02
4550,0.00177828,0.5,2.000000e+02
4575,0.00177828,0.5,2.000000e+02
4600,0.00177828,0.5,2.000000e+02
4625,0.00177828,0.5,2.000000e+02
4650,0.00177828,0.5,2.000000e+02
4675,0.00177828,0.5,2.000000e+02
4700,0.00177828,0.5,2.000000e+02
4725,0.00177828,0.5,2.000000e+02
4750,0.00177828,0.5,2.000000e+02
4775,0.00177828,0.5,2.000000e+02
4800,0.00177828,0.5,2.000000e+02
4825,0.00177828,0.5,2.000000e+02
4850,0.00177828,0.5,2.000000e+02
4875,0.00177828,0.5,2.000000e+02
4900,0.00177828,0.5,2.000000e+02
4925,0.00177828,0.5,2.000000e+02
4950,0.00177828,0.5,2.000000e+02
4975,0.00177828,0.5,2.000000e+02
5000,0.00177828,0.5,2.000000e+02
300,0.00316228,0.5,0.000000e+00
325,0.00316228,0.5,0.000000e+00
350,0.00316228,0.5,0.000000e+00
375,0.00316228,0.5,0.000000e+00
400,0.00316228,0.5,0.000000e+00
425,0.00316228,0.5,0.000000e+00
450,0.00316228,0.5,0.000000e+00
475,0.00316228,0.5,0.000000e+00
500,0.00316228,0.5,0.000000e+00
525,0.00316228,0.5,0.000000e+00
550,0.00316228,0.5,0.000000e+00
575,0.00316228,0.5,0.000000e+00
600,0.00316228,0.5,0.000000e+00
625,0.00316228,0.5,0.000000e+00
650,0.00316228,0.5,0.000000e+00
675,0.00316228,0.5,0.000000e+00
700,0.00316228,0.5,0.000000e+00
725,0.00316228,0.5,0.000000e+00
750,0.00316228,0.5,0.000000e+00
775,0.00316228,0.5,0.000000e+00
800,0.00316228,0.5,0.000000e+00
825,0.00316228,0.5,0.000000e+00
850,0.00316228,0.5,3.530900e-04
875,0.00316228,0.5,3.979770e-03
900,0.00316228,0.5,5.872410e-03
925,0.00316228,0.5,6.872020e-03
950,0.00316228,0.5,7.412030e-03
975,0.00316228,0.5,7.711630e-03
1000,0.00316228,0.5,7.882570e-03
1025,0.00316228,0.5,7.982940e-03
1050,0.00316228,0.5,8.043720e-03
1075,0.00316228,0.5,8.081890e-03
1100,0.00316228,0.5,8.107020e-03
1125,0.00316228,0.5,8.124680e-03
1150,0.00316228,0.5,8.138230e-03
1175,0.00316228,0.5,8.149800e-03
1200,0.00316228,0.5,8.160830e-03
1225,0.00316228,0.5,8.172340e-03
1250,0.00316228,0.5,8.185150e-03
1275,0.00316228,0.5,8.199980e-03
1300,0.00316228,0.5,8.217460e-03
1325,0.00316228,0.5,8.238260e-03
1350,0.00316228,0.5,8.263030e-03
1375,0.00316228,0.5,8.292480e-03
1400,0.00316228,0.5,8.327360e-03
1425,0.00316228,0.5,8.368460e-03
1450,0.00316228,0.5,8.416650e-03
1475,0.00316228,0.5,8.472860e-03
1500,0.00316228,0.5,8.538100e-03
1525,0.00316228,0.5,8.613430e-03
1550,0.00316228,0.5,8.700000e-03
1575,0.00316228,0.5,8.799030e-03
1600,0.00316228,0.5,8.911830e-03
1625,0.00316228,0.5,9.039770e-03
1650,0.00316228,0.5,9.184310e-03
1675,0.00316228,0.5,9.346980e-03
1700,0.00316228,0.5,9.529380e-03
1725,0.00316228,0.5,9.733190e-03
1750,0.00316228,0.5,9.960170e-03
1775,0.00316228,0.5,1.021210e-02
1800,0.00316228,0.5,1.049090e-02
1825,0.00316228,0.5,1.079850e-02
1850,0.00316228,0.5,1.113670e-02
1875,0.00316228,0.5,1.150770e-02
1900,0.00316228,0.5,1.191340e-02
1925,0.00316228,0.5,1.235580e-02
1950,0.00316228,0.5,1.283680e-02
1975,0.00316228,0.5,1.335850e-02
2000,0.00316228,0.5,1.392270e-02
2025,0.00316228,0.5,1.453100e-02
2050,0.00316228,0.5,1.518520e-02
2075,0.00316228,0.5,1.588670e-02
2100,0.00316228,0.5,1.663670e-02
2125,0.00316228,0.5,1.743620e-02
2150,0.00316228,0.5,1.828580e-02
2175,0.00316228,0.5,1.918600e-02
2200,0.00316228,0.5,2.013660e-02
2225,0.00316228,0.5,2.113750e-02
2250,0.00316228,0.5,2.218760e-02
2275,0.00316228,0.5,2.328610e-02
2300,0.00316228,0.5,2.443140e-02
2325,0.00316228,0.5,2.562210e-02
2350,0.00316228,0.5,2.685680e-02
2375,0.00316228,0.5,2.813430e-02
2400,0.00316228,0.5,2.945470e-02
2425,0.00316228,0.5,3.081960e-02
2450,0.00316228,0.5,3.223300e-02
2475,0.00316228,0.5,3.370340e-02
2500,0.00316228,0.5,3.524470e-02
2525,0.00316228,0.5,3.687930e-02
2550,0.00316228,0.5,3.864140e-02
2575,0.00316228,0.5,4.058050e-02
2600,0.00316228,0.5,4.276770e-02
2625,0.00316228,0.5,4.530260e-02
2650,0.00316228,0.5,4.832200e-02
2675,0.00316228,0.5,5.201210e-02
2700,0.00316228,0.5,5.662350e-02
2725,0.00316228,0.5,6.249070e-02
2750,0.00316228,0.5,7.005770e-02
2775,0.00316228,0.5,7.991240e-02
2800,0.00316228,0.5,9.283100e-02
2825,0.00316228,0.5,1.098410e-01
2850,0.00316228,0.5,1.323070e-01
2875,0.00316228,0.5,1.620520e-01
2900,0.00316228,0.5,2.015420e-01
2925,0.00316228,0.5,2.541530e-01
2950,0.00316228,0.5,3.246040e-01
2975,0.00316228,0.5,4.196570e-01
3000,0.00316228,0.5,5.493160e-01
3025,0.00316228,0.5,7.290160e-01
3050,0.00316228,0.5,9.838750e-01
3075,0.00316228,0.5,1.357720e+00
3100,0.00316228,0.5,1.934600e+00
3125,0.00316228,0.5,2.898740e+00
3150,0.00316228,0.5,4.746920e+00
3175,0.00316228,0.5,9.432120e+00
3200,0.00316228,0.5,3.956100e+01
3225,0.00316228,0.5,2.000000e+02
3250,0.00316228,0.5,2.000000e+02
3275,0.00316228,0.5,2.000000e+02
3300,0.00316228,0.5,2.000000e+02
3325,0.00316228,0.5,2.000000e+02
3350,0.00316228,0.5,2.000000e+02
3375,0.00316228,0.5,2.000000e+02
3400,0.00316228,0.5,2.000000e+02
3425,0.00316228,0.5,2.000000e+02
3450,0.00316228,0.5,2.000000e+02
3475,0.00316228,0.5,2.000000e+02
3500,0.00316228,0.5,2.000000e+02
3525,0.00316228,0.5,2.000000e+02
3550,0.00316228,0.5,2.000000e+02
3575,0.00316228,0.5,2.000000e+02
3600,0.00316228,0.5,2.000000e+02
3625,0.00316228,0.5,2.000000e+02
3650,0.00316228,0.5,2.000000e+02
3675,0.00316228,0.5,2.000000e+02
3700,0.00316228,0.5,2.000000e+02
3725,0.00316228,0.5,2.000000e+02
3750,0.00316228,0.5,2.000000e+02
3775,0.00316228,0.5,2.000000e+02
3800,0.00316228,0.5,2.000000e+02
3825,0.00316228,0.5,2.000000e+02
3850,0.00316228,0.5,2.000000e+02
3875,0.00316228,0.5,2.000000e+02
3900,0.00316228,0.5,2.000000e+02
3925,0.00316228,0.5,2.000000e+02
3950,0.00316228,0.5,2.000000e+02
3975,0.00316228,0.5,2.000000e+02
4000,0.00316228,0.5,2.000000e+02
4025,0.00316228,0.5,2.000000e+02
4050,0.00316228,0.5,2.000000e+02
4075,0.00316228,0.5,2.000000e+02
4100,0.00316228,0.5,2.000000e+02
4125,0.00316228,0.5,2.000000e+02
4150,0.00316228,0.5,2.000000e+02
4175,0.00316228,0.5,2.000000e+02
4200,0.00316228,0.5,2.000000e+02
4225,0.00316228,0.5,2.000000e+02
4250,0.00316228,0.5,2.000000e+02
4275,0.00316228,0.5,2.000000e+02
4300,0.00316228,0.5,2.000000e+02
4325,0.00316228,0.5,2.000000e+02
4350,0.00316228,0.5,2.000000e+02
4375,0.00316228,0.5,2.000000e+02
4400,0.00316228,0.5,2.000000e+02
4425,0.00316228,0.5,2.000000e+02
4450,0.00316228,0.5,2.000000e+02
4475,0.00316228,0.5,2.000000e+02
4500,0.00316228,0.5,2.000000e+02
4525,0.00316228,0.5,2.000000e+02
4550,0.00316228,0.5,2.000000e+02
4575,0.00316228,0.5,2.000000e+02
4600,0.00316228,0.5,2.000000e+02
4625,0.00316228,0.5,2.000000e+02
4650,0.00316228,0.5,2.000000e+02
4675,0.00316228,0.5,2.000000e+02
4700,0.00316228,0.5,2.000000e+02
4725,0.00316228,0.5,2.000000e+02
4750,0.00316228,0.5,2.000000e+02
4775,0.00316228,0.5,2.000000e+02
4800,0.00316228,0.5,2.000000e+02
4825,0.00316228,0.5,2.000000e+02
4850,0.00316228,0.5,2.000000e+02
4875,0.00316228,0.5,2.000000e+02
4900,0.00316228,0.5,2.000000e+02
4925,0.00316228,0.5,2.000000e+02
4950,0.00316228,0.5,2.000000e+02
4975,0.00316228,0.5,2.000000e+02
5000,0.00316228,0.5,2.000000e+02
300,0.00562341,0.5,0.000000e+00
325,0.00562341,0.5,0.000000e+00
350,0.00562341,0.5,0.000000e+00
375,0.00562341,0.5,0.000000e+00
400,0.00562341,0.5,0.000000e+00
425,0.00562341,0.5,0.000000e+00
450,0.00562341,0.5,0.000000e+00
475,0.00562341,0.5,0.000000e+00
500,0.00562341,0.5,0.000000e+00
525,0.00562341,0.5,0.000000e+00
550,0.00562341,0.5,0.000000e+00
575,0.00562341,0.5,0.000000e+00
600,0.00562341,0.5,0.000000e+00
625,0.00562341,0.5,0.000000e+00
650,0.00562341,0.5,0.000000e+00
675,0.00562341,0.5,0.000000e+00
700,0.00562341,0.5,0.000000e+00
725,0.00562341,0.5,0.000000e+00
750,0.00562341,0.5,0.000000e+00
775,0.00562341,0.5,0.000000e+00
800,0.00562341,0.5,0.000000e+00
825,0.00562341,0.5,0.000000e+00
850,0.00562341,0.5,0.000000e+00
875,0.00562341,0.5,9.627700e-04
900,0.00562341,0.5,4.173350e-03
925,0.00562341,0.5,5.904960e-03
950,0.00562341,0.5,6.850930e-03
975,0.00562341,0.5,7.378800e-03
1000,0.00562341,0.5,7.680690e-03
1025,0.00562341,0.5,7.857870e-03
1050,0.00562341,0.5,7.964710e-03
1075,0.00562341,0.5,8.031080e-03
1100,0.00562341,0.5,8.073830e-03
1125,0.00562341,0.5,8.102700e-03
1150,0.00562341,0.5,8.123500e-03
1175,0.00562341,0.5,8.139840e-03
1200,0.00562341,0.5,8.154040e-03
1225,0.00562341,0.5,8.167690e-03
1250,0.00562341,0.5,8.181960e-03
1275,0.00562341,0.5,8.197790e-03
1300,0.00562341,0.5,8.215970e-03
1325,0.00562341,0.5,8.237260e-03
1350,0.00562341,0.5,8.262370e-03
1375,0.00562341,0.5,8.292060e-03
1400,0.00562341,0.5,8.327110e-03
1425,0.00562341,0.5,8.368330e-03
1450,0.00562341,0.5,8.416610e-03
1475,0.00562341,0.5,8.472880e-03
1500,0.00562341,0.5,8.538160e-03
1525,0.00562341,0.5,8.613530e-03
1550,0.00562341,0.5,8.700130e-03
1575,0.00562341,0.5,8.799190e-03
1600,0.00562341,0.5,8.912030e-03
1625,0.00562341,0.5,9.040010e-03
1650,0.00562341,0.5,9.184610e-03
1675,0.00562341,0.5,9.347360e-03
1700,0.00562341,0.5,9.529890e-03
1725,0.00562341,0.5,9.733880e-03
1750,0.00562341,0.5,9.961100e-03
1775,0.00562341,0.5,1.021340e-02
1800,0.00562341,0.5,1.049260e-02
1825,0.00562341,0.5,1.080080e-02
1850,0.00562341,0.5,1.113990e-02
1875,0.00562341,0.5,1.151210e-02
1900,0.00562341,0.5,1.191930e-02
1925,0.00562341,0.5,1.236370e-02
1950,0.00562341,0.5,1.284740e-02
1975,0.00562341,0.5,1.337250e-02
2000,0.00562341,0.5,1.394100e-02
2025,0.00562341,0.5,1.455500e-02
2050,0.00562341,0.5,1.521640e-02
2075,0.00562341,0.5,1.592690e-02
2100,0.00562341,0.5,1.668820e-02
2125,0.00562341,0.5,1.750170e-02
2150,0.00562341,0.5,1.836880e-02
2175,0.00562341,0.5,1.929030e-02
2200,0.00562341,0.5,2.026700e-02
2225,0.00562341,0.5,2.129920e-02
2250,0.00562341,0.5,2.238710e-02
2275,0.00562341,0.5,2.353020e-02
2300,0.00562341,0.5,2.472800e-02
2325,0.00562341,0.5,2.597950e-02
2350,0.00562341,0.5,2.728380e-02
2375,0.00562341,0.5,2.863960e-02
2400,0.00562341,0.5,3.004600e-02
2425,0.00562341,0.5,3.150290e-02
2450,0.00562341,0.5,3.301110e-02
2475,0.00562341,0.5,3.457310e-02
2500,0.00562341,0.5,3.619450e-02
2525,0.00562341,0.5,3.788490e-02
2550,0.00562341,0.5,3.966010e-02
2575,0.00562341,0.5,4.154400e-02
2600,0.00562341,0.5,4.357200e-02
2625,0.00562341,0.5,4.579490e-02
2650,0.00562341,0.5,4.828410e-02
2675,0.00562341,0.5,5.113820e-02
2700,0.00562341,0.5,5.449120e-02
2725,0.00562341,0.5,5.852360e-02
2750,0.00562341,0.5,6.347610e-02
2775,0.00562341,0.5,6.966720e-02
2800,0.00562341,0.5,7.751640e-02
2825,0.00562341,0.5,8.757420e-02
2850,0.00562341,0.5,1.005620e-01
2875,0.00562341,0.5,1.174270e-01
2900,0.00562341,0.5,1.394140e-01
2925,0.00562341,0.5,1.681740e-01
2950,0.00562341,0.5,2.059110e-01
2975,0.00562341,0.5,2.556130e-01
3000,0.00562341,0.5,3.213940e-01
3025,0.00562341,0.5,4.090580e-01
3050,0.00562341,0.5,5.270260e-01
3075,0.00562341,0.5,6.879800e-01
3100,0.00562341,0.5,9.119380e-01
3125,0.00562341,0.5,1.232460e+00
3150,0.00562341,0.5,1.710510e+00
3175,0.00562341,0.5,2.469600e+00
3200,0.00562341,0.5,3.803830e+00
3225,0.00562341,0.5,6.625590e+00
3250,0.00562341,0.5,1.584510e+01
3275,0.00562341,0.5,2.000000e+02
3300,0.00562341,0.5,2.000000e+02
3325,0.00562341,0.5,2.000000e+02
3350,0.00562341,0.5,2.000000e+02
3375,0.00562341,0.5,2.000000e+02
3400,0.00562341,0.5,2.000000e+02
3425,0.00562341,0.5,2.000000e+02
3450,0.00562341,0.5,2.000000e+02
3475,0.00562341,0.5,2.000000e+02
3500,0.00562341,0.5,2.000000e+02
3525,0.00562341,0.5,2.000000e+02
3550,0.00562341,0.5,2.000000e+02
3575,0.00562341,0.5,2.000000e+02
3600,0.00562341,0.5,2.000000e+02
3625,0.00562341,0.5,2.000000e+02
3650,0.00562341,0.5,2.000000e+02
3675,0.00562341,0.5,2.000000e+02
3700,0.00562341,0.5,2.000000e+02
3725,0.00562341,0.5,2.000000e+02
3750,0.00562341,0.5,2.000000e+02
3775,0.00562341,0.5,2.000000e+02
3800,0.00562341,0.5,2.000000e+02
3825,0.00562341,0.5,2.000000e+02
3850,0.00562341,0.5,2.000000e+02
3875,0.00562341,0.5,2.000000e+02
3900,0.00562341,0.5,2.000000e+02
3925,0.00562341,0.5,2.000000e+02
3950,0.00562341,0.5,2.000000e+02
3975,0.00562341,0.5,2.000000e+02
4000,0.00562341,0.5,2.000000e+02
4025,0.00562341,0.5,2.000000e+02
4050,0.00562341,0.5,2.000000e+02
4075,0.00562341,0.5,2.000000e+02
4100,0.00562341,0.5,2.000000e+02
4125,0.00562341,0.5,2.000000e+02
4150,0.00562341,0.5,2.000000e+02
4175,0.00562341,0.5,2.000000e+02
4200,0.00562341,0.5,2.000000e+02
4225,0.00562341,0.5,2.000000e+02
4250,0.00562341,0.5,2.000000e+02
4275,0.00562341,0.5,2.000000e+02
4300,0.00562341,0.5,2.000000e+02
4325,0.00562341,0.5,2.000000e+02
4350,0.00562341,0.5,2.000000e+02
4375,0.00562341,0.5,2.000000e+02
4400,0.00562341,0.5,2.000000e+02
4425,0.00562341,0.5,2.000000e+02
4450,0.00562341,0.5,2.000000e+02
4475,0.00562341,0.5,2.000000e+02
4500,0.00562341,0.5,2.000000e+02
4525,0.00562341,0.5,2.000000e+02
4550,0.00562341,0.5,2.000000e+02
4575,0.00562341,0.5,2.000000e+02
4600,0.00562341,0.5,2.000000e+02
4625,0.00562341,0.5,2.000000e+02
4650,0.00562341,0.5,2.000000e+02
4675,0.00562341,0.5,2.000000e+02
4700,0.00562341,0.5,2.000000e+02
4725,0.00562341,0.5,2.000000e+02
4750,0.00562341,0.5,2.000000e+02
4775,0.00562341,0.5,2.000000e+02
4800,0.00562341,0.5,2.000000e+02
4825,0.00562341,0.5,2.000000e+02
4850,0.00562341,0.5,2.000000e+02
4875,0.00562341,0.5,2.000000e+02
4900,0.00562341,0.5,2.000000e+02
4925,0.00562341,0.5,2.000000e+02
4950,0.00562341,0.5,2.000000e+02
4975,0.00562341,0.5,2.000000e+02
5000,0.00562341,0.5,2.000000e+02
300,0.01,0.5,0.000000e+00
325,0.01,0.5,0.000000e+00
350,0.01,0.5,0.000000e+00
375,0.01,0.5,0.000000e+00
400,0.01,0.5,0.000000e+00
425,0.01,0.5,0.000000e+00
450,0.01,0.5,0.000000e+00
475,0.01,0.5,0.000000e+00
500,0.01,0.5,0.000000e+00
525,0.01,0.5,0.000000e+00
550,0.01,0.5,0.000000e+00
575,0.01,0.5,0.000000e+00
600,0.01,0.5,0.000000e+00
625,0.01,0.5,0.000000e+00
650,0.01,0.5,0.000000e+00
675,0.01,0.5,0.000000e+00
700,0.01,0.5,0.000000e+00
725,0.01,0.5,0.000000e+00
750,0.01,0.5,0.000000e+00
775,0.01,0.5,0.000000e+00
800,0.01,0.5,0.000000e+00
825,0.01,0.5,0.000000e+00
850,0.01,0.5,0.000000e+00
875,0.01,0.5,0.000000e+00
900,0.01,0.5,1.285360e-03
925,0.01,0.5,4.228850e-03
950,0.01,0.5,5.867920e-03
975,0.01,0.5,6.792170e-03
1000,0.01,0.5,7.323640e-03
1025,0.01,0.5,7.636220e-03
1050,0.01,0.5,7.824510e-03
1075,0.01,0.5,7.940870e-03
1100,0.01,0.5,8.014870e-03
1125,0.01,0.5,8.063640e-03
1150,0.01,0.5,8.097330e-03
1175,0.01,0.5,8.122130e-03
1200,0.01,0.5,8.141970e-03
1225,0.01,0.5,8.159420e-03
1250,0.01,0.5,8.176290e-03
1275,0.01,0.5,8.193900e-03
1300,0.01,0.5,8.213320e-03
1325,0.01,0.5,8.235470e-03
1350,0.01,0.5,8.261190e-03
1375,0.01,0.5,8.291310e-03
1400,0.01,0.5,8.326660e-03
1425,0.01,0.5,8.368100e-03
1450,0.01,0.5,8.416530e-03
1475,0.01,0.5,8.472910e-03
1500,0.01,0.5,8.538270e-03
1525,0.01,0.5,8.613680e-03
1550,0.01,0.5,8.700330e-03
1575,0.01,0.5,8.799420e-03
1600,0.01,0.5,8.912290e-03
1625,0.01,0.5,9.040310e-03
1650,0.01,0.5,9.184960e-03
1675,0.01,0.5,9.347770e-03
1700,0.01,0.5,9.530390e-03
1725,0.01,0.5,9.734500e-03
1750,0.01,0.5,9.961900e-03
1775,0.01,0.5,1.021440e-02
1800,0.01,0.5,1.049400e-02
1825,0.01,0.5,1.080270e-02
1850,0.01,0.5,1.114250e-02
1875,0.01,0.5,1.151540e-02
1900,0.01,0.5,1.192380e-02
1925,0.01,0.5,1.236970e-02
1950,0.01,0.5,1.285540e-02
1975,0.01,0.5,1.338300e-02
2000,0.01,0.5,1.395490e-02
2025,0.01,0.5,1.457310e-02
2050,0.01,0.5,1.523980e-02
2075,0.01,0.5,1.595720e-02
2100,0.01,0.5,1.672700e-02
2125,0.01,0.5,1.755120e-02
2150,0.01,0.5,1.843150e-02
2175,0.01,0.5,1.936920e-02
2200,0.01,0.5,2.036580e-02
2225,0.01,0.5,2.142220e-02
2250,0.01,0.5,2.253910e-02
2275,0.01,0.5,2.371690e-02
2300,0.01,0.5,2.495580e-02
2325,0.01,0.5,2.625570e-02
2350,0.01,0.5,2.761600e-02
2375,0.01,0.5,2.903610e-02
2400,0.01,0.5,3.051530e-02
2425,0.01,0.5,3.205290e-02
2450,0.01,0.5,3.364870e-02
2475,0.01,0.5,3.530300e-02
2500,0.01,0.5,3.701760e-02
2525,0.01,0.5,3.879600e-02
2550,0.01,0.5,4.064500e-02
2575,0.01,0.5,4.257520e-02
2600,0.01,0.5,4.460350e-02
2625,0.01,0.5,4.675480e-02
2650,0.01,0.5,4.906490e-02
2675,0.01,0.5,5.158440e-02
2700,0.01,0.5,5.438340e-02
2725,0.01,0.5,5.755700e-02
2750,0.01,0.5,6.123360e-02
2775,0.01,0.5,6.558420e-02
2800,0.01,0.5,7.083450e-02
2825,0.01,0.5,7.728090e-02
2850,0.01,0.5,8.531060e-02
2875,0.01,0.5,9.542760e-02
2900,0.01,0.5,1.082870e-01
2925,0.01,0.5,1.247410e-01
2950,0.01,0.5,1.459020e-01
2975,0.01,0.5,1.732280e-01
3000,0.01,0.5,2.086460e-01
3025,0.01,0.5,2.547370e-01
3050,0.01,0.5,3.150020e-01
3075,0.01,0.5,3.942990e-01
3100,0.01,0.5,4.995330e-01
3125,0.01,0.5,6.408460e-01
3150,0.01,0.5,8.337490e-01
3175,0.01,0.5,1.103220e+00
3200,0.01,0.5,1.492270e+00
3225,0.01,0.5,2.081780e+00
3250,0.01,0.5,3.044120e+00
3275,0.01,0.5,4.822900e+00
3300,0.01,0.5,9.006300e+00
3325,0.01,0.5,2.845180e+01
3350,0.01,0.5,2.000000e+02
3375,0.01,0.5,2.000000e+02
3400,0.01,0.5,2.000000e+02
3425,0.01,0.5,2.000000e+02
3450,0.01,0.5,2.000000e+02
3475,0.01,0.5,2.000000e+02
3500,0.01,0.5,2.000000e+02
3525,0.01,0.5,2.000000e+02
3550,0.01,0.5,2.000000e+02
3575,0.01,0.5,2.000000e+02
3600,0.01,0.5,2.000000e+02
3625,0.01,0.5,2.000000e+02
3650,0.01,0.5,2.000000e+02
3675,0.01,0.5,2.000000e+02
3700,0.01,0.5,2.000000e+02
3725,0.01,0.5,2.000000e+02
3750,0.01,0.5,2.000000e+02
3775,0.01,0.5,2.000000e+02
3800,0.01,0.5,2.000000e+02
3825,0.01,0.5,2.000000e+02
3850,0.01,0.5,2.000000e+02
3875,0.01,0.5,2.000000e+02
3900,0.01,0.5,2.000000e+02
3925,0.01,0.5,2.000000e+02
3950,0.01,0.5,2.000000e+02
3975,0.01,0.5,2.000000e+02
4000,0.01,0.5,2.000000e+02
4025,0.01,0.5,2.000000e+02
4050,0.01,0.5,2.000000e+02
4075,0.01,0.5,2.000000e+02
4100,0.01,0.5,2.000000e+02
4125,0.01,0.5,2.000000e+02
4150,0.01,0.5,2.000000e+02
4175,0.01,0.5,2.000000e+02
4200,0.01,0.5,2.000000e+02
4225,0.01,0.5,2.000000e+02
4250,0.01,0.5,2.000000e+02
4275,0.01,0.5,2.000000e+02
4300,0.01,0.5,2.000000e+02
4325,0.01,0.5,2.000000e+02
4350,0.01,0.5,2.000000e+02
4375,0.01,0.5,2.000000e+02
4400,0.01,0.5,2.000000e+02
4425,0.01,0.5,2.000000e+02
4450,0.01,0.5,2.000000e+02
4475,0.01,0.5,2.000000e+02
4500,0.01,0.5,2.000000e+02
4525,0.01,0.5,2.000000e+02
4550,0.01,0.5,2.000000e+02
4575,0.01,0.5,2.000000e+02
4600,0.01,0.5,2.000000e+02
4625,0.01,0.5,2.000000e+02
4650,0.01,0.5,2.000000e+02
4675,0.01,0.5,2.000000e+02
4700,0.01,0.5,2.000000e+02
4725,0.01,0.5,2.000000e+02
4750,0.01,0.5,2.000000e+02
4775,0.01,0.5,2.000000e+02
4800,0.01,0.5,2.000000e+02
4825,0.01,0.5,2.000000e+02
4850,0.01,0.5,2.000000e+02
4875,0.01,0.5,2.000000e+02
4900,0.01,0.5,2.000000e+02
4925,0.01,0.5,2.000000e+02
4950,0.01,0.5,2.000000e+02
4975,0.01,0.5,2.000000e+02
5000,0.01,0.5,2.000000e+02
300,0.0177828,0.5,0.000000e+00
325,0.0177828,0.5,0.000000e+00
350,0.0177828,0.5,0.000000e+00
375,0.0177828,0.5,0.000000e+00
400,0.0177828,0.5,0.000000e+00
425,0.0177828,0.5,0.000000e+00
450,0.0177828,0.5,0.000000e+00
475,0.0177828,0.5,0.000000e+00
500,0.0177828,0.5,0.000000e+00
525,0.0177828,0.5,0.000000e+00
550,0.0177828,0.5,0.000000e+00
575,0.0177828,0.5,0.000000e+00
600,0.0177828,0.5,0.000000e+00
625,0.0177828,0.5,0.000000e+00
650,0.0177828,0.5,0.000000e+00
675,0.0177828,0.5,0.000000e+00
700,0.0177828,0.5,0.000000e+00
725,0.0177828,0.5,0.000000e+00
750,0.0177828,0.5,0.000000e+00
775,0.0177828,0.5,0.000000e+00
800,0.0177828,0.5,0.000000e+00
825,0.0177828,0.5,0.000000e+00
850,0.0177828,0.5,0.000000e+00
875,0.0177828,0.5,0.000000e+00
900,0.0177828,0.5,0.000000e+00
925,0.0177828,0.5,1.377510e-03
950,0.0177828,0.5,4.164830e-03
975,0.0177828,0.5,5.765190e-03
1000,0.0177828,0.5,6.694810e-03
1025,0.0177828,0.5,7.244450e-03
1050,0.0177828,0.5,7.576170e-03
1075,0.0177828,0.5,7.780850e-03
1100,0.0177828,0.5,7.910210e-03
1125,0.0177828,0.5,7.994280e-03
1150,0.0177828,0.5,8.050830e-03
1175,0.0177828,0.5,8.090660e-03
1200,0.0177828,0.5,8.120520e-03
1225,0.0177828,0.5,8.144730e-03
1250,0.0177828,0.5,8.166200e-03
1275,0.0177828,0.5,8.186980e-03
1300,0.0177828,0.5,8.208610e-03
1325,0.0177828,0.5,8.232290e-03
1350,0.0177828,0.5,8.259100e-03
1375,0.0177828,0.5,8.289980e-03
1400,0.0177828,0.5,8.325860e-03
1425,0.0177828,0.5,8.367680e-03
1450,0.0177828,0.5,8.416380e-03
1475,0.0177828,0.5,8.472950e-03
1500,0.0177828,0.5,8.538430e-03
1525,0.0177828,0.5,8.613940e-03
1550,0.0177828,0.5,8.700650e-03
1575,0.0177828,0.5,8.799800e-03
1600,0.0177828,0.5,8.912700e-03
1625,0.0177828,0.5,9.040750e-03
1650,0.0177828,0.5,9.185430e-03
1675,0.0177828,0.5,9.348290e-03
1700,0.0177828,0.5,9.530970e-03
1725,0.0177828,0.5,9.735170e-03
1750,0.0177828,0.5,9.962700e-03
1775,0.0177828,0.5,1.021540e-02
1800,0.0177828,0.5,1.049530e-02
1825,0.0177828,0.5,1.080430e-02
1850,0.0177828,0.5,1.114450e-02
1875,0.0177828,0.5,1.151810e-02
1900,0.0177828,0.5,1.192730e-02
1925,0.0177828,0.5,1.237440e-02
1950,0.0177828,0.5,1.286150e-02
1975,0.0177828,0.5,1.339110e-02
2000,0.0177828,0.5,1.396540e-02
2025,0.0177828,0.5,1.458680e-02
2050,0.0177828,0.5,1.525760e-02
2075,0.0177828,0.5,1.598000e-02
2100,0.0177828,0.5,1.675630e-02
2125,0.0177828,0.5,1.758860e-02
2150,0.0177828,0.5,1.847880e-02
2175,0.0177828,0.5,1.942890e-02
2200,0.0177828,0.5,2.044050e-02
2225,0.0177828,0.5,2.151530e-02
2250,0.0177828,0.5,2.265440e-02
2275,0.0177828,0.5,2.385900e-02
2300,0.0177828,0.5,2.512970e-02
2325,0.0177828,0.5,2.646720e-02
2350,0.0177828,0.5,2.787170e-02
2375,0.0177828,0.5,2.934310e-02
2400,0.0177828,0.5,3.088120e-02
2425,0.0177828,0.5,3.248570e-02
2450,0.0177828,0.5,3.415610e-02
2475,0.0177828,0.5,3.589240e-02
2500,0.0177828,0.5,3.769480e-02
2525,0.0177828,0.5,3.956440e-02
2550,0.0177828,0.5,4.150360e-02
2575,0.0177828,0.5,4.351690e-02
2600,0.0177828,0.5,4.561180e-02
2625,0.0177828,0.5,4.779990e-02
2650,0.0177828,0.5,5.009860e-02
2675,0.0177828,0.5,5.253300e-02
2700,0.0177828,0.5,5.513850e-02
2725,0.0177828,0.5,5.796430e-02
2750,0.0177828,0.5,6.107750e-02
2775,0.0177828,0.5,6.456820e-02
2800,0.0177828,0.5,6.855660e-02
2825,0.0177828,0.5,7.320080e-02
2850,0.0177828,0.5,7.870840e-02
2875,0.0177828,0.5,8.534890e-02
2900,0.0177828,0.5,9.347200e-02
2925,0.0177828,0.5,1.035290e-01
2950,0.0177828,0.5,1.161020e-01
2975,0.0177828,0.5,1.319410e-01
3000,0.0177828,0.5,1.520180e-01
3025,0.0177828,0.5,1.775930e-01
3050,0.0177828,0.5,2.103140e-01
3075,0.0177828,0.5,2.523590e-01
3100,0.0177828,0.5,3.066440e-01
3125,0.0177828,0.5,3.771410e-01
3150,0.0177828,0.5,4.693810e-01
3175,0.0177828,0.5,5.912870e-01
3200,0.0177828,0.5,7.546000e-01
3225,0.0177828,0.5,9.774970e-01
3250,0.0177828,0.5,1.289710e+00
3275,0.0177828,0.5,1.743450e+00
3300,0.0177828,0.5,2.439670e+00
3325,0.0177828,0.5,3.602140e+00
3350,0.0177828,0.5,5.844570e+00
3375,0.0177828,0.5,1.166090e+01
3400,0.0177828,0.5,5.448400e+01
3425,0.0177828,0.5,2.000000e+02
3450,0.0177828,0.5,2.000000e+02
3475,0.0177828,0.5,2.000000e+02
3500,0.0177828,0.5,2.000000e+02
3525,0.0177828,0.5,2.000000e+02
3550,0.0177828,0.5,2.000000e+02
3575,0.0177828,0.5,2.000000e+02
3600,0.0177828,0.5,2.000000e+02
3625,0.0177828,0.5,2.000000e+02
3650,0.0177828,0.5,2.000000e+02
3675,0.0177828,0.5,2.000000e+02
3700,0.0177828,0.5,2.000000e+02
3725,0.0177828,0.5,2.000000e+02
3750,0.0177828,0.5,2.000000e+02
3775,0.0177828,0.5,2.000000e+02
3800,0.0177828,0.5,2.000000e+02
3825,0.0177828,0.5,2.000000e+02
3850,0.0177828,0.5,2.000000e+02
3875,0.0177828,0.5,2.000000e+02
3900,0.0177828,0.5,2.000000e+02
3925,0.0177828,0.5,2.000000e+02
3950,0.0177828,0.5,2.000000e+02
3975,0.0177828,0.5,2.000000e+02
4000,0.0177828,0.5,2.000000e+02
4025,0.0177828,0.5,2.000000e+02
4050,0.0177828,0.5,2.000000e+02
4075,0.0177828,0.5,2.000000e+02
4100,0.0177828,0.5,2.000000e+02
4125,0.0177828,0.5,2.000000e+02
4150,0.0177828,0.5,2.000000e+02
4175,0.0177828,0.5,2.000000e+02
4200,0.0177828,0.5,2.000000e+02
4225,0.0177828,0.5,2.000000e+02
4250,0.0177828,0.5,2.000000e+02
4275,0.0177828,0.5,2.000000e+02
4300,0.0177828,0.5,2.000000e+02
4325,0.0177828,0.5,2.000000e+02
4350,0.0177828,0.5,2.000000e+02
4375,0.0177828,0.5,2.000000e+02
4400,0.0177828,0.5,2.000000e+02
4425,0.0177828,0.5,2.000000e+02
4450,0.0177828,0.5,2.000000e+02
4475,0.0177828,0.5,2.000000e+02
4500,0.0177828,0.5,2.000000e+02
4525,0.0177828,0.5,2.000000e+02
4550,0.0177828,0.5,2.000000e+02
4575,0.0177828,0.5,2.000000e+02
4600,0.0177828,0.5,2.000000e+02
4625,0.0177828,0.5,2.000000e+02
4650,0.0177828,0.5,2.000000e+02
4675,0.0177828,0.5,2.000000e+02
4700,0.0177828,0.5,2.000000e+02
4725,0.0177828,0.5,2.000000e+02
4750,0.0177828,0.5,2.000000e+02
4775,0.0177828,0.5,2.000000e+02
4800,0.0177828,0.5,2.000000e+02
4825,0.0177828,0.5,2.000000e+02
4850,0.0177828,0.5,2.000000e+02
4875,0.0177828,0.5,2.000000e+02
4900,0.0177828,0.5,2.000000e+02
4925,0.0177828,0.5,2.000000e+02
4950,0.0177828,0.5,2.000000e+02
4975,0.0177828,0.5,2.000000e+02
5000,0.0177828,0.5,2.000000e+02
300,0.0316228,0.5,0.000000e+00
325,0.0316228,0.5,0.000000e+00
350,0.0316228,0.5,0.000000e+00
375,0.0316228,0.5,0.000000e+00
400,0.0316228,0.5,0.000000e+00
425,0.0316228,0.5,0.000000e+00
450,0.0316228,0.5,0.000000e+00
475,0.0316228,0.5,0.000000e+00
500,0.0316228,0.5,0.000000e+00
525,0.0316228,0.5,0.000000e+00
550,0.0316228,0.5,0.000000e+00
575,0.0316228,0.5,0.000000e+00
600,0.0316228,0.5,0.000000e+00
625,0.0316228,0.5,0.000000e+00
650,0.0316228,0.5,0.000000e+00
675,0.0316228,0.5,0.000000e+00
700,0.0316228,0.5,0.000000e+00
725,0.0316228,0.5,0.000000e+00
750,0.0316228,0.5,0.000000e+00
775,0.0316228,0.5,0.000000e+00
800,0.0316228,0.5,0.000000e+00
825,0.0316228,0.5,0.000000e+00
850,0.0316228,0.5,0.000000e+00
875,0.0316228,0.5,0.000000e+00
900,0.0316228,0.5,0.000000e+00
925,0.0316228,0.5,0.000000e+00
950,0.0316228,0.5,1.269710e-03
975,0.0316228,0.5,3.988260e-03
1000,0.0316228,0.5,5.595370e-03
1025,0.0316228,0.5,6.555240e-03
1050,0.0316228,0.5,7.137640e-03
1075,0.0316228,0.5,7.497610e-03
1100,0.0316228,0.5,7.724680e-03
1125,0.0316228,0.5,7.871190e-03
1150,0.0316228,0.5,7.968260e-03
1175,0.0316228,0.5,8.034760e-03
1200,0.0316228,0.5,8.082400e-03
1225,0.0316228,0.5,8.118610e-03
1250,0.0316228,0.5,8.148270e-03
1275,0.0316228,0.5,8.174690e-03
1300,0.0316228,0.5,8.200230e-03
1325,0.0316228,0.5,8.226650e-03
1350,0.0316228,0.5,8.255370e-03
1375,0.0316228,0.5,8.287600e-03
1400,0.0316228,0.5,8.324440e-03
1425,0.0316228,0.5,8.366930e-03
1450,0.0316228,0.5,8.416110e-03
1475,0.0316228,0.5,8.473010e-03
1500,0.0316228,0.5,8.538730e-03
1525,0.0316228,0.5,8.614400e-03
1550,0.0316228,0.5,8.701210e-03
1575,0.0316228,0.5,8.800420e-03
1600,0.0316228,0.5,8.913370e-03
1625,0.0316228,0.5,9.041460e-03
1650,0.0316228,0.5,9.186170e-03
1675,0.0316228,0.5,9.349060e-03
1700,0.0316228,0.5,9.531770e-03
1725,0.0316228,0.5,9.736030e-03
1750,0.0316228,0.5,9.963640e-03
1775,0.0316228,0.5,1.021650e-02
1800,0.0316228,0.5,1.049650e-02
1825,0.0316228,0.5,1.080570e-02
1850,0.0316228,0.5,1.114630e-02
1875,0.0316228,0.5,1.152040e-02
1900,0.0316228,0.5,1.193020e-02
1925,0.0316228,0.5,1.237810e-02
1950,0.0316228,0.5,1.286630e-02
1975,0.0316228,0.5,1.339730e-02
2000,0.0316228,0.5,1.397350e-02
2025,0.0316228,0.5,1.459730e-02
2050,0.0316228,0.5,1.527110e-02
2075,0.0316228,0.5,1.599740e-02
2100,0.0316228,0.5,1.677850e-02
2125,0.0316228,0.5,1.761680e-02
2150,0.0316228,0.5,1.851460e-02
2175,0.0316228,0.5,1.947400e-02
2200,0.0316228,0.5,2.049700e-02
2225,0.0316228,0.5,2.158570e-02
2250,0.0316228,0.5,2.274170e-02
2275,0.0316228,0.5,2.396670e-02
2300,0.0316228,0.5,2.526180e-02
2325,0.0316228,0.5,2.662830e-02
2350,0.0316228,0.5,2.806700e-02
2375,0.0316228,0.5,2.957850e-02
2400,0.0316228,0.5,3.116320e-02
2425,0.0316228,0.5,3.282120e-02
2450,0.0316228,0.5,3.455250e-02
2475,0.0316228,0.5,3.635710e-02
2500,0.0316228,0.5,3.823510e-02
2525,0.0316228,0.5,4.018650e-02
2550,0.0316228,0.5,4.221240e-02
2575,0.0316228,0.5,4.431430e-02
2600,0.0316228,0.5,4.649540e-02
2625,0.0316228,0.5,4.876070e-02
2650,0.0316228,0.5,5.111840e-02
2675,0.0316228,0.5,5.358050e-02
2700,0.0316228,0.5,5.616440e-02
2725,0.0316228,0.5,5.889500e-02
2750,0.0316228,0.5,6.180630e-02
2775,0.0316228,0.5,6.494530e-02
2800,0.0316228,0.5,6.837470e-02
2825,0.0316228,0.5,7.217810e-02
2850,0.0316228,0.5,7.646560e-02
2875,0.0316228,0.5,8.138100e-02
2900,0.0316228,0.5,8.711060e-02
2925,0.0316228,0.5,9.389500e-02
2950,0.0316228,0.5,1.020430e-01
2975,0.0316228,0.5,1.119510e-01
3000,0.0316228,0.5,1.241260e-01
3025,0.0316228,0.5,1.392140e-01
3050,0.0316228,0.5,1.580450e-01
3075,0.0316228,0.5,1.816880e-01
3100,0.0316228,0.5,2.115210e-01
3125,0.0316228,0.5,2.493470e-01
3150,0.0316228,0.5,2.975400e-01
3175,0.0316228,0.5,3.592840e-01
3200,0.0316228,0.5,4.389190e-01
3225,0.0316228,0.5,5.425100e-01
3250,0.0316228,0.5,6.787790e-01
3275,0.0316228,0.5,8.607240e-01
3300,0.0316228,0.5,1.108620e+00
3325,0.0316228,0.5,1.455910e+00
3350,0.0316228,0.5,1.962060e+00
3375,0.0316228,0.5,2.743870e+00
3400,0.0316228,0.5,4.066320e+00
3425,0.0316228,0.5,6.684670e+00
3450,0.0316228,0.5,1.392710e+01
3475,0.0316228,0.5,9.774610e+01
3500,0.0316228,0.5,2.000000e+02
3525,0.0316228,0.5,2.000000e+02
3550,0.0316228,0.5,2.000000e+02
3575,0.0316228,0.5,2.000000e+02
3600,0.0316228,0.5,2.000000e+02
3625,0.0316228,0.5,2.000000e+02
3650,0.0316228,0.5,2.000000e+02
3675,0.0316228,0.5,2.000000e+02
3700,0.0316228,0.5,2.000000e+02
3725,0.0316228,0.5,2.000000e+02
3750,0.0316228,0.5,2.000000e+02
3775,0.0316228,0.5,2.000000e+02
3800,0.0316228,0.5,2.000000e+02
3825,0.0316228,0.5,2.000000e+02
3850,0.0316228,0.5,2.000000e+02
3875,0.0316228,0.5,2.000000e+02
3900,0.0316228,0.5,2.000000e+02
3925,0.0316228,0.5,2.000000e+02
3950,0.0316228,0.5,2.000000e+02
3975,0.0316228,0.5,2.000000e+02
4000,0.0316228,0.5,2.000000e+02
4025,0.0316228,0.5,2.000000e+02
4050,0.0316228,0.5,2.000000e+02
4075,0.0316228,0.5,2.000000e+02
4100,0.0316228,0.5,2.000000e+02
4125,0.0316228,0.5,2.000000e+02
4150,0.0316228,0.5,2.000000e+02
4175,0.0316228,0.5,2.000000e+02
4200,0.0316228,0.5,2.000000e+02
4225,0.0316228,0.5,2.000000e+02
4250,0.0316228,0.5,2.000000e+02
4275,0.0316228,0.5,2.000000e+02
4300,0.0316228,0.5,2.000000e+02
4325,0.0316228,0.5,2.000000e+02
4350,0.0316228,0.5,2.000000e+02
4375,0.0316228,0.5,2.000000e+02
4400,0.0316228,0.5,2.000000e+02
4425,0.0316228,0.5,2.000000e+02
4450,0.0316228,0.5,2.000000e+02
4475,0.0316228,0.5,2.000000e+02
4500,0.0316228,0.5,2.000000e+02
4525,0.0316228,0.5,2.000000e+02
4550,0.0316228,0.5,2.000000e+02
4575,0.0316228,0.5,2.000000e+02
4600,0.0316228,0.5,2.000000e+02
4625,0.0316228,0.5,2.000000e+02
4650,0.0316228,0.5,2.000000e+02
4675,0.0316228,0.5,2.000000e+02
4700,0.0316228,0.5,2.000000e+02
4725,0.0316228,0.5,2.000000e+02
4750,0.0316228,0.5,2.000000e+02
4775,0.0316228,0.5,2.000000e+02
4800,0.0316228,0.5,2.000000e+02
4825,0.0316228,0.5,2.000000e+02
4850,0.0316228,0.5,2.000000e+02
4875,0.0316228,0.5,2.000000e+02
4900,0.0316228,0.5,2.000000e+02
4925,0.0316228,0.5,2.000000e+02
4950,0.0316228,0.5,2.000000e+02
4975,0.0316228,0.5,2.000000e+02
5000,0.0316228,0.5,2.000000e+02
300,0.0562341,0.5,0.000000e+00
325,0.0562341,0.5,0.000000e+00
350,0.0562341,0.5,0.000000e+00
375,0.0562341,0.5,0.000000e+00
400,0.0562341,0.5,0.000000e+00
425,0.0562341,0.5,0.000000e+00
450,0.0562341,0.5,0.000000e+00
475,0.0562341,0.5,0.000000e+00
500,0.0562341,0.5,0.000000e+00
525,0.0562341,0.5,0.000000e+00
550,0.0562341,0.5,0.000000e+00
575,0.0562341,0.5,0.000000e+00
600,0.0562341,0.5,0.000000e+00
625,0.0562341,0.5,0.000000e+00
650,0.0562341,0.5,0.000000e+00
675,0.0562341,0.5,0.000000e+00
700,0.0562341,0.5,0.000000e+00
725,0.0562341,0.5,0.000000e+00
750,0.0562341,0.5,0.000000e+00
775,0.0562341,0.5,0.000000e+00
800,0.0562341,0.5,0.000000e+00
825,0.0562341,0.5,0.000000e+00
850,0.0562341,0.5,0.000000e+00
875,0.0562341,0.5,0.000000e+00
900,0.0562341,0.5,0.000000e+00
925,0.0562341,0.5,0.000000e+00
950,0.0562341,0.5,0.000000e+00
975,0.0562341,0.5,9.743180e-04
1000,0.0562341,0.5,3.697360e-03
1025,0.0562341,0.5,5.352570e-03
1050,0.0562341,0.5,6.367330e-03
1075,0.0562341,0.5,6.998030e-03
1100,0.0562341,0.5,7.396570e-03
1125,0.0562341,0.5,7.653140e-03
1150,0.0562341,0.5,7.821820e-03
1175,0.0562341,0.5,7.935540e-03
1200,0.0562341,0.5,8.014700e-03
1225,0.0562341,0.5,8.072210e-03
1250,0.0562341,0.5,8.116410e-03
1275,0.0562341,0.5,8.152840e-03
1300,0.0562341,0.5,8.185330e-03
1325,0.0562341,0.5,8.216600e-03
1350,0.0562341,0.5,8.248740e-03
1375,0.0562341,0.5,8.283380e-03
1400,0.0562341,0.5,8.321920e-03
1425,0.0562341,0.5,8.365610e-03
1450,0.0562341,0.5,8.415620e-03
1475,0.0562341,0.5,8.473120e-03
1500,0.0562341,0.5,8.539240e-03
1525,0.0562341,0.5,8.615190e-03
1550,0.0562341,0.5,8.702180e-03
1575,0.0562341,0.5,8.801520e-03
1600,0.0562341,0.5,8.914540e-03
1625,0.0562341,0.5,9.042670e-03
1650,0.0562341,0.5,9.187400e-03
1675,0.0562341,0.5,9.350300e-03
1700,0.0562341,0.5,9.533030e-03
1725,0.0562341,0.5,9.737310e-03
1750,0.0562341,0.5,9.964950e-03
1775,0.0562341,0.5,1.021790e-02
1800,0.0562341,0.5,1.049800e-02
1825,0.0562341,0.5,1.080740e-02
1850,0.0562341,0.5,1.114820e-02
1875,0.0562341,0.5,1.152260e-02
1900,0.0562341,0.5,1.193290e-02
1925,0.0562341,0.5,1.238130e-02
1950,0.0562341,0.5,1.287040e-02
1975,0.0562341,0.5,1.340240e-02
2000,0.0562341,0.5,1.398000e-02
2025,0.0562341,0.5,1.460550e-02
2050,0.0562341,0.5,1.528160e-02
2075,0.0562341,0.5,1.601070e-02
2100,0.0562341,0.5,1.679550e-02
2125,0.0562341,0.5,1.763830e-02
2150,0.0562341,0.5,1.854170e-02
2175,0.0562341,0.5,1.950810e-02
2200,0.0562341,0.5,2.053980e-02
2225,0.0562341,0.5,2.163900e-02
2250,0.0562341,0.5,2.280780e-02
2275,0.0562341,0.5,2.404820e-02
2300,0.0562341,0.5,2.536190e-02
2325,0.0562341,0.5,2.675060e-02
2350,0.0562341,0.5,2.821560e-02
2375,0.0562341,0.5,2.975800e-02
2400,0.0562341,0.5,3.137890e-02
2425,0.0562341,0.5,3.307880e-02
2450,0.0562341,0.5,3.485850e-02
2475,0.0562341,0.5,3.671800e-02
2500,0.0562341,0.5,3.865790e-02
2525,0.0562341,0.5,4.067810e-02
2550,0.0562341,0.5,4.277920e-02
2575,0.0562341,0.5,4.496170e-02
2600,0.0562341,0.5,4.722700e-02
2625,0.0562341,0.5,4.957720e-02
2650,0.0562341,0.5,5.201590e-02
2675,0.0562341,0.5,5.454870e-02
2700,0.0562341,0.5,5.718400e-02
2725,0.0562341,0.5,5.993380e-02
2750,0.0562341,0.5,6.281530e-02
2775,0.0562341,0.5,6.585230e-02
2800,0.0562341,0.5,6.907720e-02
2825,0.0562341,0.5,7.253340e-02
2850,0.0562341,0.5,7.627880e-02
2875,0.0562341,0.5,8.038940e-02
2900,0.0562341,0.5,8.496410e-02
2925,0.0562341,0.5,9.013090e-02
2950,0.0562341,0.5,9.605440e-02
2975,0.0562341,0.5,1.029450e-01
3000,0.0562341,0.5,1.110710e-01
3025,0.0562341,0.5,1.207720e-01
3050,0.0562341,0.5,1.324820e-01
3075,0.0562341,0.5,1.467470e-01
3100,0.0562341,0.5,1.642640e-01
3125,0.0562341,0.5,1.859180e-01
3150,0.0562341,0.5,2.128430e-01
3175,0.0562341,0.5,2.465000e-01
3200,0.0562341,0.5,2.887890e-01
3225,0.0562341,0.5,3.422110e-01
3250,0.0562341,0.5,4.101140e-01
3275,0.0562341,0.5,4.970620e-01
3300,0.0562341,0.5,6.094340e-01
3325,0.0562341,0.5,7.564080e-01
3350,0.0562341,0.5,9.516820e-01
3375,0.0562341,0.5,1.216640e+00
3400,0.0562341,0.5,1.586640e+00
3425,0.0562341,0.5,2.124630e+00
3450,0.0562341,0.5,2.954530e+00
3475,0.0562341,0.5,4.358230e+00
3500,0.0562341,0.5,7.142620e+00
3525,0.0562341,0.5,1.489310e+01
3550,0.0562341,0.5,1.097410e+02
3575,0.0562341,0.5,2.000000e+02
3600,0.0562341,0.5,2.000000e+02
3625,0.0562341,0.5,2.000000e+02
3650,0.0562341,0.5,2.000000e+02
3675,0.0562341,0.5,2.000000e+02
3700,0.0562341,0.5,2.000000e+02
3725,0.0562341,0.5,2.000000e+02
3750,0.0562341,0.5,2.000000e+02
3775,0.0562341,0.5,2.000000e+02
3800,0.0562341,0.5,2.000000e+02
3825,0.0562341,0.5,2.000000e+02
3850,0.0562341,0.5,2.000000e+02
3875,0.0562341,0.5,2.000000e+02
3900,0.0562341,0.5,2.000000e+02
3925,0.0562341,0.5,2.000000e+02
3950,0.0562341,0.5,2.000000e+02
3975,0.0562341,0.5,2.000000e+02
4000,0.0562341,0.5,2.000000e+02
4025,0.0562341,0.5,2.000000e+02
4050,0.0562341,0.5,2.000000e+02
4075,0.0562341,0.5,2.000000e+02
4100,0.0562341,0.5,2.000000e+02
4125,0.0562341,0.5,2.000000e+02
4150,0.0562341,0.5,2.000000e+02
4175,0.0562341,0.5,2.000000e+02
4200,0.0562341,0.5,2.000000e+02
4225,0.0562341,0.5,2.000000e+02
4250,0.0562341,0.5,2.000000e+02
4275,0.0562341,0.5,2.000000e+02
4300,0.0562341,0.5,2.000000e+02
4325,0.0562341,0.5,2.000000e+02
4350,0.0562341,0.5,2.000000e+02
4375,0.0562341,0.5,2.000000e+02
4400,0.0562341,0.5,2.000000e+02
4425,0.0562341,0.5,2.000000e+02
4450,0.0562341,0.5,2.000000e+02
4475,0.0562341,0.5,2.000000e+02
4500,0.0562341,0.5,2.000000e+02
4525,0.0562341,0.5,2.000000e+02
4550,0.0562341,0.5,2.000000e+02
4575,0.0562341,0.5,2.000000e+02
4600,0.0562341,0.5,2.000000e+02
4625,0.0562341,0.5,2.000000e+02
4650,0.0562341,0.5,2.000000e+02
4675,0.0562341,0.5,2.000000e+02
4700,0.0562341,0.5,2.000000e+02
4725,0.0562341,0.5,2.000000e+02
4750,0.0562341,0.5,2.000000e+02
4775,0.0562341,0.5,2.000000e+02
4800,0.0562341,0.5,2.000000e+02
4825,0.0562341,0.5,2.000000e+02
4850,0.0562341,0.5,2.000000e+02
4875,0.0562341,0.5,2.000000e+02
4900,0.0562341,0.5,2.000000e+02
4925,0.0562341,0.5,2.000000e+02
4950,0.0562341,0.5,2.000000e+02
4975,0.0562341,0.5,2.000000e+02
5000,0.0562341,0.5,2.000000e+02
300,0.1,0.5,0.000000e+00
325,0.1,0.5,0.000000e+00
350,0.1,0.5,0.000000e+00
375,0.1,0.5,0.000000e+00
400,0.1,0.5,0.000000e+00
425,0.1,0.5,0.000000e+00
450,0.1,0.5,0.000000e+00
475,0.1,0.5,0.000000e+00
500,0.1,0.5,0.000000e+00
525,0.1,0.5,0.000000e+00
550,0.1,0.5,0.000000e+00
575,0.1,0.5,0.000000e+00
600,0.1,0.5,0.000000e+00
625,0.1,0.5,0.000000e+00
650,0.1,0.5,0.000000e+00
675,0.1,0.5,0.000000e+00
700,0.1,0.5,0.000000e+00
725,0.1,0.5,0.000000e+00
750,0.1,0.5,0.000000e+00
775,0.1,0.5,0.000000e+00
800,0.1,0.5,0.000000e+00
825,0.1,0.5,0.000000e+00
850,0.1,0.5,0.000000e+00
875,0.1,0.5,0.000000e+00
900,0.1,0.5,0.000000e+00
925,0.1,0.5,0.000000e+00
950,0.1,0.5,0.000000e+00
975,0.1,0.5,0.000000e+00
1000,0.1,0.5,4.902990e-04
1025,0.1,0.5,3.283260e-03
1050,0.1,0.5,5.026790e-03
1075,0.1,0.5,6.122350e-03
1100,0.1,0.5,6.818790e-03
1125,0.1,0.5,7.267990e-03
1150,0.1,0.5,7.562630e-03
1175,0.1,0.5,7.759680e-03
1200,0.1,0.5,7.894610e-03
1225,0.1,0.5,7.989850e-03
1250,0.1,0.5,8.059820e-03
1275,0.1,0.5,8.114020e-03
1300,0.1,0.5,8.158840e-03
1325,0.1,0.5,8.198750e-03
1350,0.1,0.5,8.236950e-03
1375,0.1,0.5,8.275870e-03
1400,0.1,0.5,8.317430e-03
1425,0.1,0.5,8.363250e-03
1450,0.1,0.5,8.414760e-03
1475,0.1,0.5,8.473300e-03
1500,0.1,0.5,8.540150e-03
1525,0.1,0.5,8.616590e-03
1550,0.1,0.5,8.703910e-03
1575,0.1,0.5,8.803440e-03
1600,0.1,0.5,8.916580e-03
1625,0.1,0.5,9.044770e-03
1650,0.1,0.5,9.189520e-03
1675,0.1,0.5,9.352420e-03
1700,0.1,0.5,9.535130e-03
1725,0.1,0.5,9.739390e-03
1750,0.1,0.5,9.967030e-03
1775,0.1,0.5,1.021990e-02
1800,0.1,0.5,1.050010e-02
1825,0.1,0.5,1.080960e-02
1850,0.1,0.5,1.115050e-02
1875,0.1,0.5,1.152510e-02
1900,0.1,0.5,1.193570e-02
1925,0.1,0.5,1.238450e-02
1950,0.1,0.5,1.287410e-02
1975,0.1,0.5,1.340690e-02
2000,0.1,0.5,1.398550e-02
2025,0.1,0.5,1.461230e-02
2050,0.1,0.5,1.529000e-02
2075,0.1,0.5,1.602130e-02
2100,0.1,0.5,1.680880e-02
2125,0.1,0.5,1.765500e-02
2150,0.1,0.5,1.856260e-02
2175,0.1,0.5,1.953430e-02
2200,0.1,0.5,2.057240e-02
2225,0.1,0.5,2.167950e-02
2250,0.1,0.5,2.285800e-02
2275,0.1,0.5,2.411010e-02
2300,0.1,0.5,2.543790e-02
2325,0.1,0.5,2.684330e-02
2350,0.1,0.5,2.832830e-02
2375,0.1,0.5,2.989450e-02
2400,0.1,0.5,3.154310e-02
2425,0.1,0.5,3.327560e-02
2450,0.1,0.5,3.509280e-02
2475,0.1,0.5,3.699560e-02
2500,0.1,0.5,3.898470e-02
2525,0.1,0.5,4.106050e-02
2550,0.1,0.5,4.322350e-02
2575,0.1,0.5,4.547420e-02
2600,0.1,0.5,4.781320e-02
2625,0.1,0.5,5.024160e-02
2650,0.1,0.5,5.276100e-02
2675,0.1,0.5,5.537400e-02
2700,0.1,0.5,5.808440e-02
2725,0.1,0.5,6.089800e-02
2750,0.1,0.5,6.382330e-02
2775,0.1,0.5,6.687210e-02
2800,0.1,0.5,7.006080e-02
2825,0.1,0.5,7.341170e-02
2850,0.1,0.5,7.695490e-02
2875,0.1,0.5,8.073020e-02
2900,0.1,0.5,8.478960e-02
2925,0.1,0.5,8.920110e-02
2950,0.1,0.5,9.405190e-02
2975,0.1,0.5,9.945420e-02
3000,0.1,0.5,1.055510e-01
3025,0.1,0.5,1.125220e-01
3050,0.1,0.5,1.205970e-01
3075,0.1,0.5,1.300630e-01
3100,0.1,0.5,1.412830e-01
3125,0.1,0.5,1.547120e-01
3150,0.1,0.5,1.709230e-01
3175,0.1,0.5,1.906380e-01
3200,0.1,0.5,2.147710e-01
3225,0.1,0.5,2.444880e-01
3250,0.1,0.5,2.812810e-01
3275,0.1,0.5,3.270860e-01
3300,0.1,0.5,3.844420e-01
3325,0.1,0.5,4.567390e-01
3350,0.1,0.5,5.485840e-01
3375,0.1,0.5,6.663990e-01
3400,0.1,0.5,8.193930e-01
3425,0.1,0.5,1.021260e+00
3450,0.1,0.5,1.293260e+00
3475,0.1,0.5,1.670350e+00
3500,0.1,0.5,2.214170e+00
3525,0.1,0.5,3.044600e+00
3550,0.1,0.5,4.429110e+00
3575,0.1,0.5,7.108670e+00
3600,0.1,0.5,1.415010e+01
3625,0.1,0.5,7.030770e+01
3650,0.1,0.5,2.000000e+02
3675,0.1,0.5,2.000000e+02
3700,0.1,0.5,2.000000e+02
3725,0.1,0.5,2.000000e+02
3750,0.1,0.5,2.000000e+02
3775,0.1,0.5,2.000000e+02
3800,0.1,0.5,2.000000e+02
3825,0.1,0.5,2.000000e+02
3850,0.1,0.5,2.000000e+02
3875,0.1,0.5,2.000000e+02
3900,0.1,0.5,2.000000e+02
3925,0.1,0.5,2.000000e+02
3950,0.1,0.5,2.000000e+02
3975,0.1,0.5,2.000000e+02
4000,0.1,0.5,2.000000e+02
4025,0.1,0.5,2.000000e+02
4050,0.1,0.5,2.000000e+02
4075,0.1,0.5,2.000000e+02
4100,0.1,0.5,2.000000e+02
4125,0.1,0.5,2.000000e+02
4150,0.1,0.5,2.000000e+02
4175,0.1,0.5,2.000000e+02
4200,0.1,0.5,2.000000e+02
4225,0.1,0.5,2.000000e+02
4250,0.1,0.5,2.000000e+02
4275,0.1,0.5,2.000000e+02
4300,0.1,0.5,2.000000e+02
4325,0.1,0.5,2.000000e+02
4350,0.1,0.5,2.000000e+02
4375,0.1,0.5,2.000000e+02
4400,0.1,0.5,2.000000e+02
4425,0.1,0.5,2.000000e+02
4450,0.1,0.5,2.000000e+02
4475,0.1,0.5,2.000000e+02
4500,0.1,0.5,2.000000e+02
4525,0.1,0.5,2.000000e+02
4550,0.1,0.5,2.000000e+02
4575,0.1,0.5,2.000000e+02
4600,0.1,0.5,2.000000e+02
4625,0.1,0.5,2.000000e+02
4650,0.1,0.5,2.000000e+02
4675,0.1,0.5,2.000000e+02
4700,0.1,0.5,2.000000e+02
4725,0.1,0.5,2.000000e+02
4750,0.1,0.5,2.000000e+02
4775,0.1,0.5,2.000000e+02
4800,0.1,0.5,2.000000e+02
4825,0.1,0.5,2.000000e+02
4850,0.1,0.5,2.000000e+02
4875,0.1,0.5,2.000000e+02
4900,0.1,0.5,2.000000e+02
4925,0.1,0.5,2.000000e+02
4950,0.1,0.5,2.000000e+02
4975,0.1,0.5,2.000000e+02
5000,0.1,0.5,2.000000e+02
300,0.177828,0.5,0.000000e+00
325,0.177828,0.5,0.000000e+00
350,0.177828,0.5,0.000000e+00
375,0.177828,0.5,0.000000e+00
400,0.177828,0.5,0.000000e+00
425,0.177828,0.5,0.000000e+00
450,0.177828,0.5,0.000000e+00
475,0.177828,0.5,0.000000e+00
500,0.177828,0.5,0.000000e+00
525,0.177828,0.5,0.000000e+00
550,0.177828,0.5,0.000000e+00
575,0.177828,0.5,0.000000e+00
600,0.177828,0.5,0.000000e+00
625,0.177828,0.5,0.000000e+00
650,0.177828,0.5,0.000000e+00
675,0.177828,0.5,0.000000e+00
700,0.177828,0.5,0.000000e+00
725,0.177828,0.5,0.000000e+00
750,0.177828,0.5,0.000000e+00
775,0.177828,0.5,0.000000e+00
800,0.177828,0.5,0.000000e+00
825,0.177828,0.5,0.000000e+00
850,0.177828,0.5,0.000000e+00
875,0.177828,0.5,0.000000e+00
900,0.177828,0.5,0.000000e+00
925,0.177828,0.5,0.000000e+00
950,0.177828,0.5,0.000000e+00
975,0.177828,0.5,0.000000e+00
1000,0.177828,0.5,0.000000e+00
1025,0.177828,0.5,0.000000e+00
1050,0.177828,0.5,2.730900e-03
1075,0.177828,0.5,4.604000e-03
1100,0.177828,0.5,5.808880e-03
1125,0.177828,0.5,6.591220e-03
1150,0.177828,0.5,7.105580e-03
1175,0.177828,0.5,7.448820e-03
1200,0.177828,0.5,7.681960e-03
1225,0.177828,0.5,7.843820e-03
1250,0.177828,0.5,7.959400e-03
1275,0.177828,0.5,8.045080e-03
1300,0.177828,0.5,8.111800e-03
1325,0.177828,0.5,8.167030e-03
1350,0.177828,0.5,8.216000e-03
1375,0.177828,0.5,8.262510e-03
1400,0.177828,0.5,8.309440e-03
1425,0.177828,0.5,8.359050e-03
1450,0.177828,0.5,8.413230e-03
1475,0.177828,0.5,8.473630e-03
1500,0.177828,0.5,8.541760e-03
1525,0.177828,0.5,8.619070e-03
1550,0.177828,0.5,8.706960e-03
1575,0.177828,0.5,8.806850e-03
1600,0.177828,0.5,8.920200e-03
1625,0.177828,0.5,9.048480e-03
1650,0.177828,0.5,9.193260e-03
1675,0.177828,0.5,9.356130e-03
1700,0.177828,0.5,9.538770e-03
1725,0.177828,0.5,9.742960e-03
1750,0.177828,0.5,9.970510e-03
1775,0.177828,0.5,1.022330e-02
1800,0.177828,0.5,1.050350e-02
1825,0.177828,0.5,1.081290e-02
1850,0.177828,0.5,1.115380e-02
1875,0.177828,0.5,1.152850e-02
1900,0.177828,0.5,1.193920e-02
1925,0.177828,0.5,1.238830e-02
1950,0.177828,0.5,1.287830e-02
1975,0.177828,0.5,1.341160e-02
2000,0.177828,0.5,1.399080e-02
2025,0.177828,0.5,1.461850e-02
2050,0.177828,0.5,1.529740e-02
2075,0.177828,0.5,1.603030e-02
2100,0.177828,0.5,1.681970e-02
2125,0.177828,0.5,1.766840e-02
2150,0.177828,0.5,1.857920e-02
2175,0.177828,0.5,1.955470e-02
2200,0.177828,0.5,2.059770e-02
2225,0.177828,0.5,2.171070e-02
2250,0.177828,0.5,2.289640e-02
2275,0.177828,0.5,2.415730e-02
2300,0.177828,0.5,2.549570e-02
2325,0.177828,0.5,2.691390e-02
2350,0.177828,0.5,2.841400e-02
2375,0.177828,0.5,2.999820e-02
2400,0.177828,0.5,3.166810e-02
2425,0.177828,0.5,3.342540e-02
2450,0.177828,0.5,3.527160e-02
2475,0.177828,0.5,3.720790e-02
2500,0.177828,0.5,3.923540e-02
2525,0.177828,0.5,4.135500e-02
2550,0.177828,0.5,4.356750e-02
2575,0.177828,0.5,4.587340e-02
2600,0.177828,0.5,4.827360e-02
2625,0.177828,0.5,5.076850e-02
2650,0.177828,0.5,5.335920e-02
2675,0.177828,0.5,5.604690e-02
2700,0.177828,0.5,5.883350e-02
2725,0.177828,0.5,6.172180e-02
2750,0.177828,0.5,6.471570e-02
2775,0.177828,0.5,6.782120e-02
2800,0.177828,0.5,7.104640e-02
2825,0.177828,0.5,7.440270e-02
2850,0.177828,0.5,7.790530e-02
2875,0.177828,0.5,8.157490e-02
2900,0.177828,0.5,8.543870e-02
2925,0.177828,0.5,8.953240e-02
2950,0.177828,0.5,9.390230e-02
2975,0.177828,0.5,9.860790e-02
3000,0.177828,0.5,1.037250e-01
3025,0.177828,0.5,1.093500e-01
3050,0.177828,0.5,1.156060e-01
3075,0.177828,0.5,1.226430e-01
3100,0.177828,0.5,1.306560e-01
3125,0.177828,0.5,1.398820e-01
3150,0.177828,0.5,1.506210e-01
3175,0.177828,0.5,1.632450e-01
3200,0.177828,0.5,1.782180e-01
3225,0.177828,0.5,1.961200e-01
3250,0.177828,0.5,2.176770e-01
3275,0.177828,0.5,2.438020e-01
3300,0.177828,0.5,2.756530e-01
3325,0.177828,0.5,3.147040e-01
3350,0.177828,0.5,3.628590e-01
3375,0.177828,0.5,4.226040e-01
3400,0.177828,0.5,4.972370e-01
3425,0.177828,0.5,5.912200e-01
3450,0.177828,0.5,7.107330e-01
3475,0.177828,0.5,8.645750e-01
3500,0.177828,0.5,1.065710e+00
3525,0.177828,0.5,1.334060e+00
3550,0.177828,0.5,1.701890e+00
3575,0.177828,0.5,2.225050e+00
3600,0.177828,0.5,3.009300e+00
3625,0.177828,0.5,4.281620e+00
3650,0.177828,0.5,6.631610e+00
3675,0.177828,0.5,1.220130e+01
3700,0.177828,0.5,3.906660e+01
3725,0.177828,0.5,2.000000e+02
3750,0.177828,0.5,2.000000e+02
3775,0.177828,0.5,2.000000e+02
3800,0.177828,0.5,2.000000e+02
3825,0.177828,0.5,2.000000e+02
3850,0.177828,0.5,2.000000e+02
3875,0.177828,0.5,2.000000e+02
3900,0.177828,0.5,2.000000e+02
3925,0.177828,0.5,2.000000e+02
3950,0.177828,0.5,2.000000e+02
3975,0.177828,0.5,2.000000e+02
4000,0.177828,0.5,2.000000e+02
4025,0.177828,0.5,2.000000e+02
4050,0.177828,0.5,2.000000e+02
4075,0.177828,0.5,2.000000e+02
4100,0.177828,0.5,2.000000e+02
4125,0.177828,0.5,2.000000e+02
4150,0.177828,0.5,2.000000e+02
4175,0.177828,0.5,2.000000e+02
4200,0.177828,0.5,2.000000e+02
4225,0.177828,0.5,2.000000e+02
4250,0.177828,0.5,2.000000e+02
4275,0.177828,0.5,2.000000e+02
4300,0.177828,0.5,2.000000e+02
4325,0.177828,0.5,2.000000e+02
4350,0.177828,0.5,2.000000e+02
4375,0.177828,0.5,2.000000e+02
4400,0.177828,0.5,2.000000e+02
4425,0.177828,0.5,2.000000e+02
4450,0.177828,0.5,2.000000e+02
4475,0.177828,0.5,2.000000e+02
4500,0.177828,0.5,2.000000e+02
4525,0.177828,0.5,2.000000e+02
4550,0.177828,0.5,2.000000e+02
4575,0.177828,0.5,2.000000e+02
4600,0.177828,0.5,2.000000e+02
4625,0.177828,0.5,2.000000e+02
4650,0.177828,0.5,2.000000e+02
4675,0.177828,0.5,2.000000e+02
4700,0.177828,0.5,2.000000e+02
4725,0.177828,0.5,2.000000e+02
4750,0.177828,0.5,2.000000e+02
4775,0.177828,0.5,2.000000e+02
4800,0.177828,0.5,2.000000e+02
4825,0.177828,0.5,2.000000e+02
4850,0.177828,0.5,2.000000e+02
4875,0.177828,0.5,2.000000e+02
4900,0.177828,0.5,2.000000e+02
4925,0.177828,0.5,2.000000e+02
4950,0.177828,0.5,2.000000e+02
4975,0.177828,0.5,2.000000e+02
5000,0.177828,0.5,2.000000e+02
300,0.316228,0.5,0.000000e+00
325,0.316228,0.5,0.000000e+00
350,0.316228,0.5,0.000000e+00
375,0.316228,0.5,0.000000e+00
400,0.316228,0.5,0.000000e+00
425,0.316228,0.5,0.000000e+00
450,0.316228,0.5,0.000000e+00
475,0.316228,0.5,0.000000e+00
500,0.316228,0.5,0.000000e+00
525,0.316228,0.5,0.000000e+00
550,0.316228,0.5,0.000000e+00
575,0.316228,0.5,0.000000e+00
600,0.316228,0.5,0.000000e+00
625,0.316228,0.5,0.000000e+00
650,0.316228,0.5,0.000000e+00
675,0.316228,0.5,0.000000e+00
700,0.316228,0.5,0.000000e+00
725,0.316228,0.5,0.000000e+00
750,0.316228,0.5,0.000000e+00
775,0.316228,0.5,0.000000e+00
800,0.316228,0.5,0.000000e+00
825,0.316228,0.5,0.000000e+00
850,0.316228,0.5,0.000000e+00
875,0.316228,0.5,0.000000e+00
900,0.316228,0.5,0.000000e+00
925,0.316228,0.5,0.000000e+00
950,0.316228,0.5,0.000000e+00
975,0.316228,0.5,0.000000e+00
1000,0.316228,0.5,0.000000e+00
1025,0.316228,0.5,0.000000e+00
1050,0.316228,0.5,0.000000e+00
1075,0.316228,0.5,2.019730e-03
1100,0.316228,0.5,4.066300e-03
1125,0.316228,0.5,5.412720e-03
1150,0.316228,0.5,6.304720e-03
1175,0.316228,0.5,6.901790e-03
1200,0.316228,0.5,7.306650e-03
1225,0.316228,0.5,7.585540e-03
1250,0.316228,0.5,7.781510e-03
1275,0.316228,0.5,7.922820e-03
1300,0.316228,0.5,8.028300e-03
1325,0.316228,0.5,8.110680e-03
1350,0.316228,0.5,8.178760e-03
1375,0.316228,0.5,8.238760e-03
1400,0.316228,0.5,8.295220e-03
1425,0.316228,0.5,8.351560e-03
1450,0.316228,0.5,8.410470e-03
1475,0.316228,0.5,8.474190e-03
1500,0.316228,0.5,8.544610e-03
1525,0.316228,0.5,8.623460e-03
1550,0.316228,0.5,8.712370e-03
1575,0.316228,0.5,8.812900e-03
1600,0.316228,0.5,8.926610e-03
1625,0.316228,0.5,9.055060e-03
1650,0.316228,0.5,9.199860e-03
1675,0.316228,0.5,9.362660e-03
1700,0.316228,0.5,9.545180e-03
1725,0.316228,0.5,9.749190e-03
1750,0.316228,0.5,9.976560e-03
1775,0.316228,0.5,1.022920e-02
1800,0.316228,0.5,1.050910e-02
1825,0.316228,0.5,1.081840e-02
1850,0.316228,0.5,1.115920e-02
1875,0.316228,0.5,1.153380e-02
1900,0.316228,0.5,1.194450e-02
1925,0.316228,0.5,1.239360e-02
1950,0.316228,0.5,1.288370e-02
1975,0.316228,0.5,1.341720e-02
2000,0.316228,0.5,1.399680e-02
2025,0.316228,0.5,1.462520e-02
2050,0.316228,0.5,1.530490e-02
2075,0.316228,0.5,1.603880e-02
2100,0.316228,0.5,1.682950e-02
2125,0.316228,0.5,1.768010e-02
2150,0.316228,0.5,1.859310e-02
2175,0.316228,0.5,1.957150e-02
2200,0.316228,0.5,2.061800e-02
2225,0.316228,0.5,2.173540e-02
2250,0.316228,0.5,2.292650e-02
2275,0.316228,0.5,2.419390e-02
2300,0.316228,0.5,2.554020e-02
2325,0.316228,0.5,2.696800e-02
2350,0.316228,0.5,2.847960e-02
2375,0.316228,0.5,3.007730e-02
2400,0.316228,0.5,3.176330e-02
2425,0.316228,0.5,3.353950e-02
2450,0.316228,0.5,3.540780e-02
2475,0.316228,0.5,3.736980e-02
2500,0.316228,0.5,3.942700e-02
2525,0.316228,0.5,4.158060e-02
2550,0.316228,0.5,4.383170e-02
2575,0.316228,0.5,4.618140e-02
2600,0.316228,0.5,4.863050e-02
2625,0.316228,0.5,5.117960e-02
2650,0.316228,0.5,5.382970e-02
2675,0.316228,0.5,5.658140e-02
2700,0.316228,0.5,5.943590e-02
2725,0.316228,0.5,6.239460e-02
2750,0.316228,0.5,6.545960e-02
2775,0.316228,0.5,6.863360e-02
2800,0.316228,0.5,7.192070e-02
2825,0.316228,0.5,7.532650e-02
2850,0.316228,0.5,7.885890e-02
2875,0.316228,0.5,8.252820e-02
2900,0.316228,0.5,8.634870e-02
2925,0.316228,0.5,9.033880e-02
2950,0.316228,0.5,9.452300e-02
2975,0.316228,0.5,9.893250e-02
3000,0.316228,0.5,1.036080e-01
3025,0.316228,0.5,1.086000e-01
3050,0.316228,0.5,1.139750e-01
3075,0.316228,0.5,1.198140e-01
3100,0.316228,0.5,1.262190e-01
3125,0.316228,0.5,1.333170e-01
3150,0.316228,0.5,1.412680e-01
3175,0.316228,0.5,1.502670e-01
3200,0.316228,0.5,1.605580e-01
3225,0.316228,0.5,1.724400e-01
3250,0.316228,0.5,1.862840e-01
3275,0.316228,0.5,2.025490e-01
3300,0.316228,0.5,2.218030e-01
3325,0.316228,0.5,2.447540e-01
3350,0.316228,0.5,2.722860e-01
3375,0.316228,0.5,3.055100e-01
3400,0.316228,0.5,3.458370e-01
3425,0.316228,0.5,3.950740e-01
3450,0.316228,0.5,4.555650e-01
3475,0.316228,0.5,5.303990e-01
3500,0.316228,0.5,6.237230e-01
3525,0.316228,0.5,7.412210e-01
3550,0.316228,0.5,8.909030e-01
3575,0.316228,0.5,1.084410e+00
3600,0.316228,0.5,1.339350e+00
3625,0.316228,0.5,1.683600e+00
3650,0.316228,0.5,2.164170e+00
3675,0.316228,0.5,2.866750e+00
3700,0.316228,0.5,3.965610e+00
3725,0.316228,0.5,5.876520e+00
3750,0.316228,0.5,9.889110e+00
3775,0.316228,0.5,2.289270e+01
3800,0.316228,0.5,2.000000e+02
3825,0.316228,0.5,2.000000e+02
3850,0.316228,0.5,2.000000e+02
3875,0.316228,0.5,2.000000e+02
3900,0.316228,0.5,2.000000e+02
3925,0.316228,0.5,2.000000e+02
3950,0.316228,0.5,2.000000e+02
3975,0.316228,0.5,2.000000e+02
4000,0.316228,0.5,2.000000e+02
4025,0.316228,0.5,2.000000e+02
4050,0.316228,0.5,2.000000e+02
4075,0.316228,0.5,2.000000e+02
4100,0.316228,0.5,2.000000e+02
4125,0.316228,0.5,2.000000e+02
4150,0.316228,0.5,2.000000e+02
4175,0.316228,0.5,2.000000e+02
4200,0.316228,0.5,2.000000e+02
4225,0.316228,0.5,2.000000e+02
4250,0.316228,0.5,2.000000e+02
4275,0.316228,0.5,2.000000e+02
4300,0.316228,0.5,2.000000e+02
4325,0.316228,0.5,2.000000e+02
4350,0.316228,0.5,2.000000e+02
4375,0.316228,0.5,2.000000e+02
4400,0.316228,0.5,2.000000e+02
4425,0.316228,0.5,2.000000e+02
4450,0.316228,0.5,2.000000e+02
4475,0.316228,0.5,2.000000e+02
4500,0.316228,0.5,2.000000e+02
4525,0.316228,0.5,2.000000e+02
4550,0.316228,0.5,2.000000e+02
4575,0.316228,0.5,2.000000e+02
4600,0.316228,0.5,2.000000e+02
4625,0.316228,0.5,2.000000e+02
4650,0.316228,0.5,2.000000e+02
4675,0.316228,0.5,2.000000e+02
4700,0.316228,0.5,2.000000e+02
4725,0.316228,0.5,2.000000e+02
4750,0.316228,0.5,2.000000e+02
4775,0.316228,0.5,2.000000e+02
4800,0.316228,0.5,2.000000e+02
4825,0.316228,0.5,2.000000e+02
4850,0.316228,0.5,2.000000e+02
4875,0.316228,0.5,2.000000e+02
4900,0.316228,0.5,2.000000e+02
4925,0.316228,0.5,2.000000e+02
4950,0.316228,0.5,2.000000e+02
4975,0.316228,0.5,2.000000e+02
5000,0.316228,0.5,2.000000e+02
300,0.562341,0.5,0.000000e+00
325,0.562341,0.5,0.000000e+00
350,0.562341,0.5,0.000000e+00
375,0.562341,0.5,0.000000e+00
400,0.562341,0.5,0.000000e+00
425,0.562341,0.5,0.000000e+00
450,0.562341,0.5,0.000000e+00
475,0.562341,0.5,0.000000e+00
500,0.562341,0.5,0.000000e+00
525,0.562341,0.5,0.000000e+00
550,0.562341,0.5,0.000000e+00
575,0.562341,0.5,0.000000e+00
600,0.562341,0.5,0.000000e+00
625,0.562341,0.5,0.000000e+00
650,0.562341,0.5,0.000000e+00
675,0.562341,0.5,0.000000e+00
700,0.562341,0.5,0.000000e+00
725,0.562341,0.5,0.000000e+00
750,0.562341,0.5,0.000000e+00
775,0.562341,0.5,0.000000e+00
800,0.562341,0.5,0.000000e+00
825,0.562341,0.5,0.000000e+00
850,0.562341,0.5,0.000000e+00
875,0.562341,0.5,0.000000e+00
900,0.562341,0.5,0.000000e+00
925,0.562341,0.5,0.000000e+00
950,0.562341,0.5,0.000000e+00
975,0.562341,0.5,0.000000e+00
1000,0.562341,0.5,0.000000e+00
1025,0.562341,0.5,0.000000e+00
1050,0.562341,0.5,0.000000e+00
1075,0.562341,0.5,0.000000e+00
1100,0.562341,0.5,1.124630e-03
1125,0.562341,0.5,3.392180e-03
1150,0.562341,0.5,4.916950e-03
1175,0.562341,0.5,5.946830e-03
1200,0.562341,0.5,6.648030e-03
1225,0.562341,0.5,7.130600e-03
1250,0.562341,0.5,7.467320e-03
1275,0.562341,0.5,7.706450e-03
1300,0.562341,0.5,7.880280e-03
1325,0.562341,0.5,8.010660e-03
1350,0.562341,0.5,8.112580e-03
1375,0.562341,0.5,8.196500e-03
1400,0.562341,0.5,8.269880e-03
1425,0.562341,0.5,8.338190e-03
1450,0.562341,0.5,8.405530e-03
1475,0.562341,0.5,8.475140e-03
1500,0.562341,0.5,8.549630e-03
1525,0.562341,0.5,8.631240e-03
1550,0.562341,0.5,8.721970e-03
1575,0.562341,0.5,8.823630e-03
1600,0.562341,0.5,8.937970e-03
1625,0.562341,0.5,9.066710e-03
1650,0.562341,0.5,9.211560e-03
1675,0.562341,0.5,9.374230e-03
1700,0.562341,0.5,9.556500e-03
1725,0.562341,0.5,9.760200e-03
1750,0.562341,0.5,9.987190e-03
1775,0.562341,0.5,1.023940e-02
1800,0.562341,0.5,1.051900e-02
1825,0.562341,0.5,1.082790e-02
1850,0.562341,0.5,1.116830e-02
1875,0.562341,0.5,1.154260e-02
1900,0.562341,0.5,1.195300e-02
1925,0.562341,0.5,1.240190e-02
1950,0.562341,0.5,1.289190e-02
1975,0.562341,0.5,1.342540e-02
2000,0.562341,0.5,1.400510e-02
2025,0.562341,0.5,1.463370e-02
2050,0.562341,0.5,1.531380e-02
2075,0.562341,0.5,1.604830e-02
2100,0.562341,0.5,1.684000e-02
2125,0.562341,0.5,1.769170e-02
2150,0.562341,0.5,1.860620e-02
2175,0.562341,0.5,1.958660e-02
2200,0.562341,0.5,2.063570e-02
2225,0.562341,0.5,2.175630e-02
2250,0.562341,0.5,2.295130e-02
2275,0.562341,0.5,2.422350e-02
2300,0.562341,0.5,2.557570e-02
2325,0.562341,0.5,2.701050e-02
2350,0.562341,0.5,2.853070e-02
2375,0.562341,0.5,3.013860e-02
2400,0.562341,0.5,3.183660e-02
2425,0.562341,0.5,3.362710e-02
2450,0.562341,0.5,3.551210e-02
2475,0.562341,0.5,3.749360e-02
2500,0.562341,0.5,3.957340e-02
2525,0.562341,0.5,4.175310e-02
2550,0.562341,0.5,4.403420e-02
2575,0.562341,0.5,4.641780e-02
2600,0.562341,0.5,4.890520e-02
2625,0.562341,0.5,5.149730e-02
2650,0.562341,0.5,5.419500e-02
2675,0.562341,0.5,5.699910e-02
2700,0.562341,0.5,5.991040e-02
2725,0.562341,0.5,6.292990e-02
2750,0.562341,0.5,6.605860e-02
2775,0.562341,0.5,6.929810e-02
2800,0.562341,0.5,7.265030e-02
2825,0.562341,0.5,7.611820e-02
2850,0.562341,0.5,7.970550e-02
2875,0.562341,0.5,8.341750e-02
2900,0.562341,0.5,8.726140e-02
2925,0.562341,0.5,9.124670e-02
2950,0.562341,0.5,9.538610e-02
2975,0.562341,0.5,9.969600e-02
3000,0.562341,0.5,1.041980e-01
3025,0.562341,0.5,1.089180e-01
3050,0.562341,0.5,1.138930e-01
3075,0.562341,0.5,1.191640e-01
3100,0.562341,0.5,1.247880e-01
3125,0.562341,0.5,1.308330e-01
3150,0.562341,0.5,1.373820e-01
3175,0.562341,0.5,1.445420e-01
3200,0.562341,0.5,1.524410e-01
3225,0.562341,0.5,1.612380e-01
3250,0.562341,0.5,1.711280e-01
3275,0.562341,0.5,1.823490e-01
3300,0.562341,0.5,1.951950e-01
3325,0.562341,0.5,2.100230e-01
3350,0.562341,0.5,2.272740e-01
3375,0.562341,0.5,2.474890e-01
3400,0.562341,0.5,2.713360e-01
3425,0.562341,0.5,2.996440e-01
3450,0.562341,0.5,3.334510e-01
3475,0.562341,0.5,3.740600e-01
3500,0.562341,0.5,4.231290e-01
3525,0.562341,0.5,4.827930e-01
3550,0.562341,0.5,5.558370e-01
3575,0.562341,0.5,6.459610e-01
3600,0.562341,0.5,7.581770e-01
3625,0.562341,0.5,8.994450e-01
3650,0.562341,0.5,1.079710e+00
3675,0.562341,0.5,1.313690e+00
3700,0.562341,0.5,1.624100e+00
3725,0.562341,0.5,2.047960e+00
3750,0.562341,0.5,2.649760e+00
3775,0.562341,0.5,3.552700e+00
3800,0.562341,0.5,5.024310e+00
3825,0.562341,0.5,7.771870e+00
3850,0.562341,0.5,1.445120e+01
3875,0.562341,0.5,5.014520e+01
3900,0.562341,0.5,2.000000e+02
3925,0.562341,0.5,2.000000e+02
3950,0.562341,0.5,2.000000e+02
3975,0.562341,0.5,2.000000e+02
4000,0.562341,0.5,2.000000e+02
4025,0.562341,0.5,2.000000e+02
4050,0.562341,0.5,2.000000e+02
4075,0.562341,0.5,2.000000e+02
4100,0.562341,0.5,2.000000e+02
4125,0.562341,0.5,2.000000e+02
4150,0.562341,0.5,2.000000e+02
4175,0.562341,0.5,2.000000e+02
4200,0.562341,0.5,2.000000e+02
4225,0.562341,0.5,2.000000e+02
4250,0.562341,0.5,2.000000e+02
4275,0.562341,0.5,2.000000e+02
4300,0.562341,0.5,2.000000e+02
4325,0.562341,0.5,2.000000e+02
4350,0.562341,0.5,2.000000e+02
4375,0.562341,0.5,2.000000e+02
4400,0.562341,0.5,2.000000e+02
4425,0.562341,0.5,2.000000e+02
4450,0.562341,0.5,2.000000e+02
4475,0.562341,0.5,2.000000e+02
4500,0.562341,0.5,2.000000e+02
4525,0.562341,0.5,2.000000e+02
4550,0.562341,0.5,2.000000e+02
4575,0.562341,0.5,2.000000e+02
4600,0.562341,0.5,2.000000e+02
4625,0.562341,0.5,2.000000e+02
4650,0.562341,0.5,2.000000e+02
4675,0.562341,0.5,2.000000e+02
4700,0.562341,0.5,2.000000e+02
4725,0.562341,0.5,2.000000e+02
4750,0.562341,0.5,2.000000e+02
4775,0.562341,0.5,2.000000e+02
4800,0.562341,0.5,2.000000e+02
4825,0.562341,0.5,2.000000e+02
4850,0.562341,0.5,2.000000e+02
4875,0.562341,0.5,2.000000e+02
4900,0.562341,0.5,2.000000e+02
4925,0.562341,0.5,2.000000e+02
4950,0.562341,0.5,2.000000e+02
4975,0.562341,0.5,2.000000e+02
5000,0.562341,0.5,2.000000e+02
300,1,0.5,0.000000e+00
325,1,0.5,0.000000e+00
350,1,0.5,0.000000e+00
375,1,0.5,0.000000e+00
400,1,0.5,0.000000e+00
425,1,0.5,0.000000e+00
450,1,0.5,0.000000e+00
475,1,0.5,0.000000e+00
500,1,0.5,0.000000e+00
525,1,0.5,0.000000e+00
550,1,0.5,0.000000e+00
575,1,0.5,0.000000e+00
600,1,0.5,0.000000e+00
625,1,0.5,0.000000e+00
650,1,0.5,0.000000e+00
675,1,0.5,0.000000e+00
700,1,0.5,0.000000e+00
725,1,0.5,0.000000e+00
750,1,0.5,0.000000e+00
775,1,0.5,0.000000e+00
800,1,0.5,0.000000e+00
825,1,0.5,0.000000e+00
850,1,0.5,0.000000e+00
875,1,0.5,0.000000e+00
900,1,0.5,0.000000e+00
925,1,0.5,0.000000e+00
950,1,0.5,0.000000e+00
975,1,0.5,0.000000e+00
1000,1,0.5,0.000000e+00
1025,1,0.5,0.000000e+00
1050,1,0.5,0.000000e+00
1075,1,0.5,0.000000e+00
1100,1,0.5,0.000000e+00
1125,1,0.5,1.748940e-05
1150,1,0.5,2.557370e-03
1175,1,0.5,4.302550e-03
1200,1,0.5,5.503760e-03
1225,1,0.5,6.335070e-03
1250,1,0.5,6.915280e-03
1275,1,0.5,7.324910e-03
1300,1,0.5,7.618540e-03
1325,1,0.5,7.833400e-03
1350,1,0.5,7.995060e-03
1375,1,0.5,8.121310e-03
1400,1,0.5,8.224700e-03
1425,1,0.5,8.314260e-03
1450,1,0.5,8.396580e-03
1475,1,0.5,8.476670e-03
1500,1,0.5,8.558420e-03
1525,1,0.5,8.644960e-03
1550,1,0.5,8.738920e-03
1575,1,0.5,8.842610e-03
1600,1,0.5,8.958110e-03
1625,1,0.5,9.087370e-03
1650,1,0.5,9.232300e-03
1675,1,0.5,9.394740e-03
1700,1,0.5,9.576570e-03
1725,1,0.5,9.779680e-03
1750,1,0.5,1.000600e-02
1775,1,0.5,1.025750e-02
1800,1,0.5,1.053630e-02
1825,1,0.5,1.084450e-02
1850,1,0.5,1.118420e-02
1875,1,0.5,1.155780e-02
1900,1,0.5,1.196760e-02
1925,1,0.5,1.241600e-02
1950,1,0.5,1.290540e-02
1975,1,0.5,1.343860e-02
2000,1,0.5,1.401800e-02
2025,1,0.5,1.464630e-02
2050,1,0.5,1.532650e-02
2075,1,0.5,1.606110e-02
2100,1,0.5,1.685310e-02
2125,1,0.5,1.770540e-02
2150,1,0.5,1.862090e-02
2175,1,0.5,1.960250e-02
2200,1,0.5,2.065330e-02
2225,1,0.5,2.177600e-02
2250,1,0.5,2.297370e-02
2275,1,0.5,2.424940e-02
2300,1,0.5,2.560580e-02
2325,1,0.5,2.704580e-02
2350,1,0.5,2.857220e-02
2375,1,0.5,3.018760e-02
2400,1,0.5,3.189460e-02
2425,1,0.5,3.369570e-02
2450,1,0.5,3.559330e-02
2475,1,0.5,3.758950e-02
2500,1,0.5,3.968640e-02
2525,1,0.5,4.188580e-02
2550,1,0.5,4.418970e-02
2575,1,0.5,4.659940e-02
2600,1,0.5,4.911640e-02
2625,1,0.5,5.174190e-02
2650,1,0.5,5.447700e-02
2675,1,0.5,5.732260e-02
2700,1,0.5,6.027970e-02
2725,1,0.5,6.334900e-02
2750,1,0.5,6.653120e-02
2775,1,0.5,6.982750e-02
2800,1,0.5,7.323880e-02
2825,1,0.5,7.676660e-02
2850,1,0.5,8.041280e-02
2875,1,0.5,8.418010e-02
2900,1,0.5,8.807200e-02
2925,1,0.5,9.209320e-02
2950,1,0.5,9.625030e-02
2975,1,0.5,1.005520e-01
3000,1,0.5,1.050080e-01
3025,1,0.5,1.096340e-01
3050,1,0.5,1.144480e-01
3075,1,0.5,1.194740e-01
3100,1,0.5,1.247390e-01
3125,1,0.5,1.302810e-01
3150,1,0.5,1.361460e-01
3175,1,0.5,1.423890e-01
3200,1,0.5,1.490810e-01
3225,1,0.5,1.563050e-01
3250,1,0.5,1.641670e-01
3275,1,0.5,1.727930e-01
3300,1,0.5,1.823370e-01
3325,1,0.5,1.929880e-01
3350,1,0.5,2.049730e-01
3375,1,0.5,2.185700e-01
3400,1,0.5,2.341160e-01
3425,1,0.5,2.520200e-01
3450,1,0.5,2.727840e-01
3475,1,0.5,2.970220e-01
3500,1,0.5,3.254900e-01
3525,1,0.5,3.591240e-01
3550,1,0.5,3.990950e-01
3575,1,0.5,4.468750e-01
3600,1,0.5,5.043440e-01
3625,1,0.5,5.739240e-01
3650,1,0.5,6.587960e-01
3675,1,0.5,7.632060e-01
3700,1,0.5,8.929510e-01
3725,1,0.5,1.056150e+00
3750,1,0.5,1.264520e+00
3775,1,0.5,1.535630e+00
3800,1,0.5,1.897030e+00
3825,1,0.5,2.394460e+00
3850,1,0.5,3.109680e+00
3875,1,0.5,4.204360e+00
3900,1,0.5,6.047620e+00
3925,1,0.5,9.699600e+00
3950,1,0.5,1.988360e+01
3975,1,0.5,1.438170e+02
4000,1,0.5,2.000000e+02
4025,1,0.5,2.000000e+02
4050,1,0.5,2.000000e+02
4075,1,0.5,2.000000e+02
4100,1,0.5,2.000000e+02
4125,1,0.5,2.000000e+02
4150,1,0.5,2.000000e+02
4175,1,0.5,2.000000e+02
4200,1,0.5,2.000000e+02
4225,1,0.5,2.000000e+02
4250,1,0.5,2.000000e+02
4275,1,0.5,2.000000e+02
4300,1,0.5,2.000000e+02
4325,1,0.5,2.000000e+02
4350,1,0.5,2.000000e+02
4375,1,0.5,2.000000e+02
4400,1,0.5,2.000000e+02
4425,1,0.5,2.000000e+02
4450,1,0.5,2.000000e+02
4475,1,0.5,2.000000e+02
4500,1,0.5,2.000000e+02
4525,1,0.5,2.000000e+02
4550,1,0.5,2.000000e+02
4575,1,0.5,2.000000e+02
4600,1,0.5,2.000000e+02
4625,1,0.5,2.000000e+02
4650,1,0.5,2.000000e+02
4675,1,0.5,2.000000e+02
4700,1,0.5,2.000000e+02
4725,1,0.5,2.000000e+02
4750,1,0.5,2.000000e+02
4775,1,0.5,2.000000e+02
4800,1,0.5,2.000000e+02
4825,1,0.5,2.000000e+02
4850,1,0.5,2.000000e+02
4875,1,0.5,2.000000e+02
4900,1,0.5,2.000000e+02
4925,1,0.5,2.000000e+02
4950,1,0.5,2.000000e+02
4975,1,0.5,2.000000e+02
5000,1,0.5,2.000000e+02
300,1.77828,0.5,0.000000e+00
325,1.77828,0.5,0.000000e+00
350,1.77828,0.5,0.000000e+00
375,1.77828,0.5,0.000000e+00
400,1.77828,0.5,0.000000e+00
425,1.77828,0.5,0.000000e+00
450,1.77828,0.5,0.000000e+00
475,1.77828,0.5,0.000000e+00
500,1.77828,0.5,0.000000e+00
525,1.77828,0.5,0.000000e+00
550,1.77828,0.5,0.000000e+00
575,1.77828,0.5,0.000000e+00
600,1.77828,0.5,0.000000e+00
625,1.77828,0.5,0.000000e+00
650,1.77828,0.5,0.000000e+00
675,1.77828,0.5,0.000000e+00
700,1.77828,0.5,0.000000e+00
725,1.77828,0.5,0.000000e+00
750,1.77828,0.5,0.000000e+00
775,1.77828,0.5,0.000000e+00
800,1.77828,0.5,0.000000e+00
825,1.77828,0.5,0.000000e+00
850,1.77828,0.5,0.000000e+00
875,1.77828,0.5,0.000000e+00
900,1.77828,0.5,0.000000e+00
925,1.77828,0.5,0.000000e+00
950,1.77828,0.5,0.000000e+00
975,1.77828,0.5,0.000000e+00
1000,1.77828,0.5,0.000000e+00
1025,1.77828,0.5,0.000000e+00
1050,1.77828,0.5,0.000000e+00
1075,1.77828,0.5,0.000000e+00
1100,1.77828,0.5,0.000000e+00
1125,1.77828,0.5,0.000000e+00
1150,1.77828,0.5,0.000000e+00
1175,1.77828,0.5,1.536500e-03
1200,1.77828,0.5,3.549490e-03
1225,1.77828,0.5,4.961270e-03
1250,1.77828,0.5,5.954100e-03
1275,1.77828,0.5,6.656440e-03
1300,1.77828,0.5,7.157740e-03
1325,1.77828,0.5,7.520080e-03
1350,1.77828,0.5,7.786610e-03
1375,1.77828,0.5,7.987490e-03
1400,1.77828,0.5,8.143970e-03
1425,1.77828,0.5,8.271200e-03
1450,1.77828,0.5,8.380160e-03
1475,1.77828,0.5,8.478950e-03
1500,1.77828,0.5,8.573650e-03
1525,1.77828,0.5,8.669000e-03
1550,1.77828,0.5,8.768770e-03
1575,1.77828,0.5,8.876100e-03
1600,1.77828,0.5,8.993690e-03
1625,1.77828,0.5,9.123920e-03
1650,1.77828,0.5,9.269010e-03
1675,1.77828,0.5,9.431060e-03
1700,1.77828,0.5,9.612110e-03
1725,1.77828,0.5,9.814180e-03
1750,1.77828,0.5,1.003930e-02
1775,1.77828,0.5,1.028950e-02
1800,1.77828,0.5,1.056700e-02
1825,1.77828,0.5,1.087380e-02
1850,1.77828,0.5,1.121220e-02
1875,1.77828,0.5,1.158450e-02
1900,1.77828,0.5,1.199310e-02
1925,1.77828,0.5,1.244030e-02
1950,1.77828,0.5,1.292870e-02
1975,1.77828,0.5,1.346080e-02
2000,1.77828,0.5,1.403940e-02
2025,1.77828,0.5,1.466700e-02
2050,1.77828,0.5,1.534650e-02
2075,1.77828,0.5,1.608070e-02
2100,1.77828,0.5,1.687250e-02
2125,1.77828,0.5,1.772480e-02
2150,1.77828,0.5,1.864040e-02
2175,1.77828,0.5,1.962260e-02
2200,1.77828,0.5,2.067410e-02
2225,1.77828,0.5,2.179810e-02
2250,1.77828,0.5,2.299750e-02
2275,1.77828,0.5,2.427530e-02
2300,1.77828,0.5,2.563460e-02
2325,1.77828,0.5,2.707810e-02
2350,1.77828,0.5,2.860890e-02
2375,1.77828,0.5,3.022970e-02
2400,1.77828,0.5,3.194320e-02
2425,1.77828,0.5,3.375200e-02
2450,1.77828,0.5,3.565880e-02
2475,1.77828,0.5,3.766580e-02
2500,1.77828,0.5,3.977550e-02
2525,1.77828,0.5,4.198980e-02
2550,1.77828,0.5,4.431070e-02
2575,1.77828,0.5,4.674020e-02
2600,1.77828,0.5,4.927970e-02
2625,1.77828,0.5,5.193080e-02
2650,1.77828,0.5,5.469470e-02
2675,1.77828,0.5,5.757270e-02
2700,1.77828,0.5,6.056570e-02
2725,1.77828,0.5,6.367450e-02
2750,1.77828,0.5,6.690000e-02
2775,1.77828,0.5,7.024290e-02
2800,1.77828,0.5,7.370400e-02
2825,1.77828,0.5,7.728410e-02
2850,1.77828,0.5,8.098410e-02
2875,1.77828,0.5,8.480550e-02
2900,1.77828,0.5,8.874980e-02
2925,1.77828,0.5,9.281950e-02
2950,1.77828,0.5,9.701770e-02
2975,1.77828,0.5,1.013490e-01
3000,1.77828,0.5,1.058180e-01
3025,1.77828,0.5,1.104320e-01
3050,1.77828,0.5,1.152020e-01
3075,1.77828,0.5,1.201380e-01
3100,1.77828,0.5,1.252570e-01
3125,1.77828,0.5,1.305780e-01
3150,1.77828,0.5,1.361250e-01
3175,1.77828,0.5,1.419280e-01
3200,1.77828,0.5,1.480250e-01
3225,1.77828,0.5,1.544610e-01
3250,1.77828,0.5,1.612920e-01
3275,1.77828,0.5,1.685870e-01
3300,1.77828,0.5,1.764280e-01
3325,1.77828,0.5,1.849150e-01
3350,1.77828,0.5,1.941700e-01
3375,1.77828,0.5,2.043390e-01
3400,1.77828,0.5,2.155990e-01
3425,1.77828,0.5,2.281600e-01
3450,1.77828,0.5,2.422800e-01
3475,1.77828,0.5,2.582660e-01
3500,1.77828,0.5,2.764910e-01
3525,1.77828,0.5,2.974070e-01
3550,1.77828,0.5,3.215620e-01
3575,1.77828,0.5,3.496280e-01
3600,1.77828,0.5,3.824270e-01
3625,1.77828,0.5,4.209790e-01
3650,1.77828,0.5,4.665550e-01
3675,1.77828,0.5,5.207560e-01
3700,1.77828,0.5,5.856250e-01
3725,1.77828,0.5,6.638020e-01
3750,1.77828,0.5,7.587590e-01
3775,1.77828,0.5,8.751450e-01
3800,1.77828,0.5,1.019330e+00
3825,1.77828,0.5,1.200270e+00
3850,1.77828,0.5,1.430980e+00
3875,1.77828,0.5,1.731050e+00
3900,1.77828,0.5,2.131480e+00
3925,1.77828,0.5,2.684190e+00
3950,1.77828,0.5,3.483180e+00
3975,1.77828,0.5,4.717400e+00
4000,1.77828,0.5,6.829210e+00
4025,1.77828,0.5,1.114350e+01
4050,1.77828,0.5,2.414250e+01
4075,1.77828,0.5,2.000000e+02
4100,1.77828,0.5,2.000000e+02
4125,1.77828,0.5,2.000000e+02
4150,1.77828,0.5,2.000000e+02
4175,1.77828,0.5,2.000000e+02
4200,1.77828,0.5,2.000000e+02
4225,1.77828,0.5,2.000000e+02
4250,1.77828,0.5,2.000000e+02
4275,1.77828,0.5,2.000000e+02
4300,1.77828,0.5,2.000000e+02
4325,1.77828,0.5,2.000000e+02
4350,1.77828,0.5,2.000000e+02
4375,1.77828,0.5,2.000000e+02
4400,1.77828,0.5,2.000000e+02
4425,1.77828,0.5,2.000000e+02
4450,1.77828,0.5,2.000000e+02
4475,1.77828,0.5,2.000000e+02
4500,1.77828,0.5,2.000000e+02
4525,1.77828,0.5,2.000000e+02
4550,1.77828,0.5,2.000000e+02
4575,1.77828,0.5,2.000000e+02
4600,1.77828,0.5,2.000000e+02
4625,1.77828,0.5,2.000000e+02
4650,1.77828,0.5,2.000000e+02
4675,1.77828,0.5,2.000000e+02
4700,1.77828,0.5,2.000000e+02
4725,1.77828,0.5,2.000000e+02
4750,1.77828,0.5,2.000000e+02
4775,1.77828,0.5,2.000000e+02
4800,1.77828,0.5,2.000000e+02
4825,1.77828,0.5,2.000000e+02
4850,1.77828,0.5,2.000000e+02
4875,1.77828,0.5,2.000000e+02
4900,1.77828,0.5,2.000000e+02
4925,1.77828,0.5,2.000000e+02
4950,1.77828,0.5,2.000000e+02
4975,1.77828,0.5,2.000000e+02
5000,1.77828,0.5,2.000000e+02
300,3.16228,0.5,0.000000e+00
325,3.16228,0.5,0.000000e+00
350,3.16228,0.5,0.000000e+00
375,3.16228,0.5,0.000000e+00
400,3.16228,0.5,0.000000e+00
425,3.16228,0.5,0.000000e+00
450,3.16228,0.5,0.000000e+00
475,3.16228,0.5,0.000000e+00
500,3.16228,0.5,0.000000e+00
525,3.16228,0.5,0.000000e+00
550,3.16228,0.5,0.000000e+00
575,3.16228,0.5,0.000000e+00
600,3.16228,0.5,0.000000e+00
625,3.16228,0.5,0.000000e+00
650,3.16228,0.5,0.000000e+00
675,3.16228,0.5,0.000000e+00
700,3.16228,0.5,0.000000e+00
725,3.16228,0.5,0.000000e+00
750,3.16228,0.5,0.000000e+00
775,3.16228,0.5,0.000000e+00
800,3.16228,0.5,0.000000e+00
825,3.16228,0.5,0.000000e+00
850,3.16228,0.5,0.000000e+00
875,3.16228,0.5,0.000000e+00
900,3.16228,0.5,0.000000e+00
925,3.16228,0.5,0.000000e+00
950,3.16228,0.5,0.000000e+00
975,3.16228,0.5,0.000000e+00
1000,3.16228,0.5,0.000000e+00
1025,3.16228,0.5,0.000000e+00
1050,3.16228,0.5,0.000000e+00
1075,3.16228,0.5,0.000000e+00
1100,3.16228,0.5,0.000000e+00
1125,3.16228,0.5,0.000000e+00
1150,3.16228,0.5,0.000000e+00
1175,3.16228,0.5,0.000000e+00
1200,3.16228,0.5,3.057190e-04
1225,3.16228,0.5,2.638650e-03
1250,3.16228,0.5,4.306380e-03
1275,3.16228,0.5,5.498240e-03
1300,3.16228,0.5,6.352630e-03
1325,3.16228,0.5,6.968890e-03
1350,3.16228,0.5,7.417690e-03
1375,3.16228,0.5,7.749230e-03
1400,3.16228,0.5,7.999200e-03
1425,3.16228,0.5,8.193120e-03
1450,3.16228,0.5,8.349430e-03
1475,3.16228,0.5,8.481550e-03
1500,3.16228,0.5,8.599440e-03
1525,3.16228,0.5,8.710620e-03
1550,3.16228,0.5,8.820890e-03
1575,3.16228,0.5,8.934850e-03
1600,3.16228,0.5,9.056270e-03
1625,3.16228,0.5,9.188320e-03
1650,3.16228,0.5,9.333800e-03
1675,3.16228,0.5,9.495230e-03
1700,3.16228,0.5,9.674950e-03
1725,3.16228,0.5,9.875220e-03
1750,3.16228,0.5,1.009820e-02
1775,3.16228,0.5,1.034620e-02
1800,3.16228,0.5,1.062120e-02
1825,3.16228,0.5,1.092560e-02
1850,3.16228,0.5,1.126170e-02
1875,3.16228,0.5,1.163160e-02
1900,3.16228,0.5,1.203790e-02
1925,3.16228,0.5,1.248300e-02
1950,3.16228,0.5,1.296930e-02
1975,3.16228,0.5,1.349960e-02
2000,3.16228,0.5,1.407630e-02
2025,3.16228,0.5,1.470230e-02
2050,3.16228,0.5,1.538040e-02
2075,3.16228,0.5,1.611330e-02
2100,3.16228,0.5,1.690390e-02
2125,3.16228,0.5,1.775530e-02
2150,3.16228,0.5,1.867030e-02
2175,3.16228,0.5,1.965200e-02
2200,3.16228,0.5,2.070340e-02
2225,3.16228,0.5,2.182760e-02
2250,3.16228,0.5,2.302760e-02
2275,3.16228,0.5,2.430640e-02
2300,3.16228,0.5,2.566720e-02
2325,3.16228,0.5,2.711280e-02
2350,3.16228,0.5,2.864630e-02
2375,3.16228,0.5,3.027060e-02
2400,3.16228,0.5,3.198840e-02
2425,3.16228,0.5,3.380270e-02
2450,3.16228,0.5,3.571590e-02
2475,3.16228,0.5,3.773070e-02
2500,3.16228,0.5,3.984960e-02
2525,3.16228,0.5,4.207470e-02
2550,3.16228,0.5,4.440830e-02
2575,3.16228,0.5,4.685230e-02
2600,3.16228,0.5,4.940870e-02
2625,3.16228,0.5,5.207900e-02
2650,3.16228,0.5,5.486480e-02
2675,3.16228,0.5,5.776740e-02
2700,3.16228,0.5,6.078800e-02
2725,3.16228,0.5,6.392760e-02
2750,3.16228,0.5,6.718700e-02
2775,3.16228,0.5,7.056700e-02
2800,3.16228,0.5,7.406830e-02
2825,3.16228,0.5,7.769140e-02
2850,3.16228,0.5,8.143690e-02
2875,3.16228,0.5,8.530560e-02
2900,3.16228,0.5,8.929820e-02
2925,3.16228,0.5,9.341590e-02
2950,3.16228,0.5,9.766000e-02
2975,3.16228,0.5,1.020320e-01
3000,3.16228,0.5,1.065360e-01
3025,3.16228,0.5,1.111740e-01
3050,3.16228,0.5,1.159510e-01
3075,3.16228,0.5,1.208740e-01
3100,3.16228,0.5,1.259490e-01
3125,3.16228,0.5,1.311870e-01
3150,3.16228,0.5,1.366020e-01
3175,3.16228,0.5,1.422080e-01
3200,3.16228,0.5,1.480250e-01
3225,3.16228,0.5,1.540780e-01
3250,3.16228,0.5,1.603970e-01
3275,3.16228,0.5,1.670190e-01
3300,3.16228,0.5,1.739880e-01
3325,3.16228,0.5,1.813580e-01
3350,3.16228,0.5,1.891940e-01
3375,3.16228,0.5,1.975740e-01
3400,3.16228,0.5,2.065940e-01
3425,3.16228,0.5,2.163640e-01
3450,3.16228,0.5,2.270210e-01
3475,3.16228,0.5,2.387250e-01
3500,3.16228,0.5,2.516690e-01
3525,3.16228,0.5,2.660820e-01
3550,3.16228,0.5,2.822420e-01
3575,3.16228,0.5,3.004770e-01
3600,3.16228,0.5,3.211850e-01
3625,3.16228,0.5,3.448450e-01
3650,3.16228,0.5,3.720370e-01
3675,3.16228,0.5,4.034650e-01
3700,3.16228,0.5,4.399950e-01
3725,3.16228,0.5,4.826940e-01
3750,3.16228,0.5,5.328890e-01
3775,3.16228,0.5,5.922520e-01
3800,3.16228,0.5,6.629130e-01
3825,3.16228,0.5,7.476210e-01
3850,3.16228,0.5,8.499890e-01
3875,3.16228,0.5,9.748530e-01
3900,3.16228,0.5,1.128830e+00
3925,3.16228,0.5,1.321230e+00
3950,3.16228,0.5,1.565550e+00
3975,3.16228,0.5,1.882100e+00
4000,3.16228,0.5,2.302940e+00
4025,3.16228,0.5,2.881690e+00
4050,3.16228,0.5,3.715070e+00
4075,3.16228,0.5,4.996630e+00
4100,3.16228,0.5,7.176130e+00
4125,3.16228,0.5,1.158280e+01
4150,3.16228,0.5,2.451460e+01
4175,3.16228,0.5,2.000000e+02
4200,3.16228,0.5,2.000000e+02
4225,3.16228,0.5,2.000000e+02
4250,3.16228,0.5,2.000000e+02
4275,3.16228,0.5,2.000000e+02
4300,3.16228,0.5,2.000000e+02
4325,3.16228,0.5,2.000000e+02
4350,3.16228,0.5,2.000000e+02
4375,3.16228,0.5,2.000000e+02
4400,3.16228,0.5,2.000000e+02
4425,3.16228,0.5,2.000000e+02
4450,3.16228,0.5,2.000000e+02
4475,3.16228,0.5,2.000000e+02
4500,3.16228,0.5,2.000000e+02
4525,3.16228,0.5,2.000000e+02
4550,3.16228,0.5,2.000000e+02
4575,3.16228,0.5,2.000000e+02
4600,3.16228,0.5,2.000000e+02
4625,3.16228,0.5,2.000000e+02
4650,3.16228,0.5,2.000000e+02
4675,3.16228,0.5,2.000000e+02
4700,3.16228,0.5,2.000000e+02
4725,3.16228,0.5,2.000000e+02
4750,3.16228,0.5,2.000000e+02
4775,3.16228,0.5,2.000000e+02
4800,3.16228,0.5,2.000000e+02
4825,3.16228,0.5,2.000000e+02
4850,3.16228,0.5,2.000000e+02
4875,3.16228,0.5,2.000000e+02
4900,3.16228,0.5,2.000000e+02
4925,3.16228,0.5,2.000000e+02
4950,3.16228,0.5,2.000000e+02
4975,3.16228,0.5,2.000000e+02
5000,3.16228,0.5,2.000000e+02
300,5.62341,0.5,0.000000e+00
325,5.62341,0.5,0.000000e+00
350,5.62341,0.5,0.000000e+00
375,5.62341,0.5,0.000000e+00
400,5.62341,0.5,0.000000e+00
425,5.62341,0.5,0.000000e+00
450,5.62341,0.5,0.000000e+00
475,5.62341,0.5,0.000000e+00
500,5.62341,0.5,0.000000e+00
525,5.62341,0.5,0.000000e+00
550,5.62341,0.5,0.000000e+00
575,5.62341,0.5,0.000000e+00
600,5.62341,0.5,0.000000e+00
625,5.62341,0.5,0.000000e+00
650,5.62341,0.5,0.000000e+00
675,5.62341,0.5,0.000000e+00
700,5.62341,0.5,0.000000e+00
725,5.62341,0.5,0.000000e+00
750,5.62341,0.5,0.000000e+00
775,5.62341,0.5,0.000000e+00
800,5.62341,0.5,0.000000e+00
825,5.62341,0.5,0.000000e+00
850,5.62341,0.5,0.000000e+00
875,5.62341,0.5,0.000000e+00
900,5.62341,0.5,0.000000e+00
925,5.62341,0.5,0.000000e+00
950,5.62341,0.5,0.000000e+00
975,5.62341,0.5,0.000000e+00
1000,5.62341,0.5,0.000000e+00
1025,5.62341,0.5,0.000000e+00
1050,5.62341,0.5,0.000000e+00
1075,5.62341,0.5,0.000000e+00
1100,5.62341,0.5,0.000000e+00
1125,5.62341,0.5,0.000000e+00
1150,5.62341,0.5,0.000000e+00
1175,5.62341,0.5,0.000000e+00
1200,5.62341,0.5,0.000000e+00
1225,5.62341,0.5,0.000000e+00
1250,5.62341,0.5,1.554160e-03
1275,5.62341,0.5,3.529200e-03
1300,5.62341,0.5,4.964420e-03
1325,5.62341,0.5,6.007290e-03
1350,5.62341,0.5,6.767380e-03
1375,5.62341,0.5,7.324930e-03
1400,5.62341,0.5,7.738280e-03
1425,5.62341,0.5,8.049740e-03
1450,5.62341,0.5,8.290080e-03
1475,5.62341,0.5,8.481760e-03
1500,5.62341,0.5,8.641360e-03
1525,5.62341,0.5,8.781200e-03
1550,5.62341,0.5,8.910620e-03
1575,5.62341,0.5,9.036810e-03
1600,5.62341,0.5,9.165420e-03
1625,5.62341,0.5,9.301050e-03
1650,5.62341,0.5,9.447490e-03
1675,5.62341,0.5,9.608040e-03
1700,5.62341,0.5,9.785590e-03
1725,5.62341,0.5,9.982810e-03
1750,5.62341,0.5,1.020220e-02
1775,5.62341,0.5,1.044620e-02
1800,5.62341,0.5,1.071710e-02
1825,5.62341,0.5,1.101720e-02
1850,5.62341,0.5,1.134900e-02
1875,5.62341,0.5,1.171490e-02
1900,5.62341,0.5,1.211710e-02
1925,5.62341,0.5,1.255830e-02
1950,5.62341,0.5,1.304090e-02
1975,5.62341,0.5,1.356760e-02
2000,5.62341,0.5,1.414110e-02
2025,5.62341,0.5,1.476400e-02
2050,5.62341,0.5,1.543910e-02
2075,5.62341,0.5,1.616930e-02
2100,5.62341,0.5,1.695750e-02
2125,5.62341,0.5,1.780660e-02
2150,5.62341,0.5,1.871960e-02
2175,5.62341,0.5,1.969960e-02
2200,5.62341,0.5,2.074960e-02
2225,5.62341,0.5,2.187260e-02
2250,5.62341,0.5,2.307190e-02
2275,5.62341,0.5,2.435030e-02
2300,5.62341,0.5,2.571110e-02
2325,5.62341,0.5,2.715730e-02
2350,5.62341,0.5,2.869190e-02
2375,5.62341,0.5,3.031790e-02
2400,5.62341,0.5,3.203810e-02
2425,5.62341,0.5,3.385550e-02
2450,5.62341,0.5,3.577290e-02
2475,5.62341,0.5,3.779270e-02
2500,5.62341,0.5,3.991780e-02
2525,5.62341,0.5,4.215040e-02
2550,5.62341,0.5,4.449280e-02
2575,5.62341,0.5,4.694730e-02
2600,5.62341,0.5,4.951580e-02
2625,5.62341,0.5,5.220020e-02
2650,5.62341,0.5,5.500210e-02
2675,5.62341,0.5,5.792300e-02
2700,5.62341,0.5,6.096440e-02
2725,5.62341,0.5,6.412720e-02
2750,5.62341,0.5,6.741250e-02
2775,5.62341,0.5,7.082120e-02
2800,5.62341,0.5,7.435380e-02
2825,5.62341,0.5,7.801100e-02
2850,5.62341,0.5,8.179320e-02
2875,5.62341,0.5,8.570090e-02
2900,5.62341,0.5,8.973440e-02
2925,5.62341,0.5,9.389420e-02
2950,5.62341,0.5,9.818080e-02
2975,5.62341,0.5,1.025950e-01
3000,5.62341,0.5,1.071380e-01
3025,5.62341,0.5,1.118110e-01
3050,5.62341,0.5,1.166160e-01
3075,5.62341,0.5,1.215560e-01
3100,5.62341,0.5,1.266350e-01
3125,5.62341,0.5,1.318570e-01
3150,5.62341,0.5,1.372290e-01
3175,5.62341,0.5,1.427590e-01
3200,5.62341,0.5,1.484570e-01
3225,5.62341,0.5,1.543350e-01
3250,5.62341,0.5,1.604100e-01
3275,5.62341,0.5,1.667010e-01
3300,5.62341,0.5,1.732320e-01
3325,5.62341,0.5,1.800310e-01
3350,5.62341,0.5,1.871340e-01
3375,5.62341,0.5,1.945830e-01
3400,5.62341,0.5,2.024280e-01
3425,5.62341,0.5,2.107300e-01
3450,5.62341,0.5,2.195610e-01
3475,5.62341,0.5,2.290070e-01
3500,5.62341,0.5,2.391700e-01
3525,5.62341,0.5,2.501720e-01
3550,5.62341,0.5,2.621560e-01
3575,5.62341,0.5,2.752940e-01
3600,5.62341,0.5,2.897870e-01
3625,5.62341,0.5,3.058770e-01
3650,5.62341,0.5,3.238490e-01
3675,5.62341,0.5,3.440460e-01
3700,5.62341,0.5,3.668750e-01
3725,5.62341,0.5,3.928260e-01
3750,5.62341,0.5,4.224890e-01
3775,5.62341,0.5,4.565820e-01
3800,5.62341,0.5,4.959770e-01
3825,5.62341,0.5,5.417500e-01
3850,5.62341,0.5,5.952350e-01
3875,5.62341,0.5,6.581040e-01
3900,5.62341,0.5,7.324820e-01
3925,5.62341,0.5,8.211030e-01
3950,5.62341,0.5,9.275420e-01
3975,5.62341,0.5,1.056570e+00
4000,5.62341,0.5,1.214670e+00
4025,5.62341,0.5,1.410910e+00
4050,5.62341,0.5,1.658360e+00
4075,5.62341,0.5,1.976490e+00
4100,5.62341,0.5,2.395730e+00
4125,5.62341,0.5,2.966190e+00
4150,5.62341,0.5,3.776670e+00
4175,5.62341,0.5,5.000170e+00
4200,5.62341,0.5,7.023180e+00
4225,5.62341,0.5,1.091390e+01
4250,5.62341,0.5,2.104320e+01
4275,5.62341,0.5,9.596070e+01
4300,5.62341,0.5,2.000000e+02
4325,5.62341,0.5,2.000000e+02
4350,5.62341,0.5,2.000000e+02
4375,5.62341,0.5,2.000000e+02
4400,5.62341,0.5,2.000000e+02
4425,5.62341,0.5,2.000000e+02
4450,5.62341,0.5,2.000000e+02
4475,5.62341,0.5,2.000000e+02
4500,5.62341,0.5,2.000000e+02
4525,5.62341,0.5,2.000000e+02
4550,5.62341,0.5,2.000000e+02
4575,5.62341,0.5,2.000000e+02
4600,5.62341,0.5,2.000000e+02
4625,5.62341,0.5,2.000000e+02
4650,5.62341,0.5,2.000000e+02
4675,5.62341,0.5,2.000000e+02
4700,5.62341,0.5,2.000000e+02
4725,5.62341,0.5,2.000000e+02
4750,5.62341,0.5,2.000000e+02
4775,5.62341,0.5,2.000000e+02
4800,5.62341,0.5,2.000000e+02
4825,5.62341,0.5,2.000000e+02
4850,5.62341,0.5,2.000000e+02
4875,5.62341,0.5,2.000000e+02
4900,5.62341,0.5,2.000000e+02
4925,5.62341,0.5,2.000000e+02
4950,5.62341,0.5,2.000000e+02
4975,5.62341,0.5,2.000000e+02
5000,5.62341,0.5,2.000000e+02
300,10,0.5,0.000000e+00
325,10,0.5,0.000000e+00
350,10,0.5,0.000000e+00
375,10,0.5,0.000000e+00
400,10,0.5,0.000000e+00
425,10,0.5,0.000000e+00
450,10,0.5,0.000000e+00
475,10,0.5,0.000000e+00
500,10,0.5,0.000000e+00
525,10,0.5,0.000000e+00
550,10,0.5,0.000000e+00
575,10,0.5,0.000000e+00
600,10,0.5,0.000000e+00
625,10,0.5,0.000000e+00
650,10,0.5,0.000000e+00
675,10,0.5,0.000000e+00
700,10,0.5,0.000000e+00
725,10,0.5,0.000000e+00
750,10,0.5,0.000000e+00
775,10,0.5,0.000000e+00
800,10,0.5,0.000000e+00
825,10,0.5,0.000000e+00
850,10,0.5,0.000000e+00
875,10,0.5,0.000000e+00
900,10,0.5,0.000000e+00
925,10,0.5,0.000000e+00
950,10,0.5,0.000000e+00
975,10,0.5,0.000000e+00
1000,10,0.5,0.000000e+00
1025,10,0.5,0.000000e+00
1050,10,0.5,0.000000e+00
1075,10,0.5,0.000000e+00
1100,10,0.5,0.000000e+00
1125,10,0.5,0.000000e+00
1150,10,0.5,0.000000e+00
1175,10,0.5,0.000000e+00
1200,10,0.5,0.000000e+00
1225,10,0.5,0.000000e+00
1250,10,0.5,0.000000e+00
1275,10,0.5,2.844370e-04
1300,10,0.5,2.623740e-03
1325,10,0.5,4.354280e-03
1350,10,0.5,5.630020e-03
1375,10,0.5,6.570150e-03
1400,10,0.5,7.264900e-03
1425,10,0.5,7.781750e-03
1450,10,0.5,8.170740e-03
1475,10,0.5,8.468980e-03
1500,10,0.5,8.703970e-03
1525,10,0.5,8.896220e-03
1550,10,0.5,9.061120e-03
1575,10,0.5,9.210370e-03
1600,10,0.5,9.352950e-03
1625,10,0.5,9.495920e-03
1650,10,0.5,9.644940e-03
1675,10,0.5,9.804640e-03
1700,10,0.5,9.978950e-03
1725,10,0.5,1.017130e-02
1750,10,0.5,1.038460e-02
1775,10,0.5,1.062190e-02
1800,10,0.5,1.088570e-02
1825,10,0.5,1.117850e-02
1850,10,0.5,1.150300e-02
1875,10,0.5,1.186160e-02
1900,10,0.5,1.225680e-02
1925,10,0.5,1.269120e-02
1950,10,0.5,1.316720e-02
1975,10,0.5,1.368770e-02
2000,10,0.5,1.425510e-02
2025,10,0.5,1.487230e-02
2050,10,0.5,1.554210e-02
2075,10,0.5,1.626720e-02
2100,10,0.5,1.705070e-02
2125,10,0.5,1.789540e-02
2150,10,0.5,1.880430e-02
2175,10,0.5,1.978060e-02
2200,10,0.5,2.082720e-02
2225,10,0.5,2.194720e-02
2250,10,0.5,2.314370e-02
2275,10,0.5,2.441990e-02
2300,10,0.5,2.577880e-02
2325,10,0.5,2.722360e-02
2350,10,0.5,2.875720e-02
2375,10,0.5,3.038280e-02
2400,10,0.5,3.210330e-02
2425,10,0.5,3.392160e-02
2450,10,0.5,3.584050e-02
2475,10,0.5,3.786290e-02
2500,10,0.5,3.999120e-02
2525,10,0.5,4.222820e-02
2550,10,0.5,4.457610e-02
2575,10,0.5,4.703730e-02
2600,10,0.5,4.961390e-02
2625,10,0.5,5.230790e-02
2650,10,0.5,5.512100e-02
2675,10,0.5,5.805500e-02
2700,10,0.5,6.111120e-02
2725,10,0.5,6.429100e-02
2750,10,0.5,6.759540e-02
2775,10,0.5,7.102540e-02
2800,10,0.5,7.458170e-02
2825,10,0.5,7.826500e-02
2850,10,0.5,8.207560e-02
2875,10,0.5,8.601390e-02
2900,10,0.5,9.008020e-02
2925,10,0.5,9.427450e-02
2950,10,0.5,9.859710e-02
2975,10,0.5,1.030480e-01
3000,10,0.5,1.076270e-01
3025,10,0.5,1.123360e-01
3050,10,0.5,1.171740e-01
3075,10,0.5,1.221430e-01
3100,10,0.5,1.272430e-01
3125,10,0.5,1.324780e-01
3150,10,0.5,1.378490e-01
3175,10,0.5,1.433610e-01
3200,10,0.5,1.490180e-01
3225,10,0.5,1.548260e-01
3250,10,0.5,1.607940e-01
3275,10,0.5,1.669310e-01
3300,10,0.5,1.732490e-01
3325,10,0.5,1.797640e-01
3350,10,0.5,1.864940e-01
3375,10,0.5,1.934620e-01
3400,10,0.5,2.006940e-01
3425,10,0.5,2.082220e-01
3450,10,0.5,2.160870e-01
3475,10,0.5,2.243330e-01
3500,10,0.5,2.330150e-01
3525,10,0.5,2.422000e-01
3550,10,0.5,2.519620e-01
3575,10,0.5,2.623940e-01
3600,10,0.5,2.736010e-01
3625,10,0.5,2.857100e-01
3650,10,0.5,2.988680e-01
3675,10,0.5,3.132500e-01
3700,10,0.5,3.290620e-01
3725,10,0.5,3.465470e-01
3750,10,0.5,3.659930e-01
3775,10,0.5,3.877390e-01
3800,10,0.5,4.121920e-01
3825,10,0.5,4.398350e-01
3850,10,0.5,4.712500e-01
3875,10,0.5,5.071370e-01
3900,10,0.5,5.483490e-01
3925,10,0.5,5.959280e-01
3950,10,0.5,6.511600e-01
3975,10,0.5,7.156530e-01
4000,10,0.5,7.914320e-01
4025,10,0.5,8.810900e-01
4050,10,0.5,9.879920e-01
4075,10,0.5,1.116590e+00
4100,10,0.5,1.272890e+00
4125,10,0.5,1.465180e+00
4150,10,0.5,1.705260e+00
4175,10,0.5,2.010440e+00
4200,10,0.5,2.407220e+00
4225,10,0.5,2.938220e+00
4250,10,0.5,3.676510e+00
4275,10,0.5,4.758350e+00
4300,10,0.5,6.469170e+00
4325,10,0.5,9.520330e+00
4350,10,0.5,1.628920e+01
4375,10,0.5,4.207030e+01
4400,10,0.5,2.000000e+02
4425,10,0.5,2.000000e+02
4450,10,0.5,2.000000e+02
4475,10,0.5,2.000000e+02
4500,10,0.5,2.000000e+02
4525,10,0.5,2.000000e+02
4550,10,0.5,2.000000e+02
4575,10,0.5,2.000000e+02
4600,10,0.5,2.000000e+02
4625,10,0.5,2.000000e+02
4650,10,0.5,2.000000e+02
4675,10,0.5,2.000000e+02
4700,10,0.5,2.000000e+02
4725,10,0.5,2.000000e+02
4750,10,0.5,2.000000e+02
4775,10,0.5,2.000000e+02
4800,10,0.5,2.000000e+02
4825,10,0.5,2.000000e+02
4850,10,0.5,2.000000e+02
4875,10,0.5,2.000000e+02
4900,10,0.5,2.000000e+02
4925,10,0.5,2.000000e+02
4950,10,0.5,2.000000e+02
4975,10,0.5,2.000000e+02
5000,10,0.5,2.000000e+02
300,17.7828,0.5,0.000000e+00
325,17.7828,0.5,0.000000e+00
350,17.7828,0.5,0.000000e+00
375,17.7828,0.5,0.000000e+00
400,17.7828,0.5,0.000000e+00
425,17.7828,0.5,0.000000e+00
450,17.7828,0.5,0.000000e+00
475,17.7828,0.5,0.000000e+00
500,17.7828,0.5,0.000000e+00
525,17.7828,0.5,0.000000e+00
550,17.7828,0.5,0.000000e+00
575,17.7828,0.5,0.000000e+00
600,17.7828,0.5,0.000000e+00
625,17.7828,0.5,0.000000e+00
650,17.7828,0.5,0.000000e+00
675,17.7828,0.5,0.000000e+00
700,17.7828,0.5,0.000000e+00
725,17.7828,0.5,0.000000e+00
750,17.7828,0.5,0.000000e+00
775,17.7828,0.5,0.000000e+00
800,17.7828,0.5,0.000000e+00
825,17.7828,0.5,0.000000e+00
850,17.7828,0.5,0.000000e+00
875,17.7828,0.5,0.000000e+00
900,17.7828,0.5,0.000000e+00
925,17.7828,0.5,0.000000e+00
950,17.7828,0.5,0.000000e+00
975,17.7828,0.5,0.000000e+00
1000,17.7828,0.5,0.000000e+00
1025,17.7828,0.5,0.000000e+00
1050,17.7828,0.5,0.000000e+00
1075,17.7828,0.5,0.000000e+00
1100,17.7828,0.5,0.000000e+00
1125,17.7828,0.5,0.000000e+00
1150,17.7828,0.5,0.000000e+00
1175,17.7828,0.5,0.000000e+00
1200,17.7828,0.5,0.000000e+00
1225,17.7828,0.5,0.000000e+00
1250,17.7828,0.5,0.000000e+00
1275,17.7828,0.5,0.000000e+00
1300,17.7828,0.5,0.000000e+00
1325,17.7828,0.5,1.584410e-03
1350,17.7828,0.5,3.671040e-03
1375,17.7828,0.5,5.234380e-03
1400,17.7828,0.5,6.400940e-03
1425,17.7828,0.5,7.270480e-03
1450,17.7828,0.5,7.920090e-03
1475,17.7828,0.5,8.408610e-03
1500,17.7828,0.5,8.780650e-03
1525,17.7828,0.5,9.069890e-03
1550,17.7828,0.5,9.301810e-03
1575,17.7828,0.5,9.495770e-03
1600,17.7828,0.5,9.666540e-03
1625,17.7828,0.5,9.825530e-03
1650,17.7828,0.5,9.981660e-03
1675,17.7828,0.5,1.014200e-02
1700,17.7828,0.5,1.031240e-02
1725,17.7828,0.5,1.049750e-02
1750,17.7828,0.5,1.070150e-02
1775,17.7828,0.5,1.092790e-02
1800,17.7828,0.5,1.117990e-02
1825,17.7828,0.5,1.146060e-02
1850,17.7828,0.5,1.177270e-02
1875,17.7828,0.5,1.211900e-02
1900,17.7828,0.5,1.250210e-02
1925,17.7828,0.5,1.292460e-02
1950,17.7828,0.5,1.338930e-02
1975,17.7828,0.5,1.389870e-02
2000,17.7828,0.5,1.445570e-02
2025,17.7828,0.5,1.506290e-02
2050,17.7828,0.5,1.572310e-02
2075,17.7828,0.5,1.643930e-02
2100,17.7828,0.5,1.721420e-02
2125,17.7828,0.5,1.805080e-02
2150,17.7828,0.5,1.895220e-02
2175,17.7828,0.5,1.992130e-02
2200,17.7828,0.5,2.096120e-02
2225,17.7828,0.5,2.207510e-02
2250,17.7828,0.5,2.326590e-02
2275,17.7828,0.5,2.453680e-02
2300,17.7828,0.5,2.589100e-02
2325,17.7828,0.5,2.733150e-02
2350,17.7828,0.5,2.886140e-02
2375,17.7828,0.5,3.048380e-02
2400,17.7828,0.5,3.220170e-02
2425,17.7828,0.5,3.401800e-02
2450,17.7828,0.5,3.593560e-02
2475,17.7828,0.5,3.795730e-02
2500,17.7828,0.5,4.008590e-02
2525,17.7828,0.5,4.232390e-02
2550,17.7828,0.5,4.467380e-02
2575,17.7828,0.5,4.713800e-02
2600,17.7828,0.5,4.971880e-02
2625,17.7828,0.5,5.241810e-02
2650,17.7828,0.5,5.523790e-02
2675,17.7828,0.5,5.818000e-02
2700,17.7828,0.5,6.124590e-02
2725,17.7828,0.5,6.443700e-02
2750,17.7828,0.5,6.775450e-02
2775,17.7828,0.5,7.119940e-02
2800,17.7828,0.5,7.477260e-02
2825,17.7828,0.5,7.847470e-02
2850,17.7828,0.5,8.230630e-02
2875,17.7828,0.5,8.626750e-02
2900,17.7828,0.5,9.035870e-02
2925,17.7828,0.5,9.457970e-02
2950,17.7828,0.5,9.893070e-02
2975,17.7828,0.5,1.034110e-01
3000,17.7828,0.5,1.080220e-01
3025,17.7828,0.5,1.127610e-01
3050,17.7828,0.5,1.176300e-01
3075,17.7828,0.5,1.226280e-01
3100,17.7828,0.5,1.277550e-01
3125,17.7828,0.5,1.330120e-01
3150,17.7828,0.5,1.383990e-01
3175,17.7828,0.5,1.439180e-01
3200,17.7828,0.5,1.495710e-01
3225,17.7828,0.5,1.553600e-01
3250,17.7828,0.5,1.612880e-01
3275,17.7828,0.5,1.673600e-01
3300,17.7828,0.5,1.735820e-01
3325,17.7828,0.5,1.799610e-01
3350,17.7828,0.5,1.865070e-01
3375,17.7828,0.5,1.932310e-01
3400,17.7828,0.5,2.001470e-01
3425,17.7828,0.5,2.072710e-01
3450,17.7828,0.5,2.146250e-01
3475,17.7828,0.5,2.222320e-01
3500,17.7828,0.5,2.301230e-01
3525,17.7828,0.5,2.383310e-01
3550,17.7828,0.5,2.468980e-01
3575,17.7828,0.5,2.558720e-01
3600,17.7828,0.5,2.653110e-01
3625,17.7828,0.5,2.752810e-01
3650,17.7828,0.5,2.858600e-01
3675,17.7828,0.5,2.971420e-01
3700,17.7828,0.5,3.092330e-01
3725,17.7828,0.5,3.222600e-01
3750,17.7828,0.5,3.363710e-01
3775,17.7828,0.5,3.517360e-01
3800,17.7828,0.5,3.685600e-01
3825,17.7828,0.5,3.870790e-01
3850,17.7828,0.5,4.075720e-01
3875,17.7828,0.5,4.303700e-01
3900,17.7828,0.5,4.558610e-01
3925,17.7828,0.5,4.845090e-01
3950,17.7828,0.5,5.168660e-01
3975,17.7828,0.5,5.535950e-01
4000,17.7828,0.5,5.954960e-01
4025,17.7828,0.5,6.435430e-01
4050,17.7828,0.5,6.989300e-01
4075,17.7828,0.5,7.631360e-01
4100,17.7828,0.5,8.380130e-01
4125,17.7828,0.5,9.259080e-01
4150,17.7828,0.5,1.029840e+00
4175,17.7828,0.5,1.153750e+00
4200,17.7828,0.5,1.302890e+00
4225,17.7828,0.5,1.484410e+00
4250,17.7828,0.5,1.708280e+00
4275,17.7828,0.5,1.988840e+00
4300,17.7828,0.5,2.347450e+00
4325,17.7828,0.5,2.817380e+00
4350,17.7828,0.5,3.453290e+00
4375,17.7828,0.5,4.351640e+00
4400,17.7828,0.5,5.699240e+00
4425,17.7828,0.5,7.909780e+00
4450,17.7828,0.5,1.210910e+01
4475,17.7828,0.5,2.275380e+01
4500,17.7828,0.5,9.076930e+01
4525,17.7828,0.5,2.000000e+02
4550,17.7828,0.5,2.000000e+02
4575,17.7828,0.5,2.000000e+02
4600,17.7828,0.5,2.000000e+02
4625,17.7828,0.5,2.000000e+02
4650,17.7828,0.5,2.000000e+02
4675,17.7828,0.5,2.000000e+02
4700,17.7828,0.5,2.000000e+02
4725,17.7828,0.5,2.000000e+02
4750,17.7828,0.5,2.000000e+02
4775,17.7828,0.5,2.000000e+02
4800,17.7828,0.5,2.000000e+02
4825,17.7828,0.5,2.000000e+02
4850,17.7828,0.5,2.000000e+02
4875,17.7828,0.5,2.000000e+02
4900,17.7828,0.5,2.000000e+02
4925,17.7828,0.5,2.000000e+02
4950,17.7828,0.5,2.000000e+02
4975,17.7828,0.5,2.000000e+02
5000,17.7828,0.5,2.000000e+02
300,31.6228,0.5,0.000000e+00
325,31.6228,0.5,0.000000e+00
350,31.6228,0.5,0.000000e+00
375,31.6228,0.5,0.000000e+00
400,31.6228,0.5,0.000000e+00
425,31.6228,0.5,0.000000e+00
450,31.6228,0.5,0.000000e+00
475,31.6228,0.5,0.000000e+00
500,31.6228,0.5,0.000000e+00
525,31.6228,0.5,0.000000e+00
550,31.6228,0.5,0.000000e+00
575,31.6228,0.5,0.000000e+00
600,31.6228,0.5,0.000000e+00
625,31.6228,0.5,0.000000e+00
650,31.6228,0.5,0.000000e+00
675,31.6228,0.5,0.000000e+00
700,31.6228,0.5,0.000000e+00
725,31.6228,0.5,0.000000e+00
750,31.6228,0.5,0.000000e+00
775,31.6228,0.5,0.000000e+00
800,31.6228,0.5,0.000000e+00
825,31.6228,0.5,0.000000e+00
850,31.6228,0.5,0.000000e+00
875,31.6228,0.5,0.000000e+00
900,31.6228,0.5,0.000000e+00
925,31.6228,0.5,0.000000e+00
950,31.6228,0.5,0.000000e+00
975,31.6228,0.5,0.000000e+00
1000,31.6228,0.5,0.000000e+00
1025,31.6228,0.5,0.000000e+00
1050,31.6228,0.5,0.000000e+00
1075,31.6228,0.5,0.000000e+00
1100,31.6228,0.5,0.000000e+00
1125,31.6228,0.5,0.000000e+00
1150,31.6228,0.5,0.000000e+00
1175,31.6228,0.5,0.000000e+00
1200,31.6228,0.5,0.000000e+00
1225,31.6228,0.5,0.000000e+00
1250,31.6228,0.5,0.000000e+00
1275,31.6228,0.5,0.000000e+00
1300,31.6228,0.5,0.000000e+00
1325,31.6228,0.5,0.000000e+00
1350,31.6228,0.5,3.933850e-04
1375,31.6228,0.5,2.907050e-03
1400,31.6228,0.5,4.826460e-03
1425,31.6228,0.5,6.280720e-03
1450,31.6228,0.5,7.376910e-03
1475,31.6228,0.5,8.201280e-03
1500,31.6228,0.5,8.821990e-03
1525,31.6228,0.5,9.292190e-03
1550,31.6228,0.5,9.653010e-03
1575,31.6228,0.5,9.936180e-03
1600,31.6228,0.5,1.016610e-02
1625,31.6228,0.5,1.036170e-02
1650,31.6228,0.5,1.053760e-02
1675,31.6228,0.5,1.070540e-02
1700,31.6228,0.5,1.087400e-02
1725,31.6228,0.5,1.105090e-02
1750,31.6228,0.5,1.124200e-02
1775,31.6228,0.5,1.145230e-02
1800,31.6228,0.5,1.168630e-02
1825,31.6228,0.5,1.194760e-02
1850,31.6228,0.5,1.223960e-02
1875,31.6228,0.5,1.256570e-02
1900,31.6228,0.5,1.292860e-02
1925,31.6228,0.5,1.333140e-02
1950,31.6228,0.5,1.377680e-02
1975,31.6228,0.5,1.426760e-02
2000,31.6228,0.5,1.480660e-02
2025,31.6228,0.5,1.539660e-02
2050,31.6228,0.5,1.604030e-02
2075,31.6228,0.5,1.674070e-02
2100,31.6228,0.5,1.750070e-02
2125,31.6228,0.5,1.832310e-02
2150,31.6228,0.5,1.921100e-02
2175,31.6228,0.5,2.016740e-02
2200,31.6228,0.5,2.119520e-02
2225,31.6228,0.5,2.229770e-02
2250,31.6228,0.5,2.347780e-02
2275,31.6228,0.5,2.473860e-02
2300,31.6228,0.5,2.608340e-02
2325,31.6228,0.5,2.751510e-02
2350,31.6228,0.5,2.903690e-02
2375,31.6228,0.5,3.065170e-02
2400,31.6228,0.5,3.236280e-02
2425,31.6228,0.5,3.417290e-02
2450,31.6228,0.5,3.608510e-02
2475,31.6228,0.5,3.810210e-02
2500,31.6228,0.5,4.022670e-02
2525,31.6228,0.5,4.246160e-02
2550,31.6228,0.5,4.480930e-02
2575,31.6228,0.5,4.727220e-02
2600,31.6228,0.5,4.985260e-02
2625,31.6228,0.5,5.255270e-02
2650,31.6228,0.5,5.537440e-02
2675,31.6228,0.5,5.831950e-02
2700,31.6228,0.5,6.138980e-02
2725,31.6228,0.5,6.458660e-02
2750,31.6228,0.5,6.791140e-02
2775,31.6228,0.5,7.136510e-02
2800,31.6228,0.5,7.494870e-02
2825,31.6228,0.5,7.866290e-02
2850,31.6228,0.5,8.250830e-02
2875,31.6228,0.5,8.648520e-02
2900,31.6228,0.5,9.059370e-02
2925,31.6228,0.5,9.483390e-02
2950,31.6228,0.5,9.920560e-02
2975,31.6228,0.5,1.037090e-01
3000,31.6228,0.5,1.083420e-01
3025,31.6228,0.5,1.131060e-01
3050,31.6228,0.5,1.180000e-01
3075,31.6228,0.5,1.230230e-01
3100,31.6228,0.5,1.281750e-01
3125,31.6228,0.5,1.334550e-01
3150,31.6228,0.5,1.388620e-01
3175,31.6228,0.5,1.443980e-01
3200,31.6228,0.5,1.500610e-01
3225,31.6228,0.5,1.558520e-01
3250,31.6228,0.5,1.617730e-01
3275,31.6228,0.5,1.678240e-01
3300,31.6228,0.5,1.740070e-01
3325,31.6228,0.5,1.803270e-01
3350,31.6228,0.5,1.867860e-01
3375,31.6228,0.5,1.933910e-01
3400,31.6228,0.5,2.001470e-01
3425,31.6228,0.5,2.070630e-01
3450,31.6228,0.5,2.141490e-01
3475,31.6228,0.5,2.214170e-01
3500,31.6228,0.5,2.288840e-01
3525,31.6228,0.5,2.365660e-01
3550,31.6228,0.5,2.444850e-01
3575,31.6228,0.5,2.526680e-01
3600,31.6228,0.5,2.611440e-01
3625,31.6228,0.5,2.699490e-01
3650,31.6228,0.5,2.791250e-01
3675,31.6228,0.5,2.887210e-01
3700,31.6228,0.5,2.987940e-01
3725,31.6228,0.5,3.094110e-01
3750,31.6228,0.5,3.206500e-01
3775,31.6228,0.5,3.326020e-01
3800,31.6228,0.5,3.453710e-01
3825,31.6228,0.5,3.590790e-01
3850,31.6228,0.5,3.738700e-01
3875,31.6228,0.5,3.899080e-01
3900,31.6228,0.5,4.073860e-01
3925,31.6228,0.5,4.265300e-01
3950,31.6228,0.5,4.476030e-01
3975,31.6228,0.5,4.709130e-01
4000,31.6228,0.5,4.968230e-01
4025,31.6228,0.5,5.257620e-01
4050,31.6228,0.5,5.582390e-01
4075,31.6228,0.5,5.948590e-01
4100,31.6228,0.5,6.363490e-01
4125,31.6228,0.5,6.835850e-01
4150,31.6228,0.5,7.376360e-01
4175,31.6228,0.5,7.998100e-01
4200,31.6228,0.5,8.717310e-01
4225,31.6228,0.5,9.554340e-01
4250,31.6228,0.5,1.053500e+00
4275,31.6228,0.5,1.169270e+00
4300,31.6228,0.5,1.307100e+00
4325,31.6228,0.5,1.472820e+00
4350,31.6228,0.5,1.674380e+00
4375,31.6228,0.5,1.922950e+00
4400,31.6228,0.5,2.234630e+00
4425,31.6228,0.5,2.633580e+00
4450,31.6228,0.5,3.157700e+00
4475,31.6228,0.5,3.869840e+00
4500,31.6228,0.5,4.882270e+00
4525,31.6228,0.5,6.416130e+00
4550,31.6228,0.5,8.973290e+00
4575,31.6228,0.5,1.397590e+01
4600,31.6228,0.5,2.754230e+01
4625,31.6228,0.5,1.554480e+02
4650,31.6228,0.5,2.000000e+02
4675,31.6228,0.5,2.000000e+02
4700,31.6228,0.5,2.000000e+02
4725,31.6228,0.5,2.000000e+02
4750,31.6228,0.5,2.000000e+02
4775,31.6228,0.5,2.000000e+02
4800,31.6228,0.5,2.000000e+02
4825,31.6228,0.5,2.000000e+02
4850,31.6228,0.5,2.000000e+02
4875,31.6228,0.5,2.000000e+02
4900,31.6228,0.5,2.000000e+02
4925,31.6228,0.5,2.000000e+02
4950,31.6228,0.5,2.000000e+02
4975,31.6228,0.5,2.000000e+02
5000,31.6228,0.5,2.000000e+02
300,56.2341,0.5,0.000000e+00
325,56.2341,0.5,0.000000e+00
350,56.2341,0.5,0.000000e+00
375,56.2341,0.5,0.000000e+00
400,56.2341,0.5,0.000000e+00
425,56.2341,0.5,0.000000e+00
450,56.2341,0.5,0.000000e+00
475,56.2341,0.5,0.000000e+00
500,56.2341,0.5,0.000000e+00
525,56.2341,0.5,0.000000e+00
550,56.2341,0.5,0.000000e+00
575,56.2341,0.5,0.000000e+00
600,56.2341,0.5,0.000000e+00
625,56.2341,0.5,0.000000e+00
650,56.2341,0.5,0.000000e+00
675,56.2341,0.5,0.000000e+00
700,56.2341,0.5,0.000000e+00
725,56.2341,0.5,0.000000e+00
750,56.2341,0.5,0.000000e+00
775,56.2341,0.5,0.000000e+00
800,56.2341,0.5,0.000000e+00
825,56.2341,0.5,0.000000e+00
850,56.2341,0.5,0.000000e+00
875,56.2341,0.5,0.000000e+00
900,56.2341,0.5,0.000000e+00
925,56.2341,0.5,0.000000e+00
950,56.2341,0.5,0.000000e+00
975,56.2341,0.5,0.000000e+00
1000,56.2341,0.5,0.000000e+00
1025,56.2341,0.5,0.000000e+00
1050,56.2341,0.5,0.000000e+00
1075,56.2341,0.5,0.000000e+00
1100,56.2341,0.5,0.000000e+00
1125,56.2341,0.5,0.000000e+00
1150,56.2341,0.5,0.000000e+00
1175,56.2341,0.5,0.000000e+00
1200,56.2341,0.5,0.000000e+00
1225,56.2341,0.5,0.000000e+00
1250,56.2341,0.5,0.000000e+00
1275,56.2341,0.5,0.000000e+00
1300,56.2341,0.5,0.000000e+00
1325,56.2341,0.5,0.000000e+00
1350,56.2341,0.5,0.000000e+00
1375,56.2341,0.5,0.000000e+00
1400,56.2341,0.5,2.017230e-03
1425,56.2341,0.5,4.377840e-03
1450,56.2341,0.5,6.201680e-03
1475,56.2341,0.5,7.598210e-03
1500,56.2341,0.5,8.660410e-03
1525,56.2341,0.5,9.465020e-03
1550,56.2341,0.5,1.007420e-02
1575,56.2341,0.5,1.053750e-02
1600,56.2341,0.5,1.089420e-02
1625,56.2341,0.5,1.117510e-02
1650,56.2341,0.5,1.140470e-02
1675,56.2341,0.5,1.160190e-02
1700,56.2341,0.5,1.178190e-02
1725,56.2341,0.5,1.195650e-02
1750,56.2341,0.5,1.213550e-02
1775,56.2341,0.5,1.232650e-02
1800,56.2341,0.5,1.253620e-02
1825,56.2341,0.5,1.276980e-02
1850,56.2341,0.5,1.303210e-02
1875,56.2341,0.5,1.332700e-02
1900,56.2341,0.5,1.365850e-02
1925,56.2341,0.5,1.402970e-02
1950,56.2341,0.5,1.444390e-02
1975,56.2341,0.5,1.490420e-02
2000,56.2341,0.5,1.541350e-02
2025,56.2341,0.5,1.597480e-02
2050,56.2341,0.5,1.659090e-02
2075,56.2341,0.5,1.726480e-02
2100,56.2341,0.5,1.799940e-02
2125,56.2341,0.5,1.879750e-02
2150,56.2341,0.5,1.966220e-02
2175,56.2341,0.5,2.059640e-02
2200,56.2341,0.5,2.160320e-02
2225,56.2341,0.5,2.268560e-02
2250,56.2341,0.5,2.384670e-02
2275,56.2341,0.5,2.508950e-02
2300,56.2341,0.5,2.641710e-02
2325,56.2341,0.5,2.783260e-02
2350,56.2341,0.5,2.933910e-02
2375,56.2341,0.5,3.093960e-02
2400,56.2341,0.5,3.263710e-02
2425,56.2341,0.5,3.443450e-02
2450,56.2341,0.5,3.633490e-02
2475,56.2341,0.5,3.834090e-02
2500,56.2341,0.5,4.045550e-02
2525,56.2341,0.5,4.268120e-02
2550,56.2341,0.5,4.502060e-02
2575,56.2341,0.5,4.747620e-02
2600,56.2341,0.5,5.005030e-02
2625,56.2341,0.5,5.274510e-02
2650,56.2341,0.5,5.556260e-02
2675,56.2341,0.5,5.850470e-02
2700,56.2341,0.5,6.157310e-02
2725,56.2341,0.5,6.476940e-02
2750,56.2341,0.5,6.809480e-02
2775,56.2341,0.5,7.155070e-02
2800,56.2341,0.5,7.513780e-02
2825,56.2341,0.5,7.885700e-02
2850,56.2341,0.5,8.270900e-02
2875,56.2341,0.5,8.669400e-02
2900,56.2341,0.5,9.081220e-02
2925,56.2341,0.5,9.506370e-02
2950,56.2341,0.5,9.944830e-02
2975,56.2341,0.5,1.039660e-01
3000,56.2341,0.5,1.086150e-01
3025,56.2341,0.5,1.133960e-01
3050,56.2341,0.5,1.183080e-01
3075,56.2341,0.5,1.233500e-01
3100,56.2341,0.5,1.285210e-01
3125,56.2341,0.5,1.338200e-01
3150,56.2341,0.5,1.392450e-01
3175,56.2341,0.5,1.447970e-01
3200,56.2341,0.5,1.504740e-01
3225,56.2341,0.5,1.562760e-01
3250,56.2341,0.5,1.622010e-01
3275,56.2341,0.5,1.682500e-01
3300,56.2341,0.5,1.744220e-01
3325,56.2341,0.5,1.807190e-01
3350,56.2341,0.5,1.871410e-01
3375,56.2341,0.5,1.936900e-01
3400,56.2341,0.5,2.003680e-01
3425,56.2341,0.5,2.071780e-01
3450,56.2341,0.5,2.141260e-01
3475,56.2341,0.5,2.212160e-01
3500,56.2341,0.5,2.284560e-01
3525,56.2341,0.5,2.358550e-01
3550,56.2341,0.5,2.434230e-01
3575,56.2341,0.5,2.511730e-01
3600,56.2341,0.5,2.591210e-01
3625,56.2341,0.5,2.672850e-01
3650,56.2341,0.5,2.756880e-01
3675,56.2341,0.5,2.843540e-01
3700,56.2341,0.5,2.933160e-01
3725,56.2341,0.5,3.026070e-01
3750,56.2341,0.5,3.122690e-01
3775,56.2341,0.5,3.223500e-01
3800,56.2341,0.5,3.329060e-01
3825,56.2341,0.5,3.440010e-01
3850,56.2341,0.5,3.557110e-01
3875,56.2341,0.5,3.681200e-01
3900,56.2341,0.5,3.813290e-01
3925,56.2341,0.5,3.954540e-01
3950,56.2341,0.5,4.106280e-01
3975,56.2341,0.5,4.270040e-01
4000,56.2341,0.5,4.447620e-01
4025,56.2341,0.5,4.641090e-01
4050,56.2341,0.5,4.852870e-01
4075,56.2341,0.5,5.085750e-01
4100,56.2341,0.5,5.343020e-01
4125,56.2341,0.5,5.628550e-01
4150,56.2341,0.5,5.946840e-01
4175,56.2341,0.5,6.303290e-01
4200,56.2341,0.5,6.704260e-01
4225,56.2341,0.5,7.157390e-01
4250,56.2341,0.5,7.671890e-01
4275,56.2341,0.5,8.258940e-01
4300,56.2341,0.5,8.932240e-01
4325,56.2341,0.5,9.708760e-01
4350,56.2341,0.5,1.060970e+00
4375,56.2341,0.5,1.166210e+00
4400,56.2341,0.5,1.290050e+00
4425,56.2341,0.5,1.437020e+00
4450,56.2341,0.5,1.613180e+00
4475,56.2341,0.5,1.826750e+00
4500,56.2341,0.5,2.089250e+00
4525,56.2341,0.5,2.417270e+00
4550,56.2341,0.5,2.835600e+00
4575,56.2341,0.5,3.382930e+00
4600,56.2341,0.5,4.123160e+00
4625,56.2341,0.5,5.169520e+00
4650,56.2341,0.5,6.742920e+00
4675,56.2341,0.5,9.337320e+00
4700,56.2341,0.5,1.431820e+01
4725,56.2341,0.5,2.725930e+01
4750,56.2341,0.5,1.207750e+02
4775,56.2341,0.5,2.000000e+02
4800,56.2341,0.5,2.000000e+02
4825,56.2341,0.5,2.000000e+02
4850,56.2341,0.5,2.000000e+02
4875,56.2341,0.5,2.000000e+02
4900,56.2341,0.5,2.000000e+02
4925,56.2341,0.5,2.000000e+02
4950,56.2341,0.5,2.000000e+02
4975,56.2341,0.5,2.000000e+02
5000,56.2341,0.5,2.000000e+02
300,100,0.5,0.000000e+00
325,100,0.5,0.000000e+00
350,100,0.5,0.000000e+00
375,100,0.5,0.000000e+00
400,100,0.5,0.000000e+00
425,100,0.5,0.000000e+00
450,100,0.5,0.000000e+00
475,100,0.5,0.000000e+00
500,100,0.5,0.000000e+00
525,100,0.5,0.000000e+00
550,100,0.5,0.000000e+00
575,100,0.5,0.000000e+00
600,100,0.5,0.000000e+00
625,100,0.5,0.000000e+00
650,100,0.5,0.000000e+00
675,100,0.5,0.000000e+00
700,100,0.5,0.000000e+00
725,100,0.5,0.000000e+00
750,100,0.5,0.000000e+00
775,100,0.5,0.000000e+00
800,100,0.5,0.000000e+00
825,100,0.5,0.000000e+00
850,100,0.5,0.000000e+00
875,100,0.5,0.000000e+00
900,100,0.5,0.000000e+00
925,100,0.5,0.000000e+00
950,100,0.5,0.000000e+00
975,100,0.5,0.000000e+00
1000,100,0.5,0.000000e+00
1025,100,0.5,0.000000e+00
1050,100,0.5,0.000000e+00
1075,100,0.5,0.000000e+00
1100,100,0.5,0.000000e+00
1125,100,0.5,0.000000e+00
1150,100,0.5,0.000000e+00
1175,100,0.5,0.000000e+00
1200,100,0.5,0.000000e+00
1225,100,0.5,0.000000e+00
1250,100,0.5,0.000000e+00
1275,100,0.5,0.000000e+00
1300,100,0.5,0.000000e+00
1325,100,0.5,0.000000e+00
1350,100,0.5,0.000000e+00
1375,100,0.5,0.000000e+00
1400,100,0.5,0.000000e+00
1425,100,0.5,8.821950e-04
1450,100,0.5,3.783110e-03
1475,100,0.5,6.081320e-03
1500,100,0.5,7.880290e-03
1525,100,0.5,9.274090e-03
1550,100,0.5,1.034490e-02
1575,100,0.5,1.116250e-02
1600,100,0.5,1.178490e-02
1625,100,0.5,1.225970e-02
1650,100,0.5,1.262540e-02
1675,100,0.5,1.291320e-02
1700,100,0.5,1.314800e-02
1725,100,0.5,1.334990e-02
1750,100,0.5,1.353480e-02
1775,100,0.5,1.371570e-02
1800,100,0.5,1.390320e-02
1825,100,0.5,1.410590e-02
1850,100,0.5,1.433110e-02
1875,100,0.5,1.458470e-02
1900,100,0.5,1.487190e-02
1925,100,0.5,1.519740e-02
1950,100,0.5,1.556520e-02
1975,100,0.5,1.597900e-02
2000,100,0.5,1.644230e-02
2025,100,0.5,1.695840e-02
2050,100,0.5,1.753040e-02
2075,100,0.5,1.816150e-02
2100,100,0.5,1.885460e-02
2125,100,0.5,1.961280e-02
2150,100,0.5,2.043910e-02
2175,100,0.5,2.133650e-02
2200,100,0.5,2.230790e-02
2225,100,0.5,2.335640e-02
2250,100,0.5,2.448510e-02
2275,100,0.5,2.569690e-02
2300,100,0.5,2.699490e-02
2325,100,0.5,2.838220e-02
2350,100,0.5,2.986170e-02
2375,100,0.5,3.143650e-02
2400,100,0.5,3.310950e-02
2425,100,0.5,3.488370e-02
2450,100,0.5,3.676200e-02
2475,100,0.5,3.874710e-02
2500,100,0.5,4.084190e-02
2525,100,0.5,4.304900e-02
2550,100,0.5,4.537090e-02
2575,100,0.5,4.781020e-02
2600,100,0.5,5.036910e-02
2625,100,0.5,5.304980e-02
2650,100,0.5,5.585450e-02
2675,100,0.5,5.878500e-02
2700,100,0.5,6.184300e-02
2725,100,0.5,6.503010e-02
2750,100,0.5,6.834780e-02
2775,100,0.5,7.179720e-02
2800,100,0.5,7.537930e-02
2825,100,0.5,7.909490e-02
2850,100,0.5,8.294470e-02
2875,100,0.5,8.692910e-02
2900,100,0.5,9.104820e-02
2925,100,0.5,9.530220e-02
2950,100,0.5,9.969070e-02
2975,100,0.5,1.042140e-01
3000,100,0.5,1.088700e-01
3025,100,0.5,1.136590e-01
3050,100,0.5,1.185810e-01
3075,100,0.5,1.236330e-01
3100,100,0.5,1.288160e-01
3125,100,0.5,1.341270e-01
3150,100,0.5,1.395650e-01
3175,100,0.5,1.451280e-01
3200,100,0.5,1.508170e-01
3225,100,0.5,1.566280e-01
3250,100,0.5,1.625600e-01
3275,100,0.5,1.686130e-01
3300,100,0.5,1.747850e-01
3325,100,0.5,1.810750e-01
3350,100,0.5,1.874820e-01
3375,100,0.5,1.940060e-01
3400,100,0.5,2.006470e-01
3425,100,0.5,2.074060e-01
3450,100,0.5,2.142820e-01
3475,100,0.5,2.212790e-01
3500,100,0.5,2.283990e-01
3525,100,0.5,2.356440e-01
3550,100,0.5,2.430210e-01
3575,100,0.5,2.505330e-01
3600,100,0.5,2.581900e-01
3625,100,0.5,2.659990e-01
3650,100,0.5,2.739710e-01
3675,100,0.5,2.821200e-01
3700,100,0.5,2.904610e-01
3725,100,0.5,2.990120e-01
3750,100,0.5,3.077950e-01
3775,100,0.5,3.168340e-01
3800,100,0.5,3.261590e-01
3825,100,0.5,3.358040e-01
3850,100,0.5,3.458090e-01
3875,100,0.5,3.562190e-01
3900,100,0.5,3.670870e-01
3925,100,0.5,3.784730e-01
3950,100,0.5,3.904470e-01
3975,100,0.5,4.030890e-01
4000,100,0.5,4.164910e-01
4025,100,0.5,4.307590e-01
4050,100,0.5,4.460150e-01
4075,100,0.5,4.624000e-01
4100,100,0.5,4.800730e-01
4125,100,0.5,4.992210e-01
4150,100,0.5,5.200600e-01
4175,100,0.5,5.428380e-01
4200,100,0.5,5.678430e-01
4225,100,0.5,5.954120e-01
4250,100,0.5,6.259380e-01
4275,100,0.5,6.598830e-01
4300,100,0.5,6.977890e-01
4325,100,0.5,7.403020e-01
4350,100,0.5,7.881910e-01
4375,100,0.5,8.423800e-01
4400,100,0.5,9.039850e-01
4425,100,0.5,9.743730e-01
4450,100,0.5,1.055230e+00
4475,100,0.5,1.148640e+00
4500,100,0.5,1.257270e+00
4525,100,0.5,1.384500e+00
4550,100,0.5,1.534730e+00
4575,100,0.5,1.713810e+00
4600,100,0.5,1.929630e+00
4625,100,0.5,2.193110e+00
4650,100,0.5,2.519850e+00
4675,100,0.5,2.932820e+00
4700,100,0.5,3.467360e+00
4725,100,0.5,4.180600e+00
4750,100,0.5,5.171220e+00
4775,100,0.5,6.624910e+00
4800,100,0.5,8.935800e+00
4825,100,0.5,1.310560e+01
4850,100,0.5,2.259920e+01
4875,100,0.5,6.187250e+01
4900,100,0.5,2.000000e+02
4925,100,0.5,2.000000e+02
4950,100,0.5,2.000000e+02
4975,100,0.5,2.000000e+02
5000,100,0.5,2.000000e+02
300,177.828,0.5,0.000000e+00
325,177.828,0.5,0.000000e+00
350,177.828,0.5,0.000000e+00
375,177.828,0.5,0.000000e+00
400,177.828,0.5,0.000000e+00
425,177.828,0.5,0.000000e+00
450,177.828,0.5,0.000000e+00
475,177.828,0.5,0.000000e+00
500,177.828,0.5,0.000000e+00
525,177.828,0.5,0.000000e+00
550,177.828,0.5,0.000000e+00
575,177.828,0.5,0.000000e+00
600,177.828,0.5,0.000000e+00
625,177.828,0.5,0.000000e+00
650,177.828,0.5,0.000000e+00
675,177.828,0.5,0.000000e+00
700,177.828,0.5,0.000000e+00
725,177.828,0.5,0.000000e+00
750,177.828,0.5,0.000000e+00
775,177.828,0.5,0.000000e+00
800,177.828,0.5,0.000000e+00
825,177.828,0.5,0.000000e+00
850,177.828,0.5,0.000000e+00
875,177.828,0.5,0.000000e+00
900,177.828,0.5,0.000000e+00
925,177.828,0.5,0.000000e+00
950,177.828,0.5,0.000000e+00
975,177.828,0.5,0.000000e+00
1000,177.828,0.5,0.000000e+00
1025,177.828,0.5,0.000000e+00
1050,177.828,0.5,0.000000e+00
1075,177.828,0.5,0.000000e+00
1100,177.828,0.5,0.000000e+00
1125,177.828,0.5,0.000000e+00
1150,177.828,0.5,0.000000e+00
1175,177.828,0.5,0.000000e+00
1200,177.828,0.5,0.000000e+00
1225,177.828,0.5,0.000000e+00
1250,177.828,0.5,0.000000e+00
1275,177.828,0.5,0.000000e+00
1300,177.828,0.5,0.000000e+00
1325,177.828,0.5,0.000000e+00
1350,177.828,0.5,0.000000e+00
1375,177.828,0.5,0.000000e+00
1400,177.828,0.5,0.000000e+00
1425,177.828,0.5,0.000000e+00
1450,177.828,0.5,0.000000e+00
1475,177.828,0.5,2.820640e-03
1500,177.828,0.5,5.710610e-03
1525,177.828,0.5,8.039110e-03
1550,177.828,0.5,9.892030e-03
1575,177.828,0.5,1.135020e-02
1600,177.828,0.5,1.248650e-02
1625,177.828,0.5,1.336500e-02
1650,177.828,0.5,1.404070e-02
1675,177.828,0.5,1.455990e-02
1700,177.828,0.5,1.496120e-02
1725,177.828,0.5,1.527670e-02
1750,177.828,0.5,1.553270e-02
1775,177.828,0.5,1.575090e-02
1800,177.828,0.5,1.594880e-02
1825,177.828,0.5,1.614100e-02
1850,177.828,0.5,1.633960e-02
1875,177.828,0.5,1.655440e-02
1900,177.828,0.5,1.679390e-02
1925,177.828,0.5,1.706510e-02
1950,177.828,0.5,1.737410e-02
1975,177.828,0.5,1.772620e-02
2000,177.828,0.5,1.812610e-02
2025,177.828,0.5,1.857800e-02
2050,177.828,0.5,1.908590e-02
2075,177.828,0.5,1.965330e-02
2100,177.828,0.5,2.028390e-02
2125,177.828,0.5,2.098070e-02
2150,177.828,0.5,2.174720e-02
2175,177.828,0.5,2.258650e-02
2200,177.828,0.5,2.350160e-02
2225,177.828,0.5,2.449560e-02
2250,177.828,0.5,2.557170e-02
2275,177.828,0.5,2.673280e-02
2300,177.828,0.5,2.798200e-02
2325,177.828,0.5,2.932220e-02
2350,177.828,0.5,3.075650e-02
2375,177.828,0.5,3.228790e-02
2400,177.828,0.5,3.391920e-02
2425,177.828,0.5,3.565340e-02
2450,177.828,0.5,3.749330e-02
2475,177.828,0.5,3.944170e-02
2500,177.828,0.5,4.150130e-02
2525,177.828,0.5,4.367480e-02
2550,177.828,0.5,4.596460e-02
2575,177.828,0.5,4.837330e-02
2600,177.828,0.5,5.090310e-02
2625,177.828,0.5,5.355620e-02
2650,177.828,0.5,5.633470e-02
2675,177.828,0.5,5.924050e-02
2700,177.828,0.5,6.227530e-02
2725,177.828,0.5,6.544070e-02
2750,177.828,0.5,6.873820e-02
2775,177.828,0.5,7.216890e-02
2800,177.828,0.5,7.573390e-02
2825,177.828,0.5,7.943390e-02
2850,177.828,0.5,8.326980e-02
2875,177.828,0.5,8.724180e-02
2900,177.828,0.5,9.135020e-02
2925,177.828,0.5,9.559510e-02
2950,177.828,0.5,9.997620e-02
2975,177.828,0.5,1.044930e-01
3000,177.828,0.5,1.091450e-01
3025,177.828,0.5,1.139320e-01
3050,177.828,0.5,1.188520e-01
3075,177.828,0.5,1.239050e-01
3100,177.828,0.5,1.290890e-01
3125,177.828,0.5,1.344020e-01
3150,177.828,0.5,1.398440e-01
3175,177.828,0.5,1.454120e-01
3200,177.828,0.5,1.511040e-01
3225,177.828,0.5,1.569200e-01
3250,177.828,0.5,1.628560e-01
3275,177.828,0.5,1.689110e-01
3300,177.828,0.5,1.750820e-01
3325,177.828,0.5,1.813700e-01
3350,177.828,0.5,1.877700e-01
3375,177.828,0.5,1.942820e-01
3400,177.828,0.5,2.009050e-01
3425,177.828,0.5,2.076360e-01
3450,177.828,0.5,2.144750e-01
3475,177.828,0.5,2.214220e-01
3500,177.828,0.5,2.284770e-01
3525,177.828,0.5,2.356390e-01
3550,177.828,0.5,2.429100e-01
3575,177.828,0.5,2.502910e-01
3600,177.828,0.5,2.577850e-01
3625,177.828,0.5,2.653950e-01
3650,177.828,0.5,2.731260e-01
3675,177.828,0.5,2.809830e-01
3700,177.828,0.5,2.889740e-01
3725,177.828,0.5,2.971060e-01
3750,177.828,0.5,3.053920e-01
3775,177.828,0.5,3.138420e-01
3800,177.828,0.5,3.224720e-01
3825,177.828,0.5,3.312990e-01
3850,177.828,0.5,3.403450e-01
3875,177.828,0.5,3.496310e-01
3900,177.828,0.5,3.591870e-01
3925,177.828,0.5,3.690430e-01
3950,177.828,0.5,3.792370e-01
3975,177.828,0.5,3.898100e-01
4000,177.828,0.5,4.008120e-01
4025,177.828,0.5,4.122970e-01
4050,177.828,0.5,4.243290e-01
4075,177.828,0.5,4.369810e-01
4100,177.828,0.5,4.503350e-01
4125,177.828,0.5,4.644860e-01
4150,177.828,0.5,4.795440e-01
4175,177.828,0.5,4.956320e-01
4200,177.828,0.5,5.128910e-01
4225,177.828,0.5,5.314860e-01
4250,177.828,0.5,5.516020e-01
4275,177.828,0.5,5.734540e-01
4300,177.828,0.5,5.972910e-01
4325,177.828,0.5,6.233980e-01
4350,177.828,0.5,6.521060e-01
4375,177.828,0.5,6.838030e-01
4400,177.828,0.5,7.189380e-01
4425,177.828,0.5,7.580410e-01
4450,177.828,0.5,8.017360e-01
4475,177.828,0.5,8.507640e-01
4500,177.828,0.5,9.060110e-01
4525,177.828,0.5,9.685420e-01
4550,177.828,0.5,1.039650e+00
4575,177.828,0.5,1.120920e+00
4600,177.828,0.5,1.214310e+00
4625,177.828,0.5,1.322280e+00
4650,177.828,0.5,1.447940e+00
4675,177.828,0.5,1.595300e+00
4700,177.828,0.5,1.769610e+00
4725,177.828,0.5,1.977880e+00
4750,177.828,0.5,2.229670e+00
4775,177.828,0.5,2.538380e+00
4800,177.828,0.5,2.923310e+00
4825,177.828,0.5,3.413440e+00
4850,177.828,0.5,4.054080e+00
4875,177.828,0.5,4.920330e+00
4900,177.828,0.5,6.145930e+00
4925,177.828,0.5,7.993470e+00
4950,177.828,0.5,1.105560e+01
4975,177.828,0.5,1.699560e+01
5000,177.828,0.5,3.281150e+01
300,316.228,0.5,0.000000e+00
325,316.228,0.5,0.000000e+00
350,316.228,0.5,0.000000e+00
375,316.228,0.5,0.000000e+00
400,316.228,0.5,0.000000e+00
425,316.228,0.5,0.000000e+00
450,316.228,0.5,0.000000e+00
475,316.228,0.5,0.000000e+00
500,316.228,0.5,0.000000e+00
525,316.228,0.5,0.000000e+00
550,316.228,0.5,0.000000e+00
575,316.228,0.5,0.000000e+00
600,316.228,0.5,0.000000e+00
625,316.228,0.5,0.000000e+00
650,316.228,0.5,0.000000e+00
675,316.228,0.5,0.000000e+00
700,316.228,0.5,0.000000e+00
725,316.228,0.5,0.000000e+00
750,316.228,0.5,0.000000e+00
775,316.228,0.5,0.000000e+00
800,316.228,0.5,0.000000e+00
825,316.228,0.5,0.000000e+00
850,316.228,0.5,0.000000e+00
875,316.228,0.5,0.000000e+00
900,316.228,0.5,0.000000e+00
925,316.228,0.5,0.000000e+00
950,316.228,0.5,0.000000e+00
975,316.228,0.5,0.000000e+00
1000,316.228,0.5,0.000000e+00
1025,316.228,0.5,0.000000e+00
1050,316.228,0.5,0.000000e+00
1075,316.228,0.5,0.000000e+00
1100,316.228,0.5,0.000000e+00
1125,316.228,0.5,0.000000e+00
1150,316.228,0.5,0.000000e+00
1175,316.228,0.5,0.000000e+00
1200,316.228,0.5,0.000000e+00
1225,316.228,0.5,0.000000e+00
1250,316.228,0.5,0.000000e+00
1275,316.228,0.5,0.000000e+00
1300,316.228,0.5,0.000000e+00
1325,316.228,0.5,0.000000e+00
1350,316.228,0.5,0.000000e+00
1375,316.228,0.5,0.000000e+00
1400,316.228,0.5,0.000000e+00
1425,316.228,0.5,0.000000e+00
1450,316.228,0.5,0.000000e+00
1475,316.228,0.5,0.000000e+00
1500,316.228,0.5,1.156270e-03
1525,316.228,0.5,4.737060e-03
1550,316.228,0.5,7.722410e-03
1575,316.228,0.5,1.017890e-02
1600,316.228,0.5,1.217590e-02
1625,316.228,0.5,1.378160e-02
1650,316.228,0.5,1.505980e-02
1675,316.228,0.5,1.606860e-02
1700,316.228,0.5,1.685990e-02
1725,316.228,0.5,1.747870e-02
1750,316.228,0.5,1.796390e-02
1775,316.228,0.5,1.834860e-02
1800,316.228,0.5,1.866080e-02
1825,316.228,0.5,1.892410e-02
1850,316.228,0.5,1.915850e-02
1875,316.228,0.5,1.938050e-02
1900,316.228,0.5,1.960410e-02
1925,316.228,0.5,1.984130e-02
1950,316.228,0.5,2.010190e-02
1975,316.228,0.5,2.039470e-02
2000,316.228,0.5,2.072700e-02
2025,316.228,0.5,2.110520e-02
2050,316.228,0.5,2.153500e-02
2075,316.228,0.5,2.202150e-02
2100,316.228,0.5,2.256950e-02
2125,316.228,0.5,2.318300e-02
2150,316.228,0.5,2.386600e-02
2175,316.228,0.5,2.462240e-02
2200,316.228,0.5,2.545560e-02
2225,316.228,0.5,2.636910e-02
2250,316.228,0.5,2.736620e-02
2275,316.228,0.5,2.845010e-02
2300,316.228,0.5,2.962400e-02
2325,316.228,0.5,3.089090e-02
2350,316.228,0.5,3.225400e-02
2375,316.228,0.5,3.371630e-02
2400,316.228,0.5,3.528060e-02
2425,316.228,0.5,3.694990e-02
2450,316.228,0.5,3.872700e-02
2475,316.228,0.5,4.061470e-02
2500,316.228,0.5,4.261570e-02
2525,316.228,0.5,4.473250e-02
2550,316.228,0.5,4.696780e-02
2575,316.228,0.5,4.932380e-02
2600,316.228,0.5,5.180290e-02
2625,316.228,0.5,5.440730e-02
2650,316.228,0.5,5.713900e-02
2675,316.228,0.5,5.999990e-02
2700,316.228,0.5,6.299170e-02
2725,316.228,0.5,6.611610e-02
2750,316.228,0.5,6.937440e-02
2775,316.228,0.5,7.276780e-02
2800,316.228,0.5,7.629740e-02
2825,316.228,0.5,7.996410e-02
2850,316.228,0.5,8.376840e-02
2875,316.228,0.5,8.771090e-02
2900,316.228,0.5,9.179170e-02
2925,316.228,0.5,9.601090e-02
2950,316.228,0.5,1.003680e-01
2975,316.228,0.5,1.048630e-01
3000,316.228,0.5,1.094960e-01
3025,316.228,0.5,1.142650e-01
3050,316.228,0.5,1.191690e-01
3075,316.228,0.5,1.242070e-01
3100,316.228,0.5,1.293780e-01
3125,316.228,0.5,1.346810e-01
3150,316.228,0.5,1.401130e-01
3175,316.228,0.5,1.456730e-01
3200,316.228,0.5,1.513580e-01
3225,316.228,0.5,1.571670e-01
3250,316.228,0.5,1.630980e-01
3275,316.228,0.5,1.691470e-01
3300,316.228,0.5,1.753130e-01
3325,316.228,0.5,1.815940e-01
3350,316.228,0.5,1.879860e-01
3375,316.228,0.5,1.944880e-01
3400,316.228,0.5,2.010960e-01
3425,316.228,0.5,2.078100e-01
3450,316.228,0.5,2.146260e-01
3475,316.228,0.5,2.215440e-01
3500,316.228,0.5,2.285600e-01
3525,316.228,0.5,2.356740e-01
3550,316.228,0.5,2.428840e-01
3575,316.228,0.5,2.501890e-01
3600,316.228,0.5,2.575900e-01
3625,316.228,0.5,2.650860e-01
3650,316.228,0.5,2.726790e-01
3675,316.228,0.5,2.803690e-01
3700,316.228,0.5,2.881590e-01
3725,316.228,0.5,2.960520e-01
3750,316.228,0.5,3.040520e-01
3775,316.228,0.5,3.121650e-01
3800,316.228,0.5,3.203970e-01
3825,316.228,0.5,3.287560e-01
3850,316.228,0.5,3.372530e-01
3875,316.228,0.5,3.458980e-01
3900,316.228,0.5,3.547060e-01
3925,316.228,0.5,3.636930e-01
3950,316.228,0.5,3.728770e-01
3975,316.228,0.5,3.822810e-01
4000,316.228,0.5,3.919290e-01
4025,316.228,0.5,4.018510e-01
4050,316.228,0.5,4.120810e-01
4075,316.228,0.5,4.226550e-01
4100,316.228,0.5,4.336190e-01
4125,316.228,0.5,4.450200e-01
4150,316.228,0.5,4.569170e-01
4175,316.228,0.5,4.693720e-01
4200,316.228,0.5,4.824600e-01
4225,316.228,0.5,4.962630e-01
4250,316.228,0.5,5.108770e-01
4275,316.228,0.5,5.264070e-01
4300,316.228,0.5,5.429770e-01
4325,316.228,0.5,5.607260e-01
4350,316.228,0.5,5.798130e-01
4375,316.228,0.5,6.004180e-01
4400,316.228,0.5,6.227500e-01
4425,316.228,0.5,6.470460e-01
4450,316.228,0.5,6.735790e-01
4475,316.228,0.5,7.026640e-01
4500,316.228,0.5,7.346670e-01
4525,316.228,0.5,7.700110e-01
4550,316.228,0.5,8.091890e-01
4575,316.228,0.5,8.527830e-01
4600,316.228,0.5,9.014760e-01
4625,316.228,0.5,9.560770e-01
4650,316.228,0.5,1.017560e+00
4675,316.228,0.5,1.087080e+00
4700,316.228,0.5,1.166070e+00
4725,316.228,0.5,1.256250e+00
4750,316.228,0.5,1.359770e+00
4775,316.228,0.5,1.479340e+00
4800,316.228,0.5,1.618370e+00
4825,316.228,0.5,1.781280e+00
4850,316.228,0.5,1.973860e+00
4875,316.228,0.5,2.203850e+00
4900,316.228,0.5,2.481860e+00
4925,316.228,0.5,2.822760e+00
4950,316.228,0.5,3.248120e+00
4975,316.228,0.5,3.790360e+00
5000,316.228,0.5,4.500540e+00
300,562.341,0.5,0.000000e+00
325,562.341,0.5,0.000000e+00
350,562.341,0.5,0.000000e+00
375,562.341,0.5,0.000000e+00
400,562.341,0.5,0.000000e+00
425,562.341,0.5,0.000000e+00
450,562.341,0.5,0.000000e+00
475,562.341,0.5,0.000000e+00
500,562.341,0.5,0.000000e+00
525,562.341,0.5,0.000000e+00
550,562.341,0.5,0.000000e+00
575,562.341,0.5,0.000000e+00
600,562.341,0.5,0.000000e+00
625,562.341,0.5,0.000000e+00
650,562.341,0.5,0.000000e+00
675,562.341,0.5,0.000000e+00
700,562.341,0.5,0.000000e+00
725,562.341,0.5,0.000000e+00
750,562.341,0.5,0.000000e+00
775,562.341,0.5,0.000000e+00
800,562.341,0.5,0.000000e+00
825,562.341,0.5,0.000000e+00
850,562.341,0.5,0.000000e+00
875,562.341,0.5,0.000000e+00
900,562.341,0.5,0.000000e+00
925,562.341,0.5,0.000000e+00
950,562.341,0.5,0.000000e+00
975,562.341,0.5,0.000000e+00
1000,562.341,0.5,0.000000e+00
1025,562.341,0.5,0.000000e+00
1050,562.341,0.5,0.000000e+00
1075,562.341,0.5,0.000000e+00
1100,562.341,0.5,0.000000e+00
1125,562.341,0.5,0.000000e+00
1150,562.341,0.5,0.000000e+00
1175,562.341,0.5,0.000000e+00
1200,562.341,0.5,0.000000e+00
1225,562.341,0.5,0.000000e+00
1250,562.341,0.5,0.000000e+00
1275,562.341,0.5,0.000000e+00
1300,562.341,0.5,0.000000e+00
1325,562.341,0.5,0.000000e+00
1350,562.341,0.5,0.000000e+00
1375,562.341,0.5,0.000000e+00
1400,562.341,0.5,0.000000e+00
1425,562.341,0.5,0.000000e+00
1450,562.341,0.5,0.000000e+00
1475,562.341,0.5,0.000000e+00
1500,562.341,0.5,0.000000e+00
1525,562.341,0.5,0.000000e+00
1550,562.341,0.5,2.727060e-03
1575,562.341,0.5,6.450320e-03
1600,562.341,0.5,9.628480e-03
1625,562.341,0.5,1.230960e-02
1650,562.341,0.5,1.454690e-02
1675,562.341,0.5,1.639540e-02
1700,562.341,0.5,1.790890e-02
1725,562.341,0.5,1.913890e-02
1750,562.341,0.5,2.013240e-02
1775,562.341,0.5,2.093240e-02
1800,562.341,0.5,2.157710e-02
1825,562.341,0.5,2.210010e-02
1850,562.341,0.5,2.253080e-02
1875,562.341,0.5,2.289490e-02
1900,562.341,0.5,2.321420e-02
1925,562.341,0.5,2.350780e-02
1950,562.341,0.5,2.379210e-02
1975,562.341,0.5,2.408120e-02
2000,562.341,0.5,2.438720e-02
2025,562.341,0.5,2.472070e-02
2050,562.341,0.5,2.509100e-02
2075,562.341,0.5,2.550600e-02
2100,562.341,0.5,2.597300e-02
2125,562.341,0.5,2.649830e-02
2150,562.341,0.5,2.708750e-02
2175,562.341,0.5,2.774610e-02
2200,562.341,0.5,2.847860e-02
2225,562.341,0.5,2.928960e-02
2250,562.341,0.5,3.018330e-02
2275,562.341,0.5,3.116340e-02
2300,562.341,0.5,3.223390e-02
2325,562.341,0.5,3.339810e-02
2350,562.341,0.5,3.465950e-02
2375,562.341,0.5,3.602140e-02
2400,562.341,0.5,3.748710e-02
2425,562.341,0.5,3.905940e-02
2450,562.341,0.5,4.074160e-02
2475,562.341,0.5,4.253630e-02
2500,562.341,0.5,4.444640e-02
2525,562.341,0.5,4.647460e-02
2550,562.341,0.5,4.862340e-02
2575,562.341,0.5,5.089530e-02
2600,562.341,0.5,5.329250e-02
2625,562.341,0.5,5.581740e-02
2650,562.341,0.5,5.847190e-02
2675,562.341,0.5,6.125790e-02
2700,562.341,0.5,6.417730e-02
2725,562.341,0.5,6.723150e-02
2750,562.341,0.5,7.042210e-02
2775,562.341,0.5,7.375020e-02
2800,562.341,0.5,7.721700e-02
2825,562.341,0.5,8.082320e-02
2850,562.341,0.5,8.456950e-02
2875,562.341,0.5,8.845640e-02
2900,562.341,0.5,9.248420e-02
2925,562.341,0.5,9.665280e-02
2950,562.341,0.5,1.009620e-01
2975,562.341,0.5,1.054120e-01
3000,562.341,0.5,1.100010e-01
3025,562.341,0.5,1.147290e-01
3050,562.341,0.5,1.195950e-01
3075,562.341,0.5,1.245980e-01
3100,562.341,0.5,1.297360e-01
3125,562.341,0.5,1.350080e-01
3150,562.341,0.5,1.404110e-01
3175,562.341,0.5,1.459440e-01
3200,562.341,0.5,1.516050e-01
3225,562.341,0.5,1.573920e-01
3250,562.341,0.5,1.633010e-01
3275,562.341,0.5,1.693310e-01
3300,562.341,0.5,1.754780e-01
3325,562.341,0.5,1.817410e-01
3350,562.341,0.5,1.881160e-01
3375,562.341,0.5,1.946000e-01
3400,562.341,0.5,2.011900e-01
3425,562.341,0.5,2.078850e-01
3450,562.341,0.5,2.146790e-01
3475,562.341,0.5,2.215720e-01
3500,562.341,0.5,2.285590e-01
3525,562.341,0.5,2.356390e-01
3550,562.341,0.5,2.428090e-01
3575,562.341,0.5,2.500670e-01
3600,562.341,0.5,2.574100e-01
3625,562.341,0.5,2.648380e-01
3650,562.341,0.5,2.723470e-01
3675,562.341,0.5,2.799380e-01
3700,562.341,0.5,2.876100e-01
3725,562.341,0.5,2.953630e-01
3750,562.341,0.5,3.031960e-01
3775,562.341,0.5,3.111120e-01
3800,562.341,0.5,3.191130e-01
3825,562.341,0.5,3.272000e-01
3850,562.341,0.5,3.353790e-01
3875,562.341,0.5,3.436530e-01
3900,562.341,0.5,3.520280e-01
3925,562.341,0.5,3.605130e-01
3950,562.341,0.5,3.691170e-01
3975,562.341,0.5,3.778480e-01
4000,562.341,0.5,3.867210e-01
4025,562.341,0.5,3.957500e-01
4050,562.341,0.5,4.049520e-01
4075,562.341,0.5,4.143460e-01
4100,562.341,0.5,4.239560e-01
4125,562.341,0.5,4.338070e-01
4150,562.341,0.5,4.439280e-01
4175,562.341,0.5,4.543540e-01
4200,562.341,0.5,4.651230e-01
4225,562.341,0.5,4.762790e-01
4250,562.341,0.5,4.878690e-01
4275,562.341,0.5,4.999520e-01
4300,562.341,0.5,5.125890e-01
4325,562.341,0.5,5.258520e-01
4350,562.341,0.5,5.398210e-01
4375,562.341,0.5,5.545890e-01
4400,562.341,0.5,5.702570e-01
4425,562.341,0.5,5.869420e-01
4450,562.341,0.5,6.047780e-01
4475,562.341,0.5,6.239120e-01
4500,562.341,0.5,6.445160e-01
4525,562.341,0.5,6.667830e-01
4550,562.341,0.5,6.909330e-01
4575,562.341,0.5,7.172180e-01
4600,562.341,0.5,7.459280e-01
4625,562.341,0.5,7.773930e-01
4650,562.341,0.5,8.119970e-01
4675,562.341,0.5,8.501850e-01
4700,562.341,0.5,8.924710e-01
4725,562.341,0.5,9.394620e-01
4750,562.341,0.5,9.918670e-01
4775,562.341,0.5,1.050530e+00
4800,562.341,0.5,1.116450e+00
4825,562.341,0.5,1.190840e+00
4850,562.341,0.5,1.275150e+00
4875,562.341,0.5,1.371170e+00
4900,562.341,0.5,1.481100e+00
4925,562.341,0.5,1.607710e+00
4950,562.341,0.5,1.754490e+00
4975,562.341,0.5,1.925910e+00
5000,562.341,0.5,2.127860e+00
300,1000,0.5,0.000000e+00
325,1000,0.5,0.000000e+00
350,1000,0.5,0.000000e+00
375,1000,0.5,0.000000e+00
400,1000,0.5,0.000000e+00
425,1000,0.5,0.000000e+00
450,1000,0.5,0.000000e+00
475,1000,0.5,0.000000e+00
500,1000,0.5,0.000000e+00
525,1000,0.5,0.000000e+00
550,1000,0.5,0.000000e+00
575,1000,0.5,0.000000e+00
600,1000,0.5,0.000000e+00
625,1000,0.5,0.000000e+00
650,1000,0.5,0.000000e+00
675,1000,0.5,0.000000e+00
700,1000,0.5,0.000000e+00
725,1000,0.5,0.000000e+00
750,1000,0.5,0.000000e+00
775,1000,0.5,0.000000e+00
800,1000,0.5,0.000000e+00
825,1000,0.5,0.000000e+00
850,1000,0.5,0.000000e+00
875,1000,0.5,0.000000e+00
900,1000,0.5,0.000000e+00
925,1000,0.5,0.000000e+00
950,1000,0.5,0.000000e+00
975,1000,0.5,0.000000e+00
1000,1000,0.5,0.000000e+00
1025,1000,0.5,0.000000e+00
1050,1000,0.5,0.000000e+00
1075,1000,0.5,0.000000e+00
1100,1000,0.5,0.000000e+00
1125,1000,0.5,0.000000e+00
1150,1000,0.5,0.000000e+00
1175,1000,0.5,0.000000e+00
1200,1000,0.5,0.000000e+00
1225,1000,0.5,0.000000e+00
1250,1000,0.5,0.000000e+00
1275,1000,0.5,0.000000e+00
1300,1000,0.5,0.000000e+00
1325,1000,0.5,0.000000e+00
1350,1000,0.5,0.000000e+00
1375,1000,0.5,0.000000e+00
1400,1000,0.5,0.000000e+00
1425,1000,0.5,0.000000e+00
1450,1000,0.5,0.000000e+00
1475,1000,0.5,0.000000e+00
1500,1000,0.5,0.000000e+00
1525,1000,0.5,0.000000e+00
1550,1000,0.5,0.000000e+00
1575,1000,0.5,0.000000e+00
1600,1000,0.5,3.752410e-03
1625,1000,0.5,7.689150e-03
1650,1000,0.5,1.113560e-02
1675,1000,0.5,1.412280e-02
1700,1000,0.5,1.668820e-02
1725,1000,0.5,1.887310e-02
1750,1000,0.5,2.072040e-02
1775,1000,0.5,2.227270e-02
1800,1000,0.5,2.357110e-02
1825,1000,0.5,2.465440e-02
1850,1000,0.5,2.555850e-02
1875,1000,0.5,2.631620e-02
1900,1000,0.5,2.695690e-02
1925,1000,0.5,2.750740e-02
1950,1000,0.5,2.799110e-02
1975,1000,0.5,2.842890e-02
2000,1000,0.5,2.883960e-02
2025,1000,0.5,2.923920e-02
2050,1000,0.5,2.964240e-02
2075,1000,0.5,3.006180e-02
2100,1000,0.5,3.050870e-02
2125,1000,0.5,3.099330e-02
2150,1000,0.5,3.152440e-02
2175,1000,0.5,3.211010e-02
2200,1000,0.5,3.275770e-02
2225,1000,0.5,3.347360e-02
2250,1000,0.5,3.426400e-02
2275,1000,0.5,3.513440e-02
2300,1000,0.5,3.608970e-02
2325,1000,0.5,3.713480e-02
2350,1000,0.5,3.827410e-02
2375,1000,0.5,3.951170e-02
2400,1000,0.5,4.085160e-02
2425,1000,0.5,4.229750e-02
2450,1000,0.5,4.385280e-02
2475,1000,0.5,4.552090e-02
2500,1000,0.5,4.730500e-02
2525,1000,0.5,4.920820e-02
2550,1000,0.5,5.123310e-02
2575,1000,0.5,5.338260e-02
2600,1000,0.5,5.565920e-02
2625,1000,0.5,5.806520e-02
2650,1000,0.5,6.060290e-02
2675,1000,0.5,6.327440e-02
2700,1000,0.5,6.608150e-02
2725,1000,0.5,6.902590e-02
2750,1000,0.5,7.210920e-02
2775,1000,0.5,7.533270e-02
2800,1000,0.5,7.869760e-02
2825,1000,0.5,8.220470e-02
2850,1000,0.5,8.585480e-02
2875,1000,0.5,8.964850e-02
2900,1000,0.5,9.358610e-02
2925,1000,0.5,9.766760e-02
2950,1000,0.5,1.018930e-01
2975,1000,0.5,1.062620e-01
3000,1000,0.5,1.107740e-01
3025,1000,0.5,1.154280e-01
3050,1000,0.5,1.202230e-01
3075,1000,0.5,1.251580e-01
3100,1000,0.5,1.302320e-01
3125,1000,0.5,1.354420e-01
3150,1000,0.5,1.407880e-01
3175,1000,0.5,1.462670e-01
3200,1000,0.5,1.518760e-01
3225,1000,0.5,1.576140e-01
3250,1000,0.5,1.634780e-01
3275,1000,0.5,1.694660e-01
3300,1000,0.5,1.755730e-01
3325,1000,0.5,1.817980e-01
3350,1000,0.5,1.881370e-01
3375,1000,0.5,1.945880e-01
3400,1000,0.5,2.011460e-01
3425,1000,0.5,2.078090e-01
3450,1000,0.5,2.145730e-01
3475,1000,0.5,2.214340e-01
3500,1000,0.5,2.283900e-01
3525,1000,0.5,2.354370e-01
3550,1000,0.5,2.425720e-01
3575,1000,0.5,2.497910e-01
3600,1000,0.5,2.570910e-01
3625,1000,0.5,2.644700e-01
3650,1000,0.5,2.719240e-01
3675,1000,0.5,2.794510e-01
3700,1000,0.5,2.870490e-01
3725,1000,0.5,2.947150e-01
3750,1000,0.5,3.024480e-01
3775,1000,0.5,3.102460e-01
3800,1000,0.5,3.181090e-01
3825,1000,0.5,3.260360e-01
3850,1000,0.5,3.340270e-01
3875,1000,0.5,3.420840e-01
3900,1000,0.5,3.502080e-01
3925,1000,0.5,3.584000e-01
3950,1000,0.5,3.666650e-01
3975,1000,0.5,3.750070e-01
4000,1000,0.5,3.834300e-01
4025,1000,0.5,3.919420e-01
4050,1000,0.5,4.005510e-01
4075,1000,0.5,4.092660e-01
4100,1000,0.5,4.180970e-01
4125,1000,0.5,4.270590e-01
4150,1000,0.5,4.361670e-01
4175,1000,0.5,4.454360e-01
4200,1000,0.5,4.548890e-01
4225,1000,0.5,4.645460e-01
4250,1000,0.5,4.744350e-01
4275,1000,0.5,4.845840e-01
4300,1000,0.5,4.950260e-01
4325,1000,0.5,5.058000e-01
4350,1000,0.5,5.169470e-01
4375,1000,0.5,5.285140e-01
4400,1000,0.5,5.405560e-01
4425,1000,0.5,5.531330e-01
4450,1000,0.5,5.663110e-01
4475,1000,0.5,5.801680e-01
4500,1000,0.5,5.947870e-01
4525,1000,0.5,6.102660e-01
4550,1000,0.5,6.267120e-01
4575,1000,0.5,6.442470e-01
4600,1000,0.5,6.630060e-01
4625,1000,0.5,6.831450e-01
4650,1000,0.5,7.048390e-01
4675,1000,0.5,7.282840e-01
4700,1000,0.5,7.537050e-01
4725,1000,0.5,7.813580e-01
4750,1000,0.5,8.115340e-01
4775,1000,0.5,8.445670e-01
4800,1000,0.5,8.808400e-01
4825,1000,0.5,9.207970e-01
4850,1000,0.5,9.649510e-01
4875,1000,0.5,1.013900e+00
4900,1000,0.5,1.068340e+00
4925,1000,0.5,1.129110e+00
4950,1000,0.5,1.197180e+00
4975,1000,0.5,1.273730e+00
5000,1000,0.5,1.360160e+00
300,0.001,1,0.000000e+00
325,0.001,1,0.000000e+00
350,0.001,1,0.000000e+00
375,0.001,1,0.000000e+00
400,0.001,1,0.000000e+00
425,0.001,1,0.000000e+00
450,0.001,1,0.000000e+00
475,0.001,1,0.000000e+00
500,0.001,1,0.000000e+00
525,0.001,1,0.000000e+00
550,0.001,1,0.000000e+00
575,0.001,1,0.000000e+00
600,0.001,1,0.000000e+00
625,0.001,1,0.000000e+00
650,0.001,1,0.000000e+00
675,0.001,1,0.000000e+00
700,0.001,1,0.000000e+00
725,0.001,1,0.000000e+00
750,0.001,1,0.000000e+00
775,0.001,1,0.000000e+00
800,0.001,1,0.000000e+00
825,0.001,1,0.000000e+00
850,0.001,1,0.000000e+00
875,0.001,1,0.000000e+00
900,0.001,1,0.000000e+00
925,0.001,1,0.000000e+00
950,0.001,1,0.000000e+00
975,0.001,1,0.000000e+00
1000,0.001,1,0.000000e+00
1025,0.001,1,0.000000e+00
1050,0.001,1,0.000000e+00
1075,0.001,1,0.000000e+00
1100,0.001,1,0.000000e+00
1125,0.001,1,0.000000e+00
1150,0.001,1,0.000000e+00
1175,0.001,1,0.000000e+00
1200,0.001,1,0.000000e+00
1225,0.001,1,0.000000e+00
1250,0.001,1,0.000000e+00
1275,0.001,1,0.000000e+00
1300,0.001,1,0.000000e+00
1325,0.001,1,0.000000e+00
1350,0.001,1,0.000000e+00
1375,0.001,1,0.000000e+00
1400,0.001,1,0.000000e+00
1425,0.001,1,0.000000e+00
1450,0.001,1,0.000000e+00
1475,0.001,1,0.000000e+00
1500,0.001,1,0.000000e+00
1525,0.001,1,0.000000e+00
1550,0.001,1,0.000000e+00
1575,0.001,1,0.000000e+00
1600,0.001,1,0.000000e+00
1625,0.001,1,0.000000e+00
1650,0.001,1,0.000000e+00
1675,0.001,1,0.000000e+00
1700,0.001,1,0.000000e+00
1725,0.001,1,0.000000e+00
1750,0.001,1,0.000000e+00
1775,0.001,1,0.000000e+00
1800,0.001,1,0.000000e+00
1825,0.001,1,0.000000e+00
1850,0.001,1,0.000000e+00
1875,0.001,1,0.000000e+00
1900,0.001,1,0.000000e+00
1925,0.001,1,0.000000e+00
1950,0.001,1,0.000000e+00
1975,0.001,1,0.000000e+00
2000,0.001,1,0.000000e+00
2025,0.001,1,0.000000e+00
2050,0.001,1,0.000000e+00
2075,0.001,1,0.000000e+00
2100,0.001,1,0.000000e+00
2125,0.001,1,0.000000e+00
2150,0.001,1,0.000000e+00
2175,0.001,1,0.000000e+00
2200,0.001,1,0.000000e+00
2225,0.001,1,0.000000e+00
2250,0.001,1,0.000000e+00
2275,0.001,1,0.000000e+00
2300,0.001,1,0.000000e+00
2325,0.001,1,0.000000e+00
2350,0.001,1,0.000000e+00
2375,0.001,1,0.000000e+00
2400,0.001,1,0.000000e+00
2425,0.001,1,0.000000e+00
2450,0.001,1,0.000000e+00
2475,0.001,1,0.000000e+00
2500,0.001,1,0.000000e+00
2525,0.001,1,0.000000e+00
2550,0.001,1,0.000000e+00
2575,0.001,1,0.000000e+00
2600,0.001,1,0.000000e+00
2625,0.001,1,0.000000e+00
2650,0.001,1,0.000000e+00
2675,0.001,1,0.000000e+00
2700,0.001,1,0.000000e+00
2725,0.001,1,0.000000e+00
2750,0.001,1,7.093970e-03
2775,0.001,1,5.338010e-02
2800,0.001,1,1.163690e-01
2825,0.001,1,2.023420e-01
2850,0.001,1,3.202860e-01
2875,0.001,1,4.834310e-01
2900,0.001,1,7.120120e-01
2925,0.001,1,1.038540e+00
2950,0.001,1,1.518790e+00
2975,0.001,1,2.257200e+00
3000,0.001,1,3.475200e+00
3025,0.001,1,5.739070e+00
3050,0.001,1,1.105800e+01
3075,0.001,1,3.535900e+01
3100,0.001,1,2.000000e+02
3125,0.001,1,2.000000e+02
3150,0.001,1,2.000000e+02
3175,0.001,1,2.000000e+02
3200,0.001,1,2.000000e+02
3225,0.001,1,2.000000e+02
3250,0.001,1,2.000000e+02
3275,0.001,1,2.000000e+02
3300,0.001,1,2.000000e+02
3325,0.001,1,2.000000e+02
3350,0.001,1,2.000000e+02
3375,0.001,1,2.000000e+02
3400,0.001,1,2.000000e+02
3425,0.001,1,2.000000e+02
3450,0.001,1,2.000000e+02
3475,0.001,1,2.000000e+02
3500,0.001,1,2.000000e+02
3525,0.001,1,2.000000e+02
3550,0.001,1,2.000000e+02
3575,0.001,1,2.000000e+02
3600,0.001,1,2.000000e+02
3625,0.001,1,2.000000e+02
3650,0.001,1,2.000000e+02
3675,0.001,1,2.000000e+02
3700,0.001,1,2.000000e+02
3725,0.001,1,2.000000e+02
3750,0.001,1,2.000000e+02
3775,0.001,1,2.000000e+02
3800,0.001,1,2.000000e+02
3825,0.001,1,2.000000e+02
3850,0.001,1,2.000000e+02
3875,0.001,1,2.000000e+02
3900,0.001,1,2.000000e+02
3925,0.001,1,2.000000e+02
3950,0.001,1,2.000000e+02
3975,0.001,1,2.000000e+02
4000,0.001,1,2.000000e+02
4025,0.001,1,2.000000e+02
4050,0.001,1,2.000000e+02
4075,0.001,1,2.000000e+02
4100,0.001,1,2.000000e+02
4125,0.001,1,2.000000e+02
4150,0.001,1,2.000000e+02
4175,0.001,1,2.000000e+02
4200,0.001,1,2.000000e+02
4225,0.001,1,2.000000e+02
4250,0.001,1,2.000000e+02
4275,0.001,1,2.000000e+02
4300,0.001,1,2.000000e+02
4325,0.001,1,2.000000e+02
4350,0.001,1,2.000000e+02
4375,0.001,1,2.000000e+02
4400,0.001,1,2.000000e+02
4425,0.001,1,2.000000e+02
4450,0.001,1,2.000000e+02
4475,0.001,1,2.000000e+02
4500,0.001,1,2.000000e+02
4525,0.001,1,2.000000e+02
4550,0.001,1,2.000000e+02
4575,0.001,1,2.000000e+02
4600,0.001,1,2.000000e+02
4625,0.001,1,2.000000e+02
4650,0.001,1,2.000000e+02
4675,0.001,1,2.000000e+02
4700,0.001,1,2.000000e+02
4725,0.001,1,2.000000e+02
4750,0.001,1,2.000000e+02
4775,0.001,1,2.000000e+02
4800,0.001,1,2.000000e+02
4825,0.001,1,2.000000e+02
4850,0.001,1,2.000000e+02
4875,0.001,1,2.000000e+02
4900,0.001,1,2.000000e+02
4925,0.001,1,2.000000e+02
4950,0.001,1,2.000000e+02
4975,0.001,1,2.000000e+02
5000,0.001,1,2.000000e+02
300,0.00177828,1,0.000000e+00
325,0.00177828,1,0.000000e+00
350,0.00177828,1,0.000000e+00
375,0.00177828,1,0.000000e+00
400,0.00177828,1,0.000000e+00
425,0.00177828,1,0.000000e+00
450,0.00177828,1,0.000000e+00
475,0.00177828,1,0.000000e+00
500,0.00177828,1,0.000000e+00
525,0.00177828,1,0.000000e+00
550,0.00177828,1,0.000000e+00
575,0.00177828,1,0.000000e+00
600,0.00177828,1,0.000000e+00
625,0.00177828,1,0.000000e+00
650,0.00177828,1,0.000000e+00
675,0.00177828,1,0.000000e+00
700,0.00177828,1,0.000000e+00
725,0.00177828,1,0.000000e+00
750,0.00177828,1,0.000000e+00
775,0.00177828,1,0.000000e+00
800,0.00177828,1,0.000000e+00
825,0.00177828,1,0.000000e+00
850,0.00177828,1,0.000000e+00
875,0.00177828,1,0.000000e+00
900,0.00177828,1,0.000000e+00
925,0.00177828,1,0.000000e+00
950,0.00177828,1,0.000000e+00
975,0.00177828,1,0.000000e+00
1000,0.00177828,1,0.000000e+00
1025,0.00177828,1,0.000000e+00
1050,0.00177828,1,0.000000e+00
1075,0.00177828,1,0.000000e+00
1100,0.00177828,1,0.000000e+00
1125,0.00177828,1,0.000000e+00
1150,0.00177828,1,0.000000e+00
1175,0.00177828,1,0.000000e+00
1200,0.00177828,1,0.000000e+00
1225,0.00177828,1,0.000000e+00
1250,0.00177828,1,0.000000e+00
1275,0.00177828,1,0.000000e+00
1300,0.00177828,1,0.000000e+00
1325,0.00177828,1,0.000000e+00
1350,0.00177828,1,0.000000e+00
1375,0.00177828,1,0.000000e+00
1400,0.00177828,1,0.000000e+00
1425,0.00177828,1,0.000000e+00
1450,0.00177828,1,0.000000e+00
1475,0.00177828,1,0.000000e+00
1500,0.00177828,1,0.000000e+00
1525,0.00177828,1,0.000000e+00
1550,0.00177828,1,0.000000e+00
1575,0.00177828,1,0.000000e+00
1600,0.00177828,1,0.000000e+00
1625,0.00177828,1,0.000000e+00
1650,0.00177828,1,0.000000e+00
1675,0.00177828,1,0.000000e+00
1700,0.00177828,1,0.000000e+00
1725,0.00177828,1,0.000000e+00
1750,0.00177828,1,0.000000e+00
1775,0.00177828,1,0.000000e+00
1800,0.00177828,1,0.000000e+00
1825,0.00177828,1,0.000000e+00
1850,0.00177828,1,0.000000e+00
1875,0.00177828,1,0.000000e+00
1900,0.00177828,1,0.000000e+00
1925,0.00177828,1,0.000000e+00
1950,0.00177828,1,0.000000e+00
1975,0.00177828,1,0.000000e+00
2000,0.00177828,1,0.000000e+00
2025,0.00177828,1,0.000000e+00
2050,0.00177828,1,0.000000e+00
2075,0.00177828,1,0.000000e+00
2100,0.00177828,1,0.000000e+00
2125,0.00177828,1,0.000000e+00
2150,0.00177828,1,0.000000e+00
2175,0.00177828,1,0.000000e+00
2200,0.00177828,1,0.000000e+00
2225,0.00177828,1,0.000000e+00
2250,0.00177828,1,0.000000e+00
2275,0.00177828,1,0.000000e+00
2300,0.00177828,1,0.000000e+00
2325,0.00177828,1,0.000000e+00
2350,0.00177828,1,0.000000e+00
2375,0.00177828,1,0.000000e+00
2400,0.00177828,1,0.000000e+00
2425,0.00177828,1,0.000000e+00
2450,0.00177828,1,0.000000e+00
2475,0.00177828,1,0.000000e+00
2500,0.00177828,1,0.000000e+00
2525,0.00177828,1,0.000000e+00
2550,0.00177828,1,0.000000e+00
2575,0.00177828,1,0.000000e+00
2600,0.00177828,1,0.000000e+00
2625,0.00177828,1,0.000000e+00
2650,0.00177828,1,0.000000e+00
2675,0.00177828,1,0.000000e+00
2700,0.00177828,1,0.000000e+00
2725,0.00177828,1,0.000000e+00
2750,0.00177828,1,0.000000e+00
2775,0.00177828,1,0.000000e+00
2800,0.00177828,1,2.097670e-02
2825,0.00177828,1,6.753770e-02
2850,0.00177828,1,1.301990e-01
2875,0.00177828,1,2.148030e-01
2900,0.00177828,1,3.296100e-01
2925,0.00177828,1,4.866310e-01
2950,0.00177828,1,7.039450e-01
2975,0.00177828,1,1.010050e+00
3000,0.00177828,1,1.452590e+00
3025,0.00177828,1,2.117830e+00
3050,0.00177828,1,3.179900e+00
3075,0.00177828,1,5.051240e+00
3100,0.00177828,1,9.001940e+00
3125,0.00177828,1,2.176570e+01
3150,0.00177828,1,2.000000e+02
3175,0.00177828,1,2.000000e+02
3200,0.00177828,1,2.000000e+02
3225,0.00177828,1,2.000000e+02
3250,0.00177828,1,2.000000e+02
3275,0.00177828,1,2.000000e+02
3300,0.00177828,1,2.000000e+02
3325,0.00177828,1,2.000000e+02
3350,0.00177828,1,2.000000e+02
3375,0.00177828,1,2.000000e+02
3400,0.00177828,1,2.000000e+02
3425,0.00177828,1,2.000000e+02
3450,0.00177828,1,2.000000e+02
3475,0.00177828,1,2.000000e+02
3500,0.00177828,1,2.000000e+02
3525,0.00177828,1,2.000000e+02
3550,0.00177828,1,2.000000e+02
3575,0.00177828,1,2.000000e+02
3600,0.00177828,1,2.000000e+02
3625,0.00177828,1,2.000000e+02
3650,0.00177828,1,2.000000e+02
3675,0.00177828,1,2.000000e+02
3700,0.00177828,1,2.000000e+02
3725,0.00177828,1,2.000000e+02
3750,0.00177828,1,2.000000e+02
3775,0.00177828,1,2.000000e+02
3800,0.00177828,1,2.000000e+02
3825,0.00177828,1,2.000000e+02
3850,0.00177828,1,2.000000e+02
3875,0.00177828,1,2.000000e+02
3900,0.00177828,1,2.000000e+02
3925,0.00177828,1,2.000000e+02
3950,0.00177828,1,2.000000e+02
3975,0.00177828,1,2.000000e+02
4000,0.00177828,1,2.000000e+02
4025,0.00177828,1,2.000000e+02
4050,0.00177828,1,2.000000e+02
4075,0.00177828,1,2.000000e+02
4100,0.00177828,1,2.000000e+02
4125,0.00177828,1,2.000000e+02
4150,0.00177828,1,2.000000e+02
4175,0.00177828,1,2.000000e+02
4200,0.00177828,1,2.000000e+02
4225,0.00177828,1,2.000000e+02
4250,0.00177828,1,2.000000e+02
4275,0.00177828,1,2.000000e+02
4300,0.00177828,1,2.000000e+02
4325,0.00177828,1,2.000000e+02
4350,0.00177828,1,2.000000e+02
4375,0.00177828,1,2.000000e+02
4400,0.00177828,1,2.000000e+02
4425,0.00177828,1,2.000000e+02
4450,0.00177828,1,2.000000e+02
4475,0.00177828,1,2.000000e+02
4500,0.00177828,1,2.000000e+02
4525,0.00177828,1,2.000000e+02
4550,0.00177828,1,2.000000e+02
4575,0.00177828,1,2.000000e+02
4600,0.00177828,1,2.000000e+02
4625,0.00177828,1,2.000000e+02
4650,0.00177828,1,2.000000e+02
4675,0.00177828,1,2.000000e+02
4700,0.00177828,1,2.000000e+02
4725,0.00177828,1,2.000000e+02
4750,0.00177828,1,2.000000e+02
4775,0.00177828,1,2.000000e+02
4800,0.00177828,1,2.000000e+02
4825,0.00177828,1,2.000000e+02
4850,0.00177828,1,2.000000e+02
4875,0.00177828,1,2.000000e+02
4900,0.00177828,1,2.000000e+02
4925,0.00177828,1,2.000000e+02
4950,0.00177828,1,2.000000e+02
4975,0.00177828,1,2.000000e+02
5000,0.00177828,1,2.000000e+02
300,0.00316228,1,0.000000e+00
325,0.00316228,1,0.000000e+00
350,0.00316228,1,0.000000e+00
375,0.00316228,1,0.000000e+00
400,0.00316228,1,0.000000e+00
425,0.00316228,1,0.000000e+00
450,0.00316228,1,0.000000e+00
475,0.00316228,1,0.000000e+00
500,0.00316228,1,0.000000e+00
525,0.00316228,1,0.000000e+00
550,0.00316228,1,0.000000e+00
575,0.00316228,1,0.000000e+00
600,0.00316228,1,0.000000e+00
625,0.00316228,1,0.000000e+00
650,0.00316228,1,0.000000e+00
675,0.00316228,1,0.000000e+00
700,0.00316228,1,0.000000e+00
725,0.00316228,1,0.000000e+00
750,0.00316228,1,0.000000e+00
775,0.00316228,1,0.000000e+00
800,0.00316228,1,0.000000e+00
825,0.00316228,1,0.000000e+00
850,0.00316228,1,0.000000e+00
875,0.00316228,1,0.000000e+00
900,0.00316228,1,0.000000e+00
925,0.00316228,1,0.000000e+00
950,0.00316228,1,0.000000e+00
975,0.00316228,1,0.000000e+00
1000,0.00316228,1,0.000000e+00
1025,0.00316228,1,0.000000e+00
1050,0.00316228,1,0.000000e+00
1075,0.00316228,1,0.000000e+00
1100,0.00316228,1,0.000000e+00
1125,0.00316228,1,0.000000e+00
1150,0.00316228,1,0.000000e+00
1175,0.00316228,1,0.000000e+00
1200,0.00316228,1,0.000000e+00
1225,0.00316228,1,0.000000e+00
1250,0.00316228,1,0.000000e+00
1275,0.00316228,1,0.000000e+00
1300,0.00316228,1,0.000000e+00
1325,0.00316228,1,0.000000e+00
1350,0.00316228,1,0.000000e+00
1375,0.00316228,1,0.000000e+00
1400,0.00316228,1,0.000000e+00
1425,0.00316228,1,0.000000e+00
1450,0.00316228,1,0.000000e+00
1475,0.00316228,1,0.000000e+00
1500,0.00316228,1,0.000000e+00
1525,0.00316228,1,0.000000e+00
1550,0.00316228,1,0.000000e+00
1575,0.00316228,1,0.000000e+00
1600,0.00316228,1,0.000000e+00
1625,0.00316228,1,0.000000e+00
1650,0.00316228,1,0.000000e+00
1675,0.00316228,1,0.000000e+00
1700,0.00316228,1,0.000000e+00
1725,0.00316228,1,0.000000e+00
1750,0.00316228,1,0.000000e+00
1775,0.00316228,1,0.000000e+00
1800,0.00316228,1,0.000000e+00
1825,0.00316228,1,0.000000e+00
1850,0.00316228,1,0.000000e+00
1875,0.00316228,1,0.000000e+00
1900,0.00316228,1,0.000000e+00
1925,0.00316228,1,0.000000e+00
1950,0.00316228,1,0.000000e+00
1975,0.00316228,1,0.000000e+00
2000,0.00316228,1,0.000000e+00
2025,0.00316228,1,0.000000e+00
2050,0.00316228,1,0.000000e+00
2075,0.00316228,1,0.000000e+00
2100,0.00316228,1,0.000000e+00
2125,0.00316228,1,0.000000e+00
2150,0.00316228,1,0.000000e+00
2175,0.00316228,1,0.000000e+00
2200,0.00316228,1,0.000000e+00
2225,0.00316228,1,0.000000e+00
2250,0.00316228,1,0.000000e+00
2275,0.00316228,1,0.000000e+00
2300,0.00316228,1,0.000000e+00
2325,0.00316228,1,0.000000e+00
2350,0.00316228,1,0.000000e+00
2375,0.00316228,1,0.000000e+00
2400,0.00316228,1,0.000000e+00
2425,0.00316228,1,0.000000e+00
2450,0.00316228,1,0.000000e+00
2475,0.00316228,1,0.000000e+00
2500,0.00316228,1,0.000000e+00
2525,0.00316228,1,0.000000e+00
2550,0.00316228,1,0.000000e+00
2575,0.00316228,1,0.000000e+00
2600,0.00316228,1,0.000000e+00
2625,0.00316228,1,0.000000e+00
2650,0.00316228,1,0.000000e+00
2675,0.00316228,1,0.000000e+00
2700,0.00316228,1,0.000000e+00
2725,0.00316228,1,0.000000e+00
2750,0.00316228,1,0.000000e+00
2775,0.00316228,1,0.000000e+00
2800,0.00316228,1,0.000000e+00
2825,0.00316228,1,0.000000e+00
2850,0.00316228,1,3.367070e-02
2875,0.00316228,1,7.952510e-02
2900,0.00316228,1,1.405280e-01
2925,0.00316228,1,2.219710e-01
2950,0.00316228,1,3.312440e-01
2975,0.00316228,1,4.789340e-01
3000,0.00316228,1,6.806980e-01
3025,0.00316228,1,9.606680e-01
3050,0.00316228,1,1.358080e+00
3075,0.00316228,1,1.941310e+00
3100,0.00316228,1,2.841290e+00
3125,0.00316228,1,4.344420e+00
3150,0.00316228,1,7.220880e+00
3175,0.00316228,1,1.448430e+01
3200,0.00316228,1,6.058460e+01
3225,0.00316228,1,2.000000e+02
3250,0.00316228,1,2.000000e+02
3275,0.00316228,1,2.000000e+02
3300,0.00316228,1,2.000000e+02
3325,0.00316228,1,2.000000e+02
3350,0.00316228,1,2.000000e+02
3375,0.00316228,1,2.000000e+02
3400,0.00316228,1,2.000000e+02
3425,0.00316228,1,2.000000e+02
3450,0.00316228,1,2.000000e+02
3475,0.00316228,1,2.000000e+02
3500,0.00316228,1,2.000000e+02
3525,0.00316228,1,2.000000e+02
3550,0.00316228,1,2.000000e+02
3575,0.00316228,1,2.000000e+02
3600,0.00316228,1,2.000000e+02
3625,0.00316228,1,2.000000e+02
3650,0.00316228,1,2.000000e+02
3675,0.00316228,1,2.000000e+02
3700,0.00316228,1,2.000000e+02
3725,0.00316228,1,2.000000e+02
3750,0.00316228,1,2.000000e+02
3775,0.00316228,1,2.000000e+02
3800,0.00316228,1,2.000000e+02
3825,0.00316228,1,2.000000e+02
3850,0.00316228,1,2.000000e+02
3875,0.00316228,1,2.000000e+02
3900,0.00316228,1,2.000000e+02
3925,0.00316228,1,2.000000e+02
3950,0.00316228,1,2.000000e+02
3975,0.00316228,1,2.000000e+02
4000,0.00316228,1,2.000000e+02
4025,0.00316228,1,2.000000e+02
4050,0.00316228,1,2.000000e+02
4075,0.00316228,1,2.000000e+02
4100,0.00316228,1,2.000000e+02
4125,0.00316228,1,2.000000e+02
4150,0.00316228,1,2.000000e+02
4175,0.00316228,1,2.000000e+02
4200,0.00316228,1,2.000000e+02
4225,0.00316228,1,2.000000e+02
4250,0.00316228,1,2.000000e+02
4275,0.00316228,1,2.000000e+02
4300,0.00316228,1,2.000000e+02
4325,0.00316228,1,2.000000e+02
4350,0.00316228,1,2.000000e+02
4375,0.00316228,1,2.000000e+02
4400,0.00316228,1,2.000000e+02
4425,0.00316228,1,2.000000e+02
4450,0.00316228,1,2.000000e+02
4475,0.00316228,1,2.000000e+02
4500,0.00316228,1,2.000000e+02
4525,0.00316228,1,2.000000e+02
4550,0.00316228,1,2.000000e+02
4575,0.00316228,1,2.000000e+02
4600,0.00316228,1,2.000000e+02
4625,0.00316228,1,2.000000e+02
4650,0.00316228,1,2.000000e+02
4675,0.00316228,1,2.000000e+02
4700,0.00316228,1,2.000000e+02
4725,0.00316228,1,2.000000e+02
4750,0.00316228,1,2.000000e+02
4775,0.00316228,1,2.000000e+02
4800,0.00316228,1,2.000000e+02
4825,0.00316228,1,2.000000e+02
4850,0.00316228,1,2.000000e+02
4875,0.00316228,1,2.000000e+02
4900,0.00316228,1,2.000000e+02
4925,0.00316228,1,2.000000e+02
4950,0.00316228,1,2.000000e+02
4975,0.00316228,1,2.000000e+02
5000,0.00316228,1,2.000000e+02
300,0.00562341,1,0.000000e+00
325,0.00562341,1,0.000000e+00
350,0.00562341,1,0.000000e+00
375,0.00562341,1,0.000000e+00
400,0.00562341,1,0.000000e+00
425,0.00562341,1,0.000000e+00
450,0.00562341,1,0.000000e+00
475,0.00562341,1,0.000000e+00
500,0.00562341,1,0.000000e+00
525,0.00562341,1,0.000000e+00
550,0.00562341,1,0.000000e+00
575,0.00562341,1,0.000000e+00
600,0.00562341,1,0.000000e+00
625,0.00562341,1,0.000000e+00
650,0.00562341,1,0.000000e+00
675,0.00562341,1,0.000000e+00
700,0.00562341,1,0.000000e+00
725,0.00562341,1,0.000000e+00
750,0.00562341,1,0.000000e+00
775,0.00562341,1,0.000000e+00
800,0.00562341,1,0.000000e+00
825,0.00562341,1,0.000000e+00
850,0.00562341,1,0.000000e+00
875,0.00562341,1,0.000000e+00
900,0.00562341,1,0.000000e+00
925,0.00562341,1,0.000000e+00
950,0.00562341,1,0.000000e+00
975,0.00562341,1,0.000000e+00
1000,0.00562341,1,0.000000e+00
1025,0.00562341,1,0.000000e+00
1050,0.00562341,1,0.000000e+00
1075,0.00562341,1,0.000000e+00
1100,0.00562341,1,0.000000e+00
1125,0.00562341,1,0.000000e+00
1150,0.00562341,1,0.000000e+00
1175,0.00562341,1,0.000000e+00
1200,0.00562341,1,0.000000e+00
1225,0.00562341,1,0.000000e+00
1250,0.00562341,1,0.000000e+00
1275,0.00562341,1,0.000000e+00
1300,0.00562341,1,0.000000e+00
1325,0.00562341,1,0.000000e+00
1350,0.00562341,1,0.000000e+00
1375,0.00562341,1,0.000000e+00
1400,0.00562341,1,0.000000e+00
1425,0.00562341,1,0.000000e+00
1450,0.00562341,1,0.000000e+00
1475,0.00562341,1,0.000000e+00
1500,0.00562341,1,0.000000e+00
1525,0.00562341,1,0.000000e+00
1550,0.00562341,1,0.000000e+00
1575,0.00562341,1,0.000000e+00
1600,0.00562341,1,0.000000e+00
1625,0.00562341,1,0.000000e+00
1650,0.00562341,1,0.000000e+00
1675,0.00562341,1,0.000000e+00
1700,0.00562341,1,0.000000e+00
1725,0.00562341,1,0.000000e+00
1750,0.00562341,1,0.000000e+00
1775,0.00562341,1,0.000000e+00
1800,0.00562341,1,0.000000e+00
1825,0.00562341,1,0.000000e+00
1850,0.00562341,1,0.000000e+00
1875,0.00562341,1,0.000000e+00
1900,0.00562341,1,0.000000e+00
1925,0.00562341,1,0.000000e+00
1950,0.00562341,1,0.000000e+00
1975,0.00562341,1,0.000000e+00
2000,0.00562341,1,0.000000e+00
2025,0.00562341,1,0.000000e+00
2050,0.00562341,1,0.000000e+00
2075,0.00562341,1,0.000000e+00
2100,0.00562341,1,0.000000e+00
2125,0.00562341,1,0.000000e+00
2150,0.00562341,1,0.000000e+00
2175,0.00562341,1,0.000000e+00
2200,0.00562341,1,0.000000e+00
2225,0.00562341,1,0.000000e+00
2250,0.00562341,1,0.000000e+00
2275,0.00562341,1,0.000000e+00
2300,0.00562341,1,0.000000e+00
2325,0.00562341,1,0.000000e+00
2350,0.00562341,1,0.000000e+00
2375,0.00562341,1,0.000000e+00
2400,0.00562341,1,0.000000e+00
2425,0.00562341,1,0.000000e+00
2450,0.00562341,1,0.000000e+00
2475,0.00562341,1,0.000000e+00
2500,0.00562341,1,0.000000e+00
2525,0.00562341,1,0.000000e+00
2550,0.00562341,1,0.000000e+00
2575,0.00562341,1,0.000000e+00
2600,0.00562341,1,0.000000e+00
2625,0.00562341,1,0.000000e+00
2650,0.00562341,1,0.000000e+00
2675,0.00562341,1,0.000000e+00
2700,0.00562341,1,0.000000e+00
2725,0.00562341,1,0.000000e+00
2750,0.00562341,1,0.000000e+00
2775,0.00562341,1,0.000000e+00
2800,0.00562341,1,0.000000e+00
2825,0.00562341,1,0.000000e+00
2850,0.00562341,1,0.000000e+00
2875,0.00562341,1,1.152370e-02
2900,0.00562341,1,4.534160e-02
2925,0.00562341,1,8.963490e-02
2950,0.00562341,1,1.478520e-01
2975,0.00562341,1,2.246650e-01
3000,0.00562341,1,3.265140e-01
3025,0.00562341,1,4.624790e-01
3050,0.00562341,1,6.457300e-01
3075,0.00562341,1,8.960880e-01
3100,0.00562341,1,1.244810e+00
3125,0.00562341,1,1.744250e+00
3150,0.00562341,1,2.489370e+00
3175,0.00562341,1,3.672250e+00
3200,0.00562341,1,5.749160e+00
3225,0.00562341,1,1.013060e+01
3250,0.00562341,1,2.435620e+01
3275,0.00562341,1,2.000000e+02
3300,0.00562341,1,2.000000e+02
3325,0.00562341,1,2.000000e+02
3350,0.00562341,1,2.000000e+02
3375,0.00562341,1,2.000000e+02
3400,0.00562341,1,2.000000e+02
3425,0.00562341,1,2.000000e+02
3450,0.00562341,1,2.000000e+02
3475,0.00562341,1,2.000000e+02
3500,0.00562341,1,2.000000e+02
3525,0.00562341,1,2.000000e+02
3550,0.00562341,1,2.000000e+02
3575,0.00562341,1,2.000000e+02
3600,0.00562341,1,2.000000e+02
3625,0.00562341,1,2.000000e+02
3650,0.00562341,1,2.000000e+02
3675,0.00562341,1,2.000000e+02
3700,0.00562341,1,2.000000e+02
3725,0.00562341,1,2.000000e+02
3750,0.00562341,1,2.000000e+02
3775,0.00562341,1,2.000000e+02
3800,0.00562341,1,2.000000e+02
3825,0.00562341,1,2.000000e+02
3850,0.00562341,1,2.000000e+02
3875,0.00562341,1,2.000000e+02
3900,0.00562341,1,2.000000e+02
3925,0.00562341,1,2.000000e+02
3950,0.00562341,1,2.000000e+02
3975,0.00562341,1,2.000000e+02
4000,0.00562341,1,2.000000e+02
4025,0.00562341,1,2.000000e+02
4050,0.00562341,1,2.000000e+02
4075,0.00562341,1,2.000000e+02
4100,0.00562341,1,2.000000e+02
4125,0.00562341,1,2.000000e+02
4150,0.00562341,1,2.000000e+02
4175,0.00562341,1,2.000000e+02
4200,0.00562341,1,2.000000e+02
4225,0.00562341,1,2.000000e+02
4250,0.00562341,1,2.000000e+02
4275,0.00562341,1,2.000000e+02
4300,0.00562341,1,2.000000e+02
4325,0.00562341,1,2.000000e+02
4350,0.00562341,1,2.000000e+02
4375,0.00562341,1,2.000000e+02
4400,0.00562341,1,2.000000e+02
4425,0.00562341,1,2.000000e+02
4450,0.00562341,1,2.000000e+02
4475,0.00562341,1,2.000000e+02
4500,0.00562341,1,2.000000e+02
4525,0.00562341,1,2.000000e+02
4550,0.00562341,1,2.000000e+02
4575,0.00562341,1,2.000000e+02
4600,0.00562341,1,2.000000e+02
4625,0.00562341,1,2.000000e+02
4650,0.00562341,1,2.000000e+02
4675,0.00562341,1,2.000000e+02
4700,0.00562341,1,2.000000e+02
4725,0.00562341,1,2.000000e+02
4750,0.00562341,1,2.000000e+02
4775,0.00562341,1,2.000000e+02
4800,0.00562341,1,2.000000e+02
4825,0.00562341,1,2.000000e+02
4850,0.00562341,1,2.000000e+02
4875,0.00562341,1,2.000000e+02
4900,0.00562341,1,2.000000e+02
4925,0.00562341,1,2.000000e+02
4950,0.00562341,1,2.000000e+02
4975,0.00562341,1,2.000000e+02
5000,0.00562341,1,2.000000e+02
300,0.01,1,0.000000e+00
325,0.01,1,0.000000e+00
350,0.01,1,0.000000e+00
375,0.01,1,0.000000e+00
400,0.01,1,0.000000e+00
425,0.01,1,0.000000e+00
450,0.01,1,0.000000e+00
475,0.01,1,0.000000e+00
500,0.01,1,0.000000e+00
525,0.01,1,0.000000e+00
550,0.01,1,0.000000e+00
575,0.01,1,0.000000e+00
600,0.01,1,0.000000e+00
625,0.01,1,0.000000e+00
650,0.01,1,0.000000e+00
675,0.01,1,0.000000e+00
700,0.01,1,0.000000e+00
725,0.01,1,0.000000e+00
750,0.01,1,0.000000e+00
775,0.01,1,0.000000e+00
800,0.01,1,0.000000e+00
825,0.01,1,0.000000e+00
850,0.01,1,0.000000e+00
875,0.01,1,0.000000e+00
900,0.01,1,0.000000e+00
925,0.01,1,0.000000e+00
950,0.01,1,0.000000e+00
975,0.01,1,0.000000e+00
1000,0.01,1,0.000000e+00
1025,0.01,1,0.000000e+00
1050,0.01,1,0.000000e+00
1075,0.01,1,0.000000e+00
1100,0.01,1,0.000000e+00
1125,0.01,1,0.000000e+00
1150,0.01,1,0.000000e+00
1175,0.01,1,0.000000e+00
1200,0.01,1,0.000000e+00
1225,0.01,1,0.000000e+00
1250,0.01,1,0.000000e+00
1275,0.01,1,0.000000e+00
1300,0.01,1,0.000000e+00
1325,0.01,1,0.000000e+00
1350,0.01,1,0.000000e+00
1375,0.01,1,0.000000e+00
1400,0.01,1,0.000000e+00
1425,0.01,1,0.000000e+00
1450,0.01,1,0.000000e+00
1475,0.01,1,0.000000e+00
1500,0.01,1,0.000000e+00
1525,0.01,1,0.000000e+00
1550,0.01,1,0.000000e+00
1575,0.01,1,0.000000e+00
1600,0.01,1,0.000000e+00
1625,0.01,1,0.000000e+00
1650,0.01,1,0.000000e+00
1675,0.01,1,0.000000e+00
1700,0.01,1,0.000000e+00
1725,0.01,1,0.000000e+00
1750,0.01,1,0.000000e+00
1775,0.01,1,0.000000e+00
1800,0.01,1,0.000000e+00
1825,0.01,1,0.000000e+00
1850,0.01,1,0.000000e+00
1875,0.01,1,0.000000e+00
1900,0.01,1,0.000000e+00
1925,0.01,1,0.000000e+00
1950,0.01,1,0.000000e+00
1975,0.01,1,0.000000e+00
2000,0.01,1,0.000000e+00
2025,0.01,1,0.000000e+00
2050,0.01,1,0.000000e+00
2075,0.01,1,0.000000e+00
2100,0.01,1,0.000000e+00
2125,0.01,1,0.000000e+00
2150,0.01,1,0.000000e+00
2175,0.01,1,0.000000e+00
2200,0.01,1,0.000000e+00
2225,0.01,1,0.000000e+00
2250,0.01,1,0.000000e+00
2275,0.01,1,0.000000e+00
2300,0.01,1,0.000000e+00
2325,0.01,1,0.000000e+00
2350,0.01,1,0.000000e+00
2375,0.01,1,0.000000e+00
2400,0.01,1,0.000000e+00
2425,0.01,1,0.000000e+00
2450,0.01,1,0.000000e+00
2475,0.01,1,0.000000e+00
2500,0.01,1,0.000000e+00
2525,0.01,1,0.000000e+00
2550,0.01,1,0.000000e+00
2575,0.01,1,0.000000e+00
2600,0.01,1,0.000000e+00
2625,0.01,1,0.000000e+00
2650,0.01,1,0.000000e+00
2675,0.01,1,0.000000e+00
2700,0.01,1,0.000000e+00
2725,0.01,1,0.000000e+00
2750,0.01,1,0.000000e+00
2775,0.01,1,0.000000e+00
2800,0.01,1,0.000000e+00
2825,0.01,1,0.000000e+00
2850,0.01,1,0.000000e+00
2875,0.01,1,0.000000e+00
2900,0.01,1,0.000000e+00
2925,0.01,1,2.376020e-02
2950,0.01,1,5.631430e-02
2975,0.01,1,9.837520e-02
3000,0.01,1,1.529510e-01
3025,0.01,1,2.240680e-01
3050,0.01,1,3.172030e-01
3075,0.01,1,4.399430e-01
3100,0.01,1,6.030800e-01
3125,0.01,1,8.224530e-01
3150,0.01,1,1.122270e+00
3175,0.01,1,1.541500e+00
3200,0.01,1,2.147110e+00
3225,0.01,1,3.064950e+00
3250,0.01,1,4.562580e+00
3275,0.01,1,7.326780e+00
3300,0.01,1,1.380540e+01
3325,0.01,1,4.361900e+01
3350,0.01,1,2.000000e+02
3375,0.01,1,2.000000e+02
3400,0.01,1,2.000000e+02
3425,0.01,1,2.000000e+02
3450,0.01,1,2.000000e+02
3475,0.01,1,2.000000e+02
3500,0.01,1,2.000000e+02
3525,0.01,1,2.000000e+02
3550,0.01,1,2.000000e+02
3575,0.01,1,2.000000e+02
3600,0.01,1,2.000000e+02
3625,0.01,1,2.000000e+02
3650,0.01,1,2.000000e+02
3675,0.01,1,2.000000e+02
3700,0.01,1,2.000000e+02
3725,0.01,1,2.000000e+02
3750,0.01,1,2.000000e+02
3775,0.01,1,2.000000e+02
3800,0.01,1,2.000000e+02
3825,0.01,1,2.000000e+02
3850,0.01,1,2.000000e+02
3875,0.01,1,2.000000e+02
3900,0.01,1,2.000000e+02
3925,0.01,1,2.000000e+02
3950,0.01,1,2.000000e+02
3975,0.01,1,2.000000e+02
4000,0.01,1,2.000000e+02
4025,0.01,1,2.000000e+02
4050,0.01,1,2.000000e+02
4075,0.01,1,2.000000e+02
4100,0.01,1,2.000000e+02
4125,0.01,1,2.000000e+02
4150,0.01,1,2.000000e+02
4175,0.01,1,2.000000e+02
4200,0.01,1,2.000000e+02
4225,0.01,1,2.000000e+02
4250,0.01,1,2.000000e+02
4275,0.01,1,2.000000e+02
4300,0.01,1,2.000000e+02
4325,0.01,1,2.000000e+02
4350,0.01,1,2.000000e+02
4375,0.01,1,2.000000e+02
4400,0.01,1,2.000000e+02
4425,0.01,1,2.000000e+02
4450,0.01,1,2.000000e+02
4475,0.01,1,2.000000e+02
4500,0.01,1,2.000000e+02
4525,0.01,1,2.000000e+02
4550,0.01,1,2.000000e+02
4575,0.01,1,2.000000e+02
4600,0.01,1,2.000000e+02
4625,0.01,1,2.000000e+02
4650,0.01,1,2.000000e+02
4675,0.01,1,2.000000e+02
4700,0.01,1,2.000000e+02
4725,0.01,1,2.000000e+02
4750,0.01,1,2.000000e+02
4775,0.01,1,2.000000e+02
4800,0.01,1,2.000000e+02
4825,0.01,1,2.000000e+02
4850,0.01,1,2.000000e+02
4875,0.01,1,2.000000e+02
4900,0.01,1,2.000000e+02
4925,0.01,1,2.000000e+02
4950,0.01,1,2.000000e+02
4975,0.01,1,2.000000e+02
5000,0.01,1,2.000000e+02
300,0.0177828,1,0.000000e+00
325,0.0177828,1,0.000000e+00
350,0.0177828,1,0.000000e+00
375,0.0177828,1,0.000000e+00
400,0.0177828,1,0.000000e+00
425,0.0177828,1,0.000000e+00
450,0.0177828,1,0.000000e+00
475,0.0177828,1,0.000000e+00
500,0.0177828,1,0.000000e+00
525,0.0177828,1,0.000000e+00
550,0.0177828,1,0.000000e+00
575,0.0177828,1,0.000000e+00
600,0.0177828,1,0.000000e+00
625,0.0177828,1,0.000000e+00
650,0.0177828,1,0.000000e+00
675,0.0177828,1,0.000000e+00
700,0.0177828,1,0.000000e+00
725,0.0177828,1,0.000000e+00
750,0.0177828,1,0.000000e+00
775,0.0177828,1,0.000000e+00
800,0.0177828,1,0.000000e+00
825,0.0177828,1,0.000000e+00
850,0.0177828,1,0.000000e+00
875,0.0177828,1,0.000000e+00
900,0.0177828,1,0.000000e+00
925,0.0177828,1,0.000000e+00
950,0.0177828,1,0.000000e+00
975,0.0177828,1,0.000000e+00
1000,0.0177828,1,0.000000e+00
1025,0.0177828,1,0.000000e+00
1050,0.0177828,1,0.000000e+00
1075,0.0177828,1,0.000000e+00
1100,0.0177828,1,0.000000e+00
1125,0.0177828,1,0.000000e+00
1150,0.0177828,1,0.000000e+00
1175,0.0177828,1,0.000000e+00
1200,0.0177828,1,0.000000e+00
1225,0.0177828,1,0.000000e+00
1250,0.0177828,1,0.000000e+00
1275,0.0177828,1,0.000000e+00
1300,0.0177828,1,0.000000e+00
1325,0.0177828,1,0.000000e+00
1350,0.0177828,1,0.000000e+00
1375,0.0177828,1,0.000000e+00
1400,0.0177828,1,0.000000e+00
1425,0.0177828,1,0.000000e+00
1450,0.0177828,1,0.000000e+00
1475,0.0177828,1,0.000000e+00
1500,0.0177828,1,0.000000e+00
1525,0.0177828,1,0.000000e+00
1550,0.0177828,1,0.000000e+00
1575,0.0177828,1,0.000000e+00
1600,0.0177828,1,0.000000e+00
1625,0.0177828,1,0.000000e+00
1650,0.0177828,1,0.000000e+00
1675,0.0177828,1,0.000000e+00
1700,0.0177828,1,0.000000e+00
1725,0.0177828,1,0.000000e+00
1750,0.0177828,1,0.000000e+00
1775,0.0177828,1,0.000000e+00
1800,0.0177828,1,0.000000e+00
1825,0.0177828,1,0.000000e+00
1850,0.0177828,1,0.000000e+00
1875,0.0177828,1,0.000000e+00
1900,0.0177828,1,0.000000e+00
1925,0.0177828,1,0.000000e+00
1950,0.0177828,1,0.000000e+00
1975,0.0177828,1,0.000000e+00
2000,0.0177828,1,0.000000e+00
2025,0.0177828,1,0.000000e+00
2050,0.0177828,1,0.000000e+00
2075,0.0177828,1,0.000000e+00
2100,0.0177828,1,0.000000e+00
2125,0.0177828,1,0.000000e+00
2150,0.0177828,1,0.000000e+00
2175,0.0177828,1,0.000000e+00
2200,0.0177828,1,0.000000e+00
2225,0.0177828,1,0.000000e+00
2250,0.0177828,1,0.000000e+00
2275,0.0177828,1,0.000000e+00
2300,0.0177828,1,0.000000e+00
2325,0.0177828,1,0.000000e+00
2350,0.0177828,1,0.000000e+00
2375,0.0177828,1,0.000000e+00
2400,0.0177828,1,0.000000e+00
2425,0.0177828,1,0.000000e+00
2450,0.0177828,1,0.000000e+00
2475,0.0177828,1,0.000000e+00
2500,0.0177828,1,0.000000e+00
2525,0.0177828,1,0.000000e+00
2550,0.0177828,1,0.000000e+00
2575,0.0177828,1,0.000000e+00
2600,0.0177828,1,0.000000e+00
2625,0.0177828,1,0.000000e+00
2650,0.0177828,1,0.000000e+00
2675,0.0177828,1,0.000000e+00
2700,0.0177828,1,0.000000e+00
2725,0.0177828,1,0.000000e+00
2750,0.0177828,1,0.000000e+00
2775,0.0177828,1,0.000000e+00
2800,0.0177828,1,0.000000e+00
2825,0.0177828,1,0.000000e+00
2850,0.0177828,1,0.000000e+00
2875,0.0177828,1,0.000000e+00
2900,0.0177828,1,0.000000e+00
2925,0.0177828,1,0.000000e+00
2950,0.0177828,1,1.167080e-02
2975,0.0177828,1,3.610000e-02
3000,0.0177828,1,6.702210e-02
3025,0.0177828,1,1.063940e-01
3050,0.0177828,1,1.567790e-01
3075,0.0177828,1,2.215710e-01
3100,0.0177828,1,3.053150e-01
3125,0.0177828,1,4.142080e-01
3150,0.0177828,1,5.568820e-01
3175,0.0177828,1,7.456980e-01
3200,0.0177828,1,9.989710e-01
3225,0.0177828,1,1.345030e+00
3250,0.0177828,1,1.830190e+00
3275,0.0177828,1,2.535660e+00
3300,0.0177828,1,3.618250e+00
3325,0.0177828,1,5.424760e+00
3350,0.0177828,1,8.903410e+00
3375,0.0177828,1,1.788710e+01
3400,0.0177828,1,8.300520e+01
3425,0.0177828,1,2.000000e+02
3450,0.0177828,1,2.000000e+02
3475,0.0177828,1,2.000000e+02
3500,0.0177828,1,2.000000e+02
3525,0.0177828,1,2.000000e+02
3550,0.0177828,1,2.000000e+02
3575,0.0177828,1,2.000000e+02
3600,0.0177828,1,2.000000e+02
3625,0.0177828,1,2.000000e+02
3650,0.0177828,1,2.000000e+02
3675,0.0177828,1,2.000000e+02
3700,0.0177828,1,2.000000e+02
3725,0.0177828,1,2.000000e+02
3750,0.0177828,1,2.000000e+02
3775,0.0177828,1,2.000000e+02
3800,0.0177828,1,2.000000e+02
3825,0.0177828,1,2.000000e+02
3850,0.0177828,1,2.000000e+02
3875,0.0177828,1,2.000000e+02
3900,0.0177828,1,2.000000e+02
3925,0.0177828,1,2.000000e+02
3950,0.0177828,1,2.000000e+02
3975,0.0177828,1,2.000000e+02
4000,0.0177828,1,2.000000e+02
4025,0.0177828,1,2.000000e+02
4050,0.0177828,1,2.000000e+02
4075,0.0177828,1,2.000000e+02
4100,0.0177828,1,2.000000e+02
4125,0.0177828,1,2.000000e+02
4150,0.0177828,1,2.000000e+02
4175,0.0177828,1,2.000000e+02
4200,0.0177828,1,2.000000e+02
4225,0.0177828,1,2.000000e+02
4250,0.0177828,1,2.000000e+02
4275,0.0177828,1,2.000000e+02
4300,0.0177828,1,2.000000e+02
4325,0.0177828,1,2.000000e+02
4350,0.0177828,1,2.000000e+02
4375,0.0177828,1,2.000000e+02
4400,0.0177828,1,2.000000e+02
4425,0.0177828,1,2.000000e+02
4450,0.0177828,1,2.000000e+02
4475,0.0177828,1,2.000000e+02
4500,0.0177828,1,2.000000e+02
4525,0.0177828,1,2.000000e+02
4550,0.0177828,1,2.000000e+02
4575,0.0177828,1,2.000000e+02
4600,0.0177828,1,2.000000e+02
4625,0.0177828,1,2.000000e+02
4650,0.0177828,1,2.000000e+02
4675,0.0177828,1,2.000000e+02
4700,0.0177828,1,2.000000e+02
4725,0.0177828,1,2.000000e+02
4750,0.0177828,1,2.000000e+02
4775,0.0177828,1,2.000000e+02
4800,0.0177828,1,2.000000e+02
4825,0.0177828,1,2.000000e+02
4850,0.0177828,1,2.000000e+02
4875,0.0177828,1,2.000000e+02
4900,0.0177828,1,2.000000e+02
4925,0.0177828,1,2.000000e+02
4950,0.0177828,1,2.000000e+02
4975,0.0177828,1,2.000000e+02
5000,0.0177828,1,2.000000e+02
300,0.0316228,1,0.000000e+00
325,0.0316228,1,0.000000e+00
350,0.0316228,1,0.000000e+00
375,0.0316228,1,0.000000e+00
400,0.0316228,1,0.000000e+00
425,0.0316228,1,0.000000e+00
450,0.0316228,1,0.000000e+00
475,0.0316228,1,0.000000e+00
500,0.0316228,1,0.000000e+00
525,0.0316228,1,0.000000e+00
550,0.0316228,1,0.000000e+00
575,0.0316228,1,0.000000e+00
600,0.0316228,1,0.000000e+00
625,0.0316228,1,0.000000e+00
650,0.0316228,1,0.000000e+00
675,0.0316228,1,0.000000e+00
700,0.0316228,1,0.000000e+00
725,0.0316228,1,0.000000e+00
750,0.0316228,1,0.000000e+00
775,0.0316228,1,0.000000e+00
800,0.0316228,1,0.000000e+00
825,0.0316228,1,0.000000e+00
850,0.0316228,1,0.000000e+00
875,0.0316228,1,0.000000e+00
900,0.0316228,1,0.000000e+00
925,0.0316228,1,0.000000e+00
950,0.0316228,1,0.000000e+00
975,0.0316228,1,0.000000e+00
1000,0.0316228,1,0.000000e+00
1025,0.0316228,1,0.000000e+00
1050,0.0316228,1,0.000000e+00
1075,0.0316228,1,0.000000e+00
1100,0.0316228,1,0.000000e+00
1125,0.0316228,1,0.000000e+00
1150,0.0316228,1,0.000000e+00
1175,0.0316228,1,0.000000e+00
1200,0.0316228,1,0.000000e+00
1225,0.0316228,1,0.000000e+00
1250,0.0316228,1,0.000000e+00
1275,0.0316228,1,0.000000e+00
1300,0.0316228,1,0.000000e+00
1325,0.0316228,1,0.000000e+00
1350,0.0316228,1,0.000000e+00
1375,0.0316228,1,0.000000e+00
1400,0.0316228,1,0.000000e+00
1425,0.0316228,1,0.000000e+00
1450,0.0316228,1,0.000000e+00
1475,0.0316228,1,0.000000e+00
1500,0.0316228,1,0.000000e+00
1525,0.0316228,1,0.000000e+00
1550,0.0316228,1,0.000000e+00
1575,0.0316228,1,0.000000e+00
1600,0.0316228,1,0.000000e+00
1625,0.0316228,1,0.000000e+00
1650,0.0316228,1,0.000000e+00
1675,0.0316228,1,0.000000e+00
1700,0.0316228,1,0.000000e+00
1725,0.0316228,1,0.000000e+00
1750,0.0316228,1,0.000000e+00
1775,0.0316228,1,0.000000e+00
1800,0.0316228,1,0.000000e+00
1825,0.0316228,1,0.000000e+00
1850,0.0316228,1,0.000000e+00
1875,0.0316228,1,0.000000e+00
1900,0.0316228,1,0.000000e+00
1925,0.0316228,1,0.000000e+00
1950,0.0316228,1,0.000000e+00
1975,0.0316228,1,0.000000e+00
2000,0.0316228,1,0.000000e+00
2025,0.0316228,1,0.000000e+00
2050,0.0316228,1,0.000000e+00
2075,0.0316228,1,0.000000e+00
2100,0.0316228,1,0.000000e+00
2125,0.0316228,1,0.000000e+00
2150,0.0316228,1,0.000000e+00
2175,0.0316228,1,0.000000e+00
2200,0.0316228,1,0.000000e+00
2225,0.0316228,1,0.000000e+00
2250,0.0316228,1,0.000000e+00
2275,0.0316228,1,0.000000e+00
2300,0.0316228,1,0.000000e+00
2325,0.0316228,1,0.000000e+00
2350,0.0316228,1,0.000000e+00
2375,0.0316228,1,0.000000e+00
2400,0.0316228,1,0.000000e+00
2425,0.0316228,1,0.000000e+00
2450,0.0316228,1,0.000000e+00
2475,0.0316228,1,0.000000e+00
2500,0.0316228,1,0.000000e+00
2525,0.0316228,1,0.000000e+00
2550,0.0316228,1,0.000000e+00
2575,0.0316228,1,0.000000e+00
2600,0.0316228,1,0.000000e+00
2625,0.0316228,1,0.000000e+00
2650,0.0316228,1,0.000000e+00
2675,0.0316228,1,0.000000e+00
2700,0.0316228,1,0.000000e+00
2725,0.0316228,1,0.000000e+00
2750,0.0316228,1,0.000000e+00
2775,0.0316228,1,0.000000e+00
2800,0.0316228,1,0.000000e+00
2825,0.0316228,1,0.000000e+00
2850,0.0316228,1,0.000000e+00
2875,0.0316228,1,0.000000e+00
2900,0.0316228,1,0.000000e+00
2925,0.0316228,1,0.000000e+00
2950,0.0316228,1,0.000000e+00
2975,0.0316228,1,6.587560e-03
3000,0.0316228,1,2.550790e-02
3025,0.0316228,1,4.886720e-02
3050,0.0316228,1,7.794460e-02
3075,0.0316228,1,1.143900e-01
3100,0.0316228,1,1.603410e-01
3125,0.0316228,1,2.185950e-01
3150,0.0316228,1,2.928450e-01
3175,0.0316228,1,3.880430e-01
3200,0.0316228,1,5.109510e-01
3225,0.0316228,1,6.710150e-01
3250,0.0316228,1,8.818210e-01
3275,0.0316228,1,1.163610e+00
3300,0.0316228,1,1.547950e+00
3325,0.0316228,1,2.086850e+00
3350,0.0316228,1,2.872690e+00
3375,0.0316228,1,4.086630e+00
3400,0.0316228,1,6.138750e+00
3425,0.0316228,1,1.019400e+01
3450,0.0316228,1,2.135520e+01
3475,0.0316228,1,1.477690e+02
3500,0.0316228,1,2.000000e+02
3525,0.0316228,1,2.000000e+02
3550,0.0316228,1,2.000000e+02
3575,0.0316228,1,2.000000e+02
3600,0.0316228,1,2.000000e+02
3625,0.0316228,1,2.000000e+02
3650,0.0316228,1,2.000000e+02
3675,0.0316228,1,2.000000e+02
3700,0.0316228,1,2.000000e+02
3725,0.0316228,1,2.000000e+02
3750,0.0316228,1,2.000000e+02
3775,0.0316228,1,2.000000e+02
3800,0.0316228,1,2.000000e+02
3825,0.0316228,1,2.000000e+02
3850,0.0316228,1,2.000000e+02
3875,0.0316228,1,2.000000e+02
3900,0.0316228,1,2.000000e+02
3925,0.0316228,1,2.000000e+02
3950,0.0316228,1,2.000000e+02
3975,0.0316228,1,2.000000e+02
4000,0.0316228,1,2.000000e+02
4025,0.0316228,1,2.000000e+02
4050,0.0316228,1,2.000000e+02
4075,0.0316228,1,2.000000e+02
4100,0.0316228,1,2.000000e+02
4125,0.0316228,1,2.000000e+02
4150,0.0316228,1,2.000000e+02
4175,0.0316228,1,2.000000e+02
4200,0.0316228,1,2.000000e+02
4225,0.0316228,1,2.000000e+02
4250,0.0316228,1,2.000000e+02
4275,0.0316228,1,2.000000e+02
4300,0.0316228,1,2.000000e+02
4325,0.0316228,1,2.000000e+02
4350,0.0316228,1,2.000000e+02
4375,0.0316228,1,2.000000e+02
4400,0.0316228,1,2.000000e+02
4425,0.0316228,1,2.000000e+02
4450,0.0316228,1,2.000000e+02
4475,0.0316228,1,2.000000e+02
4500,0.0316228,1,2.000000e+02
4525,0.0316228,1,2.000000e+02
4550,0.0316228,1,2.000000e+02
4575,0.0316228,1,2.000000e+02
4600,0.0316228,1,2.000000e+02
4625,0.0316228,1,2.000000e+02
4650,0.0316228,1,2.000000e+02
4675,0.0316228,1,2.000000e+02
4700,0.0316228,1,2.000000e+02
4725,0.0316228,1,2.000000e+02
4750,0.0316228,1,2.000000e+02
4775,0.0316228,1,2.000000e+02
4800,0.0316228,1,2.000000e+02
4825,0.0316228,1,2.000000e+02
4850,0.0316228,1,2.000000e+02
4875,0.0316228,1,2.000000e+02
4900,0.0316228,1,2.000000e+02
4925,0.0316228,1,2.000000e+02
4950,0.0316228,1,2.000000e+02
4975,0.0316228,1,2.000000e+02
5000,0.0316228,1,2.000000e+02
300,0.0562341,1,0.000000e+00
325,0.0562341,1,0.000000e+00
350,0.0562341,1,0.000000e+00
375,0.0562341,1,0.000000e+00
400,0.0562341,1,0.000000e+00
425,0.0562341,1,0.000000e+00
450,0.0562341,1,0.000000e+00
475,0.0562341,1,0.000000e+00
500,0.0562341,1,0.000000e+00
525,0.0562341,1,0.000000e+00
550,0.0562341,1,0.000000e+00
575,0.0562341,1,0.000000e+00
600,0.0562341,1,0.000000e+00
625,0.0562341,1,0.000000e+00
650,0.0562341,1,0.000000e+00
675,0.0562341,1,0.000000e+00
700,0.0562341,1,0.000000e+00
725,0.0562341,1,0.000000e+00
750,0.0562341,1,0.000000e+00
775,0.0562341,1,0.000000e+00
800,0.0562341,1,0.000000e+00
825,0.0562341,1,0.000000e+00
850,0.0562341,1,0.000000e+00
875,0.0562341,1,0.000000e+00
900,0.0562341,1,0.000000e+00
925,0.0562341,1,0.000000e+00
950,0.0562341,1,0.000000e+00
975,0.0562341,1,0.000000e+00
1000,0.0562341,1,0.000000e+00
1025,0.0562341,1,0.000000e+00
1050,0.0562341,1,0.000000e+00
1075,0.0562341,1,0.000000e+00
1100,0.0562341,1,0.000000e+00
1125,0.0562341,1,0.000000e+00
1150,0.0562341,1,0.000000e+00
1175,0.0562341,1,0.000000e+00
1200,0.0562341,1,0.000000e+00
1225,0.0562341,1,0.000000e+00
1250,0.0562341,1,0.000000e+00
1275,0.0562341,1,0.000000e+00
1300,0.0562341,1,0.000000e+00
1325,0.0562341,1,0.000000e+00
1350,0.0562341,1,0.000000e+00
1375,0.0562341,1,0.000000e+00
1400,0.0562341,1,0.000000e+00
1425,0.0562341,1,0.000000e+00
1450,0.0562341,1,0.000000e+00
1475,0.0562341,1,0.000000e+00
1500,0.0562341,1,0.000000e+00
1525,0.0562341,1,0.000000e+00
1550,0.0562341,1,0.000000e+00
1575,0.0562341,1,0.000000e+00
1600,0.0562341,1,0.000000e+00
1625,0.0562341,1,0.000000e+00
1650,0.0562341,1,0.000000e+00
1675,0.0562341,1,0.000000e+00
1700,0.0562341,1,0.000000e+00
1725,0.0562341,1,0.000000e+00
1750,0.0562341,1,0.000000e+00
1775,0.0562341,1,0.000000e+00
1800,0.0562341,1,0.000000e+00
1825,0.0562341,1,0.000000e+00
1850,0.0562341,1,0.000000e+00
1875,0.0562341,1,0.000000e+00
1900,0.0562341,1,0.000000e+00
1925,0.0562341,1,0.000000e+00
1950,0.0562341,1,0.000000e+00
1975,0.0562341,1,0.000000e+00
2000,0.0562341,1,0.000000e+00
2025,0.0562341,1,0.000000e+00
2050,0.0562341,1,0.000000e+00
2075,0.0562341,1,0.000000e+00
2100,0.0562341,1,0.000000e+00
2125,0.0562341,1,0.000000e+00
2150,0.0562341,1,0.000000e+00
2175,0.0562341,1,0.000000e+00
2200,0.0562341,1,0.000000e+00
2225,0.0562341,1,0.000000e+00
2250,0.0562341,1,0.000000e+00
2275,0.0562341,1,0.000000e+00
2300,0.0562341,1,0.000000e+00
2325,0.0562341,1,0.000000e+00
2350,0.0562341,1,0.000000e+00
2375,0.0562341,1,0.000000e+00
2400,0.0562341,1,0.000000e+00
2425,0.0562341,1,0.000000e+00
2450,0.0562341,1,0.000000e+00
2475,0.0562341,1,0.000000e+00
2500,0.0562341,1,0.000000e+00
2525,0.0562341,1,0.000000e+00
2550,0.0562341,1,0.000000e+00
2575,0.0562341,1,0.000000e+00
2600,0.0562341,1,0.000000e+00
2625,0.0562341,1,0.000000e+00
2650,0.0562341,1,0.000000e+00
2675,0.0562341,1,0.000000e+00
2700,0.0562341,1,0.000000e+00
2725,0.0562341,1,0.000000e+00
2750,0.0562341,1,0.000000e+00
2775,0.0562341,1,0.000000e+00
2800,0.0562341,1,0.000000e+00
2825,0.0562341,1,0.000000e+00
2850,0.0562341,1,0.000000e+00
2875,0.0562341,1,0.000000e+00
2900,0.0562341,1,0.000000e+00
2925,0.0562341,1,0.000000e+00
2950,0.0562341,1,0.000000e+00
2975,0.0562341,1,0.000000e+00
3000,0.0562341,1,6.563940e-03
3025,0.0562341,1,2.184320e-02
3050,0.0562341,1,4.017040e-02
3075,0.0562341,1,6.238300e-02
3100,0.0562341,1,8.954780e-02
3125,0.0562341,1,1.230280e-01
3150,0.0562341,1,1.645710e-01
3175,0.0562341,1,2.164360e-01
3200,0.0562341,1,2.815660e-01
3225,0.0562341,1,3.638400e-01
3250,0.0562341,1,4.684550e-01
3275,0.0562341,1,6.025060e-01
3300,0.0562341,1,7.759070e-01
3325,0.0562341,1,1.002930e+00
3350,0.0562341,1,1.304870e+00
3375,0.0562341,1,1.714970e+00
3400,0.0562341,1,2.288130e+00
3425,0.0562341,1,3.122010e+00
3450,0.0562341,1,4.408580e+00
3475,0.0562341,1,6.583560e+00
3500,0.0562341,1,1.088980e+01
3525,0.0562341,1,2.281660e+01
3550,0.0562341,1,1.655340e+02
3575,0.0562341,1,2.000000e+02
3600,0.0562341,1,2.000000e+02
3625,0.0562341,1,2.000000e+02
3650,0.0562341,1,2.000000e+02
3675,0.0562341,1,2.000000e+02
3700,0.0562341,1,2.000000e+02
3725,0.0562341,1,2.000000e+02
3750,0.0562341,1,2.000000e+02
3775,0.0562341,1,2.000000e+02
3800,0.0562341,1,2.000000e+02
3825,0.0562341,1,2.000000e+02
3850,0.0562341,1,2.000000e+02
3875,0.0562341,1,2.000000e+02
3900,0.0562341,1,2.000000e+02
3925,0.0562341,1,2.000000e+02
3950,0.0562341,1,2.000000e+02
3975,0.0562341,1,2.000000e+02
4000,0.0562341,1,2.000000e+02
4025,0.0562341,1,2.000000e+02
4050,0.0562341,1,2.000000e+02
4075,0.0562341,1,2.000000e+02
4100,0.0562341,1,2.000000e+02
4125,0.0562341,1,2.000000e+02
4150,0.0562341,1,2.000000e+02
4175,0.0562341,1,2.000000e+02
4200,0.0562341,1,2.000000e+02
4225,0.0562341,1,2.000000e+02
4250,0.0562341,1,2.000000e+02
4275,0.0562341,1,2.000000e+02
4300,0.0562341,1,2.000000e+02
4325,0.0562341,1,2.000000e+02
4350,0.0562341,1,2.000000e+02
4375,0.0562341,1,2.000000e+02
4400,0.0562341,1,2.000000e+02
4425,0.0562341,1,2.000000e+02
4450,0.0562341,1,2.000000e+02
4475,0.0562341,1,2.000000e+02
4500,0.0562341,1,2.000000e+02
4525,0.0562341,1,2.000000e+02
4550,0.0562341,1,2.000000e+02
4575,0.0562341,1,2.000000e+02
4600,0.0562341,1,2.000000e+02
4625,0.0562341,1,2.000000e+02
4650,0.0562341,1,2.000000e+02
4675,0.0562341,1,2.000000e+02
4700,0.0562341,1,2.000000e+02
4725,0.0562341,1,2.000000e+02
4750,0.0562341,1,2.000000e+02
4775,0.0562341,1,2.000000e+02
4800,0.0562341,1,2.000000e+02
4825,0.0562341,1,2.000000e+02
4850,0.0562341,1,2.000000e+02
4875,0.0562341,1,2.000000e+02
4900,0.0562341,1,2.000000e+02
4925,0.0562341,1,2.000000e+02
4950,0.0562341,1,2.000000e+02
4975,0.0562341,1,2.000000e+02
5000,0.0562341,1,2.000000e+02
300,0.1,1,0.000000e+00
325,0.1,1,0.000000e+00
350,0.1,1,0.000000e+00
375,0.1,1,0.000000e+00
400,0.1,1,0.000000e+00
425,0.1,1,0.000000e+00
450,0.1,1,0.000000e+00
475,0.1,1,0.000000e+00
500,0.1,1,0.000000e+00
525,0.1,1,0.000000e+00
550,0.1,1,0.000000e+00
575,0.1,1,0.000000e+00
600,0.1,1,0.000000e+00
625,0.1,1,0.000000e+00
650,0.1,1,0.000000e+00
675,0.1,1,0.000000e+00
700,0.1,1,0.000000e+00
725,0.1,1,0.000000e+00
750,0.1,1,0.000000e+00
775,0.1,1,0.000000e+00
800,0.1,1,0.000000e+00
825,0.1,1,0.000000e+00
850,0.1,1,0.000000e+00
875,0.1,1,0.000000e+00
900,0.1,1,0.000000e+00
925,0.1,1,0.000000e+00
950,0.1,1,0.000000e+00
975,0.1,1,0.000000e+00
1000,0.1,1,0.000000e+00
1025,0.1,1,0.000000e+00
1050,0.1,1,0.000000e+00
1075,0.1,1,0.000000e+00
1100,0.1,1,0.000000e+00
1125,0.1,1,0.000000e+00
1150,0.1,1,0.000000e+00
1175,0.1,1,0.000000e+00
1200,0.1,1,0.000000e+00
1225,0.1,1,0.000000e+00
1250,0.1,1,0.000000e+00
1275,0.1,1,0.000000e+00
1300,0.1,1,0.000000e+00
1325,0.1,1,0.000000e+00
1350,0.1,1,0.000000e+00
1375,0.1,1,0.000000e+00
1400,0.1,1,0.000000e+00
1425,0.1,1,0.000000e+00
1450,0.1,1,0.000000e+00
1475,0.1,1,0.000000e+00
1500,0.1,1,0.000000e+00
1525,0.1,1,0.000000e+00
1550,0.1,1,0.000000e+00
1575,0.1,1,0.000000e+00
1600,0.1,1,0.000000e+00
1625,0.1,1,0.000000e+00
1650,0.1,1,0.000000e+00
1675,0.1,1,0.000000e+00
1700,0.1,1,0.000000e+00
1725,0.1,1,0.000000e+00
1750,0.1,1,0.000000e+00
1775,0.1,1,0.000000e+00
1800,0.1,1,0.000000e+00
1825,0.1,1,0.000000e+00
1850,0.1,1,0.000000e+00
1875,0.1,1,0.000000e+00
1900,0.1,1,0.000000e+00
1925,0.1,1,0.000000e+00
1950,0.1,1,0.000000e+00
1975,0.1,1,0.000000e+00
2000,0.1,1,0.000000e+00
2025,0.1,1,0.000000e+00
2050,0.1,1,0.000000e+00
2075,0.1,1,0.000000e+00
2100,0.1,1,0.000000e+00
2125,0.1,1,0.000000e+00
2150,0.1,1,0.000000e+00
2175,0.1,1,0.000000e+00
2200,0.1,1,0.000000e+00
2225,0.1,1,0.000000e+00
2250,0.1,1,0.000000e+00
2275,0.1,1,0.000000e+00
2300,0.1,1,0.000000e+00
2325,0.1,1,0.000000e+00
2350,0.1,1,0.000000e+00
2375,0.1,1,0.000000e+00
2400,0.1,1,0.000000e+00
2425,0.1,1,0.000000e+00
2450,0.1,1,0.000000e+00
2475,0.1,1,0.000000e+00
2500,0.1,1,0.000000e+00
2525,0.1,1,0.000000e+00
2550,0.1,1,0.000000e+00
2575,0.1,1,0.000000e+00
2600,0.1,1,0.000000e+00
2625,0.1,1,0.000000e+00
2650,0.1,1,0.000000e+00
2675,0.1,1,0.000000e+00
2700,0.1,1,0.000000e+00
2725,0.1,1,0.000000e+00
2750,0.1,1,0.000000e+00
2775,0.1,1,0.000000e+00
2800,0.1,1,0.000000e+00
2825,0.1,1,0.000000e+00
2850,0.1,1,0.000000e+00
2875,0.1,1,0.000000e+00
2900,0.1,1,0.000000e+00
2925,0.1,1,0.000000e+00
2950,0.1,1,0.000000e+00
2975,0.1,1,0.000000e+00
3000,0.1,1,0.000000e+00
3025,0.1,1,1.012300e-02
3050,0.1,1,2.307070e-02
3075,0.1,1,3.813160e-02
3100,0.1,1,5.585420e-02
3125,0.1,1,7.693100e-02
3150,0.1,1,1.022360e-01
3175,0.1,1,1.328740e-01
3200,0.1,1,1.702490e-01
3225,0.1,1,2.161510e-01
3250,0.1,1,2.728830e-01
3275,0.1,1,3.434340e-01
3300,0.1,1,4.317320e-01
3325,0.1,1,5.430250e-01
3350,0.1,1,6.844540e-01
3375,0.1,1,8.659790e-01
3400,0.1,1,1.101890e+00
3425,0.1,1,1.413420e+00
3450,0.1,1,1.833590e+00
3475,0.1,1,2.416570e+00
3500,0.1,1,3.257870e+00
3525,0.1,1,4.542970e+00
3550,0.1,1,6.684880e+00
3575,0.1,1,1.082400e+01
3600,0.1,1,2.165330e+01
3625,0.1,1,1.065580e+02
3650,0.1,1,2.000000e+02
3675,0.1,1,2.000000e+02
3700,0.1,1,2.000000e+02
3725,0.1,1,2.000000e+02
3750,0.1,1,2.000000e+02
3775,0.1,1,2.000000e+02
3800,0.1,1,2.000000e+02
3825,0.1,1,2.000000e+02
3850,0.1,1,2.000000e+02
3875,0.1,1,2.000000e+02
3900,0.1,1,2.000000e+02
3925,0.1,1,2.000000e+02
3950,0.1,1,2.000000e+02
3975,0.1,1,2.000000e+02
4000,0.1,1,2.000000e+02
4025,0.1,1,2.000000e+02
4050,0.1,1,2.000000e+02
4075,0.1,1,2.000000e+02
4100,0.1,1,2.000000e+02
4125,0.1,1,2.000000e+02
4150,0.1,1,2.000000e+02
4175,0.1,1,2.000000e+02
4200,0.1,1,2.000000e+02
4225,0.1,1,2.000000e+02
4250,0.1,1,2.000000e+02
4275,0.1,1,2.000000e+02
4300,0.1,1,2.000000e+02
4325,0.1,1,2.000000e+02
4350,0.1,1,2.000000e+02
4375,0.1,1,2.000000e+02
4400,0.1,1,2.000000e+02
4425,0.1,1,2.000000e+02
4450,0.1,1,2.000000e+02
4475,0.1,1,2.000000e+02
4500,0.1,1,2.000000e+02
4525,0.1,1,2.000000e+02
4550,0.1,1,2.000000e+02
4575,0.1,1,2.000000e+02
4600,0.1,1,2.000000e+02
4625,0.1,1,2.000000e+02
4650,0.1,1,2.000000e+02
4675,0.1,1,2.000000e+02
4700,0.1,1,2.000000e+02
4725,0.1,1,2.000000e+02
4750,0.1,1,2.000000e+02
4775,0.1,1,2.000000e+02
4800,0.1,1,2.000000e+02
4825,0.1,1,2.000000e+02
4850,0.1,1,2.000000e+02
4875,0.1,1,2.000000e+02
4900,0.1,1,2.000000e+02
4925,0.1,1,2.000000e+02
4950,0.1,1,2.000000e+02
4975,0.1,1,2.000000e+02
5000,0.1,1,2.000000e+02
300,0.177828,1,0.000000e+00
325,0.177828,1,0.000000e+00
350,0.177828,1,0.000000e+00
375,0.177828,1,0.000000e+00
400,0.177828,1,0.000000e+00
425,0.177828,1,0.000000e+00
450,0.177828,1,0.000000e+00
475,0.177828,1,0.000000e+00
500,0.177828,1,0.000000e+00
525,0.177828,1,0.000000e+00
550,0.177828,1,0.000000e+00
575,0.177828,1,0.000000e+00
600,0.177828,1,0.000000e+00
625,0.177828,1,0.000000e+00
650,0.177828,1,0.000000e+00
675,0.177828,1,0.000000e+00
700,0.177828,1,0.000000e+00
725,0.177828,1,0.000000e+00
750,0.177828,1,0.000000e+00
775,0.177828,1,0.000000e+00
800,0.177828,1,0.000000e+00
825,0.177828,1,0.000000e+00
850,0.177828,1,0.000000e+00
875,0.177828,1,0.000000e+00
900,0.177828,1,0.000000e+00
925,0.177828,1,0.000000e+00
950,0.177828,1,0.000000e+00
975,0.177828,1,0.000000e+00
1000,0.177828,1,0.000000e+00
1025,0.177828,1,0.000000e+00
1050,0.177828,1,0.000000e+00
1075,0.177828,1,0.000000e+00
1100,0.177828,1,0.000000e+00
1125,0.177828,1,0.000000e+00
1150,0.177828,1,0.000000e+00
1175,0.177828,1,0.000000e+00
1200,0.177828,1,0.000000e+00
1225,0.177828,1,0.000000e+00
1250,0.177828,1,0.000000e+00
1275,0.177828,1,0.000000e+00
1300,0.177828,1,0.000000e+00
1325,0.177828,1,0.000000e+00
1350,0.177828,1,0.000000e+00
1375,0.177828,1,0.000000e+00
1400,0.177828,1,0.000000e+00
1425,0.177828,1,0.000000e+00
1450,0.177828,1,0.000000e+00
1475,0.177828,1,0.000000e+00
1500,0.177828,1,0.000000e+00
1525,0.177828,1,0.000000e+00
1550,0.177828,1,0.000000e+00
1575,0.177828,1,0.000000e+00
1600,0.177828,1,0.000000e+00
1625,0.177828,1,0.000000e+00
1650,0.177828,1,0.000000e+00
1675,0.177828,1,0.000000e+00
1700,0.177828,1,0.000000e+00
1725,0.177828,1,0.000000e+00
1750,0.177828,1,0.000000e+00
1775,0.177828,1,0.000000e+00
1800,0.177828,1,0.000000e+00
1825,0.177828,1,0.000000e+00
1850,0.177828,1,0.000000e+00
1875,0.177828,1,0.000000e+00
1900,0.177828,1,0.000000e+00
1925,0.177828,1,0.000000e+00
1950,0.177828,1,0.000000e+00
1975,0.177828,1,0.000000e+00
2000,0.177828,1,0.000000e+00
2025,0.177828,1,0.000000e+00
2050,0.177828,1,0.000000e+00
2075,0.177828,1,0.000000e+00
2100,0.177828,1,0.000000e+00
2125,0.177828,1,0.000000e+00
2150,0.177828,1,0.000000e+00
2175,0.177828,1,0.000000e+00
2200,0.177828,1,0.000000e+00
2225,0.177828,1,0.000000e+00
2250,0.177828,1,0.000000e+00
2275,0.177828,1,0.000000e+00
2300,0.177828,1,0.000000e+00
2325,0.177828,1,0.000000e+00
2350,0.177828,1,0.000000e+00
2375,0.177828,1,0.000000e+00
2400,0.177828,1,0.000000e+00
2425,0.177828,1,0.000000e+00
2450,0.177828,1,0.000000e+00
2475,0.177828,1,0.000000e+00
2500,0.177828,1,0.000000e+00
2525,0.177828,1,0.000000e+00
2550,0.177828,1,0.000000e+00
2575,0.177828,1,0.000000e+00
2600,0.177828,1,0.000000e+00
2625,0.177828,1,0.000000e+00
2650,0.177828,1,0.000000e+00
2675,0.177828,1,0.000000e+00
2700,0.177828,1,0.000000e+00
2725,0.177828,1,0.000000e+00
2750,0.177828,1,0.000000e+00
2775,0.177828,1,0.000000e+00
2800,0.177828,1,0.000000e+00
2825,0.177828,1,0.000000e+00
2850,0.177828,1,0.000000e+00
2875,0.177828,1,0.000000e+00
2900,0.177828,1,0.000000e+00
2925,0.177828,1,0.000000e+00
2950,0.177828,1,0.000000e+00
2975,0.177828,1,0.000000e+00
3000,0.177828,1,0.000000e+00
3025,0.177828,1,5.866360e-03
3050,0.177828,1,1.618070e-02
3075,0.177828,1,2.769770e-02
3100,0.177828,1,4.070440e-02
3125,0.177828,1,5.556050e-02
3150,0.177828,1,7.271640e-02
3175,0.177828,1,9.273510e-02
3200,0.177828,1,1.163210e-01
3225,0.177828,1,1.443560e-01
3250,0.177828,1,1.779490e-01
3275,0.177828,1,2.184960e-01
3300,0.177828,1,2.677720e-01
3325,0.177828,1,3.280430e-01
3350,0.177828,1,4.022400e-01
3375,0.177828,1,4.941930e-01
3400,0.177828,1,6.089960e-01
3425,0.177828,1,7.535440e-01
3450,0.177828,1,9.373940e-01
3475,0.177828,1,1.174160e+00
3500,0.177828,1,1.483920e+00
3525,0.177828,1,1.897520e+00
3550,0.177828,1,2.464880e+00
3575,0.177828,1,3.272420e+00
3600,0.177828,1,4.483580e+00
3625,0.177828,1,6.448510e+00
3650,0.177828,1,1.007420e+01
3675,0.177828,1,1.863980e+01
3700,0.177828,1,5.950600e+01
3725,0.177828,1,2.000000e+02
3750,0.177828,1,2.000000e+02
3775,0.177828,1,2.000000e+02
3800,0.177828,1,2.000000e+02
3825,0.177828,1,2.000000e+02
3850,0.177828,1,2.000000e+02
3875,0.177828,1,2.000000e+02
3900,0.177828,1,2.000000e+02
3925,0.177828,1,2.000000e+02
3950,0.177828,1,2.000000e+02
3975,0.177828,1,2.000000e+02
4000,0.177828,1,2.000000e+02
4025,0.177828,1,2.000000e+02
4050,0.177828,1,2.000000e+02
4075,0.177828,1,2.000000e+02
4100,0.177828,1,2.000000e+02
4125,0.177828,1,2.000000e+02
4150,0.177828,1,2.000000e+02
4175,0.177828,1,2.000000e+02
4200,0.177828,1,2.000000e+02
4225,0.177828,1,2.000000e+02
4250,0.177828,1,2.000000e+02
4275,0.177828,1,2.000000e+02
4300,0.177828,1,2.000000e+02
4325,0.177828,1,2.000000e+02
4350,0.177828,1,2.000000e+02
4375,0.177828,1,2.000000e+02
4400,0.177828,1,2.000000e+02
4425,0.177828,1,2.000000e+02
4450,0.177828,1,2.000000e+02
4475,0.177828,1,2.000000e+02
4500,0.177828,1,2.000000e+02
4525,0.177828,1,2.000000e+02
4550,0.177828,1,2.000000e+02
4575,0.177828,1,2.000000e+02
4600,0.177828,1,2.000000e+02
4625,0.177828,1,2.000000e+02
4650,0.177828,1,2.000000e+02
4675,0.177828,1,2.000000e+02
4700,0.177828,1,2.000000e+02
4725,0.177828,1,2.000000e+02
4750,0.177828,1,2.000000e+02
4775,0.177828,1,2.000000e+02
4800,0.177828,1,2.000000e+02
4825,0.177828,1,2.000000e+02
4850,0.177828,1,2.000000e+02
4875,0.177828,1,2.000000e+02
4900,0.177828,1,2.000000e+02
4925,0.177828,1,2.000000e+02
4950,0.177828,1,2.000000e+02
4975,0.177828,1,2.000000e+02
5000,0.177828,1,2.000000e+02
300,0.316228,1,0.000000e+00
325,0.316228,1,0.000000e+00
350,0.316228,1,0.000000e+00
375,0.316228,1,0.000000e+00
400,0.316228,1,0.000000e+00
425,0.316228,1,0.000000e+00
450,0.316228,1,0.000000e+00
475,0.316228,1,0.000000e+00
500,0.316228,1,0.000000e+00
525,0.316228,1,0.000000e+00
550,0.316228,1,0.000000e+00
575,0.316228,1,0.000000e+00
600,0.316228,1,0.000000e+00
625,0.316228,1,0.000000e+00
650,0.316228,1,0.000000e+00
675,0.316228,1,0.000000e+00
700,0.316228,1,0.000000e+00
725,0.316228,1,0.000000e+00
750,0.316228,1,0.000000e+00
775,0.316228,1,0.000000e+00
800,0.316228,1,0.000000e+00
825,0.316228,1,0.000000e+00
850,0.316228,1,0.000000e+00
875,0.316228,1,0.000000e+00
900,0.316228,1,0.000000e+00
925,0.316228,1,0.000000e+00
950,0.316228,1,0.000000e+00
975,0.316228,1,0.000000e+00
1000,0.316228,1,0.000000e+00
1025,0.316228,1,0.000000e+00
1050,0.316228,1,0.000000e+00
1075,0.316228,1,0.000000e+00
1100,0.316228,1,0.000000e+00
1125,0.316228,1,0.000000e+00
1150,0.316228,1,0.000000e+00
1175,0.316228,1,0.000000e+00
1200,0.316228,1,0.000000e+00
1225,0.316228,1,0.000000e+00
1250,0.316228,1,0.000000e+00
1275,0.316228,1,0.000000e+00
1300,0.316228,1,0.000000e+00
1325,0.316228,1,0.000000e+00
1350,0.316228,1,0.000000e+00
1375,0.316228,1,0.000000e+00
1400,0.316228,1,0.000000e+00
1425,0.316228,1,0.000000e+00
1450,0.316228,1,0.000000e+00
1475,0.316228,1,0.000000e+00
1500,0.316228,1,0.000000e+00
1525,0.316228,1,0.000000e+00
1550,0.316228,1,0.000000e+00
1575,0.316228,1,0.000000e+00
1600,0.316228,1,0.000000e+00
1625,0.316228,1,0.000000e+00
1650,0.316228,1,0.000000e+00
1675,0.316228,1,0.000000e+00
1700,0.316228,1,0.000000e+00
1725,0.316228,1,0.000000e+00
1750,0.316228,1,0.000000e+00
1775,0.316228,1,0.000000e+00
1800,0.316228,1,0.000000e+00
1825,0.316228,1,0.000000e+00
1850,0.316228,1,0.000000e+00
1875,0.316228,1,0.000000e+00
1900,0.316228,1,0.000000e+00
1925,0.316228,1,0.000000e+00
1950,0.316228,1,0.000000e+00
1975,0.316228,1,0.000000e+00
2000,0.316228,1,0.000000e+00
2025,0.316228,1,0.000000e+00
2050,0.316228,1,0.000000e+00
2075,0.316228,1,0.000000e+00
2100,0.316228,1,0.000000e+00
2125,0.316228,1,0.000000e+00
2150,0.316228,1,0.000000e+00
2175,0.316228,1,0.000000e+00
2200,0.316228,1,0.000000e+00
2225,0.316228,1,0.000000e+00
2250,0.316228,1,0.000000e+00
2275,0.316228,1,0.000000e+00
2300,0.316228,1,0.000000e+00
2325,0.316228,1,0.000000e+00
2350,0.316228,1,0.000000e+00
2375,0.316228,1,0.000000e+00
2400,0.316228,1,0.000000e+00
2425,0.316228,1,0.000000e+00
2450,0.316228,1,0.000000e+00
2475,0.316228,1,0.000000e+00
2500,0.316228,1,0.000000e+00
2525,0.316228,1,0.000000e+00
2550,0.316228,1,0.000000e+00
2575,0.316228,1,0.000000e+00
2600,0.316228,1,0.000000e+00
2625,0.316228,1,0.000000e+00
2650,0.316228,1,0.000000e+00
2675,0.316228,1,0.000000e+00
2700,0.316228,1,0.000000e+00
2725,0.316228,1,0.000000e+00
2750,0.316228,1,0.000000e+00
2775,0.316228,1,0.000000e+00
2800,0.316228,1,0.000000e+00
2825,0.316228,1,0.000000e+00
2850,0.316228,1,0.000000e+00
2875,0.316228,1,0.000000e+00
2900,0.316228,1,0.000000e+00
2925,0.316228,1,0.000000e+00
2950,0.316228,1,0.000000e+00
2975,0.316228,1,0.000000e+00
3000,0.316228,1,0.000000e+00
3025,0.316228,1,5.079240e-03
3050,0.316228,1,1.415480e-02
3075,0.316228,1,2.396450e-02
3100,0.316228,1,3.466040e-02
3125,0.316228,1,4.643220e-02
3150,0.316228,1,5.951630e-02
3175,0.316228,1,7.420660e-02
3200,0.316228,1,9.086730e-02
3225,0.316228,1,1.099500e-01
3250,0.316228,1,1.320150e-01
3275,0.316228,1,1.577550e-01
3300,0.316228,1,1.880330e-01
3325,0.316228,1,2.239260e-01
3350,0.316228,1,2.667810e-01
3375,0.316228,1,3.182960e-01
3400,0.316228,1,3.806310e-01
3425,0.316228,1,4.565570e-01
3450,0.316228,1,5.496750e-01
3475,0.316228,1,6.647360e-01
3500,0.316228,1,8.081250e-01
3525,0.316228,1,9.886080e-01
3550,0.316228,1,1.218540e+00
3575,0.316228,1,1.515900e+00
3600,0.316228,1,1.907860e+00
3625,0.316228,1,2.437520e+00
3650,0.316228,1,3.177440e+00
3675,0.316228,1,4.259870e+00
3700,0.316228,1,5.953400e+00
3725,0.316228,1,8.897400e+00
3750,0.316228,1,1.506750e+01
3775,0.316228,1,3.493790e+01
3800,0.316228,1,2.000000e+02
3825,0.316228,1,2.000000e+02
3850,0.316228,1,2.000000e+02
3875,0.316228,1,2.000000e+02
3900,0.316228,1,2.000000e+02
3925,0.316228,1,2.000000e+02
3950,0.316228,1,2.000000e+02
3975,0.316228,1,2.000000e+02
4000,0.316228,1,2.000000e+02
4025,0.316228,1,2.000000e+02
4050,0.316228,1,2.000000e+02
4075,0.316228,1,2.000000e+02
4100,0.316228,1,2.000000e+02
4125,0.316228,1,2.000000e+02
4150,0.316228,1,2.000000e+02
4175,0.316228,1,2.000000e+02
4200,0.316228,1,2.000000e+02
4225,0.316228,1,2.000000e+02
4250,0.316228,1,2.000000e+02
4275,0.316228,1,2.000000e+02
4300,0.316228,1,2.000000e+02
4325,0.316228,1,2.000000e+02
4350,0.316228,1,2.000000e+02
4375,0.316228,1,2.000000e+02
4400,0.316228,1,2.000000e+02
4425,0.316228,1,2.000000e+02
4450,0.316228,1,2.000000e+02
4475,0.316228,1,2.000000e+02
4500,0.316228,1,2.000000e+02
4525,0.316228,1,2.000000e+02
4550,0.316228,1,2.000000e+02
4575,0.316228,1,2.000000e+02
4600,0.316228,1,2.000000e+02
4625,0.316228,1,2.000000e+02
4650,0.316228,1,2.000000e+02
4675,0.316228,1,2.000000e+02
4700,0.316228,1,2.000000e+02
4725,0.316228,1,2.000000e+02
4750,0.316228,1,2.000000e+02
4775,0.316228,1,2.000000e+02
4800,0.316228,1,2.000000e+02
4825,0.316228,1,2.000000e+02
4850,0.316228,1,2.000000e+02
4875,0.316228,1,2.000000e+02
4900,0.316228,1,2.000000e+02
4925,0.316228,1,2.000000e+02
4950,0.316228,1,2.000000e+02
4975,0.316228,1,2.000000e+02
5000,0.316228,1,2.000000e+02
300,0.562341,1,0.000000e+00
325,0.562341,1,0.000000e+00
350,0.562341,1,0.000000e+00
375,0.562341,1,0.000000e+00
400,0.562341,1,0.000000e+00
425,0.562341,1,0.000000e+00
450,0.562341,1,0.000000e+00
475,0.562341,1,0.000000e+00
500,0.562341,1,0.000000e+00
525,0.562341,1,0.000000e+00
550,0.562341,1,0.000000e+00
575,0.562341,1,0.000000e+00
600,0.562341,1,0.000000e+00
625,0.562341,1,0.000000e+00
650,0.562341,1,0.000000e+00
675,0.562341,1,0.000000e+00
700,0.562341,1,0.000000e+00
725,0.562341,1,0.000000e+00
750,0.562341,1,0.000000e+00
775,0.562341,1,0.000000e+00
800,0.562341,1,0.000000e+00
825,0.562341,1,0.000000e+00
850,0.562341,1,0.000000e+00
875,0.562341,1,0.000000e+00
900,0.562341,1,0.000000e+00
925,0.562341,1,0.000000e+00
950,0.562341,1,0.000000e+00
975,0.562341,1,0.000000e+00
1000,0.562341,1,0.000000e+00
1025,0.562341,1,0.000000e+00
1050,0.562341,1,0.000000e+00
1075,0.562341,1,0.000000e+00
1100,0.562341,1,0.000000e+00
1125,0.562341,1,0.000000e+00
1150,0.562341,1,0.000000e+00
1175,0.562341,1,0.000000e+00
1200,0.562341,1,0.000000e+00
1225,0.562341,1,0.000000e+00
1250,0.562341,1,0.000000e+00
1275,0.562341,1,0.000000e+00
1300,0.562341,1,0.000000e+00
1325,0.562341,1,0.000000e+00
1350,0.562341,1,0.000000e+00
1375,0.562341,1,0.000000e+00
1400,0.562341,1,0.000000e+00
1425,0.562341,1,0.000000e+00
1450,0.562341,1,0.000000e+00
1475,0.562341,1,0.000000e+00
1500,0.562341,1,0.000000e+00
1525,0.562341,1,0.000000e+00
1550,0.562341,1,0.000000e+00
1575,0.562341,1,0.000000e+00
1600,0.562341,1,0.000000e+00
1625,0.562341,1,0.000000e+00
1650,0.562341,1,0.000000e+00
1675,0.562341,1,0.000000e+00
1700,0.562341,1,0.000000e+00
1725,0.562341,1,0.000000e+00
1750,0.562341,1,0.000000e+00
1775,0.562341,1,0.000000e+00
1800,0.562341,1,0.000000e+00
1825,0.562341,1,0.000000e+00
1850,0.562341,1,0.000000e+00
1875,0.562341,1,0.000000e+00
1900,0.562341,1,0.000000e+00
1925,0.562341,1,0.000000e+00
1950,0.562341,1,0.000000e+00
1975,0.562341,1,0.000000e+00
2000,0.562341,1,0.000000e+00
2025,0.562341,1,0.000000e+00
2050,0.562341,1,0.000000e+00
2075,0.562341,1,0.000000e+00
2100,0.562341,1,0.000000e+00
2125,0.562341,1,0.000000e+00
2150,0.562341,1,0.000000e+00
2175,0.562341,1,0.000000e+00
2200,0.562341,1,0.000000e+00
2225,0.562341,1,0.000000e+00
2250,0.562341,1,0.000000e+00
2275,0.562341,1,0.000000e+00
2300,0.562341,1,0.000000e+00
2325,0.562341,1,0.000000e+00
2350,0.562341,1,0.000000e+00
2375,0.562341,1,0.000000e+00
2400,0.562341,1,0.000000e+00
2425,0.562341,1,0.000000e+00
2450,0.562341,1,0.000000e+00
2475,0.562341,1,0.000000e+00
2500,0.562341,1,0.000000e+00
2525,0.562341,1,0.000000e+00
2550,0.562341,1,0.000000e+00
2575,0.562341,1,0.000000e+00
2600,0.562341,1,0.000000e+00
2625,0.562341,1,0.000000e+00
2650,0.562341,1,0.000000e+00
2675,0.562341,1,0.000000e+00
2700,0.562341,1,0.000000e+00
2725,0.562341,1,0.000000e+00
2750,0.562341,1,0.000000e+00
2775,0.562341,1,0.000000e+00
2800,0.562341,1,0.000000e+00
2825,0.562341,1,0.000000e+00
2850,0.562341,1,0.000000e+00
2875,0.562341,1,0.000000e+00
2900,0.562341,1,0.000000e+00
2925,0.562341,1,0.000000e+00
2950,0.562341,1,0.000000e+00
2975,0.562341,1,0.000000e+00
3000,0.562341,1,0.000000e+00
3025,0.562341,1,5.769910e-03
3050,0.562341,1,1.430470e-02
3075,0.562341,1,2.333360e-02
3100,0.562341,1,3.293790e-02
3125,0.562341,1,4.321870e-02
3150,0.562341,1,5.430180e-02
3175,0.562341,1,6.634310e-02
3200,0.562341,1,7.953460e-02
3225,0.562341,1,9.411310e-02
3250,0.562341,1,1.103700e-01
3275,0.562341,1,1.286630e-01
3300,0.562341,1,1.494300e-01
3325,0.562341,1,1.732120e-01
3350,0.562341,1,2.006720e-01
3375,0.562341,1,2.326300e-01
3400,0.562341,1,2.700960e-01
3425,0.562341,1,3.143330e-01
3450,0.562341,1,3.669160e-01
3475,0.562341,1,4.298340e-01
3500,0.562341,1,5.056200e-01
3525,0.562341,1,5.975390e-01
3550,0.562341,1,7.098590e-01
3575,0.562341,1,8.482550e-01
3600,0.562341,1,1.020430e+00
3625,0.562341,1,1.237070e+00
3650,0.562341,1,1.513500e+00
3675,0.562341,1,1.872370e+00
3700,0.562341,1,2.348680e+00
3725,0.562341,1,2.999440e+00
3750,0.562341,1,3.924040e+00
3775,0.562341,1,5.312110e+00
3800,0.562341,1,7.574830e+00
3825,0.562341,1,1.179640e+01
3850,0.562341,1,2.202780e+01
3875,0.562341,1,7.606050e+01
3900,0.562341,1,2.000000e+02
3925,0.562341,1,2.000000e+02
3950,0.562341,1,2.000000e+02
3975,0.562341,1,2.000000e+02
4000,0.562341,1,2.000000e+02
4025,0.562341,1,2.000000e+02
4050,0.562341,1,2.000000e+02
4075,0.562341,1,2.000000e+02
4100,0.562341,1,2.000000e+02
4125,0.562341,1,2.000000e+02
4150,0.562341,1,2.000000e+02
4175,0.562341,1,2.000000e+02
4200,0.562341,1,2.000000e+02
4225,0.562341,1,2.000000e+02
4250,0.562341,1,2.000000e+02
4275,0.562341,1,2.000000e+02
4300,0.562341,1,2.000000e+02
4325,0.562341,1,2.000000e+02
4350,0.562341,1,2.000000e+02
4375,0.562341,1,2.000000e+02
4400,0.562341,1,2.000000e+02
4425,0.562341,1,2.000000e+02
4450,0.562341,1,2.000000e+02
4475,0.562341,1,2.000000e+02
4500,0.562341,1,2.000000e+02
4525,0.562341,1,2.000000e+02
4550,0.562341,1,2.000000e+02
4575,0.562341,1,2.000000e+02
4600,0.562341,1,2.000000e+02
4625,0.562341,1,2.000000e+02
4650,0.562341,1,2.000000e+02
4675,0.562341,1,2.000000e+02
4700,0.562341,1,2.000000e+02
4725,0.562341,1,2.000000e+02
4750,0.562341,1,2.000000e+02
4775,0.562341,1,2.000000e+02
4800,0.562341,1,2.000000e+02
4825,0.562341,1,2.000000e+02
4850,0.562341,1,2.000000e+02
4875,0.562341,1,2.000000e+02
4900,0.562341,1,2.000000e+02
4925,0.562341,1,2.000000e+02
4950,0.562341,1,2.000000e+02
4975,0.562341,1,2.000000e+02
5000,0.562341,1,2.000000e+02
300,1,1,0.000000e+00
325,1,1,0.000000e+00
350,1,1,0.000000e+00
375,1,1,0.000000e+00
400,1,1,0.000000e+00
425,1,1,0.000000e+00
450,1,1,0.000000e+00
475,1,1,0.000000e+00
500,1,1,0.000000e+00
525,1,1,0.000000e+00
550,1,1,0.000000e+00
575,1,1,0.000000e+00
600,1,1,0.000000e+00
625,1,1,0.000000e+00
650,1,1,0.000000e+00
675,1,1,0.000000e+00
700,1,1,0.000000e+00
725,1,1,0.000000e+00
750,1,1,0.000000e+00
775,1,1,0.000000e+00
800,1,1,0.000000e+00
825,1,1,0.000000e+00
850,1,1,0.000000e+00
875,1,1,0.000000e+00
900,1,1,0.000000e+00
925,1,1,0.000000e+00
950,1,1,0.000000e+00
975,1,1,0.000000e+00
1000,1,1,0.000000e+00
1025,1,1,0.000000e+00
1050,1,1,0.000000e+00
1075,1,1,0.000000e+00
1100,1,1,0.000000e+00
1125,1,1,0.000000e+00
1150,1,1,0.000000e+00
1175,1,1,0.000000e+00
1200,1,1,0.000000e+00
1225,1,1,0.000000e+00
1250,1,1,0.000000e+00
1275,1,1,0.000000e+00
1300,1,1,0.000000e+00
1325,1,1,0.000000e+00
1350,1,1,0.000000e+00
1375,1,1,0.000000e+00
1400,1,1,0.000000e+00
1425,1,1,0.000000e+00
1450,1,1,0.000000e+00
1475,1,1,0.000000e+00
1500,1,1,0.000000e+00
1525,1,1,0.000000e+00
1550,1,1,0.000000e+00
1575,1,1,0.000000e+00
1600,1,1,0.000000e+00
1625,1,1,0.000000e+00
1650,1,1,0.000000e+00
1675,1,1,0.000000e+00
1700,1,1,0.000000e+00
1725,1,1,0.000000e+00
1750,1,1,0.000000e+00
1775,1,1,0.000000e+00
1800,1,1,0.000000e+00
1825,1,1,0.000000e+00
1850,1,1,0.000000e+00
1875,1,1,0.000000e+00
1900,1,1,0.000000e+00
1925,1,1,0.000000e+00
1950,1,1,0.000000e+00
1975,1,1,0.000000e+00
2000,1,1,0.000000e+00
2025,1,1,0.000000e+00
2050,1,1,0.000000e+00
2075,1,1,0.000000e+00
2100,1,1,0.000000e+00
2125,1,1,0.000000e+00
2150,1,1,0.000000e+00
2175,1,1,0.000000e+00
2200,1,1,0.000000e+00
2225,1,1,0.000000e+00
2250,1,1,0.000000e+00
2275,1,1,0.000000e+00
2300,1,1,0.000000e+00
2325,1,1,0.000000e+00
2350,1,1,0.000000e+00
2375,1,1,0.000000e+00
2400,1,1,0.000000e+00
2425,1,1,0.000000e+00
2450,1,1,0.000000e+00
2475,1,1,0.000000e+00
2500,1,1,0.000000e+00
2525,1,1,0.000000e+00
2550,1,1,0.000000e+00
2575,1,1,0.000000e+00
2600,1,1,0.000000e+00
2625,1,1,0.000000e+00
2650,1,1,0.000000e+00
2675,1,1,0.000000e+00
2700,1,1,0.000000e+00
2725,1,1,0.000000e+00
2750,1,1,0.000000e+00
2775,1,1,0.000000e+00
2800,1,1,0.000000e+00
2825,1,1,0.000000e+00
2850,1,1,0.000000e+00
2875,1,1,0.000000e+00
2900,1,1,0.000000e+00
2925,1,1,0.000000e+00
2950,1,1,0.000000e+00
2975,1,1,0.000000e+00
3000,1,1,0.000000e+00
3025,1,1,6.974950e-03
3050,1,1,1.531010e-02
3075,1,1,2.401780e-02
3100,1,1,3.314150e-02
3125,1,1,4.273590e-02
3150,1,1,5.286840e-02
3175,1,1,6.362250e-02
3200,1,1,7.510110e-02
3225,1,1,8.743020e-02
3250,1,1,1.007640e-01
3275,1,1,1.152920e-01
3300,1,1,1.312440e-01
3325,1,1,1.488990e-01
3350,1,1,1.685990e-01
3375,1,1,1.907580e-01
3400,1,1,2.158830e-01
3425,1,1,2.445900e-01
3450,1,1,2.776330e-01
3475,1,1,3.159400e-01
3500,1,1,3.606550e-01
3525,1,1,4.131960e-01
3550,1,1,4.753400e-01
3575,1,1,5.493270e-01
3600,1,1,6.380180e-01
3625,1,1,7.451120e-01
3650,1,1,8.754640e-01
3675,1,1,1.035570e+00
3700,1,1,1.234310e+00
3725,1,1,1.484120e+00
3750,1,1,1.803000e+00
3775,1,1,2.217910e+00
3800,1,1,2.771180e+00
3825,1,1,3.533090e+00
3850,1,1,4.629300e+00
3875,1,1,6.308010e+00
3900,1,1,9.135090e+00
3925,1,1,1.473080e+01
3950,1,1,3.027040e+01
3975,1,1,2.000000e+02
4000,1,1,2.000000e+02
4025,1,1,2.000000e+02
4050,1,1,2.000000e+02
4075,1,1,2.000000e+02
4100,1,1,2.000000e+02
4125,1,1,2.000000e+02
4150,1,1,2.000000e+02
4175,1,1,2.000000e+02
4200,1,1,2.000000e+02
4225,1,1,2.000000e+02
4250,1,1,2.000000e+02
4275,1,1,2.000000e+02
4300,1,1,2.000000e+02
4325,1,1,2.000000e+02
4350,1,1,2.000000e+02
4375,1,1,2.000000e+02
4400,1,1,2.000000e+02
4425,1,1,2.000000e+02
4450,1,1,2.000000e+02
4475,1,1,2.000000e+02
4500,1,1,2.000000e+02
4525,1,1,2.000000e+02
4550,1,1,2.000000e+02
4575,1,1,2.000000e+02
4600,1,1,2.000000e+02
4625,1,1,2.000000e+02
4650,1,1,2.000000e+02
4675,1,1,2.000000e+02
4700,1,1,2.000000e+02
4725,1,1,2.000000e+02
4750,1,1,2.000000e+02
4775,1,1,2.000000e+02
4800,1,1,2.000000e+02
4825,1,1,2.000000e+02
4850,1,1,2.000000e+02
4875,1,1,2.000000e+02
4900,1,1,2.000000e+02
4925,1,1,2.000000e+02
4950,1,1,2.000000e+02
4975,1,1,2.000000e+02
5000,1,1,2.000000e+02
300,1.77828,1,0.000000e+00
325,1.77828,1,0.000000e+00
350,1.77828,1,0.000000e+00
375,1.77828,1,0.000000e+00
400,1.77828,1,0.000000e+00
425,1.77828,1,0.000000e+00
450,1.77828,1,0.000000e+00
475,1.77828,1,0.000000e+00
500,1.77828,1,0.000000e+00
525,1.77828,1,0.000000e+00
550,1.77828,1,0.000000e+00
575,1.77828,1,0.000000e+00
600,1.77828,1,0.000000e+00
625,1.77828,1,0.000000e+00
650,1.77828,1,0.000000e+00
675,1.77828,1,0.000000e+00
700,1.77828,1,0.000000e+00
725,1.77828,1,0.000000e+00
750,1.77828,1,0.000000e+00
775,1.77828,1,0.000000e+00
800,1.77828,1,0.000000e+00
825,1.77828,1,0.000000e+00
850,1.77828,1,0.000000e+00
875,1.77828,1,0.000000e+00
900,1.77828,1,0.000000e+00
925,1.77828,1,0.000000e+00
950,1.77828,1,0.000000e+00
975,1.77828,1,0.000000e+00
1000,1.77828,1,0.000000e+00
1025,1.77828,1,0.000000e+00
1050,1.77828,1,0.000000e+00
1075,1.77828,1,0.000000e+00
1100,1.77828,1,0.000000e+00
1125,1.77828,1,0.000000e+00
1150,1.77828,1,0.000000e+00
1175,1.77828,1,0.000000e+00
1200,1.77828,1,0.000000e+00
1225,1.77828,1,0.000000e+00
1250,1.77828,1,0.000000e+00
1275,1.77828,1,0.000000e+00
1300,1.77828,1,0.000000e+00
1325,1.77828,1,0.000000e+00
1350,1.77828,1,0.000000e+00
1375,1.77828,1,0.000000e+00
1400,1.77828,1,0.000000e+00
1425,1.77828,1,0.000000e+00
1450,1.77828,1,0.000000e+00
1475,1.77828,1,0.000000e+00
1500,1.77828,1,0.000000e+00
1525,1.77828,1,0.000000e+00
1550,1.77828,1,0.000000e+00
1575,1.77828,1,0.000000e+00
1600,1.77828,1,0.000000e+00
1625,1.77828,1,0.000000e+00
1650,1.77828,1,0.000000e+00
1675,1.77828,1,0.000000e+00
1700,1.77828,1,0.000000e+00
1725,1.77828,1,0.000000e+00
1750,1.77828,1,0.000000e+00
1775,1.77828,1,0.000000e+00
1800,1.77828,1,0.000000e+00
1825,1.77828,1,0.000000e+00
1850,1.77828,1,0.000000e+00
1875,1.77828,1,0.000000e+00
1900,1.77828,1,0.000000e+00
1925,1.77828,1,0.000000e+00
1950,1.77828,1,0.000000e+00
1975,1.77828,1,0.000000e+00
2000,1.77828,1,0.000000e+00
2025,1.77828,1,0.000000e+00
2050,1.77828,1,0.000000e+00
2075,1.77828,1,0.000000e+00
2100,1.77828,1,0.000000e+00
2125,1.77828,1,0.000000e+00
2150,1.77828,1,0.000000e+00
2175,1.77828,1,0.000000e+00
2200,1.77828,1,0.000000e+00
2225,1.77828,1,0.000000e+00
2250,1.77828,1,0.000000e+00
2275,1.77828,1,0.000000e+00
2300,1.77828,1,0.000000e+00
2325,1.77828,1,0.000000e+00
2350,1.77828,1,0.000000e+00
2375,1.77828,1,0.000000e+00
2400,1.77828,1,0.000000e+00
2425,1.77828,1,0.000000e+00
2450,1.77828,1,0.000000e+00
2475,1.77828,1,0.000000e+00
2500,1.77828,1,0.000000e+00
2525,1.77828,1,0.000000e+00
2550,1.77828,1,0.000000e+00
2575,1.77828,1,0.000000e+00
2600,1.77828,1,0.000000e+00
2625,1.77828,1,0.000000e+00
2650,1.77828,1,0.000000e+00
2675,1.77828,1,0.000000e+00
2700,1.77828,1,0.000000e+00
2725,1.77828,1,0.000000e+00
2750,1.77828,1,0.000000e+00
2775,1.77828,1,0.000000e+00
2800,1.77828,1,0.000000e+00
2825,1.77828,1,0.000000e+00
2850,1.77828,1,0.000000e+00
2875,1.77828,1,0.000000e+00
2900,1.77828,1,0.000000e+00
2925,1.77828,1,0.000000e+00
2950,1.77828,1,0.000000e+00
2975,1.77828,1,0.000000e+00
3000,1.77828,1,2.488560e-04
3025,1.77828,1,8.251280e-03
3050,1.77828,1,1.654670e-02
3075,1.77828,1,2.515420e-02
3100,1.77828,1,3.409730e-02
3125,1.77828,1,4.340560e-02
3150,1.77828,1,5.311550e-02
3175,1.77828,1,6.327220e-02
3200,1.77828,1,7.393100e-02
3225,1.77828,1,8.515990e-02
3250,1.77828,1,9.704180e-02
3275,1.77828,1,1.096780e-01
3300,1.77828,1,1.231900e-01
3325,1.77828,1,1.377290e-01
3350,1.77828,1,1.534720e-01
3375,1.77828,1,1.706370e-01
3400,1.77828,1,1.894870e-01
3425,1.77828,1,2.103370e-01
3450,1.77828,1,2.335690e-01
3475,1.77828,1,2.596450e-01
3500,1.77828,1,2.891220e-01
3525,1.77828,1,3.226790e-01
3550,1.77828,1,3.611400e-01
3575,1.77828,1,4.055150e-01
3600,1.77828,1,4.570480e-01
3625,1.77828,1,5.172770e-01
3650,1.77828,1,5.881260e-01
3675,1.77828,1,6.720240e-01
3700,1.77828,1,7.720720e-01
3725,1.77828,1,8.922850e-01
3750,1.77828,1,1.037950e+00
3775,1.77828,1,1.216150e+00
3800,1.77828,1,1.436620e+00
3825,1.77828,1,1.713040e+00
3850,1.77828,1,2.065310e+00
3875,1.77828,1,2.523440e+00
3900,1.77828,1,3.134900e+00
3925,1.77828,1,3.979270e+00
3950,1.77828,1,5.200610e+00
3975,1.77828,1,7.088290e+00
4000,1.77828,1,1.031880e+01
4025,1.77828,1,1.691210e+01
4050,1.77828,1,3.668540e+01
4075,1.77828,1,2.000000e+02
4100,1.77828,1,2.000000e+02
4125,1.77828,1,2.000000e+02
4150,1.77828,1,2.000000e+02
4175,1.77828,1,2.000000e+02
4200,1.77828,1,2.000000e+02
4225,1.77828,1,2.000000e+02
4250,1.77828,1,2.000000e+02
4275,1.77828,1,2.000000e+02
4300,1.77828,1,2.000000e+02
4325,1.77828,1,2.000000e+02
4350,1.77828,1,2.000000e+02
4375,1.77828,1,2.000000e+02
4400,1.77828,1,2.000000e+02
4425,1.77828,1,2.000000e+02
4450,1.77828,1,2.000000e+02
4475,1.77828,1,2.000000e+02
4500,1.77828,1,2.000000e+02
4525,1.77828,1,2.000000e+02
4550,1.77828,1,2.000000e+02
4575,1.77828,1,2.000000e+02
4600,1.77828,1,2.000000e+02
4625,1.77828,1,2.000000e+02
4650,1.77828,1,2.000000e+02
4675,1.77828,1,2.000000e+02
4700,1.77828,1,2.000000e+02
4725,1.77828,1,2.000000e+02
4750,1.77828,1,2.000000e+02
4775,1.77828,1,2.000000e+02
4800,1.77828,1,2.000000e+02
4825,1.77828,1,2.000000e+02
4850,1.77828,1,2.000000e+02
4875,1.77828,1,2.000000e+02
4900,1.77828,1,2.000000e+02
4925,1.77828,1,2.000000e+02
4950,1.77828,1,2.000000e+02
4975,1.77828,1,2.000000e+02
5000,1.77828,1,2.000000e+02
300,3.16228,1,0.000000e+00
325,3.16228,1,0.000000e+00
350,3.16228,1,0.000000e+00
375,3.16228,1,0.000000e+00
400,3.16228,1,0.000000e+00
425,3.16228,1,0.000000e+00
450,3.16228,1,0.000000e+00
475,3.16228,1,0.000000e+00
500,3.16228,1,0.000000e+00
525,3.16228,1,0.000000e+00
550,3.16228,1,0.000000e+00
575,3.16228,1,0.000000e+00
600,3.16228,1,0.000000e+00
625,3.16228,1,0.000000e+00
650,3.16228,1,0.000000e+00
675,3.16228,1,0.000000e+00
700,3.16228,1,0.000000e+00
725,3.16228,1,0.000000e+00
750,3.16228,1,0.000000e+00
775,3.16228,1,0.000000e+00
800,3.16228,1,0.000000e+00
825,3.16228,1,0.000000e+00
850,3.16228,1,0.000000e+00
875,3.16228,1,0.000000e+00
900,3.16228,1,0.000000e+00
925,3.16228,1,0.000000e+00
950,3.16228,1,0.000000e+00
975,3.16228,1,0.000000e+00
1000,3.16228,1,0.000000e+00
1025,3.16228,1,0.000000e+00
1050,3.16228,1,0.000000e+00
1075,3.16228,1,0.000000e+00
1100,3.16228,1,0.000000e+00
1125,3.16228,1,0.000000e+00
1150,3.16228,1,0.000000e+00
1175,3.16228,1,0.000000e+00
1200,3.16228,1,0.000000e+00
1225,3.16228,1,0.000000e+00
1250,3.16228,1,0.000000e+00
1275,3.16228,1,0.000000e+00
1300,3.16228,1,0.000000e+00
1325,3.16228,1,0.000000e+00
1350,3.16228,1,0.000000e+00
1375,3.16228,1,0.000000e+00
1400,3.16228,1,0.000000e+00
1425,3.16228,1,0.000000e+00
1450,3.16228,1,0.000000e+00
1475,3.16228,1,0.000000e+00
1500,3.16228,1,0.000000e+00
1525,3.16228,1,0.000000e+00
1550,3.16228,1,0.000000e+00
1575,3.16228,1,0.000000e+00
1600,3.16228,1,0.000000e+00
1625,3.16228,1,0.000000e+00
1650,3.16228,1,0.000000e+00
1675,3.16228,1,0.000000e+00
1700,3.16228,1,0.000000e+00
1725,3.16228,1,0.000000e+00
1750,3.16228,1,0.000000e+00
1775,3.16228,1,0.000000e+00
1800,3.16228,1,0.000000e+00
1825,3.16228,1,0.000000e+00
1850,3.16228,1,0.000000e+00
1875,3.16228,1,0.000000e+00
1900,3.16228,1,0.000000e+00
1925,3.16228,1,0.000000e+00
1950,3.16228,1,0.000000e+00
1975,3.16228,1,0.000000e+00
2000,3.16228,1,0.000000e+00
2025,3.16228,1,0.000000e+00
2050,3.16228,1,0.000000e+00
2075,3.16228,1,0.000000e+00
2100,3.16228,1,0.000000e+00
2125,3.16228,1,0.000000e+00
2150,3.16228,1,0.000000e+00
2175,3.16228,1,0.000000e+00
2200,3.16228,1,0.000000e+00
2225,3.16228,1,0.000000e+00
2250,3.16228,1,0.000000e+00
2275,3.16228,1,0.000000e+00
2300,3.16228,1,0.000000e+00
2325,3.16228,1,0.000000e+00
2350,3.16228,1,0.000000e+00
2375,3.16228,1,0.000000e+00
2400,3.16228,1,0.000000e+00
2425,3.16228,1,0.000000e+00
2450,3.16228,1,0.000000e+00
2475,3.16228,1,0.000000e+00
2500,3.16228,1,0.000000e+00
2525,3.16228,1,0.000000e+00
2550,3.16228,1,0.000000e+00
2575,3.16228,1,0.000000e+00
2600,3.16228,1,0.000000e+00
2625,3.16228,1,0.000000e+00
2650,3.16228,1,0.000000e+00
2675,3.16228,1,0.000000e+00
2700,3.16228,1,0.000000e+00
2725,3.16228,1,0.000000e+00
2750,3.16228,1,0.000000e+00
2775,3.16228,1,0.000000e+00
2800,3.16228,1,0.000000e+00
2825,3.16228,1,0.000000e+00
2850,3.16228,1,0.000000e+00
2875,3.16228,1,0.000000e+00
2900,3.16228,1,0.000000e+00
2925,3.16228,1,0.000000e+00
2950,3.16228,1,0.000000e+00
2975,3.16228,1,0.000000e+00
3000,3.16228,1,1.362750e-03
3025,3.16228,1,9.414650e-03
3050,3.16228,1,1.773920e-02
3075,3.16228,1,2.634690e-02
3100,3.16228,1,3.525070e-02
3125,3.16228,1,4.446650e-02
3150,3.16228,1,5.401420e-02
3175,3.16228,1,6.391800e-02
3200,3.16228,1,7.420820e-02
3225,3.16228,1,8.492120e-02
3250,3.16228,1,9.610210e-02
3275,3.16228,1,1.078050e-01
3300,3.16228,1,1.200970e-01
3325,3.16228,1,1.330560e-01
3350,3.16228,1,1.467800e-01
3375,3.16228,1,1.613850e-01
3400,3.16228,1,1.770080e-01
3425,3.16228,1,1.938180e-01
3450,3.16228,1,2.120130e-01
3475,3.16228,1,2.318330e-01
3500,3.16228,1,2.535630e-01
3525,3.16228,1,2.775460e-01
3550,3.16228,1,3.041920e-01
3575,3.16228,1,3.339940e-01
3600,3.16228,1,3.675450e-01
3625,3.16228,1,4.055620e-01
3650,3.16228,1,4.489130e-01
3675,3.16228,1,4.986590e-01
3700,3.16228,1,5.561000e-01
3725,3.16228,1,6.228420e-01
3750,3.16228,1,7.008890e-01
3775,3.16228,1,7.927680e-01
3800,3.16228,1,9.017000e-01
3825,3.16228,1,1.031850e+00
3850,3.16228,1,1.188710e+00
3875,3.16228,1,1.379610e+00
3900,3.16228,1,1.614640e+00
3925,3.16228,1,1.907960e+00
3950,3.16228,1,2.280140e+00
3975,3.16228,1,2.762200e+00
4000,3.16228,1,3.403090e+00
4025,3.16228,1,4.284740e+00
4050,3.16228,1,5.554970e+00
4075,3.16228,1,7.509480e+00
4100,3.16228,1,1.083450e+01
4125,3.16228,1,1.755280e+01
4150,3.16228,1,3.718930e+01
4175,3.16228,1,2.000000e+02
4200,3.16228,1,2.000000e+02
4225,3.16228,1,2.000000e+02
4250,3.16228,1,2.000000e+02
4275,3.16228,1,2.000000e+02
4300,3.16228,1,2.000000e+02
4325,3.16228,1,2.000000e+02
4350,3.16228,1,2.000000e+02
4375,3.16228,1,2.000000e+02
4400,3.16228,1,2.000000e+02
4425,3.16228,1,2.000000e+02
4450,3.16228,1,2.000000e+02
4475,3.16228,1,2.000000e+02
4500,3.16228,1,2.000000e+02
4525,3.16228,1,2.000000e+02
4550,3.16228,1,2.000000e+02
4575,3.16228,1,2.000000e+02
4600,3.16228,1,2.000000e+02
4625,3.16228,1,2.000000e+02
4650,3.16228,1,2.000000e+02
4675,3.16228,1,2.000000e+02
4700,3.16228,1,2.000000e+02
4725,3.16228,1,2.000000e+02
4750,3.16228,1,2.000000e+02
4775,3.16228,1,2.000000e+02
4800,3.16228,1,2.000000e+02
4825,3.16228,1,2.000000e+02
4850,3.16228,1,2.000000e+02
4875,3.16228,1,2.000000e+02
4900,3.16228,1,2.000000e+02
4925,3.16228,1,2.000000e+02
4950,3.16228,1,2.000000e+02
4975,3.16228,1,2.000000e+02
5000,3.16228,1,2.000000e+02
300,5.62341,1,0.000000e+00
325,5.62341,1,0.000000e+00
350,5.62341,1,0.000000e+00
375,5.62341,1,0.000000e+00
400,5.62341,1,0.000000e+00
425,5.62341,1,0.000000e+00
450,5.62341,1,0.000000e+00
475,5.62341,1,0.000000e+00
500,5.62341,1,0.000000e+00
525,5.62341,1,0.000000e+00
550,5.62341,1,0.000000e+00
575,5.62341,1,0.000000e+00
600,5.62341,1,0.000000e+00
625,5.62341,1,0.000000e+00
650,5.62341,1,0.000000e+00
675,5.62341,1,0.000000e+00
700,5.62341,1,0.000000e+00
725,5.62341,1,0.000000e+00
750,5.62341,1,0.000000e+00
775,5.62341,1,0.000000e+00
800,5.62341,1,0.000000e+00
825,5.62341,1,0.000000e+00
850,5.62341,1,0.000000e+00
875,5.62341,1,0.000000e+00
900,5.62341,1,0.000000e+00
925,5.62341,1,0.000000e+00
950,5.62341,1,0.000000e+00
975,5.62341,1,0.000000e+00
1000,5.62341,1,0.000000e+00
1025,5.62341,1,0.000000e+00
1050,5.62341,1,0.000000e+00
1075,5.62341,1,0.000000e+00
1100,5.62341,1,0.000000e+00
1125,5.62341,1,0.000000e+00
1150,5.62341,1,0.000000e+00
1175,5.62341,1,0.000000e+00
1200,5.62341,1,0.000000e+00
1225,5.62341,1,0.000000e+00
1250,5.62341,1,0.000000e+00
1275,5.62341,1,0.000000e+00
1300,5.62341,1,0.000000e+00
1325,5.62341,1,0.000000e+00
1350,5.62341,1,0.000000e+00
1375,5.62341,1,0.000000e+00
1400,5.62341,1,0.000000e+00
1425,5.62341,1,0.000000e+00
1450,5.62341,1,0.000000e+00
1475,5.62341,1,0.000000e+00
1500,5.62341,1,0.000000e+00
1525,5.62341,1,0.000000e+00
1550,5.62341,1,0.000000e+00
1575,5.62341,1,0.000000e+00
1600,5.62341,1,0.000000e+00
1625,5.62341,1,0.000000e+00
1650,5.62341,1,0.000000e+00
1675,5.62341,1,0.000000e+00
1700,5.62341,1,0.000000e+00
1725,5.62341,1,0.000000e+00
1750,5.62341,1,0.000000e+00
1775,5.62341,1,0.000000e+00
1800,5.62341,1,0.000000e+00
1825,5.62341,1,0.000000e+00
1850,5.62341,1,0.000000e+00
1875,5.62341,1,0.000000e+00
1900,5.62341,1,0.000000e+00
1925,5.62341,1,0.000000e+00
1950,5.62341,1,0.000000e+00
1975,5.62341,1,0.000000e+00
2000,5.62341,1,0.000000e+00
2025,5.62341,1,0.000000e+00
2050,5.62341,1,0.000000e+00
2075,5.62341,1,0.000000e+00
2100,5.62341,1,0.000000e+00
2125,5.62341,1,0.000000e+00
2150,5.62341,1,0.000000e+00
2175,5.62341,1,0.000000e+00
2200,5.62341,1,0.000000e+00
2225,5.62341,1,0.000000e+00
2250,5.62341,1,0.000000e+00
2275,5.62341,1,0.000000e+00
2300,5.62341,1,0.000000e+00
2325,5.62341,1,0.000000e+00
2350,5.62341,1,0.000000e+00
2375,5.62341,1,0.000000e+00
2400,5.62341,1,0.000000e+00
2425,5.62341,1,0.000000e+00
2450,5.62341,1,0.000000e+00
2475,5.62341,1,0.000000e+00
2500,5.62341,1,0.000000e+00
2525,5.62341,1,0.000000e+00
2550,5.62341,1,0.000000e+00
2575,5.62341,1,0.000000e+00
2600,5.62341,1,0.000000e+00
2625,5.62341,1,0.000000e+00
2650,5.62341,1,0.000000e+00
2675,5.62341,1,0.000000e+00
2700,5.62341,1,0.000000e+00
2725,5.62341,1,0.000000e+00
2750,5.62341,1,0.000000e+00
2775,5.62341,1,0.000000e+00
2800,5.62341,1,0.000000e+00
2825,5.62341,1,0.000000e+00
2850,5.62341,1,0.000000e+00
2875,5.62341,1,0.000000e+00
2900,5.62341,1,0.000000e+00
2925,5.62341,1,0.000000e+00
2950,5.62341,1,0.000000e+00
2975,5.62341,1,0.000000e+00
3000,5.62341,1,2.293330e-03
3025,5.62341,1,1.040660e-02
3050,5.62341,1,1.878450e-02
3075,5.62341,1,2.743260e-02
3100,5.62341,1,3.635830e-02
3125,5.62341,1,4.557010e-02
3150,5.62341,1,5.507880e-02
3175,5.62341,1,6.489760e-02
3200,5.62341,1,7.504250e-02
3225,5.62341,1,8.553340e-02
3250,5.62341,1,9.639450e-02
3275,5.62341,1,1.076550e-01
3300,5.62341,1,1.193510e-01
3325,5.62341,1,1.315240e-01
3350,5.62341,1,1.442280e-01
3375,5.62341,1,1.575240e-01
3400,5.62341,1,1.714870e-01
3425,5.62341,1,1.862060e-01
3450,5.62341,1,2.017870e-01
3475,5.62341,1,2.183570e-01
3500,5.62341,1,2.360670e-01
3525,5.62341,1,2.550960e-01
3550,5.62341,1,2.756550e-01
3575,5.62341,1,2.979980e-01
3600,5.62341,1,3.224250e-01
3625,5.62341,1,3.492910e-01
3650,5.62341,1,3.790230e-01
3675,5.62341,1,4.121270e-01
3700,5.62341,1,4.492120e-01
3725,5.62341,1,4.910080e-01
3750,5.62341,1,5.383980e-01
3775,5.62341,1,5.924540e-01
3800,5.62341,1,6.544850e-01
3825,5.62341,1,7.261050e-01
3850,5.62341,1,8.093210e-01
3875,5.62341,1,9.066500e-01
3900,5.62341,1,1.021300e+00
3925,5.62341,1,1.157390e+00
3950,5.62341,1,1.320330e+00
3975,5.62341,1,1.517330e+00
4000,5.62341,1,1.758250e+00
4025,5.62341,1,2.056830e+00
4050,5.62341,1,2.432910e+00
4075,5.62341,1,2.916140e+00
4100,5.62341,1,3.552800e+00
4125,5.62341,1,4.419260e+00
4150,5.62341,1,5.650790e+00
4175,5.62341,1,7.511030e+00
4200,5.62341,1,1.058840e+01
4225,5.62341,1,1.650600e+01
4250,5.62341,1,3.187430e+01
4275,5.62341,1,1.439950e+02
4300,5.62341,1,2.000000e+02
4325,5.62341,1,2.000000e+02
4350,5.62341,1,2.000000e+02
4375,5.62341,1,2.000000e+02
4400,5.62341,1,2.000000e+02
4425,5.62341,1,2.000000e+02
4450,5.62341,1,2.000000e+02
4475,5.62341,1,2.000000e+02
4500,5.62341,1,2.000000e+02
4525,5.62341,1,2.000000e+02
4550,5.62341,1,2.000000e+02
4575,5.62341,1,2.000000e+02
4600,5.62341,1,2.000000e+02
4625,5.62341,1,2.000000e+02
4650,5.62341,1,2.000000e+02
4675,5.62341,1,2.000000e+02
4700,5.62341,1,2.000000e+02
4725,5.62341,1,2.000000e+02
4750,5.62341,1,2.000000e+02
4775,5.62341,1,2.000000e+02
4800,5.62341,1,2.000000e+02
4825,5.62341,1,2.000000e+02
4850,5.62341,1,2.000000e+02
4875,5.62341,1,2.000000e+02
4900,5.62341,1,2.000000e+02
4925,5.62341,1,2.000000e+02
4950,5.62341,1,2.000000e+02
4975,5.62341,1,2.000000e+02
5000,5.62341,1,2.000000e+02
300,10,1,0.000000e+00
325,10,1,0.000000e+00
350,10,1,0.000000e+00
375,10,1,0.000000e+00
400,10,1,0.000000e+00
425,10,1,0.000000e+00
450,10,1,0.000000e+00
475,10,1,0.000000e+00
500,10,1,0.000000e+00
525,10,1,0.000000e+00
550,10,1,0.000000e+00
575,10,1,0.000000e+00
600,10,1,0.000000e+00
625,10,1,0.000000e+00
650,10,1,0.000000e+00
675,10,1,0.000000e+00
700,10,1,0.000000e+00
725,10,1,0.000000e+00
750,10,1,0.000000e+00
775,10,1,0.000000e+00
800,10,1,0.000000e+00
825,10,1,0.000000e+00
850,10,1,0.000000e+00
875,10,1,0.000000e+00
900,10,1,0.000000e+00
925,10,1,0.000000e+00
950,10,1,0.000000e+00
975,10,1,0.000000e+00
1000,10,1,0.000000e+00
1025,10,1,0.000000e+00
1050,10,1,0.000000e+00
1075,10,1,0.000000e+00
1100,10,1,0.000000e+00
1125,10,1,0.000000e+00
1150,10,1,0.000000e+00
1175,10,1,0.000000e+00
1200,10,1,0.000000e+00
1225,10,1,0.000000e+00
1250,10,1,0.000000e+00
1275,10,1,0.000000e+00
1300,10,1,0.000000e+00
1325,10,1,0.000000e+00
1350,10,1,0.000000e+00
1375,10,1,0.000000e+00
1400,10,1,0.000000e+00
1425,10,1,0.000000e+00
1450,10,1,0.000000e+00
1475,10,1,0.000000e+00
1500,10,1,0.000000e+00
1525,10,1,0.000000e+00
1550,10,1,0.000000e+00
1575,10,1,0.000000e+00
1600,10,1,0.000000e+00
1625,10,1,0.000000e+00
1650,10,1,0.000000e+00
1675,10,1,0.000000e+00
1700,10,1,0.000000e+00
1725,10,1,0.000000e+00
1750,10,1,0.000000e+00
1775,10,1,0.000000e+00
1800,10,1,0.000000e+00
1825,10,1,0.000000e+00
1850,10,1,0.000000e+00
1875,10,1,0.000000e+00
1900,10,1,0.000000e+00
1925,10,1,0.000000e+00
1950,10,1,0.000000e+00
1975,10,1,0.000000e+00
2000,10,1,0.000000e+00
2025,10,1,0.000000e+00
2050,10,1,0.000000e+00
2075,10,1,0.000000e+00
2100,10,1,0.000000e+00
2125,10,1,0.000000e+00
2150,10,1,0.000000e+00
2175,10,1,0.000000e+00
2200,10,1,0.000000e+00
2225,10,1,0.000000e+00
2250,10,1,0.000000e+00
2275,10,1,0.000000e+00
2300,10,1,0.000000e+00
2325,10,1,0.000000e+00
2350,10,1,0.000000e+00
2375,10,1,0.000000e+00
2400,10,1,0.000000e+00
2425,10,1,0.000000e+00
2450,10,1,0.000000e+00
2475,10,1,0.000000e+00
2500,10,1,0.000000e+00
2525,10,1,0.000000e+00
2550,10,1,0.000000e+00
2575,10,1,0.000000e+00
2600,10,1,0.000000e+00
2625,10,1,0.000000e+00
2650,10,1,0.000000e+00
2675,10,1,0.000000e+00
2700,10,1,0.000000e+00
2725,10,1,0.000000e+00
2750,10,1,0.000000e+00
2775,10,1,0.000000e+00
2800,10,1,0.000000e+00
2825,10,1,0.000000e+00
2850,10,1,0.000000e+00
2875,10,1,0.000000e+00
2900,10,1,0.000000e+00
2925,10,1,0.000000e+00
2950,10,1,0.000000e+00
2975,10,1,0.000000e+00
3000,10,1,3.056970e-03
3025,10,1,1.122850e-02
3050,10,1,1.966230e-02
3075,10,1,2.836170e-02
3100,10,1,3.733080e-02
3125,10,1,4.657420e-02
3150,10,1,5.609780e-02
3175,10,1,6.590840e-02
3200,10,1,7.601460e-02
3225,10,1,8.642700e-02
3250,10,1,9.715820e-02
3275,10,1,1.082240e-01
3300,10,1,1.196430e-01
3325,10,1,1.314390e-01
3350,10,1,1.436380e-01
3375,10,1,1.562750e-01
3400,10,1,1.693900e-01
3425,10,1,1.830300e-01
3450,10,1,1.972520e-01
3475,10,1,2.121240e-01
3500,10,1,2.277260e-01
3525,10,1,2.441530e-01
3550,10,1,2.615180e-01
3575,10,1,2.799540e-01
3600,10,1,2.996170e-01
3625,10,1,3.206920e-01
3650,10,1,3.433960e-01
3675,10,1,3.679870e-01
3700,10,1,3.947680e-01
3725,10,1,4.240990e-01
3750,10,1,4.564030e-01
3775,10,1,4.921860e-01
3800,10,1,5.320500e-01
3825,10,1,5.767140e-01
3850,10,1,6.270420e-01
3875,10,1,6.840820e-01
3900,10,1,7.491040e-01
3925,10,1,8.236680e-01
3950,10,1,9.097010e-01
3975,10,1,1.009610e+00
4000,10,1,1.126450e+00
4025,10,1,1.264100e+00
4050,10,1,1.427650e+00
4075,10,1,1.623810e+00
4100,10,1,1.861640e+00
4125,10,1,2.153680e+00
4150,10,1,2.517780e+00
4175,10,1,2.980180e+00
4200,10,1,3.581070e+00
4225,10,1,4.385160e+00
4250,10,1,5.503430e+00
4275,10,1,7.142910e+00
4300,10,1,9.737200e+00
4325,10,1,1.436560e+01
4350,10,1,2.462460e+01
4375,10,1,6.347260e+01
4400,10,1,2.000000e+02
4425,10,1,2.000000e+02
4450,10,1,2.000000e+02
4475,10,1,2.000000e+02
4500,10,1,2.000000e+02
4525,10,1,2.000000e+02
4550,10,1,2.000000e+02
4575,10,1,2.000000e+02
4600,10,1,2.000000e+02
4625,10,1,2.000000e+02
4650,10,1,2.000000e+02
4675,10,1,2.000000e+02
4700,10,1,2.000000e+02
4725,10,1,2.000000e+02
4750,10,1,2.000000e+02
4775,10,1,2.000000e+02
4800,10,1,2.000000e+02
4825,10,1,2.000000e+02
4850,10,1,2.000000e+02
4875,10,1,2.000000e+02
4900,10,1,2.000000e+02
4925,10,1,2.000000e+02
4950,10,1,2.000000e+02
4975,10,1,2.000000e+02
5000,10,1,2.000000e+02
300,17.7828,1,0.000000e+00
325,17.7828,1,0.000000e+00
350,17.7828,1,0.000000e+00
375,17.7828,1,0.000000e+00
400,17.7828,1,0.000000e+00
425,17.7828,1,0.000000e+00
450,17.7828,1,0.000000e+00
475,17.7828,1,0.000000e+00
500,17.7828,1,0.000000e+00
525,17.7828,1,0.000000e+00
550,17.7828,1,0.000000e+00
575,17.7828,1,0.000000e+00
600,17.7828,1,0.000000e+00
625,17.7828,1,0.000000e+00
650,17.7828,1,0.000000e+00
675,17.7828,1,0.000000e+00
700,17.7828,1,0.000000e+00
725,17.7828,1,0.000000e+00
750,17.7828,1,0.000000e+00
775,17.7828,1,0.000000e+00
800,17.7828,1,0.000000e+00
825,17.7828,1,0.000000e+00
850,17.7828,1,0.000000e+00
875,17.7828,1,0.000000e+00
900,17.7828,1,0.000000e+00
925,17.7828,1,0.000000e+00
950,17.7828,1,0.000000e+00
975,17.7828,1,0.000000e+00
1000,17.7828,1,0.000000e+00
1025,17.7828,1,0.000000e+00
1050,17.7828,1,0.000000e+00
1075,17.7828,1,0.000000e+00
1100,17.7828,1,0.000000e+00
1125,17.7828,1,0.000000e+00
1150,17.7828,1,0.000000e+00
1175,17.7828,1,0.000000e+00
1200,17.7828,1,0.000000e+00
1225,17.7828,1,0.000000e+00
1250,17.7828,1,0.000000e+00
1275,17.7828,1,0.000000e+00
1300,17.7828,1,0.000000e+00
1325,17.7828,1,0.000000e+00
1350,17.7828,1,0.000000e+00
1375,17.7828,1,0.000000e+00
1400,17.7828,1,0.000000e+00
1425,17.7828,1,0.000000e+00
1450,17.7828,1,0.000000e+00
1475,17.7828,1,0.000000e+00
1500,17.7828,1,0.000000e+00
1525,17.7828,1,0.000000e+00
1550,17.7828,1,0.000000e+00
1575,17.7828,1,0.000000e+00
1600,17.7828,1,0.000000e+00
1625,17.7828,1,0.000000e+00
1650,17.7828,1,0.000000e+00
1675,17.7828,1,0.000000e+00
1700,17.7828,1,0.000000e+00
1725,17.7828,1,0.000000e+00
1750,17.7828,1,0.000000e+00
1775,17.7828,1,0.000000e+00
1800,17.7828,1,0.000000e+00
1825,17.7828,1,0.000000e+00
1850,17.7828,1,0.000000e+00
1875,17.7828,1,0.000000e+00
1900,17.7828,1,0.000000e+00
1925,17.7828,1,0.000000e+00
1950,17.7828,1,0.000000e+00
1975,17.7828,1,0.000000e+00
2000,17.7828,1,0.000000e+00
2025,17.7828,1,0.000000e+00
2050,17.7828,1,0.000000e+00
2075,17.7828,1,0.000000e+00
2100,17.7828,1,0.000000e+00
2125,17.7828,1,0.000000e+00
2150,17.7828,1,0.000000e+00
2175,17.7828,1,0.000000e+00
2200,17.7828,1,0.000000e+00
2225,17.7828,1,0.000000e+00
2250,17.7828,1,0.000000e+00
2275,17.7828,1,0.000000e+00
2300,17.7828,1,0.000000e+00
2325,17.7828,1,0.000000e+00
2350,17.7828,1,0.000000e+00
2375,17.7828,1,0.000000e+00
2400,17.7828,1,0.000000e+00
2425,17.7828,1,0.000000e+00
2450,17.7828,1,0.000000e+00
2475,17.7828,1,0.000000e+00
2500,17.7828,1,0.000000e+00
2525,17.7828,1,0.000000e+00
2550,17.7828,1,0.000000e+00
2575,17.7828,1,0.000000e+00
2600,17.7828,1,0.000000e+00
2625,17.7828,1,0.000000e+00
2650,17.7828,1,0.000000e+00
2675,17.7828,1,0.000000e+00
2700,17.7828,1,0.000000e+00
2725,17.7828,1,0.000000e+00
2750,17.7828,1,0.000000e+00
2775,17.7828,1,0.000000e+00
2800,17.7828,1,0.000000e+00
2825,17.7828,1,0.000000e+00
2850,17.7828,1,0.000000e+00
2875,17.7828,1,0.000000e+00
2900,17.7828,1,0.000000e+00
2925,17.7828,1,0.000000e+00
2950,17.7828,1,0.000000e+00
2975,17.7828,1,0.000000e+00
3000,17.7828,1,3.689810e-03
3025,17.7828,1,1.190960e-02
3050,17.7828,1,2.039220e-02
3075,17.7828,1,2.913970e-02
3100,17.7828,1,3.815440e-02
3125,17.7828,1,4.743870e-02
3150,17.7828,1,5.699580e-02
3175,17.7828,1,6.682910e-02
3200,17.7828,1,7.694310e-02
3225,17.7828,1,8.734300e-02
3250,17.7828,1,9.803520e-02
3275,17.7828,1,1.090280e-01
3300,17.7828,1,1.203300e-01
3325,17.7828,1,1.319550e-01
3350,17.7828,1,1.439160e-01
3375,17.7828,1,1.562300e-01
3400,17.7828,1,1.689190e-01
3425,17.7828,1,1.820090e-01
3450,17.7828,1,1.955280e-01
3475,17.7828,1,2.095130e-01
3500,17.7828,1,2.240060e-01
3525,17.7828,1,2.390590e-01
3550,17.7828,1,2.547310e-01
3575,17.7828,1,2.710920e-01
3600,17.7828,1,2.882250e-01
3625,17.7828,1,3.062280e-01
3650,17.7828,1,3.252150e-01
3675,17.7828,1,3.453190e-01
3700,17.7828,1,3.666990e-01
3725,17.7828,1,3.895380e-01
3750,17.7828,1,4.140520e-01
3775,17.7828,1,4.404930e-01
3800,17.7828,1,4.691580e-01
3825,17.7828,1,5.003980e-01
3850,17.7828,1,5.346220e-01
3875,17.7828,1,5.723160e-01
3900,17.7828,1,6.140580e-01
3925,17.7828,1,6.605320e-01
3950,17.7828,1,7.125570e-01
3975,17.7828,1,7.711180e-01
4000,17.7828,1,8.374050e-01
4025,17.7828,1,9.128700e-01
4050,17.7828,1,9.992940e-01
4075,17.7828,1,1.098890e+00
4100,17.7828,1,1.214420e+00
4125,17.7828,1,1.349410e+00
4150,17.7828,1,1.508390e+00
4175,17.7828,1,1.697280e+00
4200,17.7828,1,1.923980e+00
4225,17.7828,1,2.199260e+00
4250,17.7828,1,2.538150e+00
4275,17.7828,1,2.962290e+00
4300,17.7828,1,3.503970e+00
4325,17.7828,1,4.213500e+00
4350,17.7828,1,5.173630e+00
4375,17.7828,1,6.530430e+00
4400,17.7828,1,8.566940e+00
4425,17.7828,1,1.190970e+01
4450,17.7828,1,1.826120e+01
4475,17.7828,1,3.433550e+01
4500,17.7828,1,1.359650e+02
4525,17.7828,1,2.000000e+02
4550,17.7828,1,2.000000e+02
4575,17.7828,1,2.000000e+02
4600,17.7828,1,2.000000e+02
4625,17.7828,1,2.000000e+02
4650,17.7828,1,2.000000e+02
4675,17.7828,1,2.000000e+02
4700,17.7828,1,2.000000e+02
4725,17.7828,1,2.000000e+02
4750,17.7828,1,2.000000e+02
4775,17.7828,1,2.000000e+02
4800,17.7828,1,2.000000e+02
4825,17.7828,1,2.000000e+02
4850,17.7828,1,2.000000e+02
4875,17.7828,1,2.000000e+02
4900,17.7828,1,2.000000e+02
4925,17.7828,1,2.000000e+02
4950,17.7828,1,2.000000e+02
4975,17.7828,1,2.000000e+02
5000,17.7828,1,2.000000e+02
300,31.6228,1,0.000000e+00
325,31.6228,1,0.000000e+00
350,31.6228,1,0.000000e+00
375,31.6228,1,0.000000e+00
400,31.6228,1,0.000000e+00
425,31.6228,1,0.000000e+00
450,31.6228,1,0.000000e+00
475,31.6228,1,0.000000e+00
500,31.6228,1,0.000000e+00
525,31.6228,1,0.000000e+00
550,31.6228,1,0.000000e+00
575,31.6228,1,0.000000e+00
600,31.6228,1,0.000000e+00
625,31.6228,1,0.000000e+00
650,31.6228,1,0.000000e+00
675,31.6228,1,0.000000e+00
700,31.6228,1,0.000000e+00
725,31.6228,1,0.000000e+00
750,31.6228,1,0.000000e+00
775,31.6228,1,0.000000e+00
800,31.6228,1,0.000000e+00
825,31.6228,1,0.000000e+00
850,31.6228,1,0.000000e+00
875,31.6228,1,0.000000e+00
900,31.6228,1,0.000000e+00
925,31.6228,1,0.000000e+00
950,31.6228,1,0.000000e+00
975,31.6228,1,0.000000e+00
1000,31.6228,1,0.000000e+00
1025,31.6228,1,0.000000e+00
1050,31.6228,1,0.000000e+00
1075,31.6228,1,0.000000e+00
1100,31.6228,1,0.000000e+00
1125,31.6228,1,0.000000e+00
1150,31.6228,1,0.000000e+00
1175,31.6228,1,0.000000e+00
1200,31.6228,1,0.000000e+00
1225,31.6228,1,0.000000e+00
1250,31.6228,1,0.000000e+00
1275,31.6228,1,0.000000e+00
1300,31.6228,1,0.000000e+00
1325,31.6228,1,0.000000e+00
1350,31.6228,1,0.000000e+00
1375,31.6228,1,0.000000e+00
1400,31.6228,1,0.000000e+00
1425,31.6228,1,0.000000e+00
1450,31.6228,1,0.000000e+00
1475,31.6228,1,0.000000e+00
1500,31.6228,1,0.000000e+00
1525,31.6228,1,0.000000e+00
1550,31.6228,1,0.000000e+00
1575,31.6228,1,0.000000e+00
1600,31.6228,1,0.000000e+00
1625,31.6228,1,0.000000e+00
1650,31.6228,1,0.000000e+00
1675,31.6228,1,0.000000e+00
1700,31.6228,1,0.000000e+00
1725,31.6228,1,0.000000e+00
1750,31.6228,1,0.000000e+00
1775,31.6228,1,0.000000e+00
1800,31.6228,1,0.000000e+00
1825,31.6228,1,0.000000e+00
1850,31.6228,1,0.000000e+00
1875,31.6228,1,0.000000e+00
1900,31.6228,1,0.000000e+00
1925,31.6228,1,0.000000e+00
1950,31.6228,1,0.000000e+00
1975,31.6228,1,0.000000e+00
2000,31.6228,1,0.000000e+00
2025,31.6228,1,0.000000e+00
2050,31.6228,1,0.000000e+00
2075,31.6228,1,0.000000e+00
2100,31.6228,1,0.000000e+00
2125,31.6228,1,0.000000e+00
2150,31.6228,1,0.000000e+00
2175,31.6228,1,0.000000e+00
2200,31.6228,1,0.000000e+00
2225,31.6228,1,0.000000e+00
2250,31.6228,1,0.000000e+00
2275,31.6228,1,0.000000e+00
2300,31.6228,1,0.000000e+00
2325,31.6228,1,0.000000e+00
2350,31.6228,1,0.000000e+00
2375,31.6228,1,0.000000e+00
2400,31.6228,1,0.000000e+00
2425,31.6228,1,0.000000e+00
2450,31.6228,1,0.000000e+00
2475,31.6228,1,0.000000e+00
2500,31.6228,1,0.000000e+00
2525,31.6228,1,0.000000e+00
2550,31.6228,1,0.000000e+00
2575,31.6228,1,0.000000e+00
2600,31.6228,1,0.000000e+00
2625,31.6228,1,0.000000e+00
2650,31.6228,1,0.000000e+00
2675,31.6228,1,0.000000e+00
2700,31.6228,1,0.000000e+00
2725,31.6228,1,0.000000e+00
2750,31.6228,1,0.000000e+00
2775,31.6228,1,0.000000e+00
2800,31.6228,1,0.000000e+00
2825,31.6228,1,0.000000e+00
2850,31.6228,1,0.000000e+00
2875,31.6228,1,0.000000e+00
2900,31.6228,1,0.000000e+00
2925,31.6228,1,0.000000e+00
2950,31.6228,1,0.000000e+00
2975,31.6228,1,0.000000e+00
3000,31.6228,1,4.240150e-03
3025,31.6228,1,1.249510e-02
3050,31.6228,1,2.101460e-02
3075,31.6228,1,2.980000e-02
3100,31.6228,1,3.885280e-02
3125,31.6228,1,4.817420e-02
3150,31.6228,1,5.776570e-02
3175,31.6228,1,6.762910e-02
3200,31.6228,1,7.776630e-02
3225,31.6228,1,8.817970e-02
3250,31.6228,1,9.887230e-02
3275,31.6228,1,1.098480e-01
3300,31.6228,1,1.211100e-01
3325,31.6228,1,1.326660e-01
3350,31.6228,1,1.445210e-01
3375,31.6228,1,1.566840e-01
3400,31.6228,1,1.691670e-01
3425,31.6228,1,1.819800e-01
3450,31.6228,1,1.951400e-01
3475,31.6228,1,2.086660e-01
3500,31.6228,1,2.225780e-01
3525,31.6228,1,2.369030e-01
3550,31.6228,1,2.516730e-01
3575,31.6228,1,2.669240e-01
3600,31.6228,1,2.827000e-01
3625,31.6228,1,2.990520e-01
3650,31.6228,1,3.160410e-01
3675,31.6228,1,3.337360e-01
3700,31.6228,1,3.522200e-01
3725,31.6228,1,3.715890e-01
3750,31.6228,1,3.919560e-01
3775,31.6228,1,4.134500e-01
3800,31.6228,1,4.362250e-01
3825,31.6228,1,4.604570e-01
3850,31.6228,1,4.863550e-01
3875,31.6228,1,5.141570e-01
3900,31.6228,1,5.441470e-01
3925,31.6228,1,5.766540e-01
3950,31.6228,1,6.120630e-01
3975,31.6228,1,6.508270e-01
4000,31.6228,1,6.934820e-01
4025,31.6228,1,7.406580e-01
4050,31.6228,1,7.931070e-01
4075,31.6228,1,8.517240e-01
4100,31.6228,1,9.175870e-01
4125,31.6228,1,9.919980e-01
4150,31.6228,1,1.076540e+00
4175,31.6228,1,1.173170e+00
4200,31.6228,1,1.284300e+00
4225,31.6228,1,1.412970e+00
4250,31.6228,1,1.563050e+00
4275,31.6228,1,1.739510e+00
4300,31.6228,1,1.948910e+00
4325,31.6228,1,2.199980e+00
4350,31.6228,1,2.504660e+00
4375,31.6228,1,2.879750e+00
4400,31.6228,1,3.349470e+00
4425,31.6228,1,3.950240e+00
4450,31.6228,1,4.739180e+00
4475,31.6228,1,5.811190e+00
4500,31.6228,1,7.335750e+00
4525,31.6228,1,9.646920e+00
4550,31.6228,1,1.350250e+01
4575,31.6228,1,2.104700e+01
4600,31.6228,1,4.146940e+01
4625,31.6228,1,2.000000e+02
4650,31.6228,1,2.000000e+02
4675,31.6228,1,2.000000e+02
4700,31.6228,1,2.000000e+02
4725,31.6228,1,2.000000e+02
4750,31.6228,1,2.000000e+02
4775,31.6228,1,2.000000e+02
4800,31.6228,1,2.000000e+02
4825,31.6228,1,2.000000e+02
4850,31.6228,1,2.000000e+02
4875,31.6228,1,2.000000e+02
4900,31.6228,1,2.000000e+02
4925,31.6228,1,2.000000e+02
4950,31.6228,1,2.000000e+02
4975,31.6228,1,2.000000e+02
5000,31.6228,1,2.000000e+02
300,56.2341,1,0.000000e+00
325,56.2341,1,0.000000e+00
350,56.2341,1,0.000000e+00
375,56.2341,1,0.000000e+00
400,56.2341,1,0.000000e+00
425,56.2341,1,0.000000e+00
450,56.2341,1,0.000000e+00
475,56.2341,1,0.000000e+00
500,56.2341,1,0.000000e+00
525,56.2341,1,0.000000e+00
550,56.2341,1,0.000000e+00
575,56.2341,1,0.000000e+00
600,56.2341,1,0.000000e+00
625,56.2341,1,0.000000e+00
650,56.2341,1,0.000000e+00
675,56.2341,1,0.000000e+00
700,56.2341,1,0.000000e+00
725,56.2341,1,0.000000e+00
750,56.2341,1,0.000000e+00
775,56.2341,1,0.000000e+00
800,56.2341,1,0.000000e+00
825,56.2341,1,0.000000e+00
850,56.2341,1,0.000000e+00
875,56.2341,1,0.000000e+00
900,56.2341,1,0.000000e+00
925,56.2341,1,0.000000e+00
950,56.2341,1,0.000000e+00
975,56.2341,1,0.000000e+00
1000,56.2341,1,0.000000e+00
1025,56.2341,1,0.000000e+00
1050,56.2341,1,0.000000e+00
1075,56.2341,1,0.000000e+00
1100,56.2341,1,0.000000e+00
1125,56.2341,1,0.000000e+00
1150,56.2341,1,0.000000e+00
1175,56.2341,1,0.000000e+00
1200,56.2341,1,0.000000e+00
1225,56.2341,1,0.000000e+00
1250,56.2341,1,0.000000e+00
1275,56.2341,1,0.000000e+00
1300,56.2341,1,0.000000e+00
1325,56.2341,1,0.000000e+00
1350,56.2341,1,0.000000e+00
1375,56.2341,1,0.000000e+00
1400,56.2341,1,0.000000e+00
1425,56.2341,1,0.000000e+00
1450,56.2341,1,0.000000e+00
1475,56.2341,1,0.000000e+00
1500,56.2341,1,0.000000e+00
1525,56.2341,1,0.000000e+00
1550,56.2341,1,0.000000e+00
1575,56.2341,1,0.000000e+00
1600,56.2341,1,0.000000e+00
1625,56.2341,1,0.000000e+00
1650,56.2341,1,0.000000e+00
1675,56.2341,1,0.000000e+00
1700,56.2341,1,0.000000e+00
1725,56.2341,1,0.000000e+00
1750,56.2341,1,0.000000e+00
1775,56.2341,1,0.000000e+00
1800,56.2341,1,0.000000e+00
1825,56.2341,1,0.000000e+00
1850,56.2341,1,0.000000e+00
1875,56.2341,1,0.000000e+00
1900,56.2341,1,0.000000e+00
1925,56.2341,1,0.000000e+00
1950,56.2341,1,0.000000e+00
1975,56.2341,1,0.000000e+00
2000,56.2341,1,0.000000e+00
2025,56.2341,1,0.000000e+00
2050,56.2341,1,0.000000e+00
2075,56.2341,1,0.000000e+00
2100,56.2341,1,0.000000e+00
2125,56.2341,1,0.000000e+00
2150,56.2341,1,0.000000e+00
2175,56.2341,1,0.000000e+00
2200,56.2341,1,0.000000e+00
2225,56.2341,1,0.000000e+00
2250,56.2341,1,0.000000e+00
2275,56.2341,1,0.000000e+00
2300,56.2341,1,0.000000e+00
2325,56.2341,1,0.000000e+00
2350,56.2341,1,0.000000e+00
2375,56.2341,1,0.000000e+00
2400,56.2341,1,0.000000e+00
2425,56.2341,1,0.000000e+00
2450,56.2341,1,0.000000e+00
2475,56.2341,1,0.000000e+00
2500,56.2341,1,0.000000e+00
2525,56.2341,1,0.000000e+00
2550,56.2341,1,0.000000e+00
2575,56.2341,1,0.000000e+00
2600,56.2341,1,0.000000e+00
2625,56.2341,1,0.000000e+00
2650,56.2341,1,0.000000e+00
2675,56.2341,1,0.000000e+00
2700,56.2341,1,0.000000e+00
2725,56.2341,1,0.000000e+00
2750,56.2341,1,0.000000e+00
2775,56.2341,1,0.000000e+00
2800,56.2341,1,0.000000e+00
2825,56.2341,1,0.000000e+00
2850,56.2341,1,0.000000e+00
2875,56.2341,1,0.000000e+00
2900,56.2341,1,0.000000e+00
2925,56.2341,1,0.000000e+00
2950,56.2341,1,0.000000e+00
2975,56.2341,1,0.000000e+00
3000,56.2341,1,4.770030e-03
3025,56.2341,1,1.304420e-02
3050,56.2341,1,2.158540e-02
3075,56.2341,1,3.039440e-02
3100,56.2341,1,3.947220e-02
3125,56.2341,1,4.881940e-02
3150,56.2341,1,5.843680e-02
3175,56.2341,1,6.832490e-02
3200,56.2341,1,7.848440e-02
3225,56.2341,1,8.891590e-02
3250,56.2341,1,9.962050e-02
3275,56.2341,1,1.105990e-01
3300,56.2341,1,1.218540e-01
3325,56.2341,1,1.333860e-01
3350,56.2341,1,1.451990e-01
3375,56.2341,1,1.572960e-01
3400,56.2341,1,1.696810e-01
3425,56.2341,1,1.823600e-01
3450,56.2341,1,1.953390e-01
3475,56.2341,1,2.086280e-01
3500,56.2341,1,2.222370e-01
3525,56.2341,1,2.361780e-01
3550,56.2341,1,2.504660e-01
3575,56.2341,1,2.651210e-01
3600,56.2341,1,2.801640e-01
3625,56.2341,1,2.956210e-01
3650,56.2341,1,3.115230e-01
3675,56.2341,1,3.279070e-01
3700,56.2341,1,3.448150e-01
3725,56.2341,1,3.622960e-01
3750,56.2341,1,3.804100e-01
3775,56.2341,1,3.992230e-01
3800,56.2341,1,4.188160e-01
3825,56.2341,1,4.392800e-01
3850,56.2341,1,4.607220e-01
3875,56.2341,1,4.832640e-01
3900,56.2341,1,5.070510e-01
3925,56.2341,1,5.322490e-01
3950,56.2341,1,5.590490e-01
3975,56.2341,1,5.876750e-01
4000,56.2341,1,6.183880e-01
4025,56.2341,1,6.514870e-01
4050,56.2341,1,6.873250e-01
4075,56.2341,1,7.263130e-01
4100,56.2341,1,7.689310e-01
4125,56.2341,1,8.157450e-01
4150,56.2341,1,8.674220e-01
4175,56.2341,1,9.247510e-01
4200,56.2341,1,9.886760e-01
4225,56.2341,1,1.060320e+00
4250,56.2341,1,1.141060e+00
4275,56.2341,1,1.232540e+00
4300,56.2341,1,1.336810e+00
4325,56.2341,1,1.456370e+00
4350,56.2341,1,1.594400e+00
4375,56.2341,1,1.754910e+00
4400,56.2341,1,1.943080e+00
4425,56.2341,1,2.165670e+00
4450,56.2341,1,2.431730e+00
4475,56.2341,1,2.753590e+00
4500,56.2341,1,3.148500e+00
4525,56.2341,1,3.641360e+00
4550,56.2341,1,4.269400e+00
4575,56.2341,1,5.090800e+00
4600,56.2341,1,6.201670e+00
4625,56.2341,1,7.772470e+00
4650,56.2341,1,1.013590e+01
4675,56.2341,1,1.403580e+01
4700,56.2341,1,2.152610e+01
4725,56.2341,1,4.096360e+01
4750,56.2341,1,1.800280e+02
4775,56.2341,1,2.000000e+02
4800,56.2341,1,2.000000e+02
4825,56.2341,1,2.000000e+02
4850,56.2341,1,2.000000e+02
4875,56.2341,1,2.000000e+02
4900,56.2341,1,2.000000e+02
4925,56.2341,1,2.000000e+02
4950,56.2341,1,2.000000e+02
4975,56.2341,1,2.000000e+02
5000,56.2341,1,2.000000e+02
300,100,1,0.000000e+00
325,100,1,0.000000e+00
350,100,1,0.000000e+00
375,100,1,0.000000e+00
400,100,1,0.000000e+00
425,100,1,0.000000e+00
450,100,1,0.000000e+00
475,100,1,0.000000e+00
500,100,1,0.000000e+00
525,100,1,0.000000e+00
550,100,1,0.000000e+00
575,100,1,0.000000e+00
600,100,1,0.000000e+00
625,100,1,0.000000e+00
650,100,1,0.000000e+00
675,100,1,0.000000e+00
700,100,1,0.000000e+00
725,100,1,0.000000e+00
750,100,1,0.000000e+00
775,100,1,0.000000e+00
800,100,1,0.000000e+00
825,100,1,0.000000e+00
850,100,1,0.000000e+00
875,100,1,0.000000e+00
900,100,1,0.000000e+00
925,100,1,0.000000e+00
950,100,1,0.000000e+00
975,100,1,0.000000e+00
1000,100,1,0.000000e+00
1025,100,1,0.000000e+00
1050,100,1,0.000000e+00
1075,100,1,0.000000e+00
1100,100,1,0.000000e+00
1125,100,1,0.000000e+00
1150,100,1,0.000000e+00
1175,100,1,0.000000e+00
1200,100,1,0.000000e+00
1225,100,1,0.000000e+00
1250,100,1,0.000000e+00
1275,100,1,0.000000e+00
1300,100,1,0.000000e+00
1325,100,1,0.000000e+00
1350,100,1,0.000000e+00
1375,100,1,0.000000e+00
1400,100,1,0.000000e+00
1425,100,1,0.000000e+00
1450,100,1,0.000000e+00
1475,100,1,0.000000e+00
1500,100,1,0.000000e+00
1525,100,1,0.000000e+00
1550,100,1,0.000000e+00
1575,100,1,0.000000e+00
1600,100,1,0.000000e+00
1625,100,1,0.000000e+00
1650,100,1,0.000000e+00
1675,100,1,0.000000e+00
1700,100,1,0.000000e+00
1725,100,1,0.000000e+00
1750,100,1,0.000000e+00
1775,100,1,0.000000e+00
1800,100,1,0.000000e+00
1825,100,1,0.000000e+00
1850,100,1,0.000000e+00
1875,100,1,0.000000e+00
1900,100,1,0.000000e+00
1925,100,1,0.000000e+00
1950,100,1,0.000000e+00
1975,100,1,0.000000e+00
2000,100,1,0.000000e+00
2025,100,1,0.000000e+00
2050,100,1,0.000000e+00
2075,100,1,0.000000e+00
2100,100,1,0.000000e+00
2125,100,1,0.000000e+00
2150,100,1,0.000000e+00
2175,100,1,0.000000e+00
2200,100,1,0.000000e+00
2225,100,1,0.000000e+00
2250,100,1,0.000000e+00
2275,100,1,0.000000e+00
2300,100,1,0.000000e+00
2325,100,1,0.000000e+00
2350,100,1,0.000000e+00
2375,100,1,0.000000e+00
2400,100,1,0.000000e+00
2425,100,1,0.000000e+00
2450,100,1,0.000000e+00
2475,100,1,0.000000e+00
2500,100,1,0.000000e+00
2525,100,1,0.000000e+00
2550,100,1,0.000000e+00
2575,100,1,0.000000e+00
2600,100,1,0.000000e+00
2625,100,1,0.000000e+00
2650,100,1,0.000000e+00
2675,100,1,0.000000e+00
2700,100,1,0.000000e+00
2725,100,1,0.000000e+00
2750,100,1,0.000000e+00
2775,100,1,0.000000e+00
2800,100,1,0.000000e+00
2825,100,1,0.000000e+00
2850,100,1,0.000000e+00
2875,100,1,0.000000e+00
2900,100,1,0.000000e+00
2925,100,1,0.000000e+00
2950,100,1,0.000000e+00
2975,100,1,0.000000e+00
3000,100,1,5.364750e-03
3025,100,1,1.363830e-02
3050,100,1,2.218140e-02
3075,100,1,3.099500e-02
3100,100,1,4.007960e-02
3125,100,1,4.943560e-02
3150,100,1,5.906300e-02
3175,100,1,6.896200e-02
3200,100,1,7.913240e-02
3225,100,1,8.957390e-02
3250,100,1,1.002860e-01
3275,100,1,1.112700e-01
3300,100,1,1.225230e-01
3325,100,1,1.340480e-01
3350,100,1,1.458430e-01
3375,100,1,1.579090e-01
3400,100,1,1.702470e-01
3425,100,1,1.828590e-01
3450,100,1,1.957470e-01
3475,100,1,2.089130e-01
3500,100,1,2.223620e-01
3525,100,1,2.360980e-01
3550,100,1,2.501280e-01
3575,100,1,2.644600e-01
3600,100,1,2.791040e-01
3625,100,1,2.940710e-01
3650,100,1,3.093770e-01
3675,100,1,3.250390e-01
3700,100,1,3.410770e-01
3725,100,1,3.575170e-01
3750,100,1,3.743880e-01
3775,100,1,3.917240e-01
3800,100,1,4.095650e-01
3825,100,1,4.279590e-01
3850,100,1,4.469600e-01
3875,100,1,4.666310e-01
3900,100,1,4.870460e-01
3925,100,1,5.082900e-01
3950,100,1,5.304620e-01
3975,100,1,5.536750e-01
4000,100,1,5.780600e-01
4025,100,1,6.037680e-01
4050,100,1,6.309740e-01
4075,100,1,6.598780e-01
4100,100,1,6.907140e-01
4125,100,1,7.237510e-01
4150,100,1,7.593000e-01
4175,100,1,7.977240e-01
4200,100,1,8.394420e-01
4225,100,1,8.849480e-01
4250,100,1,9.348160e-01
4275,100,1,9.897230e-01
4300,100,1,1.050470e+00
4325,100,1,1.118000e+00
4350,100,1,1.193460e+00
4375,100,1,1.278200e+00
4400,100,1,1.373890e+00
4425,100,1,1.482540e+00
4450,100,1,1.606650e+00
4475,100,1,1.749340e+00
4500,100,1,1.914540e+00
4525,100,1,2.107300e+00
4550,100,1,2.334180e+00
4575,100,1,2.603890e+00
4600,100,1,2.928210e+00
4625,100,1,3.323480e+00
4650,100,1,3.813010e+00
4675,100,1,4.431200e+00
4700,100,1,5.231000e+00
4725,100,1,6.298070e+00
4750,100,1,7.780480e+00
4775,100,1,9.957040e+00
4800,100,1,1.341960e+01
4825,100,1,1.967140e+01
4850,100,1,3.390280e+01
4875,100,1,9.251770e+01
4900,100,1,2.000000e+02
4925,100,1,2.000000e+02
4950,100,1,2.000000e+02
4975,100,1,2.000000e+02
5000,100,1,2.000000e+02
300,177.828,1,0.000000e+00
325,177.828,1,0.000000e+00
350,177.828,1,0.000000e+00
375,177.828,1,0.000000e+00
400,177.828,1,0.000000e+00
425,177.828,1,0.000000e+00
450,177.828,1,0.000000e+00
475,177.828,1,0.000000e+00
500,177.828,1,0.000000e+00
525,177.828,1,0.000000e+00
550,177.828,1,0.000000e+00
575,177.828,1,0.000000e+00
600,177.828,1,0.000000e+00
625,177.828,1,0.000000e+00
650,177.828,1,0.000000e+00
675,177.828,1,0.000000e+00
700,177.828,1,0.000000e+00
725,177.828,1,0.000000e+00
750,177.828,1,0.000000e+00
775,177.828,1,0.000000e+00
800,177.828,1,0.000000e+00
825,177.828,1,0.000000e+00
850,177.828,1,0.000000e+00
875,177.828,1,0.000000e+00
900,177.828,1,0.000000e+00
925,177.828,1,0.000000e+00
950,177.828,1,0.000000e+00
975,177.828,1,0.000000e+00
1000,177.828,1,0.000000e+00
1025,177.828,1,0.000000e+00
1050,177.828,1,0.000000e+00
1075,177.828,1,0.000000e+00
1100,177.828,1,0.000000e+00
1125,177.828,1,0.000000e+00
1150,177.828,1,0.000000e+00
1175,177.828,1,0.000000e+00
1200,177.828,1,0.000000e+00
1225,177.828,1,0.000000e+00
1250,177.828,1,0.000000e+00
1275,177.828,1,0.000000e+00
1300,177.828,1,0.000000e+00
1325,177.828,1,0.000000e+00
1350,177.828,1,0.000000e+00
1375,177.828,1,0.000000e+00
1400,177.828,1,0.000000e+00
1425,177.828,1,0.000000e+00
1450,177.828,1,0.000000e+00
1475,177.828,1,0.000000e+00
1500,177.828,1,0.000000e+00
1525,177.828,1,0.000000e+00
1550,177.828,1,0.000000e+00
1575,177.828,1,0.000000e+00
1600,177.828,1,0.000000e+00
1625,177.828,1,0.000000e+00
1650,177.828,1,0.000000e+00
1675,177.828,1,0.000000e+00
1700,177.828,1,0.000000e+00
1725,177.828,1,0.000000e+00
1750,177.828,1,0.000000e+00
1775,177.828,1,0.000000e+00
1800,177.828,1,0.000000e+00
1825,177.828,1,0.000000e+00
1850,177.828,1,0.000000e+00
1875,177.828,1,0.000000e+00
1900,177.828,1,0.000000e+00
1925,177.828,1,0.000000e+00
1950,177.828,1,0.000000e+00
1975,177.828,1,0.000000e+00
2000,177.828,1,0.000000e+00
2025,177.828,1,0.000000e+00
2050,177.828,1,0.000000e+00
2075,177.828,1,0.000000e+00
2100,177.828,1,0.000000e+00
2125,177.828,1,0.000000e+00
2150,177.828,1,0.000000e+00
2175,177.828,1,0.000000e+00
2200,177.828,1,0.000000e+00
2225,177.828,1,0.000000e+00
2250,177.828,1,0.000000e+00
2275,177.828,1,0.000000e+00
2300,177.828,1,0.000000e+00
2325,177.828,1,0.000000e+00
2350,177.828,1,0.000000e+00
2375,177.828,1,0.000000e+00
2400,177.828,1,0.000000e+00
2425,177.828,1,0.000000e+00
2450,177.828,1,0.000000e+00
2475,177.828,1,0.000000e+00
2500,177.828,1,0.000000e+00
2525,177.828,1,0.000000e+00
2550,177.828,1,0.000000e+00
2575,177.828,1,0.000000e+00
2600,177.828,1,0.000000e+00
2625,177.828,1,0.000000e+00
2650,177.828,1,0.000000e+00
2675,177.828,1,0.000000e+00
2700,177.828,1,0.000000e+00
2725,177.828,1,0.000000e+00
2750,177.828,1,0.000000e+00
2775,177.828,1,0.000000e+00
2800,177.828,1,0.000000e+00
2825,177.828,1,0.000000e+00
2850,177.828,1,0.000000e+00
2875,177.828,1,0.000000e+00
2900,177.828,1,0.000000e+00
2925,177.828,1,0.000000e+00
2950,177.828,1,0.000000e+00
2975,177.828,1,0.000000e+00
3000,177.828,1,6.150740e-03
3025,177.828,1,1.439590e-02
3050,177.828,1,2.291410e-02
3075,177.828,1,3.170580e-02
3100,177.828,1,4.077140e-02
3125,177.828,1,5.011130e-02
3150,177.828,1,5.972510e-02
3175,177.828,1,6.961260e-02
3200,177.828,1,7.977320e-02
3225,177.828,1,9.020610e-02
3250,177.828,1,1.009100e-01
3275,177.828,1,1.118850e-01
3300,177.828,1,1.231290e-01
3325,177.828,1,1.346400e-01
3350,177.828,1,1.464190e-01
3375,177.828,1,1.584620e-01
3400,177.828,1,1.707700e-01
3425,177.828,1,1.833420e-01
3450,177.828,1,1.961760e-01
3475,177.828,1,2.092720e-01
3500,177.828,1,2.226310e-01
3525,177.828,1,2.362530e-01
3550,177.828,1,2.501380e-01
3575,177.828,1,2.642900e-01
3600,177.828,1,2.787110e-01
3625,177.828,1,2.934050e-01
3650,177.828,1,3.083770e-01
3675,177.828,1,3.236350e-01
3700,177.828,1,3.391860e-01
3725,177.828,1,3.550430e-01
3750,177.828,1,3.712180e-01
3775,177.828,1,3.877260e-01
3800,177.828,1,4.045880e-01
3825,177.828,1,4.218250e-01
3850,177.828,1,4.394640e-01
3875,177.828,1,4.575370e-01
3900,177.828,1,4.760800e-01
3925,177.828,1,4.951360e-01
3950,177.828,1,5.147550e-01
3975,177.828,1,5.349950e-01
4000,177.828,1,5.559210e-01
4025,177.828,1,5.776120e-01
4050,177.828,1,6.001540e-01
4075,177.828,1,6.236500e-01
4100,177.828,1,6.482180e-01
4125,177.828,1,6.739900e-01
4150,177.828,1,7.011210e-01
4175,177.828,1,7.297880e-01
4200,177.828,1,7.601950e-01
4225,177.828,1,7.925760e-01
4250,177.828,1,8.272000e-01
4275,177.828,1,8.643790e-01
4300,177.828,1,9.044710e-01
4325,177.828,1,9.478930e-01
4350,177.828,1,9.951290e-01
4375,177.828,1,1.046740e+00
4400,177.828,1,1.103400e+00
4425,177.828,1,1.165860e+00
4450,177.828,1,1.235060e+00
4475,177.828,1,1.312090e+00
4500,177.828,1,1.398240e+00
4525,177.828,1,1.495090e+00
4550,177.828,1,1.604560e+00
4575,177.828,1,1.728980e+00
4600,177.828,1,1.871270e+00
4625,177.828,1,2.035050e+00
4650,177.828,1,2.224960e+00
4675,177.828,1,2.446950e+00
4700,177.828,1,2.708830e+00
4725,177.828,1,3.021020e+00
4750,177.828,1,3.397770e+00
4775,177.828,1,3.859040e+00
4800,177.828,1,4.433670e+00
4825,177.828,1,5.164870e+00
4850,177.828,1,6.120400e+00
4875,177.828,1,7.412560e+00
4900,177.828,1,9.241480e+00
4925,177.828,1,1.200030e+01
4950,177.828,1,1.657630e+01
4975,177.828,1,2.545780e+01
5000,177.828,1,4.908580e+01
300,316.228,1,0.000000e+00
325,316.228,1,0.000000e+00
350,316.228,1,0.000000e+00
375,316.228,1,0.000000e+00
400,316.228,1,0.000000e+00
425,316.228,1,0.000000e+00
450,316.228,1,0.000000e+00
475,316.228,1,0.000000e+00
500,316.228,1,0.000000e+00
525,316.228,1,0.000000e+00
550,316.228,1,0.000000e+00
575,316.228,1,0.000000e+00
600,316.228,1,0.000000e+00
625,316.228,1,0.000000e+00
650,316.228,1,0.000000e+00
675,316.228,1,0.000000e+00
700,316.228,1,0.000000e+00
725,316.228,1,0.000000e+00
750,316.228,1,0.000000e+00
775,316.228,1,0.000000e+00
800,316.228,1,0.000000e+00
825,316.228,1,0.000000e+00
850,316.228,1,0.000000e+00
875,316.228,1,0.000000e+00
900,316.228,1,0.000000e+00
925,316.228,1,0.000000e+00
950,316.228,1,0.000000e+00
975,316.228,1,0.000000e+00
1000,316.228,1,0.000000e+00
1025,316.228,1,0.000000e+00
1050,316.228,1,0.000000e+00
1075,316.228,1,0.000000e+00
1100,316.228,1,0.000000e+00
1125,316.228,1,0.000000e+00
1150,316.228,1,0.000000e+00
1175,316.228,1,0.000000e+00
1200,316.228,1,0.000000e+00
1225,316.228,1,0.000000e+00
1250,316.228,1,0.000000e+00
1275,316.228,1,0.000000e+00
1300,316.228,1,0.000000e+00
1325,316.228,1,0.000000e+00
1350,316.228,1,0.000000e+00
1375,316.228,1,0.000000e+00
1400,316.228,1,0.000000e+00
1425,316.228,1,0.000000e+00
1450,316.228,1,0.000000e+00
1475,316.228,1,0.000000e+00
1500,316.228,1,0.000000e+00
1525,316.228,1,0.000000e+00
1550,316.228,1,0.000000e+00
1575,316.228,1,0.000000e+00
1600,316.228,1,0.000000e+00
1625,316.228,1,0.000000e+00
1650,316.228,1,0.000000e+00
1675,316.228,1,0.000000e+00
1700,316.228,1,0.000000e+00
1725,316.228,1,0.000000e+00
1750,316.228,1,0.000000e+00
1775,316.228,1,0.000000e+00
1800,316.228,1,0.000000e+00
1825,316.228,1,0.000000e+00
1850,316.228,1,0.000000e+00
1875,316.228,1,0.000000e+00
1900,316.228,1,0.000000e+00
1925,316.228,1,0.000000e+00
1950,316.228,1,0.000000e+00
1975,316.228,1,0.000000e+00
2000,316.228,1,0.000000e+00
2025,316.228,1,0.000000e+00
2050,316.228,1,0.000000e+00
2075,316.228,1,0.000000e+00
2100,316.228,1,0.000000e+00
2125,316.228,1,0.000000e+00
2150,316.228,1,0.000000e+00
2175,316.228,1,0.000000e+00
2200,316.228,1,0.000000e+00
2225,316.228,1,0.000000e+00
2250,316.228,1,0.000000e+00
2275,316.228,1,0.000000e+00
2300,316.228,1,0.000000e+00
2325,316.228,1,0.000000e+00
2350,316.228,1,0.000000e+00
2375,316.228,1,0.000000e+00
2400,316.228,1,0.000000e+00
2425,316.228,1,0.000000e+00
2450,316.228,1,0.000000e+00
2475,316.228,1,0.000000e+00
2500,316.228,1,0.000000e+00
2525,316.228,1,0.000000e+00
2550,316.228,1,0.000000e+00
2575,316.228,1,0.000000e+00
2600,316.228,1,0.000000e+00
2625,316.228,1,0.000000e+00
2650,316.228,1,0.000000e+00
2675,316.228,1,0.000000e+00
2700,316.228,1,0.000000e+00
2725,316.228,1,0.000000e+00
2750,316.228,1,0.000000e+00
2775,316.228,1,0.000000e+00
2800,316.228,1,0.000000e+00
2825,316.228,1,0.000000e+00
2850,316.228,1,0.000000e+00
2875,316.228,1,0.000000e+00
2900,316.228,1,0.000000e+00
2925,316.228,1,0.000000e+00
2950,316.228,1,0.000000e+00
2975,316.228,1,0.000000e+00
3000,316.228,1,7.322930e-03
3025,316.228,1,1.549880e-02
3050,316.228,1,2.395170e-02
3075,316.228,1,3.268240e-02
3100,316.228,1,4.169100e-02
3125,316.228,1,5.097770e-02
3150,316.228,1,6.054220e-02
3175,316.228,1,7.038380e-02
3200,316.228,1,8.050170e-02
3225,316.228,1,9.089490e-02
3250,316.228,1,1.015620e-01
3275,316.228,1,1.125010e-01
3300,316.228,1,1.237110e-01
3325,316.228,1,1.351890e-01
3350,316.228,1,1.469340e-01
3375,316.228,1,1.589430e-01
3400,316.228,1,1.712140e-01
3425,316.228,1,1.837440e-01
3450,316.228,1,1.965310e-01
3475,316.228,1,2.095730e-01
3500,316.228,1,2.228670e-01
3525,316.228,1,2.364120e-01
3550,316.228,1,2.502050e-01
3575,316.228,1,2.642450e-01
3600,316.228,1,2.785310e-01
3625,316.228,1,2.930620e-01
3650,316.228,1,3.078390e-01
3675,316.228,1,3.228620e-01
3700,316.228,1,3.381320e-01
3725,316.228,1,3.536530e-01
3750,316.228,1,3.694290e-01
3775,316.228,1,3.854650e-01
3800,316.228,1,4.017680e-01
3825,316.228,1,4.183460e-01
3850,316.228,1,4.352130e-01
3875,316.228,1,4.523800e-01
3900,316.228,1,4.698650e-01
3925,316.228,1,4.876880e-01
3950,316.228,1,5.058710e-01
3975,316.228,1,5.244440e-01
4000,316.228,1,5.434370e-01
4025,316.228,1,5.628910e-01
4050,316.228,1,5.828470e-01
4075,316.228,1,6.033580e-01
4100,316.228,1,6.244820e-01
4125,316.228,1,6.462870e-01
4150,316.228,1,6.688500e-01
4175,316.228,1,6.922600e-01
4200,316.228,1,7.166200e-01
4225,316.228,1,7.420450e-01
4250,316.228,1,7.686690e-01
4275,316.228,1,7.966450e-01
4300,316.228,1,8.261460e-01
4325,316.228,1,8.573710e-01
4350,316.228,1,8.905490e-01
4375,316.228,1,9.259390e-01
4400,316.228,1,9.638430e-01
4425,316.228,1,1.004600e+00
4450,316.228,1,1.048620e+00
4475,316.228,1,1.096350e+00
4500,316.228,1,1.148330e+00
4525,316.228,1,1.205170e+00
4550,316.228,1,1.267600e+00
4575,316.228,1,1.336470e+00
4600,316.228,1,1.412790e+00
4625,316.228,1,1.497740e+00
4650,316.228,1,1.592750e+00
4675,316.228,1,1.699550e+00
4700,316.228,1,1.820230e+00
4725,316.228,1,1.957340e+00
4750,316.228,1,2.114070e+00
4775,316.228,1,2.294400e+00
4800,316.228,1,2.503410e+00
4825,316.228,1,2.747640e+00
4850,316.228,1,3.035680e+00
4875,316.228,1,3.379030e+00
4900,316.228,1,3.793430e+00
4925,316.228,1,4.301020e+00
4950,316.228,1,4.933870e+00
4975,316.228,1,5.740270e+00
5000,316.228,1,6.796310e+00
300,562.341,1,0.000000e+00
325,562.341,1,0.000000e+00
350,562.341,1,0.000000e+00
375,562.341,1,0.000000e+00
400,562.341,1,0.000000e+00
425,562.341,1,0.000000e+00
450,562.341,1,0.000000e+00
475,562.341,1,0.000000e+00
500,562.341,1,0.000000e+00
525,562.341,1,0.000000e+00
550,562.341,1,0.000000e+00
575,562.341,1,0.000000e+00
600,562.341,1,0.000000e+00
625,562.341,1,0.000000e+00
650,562.341,1,0.000000e+00
675,562.341,1,0.000000e+00
700,562.341,1,0.000000e+00
725,562.341,1,0.000000e+00
750,562.341,1,0.000000e+00
775,562.341,1,0.000000e+00
800,562.341,1,0.000000e+00
825,562.341,1,0.000000e+00
850,562.341,1,0.000000e+00
875,562.341,1,0.000000e+00
900,562.341,1,0.000000e+00
925,562.341,1,0.000000e+00
950,562.341,1,0.000000e+00
975,562.341,1,0.000000e+00
1000,562.341,1,0.000000e+00
1025,562.341,1,0.000000e+00
1050,562.341,1,0.000000e+00
1075,562.341,1,0.000000e+00
1100,562.341,1,0.000000e+00
1125,562.341,1,0.000000e+00
1150,562.341,1,0.000000e+00
1175,562.341,1,0.000000e+00
1200,562.341,1,0.000000e+00
1225,562.341,1,0.000000e+00
1250,562.341,1,0.000000e+00
1275,562.341,1,0.000000e+00
1300,562.341,1,0.000000e+00
1325,562.341,1,0.000000e+00
1350,562.341,1,0.000000e+00
1375,562.341,1,0.000000e+00
1400,562.341,1,0.000000e+00
1425,562.341,1,0.000000e+00
1450,562.341,1,0.000000e+00
1475,562.341,1,0.000000e+00
1500,562.341,1,0.000000e+00
1525,562.341,1,0.000000e+00
1550,562.341,1,0.000000e+00
1575,562.341,1,0.000000e+00
1600,562.341,1,0.000000e+00
1625,562.341,1,0.000000e+00
1650,562.341,1,0.000000e+00
1675,562.341,1,0.000000e+00
1700,562.341,1,0.000000e+00
1725,562.341,1,0.000000e+00
1750,562.341,1,0.000000e+00
1775,562.341,1,0.000000e+00
1800,562.341,1,0.000000e+00
1825,562.341,1,0.000000e+00
1850,562.341,1,0.000000e+00
1875,562.341,1,0.000000e+00
1900,562.341,1,0.000000e+00
1925,562.341,1,0.000000e+00
1950,562.341,1,0.000000e+00
1975,562.341,1,0.000000e+00
2000,562.341,1,0.000000e+00
2025,562.341,1,0.000000e+00
2050,562.341,1,0.000000e+00
2075,562.341,1,0.000000e+00
2100,562.341,1,0.000000e+00
2125,562.341,1,0.000000e+00
2150,562.341,1,0.000000e+00
2175,562.341,1,0.000000e+00
2200,562.341,1,0.000000e+00
2225,562.341,1,0.000000e+00
2250,562.341,1,0.000000e+00
2275,562.341,1,0.000000e+00
2300,562.341,1,0.000000e+00
2325,562.341,1,0.000000e+00
2350,562.341,1,0.000000e+00
2375,562.341,1,0.000000e+00
2400,562.341,1,0.000000e+00
2425,562.341,1,0.000000e+00
2450,562.341,1,0.000000e+00
2475,562.341,1,0.000000e+00
2500,562.341,1,0.000000e+00
2525,562.341,1,0.000000e+00
2550,562.341,1,0.000000e+00
2575,562.341,1,0.000000e+00
2600,562.341,1,0.000000e+00
2625,562.341,1,0.000000e+00
2650,562.341,1,0.000000e+00
2675,562.341,1,0.000000e+00
2700,562.341,1,0.000000e+00
2725,562.341,1,0.000000e+00
2750,562.341,1,0.000000e+00
2775,562.341,1,0.000000e+00
2800,562.341,1,0.000000e+00
2825,562.341,1,0.000000e+00
2850,562.341,1,0.000000e+00
2875,562.341,1,0.000000e+00
2900,562.341,1,0.000000e+00
2925,562.341,1,0.000000e+00
2950,562.341,1,0.000000e+00
2975,562.341,1,1.415660e-03
3000,562.341,1,9.178160e-03
3025,562.341,1,1.722240e-02
3050,562.341,1,2.554940e-02
3075,562.341,1,3.415960e-02
3100,562.341,1,4.305330e-02
3125,562.341,1,5.223050e-02
3150,562.341,1,6.169080e-02
3175,562.341,1,7.143350e-02
3200,562.341,1,8.145750e-02
3225,562.341,1,9.176170e-02
3250,562.341,1,1.023440e-01
3275,562.341,1,1.132040e-01
3300,562.341,1,1.243380e-01
3325,562.341,1,1.357430e-01
3350,562.341,1,1.474190e-01
3375,562.341,1,1.593600e-01
3400,562.341,1,1.715660e-01
3425,562.341,1,1.840310e-01
3450,562.341,1,1.967530e-01
3475,562.341,1,2.097280e-01
3500,562.341,1,2.229520e-01
3525,562.341,1,2.364230e-01
3550,562.341,1,2.501350e-01
3575,562.341,1,2.640860e-01
3600,562.341,1,2.782720e-01
3625,562.341,1,2.926890e-01
3650,562.341,1,3.073340e-01
3675,562.341,1,3.222060e-01
3700,562.341,1,3.373000e-01
3725,562.341,1,3.526150e-01
3750,562.341,1,3.681500e-01
3775,562.341,1,3.839040e-01
3800,562.341,1,3.998780e-01
3825,562.341,1,4.160720e-01
3850,562.341,1,4.324890e-01
3875,562.341,1,4.491330e-01
3900,562.341,1,4.660080e-01
3925,562.341,1,4.831230e-01
3950,562.341,1,5.004850e-01
3975,562.341,1,5.181070e-01
4000,562.341,1,5.360020e-01
4025,562.341,1,5.541870e-01
4050,562.341,1,5.726820e-01
4075,562.341,1,5.915120e-01
4100,562.341,1,6.107030e-01
4125,562.341,1,6.302900e-01
4150,562.341,1,6.503100e-01
4175,562.341,1,6.708070e-01
4200,562.341,1,6.918320e-01
4225,562.341,1,7.134430e-01
4250,562.341,1,7.357080e-01
4275,562.341,1,7.587010e-01
4300,562.341,1,7.825120e-01
4325,562.341,1,8.072370e-01
4350,562.341,1,8.329920e-01
4375,562.341,1,8.599030e-01
4400,562.341,1,8.881160e-01
4425,562.341,1,9.177980e-01
4450,562.341,1,9.491380e-01
4475,562.341,1,9.823490e-01
4500,562.341,1,1.017680e+00
4525,562.341,1,1.055400e+00
4550,562.341,1,1.095840e+00
4575,562.341,1,1.139360e+00
4600,562.341,1,1.186380e+00
4625,562.341,1,1.237380e+00
4650,562.341,1,1.292930e+00
4675,562.341,1,1.353670e+00
4700,562.341,1,1.420360e+00
4725,562.341,1,1.493890e+00
4750,562.341,1,1.575300e+00
4775,562.341,1,1.665820e+00
4800,562.341,1,1.766930e+00
4825,562.341,1,1.880410e+00
4850,562.341,1,2.008410e+00
4875,562.341,1,2.153560e+00
4900,562.341,1,2.319110e+00
4925,562.341,1,2.509140e+00
4950,562.341,1,2.728810e+00
4975,562.341,1,2.984750e+00
5000,562.341,1,3.285650e+00
300,1000,1,0.000000e+00
325,1000,1,0.000000e+00
350,1000,1,0.000000e+00
375,1000,1,0.000000e+00
400,1000,1,0.000000e+00
425,1000,1,0.000000e+00
450,1000,1,0.000000e+00
475,1000,1,0.000000e+00
500,1000,1,0.000000e+00
525,1000,1,0.000000e+00
550,1000,1,0.000000e+00
575,1000,1,0.000000e+00
600,1000,1,0.000000e+00
625,1000,1,0.000000e+00
650,1000,1,0.000000e+00
675,1000,1,0.000000e+00
700,1000,1,0.000000e+00
725,1000,1,0.000000e+00
750,1000,1,0.000000e+00
775,1000,1,0.000000e+00
800,1000,1,0.000000e+00
825,1000,1,0.000000e+00
850,1000,1,0.000000e+00
875,1000,1,0.000000e+00
900,1000,1,0.000000e+00
925,1000,1,0.000000e+00
950,1000,1,0.000000e+00
975,1000,1,0.000000e+00
1000,1000,1,0.000000e+00
1025,1000,1,0.000000e+00
1050,1000,1,0.000000e+00
1075,1000,1,0.000000e+00
1100,1000,1,0.000000e+00
1125,1000,1,0.000000e+00
1150,1000,1,0.000000e+00
1175,1000,1,0.000000e+00
1200,1000,1,0.000000e+00
1225,1000,1,0.000000e+00
1250,1000,1,0.000000e+00
1275,1000,1,0.000000e+00
1300,1000,1,0.000000e+00
1325,1000,1,0.000000e+00
1350,1000,1,0.000000e+00
1375,1000,1,0.000000e+00
1400,1000,1,0.000000e+00
1425,1000,1,0.000000e+00
1450,1000,1,0.000000e+00
1475,1000,1,0.000000e+00
1500,1000,1,0.000000e+00
1525,1000,1,0.000000e+00
1550,1000,1,0.000000e+00
1575,1000,1,0.000000e+00
1600,1000,1,0.000000e+00
1625,1000,1,0.000000e+00
1650,1000,1,0.000000e+00
1675,1000,1,0.000000e+00
1700,1000,1,0.000000e+00
1725,1000,1,0.000000e+00
1750,1000,1,0.000000e+00
1775,1000,1,0.000000e+00
1800,1000,1,0.000000e+00
1825,1000,1,0.000000e+00
1850,1000,1,0.000000e+00
1875,1000,1,0.000000e+00
1900,1000,1,0.000000e+00
1925,1000,1,0.000000e+00
1950,1000,1,0.000000e+00
1975,1000,1,0.000000e+00
2000,1000,1,0.000000e+00
2025,1000,1,0.000000e+00
2050,1000,1,0.000000e+00
2075,1000,1,0.000000e+00
2100,1000,1,0.000000e+00
2125,1000,1,0.000000e+00
2150,1000,1,0.000000e+00
2175,1000,1,0.000000e+00
2200,1000,1,0.000000e+00
2225,1000,1,0.000000e+00
2250,1000,1,0.000000e+00
2275,1000,1,0.000000e+00
2300,1000,1,0.000000e+00
2325,1000,1,0.000000e+00
2350,1000,1,0.000000e+00
2375,1000,1,0.000000e+00
2400,1000,1,0.000000e+00
2425,1000,1,0.000000e+00
2450,1000,1,0.000000e+00
2475,1000,1,0.000000e+00
2500,1000,1,0.000000e+00
2525,1000,1,0.000000e+00
2550,1000,1,0.000000e+00
2575,1000,1,0.000000e+00
2600,1000,1,0.000000e+00
2625,1000,1,0.000000e+00
2650,1000,1,0.000000e+00
2675,1000,1,0.000000e+00
2700,1000,1,0.000000e+00
2725,1000,1,0.000000e+00
2750,1000,1,0.000000e+00
2775,1000,1,0.000000e+00
2800,1000,1,0.000000e+00
2825,1000,1,0.000000e+00
2850,1000,1,0.000000e+00
2875,1000,1,0.000000e+00
2900,1000,1,0.000000e+00
2925,1000,1,0.000000e+00
2950,1000,1,0.000000e+00
2975,1000,1,4.602430e-03
3000,1000,1,1.213560e-02
3025,1000,1,1.995740e-02
3050,1000,1,2.806900e-02
3075,1000,1,3.647090e-02
3100,1000,1,4.516360e-02
3125,1000,1,5.414690e-02
3150,1000,1,6.342070e-02
3175,1000,1,7.298410e-02
3200,1000,1,8.283630e-02
3225,1000,1,9.297580e-02
3250,1000,1,1.034010e-01
3275,1000,1,1.141100e-01
3300,1000,1,1.251000e-01
3325,1000,1,1.363690e-01
3350,1000,1,1.479130e-01
3375,1000,1,1.597310e-01
3400,1000,1,1.718170e-01
3425,1000,1,1.841680e-01
3450,1000,1,1.967800e-01
3475,1000,1,2.096490e-01
3500,1000,1,2.227700e-01
3525,1000,1,2.361380e-01
3550,1000,1,2.497500e-01
3575,1000,1,2.635980e-01
3600,1000,1,2.776800e-01
3625,1000,1,2.919890e-01
3650,1000,1,3.065200e-01
3675,1000,1,3.212690e-01
3700,1000,1,3.362300e-01
3725,1000,1,3.513980e-01
3750,1000,1,3.667690e-01
3775,1000,1,3.823390e-01
3800,1000,1,3.981030e-01
3825,1000,1,4.140580e-01
3850,1000,1,4.302020e-01
3875,1000,1,4.465320e-01
3900,1000,1,4.630460e-01
3925,1000,1,4.797450e-01
3950,1000,1,4.966290e-01
3975,1000,1,5.137000e-01
4000,1000,1,5.309620e-01
4025,1000,1,5.484180e-01
4050,1000,1,5.660770e-01
4075,1000,1,5.839470e-01
4100,1000,1,6.020400e-01
4125,1000,1,6.203690e-01
4150,1000,1,6.389500e-01
4175,1000,1,6.578050e-01
4200,1000,1,6.769560e-01
4225,1000,1,6.964320e-01
4250,1000,1,7.162650e-01
4275,1000,1,7.364920e-01
4300,1000,1,7.571570e-01
4325,1000,1,7.783080e-01
4350,1000,1,8.000030e-01
4375,1000,1,8.223050e-01
4400,1000,1,8.452870e-01
4425,1000,1,8.690330e-01
4450,1000,1,8.936360e-01
4475,1000,1,9.192030e-01
4500,1000,1,9.458530e-01
4525,1000,1,9.737220e-01
4550,1000,1,1.002960e+00
4575,1000,1,1.033750e+00
4600,1000,1,1.066280e+00
4625,1000,1,1.100780e+00
4650,1000,1,1.137490e+00
4675,1000,1,1.176700e+00
4700,1000,1,1.218740e+00
4725,1000,1,1.263980e+00
4750,1000,1,1.312840e+00
4775,1000,1,1.365810e+00
4800,1000,1,1.423450e+00
4825,1000,1,1.486410e+00
4850,1000,1,1.555440e+00
4875,1000,1,1.631420e+00
4900,1000,1,1.715370e+00
4925,1000,1,1.808500e+00
4950,1000,1,1.912260e+00
4975,1000,1,2.028370e+00
5000,1000,1,2.158910e+00
300,0.001,2,0.000000e+00
325,0.001,2,0.000000e+00
350,0.001,2,0.000000e+00
375,0.001,2,0.000000e+00
400,0.001,2,0.000000e+00
425,0.001,2,0.000000e+00
450,0.001,2,0.000000e+00
475,0.001,2,0.000000e+00
500,0.001,2,0.000000e+00
525,0.001,2,0.000000e+00
550,0.001,2,0.000000e+00
575,0.001,2,0.000000e+00
600,0.001,2,0.000000e+00
625,0.001,2,0.000000e+00
650,0.001,2,0.000000e+00
675,0.001,2,0.000000e+00
700,0.001,2,0.000000e+00
725,0.001,2,0.000000e+00
750,0.001,2,0.000000e+00
775,0.001,2,0.000000e+00
800,0.001,2,0.000000e+00
825,0.001,2,0.000000e+00
850,0.001,2,0.000000e+00
875,0.001,2,0.000000e+00
900,0.001,2,0.000000e+00
925,0.001,2,0.000000e+00
950,0.001,2,0.000000e+00
975,0.001,2,0.000000e+00
1000,0.001,2,0.000000e+00
1025,0.001,2,0.000000e+00
1050,0.001,2,0.000000e+00
1075,0.001,2,0.000000e+00
1100,0.001,2,0.000000e+00
1125,0.001,2,0.000000e+00
1150,0.001,2,0.000000e+00
1175,0.001,2,0.000000e+00
1200,0.001,2,0.000000e+00
1225,0.001,2,0.000000e+00
1250,0.001,2,0.000000e+00
1275,0.001,2,0.000000e+00
1300,0.001,2,0.000000e+00
1325,0.001,2,0.000000e+00
1350,0.001,2,0.000000e+00
1375,0.001,2,0.000000e+00
1400,0.001,2,0.000000e+00
1425,0.001,2,0.000000e+00
1450,0.001,2,0.000000e+00
1475,0.001,2,0.000000e+00
1500,0.001,2,0.000000e+00
1525,0.001,2,0.000000e+00
1550,0.001,2,0.000000e+00
1575,0.001,2,0.000000e+00
1600,0.001,2,0.000000e+00
1625,0.001,2,0.000000e+00
1650,0.001,2,0.000000e+00
1675,0.001,2,0.000000e+00
1700,0.001,2,0.000000e+00
1725,0.001,2,0.000000e+00
1750,0.001,2,0.000000e+00
1775,0.001,2,0.000000e+00
1800,0.001,2,0.000000e+00
1825,0.001,2,0.000000e+00
1850,0.001,2,0.000000e+00
1875,0.001,2,0.000000e+00
1900,0.001,2,0.000000e+00
1925,0.001,2,0.000000e+00
1950,0.001,2,0.000000e+00
1975,0.001,2,0.000000e+00
2000,0.001,2,0.000000e+00
2025,0.001,2,0.000000e+00
2050,0.001,2,0.000000e+00
2075,0.001,2,0.000000e+00
2100,0.001,2,0.000000e+00
2125,0.001,2,0.000000e+00
2150,0.001,2,0.000000e+00
2175,0.001,2,0.000000e+00
2200,0.001,2,0.000000e+00
2225,0.001,2,0.000000e+00
2250,0.001,2,0.000000e+00
2275,0.001,2,0.000000e+00
2300,0.001,2,0.000000e+00
2325,0.001,2,0.000000e+00
2350,0.001,2,0.000000e+00
2375,0.001,2,0.000000e+00
2400,0.001,2,0.000000e+00
2425,0.001,2,0.000000e+00
2450,0.001,2,0.000000e+00
2475,0.001,2,0.000000e+00
2500,0.001,2,0.000000e+00
2525,0.001,2,0.000000e+00
2550,0.001,2,0.000000e+00
2575,0.001,2,0.000000e+00
2600,0.001,2,0.000000e+00
2625,0.001,2,0.000000e+00
2650,0.001,2,0.000000e+00
2675,0.001,2,0.000000e+00
2700,0.001,2,0.000000e+00
2725,0.001,2,0.000000e+00
2750,0.001,2,0.000000e+00
2775,0.001,2,0.000000e+00
2800,0.001,2,0.000000e+00
2825,0.001,2,1.148060e-01
2850,0.001,2,3.164120e-01
2875,0.001,2,5.957080e-01
2900,0.001,2,9.874830e-01
2925,0.001,2,1.547590e+00
2950,0.001,2,2.371730e+00
2975,0.001,2,3.638880e+00
3000,0.001,2,5.727840e+00
3025,0.001,2,9.605170e+00
3050,0.001,2,1.868790e+01
3075,0.001,2,5.985140e+01
3100,0.001,2,2.000000e+02
3125,0.001,2,2.000000e+02
3150,0.001,2,2.000000e+02
3175,0.001,2,2.000000e+02
3200,0.001,2,2.000000e+02
3225,0.001,2,2.000000e+02
3250,0.001,2,2.000000e+02
3275,0.001,2,2.000000e+02
3300,0.001,2,2.000000e+02
3325,0.001,2,2.000000e+02
3350,0.001,2,2.000000e+02
3375,0.001,2,2.000000e+02
3400,0.001,2,2.000000e+02
3425,0.001,2,2.000000e+02
3450,0.001,2,2.000000e+02
3475,0.001,2,2.000000e+02
3500,0.001,2,2.000000e+02
3525,0.001,2,2.000000e+02
3550,0.001,2,2.000000e+02
3575,0.001,2,2.000000e+02
3600,0.001,2,2.000000e+02
3625,0.001,2,2.000000e+02
3650,0.001,2,2.000000e+02
3675,0.001,2,2.000000e+02
3700,0.001,2,2.000000e+02
3725,0.001,2,2.000000e+02
3750,0.001,2,2.000000e+02
3775,0.001,2,2.000000e+02
3800,0.001,2,2.000000e+02
3825,0.001,2,2.000000e+02
3850,0.001,2,2.000000e+02
3875,0.001,2,2.000000e+02
3900,0.001,2,2.000000e+02
3925,0.001,2,2.000000e+02
3950,0.001,2,2.000000e+02
3975,0.001,2,2.000000e+02
4000,0.001,2,2.000000e+02
4025,0.001,2,2.000000e+02
4050,0.001,2,2.000000e+02
4075,0.001,2,2.000000e+02
4100,0.001,2,2.000000e+02
4125,0.001,2,2.000000e+02
4150,0.001,2,2.000000e+02
4175,0.001,2,2.000000e+02
4200,0.001,2,2.000000e+02
4225,0.001,2,2.000000e+02
4250,0.001,2,2.000000e+02
4275,0.001,2,2.000000e+02
4300,0.001,2,2.000000e+02
4325,0.001,2,2.000000e+02
4350,0.001,2,2.000000e+02
4375,0.001,2,2.000000e+02
4400,0.001,2,2.000000e+02
4425,0.001,2,2.000000e+02
4450,0.001,2,2.000000e+02
4475,0.001,2,2.000000e+02
4500,0.001,2,2.000000e+02
4525,0.001,2,2.000000e+02
4550,0.001,2,2.000000e+02
4575,0.001,2,2.000000e+02
4600,0.001,2,2.000000e+02
4625,0.001,2,2.000000e+02
4650,0.001,2,2.000000e+02
4675,0.001,2,2.000000e+02
4700,0.001,2,2.000000e+02
4725,0.001,2,2.000000e+02
4750,0.001,2,2.000000e+02
4775,0.001,2,2.000000e+02
4800,0.001,2,2.000000e+02
4825,0.001,2,2.000000e+02
4850,0.001,2,2.000000e+02
4875,0.001,2,2.000000e+02
4900,0.001,2,2.000000e+02
4925,0.001,2,2.000000e+02
4950,0.001,2,2.000000e+02
4975,0.001,2,2.000000e+02
5000,0.001,2,2.000000e+02
300,0.00177828,2,0.000000e+00
325,0.00177828,2,0.000000e+00
350,0.00177828,2,0.000000e+00
375,0.00177828,2,0.000000e+00
400,0.00177828,2,0.000000e+00
425,0.00177828,2,0.000000e+00
450,0.00177828,2,0.000000e+00
475,0.00177828,2,0.000000e+00
500,0.00177828,2,0.000000e+00
525,0.00177828,2,0.000000e+00
550,0.00177828,2,0.000000e+00
575,0.00177828,2,0.000000e+00
600,0.00177828,2,0.000000e+00
625,0.00177828,2,0.000000e+00
650,0.00177828,2,0.000000e+00
675,0.00177828,2,0.000000e+00
700,0.00177828,2,0.000000e+00
725,0.00177828,2,0.000000e+00
750,0.00177828,2,0.000000e+00
775,0.00177828,2,0.000000e+00
800,0.00177828,2,0.000000e+00
825,0.00177828,2,0.000000e+00
850,0.00177828,2,0.000000e+00
875,0.00177828,2,0.000000e+00
900,0.00177828,2,0.000000e+00
925,0.00177828,2,0.000000e+00
950,0.00177828,2,0.000000e+00
975,0.00177828,2,0.000000e+00
1000,0.00177828,2,0.000000e+00
1025,0.00177828,2,0.000000e+00
1050,0.00177828,2,0.000000e+00
1075,0.00177828,2,0.000000e+00
1100,0.00177828,2,0.000000e+00
1125,0.00177828,2,0.000000e+00
1150,0.00177828,2,0.000000e+00
1175,0.00177828,2,0.000000e+00
1200,0.00177828,2,0.000000e+00
1225,0.00177828,2,0.000000e+00
1250,0.00177828,2,0.000000e+00
1275,0.00177828,2,0.000000e+00
1300,0.00177828,2,0.000000e+00
1325,0.00177828,2,0.000000e+00
1350,0.00177828,2,0.000000e+00
1375,0.00177828,2,0.000000e+00
1400,0.00177828,2,0.000000e+00
1425,0.00177828,2,0.000000e+00
1450,0.00177828,2,0.000000e+00
1475,0.00177828,2,0.000000e+00
1500,0.00177828,2,0.000000e+00
1525,0.00177828,2,0.000000e+00
1550,0.00177828,2,0.000000e+00
1575,0.00177828,2,0.000000e+00
1600,0.00177828,2,0.000000e+00
1625,0.00177828,2,0.000000e+00
1650,0.00177828,2,0.000000e+00
1675,0.00177828,2,0.000000e+00
1700,0.00177828,2,0.000000e+00
1725,0.00177828,2,0.000000e+00
1750,0.00177828,2,0.000000e+00
1775,0.00177828,2,0.000000e+00
1800,0.00177828,2,0.000000e+00
1825,0.00177828,2,0.000000e+00
1850,0.00177828,2,0.000000e+00
1875,0.00177828,2,0.000000e+00
1900,0.00177828,2,0.000000e+00
1925,0.00177828,2,0.000000e+00
1950,0.00177828,2,0.000000e+00
1975,0.00177828,2,0.000000e+00
2000,0.00177828,2,0.000000e+00
2025,0.00177828,2,0.000000e+00
2050,0.00177828,2,0.000000e+00
2075,0.00177828,2,0.000000e+00
2100,0.00177828,2,0.000000e+00
2125,0.00177828,2,0.000000e+00
2150,0.00177828,2,0.000000e+00
2175,0.00177828,2,0.000000e+00
2200,0.00177828,2,0.000000e+00
2225,0.00177828,2,0.000000e+00
2250,0.00177828,2,0.000000e+00
2275,0.00177828,2,0.000000e+00
2300,0.00177828,2,0.000000e+00
2325,0.00177828,2,0.000000e+00
2350,0.00177828,2,0.000000e+00
2375,0.00177828,2,0.000000e+00
2400,0.00177828,2,0.000000e+00
2425,0.00177828,2,0.000000e+00
2450,0.00177828,2,0.000000e+00
2475,0.00177828,2,0.000000e+00
2500,0.00177828,2,0.000000e+00
2525,0.00177828,2,0.000000e+00
2550,0.00177828,2,0.000000e+00
2575,0.00177828,2,0.000000e+00
2600,0.00177828,2,0.000000e+00
2625,0.00177828,2,0.000000e+00
2650,0.00177828,2,0.000000e+00
2675,0.00177828,2,0.000000e+00
2700,0.00177828,2,0.000000e+00
2725,0.00177828,2,0.000000e+00
2750,0.00177828,2,0.000000e+00
2775,0.00177828,2,0.000000e+00
2800,0.00177828,2,0.000000e+00
2825,0.00177828,2,0.000000e+00
2850,0.00177828,2,0.000000e+00
2875,0.00177828,2,1.350030e-01
2900,0.00177828,2,3.310440e-01
2925,0.00177828,2,5.995900e-01
2950,0.00177828,2,9.717230e-01
2975,0.00177828,2,1.496380e+00
3000,0.00177828,2,2.255320e+00
3025,0.00177828,2,3.396350e+00
3050,0.00177828,2,5.217350e+00
3075,0.00177828,2,8.422430e+00
3100,0.00177828,2,1.517310e+01
3125,0.00177828,2,3.686440e+01
3150,0.00177828,2,2.000000e+02
3175,0.00177828,2,2.000000e+02
3200,0.00177828,2,2.000000e+02
3225,0.00177828,2,2.000000e+02
3250,0.00177828,2,2.000000e+02
3275,0.00177828,2,2.000000e+02
3300,0.00177828,2,2.000000e+02
3325,0.00177828,2,2.000000e+02
3350,0.00177828,2,2.000000e+02
3375,0.00177828,2,2.000000e+02
3400,0.00177828,2,2.000000e+02
3425,0.00177828,2,2.000000e+02
3450,0.00177828,2,2.000000e+02
3475,0.00177828,2,2.000000e+02
3500,0.00177828,2,2.000000e+02
3525,0.00177828,2,2.000000e+02
3550,0.00177828,2,2.000000e+02
3575,0.00177828,2,2.000000e+02
3600,0.00177828,2,2.000000e+02
3625,0.00177828,2,2.000000e+02
3650,0.00177828,2,2.000000e+02
3675,0.00177828,2,2.000000e+02
3700,0.00177828,2,2.000000e+02
3725,0.00177828,2,2.000000e+02
3750,0.00177828,2,2.000000e+02
3775,0.00177828,2,2.000000e+02
3800,0.00177828,2,2.000000e+02
3825,0.00177828,2,2.000000e+02
3850,0.00177828,2,2.000000e+02
3875,0.00177828,2,2.000000e+02
3900,0.00177828,2,2.000000e+02
3925,0.00177828,2,2.000000e+02
3950,0.00177828,2,2.000000e+02
3975,0.00177828,2,2.000000e+02
4000,0.00177828,2,2.000000e+02
4025,0.00177828,2,2.000000e+02
4050,0.00177828,2,2.000000e+02
4075,0.00177828,2,2.000000e+02
4100,0.00177828,2,2.000000e+02
4125,0.00177828,2,2.000000e+02
4150,0.00177828,2,2.000000e+02
4175,0.00177828,2,2.000000e+02
4200,0.00177828,2,2.000000e+02
4225,0.00177828,2,2.000000e+02
4250,0.00177828,2,2.000000e+02
4275,0.00177828,2,2.000000e+02
4300,0.00177828,2,2.000000e+02
4325,0.00177828,2,2.000000e+02
4350,0.00177828,2,2.000000e+02
4375,0.00177828,2,2.000000e+02
4400,0.00177828,2,2.000000e+02
4425,0.00177828,2,2.000000e+02
4450,0.00177828,2,2.000000e+02
4475,0.00177828,2,2.000000e+02
4500,0.00177828,2,2.000000e+02
4525,0.00177828,2,2.000000e+02
4550,0.00177828,2,2.000000e+02
4575,0.00177828,2,2.000000e+02
4600,0.00177828,2,2.000000e+02
4625,0.00177828,2,2.000000e+02
4650,0.00177828,2,2.000000e+02
4675,0.00177828,2,2.000000e+02
4700,0.00177828,2,2.000000e+02
4725,0.00177828,2,2.000000e+02
4750,0.00177828,2,2.000000e+02
4775,0.00177828,2,2.000000e+02
4800,0.00177828,2,2.000000e+02
4825,0.00177828,2,2.000000e+02
4850,0.00177828,2,2.000000e+02
4875,0.00177828,2,2.000000e+02
4900,0.00177828,2,2.000000e+02
4925,0.00177828,2,2.000000e+02
4950,0.00177828,2,2.000000e+02
4975,0.00177828,2,2.000000e+02
5000,0.00177828,2,2.000000e+02
300,0.00316228,2,0.000000e+00
325,0.00316228,2,0.000000e+00
350,0.00316228,2,0.000000e+00
375,0.00316228,2,0.000000e+00
400,0.00316228,2,0.000000e+00
425,0.00316228,2,0.000000e+00
450,0.00316228,2,0.000000e+00
475,0.00316228,2,0.000000e+00
500,0.00316228,2,0.000000e+00
525,0.00316228,2,0.000000e+00
550,0.00316228,2,0.000000e+00
575,0.00316228,2,0.000000e+00
600,0.00316228,2,0.000000e+00
625,0.00316228,2,0.000000e+00
650,0.00316228,2,0.000000e+00
675,0.00316228,2,0.000000e+00
700,0.00316228,2,0.000000e+00
725,0.00316228,2,0.000000e+00
750,0.00316228,2,0.000000e+00
775,0.00316228,2,0.000000e+00
800,0.00316228,2,0.000000e+00
825,0.00316228,2,0.000000e+00
850,0.00316228,2,0.000000e+00
875,0.00316228,2,0.000000e+00
900,0.00316228,2,0.000000e+00
925,0.00316228,2,0.000000e+00
950,0.00316228,2,0.000000e+00
975,0.00316228,2,0.000000e+00
1000,0.00316228,2,0.000000e+00
1025,0.00316228,2,0.000000e+00
1050,0.00316228,2,0.000000e+00
1075,0.00316228,2,0.000000e+00
1100,0.00316228,2,0.000000e+00
1125,0.00316228,2,0.000000e+00
1150,0.00316228,2,0.000000e+00
1175,0.00316228,2,0.000000e+00
1200,0.00316228,2,0.000000e+00
1225,0.00316228,2,0.000000e+00
1250,0.00316228,2,0.000000e+00
1275,0.00316228,2,0.000000e+00
1300,0.00316228,2,0.000000e+00
1325,0.00316228,2,0.000000e+00
1350,0.00316228,2,0.000000e+00
1375,0.00316228,2,0.000000e+00
1400,0.00316228,2,0.000000e+00
1425,0.00316228,2,0.000000e+00
1450,0.00316228,2,0.000000e+00
1475,0.00316228,2,0.000000e+00
1500,0.00316228,2,0.000000e+00
1525,0.00316228,2,0.000000e+00
1550,0.00316228,2,0.000000e+00
1575,0.00316228,2,0.000000e+00
1600,0.00316228,2,0.000000e+00
1625,0.00316228,2,0.000000e+00
1650,0.00316228,2,0.000000e+00
1675,0.00316228,2,0.000000e+00
1700,0.00316228,2,0.000000e+00
1725,0.00316228,2,0.000000e+00
1750,0.00316228,2,0.000000e+00
1775,0.00316228,2,0.000000e+00
1800,0.00316228,2,0.000000e+00
1825,0.00316228,2,0.000000e+00
1850,0.00316228,2,0.000000e+00
1875,0.00316228,2,0.000000e+00
1900,0.00316228,2,0.000000e+00
1925,0.00316228,2,0.000000e+00
1950,0.00316228,2,0.000000e+00
1975,0.00316228,2,0.000000e+00
2000,0.00316228,2,0.000000e+00
2025,0.00316228,2,0.000000e+00
2050,0.00316228,2,0.000000e+00
2075,0.00316228,2,0.000000e+00
2100,0.00316228,2,0.000000e+00
2125,0.00316228,2,0.000000e+00
2150,0.00316228,2,0.000000e+00
2175,0.00316228,2,0.000000e+00
2200,0.00316228,2,0.000000e+00
2225,0.00316228,2,0.000000e+00
2250,0.00316228,2,0.000000e+00
2275,0.00316228,2,0.000000e+00
2300,0.00316228,2,0.000000e+00
2325,0.00316228,2,0.000000e+00
2350,0.00316228,2,0.000000e+00
2375,0.00316228,2,0.000000e+00
2400,0.00316228,2,0.000000e+00
2425,0.00316228,2,0.000000e+00
2450,0.00316228,2,0.000000e+00
2475,0.00316228,2,0.000000e+00
2500,0.00316228,2,0.000000e+00
2525,0.00316228,2,0.000000e+00
2550,0.00316228,2,0.000000e+00
2575,0.00316228,2,0.000000e+00
2600,0.00316228,2,0.000000e+00
2625,0.00316228,2,0.000000e+00
2650,0.00316228,2,0.000000e+00
2675,0.00316228,2,0.000000e+00
2700,0.00316228,2,0.000000e+00
2725,0.00316228,2,0.000000e+00
2750,0.00316228,2,0.000000e+00
2775,0.00316228,2,0.000000e+00
2800,0.00316228,2,0.000000e+00
2825,0.00316228,2,0.000000e+00
2850,0.00316228,2,0.000000e+00
2875,0.00316228,2,0.000000e+00
2900,0.00316228,2,7.609530e-03
2925,0.00316228,2,1.462290e-01
2950,0.00316228,2,3.325740e-01
2975,0.00316228,2,5.848470e-01
3000,0.00316228,2,9.299560e-01
3025,0.00316228,2,1.409340e+00
3050,0.00316228,2,2.090310e+00
3075,0.00316228,2,3.090030e+00
3100,0.00316228,2,4.632510e+00
3125,0.00316228,2,7.206830e+00
3150,0.00316228,2,1.212470e+01
3175,0.00316228,2,2.449680e+01
3200,0.00316228,2,1.021180e+02
3225,0.00316228,2,2.000000e+02
3250,0.00316228,2,2.000000e+02
3275,0.00316228,2,2.000000e+02
3300,0.00316228,2,2.000000e+02
3325,0.00316228,2,2.000000e+02
3350,0.00316228,2,2.000000e+02
3375,0.00316228,2,2.000000e+02
3400,0.00316228,2,2.000000e+02
3425,0.00316228,2,2.000000e+02
3450,0.00316228,2,2.000000e+02
3475,0.00316228,2,2.000000e+02
3500,0.00316228,2,2.000000e+02
3525,0.00316228,2,2.000000e+02
3550,0.00316228,2,2.000000e+02
3575,0.00316228,2,2.000000e+02
3600,0.00316228,2,2.000000e+02
3625,0.00316228,2,2.000000e+02
3650,0.00316228,2,2.000000e+02
3675,0.00316228,2,2.000000e+02
3700,0.00316228,2,2.000000e+02
3725,0.00316228,2,2.000000e+02
3750,0.00316228,2,2.000000e+02
3775,0.00316228,2,2.000000e+02
3800,0.00316228,2,2.000000e+02
3825,0.00316228,2,2.000000e+02
3850,0.00316228,2,2.000000e+02
3875,0.00316228,2,2.000000e+02
3900,0.00316228,2,2.000000e+02
3925,0.00316228,2,2.000000e+02
3950,0.00316228,2,2.000000e+02
3975,0.00316228,2,2.000000e+02
4000,0.00316228,2,2.000000e+02
4025,0.00316228,2,2.000000e+02
4050,0.00316228,2,2.000000e+02
4075,0.00316228,2,2.000000e+02
4100,0.00316228,2,2.000000e+02
4125,0.00316228,2,2.000000e+02
4150,0.00316228,2,2.000000e+02
4175,0.00316228,2,2.000000e+02
4200,0.00316228,2,2.000000e+02
4225,0.00316228,2,2.000000e+02
4250,0.00316228,2,2.000000e+02
4275,0.00316228,2,2.000000e+02
4300,0.00316228,2,2.000000e+02
4325,0.00316228,2,2.000000e+02
4350,0.00316228,2,2.000000e+02
4375,0.00316228,2,2.000000e+02
4400,0.00316228,2,2.000000e+02
4425,0.00316228,2,2.000000e+02
4450,0.00316228,2,2.000000e+02
4475,0.00316228,2,2.000000e+02
4500,0.00316228,2,2.000000e+02
4525,0.00316228,2,2.000000e+02
4550,0.00316228,2,2.000000e+02
4575,0.00316228,2,2.000000e+02
4600,0.00316228,2,2.000000e+02
4625,0.00316228,2,2.000000e+02
4650,0.00316228,2,2.000000e+02
4675,0.00316228,2,2.000000e+02
4700,0.00316228,2,2.000000e+02
4725,0.00316228,2,2.000000e+02
4750,0.00316228,2,2.000000e+02
4775,0.00316228,2,2.000000e+02
4800,0.00316228,2,2.000000e+02
4825,0.00316228,2,2.000000e+02
4850,0.00316228,2,2.000000e+02
4875,0.00316228,2,2.000000e+02
4900,0.00316228,2,2.000000e+02
4925,0.00316228,2,2.000000e+02
4950,0.00316228,2,2.000000e+02
4975,0.00316228,2,2.000000e+02
5000,0.00316228,2,2.000000e+02
300,0.00562341,2,0.000000e+00
325,0.00562341,2,0.000000e+00
350,0.00562341,2,0.000000e+00
375,0.00562341,2,0.000000e+00
400,0.00562341,2,0.000000e+00
425,0.00562341,2,0.000000e+00
450,0.00562341,2,0.000000e+00
475,0.00562341,2,0.000000e+00
500,0.00562341,2,0.000000e+00
525,0.00562341,2,0.000000e+00
550,0.00562341,2,0.000000e+00
575,0.00562341,2,0.000000e+00
600,0.00562341,2,0.000000e+00
625,0.00562341,2,0.000000e+00
650,0.00562341,2,0.000000e+00
675,0.00562341,2,0.000000e+00
700,0.00562341,2,0.000000e+00
725,0.00562341,2,0.000000e+00
750,0.00562341,2,0.000000e+00
775,0.00562341,2,0.000000e+00
800,0.00562341,2,0.000000e+00
825,0.00562341,2,0.000000e+00
850,0.00562341,2,0.000000e+00
875,0.00562341,2,0.000000e+00
900,0.00562341,2,0.000000e+00
925,0.00562341,2,0.000000e+00
950,0.00562341,2,0.000000e+00
975,0.00562341,2,0.000000e+00
1000,0.00562341,2,0.000000e+00
1025,0.00562341,2,0.000000e+00
1050,0.00562341,2,0.000000e+00
1075,0.00562341,2,0.000000e+00
1100,0.00562341,2,0.000000e+00
1125,0.00562341,2,0.000000e+00
1150,0.00562341,2,0.000000e+00
1175,0.00562341,2,0.000000e+00
1200,0.00562341,2,0.000000e+00
1225,0.00562341,2,0.000000e+00
1250,0.00562341,2,0.000000e+00
1275,0.00562341,2,0.000000e+00
1300,0.00562341,2,0.000000e+00
1325,0.00562341,2,0.000000e+00
1350,0.00562341,2,0.000000e+00
1375,0.00562341,2,0.000000e+00
1400,0.00562341,2,0.000000e+00
1425,0.00562341,2,0.000000e+00
1450,0.00562341,2,0.000000e+00
1475,0.00562341,2,0.000000e+00
1500,0.00562341,2,0.000000e+00
1525,0.00562341,2,0.000000e+00
1550,0.00562341,2,0.000000e+00
1575,0.00562341,2,0.000000e+00
1600,0.00562341,2,0.000000e+00
1625,0.00562341,2,0.000000e+00
1650,0.00562341,2,0.000000e+00
1675,0.00562341,2,0.000000e+00
1700,0.00562341,2,0.000000e+00
1725,0.00562341,2,0.000000e+00
1750,0.00562341,2,0.000000e+00
1775,0.00562341,2,0.000000e+00
1800,0.00562341,2,0.000000e+00
1825,0.00562341,2,0.000000e+00
1850,0.00562341,2,0.000000e+00
1875,0.00562341,2,0.000000e+00
1900,0.00562341,2,0.000000e+00
1925,0.00562341,2,0.000000e+00
1950,0.00562341,2,0.000000e+00
1975,0.00562341,2,0.000000e+00
2000,0.00562341,2,0.000000e+00
2025,0.00562341,2,0.000000e+00
2050,0.00562341,2,0.000000e+00
2075,0.00562341,2,0.000000e+00
2100,0.00562341,2,0.000000e+00
2125,0.00562341,2,0.000000e+00
2150,0.00562341,2,0.000000e+00
2175,0.00562341,2,0.000000e+00
2200,0.00562341,2,0.000000e+00
2225,0.00562341,2,0.000000e+00
2250,0.00562341,2,0.000000e+00
2275,0.00562341,2,0.000000e+00
2300,0.00562341,2,0.000000e+00
2325,0.00562341,2,0.000000e+00
2350,0.00562341,2,0.000000e+00
2375,0.00562341,2,0.000000e+00
2400,0.00562341,2,0.000000e+00
2425,0.00562341,2,0.000000e+00
2450,0.00562341,2,0.000000e+00
2475,0.00562341,2,0.000000e+00
2500,0.00562341,2,0.000000e+00
2525,0.00562341,2,0.000000e+00
2550,0.00562341,2,0.000000e+00
2575,0.00562341,2,0.000000e+00
2600,0.00562341,2,0.000000e+00
2625,0.00562341,2,0.000000e+00
2650,0.00562341,2,0.000000e+00
2675,0.00562341,2,0.000000e+00
2700,0.00562341,2,0.000000e+00
2725,0.00562341,2,0.000000e+00
2750,0.00562341,2,0.000000e+00
2775,0.00562341,2,0.000000e+00
2800,0.00562341,2,0.000000e+00
2825,0.00562341,2,0.000000e+00
2850,0.00562341,2,0.000000e+00
2875,0.00562341,2,0.000000e+00
2900,0.00562341,2,0.000000e+00
2925,0.00562341,2,0.000000e+00
2950,0.00562341,2,1.946390e-02
2975,0.00562341,2,1.500020e-01
3000,0.00562341,2,3.234150e-01
3025,0.00562341,2,5.553070e-01
3050,0.00562341,2,8.683020e-01
3075,0.00562341,2,1.296430e+00
3100,0.00562341,2,1.893310e+00
3125,0.00562341,2,2.748650e+00
3150,0.00562341,2,4.024940e+00
3175,0.00562341,2,6.050340e+00
3200,0.00562341,2,9.602540e+00
3225,0.00562341,2,1.707770e+01
3250,0.00562341,2,4.120740e+01
3275,0.00562341,2,2.000000e+02
3300,0.00562341,2,2.000000e+02
3325,0.00562341,2,2.000000e+02
3350,0.00562341,2,2.000000e+02
3375,0.00562341,2,2.000000e+02
3400,0.00562341,2,2.000000e+02
3425,0.00562341,2,2.000000e+02
3450,0.00562341,2,2.000000e+02
3475,0.00562341,2,2.000000e+02
3500,0.00562341,2,2.000000e+02
3525,0.00562341,2,2.000000e+02
3550,0.00562341,2,2.000000e+02
3575,0.00562341,2,2.000000e+02
3600,0.00562341,2,2.000000e+02
3625,0.00562341,2,2.000000e+02
3650,0.00562341,2,2.000000e+02
3675,0.00562341,2,2.000000e+02
3700,0.00562341,2,2.000000e+02
3725,0.00562341,2,2.000000e+02
3750,0.00562341,2,2.000000e+02
3775,0.00562341,2,2.000000e+02
3800,0.00562341,2,2.000000e+02
3825,0.00562341,2,2.000000e+02
3850,0.00562341,2,2.000000e+02
3875,0.00562341,2,2.000000e+02
3900,0.00562341,2,2.000000e+02
3925,0.00562341,2,2.000000e+02
3950,0.00562341,2,2.000000e+02
3975,0.00562341,2,2.000000e+02
4000,0.00562341,2,2.000000e+02
4025,0.00562341,2,2.000000e+02
4050,0.00562341,2,2.000000e+02
4075,0.00562341,2,2.000000e+02
4100,0.00562341,2,2.000000e+02
4125,0.00562341,2,2.000000e+02
4150,0.00562341,2,2.000000e+02
4175,0.00562341,2,2.000000e+02
4200,0.00562341,2,2.000000e+02
4225,0.00562341,2,2.000000e+02
4250,0.00562341,2,2.000000e+02
4275,0.00562341,2,2.000000e+02
4300,0.00562341,2,2.000000e+02
4325,0.00562341,2,2.000000e+02
4350,0.00562341,2,2.000000e+02
4375,0.00562341,2,2.000000e+02
4400,0.00562341,2,2.000000e+02
4425,0.00562341,2,2.000000e+02
4450,0.00562341,2,2.000000e+02
4475,0.00562341,2,2.000000e+02
4500,0.00562341,2,2.000000e+02
4525,0.00562341,2,2.000000e+02
4550,0.00562341,2,2.000000e+02
4575,0.00562341,2,2.000000e+02
4600,0.00562341,2,2.000000e+02
4625,0.00562341,2,2.000000e+02
4650,0.00562341,2,2.000000e+02
4675,0.00562341,2,2.000000e+02
4700,0.00562341,2,2.000000e+02
4725,0.00562341,2,2.000000e+02
4750,0.00562341,2,2.000000e+02
4775,0.00562341,2,2.000000e+02
4800,0.00562341,2,2.000000e+02
4825,0.00562341,2,2.000000e+02
4850,0.00562341,2,2.000000e+02
4875,0.00562341,2,2.000000e+02
4900,0.00562341,2,2.000000e+02
4925,0.00562341,2,2.000000e+02
4950,0.00562341,2,2.000000e+02
4975,0.00562341,2,2.000000e+02
5000,0.00562341,2,2.000000e+02
300,0.01,2,0.000000e+00
325,0.01,2,0.000000e+00
350,0.01,2,0.000000e+00
375,0.01,2,0.000000e+00
400,0.01,2,0.000000e+00
425,0.01,2,0.000000e+00
450,0.01,2,0.000000e+00
475,0.01,2,0.000000e+00
500,0.01,2,0.000000e+00
525,0.01,2,0.000000e+00
550,0.01,2,0.000000e+00
575,0.01,2,0.000000e+00
600,0.01,2,0.000000e+00
625,0.01,2,0.000000e+00
650,0.01,2,0.000000e+00
675,0.01,2,0.000000e+00
700,0.01,2,0.000000e+00
725,0.01,2,0.000000e+00
750,0.01,2,0.000000e+00
775,0.01,2,0.000000e+00
800,0.01,2,0.000000e+00
825,0.01,2,0.000000e+00
850,0.01,2,0.000000e+00
875,0.01,2,0.000000e+00
900,0.01,2,0.000000e+00
925,0.01,2,0.000000e+00
950,0.01,2,0.000000e+00
975,0.01,2,0.000000e+00
1000,0.01,2,0.000000e+00
1025,0.01,2,0.000000e+00
1050,0.01,2,0.000000e+00
1075,0.01,2,0.000000e+00
1100,0.01,2,0.000000e+00
1125,0.01,2,0.000000e+00
1150,0.01,2,0.000000e+00
1175,0.01,2,0.000000e+00
1200,0.01,2,0.000000e+00
1225,0.01,2,0.000000e+00
1250,0.01,2,0.000000e+00
1275,0.01,2,0.000000e+00
1300,0.01,2,0.000000e+00
1325,0.01,2,0.000000e+00
1350,0.01,2,0.000000e+00
1375,0.01,2,0.000000e+00
1400,0.01,2,0.000000e+00
1425,0.01,2,0.000000e+00
1450,0.01,2,0.000000e+00
1475,0.01,2,0.000000e+00
1500,0.01,2,0.000000e+00
1525,0.01,2,0.000000e+00
1550,0.01,2,0.000000e+00
1575,0.01,2,0.000000e+00
1600,0.01,2,0.000000e+00
1625,0.01,2,0.000000e+00
1650,0.01,2,0.000000e+00
1675,0.01,2,0.000000e+00
1700,0.01,2,0.000000e+00
1725,0.01,2,0.000000e+00
1750,0.01,2,0.000000e+00
1775,0.01,2,0.000000e+00
1800,0.01,2,0.000000e+00
1825,0.01,2,0.000000e+00
1850,0.01,2,0.000000e+00
1875,0.01,2,0.000000e+00
1900,0.01,2,0.000000e+00
1925,0.01,2,0.000000e+00
1950,0.01,2,0.000000e+00
1975,0.01,2,0.000000e+00
2000,0.01,2,0.000000e+00
2025,0.01,2,0.000000e+00
2050,0.01,2,0.000000e+00
2075,0.01,2,0.000000e+00
2100,0.01,2,0.000000e+00
2125,0.01,2,0.000000e+00
2150,0.01,2,0.000000e+00
2175,0.01,2,0.000000e+00
2200,0.01,2,0.000000e+00
2225,0.01,2,0.000000e+00
2250,0.01,2,0.000000e+00
2275,0.01,2,0.000000e+00
2300,0.01,2,0.000000e+00
2325,0.01,2,0.000000e+00
2350,0.01,2,0.000000e+00
2375,0.01,2,0.000000e+00
2400,0.01,2,0.000000e+00
2425,0.01,2,0.000000e+00
2450,0.01,2,0.000000e+00
2475,0.01,2,0.000000e+00
2500,0.01,2,0.000000e+00
2525,0.01,2,0.000000e+00
2550,0.01,2,0.000000e+00
2575,0.01,2,0.000000e+00
2600,0.01,2,0.000000e+00
2625,0.01,2,0.000000e+00
2650,0.01,2,0.000000e+00
2675,0.01,2,0.000000e+00
2700,0.01,2,0.000000e+00
2725,0.01,2,0.000000e+00
2750,0.01,2,0.000000e+00
2775,0.01,2,0.000000e+00
2800,0.01,2,0.000000e+00
2825,0.01,2,0.000000e+00
2850,0.01,2,0.000000e+00
2875,0.01,2,0.000000e+00
2900,0.01,2,0.000000e+00
2925,0.01,2,0.000000e+00
2950,0.01,2,0.000000e+00
2975,0.01,2,0.000000e+00
3000,0.01,2,2.782390e-02
3025,0.01,2,1.484870e-01
3050,0.01,2,3.067850e-01
3075,0.01,2,5.157510e-01
3100,0.01,2,7.939130e-01
3125,0.01,2,1.168450e+00
3150,0.01,2,1.680900e+00
3175,0.01,2,2.398000e+00
3200,0.01,2,3.434400e+00
3225,0.01,2,5.005150e+00
3250,0.01,2,7.566680e+00
3275,0.01,2,1.228740e+01
3300,0.01,2,2.331500e+01
3325,0.01,2,7.360630e+01
3350,0.01,2,2.000000e+02
3375,0.01,2,2.000000e+02
3400,0.01,2,2.000000e+02
3425,0.01,2,2.000000e+02
3450,0.01,2,2.000000e+02
3475,0.01,2,2.000000e+02
3500,0.01,2,2.000000e+02
3525,0.01,2,2.000000e+02
3550,0.01,2,2.000000e+02
3575,0.01,2,2.000000e+02
3600,0.01,2,2.000000e+02
3625,0.01,2,2.000000e+02
3650,0.01,2,2.000000e+02
3675,0.01,2,2.000000e+02
3700,0.01,2,2.000000e+02
3725,0.01,2,2.000000e+02
3750,0.01,2,2.000000e+02
3775,0.01,2,2.000000e+02
3800,0.01,2,2.000000e+02
3825,0.01,2,2.000000e+02
3850,0.01,2,2.000000e+02
3875,0.01,2,2.000000e+02
3900,0.01,2,2.000000e+02
3925,0.01,2,2.000000e+02
3950,0.01,2,2.000000e+02
3975,0.01,2,2.000000e+02
4000,0.01,2,2.000000e+02
4025,0.01,2,2.000000e+02
4050,0.01,2,2.000000e+02
4075,0.01,2,2.000000e+02
4100,0.01,2,2.000000e+02
4125,0.01,2,2.000000e+02
4150,0.01,2,2.000000e+02
4175,0.01,2,2.000000e+02
4200,0.01,2,2.000000e+02
4225,0.01,2,2.000000e+02
4250,0.01,2,2.000000e+02
4275,0.01,2,2.000000e+02
4300,0.01,2,2.000000e+02
4325,0.01,2,2.000000e+02
4350,0.01,2,2.000000e+02
4375,0.01,2,2.000000e+02
4400,0.01,2,2.000000e+02
4425,0.01,2,2.000000e+02
4450,0.01,2,2.000000e+02
4475,0.01,2,2.000000e+02
4500,0.01,2,2.000000e+02
4525,0.01,2,2.000000e+02
4550,0.01,2,2.000000e+02
4575,0.01,2,2.000000e+02
4600,0.01,2,2.000000e+02
4625,0.01,2,2.000000e+02
4650,0.01,2,2.000000e+02
4675,0.01,2,2.000000e+02
4700,0.01,2,2.000000e+02
4725,0.01,2,2.000000e+02
4750,0.01,2,2.000000e+02
4775,0.01,2,2.000000e+02
4800,0.01,2,2.000000e+02
4825,0.01,2,2.000000e+02
4850,0.01,2,2.000000e+02
4875,0.01,2,2.000000e+02
4900,0.01,2,2.000000e+02
4925,0.01,2,2.000000e+02
4950,0.01,2,2.000000e+02
4975,0.01,2,2.000000e+02
5000,0.01,2,2.000000e+02
300,0.0177828,2,0.000000e+00
325,0.0177828,2,0.000000e+00
350,0.0177828,2,0.000000e+00
375,0.0177828,2,0.000000e+00
400,0.0177828,2,0.000000e+00
425,0.0177828,2,0.000000e+00
450,0.0177828,2,0.000000e+00
475,0.0177828,2,0.000000e+00
500,0.0177828,2,0.000000e+00
525,0.0177828,2,0.000000e+00
550,0.0177828,2,0.000000e+00
575,0.0177828,2,0.000000e+00
600,0.0177828,2,0.000000e+00
625,0.0177828,2,0.000000e+00
650,0.0177828,2,0.000000e+00
675,0.0177828,2,0.000000e+00
700,0.0177828,2,0.000000e+00
725,0.0177828,2,0.000000e+00
750,0.0177828,2,0.000000e+00
775,0.0177828,2,0.000000e+00
800,0.0177828,2,0.000000e+00
825,0.0177828,2,0.000000e+00
850,0.0177828,2,0.000000e+00
875,0.0177828,2,0.000000e+00
900,0.0177828,2,0.000000e+00
925,0.0177828,2,0.000000e+00
950,0.0177828,2,0.000000e+00
975,0.0177828,2,0.000000e+00
1000,0.0177828,2,0.000000e+00
1025,0.0177828,2,0.000000e+00
1050,0.0177828,2,0.000000e+00
1075,0.0177828,2,0.000000e+00
1100,0.0177828,2,0.000000e+00
1125,0.0177828,2,0.000000e+00
1150,0.0177828,2,0.000000e+00
1175,0.0177828,2,0.000000e+00
1200,0.0177828,2,0.000000e+00
1225,0.0177828,2,0.000000e+00
1250,0.0177828,2,0.000000e+00
1275,0.0177828,2,0.000000e+00
1300,0.0177828,2,0.000000e+00
1325,0.0177828,2,0.000000e+00
1350,0.0177828,2,0.000000e+00
1375,0.0177828,2,0.000000e+00
1400,0.0177828,2,0.000000e+00
1425,0.0177828,2,0.000000e+00
1450,0.0177828,2,0.000000e+00
1475,0.0177828,2,0.000000e+00
1500,0.0177828,2,0.000000e+00
1525,0.0177828,2,0.000000e+00
1550,0.0177828,2,0.000000e+00
1575,0.0177828,2,0.000000e+00
1600,0.0177828,2,0.000000e+00
1625,0.0177828,2,0.000000e+00
1650,0.0177828,2,0.000000e+00
1675,0.0177828,2,0.000000e+00
1700,0.0177828,2,0.000000e+00
1725,0.0177828,2,0.000000e+00
1750,0.0177828,2,0.000000e+00
1775,0.0177828,2,0.000000e+00
1800,0.0177828,2,0.000000e+00
1825,0.0177828,2,0.000000e+00
1850,0.0177828,2,0.000000e+00
1875,0.0177828,2,0.000000e+00
1900,0.0177828,2,0.000000e+00
1925,0.0177828,2,0.000000e+00
1950,0.0177828,2,0.000000e+00
1975,0.0177828,2,0.000000e+00
2000,0.0177828,2,0.000000e+00
2025,0.0177828,2,0.000000e+00
2050,0.0177828,2,0.000000e+00
2075,0.0177828,2,0.000000e+00
2100,0.0177828,2,0.000000e+00
2125,0.0177828,2,0.000000e+00
2150,0.0177828,2,0.000000e+00
2175,0.0177828,2,0.000000e+00
2200,0.0177828,2,0.000000e+00
2225,0.0177828,2,0.000000e+00
2250,0.0177828,2,0.000000e+00
2275,0.0177828,2,0.000000e+00
2300,0.0177828,2,0.000000e+00
2325,0.0177828,2,0.000000e+00
2350,0.0177828,2,0.000000e+00
2375,0.0177828,2,0.000000e+00
2400,0.0177828,2,0.000000e+00
2425,0.0177828,2,0.000000e+00
2450,0.0177828,2,0.000000e+00
2475,0.0177828,2,0.000000e+00
2500,0.0177828,2,0.000000e+00
2525,0.0177828,2,0.000000e+00
2550,0.0177828,2,0.000000e+00
2575,0.0177828,2,0.000000e+00
2600,0.0177828,2,0.000000e+00
2625,0.0177828,2,0.000000e+00
2650,0.0177828,2,0.000000e+00
2675,0.0177828,2,0.000000e+00
2700,0.0177828,2,0.000000e+00
2725,0.0177828,2,0.000000e+00
2750,0.0177828,2,0.000000e+00
2775,0.0177828,2,0.000000e+00
2800,0.0177828,2,0.000000e+00
2825,0.0177828,2,0.000000e+00
2850,0.0177828,2,0.000000e+00
2875,0.0177828,2,0.000000e+00
2900,0.0177828,2,0.000000e+00
2925,0.0177828,2,0.000000e+00
2950,0.0177828,2,0.000000e+00
2975,0.0177828,2,0.000000e+00
3000,0.0177828,2,0.000000e+00
3025,0.0177828,2,0.000000e+00
3050,0.0177828,2,3.443600e-02
3075,0.0177828,2,1.442000e-01
3100,0.0177828,2,2.862880e-01
3125,0.0177828,2,4.713280e-01
3150,0.0177828,2,7.141280e-01
3175,0.0177828,2,1.035880e+00
3200,0.0177828,2,1.468000e+00
3225,0.0177828,2,2.059010e+00
3250,0.0177828,2,2.888170e+00
3275,0.0177828,2,4.094340e+00
3300,0.0177828,2,5.945190e+00
3325,0.0177828,2,9.031450e+00
3350,0.0177828,2,1.496360e+01
3375,0.0177828,2,3.022020e+01
3400,0.0177828,2,1.393190e+02
3425,0.0177828,2,2.000000e+02
3450,0.0177828,2,2.000000e+02
3475,0.0177828,2,2.000000e+02
3500,0.0177828,2,2.000000e+02
3525,0.0177828,2,2.000000e+02
3550,0.0177828,2,2.000000e+02
3575,0.0177828,2,2.000000e+02
3600,0.0177828,2,2.000000e+02
3625,0.0177828,2,2.000000e+02
3650,0.0177828,2,2.000000e+02
3675,0.0177828,2,2.000000e+02
3700,0.0177828,2,2.000000e+02
3725,0.0177828,2,2.000000e+02
3750,0.0177828,2,2.000000e+02
3775,0.0177828,2,2.000000e+02
3800,0.0177828,2,2.000000e+02
3825,0.0177828,2,2.000000e+02
3850,0.0177828,2,2.000000e+02
3875,0.0177828,2,2.000000e+02
3900,0.0177828,2,2.000000e+02
3925,0.0177828,2,2.000000e+02
3950,0.0177828,2,2.000000e+02
3975,0.0177828,2,2.000000e+02
4000,0.0177828,2,2.000000e+02
4025,0.0177828,2,2.000000e+02
4050,0.0177828,2,2.000000e+02
4075,0.0177828,2,2.000000e+02
4100,0.0177828,2,2.000000e+02
4125,0.0177828,2,2.000000e+02
4150,0.0177828,2,2.000000e+02
4175,0.0177828,2,2.000000e+02
4200,0.0177828,2,2.000000e+02
4225,0.0177828,2,2.000000e+02
4250,0.0177828,2,2.000000e+02
4275,0.0177828,2,2.000000e+02
4300,0.0177828,2,2.000000e+02
4325,0.0177828,2,2.000000e+02
4350,0.0177828,2,2.000000e+02
4375,0.0177828,2,2.000000e+02
4400,0.0177828,2,2.000000e+02
4425,0.0177828,2,2.000000e+02
4450,0.0177828,2,2.000000e+02
4475,0.0177828,2,2.000000e+02
4500,0.0177828,2,2.000000e+02
4525,0.0177828,2,2.000000e+02
4550,0.0177828,2,2.000000e+02
4575,0.0177828,2,2.000000e+02
4600,0.0177828,2,2.000000e+02
4625,0.0177828,2,2.000000e+02
4650,0.0177828,2,2.000000e+02
4675,0.0177828,2,2.000000e+02
4700,0.0177828,2,2.000000e+02
4725,0.0177828,2,2.000000e+02
4750,0.0177828,2,2.000000e+02
4775,0.0177828,2,2.000000e+02
4800,0.0177828,2,2.000000e+02
4825,0.0177828,2,2.000000e+02
4850,0.0177828,2,2.000000e+02
4875,0.0177828,2,2.000000e+02
4900,0.0177828,2,2.000000e+02
4925,0.0177828,2,2.000000e+02
4950,0.0177828,2,2.000000e+02
4975,0.0177828,2,2.000000e+02
5000,0.0177828,2,2.000000e+02
300,0.0316228,2,0.000000e+00
325,0.0316228,2,0.000000e+00
350,0.0316228,2,0.000000e+00
375,0.0316228,2,0.000000e+00
400,0.0316228,2,0.000000e+00
425,0.0316228,2,0.000000e+00
450,0.0316228,2,0.000000e+00
475,0.0316228,2,0.000000e+00
500,0.0316228,2,0.000000e+00
525,0.0316228,2,0.000000e+00
550,0.0316228,2,0.000000e+00
575,0.0316228,2,0.000000e+00
600,0.0316228,2,0.000000e+00
625,0.0316228,2,0.000000e+00
650,0.0316228,2,0.000000e+00
675,0.0316228,2,0.000000e+00
700,0.0316228,2,0.000000e+00
725,0.0316228,2,0.000000e+00
750,0.0316228,2,0.000000e+00
775,0.0316228,2,0.000000e+00
800,0.0316228,2,0.000000e+00
825,0.0316228,2,0.000000e+00
850,0.0316228,2,0.000000e+00
875,0.0316228,2,0.000000e+00
900,0.0316228,2,0.000000e+00
925,0.0316228,2,0.000000e+00
950,0.0316228,2,0.000000e+00
975,0.0316228,2,0.000000e+00
1000,0.0316228,2,0.000000e+00
1025,0.0316228,2,0.000000e+00
1050,0.0316228,2,0.000000e+00
1075,0.0316228,2,0.000000e+00
1100,0.0316228,2,0.000000e+00
1125,0.0316228,2,0.000000e+00
1150,0.0316228,2,0.000000e+00
1175,0.0316228,2,0.000000e+00
1200,0.0316228,2,0.000000e+00
1225,0.0316228,2,0.000000e+00
1250,0.0316228,2,0.000000e+00
1275,0.0316228,2,0.000000e+00
1300,0.0316228,2,0.000000e+00
1325,0.0316228,2,0.000000e+00
1350,0.0316228,2,0.000000e+00
1375,0.0316228,2,0.000000e+00
1400,0.0316228,2,0.000000e+00
1425,0.0316228,2,0.000000e+00
1450,0.0316228,2,0.000000e+00
1475,0.0316228,2,0.000000e+00
1500,0.0316228,2,0.000000e+00
1525,0.0316228,2,0.000000e+00
1550,0.0316228,2,0.000000e+00
1575,0.0316228,2,0.000000e+00
1600,0.0316228,2,0.000000e+00
1625,0.0316228,2,0.000000e+00
1650,0.0316228,2,0.000000e+00
1675,0.0316228,2,0.000000e+00
1700,0.0316228,2,0.000000e+00
1725,0.0316228,2,0.000000e+00
1750,0.0316228,2,0.000000e+00
1775,0.0316228,2,0.000000e+00
1800,0.0316228,2,0.000000e+00
1825,0.0316228,2,0.000000e+00
1850,0.0316228,2,0.000000e+00
1875,0.0316228,2,0.000000e+00
1900,0.0316228,2,0.000000e+00
1925,0.0316228,2,0.000000e+00
1950,0.0316228,2,0.000000e+00
1975,0.0316228,2,0.000000e+00
2000,0.0316228,2,0.000000e+00
2025,0.0316228,2,0.000000e+00
2050,0.0316228,2,0.000000e+00
2075,0.0316228,2,0.000000e+00
2100,0.0316228,2,0.000000e+00
2125,0.0316228,2,0.000000e+00
2150,0.0316228,2,0.000000e+00
2175,0.0316228,2,0.000000e+00
2200,0.0316228,2,0.000000e+00
2225,0.0316228,2,0.000000e+00
2250,0.0316228,2,0.000000e+00
2275,0.0316228,2,0.000000e+00
2300,0.0316228,2,0.000000e+00
2325,0.0316228,2,0.000000e+00
2350,0.0316228,2,0.000000e+00
2375,0.0316228,2,0.000000e+00
2400,0.0316228,2,0.000000e+00
2425,0.0316228,2,0.000000e+00
2450,0.0316228,2,0.000000e+00
2475,0.0316228,2,0.000000e+00
2500,0.0316228,2,0.000000e+00
2525,0.0316228,2,0.000000e+00
2550,0.0316228,2,0.000000e+00
2575,0.0316228,2,0.000000e+00
2600,0.0316228,2,0.000000e+00
2625,0.0316228,2,0.000000e+00
2650,0.0316228,2,0.000000e+00
2675,0.0316228,2,0.000000e+00
2700,0.0316228,2,0.000000e+00
2725,0.0316228,2,0.000000e+00
2750,0.0316228,2,0.000000e+00
2775,0.0316228,2,0.000000e+00
2800,0.0316228,2,0.000000e+00
2825,0.0316228,2,0.000000e+00
2850,0.0316228,2,0.000000e+00
2875,0.0316228,2,0.000000e+00
2900,0.0316228,2,0.000000e+00
2925,0.0316228,2,0.000000e+00
2950,0.0316228,2,0.000000e+00
2975,0.0316228,2,0.000000e+00
3000,0.0316228,2,0.000000e+00
3025,0.0316228,2,0.000000e+00
3050,0.0316228,2,0.000000e+00
3075,0.0316228,2,0.000000e+00
3100,0.0316228,2,4.111660e-02
3125,0.0316228,2,1.396980e-01
3150,0.0316228,2,2.654890e-01
3175,0.0316228,2,4.269670e-01
3200,0.0316228,2,6.357110e-01
3225,0.0316228,2,9.079060e-01
3250,0.0316228,2,1.266820e+00
3275,0.0316228,2,1.747120e+00
3300,0.0316228,2,2.402800e+00
3325,0.0316228,2,3.322830e+00
3350,0.0316228,2,4.664950e+00
3375,0.0316228,2,6.738070e+00
3400,0.0316228,2,1.023990e+01
3425,0.0316228,2,1.714610e+01
3450,0.0316228,2,3.606480e+01
3475,0.0316228,2,2.000000e+02
3500,0.0316228,2,2.000000e+02
3525,0.0316228,2,2.000000e+02
3550,0.0316228,2,2.000000e+02
3575,0.0316228,2,2.000000e+02
3600,0.0316228,2,2.000000e+02
3625,0.0316228,2,2.000000e+02
3650,0.0316228,2,2.000000e+02
3675,0.0316228,2,2.000000e+02
3700,0.0316228,2,2.000000e+02
3725,0.0316228,2,2.000000e+02
3750,0.0316228,2,2.000000e+02
3775,0.0316228,2,2.000000e+02
3800,0.0316228,2,2.000000e+02
3825,0.0316228,2,2.000000e+02
3850,0.0316228,2,2.000000e+02
3875,0.0316228,2,2.000000e+02
3900,0.0316228,2,2.000000e+02
3925,0.0316228,2,2.000000e+02
3950,0.0316228,2,2.000000e+02
3975,0.0316228,2,2.000000e+02
4000,0.0316228,2,2.000000e+02
4025,0.0316228,2,2.000000e+02
4050,0.0316228,2,2.000000e+02
4075,0.0316228,2,2.000000e+02
4100,0.0316228,2,2.000000e+02
4125,0.0316228,2,2.000000e+02
4150,0.0316228,2,2.000000e+02
4175,0.0316228,2,2.000000e+02
4200,0.0316228,2,2.000000e+02
4225,0.0316228,2,2.000000e+02
4250,0.0316228,2,2.000000e+02
4275,0.0316228,2,2.000000e+02
4300,0.0316228,2,2.000000e+02
4325,0.0316228,2,2.000000e+02
4350,0.0316228,2,2.000000e+02
4375,0.0316228,2,2.000000e+02
4400,0.0316228,2,2.000000e+02
4425,0.0316228,2,2.000000e+02
4450,0.0316228,2,2.000000e+02
4475,0.0316228,2,2.000000e+02
4500,0.0316228,2,2.000000e+02
4525,0.0316228,2,2.000000e+02
4550,0.0316228,2,2.000000e+02
4575,0.0316228,2,2.000000e+02
4600,0.0316228,2,2.000000e+02
4625,0.0316228,2,2.000000e+02
4650,0.0316228,2,2.000000e+02
4675,0.0316228,2,2.000000e+02
4700,0.0316228,2,2.000000e+02
4725,0.0316228,2,2.000000e+02
4750,0.0316228,2,2.000000e+02
4775,0.0316228,2,2.000000e+02
4800,0.0316228,2,2.000000e+02
4825,0.0316228,2,2.000000e+02
4850,0.0316228,2,2.000000e+02
4875,0.0316228,2,2.000000e+02
4900,0.0316228,2,2.000000e+02
4925,0.0316228,2,2.000000e+02
4950,0.0316228,2,2.000000e+02
4975,0.0316228,2,2.000000e+02
5000,0.0316228,2,2.000000e+02
300,0.0562341,2,0.000000e+00
325,0.0562341,2,0.000000e+00
350,0.0562341,2,0.000000e+00
375,0.0562341,2,0.000000e+00
400,0.0562341,2,0.000000e+00
425,0.0562341,2,0.000000e+00
450,0.0562341,2,0.000000e+00
475,0.0562341,2,0.000000e+00
500,0.0562341,2,0.000000e+00
525,0.0562341,2,0.000000e+00
550,0.0562341,2,0.000000e+00
575,0.0562341,2,0.000000e+00
600,0.0562341,2,0.000000e+00
625,0.0562341,2,0.000000e+00
650,0.0562341,2,0.000000e+00
675,0.0562341,2,0.000000e+00
700,0.0562341,2,0.000000e+00
725,0.0562341,2,0.000000e+00
750,0.0562341,2,0.000000e+00
775,0.0562341,2,0.000000e+00
800,0.0562341,2,0.000000e+00
825,0.0562341,2,0.000000e+00
850,0.0562341,2,0.000000e+00
875,0.0562341,2,0.000000e+00
900,0.0562341,2,0.000000e+00
925,0.0562341,2,0.000000e+00
950,0.0562341,2,0.000000e+00
975,0.0562341,2,0.000000e+00
1000,0.0562341,2,0.000000e+00
1025,0.0562341,2,0.000000e+00
1050,0.0562341,2,0.000000e+00
1075,0.0562341,2,0.000000e+00
1100,0.0562341,2,0.000000e+00
1125,0.0562341,2,0.000000e+00
1150,0.0562341,2,0.000000e+00
1175,0.0562341,2,0.000000e+00
1200,0.0562341,2,0.000000e+00
1225,0.0562341,2,0.000000e+00
1250,0.0562341,2,0.000000e+00
1275,0.0562341,2,0.000000e+00
1300,0.0562341,2,0.000000e+00
1325,0.0562341,2,0.000000e+00
1350,0.0562341,2,0.000000e+00
1375,0.0562341,2,0.000000e+00
1400,0.0562341,2,0.000000e+00
1425,0.0562341,2,0.000000e+00
1450,0.0562341,2,0.000000e+00
1475,0.0562341,2,0.000000e+00
1500,0.0562341,2,0.000000e+00
1525,0.0562341,2,0.000000e+00
1550,0.0562341,2,0.000000e+00
1575,0.0562341,2,0.000000e+00
1600,0.0562341,2,0.000000e+00
1625,0.0562341,2,0.000000e+00
1650,0.0562341,2,0.000000e+00
1675,0.0562341,2,0.000000e+00
1700,0.0562341,2,0.000000e+00
1725,0.0562341,2,0.000000e+00
1750,0.0562341,2,0.000000e+00
1775,0.0562341,2,0.000000e+00
1800,0.0562341,2,0.000000e+00
1825,0.0562341,2,0.000000e+00
1850,0.0562341,2,0.000000e+00
1875,0.0562341,2,0.000000e+00
1900,0.0562341,2,0.000000e+00
1925,0.0562341,2,0.000000e+00
1950,0.0562341,2,0.000000e+00
1975,0.0562341,2,0.000000e+00
2000,0.0562341,2,0.000000e+00
2025,0.0562341,2,0.000000e+00
2050,0.0562341,2,0.000000e+00
2075,0.0562341,2,0.000000e+00
2100,0.0562341,2,0.000000e+00
2125,0.0562341,2,0.000000e+00
2150,0.0562341,2,0.000000e+00
2175,0.0562341,2,0.000000e+00
2200,0.0562341,2,0.000000e+00
2225,0.0562341,2,0.000000e+00
2250,0.0562341,2,0.000000e+00
2275,0.0562341,2,0.000000e+00
2300,0.0562341,2,0.000000e+00
2325,0.0562341,2,0.000000e+00
2350,0.0562341,2,0.000000e+00
2375,0.0562341,2,0.000000e+00
2400,0.0562341,2,0.000000e+00
2425,0.0562341,2,0.000000e+00
2450,0.0562341,2,0.000000e+00
2475,0.0562341,2,0.000000e+00
2500,0.0562341,2,0.000000e+00
2525,0.0562341,2,0.000000e+00
2550,0.0562341,2,0.000000e+00
2575,0.0562341,2,0.000000e+00
2600,0.0562341,2,0.000000e+00
2625,0.0562341,2,0.000000e+00
2650,0.0562341,2,0.000000e+00
2675,0.0562341,2,0.000000e+00
2700,0.0562341,2,0.000000e+00
2725,0.0562341,2,0.000000e+00
2750,0.0562341,2,0.000000e+00
2775,0.0562341,2,0.000000e+00
2800,0.0562341,2,0.000000e+00
2825,0.0562341,2,0.000000e+00
2850,0.0562341,2,0.000000e+00
2875,0.0562341,2,0.000000e+00
2900,0.0562341,2,0.000000e+00
2925,0.0562341,2,0.000000e+00
2950,0.0562341,2,0.000000e+00
2975,0.0562341,2,0.000000e+00
3000,0.0562341,2,0.000000e+00
3025,0.0562341,2,0.000000e+00
3050,0.0562341,2,0.000000e+00
3075,0.0562341,2,0.000000e+00
3100,0.0562341,2,0.000000e+00
3125,0.0562341,2,0.000000e+00
3150,0.0562341,2,4.954110e-02
3175,0.0562341,2,1.372890e-01
3200,0.0562341,2,2.475330e-01
3225,0.0562341,2,3.868980e-01
3250,0.0562341,2,5.642660e-01
3275,0.0562341,2,7.917660e-01
3300,0.0562341,2,1.086360e+00
3325,0.0562341,2,1.472450e+00
3350,0.0562341,2,1.986460e+00
3375,0.0562341,2,2.685200e+00
3400,0.0562341,2,3.662460e+00
3425,0.0562341,2,5.084840e+00
3450,0.0562341,2,7.279350e+00
3475,0.0562341,2,1.098660e+01
3500,0.0562341,2,1.831240e+01
3525,0.0562341,2,3.850550e+01
3550,0.0562341,2,2.000000e+02
3575,0.0562341,2,2.000000e+02
3600,0.0562341,2,2.000000e+02
3625,0.0562341,2,2.000000e+02
3650,0.0562341,2,2.000000e+02
3675,0.0562341,2,2.000000e+02
3700,0.0562341,2,2.000000e+02
3725,0.0562341,2,2.000000e+02
3750,0.0562341,2,2.000000e+02
3775,0.0562341,2,2.000000e+02
3800,0.0562341,2,2.000000e+02
3825,0.0562341,2,2.000000e+02
3850,0.0562341,2,2.000000e+02
3875,0.0562341,2,2.000000e+02
3900,0.0562341,2,2.000000e+02
3925,0.0562341,2,2.000000e+02
3950,0.0562341,2,2.000000e+02
3975,0.0562341,2,2.000000e+02
4000,0.0562341,2,2.000000e+02
4025,0.0562341,2,2.000000e+02
4050,0.0562341,2,2.000000e+02
4075,0.0562341,2,2.000000e+02
4100,0.0562341,2,2.000000e+02
4125,0.0562341,2,2.000000e+02
4150,0.0562341,2,2.000000e+02
4175,0.0562341,2,2.000000e+02
4200,0.0562341,2,2.000000e+02
4225,0.0562341,2,2.000000e+02
4250,0.0562341,2,2.000000e+02
4275,0.0562341,2,2.000000e+02
4300,0.0562341,2,2.000000e+02
4325,0.0562341,2,2.000000e+02
4350,0.0562341,2,2.000000e+02
4375,0.0562341,2,2.000000e+02
4400,0.0562341,2,2.000000e+02
4425,0.0562341,2,2.000000e+02
4450,0.0562341,2,2.000000e+02
4475,0.0562341,2,2.000000e+02
4500,0.0562341,2,2.000000e+02
4525,0.0562341,2,2.000000e+02
4550,0.0562341,2,2.000000e+02
4575,0.0562341,2,2.000000e+02
4600,0.0562341,2,2.000000e+02
4625,0.0562341,2,2.000000e+02
4650,0.0562341,2,2.000000e+02
4675,0.0562341,2,2.000000e+02
4700,0.0562341,2,2.000000e+02
4725,0.0562341,2,2.000000e+02
4750,0.0562341,2,2.000000e+02
4775,0.0562341,2,2.000000e+02
4800,0.0562341,2,2.000000e+02
4825,0.0562341,2,2.000000e+02
4850,0.0562341,2,2.000000e+02
4875,0.0562341,2,2.000000e+02
4900,0.0562341,2,2.000000e+02
4925,0.0562341,2,2.000000e+02
4950,0.0562341,2,2.000000e+02
4975,0.0562341,2,2.000000e+02
5000,0.0562341,2,2.000000e+02
300,0.1,2,0.000000e+00
325,0.1,2,0.000000e+00
350,0.1,2,0.000000e+00
375,0.1,2,0.000000e+00
400,0.1,2,0.000000e+00
425,0.1,2,0.000000e+00
450,0.1,2,0.000000e+00
475,0.1,2,0.000000e+00
500,0.1,2,0.000000e+00
525,0.1,2,0.000000e+00
550,0.1,2,0.000000e+00
575,0.1,2,0.000000e+00
600,0.1,2,0.000000e+00
625,0.1,2,0.000000e+00
650,0.1,2,0.000000e+00
675,0.1,2,0.000000e+00
700,0.1,2,0.000000e+00
725,0.1,2,0.000000e+00
750,0.1,2,0.000000e+00
775,0.1,2,0.000000e+00
800,0.1,2,0.000000e+00
825,0.1,2,0.000000e+00
850,0.1,2,0.000000e+00
875,0.1,2,0.000000e+00
900,0.1,2,0.000000e+00
925,0.1,2,0.000000e+00
950,0.1,2,0.000000e+00
975,0.1,2,0.000000e+00
1000,0.1,2,0.000000e+00
1025,0.1,2,0.000000e+00
1050,0.1,2,0.000000e+00
1075,0.1,2,0.000000e+00
1100,0.1,2,0.000000e+00
1125,0.1,2,0.000000e+00
1150,0.1,2,0.000000e+00
1175,0.1,2,0.000000e+00
1200,0.1,2,0.000000e+00
1225,0.1,2,0.000000e+00
1250,0.1,2,0.000000e+00
1275,0.1,2,0.000000e+00
1300,0.1,2,0.000000e+00
1325,0.1,2,0.000000e+00
1350,0.1,2,0.000000e+00
1375,0.1,2,0.000000e+00
1400,0.1,2,0.000000e+00
1425,0.1,2,0.000000e+00
1450,0.1,2,0.000000e+00
1475,0.1,2,0.000000e+00
1500,0.1,2,0.000000e+00
1525,0.1,2,0.000000e+00
1550,0.1,2,0.000000e+00
1575,0.1,2,0.000000e+00
1600,0.1,2,0.000000e+00
1625,0.1,2,0.000000e+00
1650,0.1,2,0.000000e+00
1675,0.1,2,0.000000e+00
1700,0.1,2,0.000000e+00
1725,0.1,2,0.000000e+00
1750,0.1,2,0.000000e+00
1775,0.1,2,0.000000e+00
1800,0.1,2,0.000000e+00
1825,0.1,2,0.000000e+00
1850,0.1,2,0.000000e+00
1875,0.1,2,0.000000e+00
1900,0.1,2,0.000000e+00
1925,0.1,2,0.000000e+00
1950,0.1,2,0.000000e+00
1975,0.1,2,0.000000e+00
2000,0.1,2,0.000000e+00
2025,0.1,2,0.000000e+00
2050,0.1,2,0.000000e+00
2075,0.1,2,0.000000e+00
2100,0.1,2,0.000000e+00
2125,0.1,2,0.000000e+00
2150,0.1,2,0.000000e+00
2175,0.1,2,0.000000e+00
2200,0.1,2,0.000000e+00
2225,0.1,2,0.000000e+00
2250,0.1,2,0.000000e+00
2275,0.1,2,0.000000e+00
2300,0.1,2,0.000000e+00
2325,0.1,2,0.000000e+00
2350,0.1,2,0.000000e+00
2375,0.1,2,0.000000e+00
2400,0.1,2,0.000000e+00
2425,0.1,2,0.000000e+00
2450,0.1,2,0.000000e+00
2475,0.1,2,0.000000e+00
2500,0.1,2,0.000000e+00
2525,0.1,2,0.000000e+00
2550,0.1,2,0.000000e+00
2575,0.1,2,0.000000e+00
2600,0.1,2,0.000000e+00
2625,0.1,2,0.000000e+00
2650,0.1,2,0.000000e+00
2675,0.1,2,0.000000e+00
2700,0.1,2,0.000000e+00
2725,0.1,2,0.000000e+00
2750,0.1,2,0.000000e+00
2775,0.1,2,0.000000e+00
2800,0.1,2,0.000000e+00
2825,0.1,2,0.000000e+00
2850,0.1,2,0.000000e+00
2875,0.1,2,0.000000e+00
2900,0.1,2,0.000000e+00
2925,0.1,2,0.000000e+00
2950,0.1,2,0.000000e+00
2975,0.1,2,0.000000e+00
3000,0.1,2,0.000000e+00
3025,0.1,2,0.000000e+00
3050,0.1,2,0.000000e+00
3075,0.1,2,0.000000e+00
3100,0.1,2,0.000000e+00
3125,0.1,2,0.000000e+00
3150,0.1,2,0.000000e+00
3175,0.1,2,0.000000e+00
3200,0.1,2,6.109020e-02
3225,0.1,2,1.388300e-01
3250,0.1,2,2.348830e-01
3275,0.1,2,3.543360e-01
3300,0.1,2,5.038820e-01
3325,0.1,2,6.924690e-01
3350,0.1,2,9.322850e-01
3375,0.1,2,1.240330e+00
3400,0.1,2,1.641010e+00
3425,0.1,2,2.170590e+00
3450,0.1,2,2.885400e+00
3475,0.1,2,3.877890e+00
3500,0.1,2,5.310860e+00
3525,0.1,2,7.499960e+00
3550,0.1,2,1.114670e+01
3575,0.1,2,1.818220e+01
3600,0.1,2,3.651180e+01
3625,0.1,2,1.781470e+02
3650,0.1,2,2.000000e+02
3675,0.1,2,2.000000e+02
3700,0.1,2,2.000000e+02
3725,0.1,2,2.000000e+02
3750,0.1,2,2.000000e+02
3775,0.1,2,2.000000e+02
3800,0.1,2,2.000000e+02
3825,0.1,2,2.000000e+02
3850,0.1,2,2.000000e+02
3875,0.1,2,2.000000e+02
3900,0.1,2,2.000000e+02
3925,0.1,2,2.000000e+02
3950,0.1,2,2.000000e+02
3975,0.1,2,2.000000e+02
4000,0.1,2,2.000000e+02
4025,0.1,2,2.000000e+02
4050,0.1,2,2.000000e+02
4075,0.1,2,2.000000e+02
4100,0.1,2,2.000000e+02
4125,0.1,2,2.000000e+02
4150,0.1,2,2.000000e+02
4175,0.1,2,2.000000e+02
4200,0.1,2,2.000000e+02
4225,0.1,2,2.000000e+02
4250,0.1,2,2.000000e+02
4275,0.1,2,2.000000e+02
4300,0.1,2,2.000000e+02
4325,0.1,2,2.000000e+02
4350,0.1,2,2.000000e+02
4375,0.1,2,2.000000e+02
4400,0.1,2,2.000000e+02
4425,0.1,2,2.000000e+02
4450,0.1,2,2.000000e+02
4475,0.1,2,2.000000e+02
4500,0.1,2,2.000000e+02
4525,0.1,2,2.000000e+02
4550,0.1,2,2.000000e+02
4575,0.1,2,2.000000e+02
4600,0.1,2,2.000000e+02
4625,0.1,2,2.000000e+02
4650,0.1,2,2.000000e+02
4675,0.1,2,2.000000e+02
4700,0.1,2,2.000000e+02
4725,0.1,2,2.000000e+02
4750,0.1,2,2.000000e+02
4775,0.1,2,2.000000e+02
4800,0.1,2,2.000000e+02
4825,0.1,2,2.000000e+02
4850,0.1,2,2.000000e+02
4875,0.1,2,2.000000e+02
4900,0.1,2,2.000000e+02
4925,0.1,2,2.000000e+02
4950,0.1,2,2.000000e+02
4975,0.1,2,2.000000e+02
5000,0.1,2,2.000000e+02
300,0.177828,2,0.000000e+00
325,0.177828,2,0.000000e+00
350,0.177828,2,0.000000e+00
375,0.177828,2,0.000000e+00
400,0.177828,2,0.000000e+00
425,0.177828,2,0.000000e+00
450,0.177828,2,0.000000e+00
475,0.177828,2,0.000000e+00
500,0.177828,2,0.000000e+00
525,0.177828,2,0.000000e+00
550,0.177828,2,0.000000e+00
575,0.177828,2,0.000000e+00
600,0.177828,2,0.000000e+00
625,0.177828,2,0.000000e+00
650,0.177828,2,0.000000e+00
675,0.177828,2,0.000000e+00
700,0.177828,2,0.000000e+00
725,0.177828,2,0.000000e+00
750,0.177828,2,0.000000e+00
775,0.177828,2,0.000000e+00
800,0.177828,2,0.000000e+00
825,0.177828,2,0.000000e+00
850,0.177828,2,0.000000e+00
875,0.177828,2,0.000000e+00
900,0.177828,2,0.000000e+00
925,0.177828,2,0.000000e+00
950,0.177828,2,0.000000e+00
975,0.177828,2,0.000000e+00
1000,0.177828,2,0.000000e+00
1025,0.177828,2,0.000000e+00
1050,0.177828,2,0.000000e+00
1075,0.177828,2,0.000000e+00
1100,0.177828,2,0.000000e+00
1125,0.177828,2,0.000000e+00
1150,0.177828,2,0.000000e+00
1175,0.177828,2,0.000000e+00
1200,0.177828,2,0.000000e+00
1225,0.177828,2,0.000000e+00
1250,0.177828,2,0.000000e+00
1275,0.177828,2,0.000000e+00
1300,0.177828,2,0.000000e+00
1325,0.177828,2,0.000000e+00
1350,0.177828,2,0.000000e+00
1375,0.177828,2,0.000000e+00
1400,0.177828,2,0.000000e+00
1425,0.177828,2,0.000000e+00
1450,0.177828,2,0.000000e+00
1475,0.177828,2,0.000000e+00
1500,0.177828,2,0.000000e+00
1525,0.177828,2,0.000000e+00
1550,0.177828,2,0.000000e+00
1575,0.177828,2,0.000000e+00
1600,0.177828,2,0.000000e+00
1625,0.177828,2,0.000000e+00
1650,0.177828,2,0.000000e+00
1675,0.177828,2,0.000000e+00
1700,0.177828,2,0.000000e+00
1725,0.177828,2,0.000000e+00
1750,0.177828,2,0.000000e+00
1775,0.177828,2,0.000000e+00
1800,0.177828,2,0.000000e+00
1825,0.177828,2,0.000000e+00
1850,0.177828,2,0.000000e+00
1875,0.177828,2,0.000000e+00
1900,0.177828,2,0.000000e+00
1925,0.177828,2,0.000000e+00
1950,0.177828,2,0.000000e+00
1975,0.177828,2,0.000000e+00
2000,0.177828,2,0.000000e+00
2025,0.177828,2,0.000000e+00
2050,0.177828,2,0.000000e+00
2075,0.177828,2,0.000000e+00
2100,0.177828,2,0.000000e+00
2125,0.177828,2,0.000000e+00
2150,0.177828,2,0.000000e+00
2175,0.177828,2,0.000000e+00
2200,0.177828,2,0.000000e+00
2225,0.177828,2,0.000000e+00
2250,0.177828,2,0.000000e+00
2275,0.177828,2,0.000000e+00
2300,0.177828,2,0.000000e+00
2325,0.177828,2,0.000000e+00
2350,0.177828,2,0.000000e+00
2375,0.177828,2,0.000000e+00
2400,0.177828,2,0.000000e+00
2425,0.177828,2,0.000000e+00
2450,0.177828,2,0.000000e+00
2475,0.177828,2,0.000000e+00
2500,0.177828,2,0.000000e+00
2525,0.177828,2,0.000000e+00
2550,0.177828,2,0.000000e+00
2575,0.177828,2,0.000000e+00
2600,0.177828,2,0.000000e+00
2625,0.177828,2,0.000000e+00
2650,0.177828,2,0.000000e+00
2675,0.177828,2,0.000000e+00
2700,0.177828,2,0.000000e+00
2725,0.177828,2,0.000000e+00
2750,0.177828,2,0.000000e+00
2775,0.177828,2,0.000000e+00
2800,0.177828,2,0.000000e+00
2825,0.177828,2,0.000000e+00
2850,0.177828,2,0.000000e+00
2875,0.177828,2,0.000000e+00
2900,0.177828,2,0.000000e+00
2925,0.177828,2,0.000000e+00
2950,0.177828,2,0.000000e+00
2975,0.177828,2,0.000000e+00
3000,0.177828,2,0.000000e+00
3025,0.177828,2,0.000000e+00
3050,0.177828,2,0.000000e+00
3075,0.177828,2,0.000000e+00
3100,0.177828,2,0.000000e+00
3125,0.177828,2,0.000000e+00
3150,0.177828,2,0.000000e+00
3175,0.177828,2,0.000000e+00
3200,0.177828,2,0.000000e+00
3225,0.177828,2,1.962700e-02
3250,0.177828,2,7.676980e-02
3275,0.177828,2,1.456330e-01
3300,0.177828,2,2.292160e-01
3325,0.177828,2,3.313650e-01
3350,0.177828,2,4.570500e-01
3375,0.177828,2,6.127840e-01
3400,0.177828,2,8.072300e-01
3425,0.177828,2,1.052130e+00
3450,0.177828,2,1.363760e+00
3475,0.177828,2,1.765320e+00
3500,0.177828,2,2.291040e+00
3525,0.177828,2,2.993470e+00
3550,0.177828,2,3.957700e+00
3575,0.177828,2,5.330850e+00
3600,0.177828,2,7.390860e+00
3625,0.177828,2,1.073220e+01
3650,0.177828,2,1.689030e+01
3675,0.177828,2,3.139190e+01
3700,0.177828,2,9.991040e+01
3725,0.177828,2,2.000000e+02
3750,0.177828,2,2.000000e+02
3775,0.177828,2,2.000000e+02
3800,0.177828,2,2.000000e+02
3825,0.177828,2,2.000000e+02
3850,0.177828,2,2.000000e+02
3875,0.177828,2,2.000000e+02
3900,0.177828,2,2.000000e+02
3925,0.177828,2,2.000000e+02
3950,0.177828,2,2.000000e+02
3975,0.177828,2,2.000000e+02
4000,0.177828,2,2.000000e+02
4025,0.177828,2,2.000000e+02
4050,0.177828,2,2.000000e+02
4075,0.177828,2,2.000000e+02
4100,0.177828,2,2.000000e+02
4125,0.177828,2,2.000000e+02
4150,0.177828,2,2.000000e+02
4175,0.177828,2,2.000000e+02
4200,0.177828,2,2.000000e+02
4225,0.177828,2,2.000000e+02
4250,0.177828,2,2.000000e+02
4275,0.177828,2,2.000000e+02
4300,0.177828,2,2.000000e+02
4325,0.177828,2,2.000000e+02
4350,0.177828,2,2.000000e+02
4375,0.177828,2,2.000000e+02
4400,0.177828,2,2.000000e+02
4425,0.177828,2,2.000000e+02
4450,0.177828,2,2.000000e+02
4475,0.177828,2,2.000000e+02
4500,0.177828,2,2.000000e+02
4525,0.177828,2,2.000000e+02
4550,0.177828,2,2.000000e+02
4575,0.177828,2,2.000000e+02
4600,0.177828,2,2.000000e+02
4625,0.177828,2,2.000000e+02
4650,0.177828,2,2.000000e+02
4675,0.177828,2,2.000000e+02
4700,0.177828,2,2.000000e+02
4725,0.177828,2,2.000000e+02
4750,0.177828,2,2.000000e+02
4775,0.177828,2,2.000000e+02
4800,0.177828,2,2.000000e+02
4825,0.177828,2,2.000000e+02
4850,0.177828,2,2.000000e+02
4875,0.177828,2,2.000000e+02
4900,0.177828,2,2.000000e+02
4925,0.177828,2,2.000000e+02
4950,0.177828,2,2.000000e+02
4975,0.177828,2,2.000000e+02
5000,0.177828,2,2.000000e+02
300,0.316228,2,0.000000e+00
325,0.316228,2,0.000000e+00
350,0.316228,2,0.000000e+00
375,0.316228,2,0.000000e+00
400,0.316228,2,0.000000e+00
425,0.316228,2,0.000000e+00
450,0.316228,2,0.000000e+00
475,0.316228,2,0.000000e+00
500,0.316228,2,0.000000e+00
525,0.316228,2,0.000000e+00
550,0.316228,2,0.000000e+00
575,0.316228,2,0.000000e+00
600,0.316228,2,0.000000e+00
625,0.316228,2,0.000000e+00
650,0.316228,2,0.000000e+00
675,0.316228,2,0.000000e+00
700,0.316228,2,0.000000e+00
725,0.316228,2,0.000000e+00
750,0.316228,2,0.000000e+00
775,0.316228,2,0.000000e+00
800,0.316228,2,0.000000e+00
825,0.316228,2,0.000000e+00
850,0.316228,2,0.000000e+00
875,0.316228,2,0.000000e+00
900,0.316228,2,0.000000e+00
925,0.316228,2,0.000000e+00
950,0.316228,2,0.000000e+00
975,0.316228,2,0.000000e+00
1000,0.316228,2,0.000000e+00
1025,0.316228,2,0.000000e+00
1050,0.316228,2,0.000000e+00
1075,0.316228,2,0.000000e+00
1100,0.316228,2,0.000000e+00
1125,0.316228,2,0.000000e+00
1150,0.316228,2,0.000000e+00
1175,0.316228,2,0.000000e+00
1200,0.316228,2,0.000000e+00
1225,0.316228,2,0.000000e+00
1250,0.316228,2,0.000000e+00
1275,0.316228,2,0.000000e+00
1300,0.316228,2,0.000000e+00
1325,0.316228,2,0.000000e+00
1350,0.316228,2,0.000000e+00
1375,0.316228,2,0.000000e+00
1400,0.316228,2,0.000000e+00
1425,0.316228,2,0.000000e+00
1450,0.316228,2,0.000000e+00
1475,0.316228,2,0.000000e+00
1500,0.316228,2,0.000000e+00
1525,0.316228,2,0.000000e+00
1550,0.316228,2,0.000000e+00
1575,0.316228,2,0.000000e+00
1600,0.316228,2,0.000000e+00
1625,0.316228,2,0.000000e+00
1650,0.316228,2,0.000000e+00
1675,0.316228,2,0.000000e+00
1700,0.316228,2,0.000000e+00
1725,0.316228,2,0.000000e+00
1750,0.316228,2,0.000000e+00
1775,0.316228,2,0.000000e+00
1800,0.316228,2,0.000000e+00
1825,0.316228,2,0.000000e+00
1850,0.316228,2,0.000000e+00
1875,0.316228,2,0.000000e+00
1900,0.316228,2,0.000000e+00
1925,0.316228,2,0.000000e+00
1950,0.316228,2,0.000000e+00
1975,0.316228,2,0.000000e+00
2000,0.316228,2,0.000000e+00
2025,0.316228,2,0.000000e+00
2050,0.316228,2,0.000000e+00
2075,0.316228,2,0.000000e+00
2100,0.316228,2,0.000000e+00
2125,0.316228,2,0.000000e+00
2150,0.316228,2,0.000000e+00
2175,0.316228,2,0.000000e+00
2200,0.316228,2,0.000000e+00
2225,0.316228,2,0.000000e+00
2250,0.316228,2,0.000000e+00
2275,0.316228,2,0.000000e+00
2300,0.316228,2,0.000000e+00
2325,0.316228,2,0.000000e+00
2350,0.316228,2,0.000000e+00
2375,0.316228,2,0.000000e+00
2400,0.316228,2,0.000000e+00
2425,0.316228,2,0.000000e+00
2450,0.316228,2,0.000000e+00
2475,0.316228,2,0.000000e+00
2500,0.316228,2,0.000000e+00
2525,0.316228,2,0.000000e+00
2550,0.316228,2,0.000000e+00
2575,0.316228,2,0.000000e+00
2600,0.316228,2,0.000000e+00
2625,0.316228,2,0.000000e+00
2650,0.316228,2,0.000000e+00
2675,0.316228,2,0.000000e+00
2700,0.316228,2,0.000000e+00
2725,0.316228,2,0.000000e+00
2750,0.316228,2,0.000000e+00
2775,0.316228,2,0.000000e+00
2800,0.316228,2,0.000000e+00
2825,0.316228,2,0.000000e+00
2850,0.316228,2,0.000000e+00
2875,0.316228,2,0.000000e+00
2900,0.316228,2,0.000000e+00
2925,0.316228,2,0.000000e+00
2950,0.316228,2,0.000000e+00
2975,0.316228,2,0.000000e+00
3000,0.316228,2,0.000000e+00
3025,0.316228,2,0.000000e+00
3050,0.316228,2,0.000000e+00
3075,0.316228,2,0.000000e+00
3100,0.316228,2,0.000000e+00
3125,0.316228,2,0.000000e+00
3150,0.316228,2,0.000000e+00
3175,0.316228,2,0.000000e+00
3200,0.316228,2,0.000000e+00
3225,0.316228,2,0.000000e+00
3250,0.316228,2,1.222220e-03
3275,0.316228,2,4.539330e-02
3300,0.316228,2,9.720390e-02
3325,0.316228,2,1.584630e-01
3350,0.316228,2,2.314430e-01
3375,0.316228,2,3.190100e-01
3400,0.316228,2,4.248130e-01
3425,0.316228,2,5.535410e-01
3450,0.316228,2,7.112990e-01
3475,0.316228,2,9.061460e-01
3500,0.316228,2,1.148920e+00
3525,0.316228,2,1.454520e+00
3550,0.316228,2,1.843950e+00
3575,0.316228,2,2.347790e+00
3600,0.316228,2,3.012260e+00
3625,0.316228,2,3.910670e+00
3650,0.316228,2,5.166400e+00
3675,0.316228,2,7.004170e+00
3700,0.316228,2,9.879700e+00
3725,0.316228,2,1.487550e+01
3750,0.316228,2,2.532450e+01
3775,0.316228,2,5.877760e+01
3800,0.316228,2,2.000000e+02
3825,0.316228,2,2.000000e+02
3850,0.316228,2,2.000000e+02
3875,0.316228,2,2.000000e+02
3900,0.316228,2,2.000000e+02
3925,0.316228,2,2.000000e+02
3950,0.316228,2,2.000000e+02
3975,0.316228,2,2.000000e+02
4000,0.316228,2,2.000000e+02
4025,0.316228,2,2.000000e+02
4050,0.316228,2,2.000000e+02
4075,0.316228,2,2.000000e+02
4100,0.316228,2,2.000000e+02
4125,0.316228,2,2.000000e+02
4150,0.316228,2,2.000000e+02
4175,0.316228,2,2.000000e+02
4200,0.316228,2,2.000000e+02
4225,0.316228,2,2.000000e+02
4250,0.316228,2,2.000000e+02
4275,0.316228,2,2.000000e+02
4300,0.316228,2,2.000000e+02
4325,0.316228,2,2.000000e+02
4350,0.316228,2,2.000000e+02
4375,0.316228,2,2.000000e+02
4400,0.316228,2,2.000000e+02
4425,0.316228,2,2.000000e+02
4450,0.316228,2,2.000000e+02
4475,0.316228,2,2.000000e+02
4500,0.316228,2,2.000000e+02
4525,0.316228,2,2.000000e+02
4550,0.316228,2,2.000000e+02
4575,0.316228,2,2.000000e+02
4600,0.316228,2,2.000000e+02
4625,0.316228,2,2.000000e+02
4650,0.316228,2,2.000000e+02
4675,0.316228,2,2.000000e+02
4700,0.316228,2,2.000000e+02
4725,0.316228,2,2.000000e+02
4750,0.316228,2,2.000000e+02
4775,0.316228,2,2.000000e+02
4800,0.316228,2,2.000000e+02
4825,0.316228,2,2.000000e+02
4850,0.316228,2,2.000000e+02
4875,0.316228,2,2.000000e+02
4900,0.316228,2,2.000000e+02
4925,0.316228,2,2.000000e+02
4950,0.316228,2,2.000000e+02
4975,0.316228,2,2.000000e+02
5000,0.316228,2,2.000000e+02
300,0.562341,2,0.000000e+00
325,0.562341,2,0.000000e+00
350,0.562341,2,0.000000e+00
375,0.562341,2,0.000000e+00
400,0.562341,2,0.000000e+00
425,0.562341,2,0.000000e+00
450,0.562341,2,0.000000e+00
475,0.562341,2,0.000000e+00
500,0.562341,2,0.000000e+00
525,0.562341,2,0.000000e+00
550,0.562341,2,0.000000e+00
575,0.562341,2,0.000000e+00
600,0.562341,2,0.000000e+00
625,0.562341,2,0.000000e+00
650,0.562341,2,0.000000e+00
675,0.562341,2,0.000000e+00
700,0.562341,2,0.000000e+00
725,0.562341,2,0.000000e+00
750,0.562341,2,0.000000e+00
775,0.562341,2,0.000000e+00
800,0.562341,2,0.000000e+00
825,0.562341,2,0.000000e+00
850,0.562341,2,0.000000e+00
875,0.562341,2,0.000000e+00
900,0.562341,2,0.000000e+00
925,0.562341,2,0.000000e+00
950,0.562341,2,0.000000e+00
975,0.562341,2,0.000000e+00
1000,0.562341,2,0.000000e+00
1025,0.562341,2,0.000000e+00
1050,0.562341,2,0.000000e+00
1075,0.562341,2,0.000000e+00
1100,0.562341,2,0.000000e+00
1125,0.562341,2,0.000000e+00
1150,0.562341,2,0.000000e+00
1175,0.562341,2,0.000000e+00
1200,0.562341,2,0.000000e+00
1225,0.562341,2,0.000000e+00
1250,0.562341,2,0.000000e+00
1275,0.562341,2,0.000000e+00
1300,0.562341,2,0.000000e+00
1325,0.562341,2,0.000000e+00
1350,0.562341,2,0.000000e+00
1375,0.562341,2,0.000000e+00
1400,0.562341,2,0.000000e+00
1425,0.562341,2,0.000000e+00
1450,0.562341,2,0.000000e+00
1475,0.562341,2,0.000000e+00
1500,0.562341,2,0.000000e+00
1525,0.562341,2,0.000000e+00
1550,0.562341,2,0.000000e+00
1575,0.562341,2,0.000000e+00
1600,0.562341,2,0.000000e+00
1625,0.562341,2,0.000000e+00
1650,0.562341,2,0.000000e+00
1675,0.562341,2,0.000000e+00
1700,0.562341,2,0.000000e+00
1725,0.562341,2,0.000000e+00
1750,0.562341,2,0.000000e+00
1775,0.562341,2,0.000000e+00
1800,0.562341,2,0.000000e+00
1825,0.562341,2,0.000000e+00
1850,0.562341,2,0.000000e+00
1875,0.562341,2,0.000000e+00
1900,0.562341,2,0.000000e+00
1925,0.562341,2,0.000000e+00
1950,0.562341,2,0.000000e+00
1975,0.562341,2,0.000000e+00
2000,0.562341,2,0.000000e+00
2025,0.562341,2,0.000000e+00
2050,0.562341,2,0.000000e+00
2075,0.562341,2,0.000000e+00
2100,0.562341,2,0.000000e+00
2125,0.562341,2,0.000000e+00
2150,0.562341,2,0.000000e+00
2175,0.562341,2,0.000000e+00
2200,0.562341,2,0.000000e+00
2225,0.562341,2,0.000000e+00
2250,0.562341,2,0.000000e+00
2275,0.562341,2,0.000000e+00
2300,0.562341,2,0.000000e+00
2325,0.562341,2,0.000000e+00
2350,0.562341,2,0.000000e+00
2375,0.562341,2,0.000000e+00
2400,0.562341,2,0.000000e+00
2425,0.562341,2,0.000000e+00
2450,0.562341,2,0.000000e+00
2475,0.562341,2,0.000000e+00
2500,0.562341,2,0.000000e+00
2525,0.562341,2,0.000000e+00
2550,0.562341,2,0.000000e+00
2575,0.562341,2,0.000000e+00
2600,0.562341,2,0.000000e+00
2625,0.562341,2,0.000000e+00
2650,0.562341,2,0.000000e+00
2675,0.562341,2,0.000000e+00
2700,0.562341,2,0.000000e+00
2725,0.562341,2,0.000000e+00
2750,0.562341,2,0.000000e+00
2775,0.562341,2,0.000000e+00
2800,0.562341,2,0.000000e+00
2825,0.562341,2,0.000000e+00
2850,0.562341,2,0.000000e+00
2875,0.562341,2,0.000000e+00
2900,0.562341,2,0.000000e+00
2925,0.562341,2,0.000000e+00
2950,0.562341,2,0.000000e+00
2975,0.562341,2,0.000000e+00
3000,0.562341,2,0.000000e+00
3025,0.562341,2,0.000000e+00
3050,0.562341,2,0.000000e+00
3075,0.562341,2,0.000000e+00
3100,0.562341,2,0.000000e+00
3125,0.562341,2,0.000000e+00
3150,0.562341,2,0.000000e+00
3175,0.562341,2,0.000000e+00
3200,0.562341,2,0.000000e+00
3225,0.562341,2,0.000000e+00
3250,0.562341,2,0.000000e+00
3275,0.562341,2,0.000000e+00
3300,0.562341,2,3.412680e-02
3325,0.562341,2,7.530360e-02
3350,0.562341,2,1.226790e-01
3375,0.562341,2,1.776230e-01
3400,0.562341,2,2.418370e-01
3425,0.562341,2,3.174360e-01
3450,0.562341,2,4.070740e-01
3475,0.562341,2,5.141010e-01
3500,0.562341,2,6.427900e-01
3525,0.562341,2,7.986570e-01
3550,0.562341,2,9.889180e-01
3575,0.562341,2,1.223180e+00
3600,0.562341,2,1.514480e+00
3625,0.562341,2,1.880980e+00
3650,0.562341,2,2.348620e+00
3675,0.562341,2,2.955870e+00
3700,0.562341,2,3.762150e+00
3725,0.562341,2,4.864250e+00
3750,0.562341,2,6.430790e+00
3775,0.562341,2,8.783310e+00
3800,0.562341,2,1.261790e+01
3825,0.562341,2,1.976540e+01
3850,0.562341,2,3.703450e+01
3875,0.562341,2,1.272980e+02
3900,0.562341,2,2.000000e+02
3925,0.562341,2,2.000000e+02
3950,0.562341,2,2.000000e+02
3975,0.562341,2,2.000000e+02
4000,0.562341,2,2.000000e+02
4025,0.562341,2,2.000000e+02
4050,0.562341,2,2.000000e+02
4075,0.562341,2,2.000000e+02
4100,0.562341,2,2.000000e+02
4125,0.562341,2,2.000000e+02
4150,0.562341,2,2.000000e+02
4175,0.562341,2,2.000000e+02
4200,0.562341,2,2.000000e+02
4225,0.562341,2,2.000000e+02
4250,0.562341,2,2.000000e+02
4275,0.562341,2,2.000000e+02
4300,0.562341,2,2.000000e+02
4325,0.562341,2,2.000000e+02
4350,0.562341,2,2.000000e+02
4375,0.562341,2,2.000000e+02
4400,0.562341,2,2.000000e+02
4425,0.562341,2,2.000000e+02
4450,0.562341,2,2.000000e+02
4475,0.562341,2,2.000000e+02
4500,0.562341,2,2.000000e+02
4525,0.562341,2,2.000000e+02
4550,0.562341,2,2.000000e+02
4575,0.562341,2,2.000000e+02
4600,0.562341,2,2.000000e+02
4625,0.562341,2,2.000000e+02
4650,0.562341,2,2.000000e+02
4675,0.562341,2,2.000000e+02
4700,0.562341,2,2.000000e+02
4725,0.562341,2,2.000000e+02
4750,0.562341,2,2.000000e+02
4775,0.562341,2,2.000000e+02
4800,0.562341,2,2.000000e+02
4825,0.562341,2,2.000000e+02
4850,0.562341,2,2.000000e+02
4875,0.562341,2,2.000000e+02
4900,0.562341,2,2.000000e+02
4925,0.562341,2,2.000000e+02
4950,0.562341,2,2.000000e+02
4975,0.562341,2,2.000000e+02
5000,0.562341,2,2.000000e+02
300,1,2,0.000000e+00
325,1,2,0.000000e+00
350,1,2,0.000000e+00
375,1,2,0.000000e+00
400,1,2,0.000000e+00
425,1,2,0.000000e+00
450,1,2,0.000000e+00
475,1,2,0.000000e+00
500,1,2,0.000000e+00
525,1,2,0.000000e+00
550,1,2,0.000000e+00
575,1,2,0.000000e+00
600,1,2,0.000000e+00
625,1,2,0.000000e+00
650,1,2,0.000000e+00
675,1,2,0.000000e+00
700,1,2,0.000000e+00
725,1,2,0.000000e+00
750,1,2,0.000000e+00
775,1,2,0.000000e+00
800,1,2,0.000000e+00
825,1,2,0.000000e+00
850,1,2,0.000000e+00
875,1,2,0.000000e+00
900,1,2,0.000000e+00
925,1,2,0.000000e+00
950,1,2,0.000000e+00
975,1,2,0.000000e+00
1000,1,2,0.000000e+00
1025,1,2,0.000000e+00
1050,1,2,0.000000e+00
1075,1,2,0.000000e+00
1100,1,2,0.000000e+00
1125,1,2,0.000000e+00
1150,1,2,0.000000e+00
1175,1,2,0.000000e+00
1200,1,2,0.000000e+00
1225,1,2,0.000000e+00
1250,1,2,0.000000e+00
1275,1,2,0.000000e+00
1300,1,2,0.000000e+00
1325,1,2,0.000000e+00
1350,1,2,0.000000e+00
1375,1,2,0.000000e+00
1400,1,2,0.000000e+00
1425,1,2,0.000000e+00
1450,1,2,0.000000e+00
1475,1,2,0.000000e+00
1500,1,2,0.000000e+00
1525,1,2,0.000000e+00
1550,1,2,0.000000e+00
1575,1,2,0.000000e+00
1600,1,2,0.000000e+00
1625,1,2,0.000000e+00
1650,1,2,0.000000e+00
1675,1,2,0.000000e+00
1700,1,2,0.000000e+00
1725,1,2,0.000000e+00
1750,1,2,0.000000e+00
1775,1,2,0.000000e+00
1800,1,2,0.000000e+00
1825,1,2,0.000000e+00
1850,1,2,0.000000e+00
1875,1,2,0.000000e+00
1900,1,2,0.000000e+00
1925,1,2,0.000000e+00
1950,1,2,0.000000e+00
1975,1,2,0.000000e+00
2000,1,2,0.000000e+00
2025,1,2,0.000000e+00
2050,1,2,0.000000e+00
2075,1,2,0.000000e+00
2100,1,2,0.000000e+00
2125,1,2,0.000000e+00
2150,1,2,0.000000e+00
2175,1,2,0.000000e+00
2200,1,2,0.000000e+00
2225,1,2,0.000000e+00
2250,1,2,0.000000e+00
2275,1,2,0.000000e+00
2300,1,2,0.000000e+00
2325,1,2,0.000000e+00
2350,1,2,0.000000e+00
2375,1,2,0.000000e+00
2400,1,2,0.000000e+00
2425,1,2,0.000000e+00
2450,1,2,0.000000e+00
2475,1,2,0.000000e+00
2500,1,2,0.000000e+00
2525,1,2,0.000000e+00
2550,1,2,0.000000e+00
2575,1,2,0.000000e+00
2600,1,2,0.000000e+00
2625,1,2,0.000000e+00
2650,1,2,0.000000e+00
2675,1,2,0.000000e+00
2700,1,2,0.000000e+00
2725,1,2,0.000000e+00
2750,1,2,0.000000e+00
2775,1,2,0.000000e+00
2800,1,2,0.000000e+00
2825,1,2,0.000000e+00
2850,1,2,0.000000e+00
2875,1,2,0.000000e+00
2900,1,2,0.000000e+00
2925,1,2,0.000000e+00
2950,1,2,0.000000e+00
2975,1,2,0.000000e+00
3000,1,2,0.000000e+00
3025,1,2,0.000000e+00
3050,1,2,0.000000e+00
3075,1,2,0.000000e+00
3100,1,2,0.000000e+00
3125,1,2,0.000000e+00
3150,1,2,0.000000e+00
3175,1,2,0.000000e+00
3200,1,2,0.000000e+00
3225,1,2,0.000000e+00
3250,1,2,0.000000e+00
3275,1,2,0.000000e+00
3300,1,2,4.871290e-03
3325,1,2,3.600930e-02
3350,1,2,7.062680e-02
3375,1,2,1.094140e-01
3400,1,2,1.532150e-01
3425,1,2,2.030560e-01
3450,1,2,2.602000e-01
3475,1,2,3.261970e-01
3500,1,2,4.029610e-01
3525,1,2,4.928740e-01
3550,1,2,5.989160e-01
3575,1,2,7.248560e-01
3600,1,2,8.755090e-01
3625,1,2,1.057110e+00
3650,1,2,1.277840e+00
3675,1,2,1.548680e+00
3700,1,2,1.884620e+00
3725,1,2,2.306730e+00
3750,1,2,2.845430e+00
3775,1,2,3.546400e+00
3800,1,2,4.481340e+00
3825,1,2,5.769300e+00
3850,1,2,7.623070e+00
3875,1,2,1.046260e+01
3900,1,2,1.524390e+01
3925,1,2,2.469620e+01
3950,1,2,5.083990e+01
3975,1,2,2.000000e+02
4000,1,2,2.000000e+02
4025,1,2,2.000000e+02
4050,1,2,2.000000e+02
4075,1,2,2.000000e+02
4100,1,2,2.000000e+02
4125,1,2,2.000000e+02
4150,1,2,2.000000e+02
4175,1,2,2.000000e+02
4200,1,2,2.000000e+02
4225,1,2,2.000000e+02
4250,1,2,2.000000e+02
4275,1,2,2.000000e+02
4300,1,2,2.000000e+02
4325,1,2,2.000000e+02
4350,1,2,2.000000e+02
4375,1,2,2.000000e+02
4400,1,2,2.000000e+02
4425,1,2,2.000000e+02
4450,1,2,2.000000e+02
4475,1,2,2.000000e+02
4500,1,2,2.000000e+02
4525,1,2,2.000000e+02
4550,1,2,2.000000e+02
4575,1,2,2.000000e+02
4600,1,2,2.000000e+02
4625,1,2,2.000000e+02
4650,1,2,2.000000e+02
4675,1,2,2.000000e+02
4700,1,2,2.000000e+02
4725,1,2,2.000000e+02
4750,1,2,2.000000e+02
4775,1,2,2.000000e+02
4800,1,2,2.000000e+02
4825,1,2,2.000000e+02
4850,1,2,2.000000e+02
4875,1,2,2.000000e+02
4900,1,2,2.000000e+02
4925,1,2,2.000000e+02
4950,1,2,2.000000e+02
4975,1,2,2.000000e+02
5000,1,2,2.000000e+02
300,1.77828,2,0.000000e+00
325,1.77828,2,0.000000e+00
350,1.77828,2,0.000000e+00
375,1.77828,2,0.000000e+00
400,1.77828,2,0.000000e+00
425,1.77828,2,0.000000e+00
450,1.77828,2,0.000000e+00
475,1.77828,2,0.000000e+00
500,1.77828,2,0.000000e+00
525,1.77828,2,0.000000e+00
550,1.77828,2,0.000000e+00
575,1.77828,2,0.000000e+00
600,1.77828,2,0.000000e+00
625,1.77828,2,0.000000e+00
650,1.77828,2,0.000000e+00
675,1.77828,2,0.000000e+00
700,1.77828,2,0.000000e+00
725,1.77828,2,0.000000e+00
750,1.77828,2,0.000000e+00
775,1.77828,2,0.000000e+00
800,1.77828,2,0.000000e+00
825,1.77828,2,0.000000e+00
850,1.77828,2,0.000000e+00
875,1.77828,2,0.000000e+00
900,1.77828,2,0.000000e+00
925,1.77828,2,0.000000e+00
950,1.77828,2,0.000000e+00
975,1.77828,2,0.000000e+00
1000,1.77828,2,0.000000e+00
1025,1.77828,2,0.000000e+00
1050,1.77828,2,0.000000e+00
1075,1.77828,2,0.000000e+00
1100,1.77828,2,0.000000e+00
1125,1.77828,2,0.000000e+00
1150,1.77828,2,0.000000e+00
1175,1.77828,2,0.000000e+00
1200,1.77828,2,0.000000e+00
1225,1.77828,2,0.000000e+00
1250,1.77828,2,0.000000e+00
1275,1.77828,2,0.000000e+00
1300,1.77828,2,0.000000e+00
1325,1.77828,2,0.000000e+00
1350,1.77828,2,0.000000e+00
1375,1.77828,2,0.000000e+00
1400,1.77828,2,0.000000e+00
1425,1.77828,2,0.000000e+00
1450,1.77828,2,0.000000e+00
1475,1.77828,2,0.000000e+00
1500,1.77828,2,0.000000e+00
1525,1.77828,2,0.000000e+00
1550,1.77828,2,0.000000e+00
1575,1.77828,2,0.000000e+00
1600,1.77828,2,0.000000e+00
1625,1.77828,2,0.000000e+00
1650,1.77828,2,0.000000e+00
1675,1.77828,2,0.000000e+00
1700,1.77828,2,0.000000e+00
1725,1.77828,2,0.000000e+00
1750,1.77828,2,0.000000e+00
1775,1.77828,2,0.000000e+00
1800,1.77828,2,0.000000e+00
1825,1.77828,2,0.000000e+00
1850,1.77828,2,0.000000e+00
1875,1.77828,2,0.000000e+00
1900,1.77828,2,0.000000e+00
1925,1.77828,2,0.000000e+00
1950,1.77828,2,0.000000e+00
1975,1.77828,2,0.000000e+00
2000,1.77828,2,0.000000e+00
2025,1.77828,2,0.000000e+00
2050,1.77828,2,0.000000e+00
2075,1.77828,2,0.000000e+00
2100,1.77828,2,0.000000e+00
2125,1.77828,2,0.000000e+00
2150,1.77828,2,0.000000e+00
2175,1.77828,2,0.000000e+00
2200,1.77828,2,0.000000e+00
2225,1.77828,2,0.000000e+00
2250,1.77828,2,0.000000e+00
2275,1.77828,2,0.000000e+00
2300,1.77828,2,0.000000e+00
2325,1.77828,2,0.000000e+00
2350,1.77828,2,0.000000e+00
2375,1.77828,2,0.000000e+00
2400,1.77828,2,0.000000e+00
2425,1.77828,2,0.000000e+00
2450,1.77828,2,0.000000e+00
2475,1.77828,2,0.000000e+00
2500,1.77828,2,0.000000e+00
2525,1.77828,2,0.000000e+00
2550,1.77828,2,0.000000e+00
2575,1.77828,2,0.000000e+00
2600,1.77828,2,0.000000e+00
2625,1.77828,2,0.000000e+00
2650,1.77828,2,0.000000e+00
2675,1.77828,2,0.000000e+00
2700,1.77828,2,0.000000e+00
2725,1.77828,2,0.000000e+00
2750,1.77828,2,0.000000e+00
2775,1.77828,2,0.000000e+00
2800,1.77828,2,0.000000e+00
2825,1.77828,2,0.000000e+00
2850,1.77828,2,0.000000e+00
2875,1.77828,2,0.000000e+00
2900,1.77828,2,0.000000e+00
2925,1.77828,2,0.000000e+00
2950,1.77828,2,0.000000e+00
2975,1.77828,2,0.000000e+00
3000,1.77828,2,0.000000e+00
3025,1.77828,2,0.000000e+00
3050,1.77828,2,0.000000e+00
3075,1.77828,2,0.000000e+00
3100,1.77828,2,0.000000e+00
3125,1.77828,2,0.000000e+00
3150,1.77828,2,0.000000e+00
3175,1.77828,2,0.000000e+00
3200,1.77828,2,0.000000e+00
3225,1.77828,2,0.000000e+00
3250,1.77828,2,0.000000e+00
3275,1.77828,2,0.000000e+00
3300,1.77828,2,0.000000e+00
3325,1.77828,2,1.829940e-02
3350,1.77828,2,4.649150e-02
3375,1.77828,2,7.714040e-02
3400,1.77828,2,1.106810e-01
3425,1.77828,2,1.476370e-01
3450,1.77828,2,1.886430e-01
3475,1.77828,2,2.344650e-01
3500,1.77828,2,2.860320e-01
3525,1.77828,2,3.444720e-01
3550,1.77828,2,4.111610e-01
3575,1.77828,2,4.877840e-01
3600,1.77828,2,5.764170e-01
3625,1.77828,2,6.796370e-01
3650,1.77828,2,8.006660e-01
3675,1.77828,2,9.435760e-01
3700,1.77828,2,1.113570e+00
3725,1.77828,2,1.317410e+00
3750,1.77828,2,1.563970e+00
3775,1.77828,2,1.865200e+00
3800,1.77828,2,2.237490e+00
3825,1.77828,2,2.703930e+00
3850,1.77828,2,3.298110e+00
3875,1.77828,2,4.070730e+00
3900,1.77828,2,5.102010e+00
3925,1.77828,2,6.526450e+00
3950,1.77828,2,8.587480e+00
3975,1.77828,2,1.177380e+01
4000,1.77828,2,1.722600e+01
4025,1.77828,2,2.833990e+01
4050,1.77828,2,6.152430e+01
4075,1.77828,2,2.000000e+02
4100,1.77828,2,2.000000e+02
4125,1.77828,2,2.000000e+02
4150,1.77828,2,2.000000e+02
4175,1.77828,2,2.000000e+02
4200,1.77828,2,2.000000e+02
4225,1.77828,2,2.000000e+02
4250,1.77828,2,2.000000e+02
4275,1.77828,2,2.000000e+02
4300,1.77828,2,2.000000e+02
4325,1.77828,2,2.000000e+02
4350,1.77828,2,2.000000e+02
4375,1.77828,2,2.000000e+02
4400,1.77828,2,2.000000e+02
4425,1.77828,2,2.000000e+02
4450,1.77828,2,2.000000e+02
4475,1.77828,2,2.000000e+02
4500,1.77828,2,2.000000e+02
4525,1.77828,2,2.000000e+02
4550,1.77828,2,2.000000e+02
4575,1.77828,2,2.000000e+02
4600,1.77828,2,2.000000e+02
4625,1.77828,2,2.000000e+02
4650,1.77828,2,2.000000e+02
4675,1.77828,2,2.000000e+02
4700,1.77828,2,2.000000e+02
4725,1.77828,2,2.000000e+02
4750,1.77828,2,2.000000e+02
4775,1.77828,2,2.000000e+02
4800,1.77828,2,2.000000e+02
4825,1.77828,2,2.000000e+02
4850,1.77828,2,2.000000e+02
4875,1.77828,2,2.000000e+02
4900,1.77828,2,2.000000e+02
4925,1.77828,2,2.000000e+02
4950,1.77828,2,2.000000e+02
4975,1.77828,2,2.000000e+02
5000,1.77828,2,2.000000e+02
300,3.16228,2,0.000000e+00
325,3.16228,2,0.000000e+00
350,3.16228,2,0.000000e+00
375,3.16228,2,0.000000e+00
400,3.16228,2,0.000000e+00
425,3.16228,2,0.000000e+00
450,3.16228,2,0.000000e+00
475,3.16228,2,0.000000e+00
500,3.16228,2,0.000000e+00
525,3.16228,2,0.000000e+00
550,3.16228,2,0.000000e+00
575,3.16228,2,0.000000e+00
600,3.16228,2,0.000000e+00
625,3.16228,2,0.000000e+00
650,3.16228,2,0.000000e+00
675,3.16228,2,0.000000e+00
700,3.16228,2,0.000000e+00
725,3.16228,2,0.000000e+00
750,3.16228,2,0.000000e+00
775,3.16228,2,0.000000e+00
800,3.16228,2,0.000000e+00
825,3.16228,2,0.000000e+00
850,3.16228,2,0.000000e+00
875,3.16228,2,0.000000e+00
900,3.16228,2,0.000000e+00
925,3.16228,2,0.000000e+00
950,3.16228,2,0.000000e+00
975,3.16228,2,0.000000e+00
1000,3.16228,2,0.000000e+00
1025,3.16228,2,0.000000e+00
1050,3.16228,2,0.000000e+00
1075,3.16228,2,0.000000e+00
1100,3.16228,2,0.000000e+00
1125,3.16228,2,0.000000e+00
1150,3.16228,2,0.000000e+00
1175,3.16228,2,0.000000e+00
1200,3.16228,2,0.000000e+00
1225,3.16228,2,0.000000e+00
1250,3.16228,2,0.000000e+00
1275,3.16228,2,0.000000e+00
1300,3.16228,2,0.000000e+00
1325,3.16228,2,0.000000e+00
1350,3.16228,2,0.000000e+00
1375,3.16228,2,0.000000e+00
1400,3.16228,2,0.000000e+00
1425,3.16228,2,0.000000e+00
1450,3.16228,2,0.000000e+00
1475,3.16228,2,0.000000e+00
1500,3.16228,2,0.000000e+00
1525,3.16228,2,0.000000e+00
1550,3.16228,2,0.000000e+00
1575,3.16228,2,0.000000e+00
1600,3.16228,2,0.000000e+00
1625,3.16228,2,0.000000e+00
1650,3.16228,2,0.000000e+00
1675,3.16228,2,0.000000e+00
1700,3.16228,2,0.000000e+00
1725,3.16228,2,0.000000e+00
1750,3.16228,2,0.000000e+00
1775,3.16228,2,0.000000e+00
1800,3.16228,2,0.000000e+00
1825,3.16228,2,0.000000e+00
1850,3.16228,2,0.000000e+00
1875,3.16228,2,0.000000e+00
1900,3.16228,2,0.000000e+00
1925,3.16228,2,0.000000e+00
1950,3.16228,2,0.000000e+00
1975,3.16228,2,0.000000e+00
2000,3.16228,2,0.000000e+00
2025,3.16228,2,0.000000e+00
2050,3.16228,2,0.000000e+00
2075,3.16228,2,0.000000e+00
2100,3.16228,2,0.000000e+00
2125,3.16228,2,0.000000e+00
2150,3.16228,2,0.000000e+00
2175,3.16228,2,0.000000e+00
2200,3.16228,2,0.000000e+00
2225,3.16228,2,0.000000e+00
2250,3.16228,2,0.000000e+00
2275,3.16228,2,0.000000e+00
2300,3.16228,2,0.000000e+00
2325,3.16228,2,0.000000e+00
2350,3.16228,2,0.000000e+00
2375,3.16228,2,0.000000e+00
2400,3.16228,2,0.000000e+00
2425,3.16228,2,0.000000e+00
2450,3.16228,2,0.000000e+00
2475,3.16228,2,0.000000e+00
2500,3.16228,2,0.000000e+00
2525,3.16228,2,0.000000e+00
2550,3.16228,2,0.000000e+00
2575,3.16228,2,0.000000e+00
2600,3.16228,2,0.000000e+00
2625,3.16228,2,0.000000e+00
2650,3.16228,2,0.000000e+00
2675,3.16228,2,0.000000e+00
2700,3.16228,2,0.000000e+00
2725,3.16228,2,0.000000e+00
2750,3.16228,2,0.000000e+00
2775,3.16228,2,0.000000e+00
2800,3.16228,2,0.000000e+00
2825,3.16228,2,0.000000e+00
2850,3.16228,2,0.000000e+00
2875,3.16228,2,0.000000e+00
2900,3.16228,2,0.000000e+00
2925,3.16228,2,0.000000e+00
2950,3.16228,2,0.000000e+00
2975,3.16228,2,0.000000e+00
3000,3.16228,2,0.000000e+00
3025,3.16228,2,0.000000e+00
3050,3.16228,2,0.000000e+00
3075,3.16228,2,0.000000e+00
3100,3.16228,2,0.000000e+00
3125,3.16228,2,0.000000e+00
3150,3.16228,2,0.000000e+00
3175,3.16228,2,0.000000e+00
3200,3.16228,2,0.000000e+00
3225,3.16228,2,0.000000e+00
3250,3.16228,2,0.000000e+00
3275,3.16228,2,0.000000e+00
3300,3.16228,2,0.000000e+00
3325,3.16228,2,1.113240e-02
3350,3.16228,2,3.608960e-02
3375,3.16228,2,6.261760e-02
3400,3.16228,2,9.094690e-02
3425,3.16228,2,1.213530e-01
3450,3.16228,2,1.541670e-01
3475,3.16228,2,1.897830e-01
3500,3.16228,2,2.286740e-01
3525,3.16228,2,2.714080e-01
3550,3.16228,2,3.186640e-01
3575,3.16228,2,3.712590e-01
3600,3.16228,2,4.301780e-01
3625,3.16228,2,4.966100e-01
3650,3.16228,2,5.720020e-01
3675,3.16228,2,6.581160e-01
3700,3.16228,2,7.571210e-01
3725,3.16228,2,8.716960e-01
3750,3.16228,2,1.005190e+00
3775,3.16228,2,1.161830e+00
3800,3.16228,2,1.347000e+00
3825,3.16228,2,1.567690e+00
3850,3.16228,2,1.833100e+00
3875,3.16228,2,2.155560e+00
3900,3.16228,2,2.552010e+00
3925,3.16228,2,3.046280e+00
3950,3.16228,2,3.673020e+00
3975,3.16228,2,4.484470e+00
4000,3.16228,2,5.563150e+00
4025,3.16228,2,7.047210e+00
4050,3.16228,2,9.185910e+00
4075,3.16228,2,1.247760e+01
4100,3.16228,2,1.807740e+01
4125,3.16228,2,2.938110e+01
4150,3.16228,2,6.229480e+01
4175,3.16228,2,2.000000e+02
4200,3.16228,2,2.000000e+02
4225,3.16228,2,2.000000e+02
4250,3.16228,2,2.000000e+02
4275,3.16228,2,2.000000e+02
4300,3.16228,2,2.000000e+02
4325,3.16228,2,2.000000e+02
4350,3.16228,2,2.000000e+02
4375,3.16228,2,2.000000e+02
4400,3.16228,2,2.000000e+02
4425,3.16228,2,2.000000e+02
4450,3.16228,2,2.000000e+02
4475,3.16228,2,2.000000e+02
4500,3.16228,2,2.000000e+02
4525,3.16228,2,2.000000e+02
4550,3.16228,2,2.000000e+02
4575,3.16228,2,2.000000e+02
4600,3.16228,2,2.000000e+02
4625,3.16228,2,2.000000e+02
4650,3.16228,2,2.000000e+02
4675,3.16228,2,2.000000e+02
4700,3.16228,2,2.000000e+02
4725,3.16228,2,2.000000e+02
4750,3.16228,2,2.000000e+02
4775,3.16228,2,2.000000e+02
4800,3.16228,2,2.000000e+02
4825,3.16228,2,2.000000e+02
4850,3.16228,2,2.000000e+02
4875,3.16228,2,2.000000e+02
4900,3.16228,2,2.000000e+02
4925,3.16228,2,2.000000e+02
4950,3.16228,2,2.000000e+02
4975,3.16228,2,2.000000e+02
5000,3.16228,2,2.000000e+02
300,5.62341,2,0.000000e+00
325,5.62341,2,0.000000e+00
350,5.62341,2,0.000000e+00
375,5.62341,2,0.000000e+00
400,5.62341,2,0.000000e+00
425,5.62341,2,0.000000e+00
450,5.62341,2,0.000000e+00
475,5.62341,2,0.000000e+00
500,5.62341,2,0.000000e+00
525,5.62341,2,0.000000e+00
550,5.62341,2,0.000000e+00
575,5.62341,2,0.000000e+00
600,5.62341,2,0.000000e+00
625,5.62341,2,0.000000e+00
650,5.62341,2,0.000000e+00
675,5.62341,2,0.000000e+00
700,5.62341,2,0.000000e+00
725,5.62341,2,0.000000e+00
750,5.62341,2,0.000000e+00
775,5.62341,2,0.000000e+00
800,5.62341,2,0.000000e+00
825,5.62341,2,0.000000e+00
850,5.62341,2,0.000000e+00
875,5.62341,2,0.000000e+00
900,5.62341,2,0.000000e+00
925,5.62341,2,0.000000e+00
950,5.62341,2,0.000000e+00
975,5.62341,2,0.000000e+00
1000,5.62341,2,0.000000e+00
1025,5.62341,2,0.000000e+00
1050,5.62341,2,0.000000e+00
1075,5.62341,2,0.000000e+00
1100,5.62341,2,0.000000e+00
1125,5.62341,2,0.000000e+00
1150,5.62341,2,0.000000e+00
1175,5.62341,2,0.000000e+00
1200,5.62341,2,0.000000e+00
1225,5.62341,2,0.000000e+00
1250,5.62341,2,0.000000e+00
1275,5.62341,2,0.000000e+00
1300,5.62341,2,0.000000e+00
1325,5.62341,2,0.000000e+00
1350,5.62341,2,0.000000e+00
1375,5.62341,2,0.000000e+00
1400,5.62341,2,0.000000e+00
1425,5.62341,2,0.000000e+00
1450,5.62341,2,0.000000e+00
1475,5.62341,2,0.000000e+00
1500,5.62341,2,0.000000e+00
1525,5.62341,2,0.000000e+00
1550,5.62341,2,0.000000e+00
1575,5.62341,2,0.000000e+00
1600,5.62341,2,0.000000e+00
1625,5.62341,2,0.000000e+00
1650,5.62341,2,0.000000e+00
1675,5.62341,2,0.000000e+00
1700,5.62341,2,0.000000e+00
1725,5.62341,2,0.000000e+00
1750,5.62341,2,0.000000e+00
1775,5.62341,2,0.000000e+00
1800,5.62341,2,0.000000e+00
1825,5.62341,2,0.000000e+00
1850,5.62341,2,0.000000e+00
1875,5.62341,2,0.000000e+00
1900,5.62341,2,0.000000e+00
1925,5.62341,2,0.000000e+00
1950,5.62341,2,0.000000e+00
1975,5.62341,2,0.000000e+00
2000,5.62341,2,0.000000e+00
2025,5.62341,2,0.000000e+00
2050,5.62341,2,0.000000e+00
2075,5.62341,2,0.000000e+00
2100,5.62341,2,0.000000e+00
2125,5.62341,2,0.000000e+00
2150,5.62341,2,0.000000e+00
2175,5.62341,2,0.000000e+00
2200,5.62341,2,0.000000e+00
2225,5.62341,2,0.000000e+00
2250,5.62341,2,0.000000e+00
2275,5.62341,2,0.000000e+00
2300,5.62341,2,0.000000e+00
2325,5.62341,2,0.000000e+00
2350,5.62341,2,0.000000e+00
2375,5.62341,2,0.000000e+00
2400,5.62341,2,0.000000e+00
2425,5.62341,2,0.000000e+00
2450,5.62341,2,0.000000e+00
2475,5.62341,2,0.000000e+00
2500,5.62341,2,0.000000e+00
2525,5.62341,2,0.000000e+00
2550,5.62341,2,0.000000e+00
2575,5.62341,2,0.000000e+00
2600,5.62341,2,0.000000e+00
2625,5.62341,2,0.000000e+00
2650,5.62341,2,0.000000e+00
2675,5.62341,2,0.000000e+00
2700,5.62341,2,0.000000e+00
2725,5.62341,2,0.000000e+00
2750,5.62341,2,0.000000e+00
2775,5.62341,2,0.000000e+00
2800,5.62341,2,0.000000e+00
2825,5.62341,2,0.000000e+00
2850,5.62341,2,0.000000e+00
2875,5.62341,2,0.000000e+00
2900,5.62341,2,0.000000e+00
2925,5.62341,2,0.000000e+00
2950,5.62341,2,0.000000e+00
2975,5.62341,2,0.000000e+00
3000,5.62341,2,0.000000e+00
3025,5.62341,2,0.000000e+00
3050,5.62341,2,0.000000e+00
3075,5.62341,2,0.000000e+00
3100,5.62341,2,0.000000e+00
3125,5.62341,2,0.000000e+00
3150,5.62341,2,0.000000e+00
3175,5.62341,2,0.000000e+00
3200,5.62341,2,0.000000e+00
3225,5.62341,2,0.000000e+00
3250,5.62341,2,0.000000e+00
3275,5.62341,2,0.000000e+00
3300,5.62341,2,0.000000e+00
3325,5.62341,2,8.991130e-03
3350,5.62341,2,3.233980e-02
3375,5.62341,2,5.679320e-02
3400,5.62341,2,8.247570e-02
3425,5.62341,2,1.095350e-01
3450,5.62341,2,1.381480e-01
3475,5.62341,2,1.685230e-01
3500,5.62341,2,2.009090e-01
3525,5.62341,2,2.356010e-01
3550,5.62341,2,2.729490e-01
3575,5.62341,2,3.133700e-01
3600,5.62341,2,3.573590e-01
3625,5.62341,2,4.055030e-01
3650,5.62341,2,4.585060e-01
3675,5.62341,2,5.172060e-01
3700,5.62341,2,5.826090e-01
3725,5.62341,2,6.559250e-01
3750,5.62341,2,7.386170e-01
3775,5.62341,2,8.324650e-01
3800,5.62341,2,9.396440e-01
3825,5.62341,2,1.062840e+00
3850,5.62341,2,1.205390e+00
3875,5.62341,2,1.371500e+00
3900,5.62341,2,1.566510e+00
3925,5.62341,2,1.797320e+00
3950,5.62341,2,2.072970e+00
3975,5.62341,2,2.405540e+00
4000,5.62341,2,2.811520e+00
4025,5.62341,2,3.314000e+00
4050,5.62341,2,3.946280e+00
4075,5.62341,2,4.758160e+00
4100,5.62341,2,5.827450e+00
4125,5.62341,2,7.282600e+00
4150,5.62341,2,9.351180e+00
4175,5.62341,2,1.247660e+01
4200,5.62341,2,1.764780e+01
4225,5.62341,2,2.758700e+01
4250,5.62341,2,5.333560e+01
4275,5.62341,2,2.000000e+02
4300,5.62341,2,2.000000e+02
4325,5.62341,2,2.000000e+02
4350,5.62341,2,2.000000e+02
4375,5.62341,2,2.000000e+02
4400,5.62341,2,2.000000e+02
4425,5.62341,2,2.000000e+02
4450,5.62341,2,2.000000e+02
4475,5.62341,2,2.000000e+02
4500,5.62341,2,2.000000e+02
4525,5.62341,2,2.000000e+02
4550,5.62341,2,2.000000e+02
4575,5.62341,2,2.000000e+02
4600,5.62341,2,2.000000e+02
4625,5.62341,2,2.000000e+02
4650,5.62341,2,2.000000e+02
4675,5.62341,2,2.000000e+02
4700,5.62341,2,2.000000e+02
4725,5.62341,2,2.000000e+02
4750,5.62341,2,2.000000e+02
4775,5.62341,2,2.000000e+02
4800,5.62341,2,2.000000e+02
4825,5.62341,2,2.000000e+02
4850,5.62341,2,2.000000e+02
4875,5.62341,2,2.000000e+02
4900,5.62341,2,2.000000e+02
4925,5.62341,2,2.000000e+02
4950,5.62341,2,2.000000e+02
4975,5.62341,2,2.000000e+02
5000,5.62341,2,2.000000e+02
300,10,2,0.000000e+00
325,10,2,0.000000e+00
350,10,2,0.000000e+00
375,10,2,0.000000e+00
400,10,2,0.000000e+00
425,10,2,0.000000e+00
450,10,2,0.000000e+00
475,10,2,0.000000e+00
500,10,2,0.000000e+00
525,10,2,0.000000e+00
550,10,2,0.000000e+00
575,10,2,0.000000e+00
600,10,2,0.000000e+00
625,10,2,0.000000e+00
650,10,2,0.000000e+00
675,10,2,0.000000e+00
700,10,2,0.000000e+00
725,10,2,0.000000e+00
750,10,2,0.000000e+00
775,10,2,0.000000e+00
800,10,2,0.000000e+00
825,10,2,0.000000e+00
850,10,2,0.000000e+00
875,10,2,0.000000e+00
900,10,2,0.000000e+00
925,10,2,0.000000e+00
950,10,2,0.000000e+00
975,10,2,0.000000e+00
1000,10,2,0.000000e+00
1025,10,2,0.000000e+00
1050,10,2,0.000000e+00
1075,10,2,0.000000e+00
1100,10,2,0.000000e+00
1125,10,2,0.000000e+00
1150,10,2,0.000000e+00
1175,10,2,0.000000e+00
1200,10,2,0.000000e+00
1225,10,2,0.000000e+00
1250,10,2,0.000000e+00
1275,10,2,0.000000e+00
1300,10,2,0.000000e+00
1325,10,2,0.000000e+00
1350,10,2,0.000000e+00
1375,10,2,0.000000e+00
1400,10,2,0.000000e+00
1425,10,2,0.000000e+00
1450,10,2,0.000000e+00
1475,10,2,0.000000e+00
1500,10,2,0.000000e+00
1525,10,2,0.000000e+00
1550,10,2,0.000000e+00
1575,10,2,0.000000e+00
1600,10,2,0.000000e+00
1625,10,2,0.000000e+00
1650,10,2,0.000000e+00
1675,10,2,0.000000e+00
1700,10,2,0.000000e+00
1725,10,2,0.000000e+00
1750,10,2,0.000000e+00
1775,10,2,0.000000e+00
1800,10,2,0.000000e+00
1825,10,2,0.000000e+00
1850,10,2,0.000000e+00
1875,10,2,0.000000e+00
1900,10,2,0.000000e+00
1925,10,2,0.000000e+00
1950,10,2,0.000000e+00
1975,10,2,0.000000e+00
2000,10,2,0.000000e+00
2025,10,2,0.000000e+00
2050,10,2,0.000000e+00
2075,10,2,0.000000e+00
2100,10,2,0.000000e+00
2125,10,2,0.000000e+00
2150,10,2,0.000000e+00
2175,10,2,0.000000e+00
2200,10,2,0.000000e+00
2225,10,2,0.000000e+00
2250,10,2,0.000000e+00
2275,10,2,0.000000e+00
2300,10,2,0.000000e+00
2325,10,2,0.000000e+00
2350,10,2,0.000000e+00
2375,10,2,0.000000e+00
2400,10,2,0.000000e+00
2425,10,2,0.000000e+00
2450,10,2,0.000000e+00
2475,10,2,0.000000e+00
2500,10,2,0.000000e+00
2525,10,2,0.000000e+00
2550,10,2,0.000000e+00
2575,10,2,0.000000e+00
2600,10,2,0.000000e+00
2625,10,2,0.000000e+00
2650,10,2,0.000000e+00
2675,10,2,0.000000e+00
2700,10,2,0.000000e+00
2725,10,2,0.000000e+00
2750,10,2,0.000000e+00
2775,10,2,0.000000e+00
2800,10,2,0.000000e+00
2825,10,2,0.000000e+00
2850,10,2,0.000000e+00
2875,10,2,0.000000e+00
2900,10,2,0.000000e+00
2925,10,2,0.000000e+00
2950,10,2,0.000000e+00
2975,10,2,0.000000e+00
3000,10,2,0.000000e+00
3025,10,2,0.000000e+00
3050,10,2,0.000000e+00
3075,10,2,0.000000e+00
3100,10,2,0.000000e+00
3125,10,2,0.000000e+00
3150,10,2,0.000000e+00
3175,10,2,0.000000e+00
3200,10,2,0.000000e+00
3225,10,2,0.000000e+00
3250,10,2,0.000000e+00
3275,10,2,0.000000e+00
3300,10,2,0.000000e+00
3325,10,2,9.124270e-03
3350,10,2,3.169500e-02
3375,10,2,5.512280e-02
3400,10,2,7.947530e-02
3425,10,2,1.048330e-01
3450,10,2,1.312900e-01
3475,10,2,1.589600e-01
3500,10,2,1.879750e-01
3525,10,2,2.184930e-01
3550,10,2,2.506970e-01
3575,10,2,2.848060e-01
3600,10,2,3.210780e-01
3625,10,2,3.598160e-01
3650,10,2,4.013770e-01
3675,10,2,4.461830e-01
3700,10,2,4.947330e-01
3725,10,2,5.476170e-01
3750,10,2,6.055340e-01
3775,10,2,6.693150e-01
3800,10,2,7.399540e-01
3825,10,2,8.186370e-01
3850,10,2,9.067940e-01
3875,10,2,1.006150e+00
3900,10,2,1.118820e+00
3925,10,2,1.247390e+00
3950,10,2,1.395050e+00
3975,10,2,1.565810e+00
4000,10,2,1.764740e+00
4025,10,2,1.998320e+00
4050,10,2,2.275020e+00
4075,10,2,2.606040e+00
4100,10,2,3.006520e+00
4125,10,2,3.497440e+00
4150,10,2,4.108670e+00
4175,10,2,4.884170e+00
4200,10,2,5.891310e+00
4225,10,2,7.238610e+00
4250,10,2,9.112330e+00
4275,10,2,1.185990e+01
4300,10,2,1.620870e+01
4325,10,2,2.396750e+01
4350,10,2,4.114640e+01
4375,10,2,1.058670e+02
4400,10,2,2.000000e+02
4425,10,2,2.000000e+02
4450,10,2,2.000000e+02
4475,10,2,2.000000e+02
4500,10,2,2.000000e+02
4525,10,2,2.000000e+02
4550,10,2,2.000000e+02
4575,10,2,2.000000e+02
4600,10,2,2.000000e+02
4625,10,2,2.000000e+02
4650,10,2,2.000000e+02
4675,10,2,2.000000e+02
4700,10,2,2.000000e+02
4725,10,2,2.000000e+02
4750,10,2,2.000000e+02
4775,10,2,2.000000e+02
4800,10,2,2.000000e+02
4825,10,2,2.000000e+02
4850,10,2,2.000000e+02
4875,10,2,2.000000e+02
4900,10,2,2.000000e+02
4925,10,2,2.000000e+02
4950,10,2,2.000000e+02
4975,10,2,2.000000e+02
5000,10,2,2.000000e+02
300,17.7828,2,0.000000e+00
325,17.7828,2,0.000000e+00
350,17.7828,2,0.000000e+00
375,17.7828,2,0.000000e+00
400,17.7828,2,0.000000e+00
425,17.7828,2,0.000000e+00
450,17.7828,2,0.000000e+00
475,17.7828,2,0.000000e+00
500,17.7828,2,0.000000e+00
525,17.7828,2,0.000000e+00
550,17.7828,2,0.000000e+00
575,17.7828,2,0.000000e+00
600,17.7828,2,0.000000e+00
625,17.7828,2,0.000000e+00
650,17.7828,2,0.000000e+00
675,17.7828,2,0.000000e+00
700,17.7828,2,0.000000e+00
725,17.7828,2,0.000000e+00
750,17.7828,2,0.000000e+00
775,17.7828,2,0.000000e+00
800,17.7828,2,0.000000e+00
825,17.7828,2,0.000000e+00
850,17.7828,2,0.000000e+00
875,17.7828,2,0.000000e+00
900,17.7828,2,0.000000e+00
925,17.7828,2,0.000000e+00
950,17.7828,2,0.000000e+00
975,17.7828,2,0.000000e+00
1000,17.7828,2,0.000000e+00
1025,17.7828,2,0.000000e+00
1050,17.7828,2,0.000000e+00
1075,17.7828,2,0.000000e+00
1100,17.7828,2,0.000000e+00
1125,17.7828,2,0.000000e+00
1150,17.7828,2,0.000000e+00
1175,17.7828,2,0.000000e+00
1200,17.7828,2,0.000000e+00
1225,17.7828,2,0.000000e+00
1250,17.7828,2,0.000000e+00
1275,17.7828,2,0.000000e+00
1300,17.7828,2,0.000000e+00
1325,17.7828,2,0.000000e+00
1350,17.7828,2,0.000000e+00
1375,17.7828,2,0.000000e+00
1400,17.7828,2,0.000000e+00
1425,17.7828,2,0.000000e+00
1450,17.7828,2,0.000000e+00
1475,17.7828,2,0.000000e+00
1500,17.7828,2,0.000000e+00
1525,17.7828,2,0.000000e+00
1550,17.7828,2,0.000000e+00
1575,17.7828,2,0.000000e+00
1600,17.7828,2,0.000000e+00
1625,17.7828,2,0.000000e+00
1650,17.7828,2,0.000000e+00
1675,17.7828,2,0.000000e+00
1700,17.7828,2,0.000000e+00
1725,17.7828,2,0.000000e+00
1750,17.7828,2,0.000000e+00
1775,17.7828,2,0.000000e+00
1800,17.7828,2,0.000000e+00
1825,17.7828,2,0.000000e+00
1850,17.7828,2,0.000000e+00
1875,17.7828,2,0.000000e+00
1900,17.7828,2,0.000000e+00
1925,17.7828,2,0.000000e+00
1950,17.7828,2,0.000000e+00
1975,17.7828,2,0.000000e+00
2000,17.7828,2,0.000000e+00
2025,17.7828,2,0.000000e+00
2050,17.7828,2,0.000000e+00
2075,17.7828,2,0.000000e+00
2100,17.7828,2,0.000000e+00
2125,17.7828,2,0.000000e+00
2150,17.7828,2,0.000000e+00
2175,17.7828,2,0.000000e+00
2200,17.7828,2,0.000000e+00
2225,17.7828,2,0.000000e+00
2250,17.7828,2,0.000000e+00
2275,17.7828,2,0.000000e+00
2300,17.7828,2,0.000000e+00
2325,17.7828,2,0.000000e+00
2350,17.7828,2,0.000000e+00
2375,17.7828,2,0.000000e+00
2400,17.7828,2,0.000000e+00
2425,17.7828,2,0.000000e+00
2450,17.7828,2,0.000000e+00
2475,17.7828,2,0.000000e+00
2500,17.7828,2,0.000000e+00
2525,17.7828,2,0.000000e+00
2550,17.7828,2,0.000000e+00
2575,17.7828,2,0.000000e+00
2600,17.7828,2,0.000000e+00
2625,17.7828,2,0.000000e+00
2650,17.7828,2,0.000000e+00
2675,17.7828,2,0.000000e+00
2700,17.7828,2,0.000000e+00
2725,17.7828,2,0.000000e+00
2750,17.7828,2,0.000000e+00
2775,17.7828,2,0.000000e+00
2800,17.7828,2,0.000000e+00
2825,17.7828,2,0.000000e+00
2850,17.7828,2,0.000000e+00
2875,17.7828,2,0.000000e+00
2900,17.7828,2,0.000000e+00
2925,17.7828,2,0.000000e+00
2950,17.7828,2,0.000000e+00
2975,17.7828,2,0.000000e+00
3000,17.7828,2,0.000000e+00
3025,17.7828,2,0.000000e+00
3050,17.7828,2,0.000000e+00
3075,17.7828,2,0.000000e+00
3100,17.7828,2,0.000000e+00
3125,17.7828,2,0.000000e+00
3150,17.7828,2,0.000000e+00
3175,17.7828,2,0.000000e+00
3200,17.7828,2,0.000000e+00
3225,17.7828,2,0.000000e+00
3250,17.7828,2,0.000000e+00
3275,17.7828,2,0.000000e+00
3300,17.7828,2,0.000000e+00
3325,17.7828,2,1.018070e-02
3350,17.7828,2,3.239380e-02
3375,17.7828,2,5.533150e-02
3400,17.7828,2,7.903080e-02
3425,17.7828,2,1.035350e-01
3450,17.7828,2,1.288960e-01
3475,17.7828,2,1.551740e-01
3500,17.7828,2,1.824400e-01
3525,17.7828,2,2.107780e-01
3550,17.7828,2,2.402860e-01
3575,17.7828,2,2.710810e-01
3600,17.7828,2,3.032970e-01
3625,17.7828,2,3.370950e-01
3650,17.7828,2,3.726610e-01
3675,17.7828,2,4.102140e-01
3700,17.7828,2,4.500090e-01
3725,17.7828,2,4.923470e-01
3750,17.7828,2,5.375810e-01
3775,17.7828,2,5.861230e-01
3800,17.7828,2,6.384580e-01
3825,17.7828,2,6.951590e-01
3850,17.7828,2,7.568980e-01
3875,17.7828,2,8.244740e-01
3900,17.7828,2,8.988310e-01
3925,17.7828,2,9.810970e-01
3950,17.7828,2,1.072620e+00
3975,17.7828,2,1.175030e+00
4000,17.7828,2,1.290280e+00
4025,17.7828,2,1.420770e+00
4050,17.7828,2,1.569460e+00
4075,17.7828,2,1.739990e+00
4100,17.7828,2,1.936980e+00
4125,17.7828,2,2.166260e+00
4150,17.7828,2,2.435350e+00
4175,17.7828,2,2.754120e+00
4200,17.7828,2,3.135710e+00
4225,17.7828,2,3.598080e+00
4250,17.7828,2,4.166310e+00
4275,17.7828,2,4.876550e+00
4300,17.7828,2,5.782730e+00
4325,17.7828,2,6.969000e+00
4350,17.7828,2,8.573850e+00
4375,17.7828,2,1.084180e+01
4400,17.7828,2,1.424660e+01
4425,17.7828,2,1.983680e+01
4450,17.7828,2,3.045770e+01
4475,17.7828,2,5.729280e+01
4500,17.7828,2,2.000000e+02
4525,17.7828,2,2.000000e+02
4550,17.7828,2,2.000000e+02
4575,17.7828,2,2.000000e+02
4600,17.7828,2,2.000000e+02
4625,17.7828,2,2.000000e+02
4650,17.7828,2,2.000000e+02
4675,17.7828,2,2.000000e+02
4700,17.7828,2,2.000000e+02
4725,17.7828,2,2.000000e+02
4750,17.7828,2,2.000000e+02
4775,17.7828,2,2.000000e+02
4800,17.7828,2,2.000000e+02
4825,17.7828,2,2.000000e+02
4850,17.7828,2,2.000000e+02
4875,17.7828,2,2.000000e+02
4900,17.7828,2,2.000000e+02
4925,17.7828,2,2.000000e+02
4950,17.7828,2,2.000000e+02
4975,17.7828,2,2.000000e+02
5000,17.7828,2,2.000000e+02
300,31.6228,2,0.000000e+00
325,31.6228,2,0.000000e+00
350,31.6228,2,0.000000e+00
375,31.6228,2,0.000000e+00
400,31.6228,2,0.000000e+00
425,31.6228,2,0.000000e+00
450,31.6228,2,0.000000e+00
475,31.6228,2,0.000000e+00
500,31.6228,2,0.000000e+00
525,31.6228,2,0.000000e+00
550,31.6228,2,0.000000e+00
575,31.6228,2,0.000000e+00
600,31.6228,2,0.000000e+00
625,31.6228,2,0.000000e+00
650,31.6228,2,0.000000e+00
675,31.6228,2,0.000000e+00
700,31.6228,2,0.000000e+00
725,31.6228,2,0.000000e+00
750,31.6228,2,0.000000e+00
775,31.6228,2,0.000000e+00
800,31.6228,2,0.000000e+00
825,31.6228,2,0.000000e+00
850,31.6228,2,0.000000e+00
875,31.6228,2,0.000000e+00
900,31.6228,2,0.000000e+00
925,31.6228,2,0.000000e+00
950,31.6228,2,0.000000e+00
975,31.6228,2,0.000000e+00
1000,31.6228,2,0.000000e+00
1025,31.6228,2,0.000000e+00
1050,31.6228,2,0.000000e+00
1075,31.6228,2,0.000000e+00
1100,31.6228,2,0.000000e+00
1125,31.6228,2,0.000000e+00
1150,31.6228,2,0.000000e+00
1175,31.6228,2,0.000000e+00
1200,31.6228,2,0.000000e+00
1225,31.6228,2,0.000000e+00
1250,31.6228,2,0.000000e+00
1275,31.6228,2,0.000000e+00
1300,31.6228,2,0.000000e+00
1325,31.6228,2,0.000000e+00
1350,31.6228,2,0.000000e+00
1375,31.6228,2,0.000000e+00
1400,31.6228,2,0.000000e+00
1425,31.6228,2,0.000000e+00
1450,31.6228,2,0.000000e+00
1475,31.6228,2,0.000000e+00
1500,31.6228,2,0.000000e+00
1525,31.6228,2,0.000000e+00
1550,31.6228,2,0.000000e+00
1575,31.6228,2,0.000000e+00
1600,31.6228,2,0.000000e+00
1625,31.6228,2,0.000000e+00
1650,31.6228,2,0.000000e+00
1675,31.6228,2,0.000000e+00
1700,31.6228,2,0.000000e+00
1725,31.6228,2,0.000000e+00
1750,31.6228,2,0.000000e+00
1775,31.6228,2,0.000000e+00
1800,31.6228,2,0.000000e+00
1825,31.6228,2,0.000000e+00
1850,31.6228,2,0.000000e+00
1875,31.6228,2,0.000000e+00
1900,31.6228,2,0.000000e+00
1925,31.6228,2,0.000000e+00
1950,31.6228,2,0.000000e+00
1975,31.6228,2,0.000000e+00
2000,31.6228,2,0.000000e+00
2025,31.6228,2,0.000000e+00
2050,31.6228,2,0.000000e+00
2075,31.6228,2,0.000000e+00
2100,31.6228,2,0.000000e+00
2125,31.6228,2,0.000000e+00
2150,31.6228,2,0.000000e+00
2175,31.6228,2,0.000000e+00
2200,31.6228,2,0.000000e+00
2225,31.6228,2,0.000000e+00
2250,31.6228,2,0.000000e+00
2275,31.6228,2,0.000000e+00
2300,31.6228,2,0.000000e+00
2325,31.6228,2,0.000000e+00
2350,31.6228,2,0.000000e+00
2375,31.6228,2,0.000000e+00
2400,31.6228,2,0.000000e+00
2425,31.6228,2,0.000000e+00
2450,31.6228,2,0.000000e+00
2475,31.6228,2,0.000000e+00
2500,31.6228,2,0.000000e+00
2525,31.6228,2,0.000000e+00
2550,31.6228,2,0.000000e+00
2575,31.6228,2,0.000000e+00
2600,31.6228,2,0.000000e+00
2625,31.6228,2,0.000000e+00
2650,31.6228,2,0.000000e+00
2675,31.6228,2,0.000000e+00
2700,31.6228,2,0.000000e+00
2725,31.6228,2,0.000000e+00
2750,31.6228,2,0.000000e+00
2775,31.6228,2,0.000000e+00
2800,31.6228,2,0.000000e+00
2825,31.6228,2,0.000000e+00
2850,31.6228,2,0.000000e+00
2875,31.6228,2,0.000000e+00
2900,31.6228,2,0.000000e+00
2925,31.6228,2,0.000000e+00
2950,31.6228,2,0.000000e+00
2975,31.6228,2,0.000000e+00
3000,31.6228,2,0.000000e+00
3025,31.6228,2,0.000000e+00
3050,31.6228,2,0.000000e+00
3075,31.6228,2,0.000000e+00
3100,31.6228,2,0.000000e+00
3125,31.6228,2,0.000000e+00
3150,31.6228,2,0.000000e+00
3175,31.6228,2,0.000000e+00
3200,31.6228,2,0.000000e+00
3225,31.6228,2,0.000000e+00
3250,31.6228,2,0.000000e+00
3275,31.6228,2,0.000000e+00
3300,31.6228,2,0.000000e+00
3325,31.6228,2,1.152370e-02
3350,31.6228,2,3.358480e-02
3375,31.6228,2,5.630010e-02
3400,31.6228,2,7.968940e-02
3425,31.6228,2,1.037760e-01
3450,31.6228,2,1.285870e-01
3475,31.6228,2,1.541550e-01
3500,31.6228,2,1.805170e-01
3525,31.6228,2,2.077170e-01
3550,31.6228,2,2.358080e-01
3575,31.6228,2,2.648500e-01
3600,31.6228,2,2.949150e-01
3625,31.6228,2,3.260860e-01
3650,31.6228,2,3.584620e-01
3675,31.6228,2,3.921550e-01
3700,31.6228,2,4.273000e-01
3725,31.6228,2,4.640530e-01
3750,31.6228,2,5.025930e-01
3775,31.6228,2,5.431340e-01
3800,31.6228,2,5.859200e-01
3825,31.6228,2,6.312410e-01
3850,31.6228,2,6.794300e-01
3875,31.6228,2,7.308800e-01
3900,31.6228,2,7.860480e-01
3925,31.6228,2,8.454700e-01
3950,31.6228,2,9.097760e-01
3975,31.6228,2,9.797050e-01
4000,31.6228,2,1.056130e+00
4025,31.6228,2,1.140090e+00
4050,31.6228,2,1.232810e+00
4075,31.6228,2,1.335770e+00
4100,31.6228,2,1.450730e+00
4125,31.6228,2,1.579850e+00
4150,31.6228,2,1.725730e+00
4175,31.6228,2,1.891590e+00
4200,31.6228,2,2.081440e+00
4225,31.6228,2,2.300300e+00
4250,31.6228,2,2.554580e+00
4275,31.6228,2,2.852540e+00
4300,31.6228,2,3.205030e+00
4325,31.6228,2,3.626580e+00
4350,31.6228,2,4.137070e+00
4375,31.6228,2,4.764410e+00
4400,31.6228,2,5.549000e+00
4425,31.6228,2,6.551520e+00
4450,31.6228,2,7.867280e+00
4475,31.6228,2,9.654660e+00
4500,31.6228,2,1.219670e+01
4525,31.6228,2,1.605130e+01
4550,31.6228,2,2.248360e+01
4575,31.6228,2,3.506920e+01
4600,31.6228,2,6.907790e+01
4625,31.6228,2,2.000000e+02
4650,31.6228,2,2.000000e+02
4675,31.6228,2,2.000000e+02
4700,31.6228,2,2.000000e+02
4725,31.6228,2,2.000000e+02
4750,31.6228,2,2.000000e+02
4775,31.6228,2,2.000000e+02
4800,31.6228,2,2.000000e+02
4825,31.6228,2,2.000000e+02
4850,31.6228,2,2.000000e+02
4875,31.6228,2,2.000000e+02
4900,31.6228,2,2.000000e+02
4925,31.6228,2,2.000000e+02
4950,31.6228,2,2.000000e+02
4975,31.6228,2,2.000000e+02
5000,31.6228,2,2.000000e+02
300,56.2341,2,0.000000e+00
325,56.2341,2,0.000000e+00
350,56.2341,2,0.000000e+00
375,56.2341,2,0.000000e+00
400,56.2341,2,0.000000e+00
425,56.2341,2,0.000000e+00
450,56.2341,2,0.000000e+00
475,56.2341,2,0.000000e+00
500,56.2341,2,0.000000e+00
525,56.2341,2,0.000000e+00
550,56.2341,2,0.000000e+00
575,56.2341,2,0.000000e+00
600,56.2341,2,0.000000e+00
625,56.2341,2,0.000000e+00
650,56.2341,2,0.000000e+00
675,56.2341,2,0.000000e+00
700,56.2341,2,0.000000e+00
725,56.2341,2,0.000000e+00
750,56.2341,2,0.000000e+00
775,56.2341,2,0.000000e+00
800,56.2341,2,0.000000e+00
825,56.2341,2,0.000000e+00
850,56.2341,2,0.000000e+00
875,56.2341,2,0.000000e+00
900,56.2341,2,0.000000e+00
925,56.2341,2,0.000000e+00
950,56.2341,2,0.000000e+00
975,56.2341,2,0.000000e+00
1000,56.2341,2,0.000000e+00
1025,56.2341,2,0.000000e+00
1050,56.2341,2,0.000000e+00
1075,56.2341,2,0.000000e+00
1100,56.2341,2,0.000000e+00
1125,56.2341,2,0.000000e+00
1150,56.2341,2,0.000000e+00
1175,56.2341,2,0.000000e+00
1200,56.2341,2,0.000000e+00
1225,56.2341,2,0.000000e+00
1250,56.2341,2,0.000000e+00
1275,56.2341,2,0.000000e+00
1300,56.2341,2,0.000000e+00
1325,56.2341,2,0.000000e+00
1350,56.2341,2,0.000000e+00
1375,56.2341,2,0.000000e+00
1400,56.2341,2,0.000000e+00
1425,56.2341,2,0.000000e+00
1450,56.2341,2,0.000000e+00
1475,56.2341,2,0.000000e+00
1500,56.2341,2,0.000000e+00
1525,56.2341,2,0.000000e+00
1550,56.2341,2,0.000000e+00
1575,56.2341,2,0.000000e+00
1600,56.2341,2,0.000000e+00
1625,56.2341,2,0.000000e+00
1650,56.2341,2,0.000000e+00
1675,56.2341,2,0.000000e+00
1700,56.2341,2,0.000000e+00
1725,56.2341,2,0.000000e+00
1750,56.2341,2,0.000000e+00
1775,56.2341,2,0.000000e+00
1800,56.2341,2,0.000000e+00
1825,56.2341,2,0.000000e+00
1850,56.2341,2,0.000000e+00
1875,56.2341,2,0.000000e+00
1900,56.2341,2,0.000000e+00
1925,56.2341,2,0.000000e+00
1950,56.2341,2,0.000000e+00
1975,56.2341,2,0.000000e+00
2000,56.2341,2,0.000000e+00
2025,56.2341,2,0.000000e+00
2050,56.2341,2,0.000000e+00
2075,56.2341,2,0.000000e+00
2100,56.2341,2,0.000000e+00
2125,56.2341,2,0.000000e+00
2150,56.2341,2,0.000000e+00
2175,56.2341,2,0.000000e+00
2200,56.2341,2,0.000000e+00
2225,56.2341,2,0.000000e+00
2250,56.2341,2,0.000000e+00
2275,56.2341,2,0.000000e+00
2300,56.2341,2,0.000000e+00
2325,56.2341,2,0.000000e+00
2350,56.2341,2,0.000000e+00
2375,56.2341,2,0.000000e+00
2400,56.2341,2,0.000000e+00
2425,56.2341,2,0.000000e+00
2450,56.2341,2,0.000000e+00
2475,56.2341,2,0.000000e+00
2500,56.2341,2,0.000000e+00
2525,56.2341,2,0.000000e+00
2550,56.2341,2,0.000000e+00
2575,56.2341,2,0.000000e+00
2600,56.2341,2,0.000000e+00
2625,56.2341,2,0.000000e+00
2650,56.2341,2,0.000000e+00
2675,56.2341,2,0.000000e+00
2700,56.2341,2,0.000000e+00
2725,56.2341,2,0.000000e+00
2750,56.2341,2,0.000000e+00
2775,56.2341,2,0.000000e+00
2800,56.2341,2,0.000000e+00
2825,56.2341,2,0.000000e+00
2850,56.2341,2,0.000000e+00
2875,56.2341,2,0.000000e+00
2900,56.2341,2,0.000000e+00
2925,56.2341,2,0.000000e+00
2950,56.2341,2,0.000000e+00
2975,56.2341,2,0.000000e+00
3000,56.2341,2,0.000000e+00
3025,56.2341,2,0.000000e+00
3050,56.2341,2,0.000000e+00
3075,56.2341,2,0.000000e+00
3100,56.2341,2,0.000000e+00
3125,56.2341,2,0.000000e+00
3150,56.2341,2,0.000000e+00
3175,56.2341,2,0.000000e+00
3200,56.2341,2,0.000000e+00
3225,56.2341,2,0.000000e+00
3250,56.2341,2,0.000000e+00
3275,56.2341,2,0.000000e+00
3300,56.2341,2,0.000000e+00
3325,56.2341,2,1.288480e-02
3350,56.2341,2,3.488550e-02
3375,56.2341,2,5.750330e-02
3400,56.2341,2,8.074870e-02
3425,56.2341,2,1.046330e-01
3450,56.2341,2,1.291710e-01
3475,56.2341,2,1.543790e-01
3500,56.2341,2,1.802740e-01
3525,56.2341,2,2.068810e-01
3550,56.2341,2,2.342240e-01
3575,56.2341,2,2.623360e-01
3600,56.2341,2,2.912510e-01
3625,56.2341,2,3.210130e-01
3650,56.2341,2,3.516720e-01
3675,56.2341,2,3.832850e-01
3700,56.2341,2,4.159220e-01
3725,56.2341,2,4.496620e-01
3750,56.2341,2,4.845990e-01
3775,56.2341,2,5.208390e-01
3800,56.2341,2,5.585110e-01
3825,56.2341,2,5.977590e-01
3850,56.2341,2,6.387550e-01
3875,56.2341,2,6.816960e-01
3900,56.2341,2,7.268120e-01
3925,56.2341,2,7.743690e-01
3950,56.2341,2,8.246760e-01
3975,56.2341,2,8.780950e-01
4000,56.2341,2,9.350440e-01
4025,56.2341,2,9.960110e-01
4050,56.2341,2,1.061570e+00
4075,56.2341,2,1.132380e+00
4100,56.2341,2,1.209230e+00
4125,56.2341,2,1.293040e+00
4150,56.2341,2,1.384890e+00
4175,56.2341,2,1.486100e+00
4200,56.2341,2,1.598180e+00
4225,56.2341,2,1.723010e+00
4250,56.2341,2,1.862820e+00
4275,56.2341,2,2.020340e+00
4300,56.2341,2,2.198920e+00
4325,56.2341,2,2.402720e+00
4350,56.2341,2,2.636960e+00
4375,56.2341,2,2.908290e+00
4400,56.2341,2,3.225260e+00
4425,56.2341,2,3.599080e+00
4450,56.2341,2,4.044750e+00
4475,56.2341,2,4.582710e+00
4500,56.2341,2,5.241630e+00
4525,56.2341,2,6.062870e+00
4550,56.2341,2,7.108320e+00
4575,56.2341,2,8.474810e+00
4600,56.2341,2,1.032230e+01
4625,56.2341,2,1.293480e+01
4650,56.2341,2,1.686660e+01
4675,56.2341,2,2.335660e+01
4700,56.2341,2,3.582300e+01
4725,56.2341,2,6.813520e+01
4750,56.2341,2,2.000000e+02
4775,56.2341,2,2.000000e+02
4800,56.2341,2,2.000000e+02
4825,56.2341,2,2.000000e+02
4850,56.2341,2,2.000000e+02
4875,56.2341,2,2.000000e+02
4900,56.2341,2,2.000000e+02
4925,56.2341,2,2.000000e+02
4950,56.2341,2,2.000000e+02
4975,56.2341,2,2.000000e+02
5000,56.2341,2,2.000000e+02
300,100,2,0.000000e+00
325,100,2,0.000000e+00
350,100,2,0.000000e+00
375,100,2,0.000000e+00
400,100,2,0.000000e+00
425,100,2,0.000000e+00
450,100,2,0.000000e+00
475,100,2,0.000000e+00
500,100,2,0.000000e+00
525,100,2,0.000000e+00
550,100,2,0.000000e+00
575,100,2,0.000000e+00
600,100,2,0.000000e+00
625,100,2,0.000000e+00
650,100,2,0.000000e+00
675,100,2,0.000000e+00
700,100,2,0.000000e+00
725,100,2,0.000000e+00
750,100,2,0.000000e+00
775,100,2,0.000000e+00
800,100,2,0.000000e+00
825,100,2,0.000000e+00
850,100,2,0.000000e+00
875,100,2,0.000000e+00
900,100,2,0.000000e+00
925,100,2,0.000000e+00
950,100,2,0.000000e+00
975,100,2,0.000000e+00
1000,100,2,0.000000e+00
1025,100,2,0.000000e+00
1050,100,2,0.000000e+00
1075,100,2,0.000000e+00
1100,100,2,0.000000e+00
1125,100,2,0.000000e+00
1150,100,2,0.000000e+00
1175,100,2,0.000000e+00
1200,100,2,0.000000e+00
1225,100,2,0.000000e+00
1250,100,2,0.000000e+00
1275,100,2,0.000000e+00
1300,100,2,0.000000e+00
1325,100,2,0.000000e+00
1350,100,2,0.000000e+00
1375,100,2,0.000000e+00
1400,100,2,0.000000e+00
1425,100,2,0.000000e+00
1450,100,2,0.000000e+00
1475,100,2,0.000000e+00
1500,100,2,0.000000e+00
1525,100,2,0.000000e+00
1550,100,2,0.000000e+00
1575,100,2,0.000000e+00
1600,100,2,0.000000e+00
1625,100,2,0.000000e+00
1650,100,2,0.000000e+00
1675,100,2,0.000000e+00
1700,100,2,0.000000e+00
1725,100,2,0.000000e+00
1750,100,2,0.000000e+00
1775,100,2,0.000000e+00
1800,100,2,0.000000e+00
1825,100,2,0.000000e+00
1850,100,2,0.000000e+00
1875,100,2,0.000000e+00
1900,100,2,0.000000e+00
1925,100,2,0.000000e+00
1950,100,2,0.000000e+00
1975,100,2,0.000000e+00
2000,100,2,0.000000e+00
2025,100,2,0.000000e+00
2050,100,2,0.000000e+00
2075,100,2,0.000000e+00
2100,100,2,0.000000e+00
2125,100,2,0.000000e+00
2150,100,2,0.000000e+00
2175,100,2,0.000000e+00
2200,100,2,0.000000e+00
2225,100,2,0.000000e+00
2250,100,2,0.000000e+00
2275,100,2,0.000000e+00
2300,100,2,0.000000e+00
2325,100,2,0.000000e+00
2350,100,2,0.000000e+00
2375,100,2,0.000000e+00
2400,100,2,0.000000e+00
2425,100,2,0.000000e+00
2450,100,2,0.000000e+00
2475,100,2,0.000000e+00
2500,100,2,0.000000e+00
2525,100,2,0.000000e+00
2550,100,2,0.000000e+00
2575,100,2,0.000000e+00
2600,100,2,0.000000e+00
2625,100,2,0.000000e+00
2650,100,2,0.000000e+00
2675,100,2,0.000000e+00
2700,100,2,0.000000e+00
2725,100,2,0.000000e+00
2750,100,2,0.000000e+00
2775,100,2,0.000000e+00
2800,100,2,0.000000e+00
2825,100,2,0.000000e+00
2850,100,2,0.000000e+00
2875,100,2,0.000000e+00
2900,100,2,0.000000e+00
2925,100,2,0.000000e+00
2950,100,2,0.000000e+00
2975,100,2,0.000000e+00
3000,100,2,0.000000e+00
3025,100,2,0.000000e+00
3050,100,2,0.000000e+00
3075,100,2,0.000000e+00
3100,100,2,0.000000e+00
3125,100,2,0.000000e+00
3150,100,2,0.000000e+00
3175,100,2,0.000000e+00
3200,100,2,0.000000e+00
3225,100,2,0.000000e+00
3250,100,2,0.000000e+00
3275,100,2,0.000000e+00
3300,100,2,0.000000e+00
3325,100,2,1.419220e-02
3350,100,2,3.615900e-02
3375,100,2,5.872490e-02
3400,100,2,8.189470e-02
3425,100,2,1.056740e-01
3450,100,2,1.300680e-01
3475,100,2,1.550860e-01
3500,100,2,1.807340e-01
3525,100,2,2.070230e-01
3550,100,2,2.339650e-01
3575,100,2,2.615740e-01
3600,100,2,2.898660e-01
3625,100,2,3.188620e-01
3650,100,2,3.485850e-01
3675,100,2,3.790620e-01
3700,100,2,4.103270e-01
3725,100,2,4.424190e-01
3750,100,2,4.753830e-01
3775,100,2,5.092730e-01
3800,100,2,5.441500e-01
3825,100,2,5.800890e-01
3850,100,2,6.171750e-01
3875,100,2,6.555060e-01
3900,100,2,6.951980e-01
3925,100,2,7.363840e-01
3950,100,2,7.792200e-01
3975,100,2,8.238840e-01
4000,100,2,8.705850e-01
4025,100,2,9.195630e-01
4050,100,2,9.710950e-01
4075,100,2,1.025500e+00
4100,100,2,1.083160e+00
4125,100,2,1.144510e+00
4150,100,2,1.210030e+00
4175,100,2,1.280330e+00
4200,100,2,1.356080e+00
4225,100,2,1.438080e+00
4250,100,2,1.527270e+00
4275,100,2,1.624750e+00
4300,100,2,1.731820e+00
4325,100,2,1.850040e+00
4350,100,2,1.981270e+00
4375,100,2,2.127740e+00
4400,100,2,2.292170e+00
4425,100,2,2.477890e+00
4450,100,2,2.689010e+00
4475,100,2,2.930650e+00
4500,100,2,3.209310e+00
4525,100,2,3.533330e+00
4550,100,2,3.913540e+00
4575,100,2,4.364350e+00
4600,100,2,4.905240e+00
4625,100,2,5.563270e+00
4650,100,2,6.377080e+00
4675,100,2,7.403720e+00
4700,100,2,8.731020e+00
4725,100,2,1.050130e+01
4750,100,2,1.296040e+01
4775,100,2,1.657180e+01
4800,100,2,2.231890e+01
4825,100,2,3.269930e+01
4850,100,2,5.632060e+01
4875,100,2,1.532750e+02
4900,100,2,2.000000e+02
4925,100,2,2.000000e+02
4950,100,2,2.000000e+02
4975,100,2,2.000000e+02
5000,100,2,2.000000e+02
300,177.828,2,0.000000e+00
325,177.828,2,0.000000e+00
350,177.828,2,0.000000e+00
375,177.828,2,0.000000e+00
400,177.828,2,0.000000e+00
425,177.828,2,0.000000e+00
450,177.828,2,0.000000e+00
475,177.828,2,0.000000e+00
500,177.828,2,0.000000e+00
525,177.828,2,0.000000e+00
550,177.828,2,0.000000e+00
575,177.828,2,0.000000e+00
600,177.828,2,0.000000e+00
625,177.828,2,0.000000e+00
650,177.828,2,0.000000e+00
675,177.828,2,0.000000e+00
700,177.828,2,0.000000e+00
725,177.828,2,0.000000e+00
750,177.828,2,0.000000e+00
775,177.828,2,0.000000e+00
800,177.828,2,0.000000e+00
825,177.828,2,0.000000e+00
850,177.828,2,0.000000e+00
875,177.828,2,0.000000e+00
900,177.828,2,0.000000e+00
925,177.828,2,0.000000e+00
950,177.828,2,0.000000e+00
975,177.828,2,0.000000e+00
1000,177.828,2,0.000000e+00
1025,177.828,2,0.000000e+00
1050,177.828,2,0.000000e+00
1075,177.828,2,0.000000e+00
1100,177.828,2,0.000000e+00
1125,177.828,2,0.000000e+00
1150,177.828,2,0.000000e+00
1175,177.828,2,0.000000e+00
1200,177.828,2,0.000000e+00
1225,177.828,2,0.000000e+00
1250,177.828,2,0.000000e+00
1275,177.828,2,0.000000e+00
1300,177.828,2,0.000000e+00
1325,177.828,2,0.000000e+00
1350,177.828,2,0.000000e+00
1375,177.828,2,0.000000e+00
1400,177.828,2,0.000000e+00
1425,177.828,2,0.000000e+00
1450,177.828,2,0.000000e+00
1475,177.828,2,0.000000e+00
1500,177.828,2,0.000000e+00
1525,177.828,2,0.000000e+00
1550,177.828,2,0.000000e+00
1575,177.828,2,0.000000e+00
1600,177.828,2,0.000000e+00
1625,177.828,2,0.000000e+00
1650,177.828,2,0.000000e+00
1675,177.828,2,0.000000e+00
1700,177.828,2,0.000000e+00
1725,177.828,2,0.000000e+00
1750,177.828,2,0.000000e+00
1775,177.828,2,0.000000e+00
1800,177.828,2,0.000000e+00
1825,177.828,2,0.000000e+00
1850,177.828,2,0.000000e+00
1875,177.828,2,0.000000e+00
1900,177.828,2,0.000000e+00
1925,177.828,2,0.000000e+00
1950,177.828,2,0.000000e+00
1975,177.828,2,0.000000e+00
2000,177.828,2,0.000000e+00
2025,177.828,2,0.000000e+00
2050,177.828,2,0.000000e+00
2075,177.828,2,0.000000e+00
2100,177.828,2,0.000000e+00
2125,177.828,2,0.000000e+00
2150,177.828,2,0.000000e+00
2175,177.828,2,0.000000e+00
2200,177.828,2,0.000000e+00
2225,177.828,2,0.000000e+00
2250,177.828,2,0.000000e+00
2275,177.828,2,0.000000e+00
2300,177.828,2,0.000000e+00
2325,177.828,2,0.000000e+00
2350,177.828,2,0.000000e+00
2375,177.828,2,0.000000e+00
2400,177.828,2,0.000000e+00
2425,177.828,2,0.000000e+00
2450,177.828,2,0.000000e+00
2475,177.828,2,0.000000e+00
2500,177.828,2,0.000000e+00
2525,177.828,2,0.000000e+00
2550,177.828,2,0.000000e+00
2575,177.828,2,0.000000e+00
2600,177.828,2,0.000000e+00
2625,177.828,2,0.000000e+00
2650,177.828,2,0.000000e+00
2675,177.828,2,0.000000e+00
2700,177.828,2,0.000000e+00
2725,177.828,2,0.000000e+00
2750,177.828,2,0.000000e+00
2775,177.828,2,0.000000e+00
2800,177.828,2,0.000000e+00
2825,177.828,2,0.000000e+00
2850,177.828,2,0.000000e+00
2875,177.828,2,0.000000e+00
2900,177.828,2,0.000000e+00
2925,177.828,2,0.000000e+00
2950,177.828,2,0.000000e+00
2975,177.828,2,0.000000e+00
3000,177.828,2,0.000000e+00
3025,177.828,2,0.000000e+00
3050,177.828,2,0.000000e+00
3075,177.828,2,0.000000e+00
3100,177.828,2,0.000000e+00
3125,177.828,2,0.000000e+00
3150,177.828,2,0.000000e+00
3175,177.828,2,0.000000e+00
3200,177.828,2,0.000000e+00
3225,177.828,2,0.000000e+00
3250,177.828,2,0.000000e+00
3275,177.828,2,0.000000e+00
3300,177.828,2,0.000000e+00
3325,177.828,2,1.549070e-02
3350,177.828,2,3.740750e-02
3375,177.828,2,5.991660e-02
3400,177.828,2,8.301930e-02
3425,177.828,2,1.067170e-01
3450,177.828,2,1.310130e-01
3475,177.828,2,1.559070e-01
3500,177.828,2,1.814030e-01
3525,177.828,2,2.075030e-01
3550,177.828,2,2.342100e-01
3575,177.828,2,2.615300e-01
3600,177.828,2,2.894680e-01
3625,177.828,2,3.180300e-01
3650,177.828,2,3.472260e-01
3675,177.828,2,3.770660e-01
3700,177.828,2,4.075630e-01
3725,177.828,2,4.387330e-01
3750,177.828,2,4.705960e-01
3775,177.828,2,5.031760e-01
3800,177.828,2,5.364990e-01
3825,177.828,2,5.706000e-01
3850,177.828,2,6.055180e-01
3875,177.828,2,6.413000e-01
3900,177.828,2,6.780010e-01
3925,177.828,2,7.156850e-01
3950,177.828,2,7.544280e-01
3975,177.828,2,7.943180e-01
4000,177.828,2,8.354560e-01
4025,177.828,2,8.779600e-01
4050,177.828,2,9.219680e-01
4075,177.828,2,9.676390e-01
4100,177.828,2,1.015150e+00
4125,177.828,2,1.064730e+00
4150,177.828,2,1.116600e+00
4175,177.828,2,1.171050e+00
4200,177.828,2,1.228400e+00
4225,177.828,2,1.289040e+00
4250,177.828,2,1.353380e+00
4275,177.828,2,1.421940e+00
4300,177.828,2,1.495280e+00
4325,177.828,2,1.574090e+00
4350,177.828,2,1.659140e+00
4375,177.828,2,1.751360e+00
4400,177.828,2,1.851810e+00
4425,177.828,2,1.961760e+00
4450,177.828,2,2.082720e+00
4475,177.828,2,2.216460e+00
4500,177.828,2,2.365120e+00
4525,177.828,2,2.531280e+00
4550,177.828,2,2.718070e+00
4575,177.828,2,2.929350e+00
4600,177.828,2,3.169880e+00
4625,177.828,2,3.445670e+00
4650,177.828,2,3.764310e+00
4675,177.828,2,4.135640e+00
4700,177.828,2,4.572520e+00
4725,177.828,2,5.092170e+00
4750,177.828,2,5.718100e+00
4775,177.828,2,6.483310e+00
4800,177.828,2,7.435490e+00
4825,177.828,2,8.646150e+00
4850,177.828,2,1.022750e+01
4875,177.828,2,1.236550e+01
4900,177.828,2,1.539190e+01
4925,177.828,2,1.995850e+01
4950,177.828,2,2.753610e+01
4975,177.828,2,4.224770e+01
5000,177.828,2,8.135680e+01
300,316.228,2,0.000000e+00
325,316.228,2,0.000000e+00
350,316.228,2,0.000000e+00
375,316.228,2,0.000000e+00
400,316.228,2,0.000000e+00
425,316.228,2,0.000000e+00
450,316.228,2,0.000000e+00
475,316.228,2,0.000000e+00
500,316.228,2,0.000000e+00
525,316.228,2,0.000000e+00
550,316.228,2,0.000000e+00
575,316.228,2,0.000000e+00
600,316.228,2,0.000000e+00
625,316.228,2,0.000000e+00
650,316.228,2,0.000000e+00
675,316.228,2,0.000000e+00
700,316.228,2,0.000000e+00
725,316.228,2,0.000000e+00
750,316.228,2,0.000000e+00
775,316.228,2,0.000000e+00
800,316.228,2,0.000000e+00
825,316.228,2,0.000000e+00
850,316.228,2,0.000000e+00
875,316.228,2,0.000000e+00
900,316.228,2,0.000000e+00
925,316.228,2,0.000000e+00
950,316.228,2,0.000000e+00
975,316.228,2,0.000000e+00
1000,316.228,2,0.000000e+00
1025,316.228,2,0.000000e+00
1050,316.228,2,0.000000e+00
1075,316.228,2,0.000000e+00
1100,316.228,2,0.000000e+00
1125,316.228,2,0.000000e+00
1150,316.228,2,0.000000e+00
1175,316.228,2,0.000000e+00
1200,316.228,2,0.000000e+00
1225,316.228,2,0.000000e+00
1250,316.228,2,0.000000e+00
1275,316.228,2,0.000000e+00
1300,316.228,2,0.000000e+00
1325,316.228,2,0.000000e+00
1350,316.228,2,0.000000e+00
1375,316.228,2,0.000000e+00
1400,316.228,2,0.000000e+00
1425,316.228,2,0.000000e+00
1450,316.228,2,0.000000e+00
1475,316.228,2,0.000000e+00
1500,316.228,2,0.000000e+00
1525,316.228,2,0.000000e+00
1550,316.228,2,0.000000e+00
1575,316.228,2,0.000000e+00
1600,316.228,2,0.000000e+00
1625,316.228,2,0.000000e+00
1650,316.228,2,0.000000e+00
1675,316.228,2,0.000000e+00
1700,316.228,2,0.000000e+00
1725,316.228,2,0.000000e+00
1750,316.228,2,0.000000e+00
1775,316.228,2,0.000000e+00
1800,316.228,2,0.000000e+00
1825,316.228,2,0.000000e+00
1850,316.228,2,0.000000e+00
1875,316.228,2,0.000000e+00
1900,316.228,2,0.000000e+00
1925,316.228,2,0.000000e+00
1950,316.228,2,0.000000e+00
1975,316.228,2,0.000000e+00
2000,316.228,2,0.000000e+00
2025,316.228,2,0.000000e+00
2050,316.228,2,0.000000e+00
2075,316.228,2,0.000000e+00
2100,316.228,2,0.000000e+00
2125,316.228,2,0.000000e+00
2150,316.228,2,0.000000e+00
2175,316.228,2,0.000000e+00
2200,316.228,2,0.000000e+00
2225,316.228,2,0.000000e+00
2250,316.228,2,0.000000e+00
2275,316.228,2,0.000000e+00
2300,316.228,2,0.000000e+00
2325,316.228,2,0.000000e+00
2350,316.228,2,0.000000e+00
2375,316.228,2,0.000000e+00
2400,316.228,2,0.000000e+00
2425,316.228,2,0.000000e+00
2450,316.228,2,0.000000e+00
2475,316.228,2,0.000000e+00
2500,316.228,2,0.000000e+00
2525,316.228,2,0.000000e+00
2550,316.228,2,0.000000e+00
2575,316.228,2,0.000000e+00
2600,316.228,2,0.000000e+00
2625,316.228,2,0.000000e+00
2650,316.228,2,0.000000e+00
2675,316.228,2,0.000000e+00
2700,316.228,2,0.000000e+00
2725,316.228,2,0.000000e+00
2750,316.228,2,0.000000e+00
2775,316.228,2,0.000000e+00
2800,316.228,2,0.000000e+00
2825,316.228,2,0.000000e+00
2850,316.228,2,0.000000e+00
2875,316.228,2,0.000000e+00
2900,316.228,2,0.000000e+00
2925,316.228,2,0.000000e+00
2950,316.228,2,0.000000e+00
2975,316.228,2,0.000000e+00
3000,316.228,2,0.000000e+00
3025,316.228,2,0.000000e+00
3050,316.228,2,0.000000e+00
3075,316.228,2,0.000000e+00
3100,316.228,2,0.000000e+00
3125,316.228,2,0.000000e+00
3150,316.228,2,0.000000e+00
3175,316.228,2,0.000000e+00
3200,316.228,2,0.000000e+00
3225,316.228,2,0.000000e+00
3250,316.228,2,0.000000e+00
3275,316.228,2,0.000000e+00
3300,316.228,2,0.000000e+00
3325,316.228,2,1.691540e-02
3350,316.228,2,3.872780e-02
3375,316.228,2,6.113300e-02
3400,316.228,2,8.413080e-02
3425,316.228,2,1.077210e-01
3450,316.228,2,1.319010e-01
3475,316.228,2,1.566720e-01
3500,316.228,2,1.820320e-01
3525,316.228,2,2.079790e-01
3550,316.228,2,2.345120e-01
3575,316.228,2,2.616300e-01
3600,316.228,2,2.893320e-01
3625,316.228,2,3.176180e-01
3650,316.228,2,3.464870e-01
3675,316.228,2,3.759410e-01
3700,316.228,2,4.059810e-01
3725,316.228,2,4.366110e-01
3750,316.228,2,4.678350e-01
3775,316.228,2,4.996590e-01
3800,316.228,2,5.320930e-01
3825,316.228,2,5.651470e-01
3850,316.228,2,5.988350e-01
3875,316.228,2,6.331770e-01
3900,316.228,2,6.681940e-01
3925,316.228,2,7.039140e-01
3950,316.228,2,7.403680e-01
3975,316.228,2,7.775950e-01
4000,316.228,2,8.156440e-01
4025,316.228,2,8.545670e-01
4050,316.228,2,8.944300e-01
4075,316.228,2,9.353080e-01
4100,316.228,2,9.772880e-01
4125,316.228,2,1.020470e+00
4150,316.228,2,1.064980e+00
4175,316.228,2,1.110950e+00
4200,316.228,2,1.158530e+00
4225,316.228,2,1.207910e+00
4250,316.228,2,1.259300e+00
4275,316.228,2,1.312940e+00
4300,316.228,2,1.369090e+00
4325,316.228,2,1.428080e+00
4350,316.228,2,1.490270e+00
4375,316.228,2,1.556070e+00
4400,316.228,2,1.625980e+00
4425,316.228,2,1.700530e+00
4450,316.228,2,1.780380e+00
4475,316.228,2,1.866260e+00
4500,316.228,2,1.959040e+00
4525,316.228,2,2.059730e+00
4550,316.228,2,2.169500e+00
4575,316.228,2,2.289740e+00
4600,316.228,2,2.422080e+00
4625,316.228,2,2.568490e+00
4650,316.228,2,2.731280e+00
4675,316.228,2,2.913280e+00
4700,316.228,2,3.117910e+00
4725,316.228,2,3.349380e+00
4750,316.228,2,3.612910e+00
4775,316.228,2,3.915050e+00
4800,316.228,2,4.264140e+00
4825,316.228,2,4.670940e+00
4850,316.228,2,5.149590e+00
4875,316.228,2,5.719040e+00
4900,316.228,2,6.405230e+00
4925,316.228,2,7.244650e+00
4950,316.228,2,8.290240e+00
4975,316.228,2,9.621700e+00
5000,316.228,2,1.136470e+01
300,562.341,2,0.000000e+00
325,562.341,2,0.000000e+00
350,562.341,2,0.000000e+00
375,562.341,2,0.000000e+00
400,562.341,2,0.000000e+00
425,562.341,2,0.000000e+00
450,562.341,2,0.000000e+00
475,562.341,2,0.000000e+00
500,562.341,2,0.000000e+00
525,562.341,2,0.000000e+00
550,562.341,2,0.000000e+00
575,562.341,2,0.000000e+00
600,562.341,2,0.000000e+00
625,562.341,2,0.000000e+00
650,562.341,2,0.000000e+00
675,562.341,2,0.000000e+00
700,562.341,2,0.000000e+00
725,562.341,2,0.000000e+00
750,562.341,2,0.000000e+00
775,562.341,2,0.000000e+00
800,562.341,2,0.000000e+00
825,562.341,2,0.000000e+00
850,562.341,2,0.000000e+00
875,562.341,2,0.000000e+00
900,562.341,2,0.000000e+00
925,562.341,2,0.000000e+00
950,562.341,2,0.000000e+00
975,562.341,2,0.000000e+00
1000,562.341,2,0.000000e+00
1025,562.341,2,0.000000e+00
1050,562.341,2,0.000000e+00
1075,562.341,2,0.000000e+00
1100,562.341,2,0.000000e+00
1125,562.341,2,0.000000e+00
1150,562.341,2,0.000000e+00
1175,562.341,2,0.000000e+00
1200,562.341,2,0.000000e+00
1225,562.341,2,0.000000e+00
1250,562.341,2,0.000000e+00
1275,562.341,2,0.000000e+00
1300,562.341,2,0.000000e+00
1325,562.341,2,0.000000e+00
1350,562.341,2,0.000000e+00
1375,562.341,2,0.000000e+00
1400,562.341,2,0.000000e+00
1425,562.341,2,0.000000e+00
1450,562.341,2,0.000000e+00
1475,562.341,2,0.000000e+00
1500,562.341,2,0.000000e+00
1525,562.341,2,0.000000e+00
1550,562.341,2,0.000000e+00
1575,562.341,2,0.000000e+00
1600,562.341,2,0.000000e+00
1625,562.341,2,0.000000e+00
1650,562.341,2,0.000000e+00
1675,562.341,2,0.000000e+00
1700,562.341,2,0.000000e+00
1725,562.341,2,0.000000e+00
1750,562.341,2,0.000000e+00
1775,562.341,2,0.000000e+00
1800,562.341,2,0.000000e+00
1825,562.341,2,0.000000e+00
1850,562.341,2,0.000000e+00
1875,562.341,2,0.000000e+00
1900,562.341,2,0.000000e+00
1925,562.341,2,0.000000e+00
1950,562.341,2,0.000000e+00
1975,562.341,2,0.000000e+00
2000,562.341,2,0.000000e+00
2025,562.341,2,0.000000e+00
2050,562.341,2,0.000000e+00
2075,562.341,2,0.000000e+00
2100,562.341,2,0.000000e+00
2125,562.341,2,0.000000e+00
2150,562.341,2,0.000000e+00
2175,562.341,2,0.000000e+00
2200,562.341,2,0.000000e+00
2225,562.341,2,0.000000e+00
2250,562.341,2,0.000000e+00
2275,562.341,2,0.000000e+00
2300,562.341,2,0.000000e+00
2325,562.341,2,0.000000e+00
2350,562.341,2,0.000000e+00
2375,562.341,2,0.000000e+00
2400,562.341,2,0.000000e+00
2425,562.341,2,0.000000e+00
2450,562.341,2,0.000000e+00
2475,562.341,2,0.000000e+00
2500,562.341,2,0.000000e+00
2525,562.341,2,0.000000e+00
2550,562.341,2,0.000000e+00
2575,562.341,2,0.000000e+00
2600,562.341,2,0.000000e+00
2625,562.341,2,0.000000e+00
2650,562.341,2,0.000000e+00
2675,562.341,2,0.000000e+00
2700,562.341,2,0.000000e+00
2725,562.341,2,0.000000e+00
2750,562.341,2,0.000000e+00
2775,562.341,2,0.000000e+00
2800,562.341,2,0.000000e+00
2825,562.341,2,0.000000e+00
2850,562.341,2,0.000000e+00
2875,562.341,2,0.000000e+00
2900,562.341,2,0.000000e+00
2925,562.341,2,0.000000e+00
2950,562.341,2,0.000000e+00
2975,562.341,2,0.000000e+00
3000,562.341,2,0.000000e+00
3025,562.341,2,0.000000e+00
3050,562.341,2,0.000000e+00
3075,562.341,2,0.000000e+00
3100,562.341,2,0.000000e+00
3125,562.341,2,0.000000e+00
3150,562.341,2,0.000000e+00
3175,562.341,2,0.000000e+00
3200,562.341,2,0.000000e+00
3225,562.341,2,0.000000e+00
3250,562.341,2,0.000000e+00
3275,562.341,2,0.000000e+00
3300,562.341,2,0.000000e+00
3325,562.341,2,1.869370e-02
3350,562.341,2,4.030070e-02
3375,562.341,2,6.250780e-02
3400,562.341,2,8.531370e-02
3425,562.341,2,1.087170e-01
3450,562.341,2,1.327140e-01
3475,562.341,2,1.573030e-01
3500,562.341,2,1.824800e-01
3525,562.341,2,2.082410e-01
3550,562.341,2,2.345830e-01
3575,562.341,2,2.615010e-01
3600,562.341,2,2.889890e-01
3625,562.341,2,3.170440e-01
3650,562.341,2,3.456590e-01
3675,562.341,2,3.748310e-01
3700,562.341,2,4.045540e-01
3725,562.341,2,4.348240e-01
3750,562.341,2,4.656370e-01
3775,562.341,2,4.969900e-01
3800,562.341,2,5.288790e-01
3825,562.341,2,5.613050e-01
3850,562.341,2,5.942660e-01
3875,562.341,2,6.277640e-01
3900,562.341,2,6.618050e-01
3925,562.341,2,6.963920e-01
3950,562.341,2,7.315360e-01
3975,562.341,2,7.672490e-01
4000,562.341,2,8.035460e-01
4025,562.341,2,8.404490e-01
4050,562.341,2,8.779820e-01
4075,562.341,2,9.161770e-01
4100,562.341,2,9.550720e-01
4125,562.341,2,9.947110e-01
4150,562.341,2,1.035150e+00
4175,562.341,2,1.076450e+00
4200,562.341,2,1.118680e+00
4225,562.341,2,1.161930e+00
4250,562.341,2,1.206310e+00
4275,562.341,2,1.251920e+00
4300,562.341,2,1.298900e+00
4325,562.341,2,1.347390e+00
4350,562.341,2,1.397590e+00
4375,562.341,2,1.449670e+00
4400,562.341,2,1.503890e+00
4425,562.341,2,1.560480e+00
4450,562.341,2,1.619760e+00
4475,562.341,2,1.682060e+00
4500,562.341,2,1.747780e+00
4525,562.341,2,1.817370e+00
4550,562.341,2,1.891330e+00
4575,562.341,2,1.970260e+00
4600,562.341,2,2.054830e+00
4625,562.341,2,2.145830e+00
4650,562.341,2,2.244160e+00
4675,562.341,2,2.350890e+00
4700,562.341,2,2.467240e+00
4725,562.341,2,2.594650e+00
4750,562.341,2,2.734830e+00
4775,562.341,2,2.889800e+00
4800,562.341,2,3.061960e+00
4825,562.341,2,3.254230e+00
4850,562.341,2,3.470130e+00
4875,562.341,2,3.713950e+00
4900,562.341,2,3.991050e+00
4925,562.341,2,4.308090e+00
4950,562.341,2,4.673550e+00
4975,562.341,2,5.098330e+00
5000,562.341,2,5.596670e+00
300,1000,2,0.000000e+00
325,1000,2,0.000000e+00
350,1000,2,0.000000e+00
375,1000,2,0.000000e+00
400,1000,2,0.000000e+00
425,1000,2,0.000000e+00
450,1000,2,0.000000e+00
475,1000,2,0.000000e+00
500,1000,2,0.000000e+00
525,1000,2,0.000000e+00
550,1000,2,0.000000e+00
575,1000,2,0.000000e+00
600,1000,2,0.000000e+00
625,1000,2,0.000000e+00
650,1000,2,0.000000e+00
675,1000,2,0.000000e+00
700,1000,2,0.000000e+00
725,1000,2,0.000000e+00
750,1000,2,0.000000e+00
775,1000,2,0.000000e+00
800,1000,2,0.000000e+00
825,1000,2,0.000000e+00
850,1000,2,0.000000e+00
875,1000,2,0.000000e+00
900,1000,2,0.000000e+00
925,1000,2,0.000000e+00
950,1000,2,0.000000e+00
975,1000,2,0.000000e+00
1000,1000,2,0.000000e+00
1025,1000,2,0.000000e+00
1050,1000,2,0.000000e+00
1075,1000,2,0.000000e+00
1100,1000,2,0.000000e+00
1125,1000,2,0.000000e+00
1150,1000,2,0.000000e+00
1175,1000,2,0.000000e+00
1200,1000,2,0.000000e+00
1225,1000,2,0.000000e+00
1250,1000,2,0.000000e+00
1275,1000,2,0.000000e+00
1300,1000,2,0.000000e+00
1325,1000,2,0.000000e+00
1350,1000,2,0.000000e+00
1375,1000,2,0.000000e+00
1400,1000,2,0.000000e+00
1425,1000,2,0.000000e+00
1450,1000,2,0.000000e+00
1475,1000,2,0.000000e+00
1500,1000,2,0.000000e+00
1525,1000,2,0.000000e+00
1550,1000,2,0.000000e+00
1575,1000,2,0.000000e+00
1600,1000,2,0.000000e+00
1625,1000,2,0.000000e+00
1650,1000,2,0.000000e+00
1675,1000,2,0.000000e+00
1700,1000,2,0.000000e+00
1725,1000,2,0.000000e+00
1750,1000,2,0.000000e+00
1775,1000,2,0.000000e+00
1800,1000,2,0.000000e+00
1825,1000,2,0.000000e+00
1850,1000,2,0.000000e+00
1875,1000,2,0.000000e+00
1900,1000,2,0.000000e+00
1925,1000,2,0.000000e+00
1950,1000,2,0.000000e+00
1975,1000,2,0.000000e+00
2000,1000,2,0.000000e+00
2025,1000,2,0.000000e+00
2050,1000,2,0.000000e+00
2075,1000,2,0.000000e+00
2100,1000,2,0.000000e+00
2125,1000,2,0.000000e+00
2150,1000,2,0.000000e+00
2175,1000,2,0.000000e+00
2200,1000,2,0.000000e+00
2225,1000,2,0.000000e+00
2250,1000,2,0.000000e+00
2275,1000,2,0.000000e+00
2300,1000,2,0.000000e+00
2325,1000,2,0.000000e+00
2350,1000,2,0.000000e+00
2375,1000,2,0.000000e+00
2400,1000,2,0.000000e+00
2425,1000,2,0.000000e+00
2450,1000,2,0.000000e+00
2475,1000,2,0.000000e+00
2500,1000,2,0.000000e+00
2525,1000,2,0.000000e+00
2550,1000,2,0.000000e+00
2575,1000,2,0.000000e+00
2600,1000,2,0.000000e+00
2625,1000,2,0.000000e+00
2650,1000,2,0.000000e+00
2675,1000,2,0.000000e+00
2700,1000,2,0.000000e+00
2725,1000,2,0.000000e+00
2750,1000,2,0.000000e+00
2775,1000,2,0.000000e+00
2800,1000,2,0.000000e+00
2825,1000,2,0.000000e+00
2850,1000,2,0.000000e+00
2875,1000,2,0.000000e+00
2900,1000,2,0.000000e+00
2925,1000,2,0.000000e+00
2950,1000,2,0.000000e+00
2975,1000,2,0.000000e+00
3000,1000,2,0.000000e+00
3025,1000,2,0.000000e+00
3050,1000,2,0.000000e+00
3075,1000,2,0.000000e+00
3100,1000,2,0.000000e+00
3125,1000,2,0.000000e+00
3150,1000,2,0.000000e+00
3175,1000,2,0.000000e+00
3200,1000,2,0.000000e+00
3225,1000,2,0.000000e+00
3250,1000,2,0.000000e+00
3275,1000,2,0.000000e+00
3300,1000,2,5.320610e-04
3325,1000,2,2.115450e-02
3350,1000,2,4.239240e-02
3375,1000,2,6.424440e-02
3400,1000,2,8.670880e-02
3425,1000,2,1.097830e-01
3450,1000,2,1.334640e-01
3475,1000,2,1.577470e-01
3500,1000,2,1.826290e-01
3525,1000,2,2.081030e-01
3550,1000,2,2.341650e-01
3575,1000,2,2.608070e-01
3600,1000,2,2.880230e-01
3625,1000,2,3.158050e-01
3650,1000,2,3.441450e-01
3675,1000,2,3.730340e-01
3700,1000,2,4.024640e-01
3725,1000,2,4.324270e-01
3750,1000,2,4.629110e-01
3775,1000,2,4.939090e-01
3800,1000,2,5.254120e-01
3825,1000,2,5.574090e-01
3850,1000,2,5.898940e-01
3875,1000,2,6.228580e-01
3900,1000,2,6.562950e-01
3925,1000,2,6.901970e-01
3950,1000,2,7.245610e-01
3975,1000,2,7.593840e-01
4000,1000,2,7.946640e-01
4025,1000,2,8.304020e-01
4050,1000,2,8.666030e-01
4075,1000,2,9.032720e-01
4100,1000,2,9.404190e-01
4125,1000,2,9.780600e-01
4150,1000,2,1.016210e+00
4175,1000,2,1.054900e+00
4200,1000,2,1.094150e+00
4225,1000,2,1.134010e+00
4250,1000,2,1.174500e+00
4275,1000,2,1.215700e+00
4300,1000,2,1.257640e+00
4325,1000,2,1.300420e+00
4350,1000,2,1.344110e+00
4375,1000,2,1.388800e+00
4400,1000,2,1.434600e+00
4425,1000,2,1.481640e+00
4450,1000,2,1.530070e+00
4475,1000,2,1.580050e+00
4500,1000,2,1.631760e+00
4525,1000,2,1.685410e+00
4550,1000,2,1.741260e+00
4575,1000,2,1.799570e+00
4600,1000,2,1.860650e+00
4625,1000,2,1.924870e+00
4650,1000,2,1.992610e+00
4675,1000,2,2.064350e+00
4700,1000,2,2.140610e+00
4725,1000,2,2.221990e+00
4750,1000,2,2.309160e+00
4775,1000,2,2.402930e+00
4800,1000,2,2.504200e+00
4825,1000,2,2.614020e+00
4850,1000,2,2.733620e+00
4875,1000,2,2.864430e+00
4900,1000,2,3.008110e+00
4925,1000,2,3.166650e+00
4950,1000,2,3.342400e+00
4975,1000,2,3.538170e+00
5000,1000,2,3.757360e+00
300,0.001,5,0.000000e+00
325,0.001,5,0.000000e+00
350,0.001,5,0.000000e+00
375,0.001,5,0.000000e+00
400,0.001,5,0.000000e+00
425,0.001,5,0.000000e+00
450,0.001,5,0.000000e+00
475,0.001,5,0.000000e+00
500,0.001,5,0.000000e+00
525,0.001,5,0.000000e+00
550,0.001,5,0.000000e+00
575,0.001,5,0.000000e+00
600,0.001,5,0.000000e+00
625,0.001,5,0.000000e+00
650,0.001,5,0.000000e+00
675,0.001,5,0.000000e+00
700,0.001,5,0.000000e+00
725,0.001,5,0.000000e+00
750,0.001,5,0.000000e+00
775,0.001,5,0.000000e+00
800,0.001,5,0.000000e+00
825,0.001,5,0.000000e+00
850,0.001,5,0.000000e+00
875,0.001,5,0.000000e+00
900,0.001,5,0.000000e+00
925,0.001,5,0.000000e+00
950,0.001,5,0.000000e+00
975,0.001,5,0.000000e+00
1000,0.001,5,0.000000e+00
1025,0.001,5,0.000000e+00
1050,0.001,5,0.000000e+00
1075,0.001,5,0.000000e+00
1100,0.001,5,0.000000e+00
1125,0.001,5,0.000000e+00
1150,0.001,5,0.000000e+00
1175,0.001,5,0.000000e+00
1200,0.001,5,0.000000e+00
1225,0.001,5,0.000000e+00
1250,0.001,5,0.000000e+00
1275,0.001,5,0.000000e+00
1300,0.001,5,0.000000e+00
1325,0.001,5,0.000000e+00
1350,0.001,5,0.000000e+00
1375,0.001,5,0.000000e+00
1400,0.001,5,0.000000e+00
1425,0.001,5,0.000000e+00
1450,0.001,5,0.000000e+00
1475,0.001,5,0.000000e+00
1500,0.001,5,0.000000e+00
1525,0.001,5,0.000000e+00
1550,0.001,5,0.000000e+00
1575,0.001,5,0.000000e+00
1600,0.001,5,0.000000e+00
1625,0.001,5,0.000000e+00
1650,0.001,5,0.000000e+00
1675,0.001,5,0.000000e+00
1700,0.001,5,0.000000e+00
1725,0.001,5,0.000000e+00
1750,0.001,5,0.000000e+00
1775,0.001,5,0.000000e+00
1800,0.001,5,0.000000e+00
1825,0.001,5,0.000000e+00
1850,0.001,5,0.000000e+00
1875,0.001,5,0.000000e+00
1900,0.001,5,0.000000e+00
1925,0.001,5,0.000000e+00
1950,0.001,5,0.000000e+00
1975,0.001,5,0.000000e+00
2000,0.001,5,0.000000e+00
2025,0.001,5,0.000000e+00
2050,0.001,5,0.000000e+00
2075,0.001,5,0.000000e+00
2100,0.001,5,0.000000e+00
2125,0.001,5,0.000000e+00
2150,0.001,5,0.000000e+00
2175,0.001,5,0.000000e+00
2200,0.001,5,0.000000e+00
2225,0.001,5,0.000000e+00
2250,0.001,5,0.000000e+00
2275,0.001,5,0.000000e+00
2300,0.001,5,0.000000e+00
2325,0.001,5,0.000000e+00
2350,0.001,5,0.000000e+00
2375,0.001,5,0.000000e+00
2400,0.001,5,0.000000e+00
2425,0.001,5,0.000000e+00
2450,0.001,5,0.000000e+00
2475,0.001,5,0.000000e+00
2500,0.001,5,0.000000e+00
2525,0.001,5,0.000000e+00
2550,0.001,5,0.000000e+00
2575,0.001,5,0.000000e+00
2600,0.001,5,0.000000e+00
2625,0.001,5,0.000000e+00
2650,0.001,5,0.000000e+00
2675,0.001,5,0.000000e+00
2700,0.001,5,0.000000e+00
2725,0.001,5,0.000000e+00
2750,0.001,5,0.000000e+00
2775,0.001,5,0.000000e+00
2800,0.001,5,0.000000e+00
2825,0.001,5,0.000000e+00
2850,0.001,5,2.801640e-01
2875,0.001,5,9.058620e-01
2900,0.001,5,1.784500e+00
2925,0.001,5,3.041560e+00
2950,0.001,5,4.891770e+00
2975,0.001,5,7.736180e+00
3000,0.001,5,1.242200e+01
3025,0.001,5,2.110610e+01
3050,0.001,5,4.138610e+01
3075,0.001,5,1.325870e+02
3100,0.001,5,5.000000e+02
3125,0.001,5,5.000000e+02
3150,0.001,5,5.000000e+02
3175,0.001,5,5.000000e+02
3200,0.001,5,5.000000e+02
3225,0.001,5,5.000000e+02
3250,0.001,5,5.000000e+02
3275,0.001,5,5.000000e+02
3300,0.001,5,5.000000e+02
3325,0.001,5,5.000000e+02
3350,0.001,5,5.000000e+02
3375,0.001,5,5.000000e+02
3400,0.001,5,5.000000e+02
3425,0.001,5,5.000000e+02
3450,0.001,5,5.000000e+02
3475,0.001,5,5.000000e+02
3500,0.001,5,5.000000e+02
3525,0.001,5,5.000000e+02
3550,0.001,5,5.000000e+02
3575,0.001,5,5.000000e+02
3600,0.001,5,5.000000e+02
3625,0.001,5,5.000000e+02
3650,0.001,5,5.000000e+02
3675,0.001,5,5.000000e+02
3700,0.001,5,5.000000e+02
3725,0.001,5,5.000000e+02
3750,0.001,5,5.000000e+02
3775,0.001,5,5.000000e+02
3800,0.001,5,5.000000e+02
3825,0.001,5,5.000000e+02
3850,0.001,5,5.000000e+02
3875,0.001,5,5.000000e+02
3900,0.001,5,5.000000e+02
3925,0.001,5,5.000000e+02
3950,0.001,5,5.000000e+02
3975,0.001,5,5.000000e+02
4000,0.001,5,5.000000e+02
4025,0.001,5,5.000000e+02
4050,0.001,5,5.000000e+02
4075,0.001,5,5.000000e+02
4100,0.001,5,5.000000e+02
4125,0.001,5,5.000000e+02
4150,0.001,5,5.000000e+02
4175,0.001,5,5.000000e+02
4200,0.001,5,5.000000e+02
4225,0.001,5,5.000000e+02
4250,0.001,5,5.000000e+02
4275,0.001,5,5.000000e+02
4300,0.001,5,5.000000e+02
4325,0.001,5,5.000000e+02
4350,0.001,5,5.000000e+02
4375,0.001,5,5.000000e+02
4400,0.001,5,5.000000e+02
4425,0.001,5,5.000000e+02
4450,0.001,5,5.000000e+02
4475,0.001,5,5.000000e+02
4500,0.001,5,5.000000e+02
4525,0.001,5,5.000000e+02
4550,0.001,5,5.000000e+02
4575,0.001,5,5.000000e+02
4600,0.001,5,5.000000e+02
4625,0.001,5,5.000000e+02
4650,0.001,5,5.000000e+02
4675,0.001,5,5.000000e+02
4700,0.001,5,5.000000e+02
4725,0.001,5,5.000000e+02
4750,0.001,5,5.000000e+02
4775,0.001,5,5.000000e+02
4800,0.001,5,5.000000e+02
4825,0.001,5,5.000000e+02
4850,0.001,5,5.000000e+02
4875,0.001,5,5.000000e+02
4900,0.001,5,5.000000e+02
4925,0.001,5,5.000000e+02
4950,0.001,5,5.000000e+02
4975,0.001,5,5.000000e+02
5000,0.001,5,5.000000e+02
300,0.00177828,5,0.000000e+00
325,0.00177828,5,0.000000e+00
350,0.00177828,5,0.000000e+00
375,0.00177828,5,0.000000e+00
400,0.00177828,5,0.000000e+00
425,0.00177828,5,0.000000e+00
450,0.00177828,5,0.000000e+00
475,0.00177828,5,0.000000e+00
500,0.00177828,5,0.000000e+00
525,0.00177828,5,0.000000e+00
550,0.00177828,5,0.000000e+00
575,0.00177828,5,0.000000e+00
600,0.00177828,5,0.000000e+00
625,0.00177828,5,0.000000e+00
650,0.00177828,5,0.000000e+00
675,0.00177828,5,0.000000e+00
700,0.00177828,5,0.000000e+00
725,0.00177828,5,0.000000e+00
750,0.00177828,5,0.000000e+00
775,0.00177828,5,0.000000e+00
800,0.00177828,5,0.000000e+00
825,0.00177828,5,0.000000e+00
850,0.00177828,5,0.000000e+00
875,0.00177828,5,0.000000e+00
900,0.00177828,5,0.000000e+00
925,0.00177828,5,0.000000e+00
950,0.00177828,5,0.000000e+00
975,0.00177828,5,0.000000e+00
1000,0.00177828,5,0.000000e+00
1025,0.00177828,5,0.000000e+00
1050,0.00177828,5,0.000000e+00
1075,0.00177828,5,0.000000e+00
1100,0.00177828,5,0.000000e+00
1125,0.00177828,5,0.000000e+00
1150,0.00177828,5,0.000000e+00
1175,0.00177828,5,0.000000e+00
1200,0.00177828,5,0.000000e+00
1225,0.00177828,5,0.000000e+00
1250,0.00177828,5,0.000000e+00
1275,0.00177828,5,0.000000e+00
1300,0.00177828,5,0.000000e+00
1325,0.00177828,5,0.000000e+00
1350,0.00177828,5,0.000000e+00
1375,0.00177828,5,0.000000e+00
1400,0.00177828,5,0.000000e+00
1425,0.00177828,5,0.000000e+00
1450,0.00177828,5,0.000000e+00
1475,0.00177828,5,0.000000e+00
1500,0.00177828,5,0.000000e+00
1525,0.00177828,5,0.000000e+00
1550,0.00177828,5,0.000000e+00
1575,0.00177828,5,0.000000e+00
1600,0.00177828,5,0.000000e+00
1625,0.00177828,5,0.000000e+00
1650,0.00177828,5,0.000000e+00
1675,0.00177828,5,0.000000e+00
1700,0.00177828,5,0.000000e+00
1725,0.00177828,5,0.000000e+00
1750,0.00177828,5,0.000000e+00
1775,0.00177828,5,0.000000e+00
1800,0.00177828,5,0.000000e+00
1825,0.00177828,5,0.000000e+00
1850,0.00177828,5,0.000000e+00
1875,0.00177828,5,0.000000e+00
1900,0.00177828,5,0.000000e+00
1925,0.00177828,5,0.000000e+00
1950,0.00177828,5,0.000000e+00
1975,0.00177828,5,0.000000e+00
2000,0.00177828,5,0.000000e+00
2025,0.00177828,5,0.000000e+00
2050,0.00177828,5,0.000000e+00
2075,0.00177828,5,0.000000e+00
2100,0.00177828,5,0.000000e+00
2125,0.00177828,5,0.000000e+00
2150,0.00177828,5,0.000000e+00
2175,0.00177828,5,0.000000e+00
2200,0.00177828,5,0.000000e+00
2225,0.00177828,5,0.000000e+00
2250,0.00177828,5,0.000000e+00
2275,0.00177828,5,0.000000e+00
2300,0.00177828,5,0.000000e+00
2325,0.00177828,5,0.000000e+00
2350,0.00177828,5,0.000000e+00
2375,0.00177828,5,0.000000e+00
2400,0.00177828,5,0.000000e+00
2425,0.00177828,5,0.000000e+00
2450,0.00177828,5,0.000000e+00
2475,0.00177828,5,0.000000e+00
2500,0.00177828,5,0.000000e+00
2525,0.00177828,5,0.000000e+00
2550,0.00177828,5,0.000000e+00
2575,0.00177828,5,0.000000e+00
2600,0.00177828,5,0.000000e+00
2625,0.00177828,5,0.000000e+00
2650,0.00177828,5,0.000000e+00
2675,0.00177828,5,0.000000e+00
2700,0.00177828,5,0.000000e+00
2725,0.00177828,5,0.000000e+00
2750,0.00177828,5,0.000000e+00
2775,0.00177828,5,0.000000e+00
2800,0.00177828,5,0.000000e+00
2825,0.00177828,5,0.000000e+00
2850,0.00177828,5,0.000000e+00
2875,0.00177828,5,0.000000e+00
2900,0.00177828,5,3.078980e-01
2925,0.00177828,5,9.090540e-01
2950,0.00177828,5,1.743080e+00
2975,0.00177828,5,2.919910e+00
3000,0.00177828,5,4.622990e+00
3025,0.00177828,5,7.183510e+00
3050,0.00177828,5,1.126780e+01
3075,0.00177828,5,1.844740e+01
3100,0.00177828,5,3.353180e+01
3125,0.00177828,5,8.173950e+01
3150,0.00177828,5,5.000000e+02
3175,0.00177828,5,5.000000e+02
3200,0.00177828,5,5.000000e+02
3225,0.00177828,5,5.000000e+02
3250,0.00177828,5,5.000000e+02
3275,0.00177828,5,5.000000e+02
3300,0.00177828,5,5.000000e+02
3325,0.00177828,5,5.000000e+02
3350,0.00177828,5,5.000000e+02
3375,0.00177828,5,5.000000e+02
3400,0.00177828,5,5.000000e+02
3425,0.00177828,5,5.000000e+02
3450,0.00177828,5,5.000000e+02
3475,0.00177828,5,5.000000e+02
3500,0.00177828,5,5.000000e+02
3525,0.00177828,5,5.000000e+02
3550,0.00177828,5,5.000000e+02
3575,0.00177828,5,5.000000e+02
3600,0.00177828,5,5.000000e+02
3625,0.00177828,5,5.000000e+02
3650,0.00177828,5,5.000000e+02
3675,0.00177828,5,5.000000e+02
3700,0.00177828,5,5.000000e+02
3725,0.00177828,5,5.000000e+02
3750,0.00177828,5,5.000000e+02
3775,0.00177828,5,5.000000e+02
3800,0.00177828,5,5.000000e+02
3825,0.00177828,5,5.000000e+02
3850,0.00177828,5,5.000000e+02
3875,0.00177828,5,5.000000e+02
3900,0.00177828,5,5.000000e+02
3925,0.00177828,5,5.000000e+02
3950,0.00177828,5,5.000000e+02
3975,0.00177828,5,5.000000e+02
4000,0.00177828,5,5.000000e+02
4025,0.00177828,5,5.000000e+02
4050,0.00177828,5,5.000000e+02
4075,0.00177828,5,5.000000e+02
4100,0.00177828,5,5.000000e+02
4125,0.00177828,5,5.000000e+02
4150,0.00177828,5,5.000000e+02
4175,0.00177828,5,5.000000e+02
4200,0.00177828,5,5.000000e+02
4225,0.00177828,5,5.000000e+02
4250,0.00177828,5,5.000000e+02
4275,0.00177828,5,5.000000e+02
4300,0.00177828,5,5.000000e+02
4325,0.00177828,5,5.000000e+02
4350,0.00177828,5,5.000000e+02
4375,0.00177828,5,5.000000e+02
4400,0.00177828,5,5.000000e+02
4425,0.00177828,5,5.000000e+02
4450,0.00177828,5,5.000000e+02
4475,0.00177828,5,5.000000e+02
4500,0.00177828,5,5.000000e+02
4525,0.00177828,5,5.000000e+02
4550,0.00177828,5,5.000000e+02
4575,0.00177828,5,5.000000e+02
4600,0.00177828,5,5.000000e+02
4625,0.00177828,5,5.000000e+02
4650,0.00177828,5,5.000000e+02
4675,0.00177828,5,5.000000e+02
4700,0.00177828,5,5.000000e+02
4725,0.00177828,5,5.000000e+02
4750,0.00177828,5,5.000000e+02
4775,0.00177828,5,5.000000e+02
4800,0.00177828,5,5.000000e+02
4825,0.00177828,5,5.000000e+02
4850,0.00177828,5,5.000000e+02
4875,0.00177828,5,5.000000e+02
4900,0.00177828,5,5.000000e+02
4925,0.00177828,5,5.000000e+02
4950,0.00177828,5,5.000000e+02
4975,0.00177828,5,5.000000e+02
5000,0.00177828,5,5.000000e+02
300,0.00316228,5,0.000000e+00
325,0.00316228,5,0.000000e+00
350,0.00316228,5,0.000000e+00
375,0.00316228,5,0.000000e+00
400,0.00316228,5,0.000000e+00
425,0.00316228,5,0.000000e+00
450,0.00316228,5,0.000000e+00
475,0.00316228,5,0.000000e+00
500,0.00316228,5,0.000000e+00
525,0.00316228,5,0.000000e+00
550,0.00316228,5,0.000000e+00
575,0.00316228,5,0.000000e+00
600,0.00316228,5,0.000000e+00
625,0.00316228,5,0.000000e+00
650,0.00316228,5,0.000000e+00
675,0.00316228,5,0.000000e+00
700,0.00316228,5,0.000000e+00
725,0.00316228,5,0.000000e+00
750,0.00316228,5,0.000000e+00
775,0.00316228,5,0.000000e+00
800,0.00316228,5,0.000000e+00
825,0.00316228,5,0.000000e+00
850,0.00316228,5,0.000000e+00
875,0.00316228,5,0.000000e+00
900,0.00316228,5,0.000000e+00
925,0.00316228,5,0.000000e+00
950,0.00316228,5,0.000000e+00
975,0.00316228,5,0.000000e+00
1000,0.00316228,5,0.000000e+00
1025,0.00316228,5,0.000000e+00
1050,0.00316228,5,0.000000e+00
1075,0.00316228,5,0.000000e+00
1100,0.00316228,5,0.000000e+00
1125,0.00316228,5,0.000000e+00
1150,0.00316228,5,0.000000e+00
1175,0.00316228,5,0.000000e+00
1200,0.00316228,5,0.000000e+00
1225,0.00316228,5,0.000000e+00
1250,0.00316228,5,0.000000e+00
1275,0.00316228,5,0.000000e+00
1300,0.00316228,5,0.000000e+00
1325,0.00316228,5,0.000000e+00
1350,0.00316228,5,0.000000e+00
1375,0.00316228,5,0.000000e+00
1400,0.00316228,5,0.000000e+00
1425,0.00316228,5,0.000000e+00
1450,0.00316228,5,0.000000e+00
1475,0.00316228,5,0.000000e+00
1500,0.00316228,5,0.000000e+00
1525,0.00316228,5,0.000000e+00
1550,0.00316228,5,0.000000e+00
1575,0.00316228,5,0.000000e+00
1600,0.00316228,5,0.000000e+00
1625,0.00316228,5,0.000000e+00
1650,0.00316228,5,0.000000e+00
1675,0.00316228,5,0.000000e+00
1700,0.00316228,5,0.000000e+00
1725,0.00316228,5,0.000000e+00
1750,0.00316228,5,0.000000e+00
1775,0.00316228,5,0.000000e+00
1800,0.00316228,5,0.000000e+00
1825,0.00316228,5,0.000000e+00
1850,0.00316228,5,0.000000e+00
1875,0.00316228,5,0.000000e+00
1900,0.00316228,5,0.000000e+00
1925,0.00316228,5,0.000000e+00
1950,0.00316228,5,0.000000e+00
1975,0.00316228,5,0.000000e+00
2000,0.00316228,5,0.000000e+00
2025,0.00316228,5,0.000000e+00
2050,0.00316228,5,0.000000e+00
2075,0.00316228,5,0.000000e+00
2100,0.00316228,5,0.000000e+00
2125,0.00316228,5,0.000000e+00
2150,0.00316228,5,0.000000e+00
2175,0.00316228,5,0.000000e+00
2200,0.00316228,5,0.000000e+00
2225,0.00316228,5,0.000000e+00
2250,0.00316228,5,0.000000e+00
2275,0.00316228,5,0.000000e+00
2300,0.00316228,5,0.000000e+00
2325,0.00316228,5,0.000000e+00
2350,0.00316228,5,0.000000e+00
2375,0.00316228,5,0.000000e+00
2400,0.00316228,5,0.000000e+00
2425,0.00316228,5,0.000000e+00
2450,0.00316228,5,0.000000e+00
2475,0.00316228,5,0.000000e+00
2500,0.00316228,5,0.000000e+00
2525,0.00316228,5,0.000000e+00
2550,0.00316228,5,0.000000e+00
2575,0.00316228,5,0.000000e+00
2600,0.00316228,5,0.000000e+00
2625,0.00316228,5,0.000000e+00
2650,0.00316228,5,0.000000e+00
2675,0.00316228,5,0.000000e+00
2700,0.00316228,5,0.000000e+00
2725,0.00316228,5,0.000000e+00
2750,0.00316228,5,0.000000e+00
2775,0.00316228,5,0.000000e+00
2800,0.00316228,5,0.000000e+00
2825,0.00316228,5,0.000000e+00
2850,0.00316228,5,0.000000e+00
2875,0.00316228,5,0.000000e+00
2900,0.00316228,5,0.000000e+00
2925,0.00316228,5,0.000000e+00
2950,0.00316228,5,3.060620e-01
2975,0.00316228,5,8.702140e-01
3000,0.00316228,5,1.642990e+00
3025,0.00316228,5,2.717470e+00
3050,0.00316228,5,4.244690e+00
3075,0.00316228,5,6.487220e+00
3100,0.00316228,5,9.946220e+00
3125,0.00316228,5,1.571380e+01
3150,0.00316228,5,2.671100e+01
3175,0.00316228,5,5.427170e+01
3200,0.00316228,5,2.253640e+02
3225,0.00316228,5,5.000000e+02
3250,0.00316228,5,5.000000e+02
3275,0.00316228,5,5.000000e+02
3300,0.00316228,5,5.000000e+02
3325,0.00316228,5,5.000000e+02
3350,0.00316228,5,5.000000e+02
3375,0.00316228,5,5.000000e+02
3400,0.00316228,5,5.000000e+02
3425,0.00316228,5,5.000000e+02
3450,0.00316228,5,5.000000e+02
3475,0.00316228,5,5.000000e+02
3500,0.00316228,5,5.000000e+02
3525,0.00316228,5,5.000000e+02
3550,0.00316228,5,5.000000e+02
3575,0.00316228,5,5.000000e+02
3600,0.00316228,5,5.000000e+02
3625,0.00316228,5,5.000000e+02
3650,0.00316228,5,5.000000e+02
3675,0.00316228,5,5.000000e+02
3700,0.00316228,5,5.000000e+02
3725,0.00316228,5,5.000000e+02
3750,0.00316228,5,5.000000e+02
3775,0.00316228,5,5.000000e+02
3800,0.00316228,5,5.000000e+02
3825,0.00316228,5,5.000000e+02
3850,0.00316228,5,5.000000e+02
3875,0.00316228,5,5.000000e+02
3900,0.00316228,5,5.000000e+02
3925,0.00316228,5,5.000000e+02
3950,0.00316228,5,5.000000e+02
3975,0.00316228,5,5.000000e+02
4000,0.00316228,5,5.000000e+02
4025,0.00316228,5,5.000000e+02
4050,0.00316228,5,5.000000e+02
4075,0.00316228,5,5.000000e+02
4100,0.00316228,5,5.000000e+02
4125,0.00316228,5,5.000000e+02
4150,0.00316228,5,5.000000e+02
4175,0.00316228,5,5.000000e+02
4200,0.00316228,5,5.000000e+02
4225,0.00316228,5,5.000000e+02
4250,0.00316228,5,5.000000e+02
4275,0.00316228,5,5.000000e+02
4300,0.00316228,5,5.000000e+02
4325,0.00316228,5,5.000000e+02
4350,0.00316228,5,5.000000e+02
4375,0.00316228,5,5.000000e+02
4400,0.00316228,5,5.000000e+02
4425,0.00316228,5,5.000000e+02
4450,0.00316228,5,5.000000e+02
4475,0.00316228,5,5.000000e+02
4500,0.00316228,5,5.000000e+02
4525,0.00316228,5,5.000000e+02
4550,0.00316228,5,5.000000e+02
4575,0.00316228,5,5.000000e+02
4600,0.00316228,5,5.000000e+02
4625,0.00316228,5,5.000000e+02
4650,0.00316228,5,5.000000e+02
4675,0.00316228,5,5.000000e+02
4700,0.00316228,5,5.000000e+02
4725,0.00316228,5,5.000000e+02
4750,0.00316228,5,5.000000e+02
4775,0.00316228,5,5.000000e+02
4800,0.00316228,5,5.000000e+02
4825,0.00316228,5,5.000000e+02
4850,0.00316228,5,5.000000e+02
4875,0.00316228,5,5.000000e+02
4900,0.00316228,5,5.000000e+02
4925,0.00316228,5,5.000000e+02
4950,0.00316228,5,5.000000e+02
4975,0.00316228,5,5.000000e+02
5000,0.00316228,5,5.000000e+02
300,0.00562341,5,0.000000e+00
325,0.00562341,5,0.000000e+00
350,0.00562341,5,0.000000e+00
375,0.00562341,5,0.000000e+00
400,0.00562341,5,0.000000e+00
425,0.00562341,5,0.000000e+00
450,0.00562341,5,0.000000e+00
475,0.00562341,5,0.000000e+00
500,0.00562341,5,0.000000e+00
525,0.00562341,5,0.000000e+00
550,0.00562341,5,0.000000e+00
575,0.00562341,5,0.000000e+00
600,0.00562341,5,0.000000e+00
625,0.00562341,5,0.000000e+00
650,0.00562341,5,0.000000e+00
675,0.00562341,5,0.000000e+00
700,0.00562341,5,0.000000e+00
725,0.00562341,5,0.000000e+00
750,0.00562341,5,0.000000e+00
775,0.00562341,5,0.000000e+00
800,0.00562341,5,0.000000e+00
825,0.00562341,5,0.000000e+00
850,0.00562341,5,0.000000e+00
875,0.00562341,5,0.000000e+00
900,0.00562341,5,0.000000e+00
925,0.00562341,5,0.000000e+00
950,0.00562341,5,0.000000e+00
975,0.00562341,5,0.000000e+00
1000,0.00562341,5,0.000000e+00
1025,0.00562341,5,0.000000e+00
1050,0.00562341,5,0.000000e+00
1075,0.00562341,5,0.000000e+00
1100,0.00562341,5,0.000000e+00
1125,0.00562341,5,0.000000e+00
1150,0.00562341,5,0.000000e+00
1175,0.00562341,5,0.000000e+00
1200,0.00562341,5,0.000000e+00
1225,0.00562341,5,0.000000e+00
1250,0.00562341,5,0.000000e+00
1275,0.00562341,5,0.000000e+00
1300,0.00562341,5,0.000000e+00
1325,0.00562341,5,0.000000e+00
1350,0.00562341,5,0.000000e+00
1375,0.00562341,5,0.000000e+00
1400,0.00562341,5,0.000000e+00
1425,0.00562341,5,0.000000e+00
1450,0.00562341,5,0.000000e+00
1475,0.00562341,5,0.000000e+00
1500,0.00562341,5,0.000000e+00
1525,0.00562341,5,0.000000e+00
1550,0.00562341,5,0.000000e+00
1575,0.00562341,5,0.000000e+00
1600,0.00562341,5,0.000000e+00
1625,0.00562341,5,0.000000e+00
1650,0.00562341,5,0.000000e+00
1675,0.00562341,5,0.000000e+00
1700,0.00562341,5,0.000000e+00
1725,0.00562341,5,0.000000e+00
1750,0.00562341,5,0.000000e+00
1775,0.00562341,5,0.000000e+00
1800,0.00562341,5,0.000000e+00
1825,0.00562341,5,0.000000e+00
1850,0.00562341,5,0.000000e+00
1875,0.00562341,5,0.000000e+00
1900,0.00562341,5,0.000000e+00
1925,0.00562341,5,0.000000e+00
1950,0.00562341,5,0.000000e+00
1975,0.00562341,5,0.000000e+00
2000,0.00562341,5,0.000000e+00
2025,0.00562341,5,0.000000e+00
2050,0.00562341,5,0.000000e+00
2075,0.00562341,5,0.000000e+00
2100,0.00562341,5,0.000000e+00
2125,0.00562341,5,0.000000e+00
2150,0.00562341,5,0.000000e+00
2175,0.00562341,5,0.000000e+00
2200,0.00562341,5,0.000000e+00
2225,0.00562341,5,0.000000e+00
2250,0.00562341,5,0.000000e+00
2275,0.00562341,5,0.000000e+00
2300,0.00562341,5,0.000000e+00
2325,0.00562341,5,0.000000e+00
2350,0.00562341,5,0.000000e+00
2375,0.00562341,5,0.000000e+00
2400,0.00562341,5,0.000000e+00
2425,0.00562341,5,0.000000e+00
2450,0.00562341,5,0.000000e+00
2475,0.00562341,5,0.000000e+00
2500,0.00562341,5,0.000000e+00
2525,0.00562341,5,0.000000e+00
2550,0.00562341,5,0.000000e+00
2575,0.00562341,5,0.000000e+00
2600,0.00562341,5,0.000000e+00
2625,0.00562341,5,0.000000e+00
2650,0.00562341,5,0.000000e+00
2675,0.00562341,5,0.000000e+00
2700,0.00562341,5,0.000000e+00
2725,0.00562341,5,0.000000e+00
2750,0.00562341,5,0.000000e+00
2775,0.00562341,5,0.000000e+00
2800,0.00562341,5,0.000000e+00
2825,0.00562341,5,0.000000e+00
2850,0.00562341,5,0.000000e+00
2875,0.00562341,5,0.000000e+00
2900,0.00562341,5,0.000000e+00
2925,0.00562341,5,0.000000e+00
2950,0.00562341,5,0.000000e+00
2975,0.00562341,5,0.000000e+00
3000,0.00562341,5,2.803260e-01
3025,0.00562341,5,7.982250e-01
3050,0.00562341,5,1.498280e+00
3075,0.00562341,5,2.456920e+00
3100,0.00562341,5,3.794480e+00
3125,0.00562341,5,5.712040e+00
3150,0.00562341,5,8.573250e+00
3175,0.00562341,5,1.311130e+01
3200,0.00562341,5,2.105950e+01
3225,0.00562341,5,3.774110e+01
3250,0.00562341,5,9.128080e+01
3275,0.00562341,5,5.000000e+02
3300,0.00562341,5,5.000000e+02
3325,0.00562341,5,5.000000e+02
3350,0.00562341,5,5.000000e+02
3375,0.00562341,5,5.000000e+02
3400,0.00562341,5,5.000000e+02
3425,0.00562341,5,5.000000e+02
3450,0.00562341,5,5.000000e+02
3475,0.00562341,5,5.000000e+02
3500,0.00562341,5,5.000000e+02
3525,0.00562341,5,5.000000e+02
3550,0.00562341,5,5.000000e+02
3575,0.00562341,5,5.000000e+02
3600,0.00562341,5,5.000000e+02
3625,0.00562341,5,5.000000e+02
3650,0.00562341,5,5.000000e+02
3675,0.00562341,5,5.000000e+02
3700,0.00562341,5,5.000000e+02
3725,0.00562341,5,5.000000e+02
3750,0.00562341,5,5.000000e+02
3775,0.00562341,5,5.000000e+02
3800,0.00562341,5,5.000000e+02
3825,0.00562341,5,5.000000e+02
3850,0.00562341,5,5.000000e+02
3875,0.00562341,5,5.000000e+02
3900,0.00562341,5,5.000000e+02
3925,0.00562341,5,5.000000e+02
3950,0.00562341,5,5.000000e+02
3975,0.00562341,5,5.000000e+02
4000,0.00562341,5,5.000000e+02
4025,0.00562341,5,5.000000e+02
4050,0.00562341,5,5.000000e+02
4075,0.00562341,5,5.000000e+02
4100,0.00562341,5,5.000000e+02
4125,0.00562341,5,5.000000e+02
4150,0.00562341,5,5.000000e+02
4175,0.00562341,5,5.000000e+02
4200,0.00562341,5,5.000000e+02
4225,0.00562341,5,5.000000e+02
4250,0.00562341,5,5.000000e+02
4275,0.00562341,5,5.000000e+02
4300,0.00562341,5,5.000000e+02
4325,0.00562341,5,5.000000e+02
4350,0.00562341,5,5.000000e+02
4375,0.00562341,5,5.000000e+02
4400,0.00562341,5,5.000000e+02
4425,0.00562341,5,5.000000e+02
4450,0.00562341,5,5.000000e+02
4475,0.00562341,5,5.000000e+02
4500,0.00562341,5,5.000000e+02
4525,0.00562341,5,5.000000e+02
4550,0.00562341,5,5.000000e+02
4575,0.00562341,5,5.000000e+02
4600,0.00562341,5,5.000000e+02
4625,0.00562341,5,5.000000e+02
4650,0.00562341,5,5.000000e+02
4675,0.00562341,5,5.000000e+02
4700,0.00562341,5,5.000000e+02
4725,0.00562341,5,5.000000e+02
4750,0.00562341,5,5.000000e+02
4775,0.00562341,5,5.000000e+02
4800,0.00562341,5,5.000000e+02
4825,0.00562341,5,5.000000e+02
4850,0.00562341,5,5.000000e+02
4875,0.00562341,5,5.000000e+02
4900,0.00562341,5,5.000000e+02
4925,0.00562341,5,5.000000e+02
4950,0.00562341,5,5.000000e+02
4975,0.00562341,5,5.000000e+02
5000,0.00562341,5,5.000000e+02
300,0.01,5,0.000000e+00
325,0.01,5,0.000000e+00
350,0.01,5,0.000000e+00
375,0.01,5,0.000000e+00
400,0.01,5,0.000000e+00
425,0.01,5,0.000000e+00
450,0.01,5,0.000000e+00
475,0.01,5,0.000000e+00
500,0.01,5,0.000000e+00
525,0.01,5,0.000000e+00
550,0.01,5,0.000000e+00
575,0.01,5,0.000000e+00
600,0.01,5,0.000000e+00
625,0.01,5,0.000000e+00
650,0.01,5,0.000000e+00
675,0.01,5,0.000000e+00
700,0.01,5,0.000000e+00
725,0.01,5,0.000000e+00
750,0.01,5,0.000000e+00
775,0.01,5,0.000000e+00
800,0.01,5,0.000000e+00
825,0.01,5,0.000000e+00
850,0.01,5,0.000000e+00
875,0.01,5,0.000000e+00
900,0.01,5,0.000000e+00
925,0.01,5,0.000000e+00
950,0.01,5,0.000000e+00
975,0.01,5,0.000000e+00
1000,0.01,5,0.000000e+00
1025,0.01,5,0.000000e+00
1050,0.01,5,0.000000e+00
1075,0.01,5,0.000000e+00
1100,0.01,5,0.000000e+00
1125,0.01,5,0.000000e+00
1150,0.01,5,0.000000e+00
1175,0.01,5,0.000000e+00
1200,0.01,5,0.000000e+00
1225,0.01,5,0.000000e+00
1250,0.01,5,0.000000e+00
1275,0.01,5,0.000000e+00
1300,0.01,5,0.000000e+00
1325,0.01,5,0.000000e+00
1350,0.01,5,0.000000e+00
1375,0.01,5,0.000000e+00
1400,0.01,5,0.000000e+00
1425,0.01,5,0.000000e+00
1450,0.01,5,0.000000e+00
1475,0.01,5,0.000000e+00
1500,0.01,5,0.000000e+00
1525,0.01,5,0.000000e+00
1550,0.01,5,0.000000e+00
1575,0.01,5,0.000000e+00
1600,0.01,5,0.000000e+00
1625,0.01,5,0.000000e+00
1650,0.01,5,0.000000e+00
1675,0.01,5,0.000000e+00
1700,0.01,5,0.000000e+00
1725,0.01,5,0.000000e+00
1750,0.01,5,0.000000e+00
1775,0.01,5,0.000000e+00
1800,0.01,5,0.000000e+00
1825,0.01,5,0.000000e+00
1850,0.01,5,0.000000e+00
1875,0.01,5,0.000000e+00
1900,0.01,5,0.000000e+00
1925,0.01,5,0.000000e+00
1950,0.01,5,0.000000e+00
1975,0.01,5,0.000000e+00
2000,0.01,5,0.000000e+00
2025,0.01,5,0.000000e+00
2050,0.01,5,0.000000e+00
2075,0.01,5,0.000000e+00
2100,0.01,5,0.000000e+00
2125,0.01,5,0.000000e+00
2150,0.01,5,0.000000e+00
2175,0.01,5,0.000000e+00
2200,0.01,5,0.000000e+00
2225,0.01,5,0.000000e+00
2250,0.01,5,0.000000e+00
2275,0.01,5,0.000000e+00
2300,0.01,5,0.000000e+00
2325,0.01,5,0.000000e+00
2350,0.01,5,0.000000e+00
2375,0.01,5,0.000000e+00
2400,0.01,5,0.000000e+00
2425,0.01,5,0.000000e+00
2450,0.01,5,0.000000e+00
2475,0.01,5,0.000000e+00
2500,0.01,5,0.000000e+00
2525,0.01,5,0.000000e+00
2550,0.01,5,0.000000e+00
2575,0.01,5,0.000000e+00
2600,0.01,5,0.000000e+00
2625,0.01,5,0.000000e+00
2650,0.01,5,0.000000e+00
2675,0.01,5,0.000000e+00
2700,0.01,5,0.000000e+00
2725,0.01,5,0.000000e+00
2750,0.01,5,0.000000e+00
2775,0.01,5,0.000000e+00
2800,0.01,5,0.000000e+00
2825,0.01,5,0.000000e+00
2850,0.01,5,0.000000e+00
2875,0.01,5,0.000000e+00
2900,0.01,5,0.000000e+00
2925,0.01,5,0.000000e+00
2950,0.01,5,0.000000e+00
2975,0.01,5,0.000000e+00
3000,0.01,5,0.000000e+00
3025,0.01,5,0.000000e+00
3050,0.01,5,2.382280e-01
3075,0.01,5,7.041950e-01
3100,0.01,5,1.325440e+00
3125,0.01,5,2.163010e+00
3150,0.01,5,3.310120e+00
3175,0.01,5,4.916400e+00
3200,0.01,5,7.238550e+00
3225,0.01,5,1.075730e+01
3250,0.01,5,1.649100e+01
3275,0.01,5,2.703940e+01
3300,0.01,5,5.159460e+01
3325,0.01,5,1.626360e+02
3350,0.01,5,5.000000e+02
3375,0.01,5,5.000000e+02
3400,0.01,5,5.000000e+02
3425,0.01,5,5.000000e+02
3450,0.01,5,5.000000e+02
3475,0.01,5,5.000000e+02
3500,0.01,5,5.000000e+02
3525,0.01,5,5.000000e+02
3550,0.01,5,5.000000e+02
3575,0.01,5,5.000000e+02
3600,0.01,5,5.000000e+02
3625,0.01,5,5.000000e+02
3650,0.01,5,5.000000e+02
3675,0.01,5,5.000000e+02
3700,0.01,5,5.000000e+02
3725,0.01,5,5.000000e+02
3750,0.01,5,5.000000e+02
3775,0.01,5,5.000000e+02
3800,0.01,5,5.000000e+02
3825,0.01,5,5.000000e+02
3850,0.01,5,5.000000e+02
3875,0.01,5,5.000000e+02
3900,0.01,5,5.000000e+02
3925,0.01,5,5.000000e+02
3950,0.01,5,5.000000e+02
3975,0.01,5,5.000000e+02
4000,0.01,5,5.000000e+02
4025,0.01,5,5.000000e+02
4050,0.01,5,5.000000e+02
4075,0.01,5,5.000000e+02
4100,0.01,5,5.000000e+02
4125,0.01,5,5.000000e+02
4150,0.01,5,5.000000e+02
4175,0.01,5,5.000000e+02
4200,0.01,5,5.000000e+02
4225,0.01,5,5.000000e+02
4250,0.01,5,5.000000e+02
4275,0.01,5,5.000000e+02
4300,0.01,5,5.000000e+02
4325,0.01,5,5.000000e+02
4350,0.01,5,5.000000e+02
4375,0.01,5,5.000000e+02
4400,0.01,5,5.000000e+02
4425,0.01,5,5.000000e+02
4450,0.01,5,5.000000e+02
4475,0.01,5,5.000000e+02
4500,0.01,5,5.000000e+02
4525,0.01,5,5.000000e+02
4550,0.01,5,5.000000e+02
4575,0.01,5,5.000000e+02
4600,0.01,5,5.000000e+02
4625,0.01,5,5.000000e+02
4650,0.01,5,5.000000e+02
4675,0.01,5,5.000000e+02
4700,0.01,5,5.000000e+02
4725,0.01,5,5.000000e+02
4750,0.01,5,5.000000e+02
4775,0.01,5,5.000000e+02
4800,0.01,5,5.000000e+02
4825,0.01,5,5.000000e+02
4850,0.01,5,5.000000e+02
4875,0.01,5,5.000000e+02
4900,0.01,5,5.000000e+02
4925,0.01,5,5.000000e+02
4950,0.01,5,5.000000e+02
4975,0.01,5,5.000000e+02
5000,0.01,5,5.000000e+02
300,0.0177828,5,0.000000e+00
325,0.0177828,5,0.000000e+00
350,0.0177828,5,0.000000e+00
375,0.0177828,5,0.000000e+00
400,0.0177828,5,0.000000e+00
425,0.0177828,5,0.000000e+00
450,0.0177828,5,0.000000e+00
475,0.0177828,5,0.000000e+00
500,0.0177828,5,0.000000e+00
525,0.0177828,5,0.000000e+00
550,0.0177828,5,0.000000e+00
575,0.0177828,5,0.000000e+00
600,0.0177828,5,0.000000e+00
625,0.0177828,5,0.000000e+00
650,0.0177828,5,0.000000e+00
675,0.0177828,5,0.000000e+00
700,0.0177828,5,0.000000e+00
725,0.0177828,5,0.000000e+00
750,0.0177828,5,0.000000e+00
775,0.0177828,5,0.000000e+00
800,0.0177828,5,0.000000e+00
825,0.0177828,5,0.000000e+00
850,0.0177828,5,0.000000e+00
875,0.0177828,5,0.000000e+00
900,0.0177828,5,0.000000e+00
925,0.0177828,5,0.000000e+00
950,0.0177828,5,0.000000e+00
975,0.0177828,5,0.000000e+00
1000,0.0177828,5,0.000000e+00
1025,0.0177828,5,0.000000e+00
1050,0.0177828,5,0.000000e+00
1075,0.0177828,5,0.000000e+00
1100,0.0177828,5,0.000000e+00
1125,0.0177828,5,0.000000e+00
1150,0.0177828,5,0.000000e+00
1175,0.0177828,5,0.000000e+00
1200,0.0177828,5,0.000000e+00
1225,0.0177828,5,0.000000e+00
1250,0.0177828,5,0.000000e+00
1275,0.0177828,5,0.000000e+00
1300,0.0177828,5,0.000000e+00
1325,0.0177828,5,0.000000e+00
1350,0.0177828,5,0.000000e+00
1375,0.0177828,5,0.000000e+00
1400,0.0177828,5,0.000000e+00
1425,0.0177828,5,0.000000e+00
1450,0.0177828,5,0.000000e+00
1475,0.0177828,5,0.000000e+00
1500,0.0177828,5,0.000000e+00
1525,0.0177828,5,0.000000e+00
1550,0.0177828,5,0.000000e+00
1575,0.0177828,5,0.000000e+00
1600,0.0177828,5,0.000000e+00
1625,0.0177828,5,0.000000e+00
1650,0.0177828,5,0.000000e+00
1675,0.0177828,5,0.000000e+00
1700,0.0177828,5,0.000000e+00
1725,0.0177828,5,0.000000e+00
1750,0.0177828,5,0.000000e+00
1775,0.0177828,5,0.000000e+00
1800,0.0177828,5,0.000000e+00
1825,0.0177828,5,0.000000e+00
1850,0.0177828,5,0.000000e+00
1875,0.0177828,5,0.000000e+00
1900,0.0177828,5,0.000000e+00
1925,0.0177828,5,0.000000e+00
1950,0.0177828,5,0.000000e+00
1975,0.0177828,5,0.000000e+00
2000,0.0177828,5,0.000000e+00
2025,0.0177828,5,0.000000e+00
2050,0.0177828,5,0.000000e+00
2075,0.0177828,5,0.000000e+00
2100,0.0177828,5,0.000000e+00
2125,0.0177828,5,0.000000e+00
2150,0.0177828,5,0.000000e+00
2175,0.0177828,5,0.000000e+00
2200,0.0177828,5,0.000000e+00
2225,0.0177828,5,0.000000e+00
2250,0.0177828,5,0.000000e+00
2275,0.0177828,5,0.000000e+00
2300,0.0177828,5,0.000000e+00
2325,0.0177828,5,0.000000e+00
2350,0.0177828,5,0.000000e+00
2375,0.0177828,5,0.000000e+00
2400,0.0177828,5,0.000000e+00
2425,0.0177828,5,0.000000e+00
2450,0.0177828,5,0.000000e+00
2475,0.0177828,5,0.000000e+00
2500,0.0177828,5,0.000000e+00
2525,0.0177828,5,0.000000e+00
2550,0.0177828,5,0.000000e+00
2575,0.0177828,5,0.000000e+00
2600,0.0177828,5,0.000000e+00
2625,0.0177828,5,0.000000e+00
2650,0.0177828,5,0.000000e+00
2675,0.0177828,5,0.000000e+00
2700,0.0177828,5,0.000000e+00
2725,0.0177828,5,0.000000e+00
2750,0.0177828,5,0.000000e+00
2775,0.0177828,5,0.000000e+00
2800,0.0177828,5,0.000000e+00
2825,0.0177828,5,0.000000e+00
2850,0.0177828,5,0.000000e+00
2875,0.0177828,5,0.000000e+00
2900,0.0177828,5,0.000000e+00
2925,0.0177828,5,0.000000e+00
2950,0.0177828,5,0.000000e+00
2975,0.0177828,5,0.000000e+00
3000,0.0177828,5,0.000000e+00
3025,0.0177828,5,0.000000e+00
3050,0.0177828,5,0.000000e+00
3075,0.0177828,5,0.000000e+00
3100,0.0177828,5,1.882120e-01
3125,0.0177828,5,6.000950e-01
3150,0.0177828,5,1.141430e+00
3175,0.0177828,5,1.859830e+00
3200,0.0177828,5,2.825750e+00
3225,0.0177828,5,4.148030e+00
3250,0.0177828,5,6.004180e+00
3275,0.0177828,5,8.704840e+00
3300,0.0177828,5,1.284770e+01
3325,0.0177828,5,1.974910e+01
3350,0.0177828,5,3.298680e+01
3375,0.0177828,5,6.688730e+01
3400,0.0177828,5,3.064510e+02
3425,0.0177828,5,5.000000e+02
3450,0.0177828,5,5.000000e+02
3475,0.0177828,5,5.000000e+02
3500,0.0177828,5,5.000000e+02
3525,0.0177828,5,5.000000e+02
3550,0.0177828,5,5.000000e+02
3575,0.0177828,5,5.000000e+02
3600,0.0177828,5,5.000000e+02
3625,0.0177828,5,5.000000e+02
3650,0.0177828,5,5.000000e+02
3675,0.0177828,5,5.000000e+02
3700,0.0177828,5,5.000000e+02
3725,0.0177828,5,5.000000e+02
3750,0.0177828,5,5.000000e+02
3775,0.0177828,5,5.000000e+02
3800,0.0177828,5,5.000000e+02
3825,0.0177828,5,5.000000e+02
3850,0.0177828,5,5.000000e+02
3875,0.0177828,5,5.000000e+02
3900,0.0177828,5,5.000000e+02
3925,0.0177828,5,5.000000e+02
3950,0.0177828,5,5.000000e+02
3975,0.0177828,5,5.000000e+02
4000,0.0177828,5,5.000000e+02
4025,0.0177828,5,5.000000e+02
4050,0.0177828,5,5.000000e+02
4075,0.0177828,5,5.000000e+02
4100,0.0177828,5,5.000000e+02
4125,0.0177828,5,5.000000e+02
4150,0.0177828,5,5.000000e+02
4175,0.0177828,5,5.000000e+02
4200,0.0177828,5,5.000000e+02
4225,0.0177828,5,5.000000e+02
4250,0.0177828,5,5.000000e+02
4275,0.0177828,5,5.000000e+02
4300,0.0177828,5,5.000000e+02
4325,0.0177828,5,5.000000e+02
4350,0.0177828,5,5.000000e+02
4375,0.0177828,5,5.000000e+02
4400,0.0177828,5,5.000000e+02
4425,0.0177828,5,5.000000e+02
4450,0.0177828,5,5.000000e+02
4475,0.0177828,5,5.000000e+02
4500,0.0177828,5,5.000000e+02
4525,0.0177828,5,5.000000e+02
4550,0.0177828,5,5.000000e+02
4575,0.0177828,5,5.000000e+02
4600,0.0177828,5,5.000000e+02
4625,0.0177828,5,5.000000e+02
4650,0.0177828,5,5.000000e+02
4675,0.0177828,5,5.000000e+02
4700,0.0177828,5,5.000000e+02
4725,0.0177828,5,5.000000e+02
4750,0.0177828,5,5.000000e+02
4775,0.0177828,5,5.000000e+02
4800,0.0177828,5,5.000000e+02
4825,0.0177828,5,5.000000e+02
4850,0.0177828,5,5.000000e+02
4875,0.0177828,5,5.000000e+02
4900,0.0177828,5,5.000000e+02
4925,0.0177828,5,5.000000e+02
4950,0.0177828,5,5.000000e+02
4975,0.0177828,5,5.000000e+02
5000,0.0177828,5,5.000000e+02
300,0.0316228,5,0.000000e+00
325,0.0316228,5,0.000000e+00
350,0.0316228,5,0.000000e+00
375,0.0316228,5,0.000000e+00
400,0.0316228,5,0.000000e+00
425,0.0316228,5,0.000000e+00
450,0.0316228,5,0.000000e+00
475,0.0316228,5,0.000000e+00
500,0.0316228,5,0.000000e+00
525,0.0316228,5,0.000000e+00
550,0.0316228,5,0.000000e+00
575,0.0316228,5,0.000000e+00
600,0.0316228,5,0.000000e+00
625,0.0316228,5,0.000000e+00
650,0.0316228,5,0.000000e+00
675,0.0316228,5,0.000000e+00
700,0.0316228,5,0.000000e+00
725,0.0316228,5,0.000000e+00
750,0.0316228,5,0.000000e+00
775,0.0316228,5,0.000000e+00
800,0.0316228,5,0.000000e+00
825,0.0316228,5,0.000000e+00
850,0.0316228,5,0.000000e+00
875,0.0316228,5,0.000000e+00
900,0.0316228,5,0.000000e+00
925,0.0316228,5,0.000000e+00
950,0.0316228,5,0.000000e+00
975,0.0316228,5,0.000000e+00
1000,0.0316228,5,0.000000e+00
1025,0.0316228,5,0.000000e+00
1050,0.0316228,5,0.000000e+00
1075,0.0316228,5,0.000000e+00
1100,0.0316228,5,0.000000e+00
1125,0.0316228,5,0.000000e+00
1150,0.0316228,5,0.000000e+00
1175,0.0316228,5,0.000000e+00
1200,0.0316228,5,0.000000e+00
1225,0.0316228,5,0.000000e+00
1250,0.0316228,5,0.000000e+00
1275,0.0316228,5,0.000000e+00
1300,0.0316228,5,0.000000e+00
1325,0.0316228,5,0.000000e+00
1350,0.0316228,5,0.000000e+00
1375,0.0316228,5,0.000000e+00
1400,0.0316228,5,0.000000e+00
1425,0.0316228,5,0.000000e+00
1450,0.0316228,5,0.000000e+00
1475,0.0316228,5,0.000000e+00
1500,0.0316228,5,0.000000e+00
1525,0.0316228,5,0.000000e+00
1550,0.0316228,5,0.000000e+00
1575,0.0316228,5,0.000000e+00
1600,0.0316228,5,0.000000e+00
1625,0.0316228,5,0.000000e+00
1650,0.0316228,5,0.000000e+00
1675,0.0316228,5,0.000000e+00
1700,0.0316228,5,0.000000e+00
1725,0.0316228,5,0.000000e+00
1750,0.0316228,5,0.000000e+00
1775,0.0316228,5,0.000000e+00
1800,0.0316228,5,0.000000e+00
1825,0.0316228,5,0.000000e+00
1850,0.0316228,5,0.000000e+00
1875,0.0316228,5,0.000000e+00
1900,0.0316228,5,0.000000e+00
1925,0.0316228,5,0.000000e+00
1950,0.0316228,5,0.000000e+00
1975,0.0316228,5,0.000000e+00
2000,0.0316228,5,0.000000e+00
2025,0.0316228,5,0.000000e+00
2050,0.0316228,5,0.000000e+00
2075,0.0316228,5,0.000000e+00
2100,0.0316228,5,0.000000e+00
2125,0.0316228,5,0.000000e+00
2150,0.0316228,5,0.000000e+00
2175,0.0316228,5,0.000000e+00
2200,0.0316228,5,0.000000e+00
2225,0.0316228,5,0.000000e+00
2250,0.0316228,5,0.000000e+00
2275,0.0316228,5,0.000000e+00
2300,0.0316228,5,0.000000e+00
2325,0.0316228,5,0.000000e+00
2350,0.0316228,5,0.000000e+00
2375,0.0316228,5,0.000000e+00
2400,0.0316228,5,0.000000e+00
2425,0.0316228,5,0.000000e+00
2450,0.0316228,5,0.000000e+00
2475,0.0316228,5,0.000000e+00
2500,0.0316228,5,0.000000e+00
2525,0.0316228,5,0.000000e+00
2550,0.0316228,5,0.000000e+00
2575,0.0316228,5,0.000000e+00
2600,0.0316228,5,0.000000e+00
2625,0.0316228,5,0.000000e+00
2650,0.0316228,5,0.000000e+00
2675,0.0316228,5,0.000000e+00
2700,0.0316228,5,0.000000e+00
2725,0.0316228,5,0.000000e+00
2750,0.0316228,5,0.000000e+00
2775,0.0316228,5,0.000000e+00
2800,0.0316228,5,0.000000e+00
2825,0.0316228,5,0.000000e+00
2850,0.0316228,5,0.000000e+00
2875,0.0316228,5,0.000000e+00
2900,0.0316228,5,0.000000e+00
2925,0.0316228,5,0.000000e+00
2950,0.0316228,5,0.000000e+00
2975,0.0316228,5,0.000000e+00
3000,0.0316228,5,0.000000e+00
3025,0.0316228,5,0.000000e+00
3050,0.0316228,5,0.000000e+00
3075,0.0316228,5,0.000000e+00
3100,0.0316228,5,0.000000e+00
3125,0.0316228,5,0.000000e+00
3150,0.0316228,5,1.386160e-01
3175,0.0316228,5,4.973990e-01
3200,0.0316228,5,9.619510e-01
3225,0.0316228,5,1.568580e+00
3250,0.0316228,5,2.369500e+00
3275,0.0316228,5,3.442430e+00
3300,0.0316228,5,4.908330e+00
3325,0.0316228,5,6.966310e+00
3350,0.0316228,5,9.968920e+00
3375,0.0316228,5,1.460530e+01
3400,0.0316228,5,2.242870e+01
3425,0.0316228,5,3.782240e+01
3450,0.0316228,5,7.979110e+01
3475,0.0316228,5,5.000000e+02
3500,0.0316228,5,5.000000e+02
3525,0.0316228,5,5.000000e+02
3550,0.0316228,5,5.000000e+02
3575,0.0316228,5,5.000000e+02
3600,0.0316228,5,5.000000e+02
3625,0.0316228,5,5.000000e+02
3650,0.0316228,5,5.000000e+02
3675,0.0316228,5,5.000000e+02
3700,0.0316228,5,5.000000e+02
3725,0.0316228,5,5.000000e+02
3750,0.0316228,5,5.000000e+02
3775,0.0316228,5,5.000000e+02
3800,0.0316228,5,5.000000e+02
3825,0.0316228,5,5.000000e+02
3850,0.0316228,5,5.000000e+02
3875,0.0316228,5,5.000000e+02
3900,0.0316228,5,5.000000e+02
3925,0.0316228,5,5.000000e+02
3950,0.0316228,5,5.000000e+02
3975,0.0316228,5,5.000000e+02
4000,0.0316228,5,5.000000e+02
4025,0.0316228,5,5.000000e+02
4050,0.0316228,5,5.000000e+02
4075,0.0316228,5,5.000000e+02
4100,0.0316228,5,5.000000e+02
4125,0.0316228,5,5.000000e+02
4150,0.0316228,5,5.000000e+02
4175,0.0316228,5,5.000000e+02
4200,0.0316228,5,5.000000e+02
4225,0.0316228,5,5.000000e+02
4250,0.0316228,5,5.000000e+02
4275,0.0316228,5,5.000000e+02
4300,0.0316228,5,5.000000e+02
4325,0.0316228,5,5.000000e+02
4350,0.0316228,5,5.000000e+02
4375,0.0316228,5,5.000000e+02
4400,0.0316228,5,5.000000e+02
4425,0.0316228,5,5.000000e+02
4450,0.0316228,5,5.000000e+02
4475,0.0316228,5,5.000000e+02
4500,0.0316228,5,5.000000e+02
4525,0.0316228,5,5.000000e+02
4550,0.0316228,5,5.000000e+02
4575,0.0316228,5,5.000000e+02
4600,0.0316228,5,5.000000e+02
4625,0.0316228,5,5.000000e+02
4650,0.0316228,5,5.000000e+02
4675,0.0316228,5,5.000000e+02
4700,0.0316228,5,5.000000e+02
4725,0.0316228,5,5.000000e+02
4750,0.0316228,5,5.000000e+02
4775,0.0316228,5,5.000000e+02
4800,0.0316228,5,5.000000e+02
4825,0.0316228,5,5.000000e+02
4850,0.0316228,5,5.000000e+02
4875,0.0316228,5,5.000000e+02
4900,0.0316228,5,5.000000e+02
4925,0.0316228,5,5.000000e+02
4950,0.0316228,5,5.000000e+02
4975,0.0316228,5,5.000000e+02
5000,0.0316228,5,5.000000e+02
300,0.0562341,5,0.000000e+00
325,0.0562341,5,0.000000e+00
350,0.0562341,5,0.000000e+00
375,0.0562341,5,0.000000e+00
400,0.0562341,5,0.000000e+00
425,0.0562341,5,0.000000e+00
450,0.0562341,5,0.000000e+00
475,0.0562341,5,0.000000e+00
500,0.0562341,5,0.000000e+00
525,0.0562341,5,0.000000e+00
550,0.0562341,5,0.000000e+00
575,0.0562341,5,0.000000e+00
600,0.0562341,5,0.000000e+00
625,0.0562341,5,0.000000e+00
650,0.0562341,5,0.000000e+00
675,0.0562341,5,0.000000e+00
700,0.0562341,5,0.000000e+00
725,0.0562341,5,0.000000e+00
750,0.0562341,5,0.000000e+00
775,0.0562341,5,0.000000e+00
800,0.0562341,5,0.000000e+00
825,0.0562341,5,0.000000e+00
850,0.0562341,5,0.000000e+00
875,0.0562341,5,0.000000e+00
900,0.0562341,5,0.000000e+00
925,0.0562341,5,0.000000e+00
950,0.0562341,5,0.000000e+00
975,0.0562341,5,0.000000e+00
1000,0.0562341,5,0.000000e+00
1025,0.0562341,5,0.000000e+00
1050,0.0562341,5,0.000000e+00
1075,0.0562341,5,0.000000e+00
1100,0.0562341,5,0.000000e+00
1125,0.0562341,5,0.000000e+00
1150,0.0562341,5,0.000000e+00
1175,0.0562341,5,0.000000e+00
1200,0.0562341,5,0.000000e+00
1225,0.0562341,5,0.000000e+00
1250,0.0562341,5,0.000000e+00
1275,0.0562341,5,0.000000e+00
1300,0.0562341,5,0.000000e+00
1325,0.0562341,5,0.000000e+00
1350,0.0562341,5,0.000000e+00
1375,0.0562341,5,0.000000e+00
1400,0.0562341,5,0.000000e+00
1425,0.0562341,5,0.000000e+00
1450,0.0562341,5,0.000000e+00
1475,0.0562341,5,0.000000e+00
1500,0.0562341,5,0.000000e+00
1525,0.0562341,5,0.000000e+00
1550,0.0562341,5,0.000000e+00
1575,0.0562341,5,0.000000e+00
1600,0.0562341,5,0.000000e+00
1625,0.0562341,5,0.000000e+00
1650,0.0562341,5,0.000000e+00
1675,0.0562341,5,0.000000e+00
1700,0.0562341,5,0.000000e+00
1725,0.0562341,5,0.000000e+00
1750,0.0562341,5,0.000000e+00
1775,0.0562341,5,0.000000e+00
1800,0.0562341,5,0.000000e+00
1825,0.0562341,5,0.000000e+00
1850,0.0562341,5,0.000000e+00
1875,0.0562341,5,0.000000e+00
1900,0.0562341,5,0.000000e+00
1925,0.0562341,5,0.000000e+00
1950,0.0562341,5,0.000000e+00
1975,0.0562341,5,0.000000e+00
2000,0.0562341,5,0.000000e+00
2025,0.0562341,5,0.000000e+00
2050,0.0562341,5,0.000000e+00
2075,0.0562341,5,0.000000e+00
2100,0.0562341,5,0.000000e+00
2125,0.0562341,5,0.000000e+00
2150,0.0562341,5,0.000000e+00
2175,0.0562341,5,0.000000e+00
2200,0.0562341,5,0.000000e+00
2225,0.0562341,5,0.000000e+00
2250,0.0562341,5,0.000000e+00
2275,0.0562341,5,0.000000e+00
2300,0.0562341,5,0.000000e+00
2325,0.0562341,5,0.000000e+00
2350,0.0562341,5,0.000000e+00
2375,0.0562341,5,0.000000e+00
2400,0.0562341,5,0.000000e+00
2425,0.0562341,5,0.000000e+00
2450,0.0562341,5,0.000000e+00
2475,0.0562341,5,0.000000e+00
2500,0.0562341,5,0.000000e+00
2525,0.0562341,5,0.000000e+00
2550,0.0562341,5,0.000000e+00
2575,0.0562341,5,0.000000e+00
2600,0.0562341,5,0.000000e+00
2625,0.0562341,5,0.000000e+00
2650,0.0562341,5,0.000000e+00
2675,0.0562341,5,0.000000e+00
2700,0.0562341,5,0.000000e+00
2725,0.0562341,5,0.000000e+00
2750,0.0562341,5,0.000000e+00
2775,0.0562341,5,0.000000e+00
2800,0.0562341,5,0.000000e+00
2825,0.0562341,5,0.000000e+00
2850,0.0562341,5,0.000000e+00
2875,0.0562341,5,0.000000e+00
2900,0.0562341,5,0.000000e+00
2925,0.0562341,5,0.000000e+00
2950,0.0562341,5,0.000000e+00
2975,0.0562341,5,0.000000e+00
3000,0.0562341,5,0.000000e+00
3025,0.0562341,5,0.000000e+00
3050,0.0562341,5,0.000000e+00
3075,0.0562341,5,0.000000e+00
3100,0.0562341,5,0.000000e+00
3125,0.0562341,5,0.000000e+00
3150,0.0562341,5,0.000000e+00
3175,0.0562341,5,0.000000e+00
3200,0.0562341,5,9.677570e-02
3225,0.0562341,5,4.059420e-01
3250,0.0562341,5,7.999750e-01
3275,0.0562341,5,1.306060e+00
3300,0.0562341,5,1.962200e+00
3325,0.0562341,5,2.823110e+00
3350,0.0562341,5,3.970350e+00
3375,0.0562341,5,5.531090e+00
3400,0.0562341,5,7.715040e+00
3425,0.0562341,5,1.089430e+01
3450,0.0562341,5,1.579790e+01
3475,0.0562341,5,2.407330e+01
3500,0.0562341,5,4.038880e+01
3525,0.0562341,5,8.514510e+01
3550,0.0562341,5,5.000000e+02
3575,0.0562341,5,5.000000e+02
3600,0.0562341,5,5.000000e+02
3625,0.0562341,5,5.000000e+02
3650,0.0562341,5,5.000000e+02
3675,0.0562341,5,5.000000e+02
3700,0.0562341,5,5.000000e+02
3725,0.0562341,5,5.000000e+02
3750,0.0562341,5,5.000000e+02
3775,0.0562341,5,5.000000e+02
3800,0.0562341,5,5.000000e+02
3825,0.0562341,5,5.000000e+02
3850,0.0562341,5,5.000000e+02
3875,0.0562341,5,5.000000e+02
3900,0.0562341,5,5.000000e+02
3925,0.0562341,5,5.000000e+02
3950,0.0562341,5,5.000000e+02
3975,0.0562341,5,5.000000e+02
4000,0.0562341,5,5.000000e+02
4025,0.0562341,5,5.000000e+02
4050,0.0562341,5,5.000000e+02
4075,0.0562341,5,5.000000e+02
4100,0.0562341,5,5.000000e+02
4125,0.0562341,5,5.000000e+02
4150,0.0562341,5,5.000000e+02
4175,0.0562341,5,5.000000e+02
4200,0.0562341,5,5.000000e+02
4225,0.0562341,5,5.000000e+02
4250,0.0562341,5,5.000000e+02
4275,0.0562341,5,5.000000e+02
4300,0.0562341,5,5.000000e+02
4325,0.0562341,5,5.000000e+02
4350,0.0562341,5,5.000000e+02
4375,0.0562341,5,5.000000e+02
4400,0.0562341,5,5.000000e+02
4425,0.0562341,5,5.000000e+02
4450,0.0562341,5,5.000000e+02
4475,0.0562341,5,5.000000e+02
4500,0.0562341,5,5.000000e+02
4525,0.0562341,5,5.000000e+02
4550,0.0562341,5,5.000000e+02
4575,0.0562341,5,5.000000e+02
4600,0.0562341,5,5.000000e+02
4625,0.0562341,5,5.000000e+02
4650,0.0562341,5,5.000000e+02
4675,0.0562341,5,5.000000e+02
4700,0.0562341,5,5.000000e+02
4725,0.0562341,5,5.000000e+02
4750,0.0562341,5,5.000000e+02
4775,0.0562341,5,5.000000e+02
4800,0.0562341,5,5.000000e+02
4825,0.0562341,5,5.000000e+02
4850,0.0562341,5,5.000000e+02
4875,0.0562341,5,5.000000e+02
4900,0.0562341,5,5.000000e+02
4925,0.0562341,5,5.000000e+02
4950,0.0562341,5,5.000000e+02
4975,0.0562341,5,5.000000e+02
5000,0.0562341,5,5.000000e+02
300,0.1,5,0.000000e+00
325,0.1,5,0.000000e+00
350,0.1,5,0.000000e+00
375,0.1,5,0.000000e+00
400,0.1,5,0.000000e+00
425,0.1,5,0.000000e+00
450,0.1,5,0.000000e+00
475,0.1,5,0.000000e+00
500,0.1,5,0.000000e+00
525,0.1,5,0.000000e+00
550,0.1,5,0.000000e+00
575,0.1,5,0.000000e+00
600,0.1,5,0.000000e+00
625,0.1,5,0.000000e+00
650,0.1,5,0.000000e+00
675,0.1,5,0.000000e+00
700,0.1,5,0.000000e+00
725,0.1,5,0.000000e+00
750,0.1,5,0.000000e+00
775,0.1,5,0.000000e+00
800,0.1,5,0.000000e+00
825,0.1,5,0.000000e+00
850,0.1,5,0.000000e+00
875,0.1,5,0.000000e+00
900,0.1,5,0.000000e+00
925,0.1,5,0.000000e+00
950,0.1,5,0.000000e+00
975,0.1,5,0.000000e+00
1000,0.1,5,0.000000e+00
1025,0.1,5,0.000000e+00
1050,0.1,5,0.000000e+00
1075,0.1,5,0.000000e+00
1100,0.1,5,0.000000e+00
1125,0.1,5,0.000000e+00
1150,0.1,5,0.000000e+00
1175,0.1,5,0.000000e+00
1200,0.1,5,0.000000e+00
1225,0.1,5,0.000000e+00
1250,0.1,5,0.000000e+00
1275,0.1,5,0.000000e+00
1300,0.1,5,0.000000e+00
1325,0.1,5,0.000000e+00
1350,0.1,5,0.000000e+00
1375,0.1,5,0.000000e+00
1400,0.1,5,0.000000e+00
1425,0.1,5,0.000000e+00
1450,0.1,5,0.000000e+00
1475,0.1,5,0.000000e+00
1500,0.1,5,0.000000e+00
1525,0.1,5,0.000000e+00
1550,0.1,5,0.000000e+00
1575,0.1,5,0.000000e+00
1600,0.1,5,0.000000e+00
1625,0.1,5,0.000000e+00
1650,0.1,5,0.000000e+00
1675,0.1,5,0.000000e+00
1700,0.1,5,0.000000e+00
1725,0.1,5,0.000000e+00
1750,0.1,5,0.000000e+00
1775,0.1,5,0.000000e+00
1800,0.1,5,0.000000e+00
1825,0.1,5,0.000000e+00
1850,0.1,5,0.000000e+00
1875,0.1,5,0.000000e+00
1900,0.1,5,0.000000e+00
1925,0.1,5,0.000000e+00
1950,0.1,5,0.000000e+00
1975,0.1,5,0.000000e+00
2000,0.1,5,0.000000e+00
2025,0.1,5,0.000000e+00
2050,0.1,5,0.000000e+00
2075,0.1,5,0.000000e+00
2100,0.1,5,0.000000e+00
2125,0.1,5,0.000000e+00
2150,0.1,5,0.000000e+00
2175,0.1,5,0.000000e+00
2200,0.1,5,0.000000e+00
2225,0.1,5,0.000000e+00
2250,0.1,5,0.000000e+00
2275,0.1,5,0.000000e+00
2300,0.1,5,0.000000e+00
2325,0.1,5,0.000000e+00
2350,0.1,5,0.000000e+00
2375,0.1,5,0.000000e+00
2400,0.1,5,0.000000e+00
2425,0.1,5,0.000000e+00
2450,0.1,5,0.000000e+00
2475,0.1,5,0.000000e+00
2500,0.1,5,0.000000e+00
2525,0.1,5,0.000000e+00
2550,0.1,5,0.000000e+00
2575,0.1,5,0.000000e+00
2600,0.1,5,0.000000e+00
2625,0.1,5,0.000000e+00
2650,0.1,5,0.000000e+00
2675,0.1,5,0.000000e+00
2700,0.1,5,0.000000e+00
2725,0.1,5,0.000000e+00
2750,0.1,5,0.000000e+00
2775,0.1,5,0.000000e+00
2800,0.1,5,0.000000e+00
2825,0.1,5,0.000000e+00
2850,0.1,5,0.000000e+00
2875,0.1,5,0.000000e+00
2900,0.1,5,0.000000e+00
2925,0.1,5,0.000000e+00
2950,0.1,5,0.000000e+00
2975,0.1,5,0.000000e+00
3000,0.1,5,0.000000e+00
3025,0.1,5,0.000000e+00
3050,0.1,5,0.000000e+00
3075,0.1,5,0.000000e+00
3100,0.1,5,0.000000e+00
3125,0.1,5,0.000000e+00
3150,0.1,5,0.000000e+00
3175,0.1,5,0.000000e+00
3200,0.1,5,0.000000e+00
3225,0.1,5,0.000000e+00
3250,0.1,5,6.841740e-02
3275,0.1,5,3.331590e-01
3300,0.1,5,6.649560e-01
3325,0.1,5,1.083820e+00
3350,0.1,5,1.617030e+00
3375,0.1,5,2.302630e+00
3400,0.1,5,3.195240e+00
3425,0.1,5,4.376000e+00
3450,0.1,5,5.970900e+00
3475,0.1,5,8.186460e+00
3500,0.1,5,1.138600e+01
3525,0.1,5,1.627300e+01
3550,0.1,5,2.440710e+01
3575,0.1,5,4.006810e+01
3600,0.1,5,8.069310e+01
3625,0.1,5,3.907830e+02
3650,0.1,5,5.000000e+02
3675,0.1,5,5.000000e+02
3700,0.1,5,5.000000e+02
3725,0.1,5,5.000000e+02
3750,0.1,5,5.000000e+02
3775,0.1,5,5.000000e+02
3800,0.1,5,5.000000e+02
3825,0.1,5,5.000000e+02
3850,0.1,5,5.000000e+02
3875,0.1,5,5.000000e+02
3900,0.1,5,5.000000e+02
3925,0.1,5,5.000000e+02
3950,0.1,5,5.000000e+02
3975,0.1,5,5.000000e+02
4000,0.1,5,5.000000e+02
4025,0.1,5,5.000000e+02
4050,0.1,5,5.000000e+02
4075,0.1,5,5.000000e+02
4100,0.1,5,5.000000e+02
4125,0.1,5,5.000000e+02
4150,0.1,5,5.000000e+02
4175,0.1,5,5.000000e+02
4200,0.1,5,5.000000e+02
4225,0.1,5,5.000000e+02
4250,0.1,5,5.000000e+02
4275,0.1,5,5.000000e+02
4300,0.1,5,5.000000e+02
4325,0.1,5,5.000000e+02
4350,0.1,5,5.000000e+02
4375,0.1,5,5.000000e+02
4400,0.1,5,5.000000e+02
4425,0.1,5,5.000000e+02
4450,0.1,5,5.000000e+02
4475,0.1,5,5.000000e+02
4500,0.1,5,5.000000e+02
4525,0.1,5,5.000000e+02
4550,0.1,5,5.000000e+02
4575,0.1,5,5.000000e+02
4600,0.1,5,5.000000e+02
4625,0.1,5,5.000000e+02
4650,0.1,5,5.000000e+02
4675,0.1,5,5.000000e+02
4700,0.1,5,5.000000e+02
4725,0.1,5,5.000000e+02
4750,0.1,5,5.000000e+02
4775,0.1,5,5.000000e+02
4800,0.1,5,5.000000e+02
4825,0.1,5,5.000000e+02
4850,0.1,5,5.000000e+02
4875,0.1,5,5.000000e+02
4900,0.1,5,5.000000e+02
4925,0.1,5,5.000000e+02
4950,0.1,5,5.000000e+02
4975,0.1,5,5.000000e+02
5000,0.1,5,5.000000e+02
300,0.177828,5,0.000000e+00
325,0.177828,5,0.000000e+00
350,0.177828,5,0.000000e+00
375,0.177828,5,0.000000e+00
400,0.177828,5,0.000000e+00
425,0.177828,5,0.000000e+00
450,0.177828,5,0.000000e+00
475,0.177828,5,0.000000e+00
500,0.177828,5,0.000000e+00
525,0.177828,5,0.000000e+00
550,0.177828,5,0.000000e+00
575,0.177828,5,0.000000e+00
600,0.177828,5,0.000000e+00
625,0.177828,5,0.000000e+00
650,0.177828,5,0.000000e+00
675,0.177828,5,0.000000e+00
700,0.177828,5,0.000000e+00
725,0.177828,5,0.000000e+00
750,0.177828,5,0.000000e+00
775,0.177828,5,0.000000e+00
800,0.177828,5,0.000000e+00
825,0.177828,5,0.000000e+00
850,0.177828,5,0.000000e+00
875,0.177828,5,0.000000e+00
900,0.177828,5,0.000000e+00
925,0.177828,5,0.000000e+00
950,0.177828,5,0.000000e+00
975,0.177828,5,0.000000e+00
1000,0.177828,5,0.000000e+00
1025,0.177828,5,0.000000e+00
1050,0.177828,5,0.000000e+00
1075,0.177828,5,0.000000e+00
1100,0.177828,5,0.000000e+00
1125,0.177828,5,0.000000e+00
1150,0.177828,5,0.000000e+00
1175,0.177828,5,0.000000e+00
1200,0.177828,5,0.000000e+00
1225,0.177828,5,0.000000e+00
1250,0.177828,5,0.000000e+00
1275,0.177828,5,0.000000e+00
1300,0.177828,5,0.000000e+00
1325,0.177828,5,0.000000e+00
1350,0.177828,5,0.000000e+00
1375,0.177828,5,0.000000e+00
1400,0.177828,5,0.000000e+00
1425,0.177828,5,0.000000e+00
1450,0.177828,5,0.000000e+00
1475,0.177828,5,0.000000e+00
1500,0.177828,5,0.000000e+00
1525,0.177828,5,0.000000e+00
1550,0.177828,5,0.000000e+00
1575,0.177828,5,0.000000e+00
1600,0.177828,5,0.000000e+00
1625,0.177828,5,0.000000e+00
1650,0.177828,5,0.000000e+00
1675,0.177828,5,0.000000e+00
1700,0.177828,5,0.000000e+00
1725,0.177828,5,0.000000e+00
1750,0.177828,5,0.000000e+00
1775,0.177828,5,0.000000e+00
1800,0.177828,5,0.000000e+00
1825,0.177828,5,0.000000e+00
1850,0.177828,5,0.000000e+00
1875,0.177828,5,0.000000e+00
1900,0.177828,5,0.000000e+00
1925,0.177828,5,0.000000e+00
1950,0.177828,5,0.000000e+00
1975,0.177828,5,0.000000e+00
2000,0.177828,5,0.000000e+00
2025,0.177828,5,0.000000e+00
2050,0.177828,5,0.000000e+00
2075,0.177828,5,0.000000e+00
2100,0.177828,5,0.000000e+00
2125,0.177828,5,0.000000e+00
2150,0.177828,5,0.000000e+00
2175,0.177828,5,0.000000e+00
2200,0.177828,5,0.000000e+00
2225,0.177828,5,0.000000e+00
2250,0.177828,5,0.000000e+00
2275,0.177828,5,0.000000e+00
2300,0.177828,5,0.000000e+00
2325,0.177828,5,0.000000e+00
2350,0.177828,5,0.000000e+00
2375,0.177828,5,0.000000e+00
2400,0.177828,5,0.000000e+00
2425,0.177828,5,0.000000e+00
2450,0.177828,5,0.000000e+00
2475,0.177828,5,0.000000e+00
2500,0.177828,5,0.000000e+00
2525,0.177828,5,0.000000e+00
2550,0.177828,5,0.000000e+00
2575,0.177828,5,0.000000e+00
2600,0.177828,5,0.000000e+00
2625,0.177828,5,0.000000e+00
2650,0.177828,5,0.000000e+00
2675,0.177828,5,0.000000e+00
2700,0.177828,5,0.000000e+00
2725,0.177828,5,0.000000e+00
2750,0.177828,5,0.000000e+00
2775,0.177828,5,0.000000e+00
2800,0.177828,5,0.000000e+00
2825,0.177828,5,0.000000e+00
2850,0.177828,5,0.000000e+00
2875,0.177828,5,0.000000e+00
2900,0.177828,5,0.000000e+00
2925,0.177828,5,0.000000e+00
2950,0.177828,5,0.000000e+00
2975,0.177828,5,0.000000e+00
3000,0.177828,5,0.000000e+00
3025,0.177828,5,0.000000e+00
3050,0.177828,5,0.000000e+00
3075,0.177828,5,0.000000e+00
3100,0.177828,5,0.000000e+00
3125,0.177828,5,0.000000e+00
3150,0.177828,5,0.000000e+00
3175,0.177828,5,0.000000e+00
3200,0.177828,5,0.000000e+00
3225,0.177828,5,0.000000e+00
3250,0.177828,5,0.000000e+00
3275,0.177828,5,0.000000e+00
3300,0.177828,5,5.740140e-02
3325,0.177828,5,2.838290e-01
3350,0.177828,5,5.625870e-01
3375,0.177828,5,9.082040e-01
3400,0.177828,5,1.340020e+00
3425,0.177828,5,1.884260e+00
3450,0.177828,5,2.577300e+00
3475,0.177828,5,3.470990e+00
3500,0.177828,5,4.641790e+00
3525,0.177828,5,6.207110e+00
3550,0.177828,5,8.356880e+00
3575,0.177828,5,1.141920e+01
3600,0.177828,5,1.601320e+01
3625,0.177828,5,2.346020e+01
3650,0.177828,5,3.716410e+01
3675,0.177828,5,6.932320e+01
3700,0.177828,5,2.199450e+02
3725,0.177828,5,5.000000e+02
3750,0.177828,5,5.000000e+02
3775,0.177828,5,5.000000e+02
3800,0.177828,5,5.000000e+02
3825,0.177828,5,5.000000e+02
3850,0.177828,5,5.000000e+02
3875,0.177828,5,5.000000e+02
3900,0.177828,5,5.000000e+02
3925,0.177828,5,5.000000e+02
3950,0.177828,5,5.000000e+02
3975,0.177828,5,5.000000e+02
4000,0.177828,5,5.000000e+02
4025,0.177828,5,5.000000e+02
4050,0.177828,5,5.000000e+02
4075,0.177828,5,5.000000e+02
4100,0.177828,5,5.000000e+02
4125,0.177828,5,5.000000e+02
4150,0.177828,5,5.000000e+02
4175,0.177828,5,5.000000e+02
4200,0.177828,5,5.000000e+02
4225,0.177828,5,5.000000e+02
4250,0.177828,5,5.000000e+02
4275,0.177828,5,5.000000e+02
4300,0.177828,5,5.000000e+02
4325,0.177828,5,5.000000e+02
4350,0.177828,5,5.000000e+02
4375,0.177828,5,5.000000e+02
4400,0.177828,5,5.000000e+02
4425,0.177828,5,5.000000e+02
4450,0.177828,5,5.000000e+02
4475,0.177828,5,5.000000e+02
4500,0.177828,5,5.000000e+02
4525,0.177828,5,5.000000e+02
4550,0.177828,5,5.000000e+02
4575,0.177828,5,5.000000e+02
4600,0.177828,5,5.000000e+02
4625,0.177828,5,5.000000e+02
4650,0.177828,5,5.000000e+02
4675,0.177828,5,5.000000e+02
4700,0.177828,5,5.000000e+02
4725,0.177828,5,5.000000e+02
4750,0.177828,5,5.000000e+02
4775,0.177828,5,5.000000e+02
4800,0.177828,5,5.000000e+02
4825,0.177828,5,5.000000e+02
4850,0.177828,5,5.000000e+02
4875,0.177828,5,5.000000e+02
4900,0.177828,5,5.000000e+02
4925,0.177828,5,5.000000e+02
4950,0.177828,5,5.000000e+02
4975,0.177828,5,5.000000e+02
5000,0.177828,5,5.000000e+02
300,0.316228,5,0.000000e+00
325,0.316228,5,0.000000e+00
350,0.316228,5,0.000000e+00
375,0.316228,5,0.000000e+00
400,0.316228,5,0.000000e+00
425,0.316228,5,0.000000e+00
450,0.316228,5,0.000000e+00
475,0.316228,5,0.000000e+00
500,0.316228,5,0.000000e+00
525,0.316228,5,0.000000e+00
550,0.316228,5,0.000000e+00
575,0.316228,5,0.000000e+00
600,0.316228,5,0.000000e+00
625,0.316228,5,0.000000e+00
650,0.316228,5,0.000000e+00
675,0.316228,5,0.000000e+00
700,0.316228,5,0.000000e+00
725,0.316228,5,0.000000e+00
750,0.316228,5,0.000000e+00
775,0.316228,5,0.000000e+00
800,0.316228,5,0.000000e+00
825,0.316228,5,0.000000e+00
850,0.316228,5,0.000000e+00
875,0.316228,5,0.000000e+00
900,0.316228,5,0.000000e+00
925,0.316228,5,0.000000e+00
950,0.316228,5,0.000000e+00
975,0.316228,5,0.000000e+00
1000,0.316228,5,0.000000e+00
1025,0.316228,5,0.000000e+00
1050,0.316228,5,0.000000e+00
1075,0.316228,5,0.000000e+00
1100,0.316228,5,0.000000e+00
1125,0.316228,5,0.000000e+00
1150,0.316228,5,0.000000e+00
1175,0.316228,5,0.000000e+00
1200,0.316228,5,0.000000e+00
1225,0.316228,5,0.000000e+00
1250,0.316228,5,0.000000e+00
1275,0.316228,5,0.000000e+00
1300,0.316228,5,0.000000e+00
1325,0.316228,5,0.000000e+00
1350,0.316228,5,0.000000e+00
1375,0.316228,5,0.000000e+00
1400,0.316228,5,0.000000e+00
1425,0.316228,5,0.000000e+00
1450,0.316228,5,0.000000e+00
1475,0.316228,5,0.000000e+00
1500,0.316228,5,0.000000e+00
1525,0.316228,5,0.000000e+00
1550,0.316228,5,0.000000e+00
1575,0.316228,5,0.000000e+00
1600,0.316228,5,0.000000e+00
1625,0.316228,5,0.000000e+00
1650,0.316228,5,0.000000e+00
1675,0.316228,5,0.000000e+00
1700,0.316228,5,0.000000e+00
1725,0.316228,5,0.000000e+00
1750,0.316228,5,0.000000e+00
1775,0.316228,5,0.000000e+00
1800,0.316228,5,0.000000e+00
1825,0.316228,5,0.000000e+00
1850,0.316228,5,0.000000e+00
1875,0.316228,5,0.000000e+00
1900,0.316228,5,0.000000e+00
1925,0.316228,5,0.000000e+00
1950,0.316228,5,0.000000e+00
1975,0.316228,5,0.000000e+00
2000,0.316228,5,0.000000e+00
2025,0.316228,5,0.000000e+00
2050,0.316228,5,0.000000e+00
2075,0.316228,5,0.000000e+00
2100,0.316228,5,0.000000e+00
2125,0.316228,5,0.000000e+00
2150,0.316228,5,0.000000e+00
2175,0.316228,5,0.000000e+00
2200,0.316228,5,0.000000e+00
2225,0.316228,5,0.000000e+00
2250,0.316228,5,0.000000e+00
2275,0.316228,5,0.000000e+00
2300,0.316228,5,0.000000e+00
2325,0.316228,5,0.000000e+00
2350,0.316228,5,0.000000e+00
2375,0.316228,5,0.000000e+00
2400,0.316228,5,0.000000e+00
2425,0.316228,5,0.000000e+00
2450,0.316228,5,0.000000e+00
2475,0.316228,5,0.000000e+00
2500,0.316228,5,0.000000e+00
2525,0.316228,5,0.000000e+00
2550,0.316228,5,0.000000e+00
2575,0.316228,5,0.000000e+00
2600,0.316228,5,0.000000e+00
2625,0.316228,5,0.000000e+00
2650,0.316228,5,0.000000e+00
2675,0.316228,5,0.000000e+00
2700,0.316228,5,0.000000e+00
2725,0.316228,5,0.000000e+00
2750,0.316228,5,0.000000e+00
2775,0.316228,5,0.000000e+00
2800,0.316228,5,0.000000e+00
2825,0.316228,5,0.000000e+00
2850,0.316228,5,0.000000e+00
2875,0.316228,5,0.000000e+00
2900,0.316228,5,0.000000e+00
2925,0.316228,5,0.000000e+00
2950,0.316228,5,0.000000e+00
2975,0.316228,5,0.000000e+00
3000,0.316228,5,0.000000e+00
3025,0.316228,5,0.000000e+00
3050,0.316228,5,0.000000e+00
3075,0.316228,5,0.000000e+00
3100,0.316228,5,0.000000e+00
3125,0.316228,5,0.000000e+00
3150,0.316228,5,0.000000e+00
3175,0.316228,5,0.000000e+00
3200,0.316228,5,0.000000e+00
3225,0.316228,5,0.000000e+00
3250,0.316228,5,0.000000e+00
3275,0.316228,5,0.000000e+00
3300,0.316228,5,0.000000e+00
3325,0.316228,5,0.000000e+00
3350,0.316228,5,6.580400e-02
3375,0.316228,5,2.602530e-01
3400,0.316228,5,4.951730e-01
3425,0.316228,5,7.809950e-01
3450,0.316228,5,1.131300e+00
3475,0.316228,5,1.564060e+00
3500,0.316228,5,2.103410e+00
3525,0.316228,5,2.782580e+00
3550,0.316228,5,3.648440e+00
3575,0.316228,5,4.769180e+00
3600,0.316228,5,6.247930e+00
3625,0.316228,5,8.248150e+00
3650,0.316228,5,1.104480e+01
3675,0.316228,5,1.513810e+01
3700,0.316228,5,2.154110e+01
3725,0.316228,5,3.265430e+01
3750,0.316228,5,5.584270e+01
3775,0.316228,5,1.296590e+02
3800,0.316228,5,5.000000e+02
3825,0.316228,5,5.000000e+02
3850,0.316228,5,5.000000e+02
3875,0.316228,5,5.000000e+02
3900,0.316228,5,5.000000e+02
3925,0.316228,5,5.000000e+02
3950,0.316228,5,5.000000e+02
3975,0.316228,5,5.000000e+02
4000,0.316228,5,5.000000e+02
4025,0.316228,5,5.000000e+02
4050,0.316228,5,5.000000e+02
4075,0.316228,5,5.000000e+02
4100,0.316228,5,5.000000e+02
4125,0.316228,5,5.000000e+02
4150,0.316228,5,5.000000e+02
4175,0.316228,5,5.000000e+02
4200,0.316228,5,5.000000e+02
4225,0.316228,5,5.000000e+02
4250,0.316228,5,5.000000e+02
4275,0.316228,5,5.000000e+02
4300,0.316228,5,5.000000e+02
4325,0.316228,5,5.000000e+02
4350,0.316228,5,5.000000e+02
4375,0.316228,5,5.000000e+02
4400,0.316228,5,5.000000e+02
4425,0.316228,5,5.000000e+02
4450,0.316228,5,5.000000e+02
4475,0.316228,5,5.000000e+02
4500,0.316228,5,5.000000e+02
4525,0.316228,5,5.000000e+02
4550,0.316228,5,5.000000e+02
4575,0.316228,5,5.000000e+02
4600,0.316228,5,5.000000e+02
4625,0.316228,5,5.000000e+02
4650,0.316228,5,5.000000e+02
4675,0.316228,5,5.000000e+02
4700,0.316228,5,5.000000e+02
4725,0.316228,5,5.000000e+02
4750,0.316228,5,5.000000e+02
4775,0.316228,5,5.000000e+02
4800,0.316228,5,5.000000e+02
4825,0.316228,5,5.000000e+02
4850,0.316228,5,5.000000e+02
4875,0.316228,5,5.000000e+02
4900,0.316228,5,5.000000e+02
4925,0.316228,5,5.000000e+02
4950,0.316228,5,5.000000e+02
4975,0.316228,5,5.000000e+02
5000,0.316228,5,5.000000e+02
300,0.562341,5,0.000000e+00
325,0.562341,5,0.000000e+00
350,0.562341,5,0.000000e+00
375,0.562341,5,0.000000e+00
400,0.562341,5,0.000000e+00
425,0.562341,5,0.000000e+00
450,0.562341,5,0.000000e+00
475,0.562341,5,0.000000e+00
500,0.562341,5,0.000000e+00
525,0.562341,5,0.000000e+00
550,0.562341,5,0.000000e+00
575,0.562341,5,0.000000e+00
600,0.562341,5,0.000000e+00
625,0.562341,5,0.000000e+00
650,0.562341,5,0.000000e+00
675,0.562341,5,0.000000e+00
700,0.562341,5,0.000000e+00
725,0.562341,5,0.000000e+00
750,0.562341,5,0.000000e+00
775,0.562341,5,0.000000e+00
800,0.562341,5,0.000000e+00
825,0.562341,5,0.000000e+00
850,0.562341,5,0.000000e+00
875,0.562341,5,0.000000e+00
900,0.562341,5,0.000000e+00
925,0.562341,5,0.000000e+00
950,0.562341,5,0.000000e+00
975,0.562341,5,0.000000e+00
1000,0.562341,5,0.000000e+00
1025,0.562341,5,0.000000e+00
1050,0.562341,5,0.000000e+00
1075,0.562341,5,0.000000e+00
1100,0.562341,5,0.000000e+00
1125,0.562341,5,0.000000e+00
1150,0.562341,5,0.000000e+00
1175,0.562341,5,0.000000e+00
1200,0.562341,5,0.000000e+00
1225,0.562341,5,0.000000e+00
1250,0.562341,5,0.000000e+00
1275,0.562341,5,0.000000e+00
1300,0.562341,5,0.000000e+00
1325,0.562341,5,0.000000e+00
1350,0.562341,5,0.000000e+00
1375,0.562341,5,0.000000e+00
1400,0.562341,5,0.000000e+00
1425,0.562341,5,0.000000e+00
1450,0.562341,5,0.000000e+00
1475,0.562341,5,0.000000e+00
1500,0.562341,5,0.000000e+00
1525,0.562341,5,0.000000e+00
1550,0.562341,5,0.000000e+00
1575,0.562341,5,0.000000e+00
1600,0.562341,5,0.000000e+00
1625,0.562341,5,0.000000e+00
1650,0.562341,5,0.000000e+00
1675,0.562341,5,0.000000e+00
1700,0.562341,5,0.000000e+00
1725,0.562341,5,0.000000e+00
1750,0.562341,5,0.000000e+00
1775,0.562341,5,0.000000e+00
1800,0.562341,5,0.000000e+00
1825,0.562341,5,0.000000e+00
1850,0.562341,5,0.000000e+00
1875,0.562341,5,0.000000e+00
1900,0.562341,5,0.000000e+00
1925,0.562341,5,0.000000e+00
1950,0.562341,5,0.000000e+00
1975,0.562341,5,0.000000e+00
2000,0.562341,5,0.000000e+00
2025,0.562341,5,0.000000e+00
2050,0.562341,5,0.000000e+00
2075,0.562341,5,0.000000e+00
2100,0.562341,5,0.000000e+00
2125,0.562341,5,0.000000e+00
2150,0.562341,5,0.000000e+00
2175,0.562341,5,0.000000e+00
2200,0.562341,5,0.000000e+00
2225,0.562341,5,0.000000e+00
2250,0.562341,5,0.000000e+00
2275,0.562341,5,0.000000e+00
2300,0.562341,5,0.000000e+00
2325,0.562341,5,0.000000e+00
2350,0.562341,5,0.000000e+00
2375,0.562341,5,0.000000e+00
2400,0.562341,5,0.000000e+00
2425,0.562341,5,0.000000e+00
2450,0.562341,5,0.000000e+00
2475,0.562341,5,0.000000e+00
2500,0.562341,5,0.000000e+00
2525,0.562341,5,0.000000e+00
2550,0.562341,5,0.000000e+00
2575,0.562341,5,0.000000e+00
2600,0.562341,5,0.000000e+00
2625,0.562341,5,0.000000e+00
2650,0.562341,5,0.000000e+00
2675,0.562341,5,0.000000e+00
2700,0.562341,5,0.000000e+00
2725,0.562341,5,0.000000e+00
2750,0.562341,5,0.000000e+00
2775,0.562341,5,0.000000e+00
2800,0.562341,5,0.000000e+00
2825,0.562341,5,0.000000e+00
2850,0.562341,5,0.000000e+00
2875,0.562341,5,0.000000e+00
2900,0.562341,5,0.000000e+00
2925,0.562341,5,0.000000e+00
2950,0.562341,5,0.000000e+00
2975,0.562341,5,0.000000e+00
3000,0.562341,5,0.000000e+00
3025,0.562341,5,0.000000e+00
3050,0.562341,5,0.000000e+00
3075,0.562341,5,0.000000e+00
3100,0.562341,5,0.000000e+00
3125,0.562341,5,0.000000e+00
3150,0.562341,5,0.000000e+00
3175,0.562341,5,0.000000e+00
3200,0.562341,5,0.000000e+00
3225,0.562341,5,0.000000e+00
3250,0.562341,5,0.000000e+00
3275,0.562341,5,0.000000e+00
3300,0.562341,5,0.000000e+00
3325,0.562341,5,0.000000e+00
3350,0.562341,5,0.000000e+00
3375,0.562341,5,0.000000e+00
3400,0.562341,5,9.422580e-02
3425,0.562341,5,2.627410e-01
3450,0.562341,5,4.623790e-01
3475,0.562341,5,7.005670e-01
3500,0.562341,5,9.867860e-01
3525,0.562341,5,1.333280e+00
3550,0.562341,5,1.756080e+00
3575,0.562341,5,2.276560e+00
3600,0.562341,5,2.923720e+00
3625,0.562341,5,3.737960e+00
3650,0.562341,5,4.777080e+00
3675,0.562341,5,6.126720e+00
3700,0.562341,5,7.919210e+00
3725,0.562341,5,1.037000e+01
3750,0.562341,5,1.385420e+01
3775,0.562341,5,1.908630e+01
3800,0.562341,5,2.761070e+01
3825,0.562341,5,4.347800e+01
3850,0.562341,5,8.168830e+01
3875,0.562341,5,2.796110e+02
3900,0.562341,5,5.000000e+02
3925,0.562341,5,5.000000e+02
3950,0.562341,5,5.000000e+02
3975,0.562341,5,5.000000e+02
4000,0.562341,5,5.000000e+02
4025,0.562341,5,5.000000e+02
4050,0.562341,5,5.000000e+02
4075,0.562341,5,5.000000e+02
4100,0.562341,5,5.000000e+02
4125,0.562341,5,5.000000e+02
4150,0.562341,5,5.000000e+02
4175,0.562341,5,5.000000e+02
4200,0.562341,5,5.000000e+02
4225,0.562341,5,5.000000e+02
4250,0.562341,5,5.000000e+02
4275,0.562341,5,5.000000e+02
4300,0.562341,5,5.000000e+02
4325,0.562341,5,5.000000e+02
4350,0.562341,5,5.000000e+02
4375,0.562341,5,5.000000e+02
4400,0.562341,5,5.000000e+02
4425,0.562341,5,5.000000e+02
4450,0.562341,5,5.000000e+02
4475,0.562341,5,5.000000e+02
4500,0.562341,5,5.000000e+02
4525,0.562341,5,5.000000e+02
4550,0.562341,5,5.000000e+02
4575,0.562341,5,5.000000e+02
4600,0.562341,5,5.000000e+02
4625,0.562341,5,5.000000e+02
4650,0.562341,5,5.000000e+02
4675,0.562341,5,5.000000e+02
4700,0.562341,5,5.000000e+02
4725,0.562341,5,5.000000e+02
4750,0.562341,5,5.000000e+02
4775,0.562341,5,5.000000e+02
4800,0.562341,5,5.000000e+02
4825,0.562341,5,5.000000e+02
4850,0.562341,5,5.000000e+02
4875,0.562341,5,5.000000e+02
4900,0.562341,5,5.000000e+02
4925,0.562341,5,5.000000e+02
4950,0.562341,5,5.000000e+02
4975,0.562341,5,5.000000e+02
5000,0.562341,5,5.000000e+02
300,1,5,0.000000e+00
325,1,5,0.000000e+00
350,1,5,0.000000e+00
375,1,5,0.000000e+00
400,1,5,0.000000e+00
425,1,5,0.000000e+00
450,1,5,0.000000e+00
475,1,5,0.000000e+00
500,1,5,0.000000e+00
525,1,5,0.000000e+00
550,1,5,0.000000e+00
575,1,5,0.000000e+00
600,1,5,0.000000e+00
625,1,5,0.000000e+00
650,1,5,0.000000e+00
675,1,5,0.000000e+00
700,1,5,0.000000e+00
725,1,5,0.000000e+00
750,1,5,0.000000e+00
775,1,5,0.000000e+00
800,1,5,0.000000e+00
825,1,5,0.000000e+00
850,1,5,0.000000e+00
875,1,5,0.000000e+00
900,1,5,0.000000e+00
925,1,5,0.000000e+00
950,1,5,0.000000e+00
975,1,5,0.000000e+00
1000,1,5,0.000000e+00
1025,1,5,0.000000e+00
1050,1,5,0.000000e+00
1075,1,5,0.000000e+00
1100,1,5,0.000000e+00
1125,1,5,0.000000e+00
1150,1,5,0.000000e+00
1175,1,5,0.000000e+00
1200,1,5,0.000000e+00
1225,1,5,0.000000e+00
1250,1,5,0.000000e+00
1275,1,5,0.000000e+00
1300,1,5,0.000000e+00
1325,1,5,0.000000e+00
1350,1,5,0.000000e+00
1375,1,5,0.000000e+00
1400,1,5,0.000000e+00
1425,1,5,0.000000e+00
1450,1,5,0.000000e+00
1475,1,5,0.000000e+00
1500,1,5,0.000000e+00
1525,1,5,0.000000e+00
1550,1,5,0.000000e+00
1575,1,5,0.000000e+00
1600,1,5,0.000000e+00
1625,1,5,0.000000e+00
1650,1,5,0.000000e+00
1675,1,5,0.000000e+00
1700,1,5,0.000000e+00
1725,1,5,0.000000e+00
1750,1,5,0.000000e+00
1775,1,5,0.000000e+00
1800,1,5,0.000000e+00
1825,1,5,0.000000e+00
1850,1,5,0.000000e+00
1875,1,5,0.000000e+00
1900,1,5,0.000000e+00
1925,1,5,0.000000e+00
1950,1,5,0.000000e+00
1975,1,5,0.000000e+00
2000,1,5,0.000000e+00
2025,1,5,0.000000e+00
2050,1,5,0.000000e+00
2075,1,5,0.000000e+00
2100,1,5,0.000000e+00
2125,1,5,0.000000e+00
2150,1,5,0.000000e+00
2175,1,5,0.000000e+00
2200,1,5,0.000000e+00
2225,1,5,0.000000e+00
2250,1,5,0.000000e+00
2275,1,5,0.000000e+00
2300,1,5,0.000000e+00
2325,1,5,0.000000e+00
2350,1,5,0.000000e+00
2375,1,5,0.000000e+00
2400,1,5,0.000000e+00
2425,1,5,0.000000e+00
2450,1,5,0.000000e+00
2475,1,5,0.000000e+00
2500,1,5,0.000000e+00
2525,1,5,0.000000e+00
2550,1,5,0.000000e+00
2575,1,5,0.000000e+00
2600,1,5,0.000000e+00
2625,1,5,0.000000e+00
2650,1,5,0.000000e+00
2675,1,5,0.000000e+00
2700,1,5,0.000000e+00
2725,1,5,0.000000e+00
2750,1,5,0.000000e+00
2775,1,5,0.000000e+00
2800,1,5,0.000000e+00
2825,1,5,0.000000e+00
2850,1,5,0.000000e+00
2875,1,5,0.000000e+00
2900,1,5,0.000000e+00
2925,1,5,0.000000e+00
2950,1,5,0.000000e+00
2975,1,5,0.000000e+00
3000,1,5,0.000000e+00
3025,1,5,0.000000e+00
3050,1,5,0.000000e+00
3075,1,5,0.000000e+00
3100,1,5,0.000000e+00
3125,1,5,0.000000e+00
3150,1,5,0.000000e+00
3175,1,5,0.000000e+00
3200,1,5,0.000000e+00
3225,1,5,0.000000e+00
3250,1,5,0.000000e+00
3275,1,5,0.000000e+00
3300,1,5,0.000000e+00
3325,1,5,0.000000e+00
3350,1,5,0.000000e+00
3375,1,5,0.000000e+00
3400,1,5,0.000000e+00
3425,1,5,1.383350e-02
3450,1,5,1.421950e-01
3475,1,5,2.902080e-01
3500,1,5,4.620980e-01
3525,1,5,6.631230e-01
3550,1,5,8.998730e-01
3575,1,5,1.180680e+00
3600,1,5,1.516210e+00
3625,1,5,1.920270e+00
3650,1,5,2.411020e+00
3675,1,5,3.012810e+00
3700,1,5,3.758930e+00
3725,1,5,4.696160e+00
3750,1,5,5.892120e+00
3775,1,5,7.448350e+00
3800,1,5,9.524190e+00
3825,1,5,1.238420e+01
3850,1,5,1.650090e+01
3875,1,5,2.280610e+01
3900,1,5,3.341680e+01
3925,1,5,5.435990e+01
3950,1,5,1.120490e+02
3975,1,5,5.000000e+02
4000,1,5,5.000000e+02
4025,1,5,5.000000e+02
4050,1,5,5.000000e+02
4075,1,5,5.000000e+02
4100,1,5,5.000000e+02
4125,1,5,5.000000e+02
4150,1,5,5.000000e+02
4175,1,5,5.000000e+02
4200,1,5,5.000000e+02
4225,1,5,5.000000e+02
4250,1,5,5.000000e+02
4275,1,5,5.000000e+02
4300,1,5,5.000000e+02
4325,1,5,5.000000e+02
4350,1,5,5.000000e+02
4375,1,5,5.000000e+02
4400,1,5,5.000000e+02
4425,1,5,5.000000e+02
4450,1,5,5.000000e+02
4475,1,5,5.000000e+02
4500,1,5,5.000000e+02
4525,1,5,5.000000e+02
4550,1,5,5.000000e+02
4575,1,5,5.000000e+02
4600,1,5,5.000000e+02
4625,1,5,5.000000e+02
4650,1,5,5.000000e+02
4675,1,5,5.000000e+02
4700,1,5,5.000000e+02
4725,1,5,5.000000e+02
4750,1,5,5.000000e+02
4775,1,5,5.000000e+02
4800,1,5,5.000000e+02
4825,1,5,5.000000e+02
4850,1,5,5.000000e+02
4875,1,5,5.000000e+02
4900,1,5,5.000000e+02
4925,1,5,5.000000e+02
4950,1,5,5.000000e+02
4975,1,5,5.000000e+02
5000,1,5,5.000000e+02
300,1.77828,5,0.000000e+00
325,1.77828,5,0.000000e+00
350,1.77828,5,0.000000e+00
375,1.77828,5,0.000000e+00
400,1.77828,5,0.000000e+00
425,1.77828,5,0.000000e+00
450,1.77828,5,0.000000e+00
475,1.77828,5,0.000000e+00
500,1.77828,5,0.000000e+00
525,1.77828,5,0.000000e+00
550,1.77828,5,0.000000e+00
575,1.77828,5,0.000000e+00
600,1.77828,5,0.000000e+00
625,1.77828,5,0.000000e+00
650,1.77828,5,0.000000e+00
675,1.77828,5,0.000000e+00
700,1.77828,5,0.000000e+00
725,1.77828,5,0.000000e+00
750,1.77828,5,0.000000e+00
775,1.77828,5,0.000000e+00
800,1.77828,5,0.000000e+00
825,1.77828,5,0.000000e+00
850,1.77828,5,0.000000e+00
875,1.77828,5,0.000000e+00
900,1.77828,5,0.000000e+00
925,1.77828,5,0.000000e+00
950,1.77828,5,0.000000e+00
975,1.77828,5,0.000000e+00
1000,1.77828,5,0.000000e+00
1025,1.77828,5,0.000000e+00
1050,1.77828,5,0.000000e+00
1075,1.77828,5,0.000000e+00
1100,1.77828,5,0.000000e+00
1125,1.77828,5,0.000000e+00
1150,1.77828,5,0.000000e+00
1175,1.77828,5,0.000000e+00
1200,1.77828,5,0.000000e+00
1225,1.77828,5,0.000000e+00
1250,1.77828,5,0.000000e+00
1275,1.77828,5,0.000000e+00
1300,1.77828,5,0.000000e+00
1325,1.77828,5,0.000000e+00
1350,1.77828,5,0.000000e+00
1375,1.77828,5,0.000000e+00
1400,1.77828,5,0.000000e+00
1425,1.77828,5,0.000000e+00
1450,1.77828,5,0.000000e+00
1475,1.77828,5,0.000000e+00
1500,1.77828,5,0.000000e+00
1525,1.77828,5,0.000000e+00
1550,1.77828,5,0.000000e+00
1575,1.77828,5,0.000000e+00
1600,1.77828,5,0.000000e+00
1625,1.77828,5,0.000000e+00
1650,1.77828,5,0.000000e+00
1675,1.77828,5,0.000000e+00
1700,1.77828,5,0.000000e+00
1725,1.77828,5,0.000000e+00
1750,1.77828,5,0.000000e+00
1775,1.77828,5,0.000000e+00
1800,1.77828,5,0.000000e+00
1825,1.77828,5,0.000000e+00
1850,1.77828,5,0.000000e+00
1875,1.77828,5,0.000000e+00
1900,1.77828,5,0.000000e+00
1925,1.77828,5,0.000000e+00
1950,1.77828,5,0.000000e+00
1975,1.77828,5,0.000000e+00
2000,1.77828,5,0.000000e+00
2025,1.77828,5,0.000000e+00
2050,1.77828,5,0.000000e+00
2075,1.77828,5,0.000000e+00
2100,1.77828,5,0.000000e+00
2125,1.77828,5,0.000000e+00
2150,1.77828,5,0.000000e+00
2175,1.77828,5,0.000000e+00
2200,1.77828,5,0.000000e+00
2225,1.77828,5,0.000000e+00
2250,1.77828,5,0.000000e+00
2275,1.77828,5,0.000000e+00
2300,1.77828,5,0.000000e+00
2325,1.77828,5,0.000000e+00
2350,1.77828,5,0.000000e+00
2375,1.77828,5,0.000000e+00
2400,1.77828,5,0.000000e+00
2425,1.77828,5,0.000000e+00
2450,1.77828,5,0.000000e+00
2475,1.77828,5,0.000000e+00
2500,1.77828,5,0.000000e+00
2525,1.77828,5,0.000000e+00
2550,1.77828,5,0.000000e+00
2575,1.77828,5,0.000000e+00
2600,1.77828,5,0.000000e+00
2625,1.77828,5,0.000000e+00
2650,1.77828,5,0.000000e+00
2675,1.77828,5,0.000000e+00
2700,1.77828,5,0.000000e+00
2725,1.77828,5,0.000000e+00
2750,1.77828,5,0.000000e+00
2775,1.77828,5,0.000000e+00
2800,1.77828,5,0.000000e+00
2825,1.77828,5,0.000000e+00
2850,1.77828,5,0.000000e+00
2875,1.77828,5,0.000000e+00
2900,1.77828,5,0.000000e+00
2925,1.77828,5,0.000000e+00
2950,1.77828,5,0.000000e+00
2975,1.77828,5,0.000000e+00
3000,1.77828,5,0.000000e+00
3025,1.77828,5,0.000000e+00
3050,1.77828,5,0.000000e+00
3075,1.77828,5,0.000000e+00
3100,1.77828,5,0.000000e+00
3125,1.77828,5,0.000000e+00
3150,1.77828,5,0.000000e+00
3175,1.77828,5,0.000000e+00
3200,1.77828,5,0.000000e+00
3225,1.77828,5,0.000000e+00
3250,1.77828,5,0.000000e+00
3275,1.77828,5,0.000000e+00
3300,1.77828,5,0.000000e+00
3325,1.77828,5,0.000000e+00
3350,1.77828,5,0.000000e+00
3375,1.77828,5,0.000000e+00
3400,1.77828,5,0.000000e+00
3425,1.77828,5,0.000000e+00
3450,1.77828,5,0.000000e+00
3475,1.77828,5,9.167700e-02
3500,1.77828,5,2.085560e-01
3525,1.77828,5,3.407360e-01
3550,1.77828,5,4.912440e-01
3575,1.77828,5,6.637860e-01
3600,1.77828,5,8.629340e-01
3625,1.77828,5,1.094370e+00
3650,1.77828,5,1.365190e+00
3675,1.77828,5,1.684390e+00
3700,1.77828,5,2.063470e+00
3725,1.77828,5,2.517350e+00
3750,1.77828,5,3.065700e+00
3775,1.77828,5,3.734950e+00
3800,1.77828,5,4.561420e+00
3825,1.77828,5,5.596290e+00
3850,1.77828,5,6.914040e+00
3875,1.77828,5,8.627130e+00
3900,1.77828,5,1.091350e+01
3925,1.77828,5,1.407160e+01
3950,1.77828,5,1.864100e+01
3975,1.77828,5,2.570420e+01
4000,1.77828,5,3.778360e+01
4025,1.77828,5,6.236730e+01
4050,1.77828,5,1.354520e+02
4075,1.77828,5,5.000000e+02
4100,1.77828,5,5.000000e+02
4125,1.77828,5,5.000000e+02
4150,1.77828,5,5.000000e+02
4175,1.77828,5,5.000000e+02
4200,1.77828,5,5.000000e+02
4225,1.77828,5,5.000000e+02
4250,1.77828,5,5.000000e+02
4275,1.77828,5,5.000000e+02
4300,1.77828,5,5.000000e+02
4325,1.77828,5,5.000000e+02
4350,1.77828,5,5.000000e+02
4375,1.77828,5,5.000000e+02
4400,1.77828,5,5.000000e+02
4425,1.77828,5,5.000000e+02
4450,1.77828,5,5.000000e+02
4475,1.77828,5,5.000000e+02
4500,1.77828,5,5.000000e+02
4525,1.77828,5,5.000000e+02
4550,1.77828,5,5.000000e+02
4575,1.77828,5,5.000000e+02
4600,1.77828,5,5.000000e+02
4625,1.77828,5,5.000000e+02
4650,1.77828,5,5.000000e+02
4675,1.77828,5,5.000000e+02
4700,1.77828,5,5.000000e+02
4725,1.77828,5,5.000000e+02
4750,1.77828,5,5.000000e+02
4775,1.77828,5,5.000000e+02
4800,1.77828,5,5.000000e+02
4825,1.77828,5,5.000000e+02
4850,1.77828,5,5.000000e+02
4875,1.77828,5,5.000000e+02
4900,1.77828,5,5.000000e+02
4925,1.77828,5,5.000000e+02
4950,1.77828,5,5.000000e+02
4975,1.77828,5,5.000000e+02
5000,1.77828,5,5.000000e+02
300,3.16228,5,0.000000e+00
325,3.16228,5,0.000000e+00
350,3.16228,5,0.000000e+00
375,3.16228,5,0.000000e+00
400,3.16228,5,0.000000e+00
425,3.16228,5,0.000000e+00
450,3.16228,5,0.000000e+00
475,3.16228,5,0.000000e+00
500,3.16228,5,0.000000e+00
525,3.16228,5,0.000000e+00
550,3.16228,5,0.000000e+00
575,3.16228,5,0.000000e+00
600,3.16228,5,0.000000e+00
625,3.16228,5,0.000000e+00
650,3.16228,5,0.000000e+00
675,3.16228,5,0.000000e+00
700,3.16228,5,0.000000e+00
725,3.16228,5,0.000000e+00
750,3.16228,5,0.000000e+00
775,3.16228,5,0.000000e+00
800,3.16228,5,0.000000e+00
825,3.16228,5,0.000000e+00
850,3.16228,5,0.000000e+00
875,3.16228,5,0.000000e+00
900,3.16228,5,0.000000e+00
925,3.16228,5,0.000000e+00
950,3.16228,5,0.000000e+00
975,3.16228,5,0.000000e+00
1000,3.16228,5,0.000000e+00
1025,3.16228,5,0.000000e+00
1050,3.16228,5,0.000000e+00
1075,3.16228,5,0.000000e+00
1100,3.16228,5,0.000000e+00
1125,3.16228,5,0.000000e+00
1150,3.16228,5,0.000000e+00
1175,3.16228,5,0.000000e+00
1200,3.16228,5,0.000000e+00
1225,3.16228,5,0.000000e+00
1250,3.16228,5,0.000000e+00
1275,3.16228,5,0.000000e+00
1300,3.16228,5,0.000000e+00
1325,3.16228,5,0.000000e+00
1350,3.16228,5,0.000000e+00
1375,3.16228,5,0.000000e+00
1400,3.16228,5,0.000000e+00
1425,3.16228,5,0.000000e+00
1450,3.16228,5,0.000000e+00
1475,3.16228,5,0.000000e+00
1500,3.16228,5,0.000000e+00
1525,3.16228,5,0.000000e+00
1550,3.16228,5,0.000000e+00
1575,3.16228,5,0.000000e+00
1600,3.16228,5,0.000000e+00
1625,3.16228,5,0.000000e+00
1650,3.16228,5,0.000000e+00
1675,3.16228,5,0.000000e+00
1700,3.16228,5,0.000000e+00
1725,3.16228,5,0.000000e+00
1750,3.16228,5,0.000000e+00
1775,3.16228,5,0.000000e+00
1800,3.16228,5,0.000000e+00
1825,3.16228,5,0.000000e+00
1850,3.16228,5,0.000000e+00
1875,3.16228,5,0.000000e+00
1900,3.16228,5,0.000000e+00
1925,3.16228,5,0.000000e+00
1950,3.16228,5,0.000000e+00
1975,3.16228,5,0.000000e+00
2000,3.16228,5,0.000000e+00
2025,3.16228,5,0.000000e+00
2050,3.16228,5,0.000000e+00
2075,3.16228,5,0.000000e+00
2100,3.16228,5,0.000000e+00
2125,3.16228,5,0.000000e+00
2150,3.16228,5,0.000000e+00
2175,3.16228,5,0.000000e+00
2200,3.16228,5,0.000000e+00
2225,3.16228,5,0.000000e+00
2250,3.16228,5,0.000000e+00
2275,3.16228,5,0.000000e+00
2300,3.16228,5,0.000000e+00
2325,3.16228,5,0.000000e+00
2350,3.16228,5,0.000000e+00
2375,3.16228,5,0.000000e+00
2400,3.16228,5,0.000000e+00
2425,3.16228,5,0.000000e+00
2450,3.16228,5,0.000000e+00
2475,3.16228,5,0.000000e+00
2500,3.16228,5,0.000000e+00
2525,3.16228,5,0.000000e+00
2550,3.16228,5,0.000000e+00
2575,3.16228,5,0.000000e+00
2600,3.16228,5,0.000000e+00
2625,3.16228,5,0.000000e+00
2650,3.16228,5,0.000000e+00
2675,3.16228,5,0.000000e+00
2700,3.16228,5,0.000000e+00
2725,3.16228,5,0.000000e+00
2750,3.16228,5,0.000000e+00
2775,3.16228,5,0.000000e+00
2800,3.16228,5,0.000000e+00
2825,3.16228,5,0.000000e+00
2850,3.16228,5,0.000000e+00
2875,3.16228,5,0.000000e+00
2900,3.16228,5,0.000000e+00
2925,3.16228,5,0.000000e+00
2950,3.16228,5,0.000000e+00
2975,3.16228,5,0.000000e+00
3000,3.16228,5,0.000000e+00
3025,3.16228,5,0.000000e+00
3050,3.16228,5,0.000000e+00
3075,3.16228,5,0.000000e+00
3100,3.16228,5,0.000000e+00
3125,3.16228,5,0.000000e+00
3150,3.16228,5,0.000000e+00
3175,3.16228,5,0.000000e+00
3200,3.16228,5,0.000000e+00
3225,3.16228,5,0.000000e+00
3250,3.16228,5,0.000000e+00
3275,3.16228,5,0.000000e+00
3300,3.16228,5,0.000000e+00
3325,3.16228,5,0.000000e+00
3350,3.16228,5,0.000000e+00
3375,3.16228,5,0.000000e+00
3400,3.16228,5,0.000000e+00
3425,3.16228,5,0.000000e+00
3450,3.16228,5,0.000000e+00
3475,3.16228,5,0.000000e+00
3500,3.16228,5,8.539000e-02
3525,3.16228,5,1.835080e-01
3550,3.16228,5,2.917870e-01
3575,3.16228,5,4.120150e-01
3600,3.16228,5,5.463490e-01
3625,3.16228,5,6.973980e-01
3650,3.16228,5,8.683310e-01
3675,3.16228,5,1.063020e+00
3700,3.16228,5,1.286230e+00
3725,3.16228,5,1.543840e+00
3750,3.16228,5,1.843230e+00
3775,3.16228,5,2.193680e+00
3800,3.16228,5,2.607100e+00
3825,3.16228,5,3.098880e+00
3850,3.16228,5,3.689320e+00
3875,3.16228,5,4.405660e+00
3900,3.16228,5,5.285320e+00
3925,3.16228,5,6.381020e+00
3950,3.16228,5,7.769410e+00
3975,3.16228,5,9.566120e+00
4000,3.16228,5,1.195390e+01
4025,3.16228,5,1.523850e+01
4050,3.16228,5,1.997170e+01
4075,3.16228,5,2.725570e+01
4100,3.16228,5,3.964210e+01
4125,3.16228,5,6.461210e+01
4150,3.16228,5,1.370430e+02
4175,3.16228,5,5.000000e+02
4200,3.16228,5,5.000000e+02
4225,3.16228,5,5.000000e+02
4250,3.16228,5,5.000000e+02
4275,3.16228,5,5.000000e+02
4300,3.16228,5,5.000000e+02
4325,3.16228,5,5.000000e+02
4350,3.16228,5,5.000000e+02
4375,3.16228,5,5.000000e+02
4400,3.16228,5,5.000000e+02
4425,3.16228,5,5.000000e+02
4450,3.16228,5,5.000000e+02
4475,3.16228,5,5.000000e+02
4500,3.16228,5,5.000000e+02
4525,3.16228,5,5.000000e+02
4550,3.16228,5,5.000000e+02
4575,3.16228,5,5.000000e+02
4600,3.16228,5,5.000000e+02
4625,3.16228,5,5.000000e+02
4650,3.16228,5,5.000000e+02
4675,3.16228,5,5.000000e+02
4700,3.16228,5,5.000000e+02
4725,3.16228,5,5.000000e+02
4750,3.16228,5,5.000000e+02
4775,3.16228,5,5.000000e+02
4800,3.16228,5,5.000000e+02
4825,3.16228,5,5.000000e+02
4850,3.16228,5,5.000000e+02
4875,3.16228,5,5.000000e+02
4900,3.16228,5,5.000000e+02
4925,3.16228,5,5.000000e+02
4950,3.16228,5,5.000000e+02
4975,3.16228,5,5.000000e+02
5000,3.16228,5,5.000000e+02
300,5.62341,5,0.000000e+00
325,5.62341,5,0.000000e+00
350,5.62341,5,0.000000e+00
375,5.62341,5,0.000000e+00
400,5.62341,5,0.000000e+00
425,5.62341,5,0.000000e+00
450,5.62341,5,0.000000e+00
475,5.62341,5,0.000000e+00
500,5.62341,5,0.000000e+00
525,5.62341,5,0.000000e+00
550,5.62341,5,0.000000e+00
575,5.62341,5,0.000000e+00
600,5.62341,5,0.000000e+00
625,5.62341,5,0.000000e+00
650,5.62341,5,0.000000e+00
675,5.62341,5,0.000000e+00
700,5.62341,5,0.000000e+00
725,5.62341,5,0.000000e+00
750,5.62341,5,0.000000e+00
775,5.62341,5,0.000000e+00
800,5.62341,5,0.000000e+00
825,5.62341,5,0.000000e+00
850,5.62341,5,0.000000e+00
875,5.62341,5,0.000000e+00
900,5.62341,5,0.000000e+00
925,5.62341,5,0.000000e+00
950,5.62341,5,0.000000e+00
975,5.62341,5,0.000000e+00
1000,5.62341,5,0.000000e+00
1025,5.62341,5,0.000000e+00
1050,5.62341,5,0.000000e+00
1075,5.62341,5,0.000000e+00
1100,5.62341,5,0.000000e+00
1125,5.62341,5,0.000000e+00
1150,5.62341,5,0.000000e+00
1175,5.62341,5,0.000000e+00
1200,5.62341,5,0.000000e+00
1225,5.62341,5,0.000000e+00
1250,5.62341,5,0.000000e+00
1275,5.62341,5,0.000000e+00
1300,5.62341,5,0.000000e+00
1325,5.62341,5,0.000000e+00
1350,5.62341,5,0.000000e+00
1375,5.62341,5,0.000000e+00
1400,5.62341,5,0.000000e+00
1425,5.62341,5,0.000000e+00
1450,5.62341,5,0.000000e+00
1475,5.62341,5,0.000000e+00
1500,5.62341,5,0.000000e+00
1525,5.62341,5,0.000000e+00
1550,5.62341,5,0.000000e+00
1575,5.62341,5,0.000000e+00
1600,5.62341,5,0.000000e+00
1625,5.62341,5,0.000000e+00
1650,5.62341,5,0.000000e+00
1675,5.62341,5,0.000000e+00
1700,5.62341,5,0.000000e+00
1725,5.62341,5,0.000000e+00
1750,5.62341,5,0.000000e+00
1775,5.62341,5,0.000000e+00
1800,5.62341,5,0.000000e+00
1825,5.62341,5,0.000000e+00
1850,5.62341,5,0.000000e+00
1875,5.62341,5,0.000000e+00
1900,5.62341,5,0.000000e+00
1925,5.62341,5,0.000000e+00
1950,5.62341,5,0.000000e+00
1975,5.62341,5,0.000000e+00
2000,5.62341,5,0.000000e+00
2025,5.62341,5,0.000000e+00
2050,5.62341,5,0.000000e+00
2075,5.62341,5,0.000000e+00
2100,5.62341,5,0.000000e+00
2125,5.62341,5,0.000000e+00
2150,5.62341,5,0.000000e+00
2175,5.62341,5,0.000000e+00
2200,5.62341,5,0.000000e+00
2225,5.62341,5,0.000000e+00
2250,5.62341,5,0.000000e+00
2275,5.62341,5,0.000000e+00
2300,5.62341,5,0.000000e+00
2325,5.62341,5,0.000000e+00
2350,5.62341,5,0.000000e+00
2375,5.62341,5,0.000000e+00
2400,5.62341,5,0.000000e+00
2425,5.62341,5,0.000000e+00
2450,5.62341,5,0.000000e+00
2475,5.62341,5,0.000000e+00
2500,5.62341,5,0.000000e+00
2525,5.62341,5,0.000000e+00
2550,5.62341,5,0.000000e+00
2575,5.62341,5,0.000000e+00
2600,5.62341,5,0.000000e+00
2625,5.62341,5,0.000000e+00
2650,5.62341,5,0.000000e+00
2675,5.62341,5,0.000000e+00
2700,5.62341,5,0.000000e+00
2725,5.62341,5,0.000000e+00
2750,5.62341,5,0.000000e+00
2775,5.62341,5,0.000000e+00
2800,5.62341,5,0.000000e+00
2825,5.62341,5,0.000000e+00
2850,5.62341,5,0.000000e+00
2875,5.62341,5,0.000000e+00
2900,5.62341,5,0.000000e+00
2925,5.62341,5,0.000000e+00
2950,5.62341,5,0.000000e+00
2975,5.62341,5,0.000000e+00
3000,5.62341,5,0.000000e+00
3025,5.62341,5,0.000000e+00
3050,5.62341,5,0.000000e+00
3075,5.62341,5,0.000000e+00
3100,5.62341,5,0.000000e+00
3125,5.62341,5,0.000000e+00
3150,5.62341,5,0.000000e+00
3175,5.62341,5,0.000000e+00
3200,5.62341,5,0.000000e+00
3225,5.62341,5,0.000000e+00
3250,5.62341,5,0.000000e+00
3275,5.62341,5,0.000000e+00
3300,5.62341,5,0.000000e+00
3325,5.62341,5,0.000000e+00
3350,5.62341,5,0.000000e+00
3375,5.62341,5,0.000000e+00
3400,5.62341,5,0.000000e+00
3425,5.62341,5,0.000000e+00
3450,5.62341,5,0.000000e+00
3475,5.62341,5,0.000000e+00
3500,5.62341,5,2.647310e-02
3525,5.62341,5,1.073050e-01
3550,5.62341,5,1.942390e-01
3575,5.62341,5,2.881850e-01
3600,5.62341,5,3.902220e-01
3625,5.62341,5,5.016350e-01
3650,5.62341,5,6.239570e-01
3675,5.62341,5,7.590180e-01
3700,5.62341,5,9.090150e-01
3725,5.62341,5,1.076590e+00
3750,5.62341,5,1.264950e+00
3775,5.62341,5,1.477990e+00
3800,5.62341,5,1.720470e+00
3825,5.62341,5,1.998270e+00
3850,5.62341,5,2.318730e+00
3875,5.62341,5,2.691060e+00
3900,5.62341,5,3.127020e+00
3925,5.62341,5,3.641770e+00
3950,5.62341,5,4.255220e+00
3975,5.62341,5,4.993980e+00
4000,5.62341,5,5.894410e+00
4025,5.62341,5,7.007430e+00
4050,5.62341,5,8.406550e+00
4075,5.62341,5,1.020170e+01
4100,5.62341,5,1.256490e+01
4125,5.62341,5,1.577990e+01
4150,5.62341,5,2.034950e+01
4175,5.62341,5,2.725300e+01
4200,5.62341,5,3.867230e+01
4225,5.62341,5,6.060220e+01
4250,5.62341,5,1.172650e+02
4275,5.62341,5,5.000000e+02
4300,5.62341,5,5.000000e+02
4325,5.62341,5,5.000000e+02
4350,5.62341,5,5.000000e+02
4375,5.62341,5,5.000000e+02
4400,5.62341,5,5.000000e+02
4425,5.62341,5,5.000000e+02
4450,5.62341,5,5.000000e+02
4475,5.62341,5,5.000000e+02
4500,5.62341,5,5.000000e+02
4525,5.62341,5,5.000000e+02
4550,5.62341,5,5.000000e+02
4575,5.62341,5,5.000000e+02
4600,5.62341,5,5.000000e+02
4625,5.62341,5,5.000000e+02
4650,5.62341,5,5.000000e+02
4675,5.62341,5,5.000000e+02
4700,5.62341,5,5.000000e+02
4725,5.62341,5,5.000000e+02
4750,5.62341,5,5.000000e+02
4775,5.62341,5,5.000000e+02
4800,5.62341,5,5.000000e+02
4825,5.62341,5,5.000000e+02
4850,5.62341,5,5.000000e+02
4875,5.62341,5,5.000000e+02
4900,5.62341,5,5.000000e+02
4925,5.62341,5,5.000000e+02
4950,5.62341,5,5.000000e+02
4975,5.62341,5,5.000000e+02
5000,5.62341,5,5.000000e+02
300,10,5,0.000000e+00
325,10,5,0.000000e+00
350,10,5,0.000000e+00
375,10,5,0.000000e+00
400,10,5,0.000000e+00
425,10,5,0.000000e+00
450,10,5,0.000000e+00
475,10,5,0.000000e+00
500,10,5,0.000000e+00
525,10,5,0.000000e+00
550,10,5,0.000000e+00
575,10,5,0.000000e+00
600,10,5,0.000000e+00
625,10,5,0.000000e+00
650,10,5,0.000000e+00
675,10,5,0.000000e+00
700,10,5,0.000000e+00
725,10,5,0.000000e+00
750,10,5,0.000000e+00
775,10,5,0.000000e+00
800,10,5,0.000000e+00
825,10,5,0.000000e+00
850,10,5,0.000000e+00
875,10,5,0.000000e+00
900,10,5,0.000000e+00
925,10,5,0.000000e+00
950,10,5,0.000000e+00
975,10,5,0.000000e+00
1000,10,5,0.000000e+00
1025,10,5,0.000000e+00
1050,10,5,0.000000e+00
1075,10,5,0.000000e+00
1100,10,5,0.000000e+00
1125,10,5,0.000000e+00
1150,10,5,0.000000e+00
1175,10,5,0.000000e+00
1200,10,5,0.000000e+00
1225,10,5,0.000000e+00
1250,10,5,0.000000e+00
1275,10,5,0.000000e+00
1300,10,5,0.000000e+00
1325,10,5,0.000000e+00
1350,10,5,0.000000e+00
1375,10,5,0.000000e+00
1400,10,5,0.000000e+00
1425,10,5,0.000000e+00
1450,10,5,0.000000e+00
1475,10,5,0.000000e+00
1500,10,5,0.000000e+00
1525,10,5,0.000000e+00
1550,10,5,0.000000e+00
1575,10,5,0.000000e+00
1600,10,5,0.000000e+00
1625,10,5,0.000000e+00
1650,10,5,0.000000e+00
1675,10,5,0.000000e+00
1700,10,5,0.000000e+00
1725,10,5,0.000000e+00
1750,10,5,0.000000e+00
1775,10,5,0.000000e+00
1800,10,5,0.000000e+00
1825,10,5,0.000000e+00
1850,10,5,0.000000e+00
1875,10,5,0.000000e+00
1900,10,5,0.000000e+00
1925,10,5,0.000000e+00
1950,10,5,0.000000e+00
1975,10,5,0.000000e+00
2000,10,5,0.000000e+00
2025,10,5,0.000000e+00
2050,10,5,0.000000e+00
2075,10,5,0.000000e+00
2100,10,5,0.000000e+00
2125,10,5,0.000000e+00
2150,10,5,0.000000e+00
2175,10,5,0.000000e+00
2200,10,5,0.000000e+00
2225,10,5,0.000000e+00
2250,10,5,0.000000e+00
2275,10,5,0.000000e+00
2300,10,5,0.000000e+00
2325,10,5,0.000000e+00
2350,10,5,0.000000e+00
2375,10,5,0.000000e+00
2400,10,5,0.000000e+00
2425,10,5,0.000000e+00
2450,10,5,0.000000e+00
2475,10,5,0.000000e+00
2500,10,5,0.000000e+00
2525,10,5,0.000000e+00
2550,10,5,0.000000e+00
2575,10,5,0.000000e+00
2600,10,5,0.000000e+00
2625,10,5,0.000000e+00
2650,10,5,0.000000e+00
2675,10,5,0.000000e+00
2700,10,5,0.000000e+00
2725,10,5,0.000000e+00
2750,10,5,0.000000e+00
2775,10,5,0.000000e+00
2800,10,5,0.000000e+00
2825,10,5,0.000000e+00
2850,10,5,0.000000e+00
2875,10,5,0.000000e+00
2900,10,5,0.000000e+00
2925,10,5,0.000000e+00
2950,10,5,0.000000e+00
2975,10,5,0.000000e+00
3000,10,5,0.000000e+00
3025,10,5,0.000000e+00
3050,10,5,0.000000e+00
3075,10,5,0.000000e+00
3100,10,5,0.000000e+00
3125,10,5,0.000000e+00
3150,10,5,0.000000e+00
3175,10,5,0.000000e+00
3200,10,5,0.000000e+00
3225,10,5,0.000000e+00
3250,10,5,0.000000e+00
3275,10,5,0.000000e+00
3300,10,5,0.000000e+00
3325,10,5,0.000000e+00
3350,10,5,0.000000e+00
3375,10,5,0.000000e+00
3400,10,5,0.000000e+00
3425,10,5,0.000000e+00
3450,10,5,0.000000e+00
3475,10,5,0.000000e+00
3500,10,5,0.000000e+00
3525,10,5,7.144080e-02
3550,10,5,1.473940e-01
3575,10,5,2.278340e-01
3600,10,5,3.133200e-01
3625,10,5,4.045140e-01
3650,10,5,5.021930e-01
3675,10,5,6.072730e-01
3700,10,5,7.208390e-01
3725,10,5,8.441720e-01
3750,10,5,9.787920e-01
3775,10,5,1.126510e+00
3800,10,5,1.289480e+00
3825,10,5,1.470300e+00
3850,10,5,1.672070e+00
3875,10,5,1.898570e+00
3900,10,5,2.154410e+00
3925,10,5,2.445230e+00
3950,10,5,2.778030e+00
3975,10,5,3.161580e+00
4000,10,5,3.606990e+00
4025,10,5,4.128490e+00
4050,10,5,4.744650e+00
4075,10,5,5.480080e+00
4100,10,5,6.368090e+00
4125,10,5,7.454840e+00
4150,10,5,8.806080e+00
4175,10,5,1.051870e+01
4200,10,5,1.274110e+01
4225,10,5,1.571260e+01
4250,10,5,1.984390e+01
4275,10,5,2.590120e+01
4300,10,5,3.548740e+01
4325,10,5,5.258360e+01
4350,10,5,9.038570e+01
4375,10,5,2.321530e+02
4400,10,5,5.000000e+02
4425,10,5,5.000000e+02
4450,10,5,5.000000e+02
4475,10,5,5.000000e+02
4500,10,5,5.000000e+02
4525,10,5,5.000000e+02
4550,10,5,5.000000e+02
4575,10,5,5.000000e+02
4600,10,5,5.000000e+02
4625,10,5,5.000000e+02
4650,10,5,5.000000e+02
4675,10,5,5.000000e+02
4700,10,5,5.000000e+02
4725,10,5,5.000000e+02
4750,10,5,5.000000e+02
4775,10,5,5.000000e+02
4800,10,5,5.000000e+02
4825,10,5,5.000000e+02
4850,10,5,5.000000e+02
4875,10,5,5.000000e+02
4900,10,5,5.000000e+02
4925,10,5,5.000000e+02
4950,10,5,5.000000e+02
4975,10,5,5.000000e+02
5000,10,5,5.000000e+02
300,17.7828,5,0.000000e+00
325,17.7828,5,0.000000e+00
350,17.7828,5,0.000000e+00
375,17.7828,5,0.000000e+00
400,17.7828,5,0.000000e+00
425,17.7828,5,0.000000e+00
450,17.7828,5,0.000000e+00
475,17.7828,5,0.000000e+00
500,17.7828,5,0.000000e+00
525,17.7828,5,0.000000e+00
550,17.7828,5,0.000000e+00
575,17.7828,5,0.000000e+00
600,17.7828,5,0.000000e+00
625,17.7828,5,0.000000e+00
650,17.7828,5,0.000000e+00
675,17.7828,5,0.000000e+00
700,17.7828,5,0.000000e+00
725,17.7828,5,0.000000e+00
750,17.7828,5,0.000000e+00
775,17.7828,5,0.000000e+00
800,17.7828,5,0.000000e+00
825,17.7828,5,0.000000e+00
850,17.7828,5,0.000000e+00
875,17.7828,5,0.000000e+00
900,17.7828,5,0.000000e+00
925,17.7828,5,0.000000e+00
950,17.7828,5,0.000000e+00
975,17.7828,5,0.000000e+00
1000,17.7828,5,0.000000e+00
1025,17.7828,5,0.000000e+00
1050,17.7828,5,0.000000e+00
1075,17.7828,5,0.000000e+00
1100,17.7828,5,0.000000e+00
1125,17.7828,5,0.000000e+00
1150,17.7828,5,0.000000e+00
1175,17.7828,5,0.000000e+00
1200,17.7828,5,0.000000e+00
1225,17.7828,5,0.000000e+00
1250,17.7828,5,0.000000e+00
1275,17.7828,5,0.000000e+00
1300,17.7828,5,0.000000e+00
1325,17.7828,5,0.000000e+00
1350,17.7828,5,0.000000e+00
1375,17.7828,5,0.000000e+00
1400,17.7828,5,0.000000e+00
1425,17.7828,5,0.000000e+00
1450,17.7828,5,0.000000e+00
1475,17.7828,5,0.000000e+00
1500,17.7828,5,0.000000e+00
1525,17.7828,5,0.000000e+00
1550,17.7828,5,0.000000e+00
1575,17.7828,5,0.000000e+00
1600,17.7828,5,0.000000e+00
1625,17.7828,5,0.000000e+00
1650,17.7828,5,0.000000e+00
1675,17.7828,5,0.000000e+00
1700,17.7828,5,0.000000e+00
1725,17.7828,5,0.000000e+00
1750,17.7828,5,0.000000e+00
1775,17.7828,5,0.000000e+00
1800,17.7828,5,0.000000e+00
1825,17.7828,5,0.000000e+00
1850,17.7828,5,0.000000e+00
1875,17.7828,5,0.000000e+00
1900,17.7828,5,0.000000e+00
1925,17.7828,5,0.000000e+00
1950,17.7828,5,0.000000e+00
1975,17.7828,5,0.000000e+00
2000,17.7828,5,0.000000e+00
2025,17.7828,5,0.000000e+00
2050,17.7828,5,0.000000e+00
2075,17.7828,5,0.000000e+00
2100,17.7828,5,0.000000e+00
2125,17.7828,5,0.000000e+00
2150,17.7828,5,0.000000e+00
2175,17.7828,5,0.000000e+00
2200,17.7828,5,0.000000e+00
2225,17.7828,5,0.000000e+00
2250,17.7828,5,0.000000e+00
2275,17.7828,5,0.000000e+00
2300,17.7828,5,0.000000e+00
2325,17.7828,5,0.000000e+00
2350,17.7828,5,0.000000e+00
2375,17.7828,5,0.000000e+00
2400,17.7828,5,0.000000e+00
2425,17.7828,5,0.000000e+00
2450,17.7828,5,0.000000e+00
2475,17.7828,5,0.000000e+00
2500,17.7828,5,0.000000e+00
2525,17.7828,5,0.000000e+00
2550,17.7828,5,0.000000e+00
2575,17.7828,5,0.000000e+00
2600,17.7828,5,0.000000e+00
2625,17.7828,5,0.000000e+00
2650,17.7828,5,0.000000e+00
2675,17.7828,5,0.000000e+00
2700,17.7828,5,0.000000e+00
2725,17.7828,5,0.000000e+00
2750,17.7828,5,0.000000e+00
2775,17.7828,5,0.000000e+00
2800,17.7828,5,0.000000e+00
2825,17.7828,5,0.000000e+00
2850,17.7828,5,0.000000e+00
2875,17.7828,5,0.000000e+00
2900,17.7828,5,0.000000e+00
2925,17.7828,5,0.000000e+00
2950,17.7828,5,0.000000e+00
2975,17.7828,5,0.000000e+00
3000,17.7828,5,0.000000e+00
3025,17.7828,5,0.000000e+00
3050,17.7828,5,0.000000e+00
3075,17.7828,5,0.000000e+00
3100,17.7828,5,0.000000e+00
3125,17.7828,5,0.000000e+00
3150,17.7828,5,0.000000e+00
3175,17.7828,5,0.000000e+00
3200,17.7828,5,0.000000e+00
3225,17.7828,5,0.000000e+00
3250,17.7828,5,0.000000e+00
3275,17.7828,5,0.000000e+00
3300,17.7828,5,0.000000e+00
3325,17.7828,5,0.000000e+00
3350,17.7828,5,0.000000e+00
3375,17.7828,5,0.000000e+00
3400,17.7828,5,0.000000e+00
3425,17.7828,5,0.000000e+00
3450,17.7828,5,0.000000e+00
3475,17.7828,5,0.000000e+00
3500,17.7828,5,0.000000e+00
3525,17.7828,5,5.567140e-02
3550,17.7828,5,1.259270e-01
3575,17.7828,5,1.993400e-01
3600,17.7828,5,2.762080e-01
3625,17.7828,5,3.568770e-01
3650,17.7828,5,4.417520e-01
3675,17.7828,5,5.313060e-01
3700,17.7828,5,6.260960e-01
3725,17.7828,5,7.267680e-01
3750,17.7828,5,8.340840e-01
3775,17.7828,5,9.489370e-01
3800,17.7828,5,1.072380e+00
3825,17.7828,5,1.205640e+00
3850,17.7828,5,1.350170e+00
3875,17.7828,5,1.507720e+00
3900,17.7828,5,1.680320e+00
3925,17.7828,5,1.870420e+00
3950,17.7828,5,2.080950e+00
3975,17.7828,5,2.315440e+00
4000,17.7828,5,2.578170e+00
4025,17.7828,5,2.874370e+00
4050,17.7828,5,3.210450e+00
4075,17.7828,5,3.594420e+00
4100,17.7828,5,4.036320e+00
4125,17.7828,5,4.548920e+00
4150,17.7828,5,5.148700e+00
4175,17.7828,5,5.857260e+00
4200,17.7828,5,6.703460e+00
4225,17.7828,5,7.726670e+00
4250,17.7828,5,8.981970e+00
4275,17.7828,5,1.054880e+01
4300,17.7828,5,1.254570e+01
4325,17.7828,5,1.515790e+01
4350,17.7828,5,1.868990e+01
4375,17.7828,5,2.368000e+01
4400,17.7828,5,3.117080e+01
4425,17.7828,5,4.346810e+01
4450,17.7828,5,6.682120e+01
4475,17.7828,5,1.257220e+02
4500,17.7828,5,4.924910e+02
4525,17.7828,5,5.000000e+02
4550,17.7828,5,5.000000e+02
4575,17.7828,5,5.000000e+02
4600,17.7828,5,5.000000e+02
4625,17.7828,5,5.000000e+02
4650,17.7828,5,5.000000e+02
4675,17.7828,5,5.000000e+02
4700,17.7828,5,5.000000e+02
4725,17.7828,5,5.000000e+02
4750,17.7828,5,5.000000e+02
4775,17.7828,5,5.000000e+02
4800,17.7828,5,5.000000e+02
4825,17.7828,5,5.000000e+02
4850,17.7828,5,5.000000e+02
4875,17.7828,5,5.000000e+02
4900,17.7828,5,5.000000e+02
4925,17.7828,5,5.000000e+02
4950,17.7828,5,5.000000e+02
4975,17.7828,5,5.000000e+02
5000,17.7828,5,5.000000e+02
300,31.6228,5,0.000000e+00
325,31.6228,5,0.000000e+00
350,31.6228,5,0.000000e+00
375,31.6228,5,0.000000e+00
400,31.6228,5,0.000000e+00
425,31.6228,5,0.000000e+00
450,31.6228,5,0.000000e+00
475,31.6228,5,0.000000e+00
500,31.6228,5,0.000000e+00
525,31.6228,5,0.000000e+00
550,31.6228,5,0.000000e+00
575,31.6228,5,0.000000e+00
600,31.6228,5,0.000000e+00
625,31.6228,5,0.000000e+00
650,31.6228,5,0.000000e+00
675,31.6228,5,0.000000e+00
700,31.6228,5,0.000000e+00
725,31.6228,5,0.000000e+00
750,31.6228,5,0.000000e+00
775,31.6228,5,0.000000e+00
800,31.6228,5,0.000000e+00
825,31.6228,5,0.000000e+00
850,31.6228,5,0.000000e+00
875,31.6228,5,0.000000e+00
900,31.6228,5,0.000000e+00
925,31.6228,5,0.000000e+00
950,31.6228,5,0.000000e+00
975,31.6228,5,0.000000e+00
1000,31.6228,5,0.000000e+00
1025,31.6228,5,0.000000e+00
1050,31.6228,5,0.000000e+00
1075,31.6228,5,0.000000e+00
1100,31.6228,5,0.000000e+00
1125,31.6228,5,0.000000e+00
1150,31.6228,5,0.000000e+00
1175,31.6228,5,0.000000e+00
1200,31.6228,5,0.000000e+00
1225,31.6228,5,0.000000e+00
1250,31.6228,5,0.000000e+00
1275,31.6228,5,0.000000e+00
1300,31.6228,5,0.000000e+00
1325,31.6228,5,0.000000e+00
1350,31.6228,5,0.000000e+00
1375,31.6228,5,0.000000e+00
1400,31.6228,5,0.000000e+00
1425,31.6228,5,0.000000e+00
1450,31.6228,5,0.000000e+00
1475,31.6228,5,0.000000e+00
1500,31.6228,5,0.000000e+00
1525,31.6228,5,0.000000e+00
1550,31.6228,5,0.000000e+00
1575,31.6228,5,0.000000e+00
1600,31.6228,5,0.000000e+00
1625,31.6228,5,0.000000e+00
1650,31.6228,5,0.000000e+00
1675,31.6228,5,0.000000e+00
1700,31.6228,5,0.000000e+00
1725,31.6228,5,0.000000e+00
1750,31.6228,5,0.000000e+00
1775,31.6228,5,0.000000e+00
1800,31.6228,5,0.000000e+00
1825,31.6228,5,0.000000e+00
1850,31.6228,5,0.000000e+00
1875,31.6228,5,0.000000e+00
1900,31.6228,5,0.000000e+00
1925,31.6228,5,0.000000e+00
1950,31.6228,5,0.000000e+00
1975,31.6228,5,0.000000e+00
2000,31.6228,5,0.000000e+00
2025,31.6228,5,0.000000e+00
2050,31.6228,5,0.000000e+00
2075,31.6228,5,0.000000e+00
2100,31.6228,5,0.000000e+00
2125,31.6228,5,0.000000e+00
2150,31.6228,5,0.000000e+00
2175,31.6228,5,0.000000e+00
2200,31.6228,5,0.000000e+00
2225,31.6228,5,0.000000e+00
2250,31.6228,5,0.000000e+00
2275,31.6228,5,0.000000e+00
2300,31.6228,5,0.000000e+00
2325,31.6228,5,0.000000e+00
2350,31.6228,5,0.000000e+00
2375,31.6228,5,0.000000e+00
2400,31.6228,5,0.000000e+00
2425,31.6228,5,0.000000e+00
2450,31.6228,5,0.000000e+00
2475,31.6228,5,0.000000e+00
2500,31.6228,5,0.000000e+00
2525,31.6228,5,0.000000e+00
2550,31.6228,5,0.000000e+00
2575,31.6228,5,0.000000e+00
2600,31.6228,5,0.000000e+00
2625,31.6228,5,0.000000e+00
2650,31.6228,5,0.000000e+00
2675,31.6228,5,0.000000e+00
2700,31.6228,5,0.000000e+00
2725,31.6228,5,0.000000e+00
2750,31.6228,5,0.000000e+00
2775,31.6228,5,0.000000e+00
2800,31.6228,5,0.000000e+00
2825,31.6228,5,0.000000e+00
2850,31.6228,5,0.000000e+00
2875,31.6228,5,0.000000e+00
2900,31.6228,5,0.000000e+00
2925,31.6228,5,0.000000e+00
2950,31.6228,5,0.000000e+00
2975,31.6228,5,0.000000e+00
3000,31.6228,5,0.000000e+00
3025,31.6228,5,0.000000e+00
3050,31.6228,5,0.000000e+00
3075,31.6228,5,0.000000e+00
3100,31.6228,5,0.000000e+00
3125,31.6228,5,0.000000e+00
3150,31.6228,5,0.000000e+00
3175,31.6228,5,0.000000e+00
3200,31.6228,5,0.000000e+00
3225,31.6228,5,0.000000e+00
3250,31.6228,5,0.000000e+00
3275,31.6228,5,0.000000e+00
3300,31.6228,5,0.000000e+00
3325,31.6228,5,0.000000e+00
3350,31.6228,5,0.000000e+00
3375,31.6228,5,0.000000e+00
3400,31.6228,5,0.000000e+00
3425,31.6228,5,0.000000e+00
3450,31.6228,5,0.000000e+00
3475,31.6228,5,0.000000e+00
3500,31.6228,5,0.000000e+00
3525,31.6228,5,4.976700e-02
3550,31.6228,5,1.170580e-01
3575,31.6228,5,1.867940e-01
3600,31.6228,5,2.591320e-01
3625,31.6228,5,3.342550e-01
3650,31.6228,5,4.123760e-01
3675,31.6228,5,4.937410e-01
3700,31.6228,5,5.786380e-01
3725,31.6228,5,6.674010e-01
3750,31.6228,5,7.604190e-01
3775,31.6228,5,8.581460e-01
3800,31.6228,5,9.611090e-01
3825,31.6228,5,1.069920e+00
3850,31.6228,5,1.185310e+00
3875,31.6228,5,1.308110e+00
3900,31.6228,5,1.439300e+00
3925,31.6228,5,1.580040e+00
3950,31.6228,5,1.731680e+00
3975,31.6228,5,1.895820e+00
4000,31.6228,5,2.074340e+00
4025,31.6228,5,2.269470e+00
4050,31.6228,5,2.483890e+00
4075,31.6228,5,2.720780e+00
4100,31.6228,5,2.983990e+00
4125,31.6228,5,3.278160e+00
4150,31.6228,5,3.608990e+00
4175,31.6228,5,3.983480e+00
4200,31.6228,5,4.410360e+00
4225,31.6228,5,4.900580e+00
4250,31.6228,5,5.468120e+00
4275,31.6228,5,6.131050e+00
4300,31.6228,5,6.913090e+00
4325,31.6228,5,7.846050e+00
4350,31.6228,5,8.973440e+00
4375,31.6228,5,1.035640e+01
4400,31.6228,5,1.208360e+01
4425,31.6228,5,1.428820e+01
4450,31.6228,5,1.717930e+01
4475,31.6228,5,2.110470e+01
4500,31.6228,5,2.668600e+01
4525,31.6228,5,3.514860e+01
4550,31.6228,5,4.926950e+01
4575,31.6228,5,7.688780e+01
4600,31.6228,5,1.513880e+02
4625,31.6228,5,5.000000e+02
4650,31.6228,5,5.000000e+02
4675,31.6228,5,5.000000e+02
4700,31.6228,5,5.000000e+02
4725,31.6228,5,5.000000e+02
4750,31.6228,5,5.000000e+02
4775,31.6228,5,5.000000e+02
4800,31.6228,5,5.000000e+02
4825,31.6228,5,5.000000e+02
4850,31.6228,5,5.000000e+02
4875,31.6228,5,5.000000e+02
4900,31.6228,5,5.000000e+02
4925,31.6228,5,5.000000e+02
4950,31.6228,5,5.000000e+02
4975,31.6228,5,5.000000e+02
5000,31.6228,5,5.000000e+02
300,56.2341,5,0.000000e+00
325,56.2341,5,0.000000e+00
350,56.2341,5,0.000000e+00
375,56.2341,5,0.000000e+00
400,56.2341,5,0.000000e+00
425,56.2341,5,0.000000e+00
450,56.2341,5,0.000000e+00
475,56.2341,5,0.000000e+00
500,56.2341,5,0.000000e+00
525,56.2341,5,0.000000e+00
550,56.2341,5,0.000000e+00
575,56.2341,5,0.000000e+00
600,56.2341,5,0.000000e+00
625,56.2341,5,0.000000e+00
650,56.2341,5,0.000000e+00
675,56.2341,5,0.000000e+00
700,56.2341,5,0.000000e+00
725,56.2341,5,0.000000e+00
750,56.2341,5,0.000000e+00
775,56.2341,5,0.000000e+00
800,56.2341,5,0.000000e+00
825,56.2341,5,0.000000e+00
850,56.2341,5,0.000000e+00
875,56.2341,5,0.000000e+00
900,56.2341,5,0.000000e+00
925,56.2341,5,0.000000e+00
950,56.2341,5,0.000000e+00
975,56.2341,5,0.000000e+00
1000,56.2341,5,0.000000e+00
1025,56.2341,5,0.000000e+00
1050,56.2341,5,0.000000e+00
1075,56.2341,5,0.000000e+00
1100,56.2341,5,0.000000e+00
1125,56.2341,5,0.000000e+00
1150,56.2341,5,0.000000e+00
1175,56.2341,5,0.000000e+00
1200,56.2341,5,0.000000e+00
1225,56.2341,5,0.000000e+00
1250,56.2341,5,0.000000e+00
1275,56.2341,5,0.000000e+00
1300,56.2341,5,0.000000e+00
1325,56.2341,5,0.000000e+00
1350,56.2341,5,0.000000e+00
1375,56.2341,5,0.000000e+00
1400,56.2341,5,0.000000e+00
1425,56.2341,5,0.000000e+00
1450,56.2341,5,0.000000e+00
1475,56.2341,5,0.000000e+00
1500,56.2341,5,0.000000e+00
1525,56.2341,5,0.000000e+00
1550,56.2341,5,0.000000e+00
1575,56.2341,5,0.000000e+00
1600,56.2341,5,0.000000e+00
1625,56.2341,5,0.000000e+00
1650,56.2341,5,0.000000e+00
1675,56.2341,5,0.000000e+00
1700,56.2341,5,0.000000e+00
1725,56.2341,5,0.000000e+00
1750,56.2341,5,0.000000e+00
1775,56.2341,5,0.000000e+00
1800,56.2341,5,0.000000e+00
1825,56.2341,5,0.000000e+00
1850,56.2341,5,0.000000e+00
1875,56.2341,5,0.000000e+00
1900,56.2341,5,0.000000e+00
1925,56.2341,5,0.000000e+00
1950,56.2341,5,0.000000e+00
1975,56.2341,5,0.000000e+00
2000,56.2341,5,0.000000e+00
2025,56.2341,5,0.000000e+00
2050,56.2341,5,0.000000e+00
2075,56.2341,5,0.000000e+00
2100,56.2341,5,0.000000e+00
2125,56.2341,5,0.000000e+00
2150,56.2341,5,0.000000e+00
2175,56.2341,5,0.000000e+00
2200,56.2341,5,0.000000e+00
2225,56.2341,5,0.000000e+00
2250,56.2341,5,0.000000e+00
2275,56.2341,5,0.000000e+00
2300,56.2341,5,0.000000e+00
2325,56.2341,5,0.000000e+00
2350,56.2341,5,0.000000e+00
2375,56.2341,5,0.000000e+00
2400,56.2341,5,0.000000e+00
2425,56.2341,5,0.000000e+00
2450,56.2341,5,0.000000e+00
2475,56.2341,5,0.000000e+00
2500,56.2341,5,0.000000e+00
2525,56.2341,5,0.000000e+00
2550,56.2341,5,0.000000e+00
2575,56.2341,5,0.000000e+00
2600,56.2341,5,0.000000e+00
2625,56.2341,5,0.000000e+00
2650,56.2341,5,0.000000e+00
2675,56.2341,5,0.000000e+00
2700,56.2341,5,0.000000e+00
2725,56.2341,5,0.000000e+00
2750,56.2341,5,0.000000e+00
2775,56.2341,5,0.000000e+00
2800,56.2341,5,0.000000e+00
2825,56.2341,5,0.000000e+00
2850,56.2341,5,0.000000e+00
2875,56.2341,5,0.000000e+00
2900,56.2341,5,0.000000e+00
2925,56.2341,5,0.000000e+00
2950,56.2341,5,0.000000e+00
2975,56.2341,5,0.000000e+00
3000,56.2341,5,0.000000e+00
3025,56.2341,5,0.000000e+00
3050,56.2341,5,0.000000e+00
3075,56.2341,5,0.000000e+00
3100,56.2341,5,0.000000e+00
3125,56.2341,5,0.000000e+00
3150,56.2341,5,0.000000e+00
3175,56.2341,5,0.000000e+00
3200,56.2341,5,0.000000e+00
3225,56.2341,5,0.000000e+00
3250,56.2341,5,0.000000e+00
3275,56.2341,5,0.000000e+00
3300,56.2341,5,0.000000e+00
3325,56.2341,5,0.000000e+00
3350,56.2341,5,0.000000e+00
3375,56.2341,5,0.000000e+00
3400,56.2341,5,0.000000e+00
3425,56.2341,5,0.000000e+00
3450,56.2341,5,0.000000e+00
3475,56.2341,5,0.000000e+00
3500,56.2341,5,0.000000e+00
3525,56.2341,5,4.853340e-02
3550,56.2341,5,1.142740e-01
3575,56.2341,5,1.820720e-01
3600,56.2341,5,2.520100e-01
3625,56.2341,5,3.241830e-01
3650,56.2341,5,3.986990e-01
3675,56.2341,5,4.756860e-01
3700,56.2341,5,5.552910e-01
3725,56.2341,5,6.376830e-01
3750,56.2341,5,7.230600e-01
3775,56.2341,5,8.116520e-01
3800,56.2341,5,9.037270e-01
3825,56.2341,5,9.995930e-01
3850,56.2341,5,1.099610e+00
3875,56.2341,5,1.204200e+00
3900,56.2341,5,1.313850e+00
3925,56.2341,5,1.429120e+00
3950,56.2341,5,1.550660e+00
3975,56.2341,5,1.679260e+00
4000,56.2341,5,1.815800e+00
4025,56.2341,5,1.961320e+00
4050,56.2341,5,2.117040e+00
4075,56.2341,5,2.284390e+00
4100,56.2341,5,2.465070e+00
4125,56.2341,5,2.661030e+00
4150,56.2341,5,2.874650e+00
4175,56.2341,5,3.108700e+00
4200,56.2341,5,3.366530e+00
4225,56.2341,5,3.652150e+00
4250,56.2341,5,3.970410e+00
4275,56.2341,5,4.327230e+00
4300,56.2341,5,4.729900e+00
4325,56.2341,5,5.187470e+00
4350,56.2341,5,5.711310e+00
4375,56.2341,5,6.315870e+00
4400,56.2341,5,7.019830e+00
4425,56.2341,5,7.847650e+00
4450,56.2341,5,8.832080e+00
4475,56.2341,5,1.001780e+01
4500,56.2341,5,1.146750e+01
4525,56.2341,5,1.327170e+01
4550,56.2341,5,1.556590e+01
4575,56.2341,5,1.856210e+01
4600,56.2341,5,2.261100e+01
4625,56.2341,5,2.833480e+01
4650,56.2341,5,3.694850e+01
4675,56.2341,5,5.116680e+01
4700,56.2341,5,7.847330e+01
4725,56.2341,5,1.491650e+02
4750,56.2341,5,5.000000e+02
4775,56.2341,5,5.000000e+02
4800,56.2341,5,5.000000e+02
4825,56.2341,5,5.000000e+02
4850,56.2341,5,5.000000e+02
4875,56.2341,5,5.000000e+02
4900,56.2341,5,5.000000e+02
4925,56.2341,5,5.000000e+02
4950,56.2341,5,5.000000e+02
4975,56.2341,5,5.000000e+02
5000,56.2341,5,5.000000e+02
300,100,5,0.000000e+00
325,100,5,0.000000e+00
350,100,5,0.000000e+00
375,100,5,0.000000e+00
400,100,5,0.000000e+00
425,100,5,0.000000e+00
450,100,5,0.000000e+00
475,100,5,0.000000e+00
500,100,5,0.000000e+00
525,100,5,0.000000e+00
550,100,5,0.000000e+00
575,100,5,0.000000e+00
600,100,5,0.000000e+00
625,100,5,0.000000e+00
650,100,5,0.000000e+00
675,100,5,0.000000e+00
700,100,5,0.000000e+00
725,100,5,0.000000e+00
750,100,5,0.000000e+00
775,100,5,0.000000e+00
800,100,5,0.000000e+00
825,100,5,0.000000e+00
850,100,5,0.000000e+00
875,100,5,0.000000e+00
900,100,5,0.000000e+00
925,100,5,0.000000e+00
950,100,5,0.000000e+00
975,100,5,0.000000e+00
1000,100,5,0.000000e+00
1025,100,5,0.000000e+00
1050,100,5,0.000000e+00
1075,100,5,0.000000e+00
1100,100,5,0.000000e+00
1125,100,5,0.000000e+00
1150,100,5,0.000000e+00
1175,100,5,0.000000e+00
1200,100,5,0.000000e+00
1225,100,5,0.000000e+00
1250,100,5,0.000000e+00
1275,100,5,0.000000e+00
1300,100,5,0.000000e+00
1325,100,5,0.000000e+00
1350,100,5,0.000000e+00
1375,100,5,0.000000e+00
1400,100,5,0.000000e+00
1425,100,5,0.000000e+00
1450,100,5,0.000000e+00
1475,100,5,0.000000e+00
1500,100,5,0.000000e+00
1525,100,5,0.000000e+00
1550,100,5,0.000000e+00
1575,100,5,0.000000e+00
1600,100,5,0.000000e+00
1625,100,5,0.000000e+00
1650,100,5,0.000000e+00
1675,100,5,0.000000e+00
1700,100,5,0.000000e+00
1725,100,5,0.000000e+00
1750,100,5,0.000000e+00
1775,100,5,0.000000e+00
1800,100,5,0.000000e+00
1825,100,5,0.000000e+00
1850,100,5,0.000000e+00
1875,100,5,0.000000e+00
1900,100,5,0.000000e+00
1925,100,5,0.000000e+00
1950,100,5,0.000000e+00
1975,100,5,0.000000e+00
2000,100,5,0.000000e+00
2025,100,5,0.000000e+00
2050,100,5,0.000000e+00
2075,100,5,0.000000e+00
2100,100,5,0.000000e+00
2125,100,5,0.000000e+00
2150,100,5,0.000000e+00
2175,100,5,0.000000e+00
2200,100,5,0.000000e+00
2225,100,5,0.000000e+00
2250,100,5,0.000000e+00
2275,100,5,0.000000e+00
2300,100,5,0.000000e+00
2325,100,5,0.000000e+00
2350,100,5,0.000000e+00
2375,100,5,0.000000e+00
2400,100,5,0.000000e+00
2425,100,5,0.000000e+00
2450,100,5,0.000000e+00
2475,100,5,0.000000e+00
2500,100,5,0.000000e+00
2525,100,5,0.000000e+00
2550,100,5,0.000000e+00
2575,100,5,0.000000e+00
2600,100,5,0.000000e+00
2625,100,5,0.000000e+00
2650,100,5,0.000000e+00
2675,100,5,0.000000e+00
2700,100,5,0.000000e+00
2725,100,5,0.000000e+00
2750,100,5,0.000000e+00
2775,100,5,0.000000e+00
2800,100,5,0.000000e+00
2825,100,5,0.000000e+00
2850,100,5,0.000000e+00
2875,100,5,0.000000e+00
2900,100,5,0.000000e+00
2925,100,5,0.000000e+00
2950,100,5,0.000000e+00
2975,100,5,0.000000e+00
3000,100,5,0.000000e+00
3025,100,5,0.000000e+00
3050,100,5,0.000000e+00
3075,100,5,0.000000e+00
3100,100,5,0.000000e+00
3125,100,5,0.000000e+00
3150,100,5,0.000000e+00
3175,100,5,0.000000e+00
3200,100,5,0.000000e+00
3225,100,5,0.000000e+00
3250,100,5,0.000000e+00
3275,100,5,0.000000e+00
3300,100,5,0.000000e+00
3325,100,5,0.000000e+00
3350,100,5,0.000000e+00
3375,100,5,0.000000e+00
3400,100,5,0.000000e+00
3425,100,5,0.000000e+00
3450,100,5,0.000000e+00
3475,100,5,0.000000e+00
3500,100,5,0.000000e+00
3525,100,5,4.934830e-02
3550,100,5,1.142490e-01
3575,100,5,1.809970e-01
3600,100,5,2.496340e-01
3625,100,5,3.202050e-01
3650,100,5,3.927630e-01
3675,100,5,4.673700e-01
3700,100,5,5.440950e-01
3725,100,5,6.230200e-01
3750,100,5,7.042420e-01
3775,100,5,7.878720e-01
3800,100,5,8.740390e-01
3825,100,5,9.628950e-01
3850,100,5,1.054610e+00
3875,100,5,1.149400e+00
3900,100,5,1.247500e+00
3925,100,5,1.349180e+00
3950,100,5,1.454770e+00
3975,100,5,1.564640e+00
4000,100,5,1.679220e+00
4025,100,5,1.799030e+00
4050,100,5,1.924630e+00
4075,100,5,2.056720e+00
4100,100,5,2.196090e+00
4125,100,5,2.343640e+00
4150,100,5,2.500450e+00
4175,100,5,2.667770e+00
4200,100,5,2.847050e+00
4225,100,5,3.040000e+00
4250,100,5,3.248640e+00
4275,100,5,3.475330e+00
4300,100,5,3.722900e+00
4325,100,5,3.994670e+00
4350,100,5,4.294690e+00
4375,100,5,4.627770e+00
4400,100,5,4.999820e+00
4425,100,5,5.418040e+00
4450,100,5,5.891350e+00
4475,100,5,6.430900e+00
4500,100,5,7.050830e+00
4525,100,5,7.769240e+00
4550,100,5,8.609770e+00
4575,100,5,9.603790e+00
4600,100,5,1.079380e+01
4625,100,5,1.223890e+01
4650,100,5,1.402330e+01
4675,100,5,1.627170e+01
4700,100,5,1.917610e+01
4725,100,5,2.304750e+01
4750,100,5,2.842380e+01
4775,100,5,3.631850e+01
4800,100,5,4.888290e+01
4825,100,5,7.157700e+01
4850,100,5,1.231950e+02
4875,100,5,3.344960e+02
4900,100,5,5.000000e+02
4925,100,5,5.000000e+02
4950,100,5,5.000000e+02
4975,100,5,5.000000e+02
5000,100,5,5.000000e+02
300,177.828,5,0.000000e+00
325,177.828,5,0.000000e+00
350,177.828,5,0.000000e+00
375,177.828,5,0.000000e+00
400,177.828,5,0.000000e+00
425,177.828,5,0.000000e+00
450,177.828,5,0.000000e+00
475,177.828,5,0.000000e+00
500,177.828,5,0.000000e+00
525,177.828,5,0.000000e+00
550,177.828,5,0.000000e+00
575,177.828,5,0.000000e+00
600,177.828,5,0.000000e+00
625,177.828,5,0.000000e+00
650,177.828,5,0.000000e+00
675,177.828,5,0.000000e+00
700,177.828,5,0.000000e+00
725,177.828,5,0.000000e+00
750,177.828,5,0.000000e+00
775,177.828,5,0.000000e+00
800,177.828,5,0.000000e+00
825,177.828,5,0.000000e+00
850,177.828,5,0.000000e+00
875,177.828,5,0.000000e+00
900,177.828,5,0.000000e+00
925,177.828,5,0.000000e+00
950,177.828,5,0.000000e+00
975,177.828,5,0.000000e+00
1000,177.828,5,0.000000e+00
1025,177.828,5,0.000000e+00
1050,177.828,5,0.000000e+00
1075,177.828,5,0.000000e+00
1100,177.828,5,0.000000e+00
1125,177.828,5,0.000000e+00
1150,177.828,5,0.000000e+00
1175,177.828,5,0.000000e+00
1200,177.828,5,0.000000e+00
1225,177.828,5,0.000000e+00
1250,177.828,5,0.000000e+00
1275,177.828,5,0.000000e+00
1300,177.828,5,0.000000e+00
1325,177.828,5,0.000000e+00
1350,177.828,5,0.000000e+00
1375,177.828,5,0.000000e+00
1400,177.828,5,0.000000e+00
1425,177.828,5,0.000000e+00
1450,177.828,5,0.000000e+00
1475,177.828,5,0.000000e+00
1500,177.828,5,0.000000e+00
1525,177.828,5,0.000000e+00
1550,177.828,5,0.000000e+00
1575,177.828,5,0.000000e+00
1600,177.828,5,0.000000e+00
1625,177.828,5,0.000000e+00
1650,177.828,5,0.000000e+00
1675,177.828,5,0.000000e+00
1700,177.828,5,0.000000e+00
1725,177.828,5,0.000000e+00
1750,177.828,5,0.000000e+00
1775,177.828,5,0.000000e+00
1800,177.828,5,0.000000e+00
1825,177.828,5,0.000000e+00
1850,177.828,5,0.000000e+00
1875,177.828,5,0.000000e+00
1900,177.828,5,0.000000e+00
1925,177.828,5,0.000000e+00
1950,177.828,5,0.000000e+00
1975,177.828,5,0.000000e+00
2000,177.828,5,0.000000e+00
2025,177.828,5,0.000000e+00
2050,177.828,5,0.000000e+00
2075,177.828,5,0.000000e+00
2100,177.828,5,0.000000e+00
2125,177.828,5,0.000000e+00
2150,177.828,5,0.000000e+00
2175,177.828,5,0.000000e+00
2200,177.828,5,0.000000e+00
2225,177.828,5,0.000000e+00
2250,177.828,5,0.000000e+00
2275,177.828,5,0.000000e+00
2300,177.828,5,0.000000e+00
2325,177.828,5,0.000000e+00
2350,177.828,5,0.000000e+00
2375,177.828,5,0.000000e+00
2400,177.828,5,0.000000e+00
2425,177.828,5,0.000000e+00
2450,177.828,5,0.000000e+00
2475,177.828,5,0.000000e+00
2500,177.828,5,0.000000e+00
2525,177.828,5,0.000000e+00
2550,177.828,5,0.000000e+00
2575,177.828,5,0.000000e+00
2600,177.828,5,0.000000e+00
2625,177.828,5,0.000000e+00
2650,177.828,5,0.000000e+00
2675,177.828,5,0.000000e+00
2700,177.828,5,0.000000e+00
2725,177.828,5,0.000000e+00
2750,177.828,5,0.000000e+00
2775,177.828,5,0.000000e+00
2800,177.828,5,0.000000e+00
2825,177.828,5,0.000000e+00
2850,177.828,5,0.000000e+00
2875,177.828,5,0.000000e+00
2900,177.828,5,0.000000e+00
2925,177.828,5,0.000000e+00
2950,177.828,5,0.000000e+00
2975,177.828,5,0.000000e+00
3000,177.828,5,0.000000e+00
3025,177.828,5,0.000000e+00
3050,177.828,5,0.000000e+00
3075,177.828,5,0.000000e+00
3100,177.828,5,0.000000e+00
3125,177.828,5,0.000000e+00
3150,177.828,5,0.000000e+00
3175,177.828,5,0.000000e+00
3200,177.828,5,0.000000e+00
3225,177.828,5,0.000000e+00
3250,177.828,5,0.000000e+00
3275,177.828,5,0.000000e+00
3300,177.828,5,0.000000e+00
3325,177.828,5,0.000000e+00
3350,177.828,5,0.000000e+00
3375,177.828,5,0.000000e+00
3400,177.828,5,0.000000e+00
3425,177.828,5,0.000000e+00
3450,177.828,5,0.000000e+00
3475,177.828,5,0.000000e+00
3500,177.828,5,0.000000e+00
3525,177.828,5,5.091220e-02
3550,177.828,5,1.152880e-01
3575,177.828,5,1.814020e-01
3600,177.828,5,2.492710e-01
3625,177.828,5,3.189130e-01
3650,177.828,5,3.903490e-01
3675,177.828,5,4.636040e-01
3700,177.828,5,5.387060e-01
3725,177.828,5,6.156880e-01
3750,177.828,5,6.945890e-01
3775,177.828,5,7.754560e-01
3800,177.828,5,8.583450e-01
3825,177.828,5,9.433220e-01
3850,177.828,5,1.030460e+00
3875,177.828,5,1.119860e+00
3900,177.828,5,1.211620e+00
3925,177.828,5,1.305880e+00
3950,177.828,5,1.402780e+00
3975,177.828,5,1.502490e+00
4000,177.828,5,1.605230e+00
4025,177.828,5,1.711230e+00
4050,177.828,5,1.820780e+00
4075,177.828,5,1.934190e+00
4100,177.828,5,2.051840e+00
4125,177.828,5,2.174180e+00
4150,177.828,5,2.301690e+00
4175,177.828,5,2.434990e+00
4200,177.828,5,2.574730e+00
4225,177.828,5,2.721710e+00
4250,177.828,5,2.876850e+00
4275,177.828,5,3.041200e+00
4300,177.828,5,3.215990e+00
4325,177.828,5,3.402660e+00
4350,177.828,5,3.602890e+00
4375,177.828,5,3.818630e+00
4400,177.828,5,4.052190e+00
4425,177.828,5,4.306300e+00
4450,177.828,5,4.584190e+00
4475,177.828,5,4.889690e+00
4500,177.828,5,5.227420e+00
4525,177.828,5,5.602960e+00
4550,177.828,5,6.023100e+00
4575,177.828,5,6.496170e+00
4600,177.828,5,7.032550e+00
4625,177.828,5,7.645220e+00
4650,177.828,5,8.350720e+00
4675,177.828,5,9.170380e+00
4700,177.828,5,1.013220e+01
4725,177.828,5,1.127370e+01
4750,177.828,5,1.264600e+01
4775,177.828,5,1.432090e+01
4800,177.828,5,1.640250e+01
4825,177.828,5,1.904660e+01
4850,177.828,5,2.249790e+01
4875,177.828,5,2.716230e+01
4900,177.828,5,3.376380e+01
4925,177.828,5,4.372510e+01
4950,177.828,5,6.025710e+01
4975,177.828,5,9.235450e+01
5000,177.828,5,1.776250e+02
300,316.228,5,0.000000e+00
325,316.228,5,0.000000e+00
350,316.228,5,0.000000e+00
375,316.228,5,0.000000e+00
400,316.228,5,0.000000e+00
425,316.228,5,0.000000e+00
450,316.228,5,0.000000e+00
475,316.228,5,0.000000e+00
500,316.228,5,0.000000e+00
525,316.228,5,0.000000e+00
550,316.228,5,0.000000e+00
575,316.228,5,0.000000e+00
600,316.228,5,0.000000e+00
625,316.228,5,0.000000e+00
650,316.228,5,0.000000e+00
675,316.228,5,0.000000e+00
700,316.228,5,0.000000e+00
725,316.228,5,0.000000e+00
750,316.228,5,0.000000e+00
775,316.228,5,0.000000e+00
800,316.228,5,0.000000e+00
825,316.228,5,0.000000e+00
850,316.228,5,0.000000e+00
875,316.228,5,0.000000e+00
900,316.228,5,0.000000e+00
925,316.228,5,0.000000e+00
950,316.228,5,0.000000e+00
975,316.228,5,0.000000e+00
1000,316.228,5,0.000000e+00
1025,316.228,5,0.000000e+00
1050,316.228,5,0.000000e+00
1075,316.228,5,0.000000e+00
1100,316.228,5,0.000000e+00
1125,316.228,5,0.000000e+00
1150,316.228,5,0.000000e+00
1175,316.228,5,0.000000e+00
1200,316.228,5,0.000000e+00
1225,316.228,5,0.000000e+00
1250,316.228,5,0.000000e+00
1275,316.228,5,0.000000e+00
1300,316.228,5,0.000000e+00
1325,316.228,5,0.000000e+00
1350,316.228,5,0.000000e+00
1375,316.228,5,0.000000e+00
1400,316.228,5,0.000000e+00
1425,316.228,5,0.000000e+00
1450,316.228,5,0.000000e+00
1475,316.228,5,0.000000e+00
1500,316.228,5,0.000000e+00
1525,316.228,5,0.000000e+00
1550,316.228,5,0.000000e+00
1575,316.228,5,0.000000e+00
1600,316.228,5,0.000000e+00
1625,316.228,5,0.000000e+00
1650,316.228,5,0.000000e+00
1675,316.228,5,0.000000e+00
1700,316.228,5,0.000000e+00
1725,316.228,5,0.000000e+00
1750,316.228,5,0.000000e+00
1775,316.228,5,0.000000e+00
1800,316.228,5,0.000000e+00
1825,316.228,5,0.000000e+00
1850,316.228,5,0.000000e+00
1875,316.228,5,0.000000e+00
1900,316.228,5,0.000000e+00
1925,316.228,5,0.000000e+00
1950,316.228,5,0.000000e+00
1975,316.228,5,0.000000e+00
2000,316.228,5,0.000000e+00
2025,316.228,5,0.000000e+00
2050,316.228,5,0.000000e+00
2075,316.228,5,0.000000e+00
2100,316.228,5,0.000000e+00
2125,316.228,5,0.000000e+00
2150,316.228,5,0.000000e+00
2175,316.228,5,0.000000e+00
2200,316.228,5,0.000000e+00
2225,316.228,5,0.000000e+00
2250,316.228,5,0.000000e+00
2275,316.228,5,0.000000e+00
2300,316.228,5,0.000000e+00
2325,316.228,5,0.000000e+00
2350,316.228,5,0.000000e+00
2375,316.228,5,0.000000e+00
2400,316.228,5,0.000000e+00
2425,316.228,5,0.000000e+00
2450,316.228,5,0.000000e+00
2475,316.228,5,0.000000e+00
2500,316.228,5,0.000000e+00
2525,316.228,5,0.000000e+00
2550,316.228,5,0.000000e+00
2575,316.228,5,0.000000e+00
2600,316.228,5,0.000000e+00
2625,316.228,5,0.000000e+00
2650,316.228,5,0.000000e+00
2675,316.228,5,0.000000e+00
2700,316.228,5,0.000000e+00
2725,316.228,5,0.000000e+00
2750,316.228,5,0.000000e+00
2775,316.228,5,0.000000e+00
2800,316.228,5,0.000000e+00
2825,316.228,5,0.000000e+00
2850,316.228,5,0.000000e+00
2875,316.228,5,0.000000e+00
2900,316.228,5,0.000000e+00
2925,316.228,5,0.000000e+00
2950,316.228,5,0.000000e+00
2975,316.228,5,0.000000e+00
3000,316.228,5,0.000000e+00
3025,316.228,5,0.000000e+00
3050,316.228,5,0.000000e+00
3075,316.228,5,0.000000e+00
3100,316.228,5,0.000000e+00
3125,316.228,5,0.000000e+00
3150,316.228,5,0.000000e+00
3175,316.228,5,0.000000e+00
3200,316.228,5,0.000000e+00
3225,316.228,5,0.000000e+00
3250,316.228,5,0.000000e+00
3275,316.228,5,0.000000e+00
3300,316.228,5,0.000000e+00
3325,316.228,5,0.000000e+00
3350,316.228,5,0.000000e+00
3375,316.228,5,0.000000e+00
3400,316.228,5,0.000000e+00
3425,316.228,5,0.000000e+00
3450,316.228,5,0.000000e+00
3475,316.228,5,0.000000e+00
3500,316.228,5,0.000000e+00
3525,316.228,5,5.260150e-02
3550,316.228,5,1.165210e-01
3575,316.228,5,1.821280e-01
3600,316.228,5,2.494260e-01
3625,316.228,5,3.184160e-01
3650,316.228,5,3.891040e-01
3675,316.228,5,4.614910e-01
3700,316.228,5,5.355810e-01
3725,316.228,5,6.113820e-01
3750,316.228,5,6.889000e-01
3775,316.228,5,7.681470e-01
3800,316.228,5,8.491350e-01
3825,316.228,5,9.318830e-01
3850,316.228,5,1.016420e+00
3875,316.228,5,1.102760e+00
3900,316.228,5,1.190960e+00
3925,316.228,5,1.281050e+00
3950,316.228,5,1.373110e+00
3975,316.228,5,1.467180e+00
4000,316.228,5,1.563380e+00
4025,316.228,5,1.661780e+00
4050,316.228,5,1.762530e+00
4075,316.228,5,1.865750e+00
4100,316.228,5,1.971630e+00
4125,316.228,5,2.080360e+00
4150,316.228,5,2.192180e+00
4175,316.228,5,2.307360e+00
4200,316.228,5,2.426220e+00
4225,316.228,5,2.549140e+00
4250,316.228,5,2.676530e+00
4275,316.228,5,2.808890e+00
4300,316.228,5,2.946800e+00
4325,316.228,5,3.090910e+00
4350,316.228,5,3.241990e+00
4375,316.228,5,3.400920e+00
4400,316.228,5,3.568710e+00
4425,316.228,5,3.746540e+00
4450,316.228,5,3.935770e+00
4475,316.228,5,4.138000e+00
4500,316.228,5,4.355060e+00
4525,316.228,5,4.589110e+00
4550,316.228,5,4.842690e+00
4575,316.228,5,5.118770e+00
4600,316.228,5,5.420880e+00
4625,316.228,5,5.753230e+00
4650,316.228,5,6.120860e+00
4675,316.228,5,6.529850e+00
4700,316.228,5,6.987620e+00
4725,316.228,5,7.503260e+00
4750,316.228,5,8.088080e+00
4775,316.228,5,8.756290e+00
4800,316.228,5,9.525970e+00
4825,316.228,5,1.042050e+01
4850,316.228,5,1.147050e+01
4875,316.228,5,1.271720e+01
4900,316.228,5,1.421700e+01
4925,316.228,5,1.604910e+01
4950,316.228,5,1.832880e+01
4975,316.228,5,2.122930e+01
5000,316.228,5,2.502440e+01
300,562.341,5,0.000000e+00
325,562.341,5,0.000000e+00
350,562.341,5,0.000000e+00
375,562.341,5,0.000000e+00
400,562.341,5,0.000000e+00
425,562.341,5,0.000000e+00
450,562.341,5,0.000000e+00
475,562.341,5,0.000000e+00
500,562.341,5,0.000000e+00
525,562.341,5,0.000000e+00
550,562.341,5,0.000000e+00
575,562.341,5,0.000000e+00
600,562.341,5,0.000000e+00
625,562.341,5,0.000000e+00
650,562.341,5,0.000000e+00
675,562.341,5,0.000000e+00
700,562.341,5,0.000000e+00
725,562.341,5,0.000000e+00
750,562.341,5,0.000000e+00
775,562.341,5,0.000000e+00
800,562.341,5,0.000000e+00
825,562.341,5,0.000000e+00
850,562.341,5,0.000000e+00
875,562.341,5,0.000000e+00
900,562.341,5,0.000000e+00
925,562.341,5,0.000000e+00
950,562.341,5,0.000000e+00
975,562.341,5,0.000000e+00
1000,562.341,5,0.000000e+00
1025,562.341,5,0.000000e+00
1050,562.341,5,0.000000e+00
1075,562.341,5,0.000000e+00
1100,562.341,5,0.000000e+00
1125,562.341,5,0.000000e+00
1150,562.341,5,0.000000e+00
1175,562.341,5,0.000000e+00
1200,562.341,5,0.000000e+00
1225,562.341,5,0.000000e+00
1250,562.341,5,0.000000e+00
1275,562.341,5,0.000000e+00
1300,562.341,5,0.000000e+00
1325,562.341,5,0.000000e+00
1350,562.341,5,0.000000e+00
1375,562.341,5,0.000000e+00
1400,562.341,5,0.000000e+00
1425,562.341,5,0.000000e+00
1450,562.341,5,0.000000e+00
1475,562.341,5,0.000000e+00
1500,562.341,5,0.000000e+00
1525,562.341,5,0.000000e+00
1550,562.341,5,0.000000e+00
1575,562.341,5,0.000000e+00
1600,562.341,5,0.000000e+00
1625,562.341,5,0.000000e+00
1650,562.341,5,0.000000e+00
1675,562.341,5,0.000000e+00
1700,562.341,5,0.000000e+00
1725,562.341,5,0.000000e+00
1750,562.341,5,0.000000e+00
1775,562.341,5,0.000000e+00
1800,562.341,5,0.000000e+00
1825,562.341,5,0.000000e+00
1850,562.341,5,0.000000e+00
1875,562.341,5,0.000000e+00
1900,562.341,5,0.000000e+00
1925,562.341,5,0.000000e+00
1950,562.341,5,0.000000e+00
1975,562.341,5,0.000000e+00
2000,562.341,5,0.000000e+00
2025,562.341,5,0.000000e+00
2050,562.341,5,0.000000e+00
2075,562.341,5,0.000000e+00
2100,562.341,5,0.000000e+00
2125,562.341,5,0.000000e+00
2150,562.341,5,0.000000e+00
2175,562.341,5,0.000000e+00
2200,562.341,5,0.000000e+00
2225,562.341,5,0.000000e+00
2250,562.341,5,0.000000e+00
2275,562.341,5,0.000000e+00
2300,562.341,5,0.000000e+00
2325,562.341,5,0.000000e+00
2350,562.341,5,0.000000e+00
2375,562.341,5,0.000000e+00
2400,562.341,5,0.000000e+00
2425,562.341,5,0.000000e+00
2450,562.341,5,0.000000e+00
2475,562.341,5,0.000000e+00
2500,562.341,5,0.000000e+00
2525,562.341,5,0.000000e+00
2550,562.341,5,0.000000e+00
2575,562.341,5,0.000000e+00
2600,562.341,5,0.000000e+00
2625,562.341,5,0.000000e+00
2650,562.341,5,0.000000e+00
2675,562.341,5,0.000000e+00
2700,562.341,5,0.000000e+00
2725,562.341,5,0.000000e+00
2750,562.341,5,0.000000e+00
2775,562.341,5,0.000000e+00
2800,562.341,5,0.000000e+00
2825,562.341,5,0.000000e+00
2850,562.341,5,0.000000e+00
2875,562.341,5,0.000000e+00
2900,562.341,5,0.000000e+00
2925,562.341,5,0.000000e+00
2950,562.341,5,0.000000e+00
2975,562.341,5,0.000000e+00
3000,562.341,5,0.000000e+00
3025,562.341,5,0.000000e+00
3050,562.341,5,0.000000e+00
3075,562.341,5,0.000000e+00
3100,562.341,5,0.000000e+00
3125,562.341,5,0.000000e+00
3150,562.341,5,0.000000e+00
3175,562.341,5,0.000000e+00
3200,562.341,5,0.000000e+00
3225,562.341,5,0.000000e+00
3250,562.341,5,0.000000e+00
3275,562.341,5,0.000000e+00
3300,562.341,5,0.000000e+00
3325,562.341,5,0.000000e+00
3350,562.341,5,0.000000e+00
3375,562.341,5,0.000000e+00
3400,562.341,5,0.000000e+00
3425,562.341,5,0.000000e+00
3450,562.341,5,0.000000e+00
3475,562.341,5,0.000000e+00
3500,562.341,5,0.000000e+00
3525,562.341,5,5.412470e-02
3550,562.341,5,1.174590e-01
3575,562.341,5,1.824700e-01
3600,562.341,5,2.491540e-01
3625,562.341,5,3.175040e-01
3650,562.341,5,3.875130e-01
3675,562.341,5,4.591720e-01
3700,562.341,5,5.324710e-01
3725,562.341,5,6.074010e-01
3750,562.341,5,6.839510e-01
3775,562.341,5,7.621110e-01
3800,562.341,5,8.418710e-01
3825,562.341,5,9.232210e-01
3850,562.341,5,1.006160e+00
3875,562.341,5,1.090670e+00
3900,562.341,5,1.176760e+00
3925,562.341,5,1.264430e+00
3950,562.341,5,1.353690e+00
3975,562.341,5,1.444550e+00
4000,562.341,5,1.537020e+00
4025,562.341,5,1.631150e+00
4050,562.341,5,1.726960e+00
4075,562.341,5,1.824500e+00
4100,562.341,5,1.923850e+00
4125,562.341,5,2.025060e+00
4150,562.341,5,2.128250e+00
4175,562.341,5,2.233530e+00
4200,562.341,5,2.341030e+00
4225,562.341,5,2.450920e+00
4250,562.341,5,2.563390e+00
4275,562.341,5,2.678660e+00
4300,562.341,5,2.797000e+00
4325,562.341,5,2.918720e+00
4350,562.341,5,3.044170e+00
4375,562.341,5,3.173760e+00
4400,562.341,5,3.307960e+00
4425,562.341,5,3.447310e+00
4450,562.341,5,3.592440e+00
4475,562.341,5,3.744060e+00
4500,562.341,5,3.902990e+00
4525,562.341,5,4.070180e+00
4550,562.341,5,4.246720e+00
4575,562.341,5,4.433860e+00
4600,562.341,5,4.633040e+00
4625,562.341,5,4.845950e+00
4650,562.341,5,5.074530e+00
4675,562.341,5,5.321030e+00
4700,562.341,5,5.588110e+00
4725,562.341,5,5.878860e+00
4750,562.341,5,6.196960e+00
4775,562.341,5,6.546750e+00
4800,562.341,5,6.933450e+00
4825,562.341,5,7.363320e+00
4850,562.341,5,7.843970e+00
4875,562.341,5,8.384710e+00
4900,562.341,5,8.997100e+00
4925,562.341,5,9.695580e+00
4950,562.341,5,1.049850e+01
4975,562.341,5,1.142940e+01
5000,562.341,5,1.251930e+01
300,1000,5,0.000000e+00
325,1000,5,0.000000e+00
350,1000,5,0.000000e+00
375,1000,5,0.000000e+00
400,1000,5,0.000000e+00
425,1000,5,0.000000e+00
450,1000,5,0.000000e+00
475,1000,5,0.000000e+00
500,1000,5,0.000000e+00
525,1000,5,0.000000e+00
550,1000,5,0.000000e+00
575,1000,5,0.000000e+00
600,1000,5,0.000000e+00
625,1000,5,0.000000e+00
650,1000,5,0.000000e+00
675,1000,5,0.000000e+00
700,1000,5,0.000000e+00
725,1000,5,0.000000e+00
750,1000,5,0.000000e+00
775,1000,5,0.000000e+00
800,1000,5,0.000000e+00
825,1000,5,0.000000e+00
850,1000,5,0.000000e+00
875,1000,5,0.000000e+00
900,1000,5,0.000000e+00
925,1000,5,0.000000e+00
950,1000,5,0.000000e+00
975,1000,5,0.000000e+00
1000,1000,5,0.000000e+00
1025,1000,5,0.000000e+00
1050,1000,5,0.000000e+00
1075,1000,5,0.000000e+00
1100,1000,5,0.000000e+00
1125,1000,5,0.000000e+00
1150,1000,5,0.000000e+00
1175,1000,5,0.000000e+00
1200,1000,5,0.000000e+00
1225,1000,5,0.000000e+00
1250,1000,5,0.000000e+00
1275,1000,5,0.000000e+00
1300,1000,5,0.000000e+00
1325,1000,5,0.000000e+00
1350,1000,5,0.000000e+00
1375,1000,5,0.000000e+00
1400,1000,5,0.000000e+00
1425,1000,5,0.000000e+00
1450,1000,5,0.000000e+00
1475,1000,5,0.000000e+00
1500,1000,5,0.000000e+00
1525,1000,5,0.000000e+00
1550,1000,5,0.000000e+00
1575,1000,5,0.000000e+00
1600,1000,5,0.000000e+00
1625,1000,5,0.000000e+00
1650,1000,5,0.000000e+00
1675,1000,5,0.000000e+00
1700,1000,5,0.000000e+00
1725,1000,5,0.000000e+00
1750,1000,5,0.000000e+00
1775,1000,5,0.000000e+00
1800,1000,5,0.000000e+00
1825,1000,5,0.000000e+00
1850,1000,5,0.000000e+00
1875,1000,5,0.000000e+00
1900,1000,5,0.000000e+00
1925,1000,5,0.000000e+00
1950,1000,5,0.000000e+00
1975,1000,5,0.000000e+00
2000,1000,5,0.000000e+00
2025,1000,5,0.000000e+00
2050,1000,5,0.000000e+00
2075,1000,5,0.000000e+00
2100,1000,5,0.000000e+00
2125,1000,5,0.000000e+00
2150,1000,5,0.000000e+00
2175,1000,5,0.000000e+00
2200,1000,5,0.000000e+00
2225,1000,5,0.000000e+00
2250,1000,5,0.000000e+00
2275,1000,5,0.000000e+00
2300,1000,5,0.000000e+00
2325,1000,5,0.000000e+00
2350,1000,5,0.000000e+00
2375,1000,5,0.000000e+00
2400,1000,5,0.000000e+00
2425,1000,5,0.000000e+00
2450,1000,5,0.000000e+00
2475,1000,5,0.000000e+00
2500,1000,5,0.000000e+00
2525,1000,5,0.000000e+00
2550,1000,5,0.000000e+00
2575,1000,5,0.000000e+00
2600,1000,5,0.000000e+00
2625,1000,5,0.000000e+00
2650,1000,5,0.000000e+00
2675,1000,5,0.000000e+00
2700,1000,5,0.000000e+00
2725,1000,5,0.000000e+00
2750,1000,5,0.000000e+00
2775,1000,5,0.000000e+00
2800,1000,5,0.000000e+00
2825,1000,5,0.000000e+00
2850,1000,5,0.000000e+00
2875,1000,5,0.000000e+00
2900,1000,5,0.000000e+00
2925,1000,5,0.000000e+00
2950,1000,5,0.000000e+00
2975,1000,5,0.000000e+00
3000,1000,5,0.000000e+00
3025,1000,5,0.000000e+00
3050,1000,5,0.000000e+00
3075,1000,5,0.000000e+00
3100,1000,5,0.000000e+00
3125,1000,5,0.000000e+00
3150,1000,5,0.000000e+00
3175,1000,5,0.000000e+00
3200,1000,5,0.000000e+00
3225,1000,5,0.000000e+00
3250,1000,5,0.000000e+00
3275,1000,5,0.000000e+00
3300,1000,5,0.000000e+00
3325,1000,5,0.000000e+00
3350,1000,5,0.000000e+00
3375,1000,5,0.000000e+00
3400,1000,5,0.000000e+00
3425,1000,5,0.000000e+00
3450,1000,5,0.000000e+00
3475,1000,5,0.000000e+00
3500,1000,5,0.000000e+00
3525,1000,5,5.532130e-02
3550,1000,5,1.177370e-01
3575,1000,5,1.818530e-01
3600,1000,5,2.476590e-01
3625,1000,5,3.151450e-01
3650,1000,5,3.842970e-01
3675,1000,5,4.551000e-01
3700,1000,5,5.275360e-01
3725,1000,5,6.015860e-01
3750,1000,5,6.772290e-01
3775,1000,5,7.544430e-01
3800,1000,5,8.332030e-01
3825,1000,5,9.134860e-01
3850,1000,5,9.952670e-01
3875,1000,5,1.078520e+00
3900,1000,5,1.163220e+00
3925,1000,5,1.249340e+00
3950,1000,5,1.336870e+00
3975,1000,5,1.425770e+00
4000,1000,5,1.516040e+00
4025,1000,5,1.607670e+00
4050,1000,5,1.700630e+00
4075,1000,5,1.794930e+00
4100,1000,5,1.890570e+00
4125,1000,5,1.987560e+00
4150,1000,5,2.085930e+00
4175,1000,5,2.185690e+00
4200,1000,5,2.286910e+00
4225,1000,5,2.389620e+00
4250,1000,5,2.493900e+00
4275,1000,5,2.599840e+00
4300,1000,5,2.707550e+00
4325,1000,5,2.817150e+00
4350,1000,5,2.928810e+00
4375,1000,5,3.042700e+00
4400,1000,5,3.159040e+00
4425,1000,5,3.278080e+00
4450,1000,5,3.400100e+00
4475,1000,5,3.525430e+00
4500,1000,5,3.654470e+00
4525,1000,5,3.787640e+00
4550,1000,5,3.925440e+00
4575,1000,5,4.068460e+00
4600,1000,5,4.217340e+00
4625,1000,5,4.372820e+00
4650,1000,5,4.535770e+00
4675,1000,5,4.707150e+00
4700,1000,5,4.888080e+00
4725,1000,5,5.079840e+00
4750,1000,5,5.283890e+00
4775,1000,5,5.501920e+00
4800,1000,5,5.735880e+00
4825,1000,5,5.988030e+00
4850,1000,5,6.260990e+00
4875,1000,5,6.557840e+00
4900,1000,5,6.882180e+00
4925,1000,5,7.238270e+00
4950,1000,5,7.631180e+00
4975,1000,5,8.066990e+00
5000,1000,5,8.553010e+00
