P_atm,T_K,M[kg/kmol],Cp[kJ/kg-K],h[kJ/kg],gamma[-],rho[kg/m3],mu[millipoise]
0.001,200,3.094510e+01,1.144150e+00,-4.836910e+03,1.306900e+00,1.885580e-03,8.791870e-02
0.001,225,3.094510e+01,1.185780e+00,-4.807790e+03,1.292970e+00,1.676070e-03,9.757770e-02
0.001,250,3.094510e+01,1.232790e+00,-4.777570e+03,1.278690e+00,1.508460e-03,1.071520e-01
0.001,275,3.094510e+01,1.285010e+00,-4.746110e+03,1.264380e+00,1.371330e-03,1.166360e-01
0.001,300,3.094500e+01,1.342370e+00,-4.713280e+03,1.250310e+00,1.257050e-03,1.260220e-01
0.001,325,3.094420e+01,1.408680e+00,-4.678920e+03,1.236130e+00,1.160320e-03,1.356850e-01
0.001,350,3.093980e+01,1.502460e+00,-4.642630e+03,1.219840e+00,1.077290e-03,1.453140e-01
0.001,375,3.092150e+01,1.683290e+00,-4.603100e+03,1.197300e+00,1.004870e-03,1.549260e-01
0.001,400,3.085860e+01,2.102940e+00,-4.556520e+03,1.165840e+00,9.401530e-04,1.645860e-01
0.001,425,3.067530e+01,3.077380e+00,-4.493390e+03,1.133420e+00,8.795930e-04,1.744690e-01
0.001,450,3.022040e+01,5.113450e+00,-4.393810e+03,1.115180e+00,8.184080e-04,1.849270e-01
0.001,475,2.927780e+01,8.618870e+00,-4.225150e+03,1.117510e+00,7.511500e-04,1.964650e-01
0.001,500,2.773730e+01,1.268220e+01,-3.957250e+03,1.133300e+00,6.760470e-04,2.092880e-01
0.001,525,2.593780e+01,1.368720e+01,-3.616770e+03,1.142640e+00,6.020820e-04,2.221220e-01
0.001,550,2.456950e+01,9.827400e+00,-3.316200e+03,1.137090e+00,5.443980e-04,2.336380e-01
0.001,575,2.387140e+01,5.751180e+00,-3.125960e+03,1.138850e+00,5.059310e-04,2.434040e-01
0.001,600,2.355900e+01,4.050360e+00,-3.007820e+03,1.149150e+00,4.785060e-04,2.521090e-01
0.001,625,2.336880e+01,3.829000e+00,-2.911280e+03,1.149970e+00,4.556580e-04,2.600950e-01
0.001,650,2.318260e+01,4.251650e+00,-2.811150e+03,1.144230e+00,4.346410e-04,2.677610e-01
0.001,675,2.295290e+01,4.993860e+00,-2.696080e+03,1.139160e+00,4.143960e-04,2.751620e-01
0.001,700,2.265880e+01,5.930080e+00,-2.559850e+03,1.137170e+00,3.944760e-04,2.823060e-01
0.001,725,2.229230e+01,6.975470e+00,-2.398660e+03,1.138330e+00,3.747130e-04,2.891870e-01
0.001,750,2.185600e+01,8.031910e+00,-2.210970e+03,1.141910e+00,3.551330e-04,2.958020e-01
0.001,775,2.136290e+01,8.976490e+00,-1.998000e+03,1.146900e+00,3.359240e-04,3.021590e-01
0.001,800,2.083540e+01,9.674620e+00,-1.764210e+03,1.152180e+00,3.173900e-04,3.082880e-01
0.001,825,2.030170e+01,1.001220e+01,-1.517290e+03,1.156790e+00,2.998890e-04,3.142340e-01
0.001,850,1.979100e+01,9.935110e+00,-1.267080e+03,1.160140e+00,2.837460e-04,3.200620e-01
0.001,875,1.932710e+01,9.475360e+00,-1.023740e+03,1.162160e+00,2.691790e-04,3.258410e-01
0.001,900,1.892540e+01,8.742870e+00,-7.955980e+02,1.163220e+00,2.562630e-04,3.316300e-01
0.001,925,1.859100e+01,7.887390e+00,-5.876230e+02,1.163840e+00,2.449300e-04,3.374740e-01
0.001,950,1.832040e+01,7.053660e+00,-4.010380e+02,1.164280e+00,2.350140e-04,3.433950e-01
0.001,975,1.810500e+01,6.355340e+00,-2.338020e+02,1.164270e+00,2.262960e-04,3.494010e-01
0.001,1000,1.793320e+01,5.874240e+00,-8.145610e+01,1.162820e+00,2.185450e-04,3.554940e-01
0.001,1025,1.779220e+01,5.676480e+00,6.226710e+01,1.158590e+00,2.115380e-04,3.614430e-01
0.001,1050,1.766880e+01,5.836440e+00,2.053400e+02,1.150730e+00,2.050690e-04,3.674810e-01
0.001,1075,1.754880e+01,6.458430e+00,3.579250e+02,1.139930e+00,1.989400e-04,3.736310e-01
0.001,1100,1.741640e+01,7.698190e+00,5.333910e+02,1.128680e+00,1.929510e-04,3.799380e-01
0.001,1125,1.725230e+01,9.778250e+00,7.498190e+02,1.120120e+00,1.868860e-04,3.864670e-01
0.001,1150,1.703380e+01,1.297580e+01,1.031630e+03,1.116740e+00,1.805070e-04,3.933020e-01
0.001,1175,1.673530e+01,1.749540e+01,1.409760e+03,1.119730e+00,1.735710e-04,4.005220e-01
0.001,1200,1.633780e+01,2.296820e+01,1.914830e+03,1.128250e+00,1.659190e-04,4.081440e-01
0.001,1225,1.585350e+01,2.723680e+01,2.549000e+03,1.137260e+00,1.577140e-04,4.160070e-01
0.001,1250,1.536240e+01,2.591360e+01,3.229270e+03,1.137440e+00,1.497720e-04,4.236740e-01
0.001,1275,1.499130e+01,1.803890e+01,3.787030e+03,1.129300e+00,1.432890e-04,4.306640e-01
0.001,1300,1.478990e+01,1.007880e+01,4.131930e+03,1.132960e+00,1.386450e-04,4.369170e-01
0.001,1325,1.470280e+01,5.798240e+00,4.323160e+03,1.159490e+00,1.352280e-04,4.427190e-01
0.001,1350,1.466800e+01,4.057850e+00,4.442900e+03,1.193540e+00,1.324090e-04,4.483120e-01
0.001,1375,1.465350e+01,3.409040e+00,4.534910e+03,1.216710e+00,1.298730e-04,4.538080e-01
0.001,1400,1.464680e+01,3.170410e+00,4.616660e+03,1.227540e+00,1.274960e-04,4.592490e-01
0.001,1425,1.464320e+01,3.084780e+00,4.694670e+03,1.231400e+00,1.252290e-04,4.646520e-01
0.001,1450,1.464090e+01,3.059420e+00,4.771390e+03,1.232100e+00,1.230500e-04,4.700230e-01
0.001,1475,1.463920e+01,3.060590e+00,4.847850e+03,1.231360e+00,1.209510e-04,4.753640e-01
0.001,1500,1.463770e+01,3.075840e+00,4.924540e+03,1.229880e+00,1.189220e-04,4.806770e-01
0.001,1525,1.463620e+01,3.100620e+00,5.001720e+03,1.227910e+00,1.169610e-04,4.859640e-01
0.001,1550,1.463450e+01,3.133580e+00,5.079630e+03,1.225560e+00,1.150610e-04,4.912250e-01
0.001,1575,1.463250e+01,3.174750e+00,5.158470e+03,1.222850e+00,1.132190e-04,4.964610e-01
0.001,1600,1.463020e+01,3.224870e+00,5.238450e+03,1.219780e+00,1.114320e-04,5.016730e-01
0.001,1625,1.462730e+01,3.285150e+00,5.319800e+03,1.216340e+00,1.096960e-04,5.068620e-01
0.001,1650,1.462380e+01,3.357120e+00,5.402800e+03,1.212520e+00,1.080080e-04,5.120290e-01
0.001,1675,1.461940e+01,3.442620e+00,5.487770e+03,1.208330e+00,1.063650e-04,5.171740e-01
0.001,1700,1.461410e+01,3.543780e+00,5.575060e+03,1.203770e+00,1.047620e-04,5.222980e-01
0.001,1725,1.460760e+01,3.663020e+00,5.665110e+03,1.198870e+00,1.031980e-04,5.274020e-01
0.001,1750,1.459970e+01,3.803090e+00,5.758390e+03,1.193680e+00,1.016690e-04,5.324860e-01
0.001,1775,1.459020e+01,3.967040e+00,5.855460e+03,1.188240e+00,1.001710e-04,5.375510e-01
0.001,1800,1.457870e+01,4.158320e+00,5.956970e+03,1.182650e+00,9.870220e-05,5.425970e-01
0.001,1825,1.456490e+01,4.380730e+00,6.063640e+03,1.176970e+00,9.725800e-05,5.476250e-01
0.001,1850,1.454840e+01,4.638540e+00,6.176300e+03,1.171310e+00,9.583520e-05,5.526340e-01
0.001,1875,1.452880e+01,4.936500e+00,6.295900e+03,1.165760e+00,9.443040e-05,5.576250e-01
0.001,1900,1.450580e+01,5.279940e+00,6.423500e+03,1.160430e+00,9.303990e-05,5.625970e-01
0.001,1925,1.447860e+01,5.674860e+00,6.560320e+03,1.155410e+00,9.165980e-05,5.675500e-01
0.001,1950,1.444690e+01,6.128020e+00,6.707730e+03,1.150780e+00,9.028620e-05,5.724820e-01
0.001,1975,1.440990e+01,6.647200e+00,6.867270e+03,1.146640e+00,8.891500e-05,5.773920e-01
0.001,2000,1.436690e+01,7.241330e+00,7.040710e+03,1.143050e+00,8.754170e-05,5.822770e-01
0.001,2025,1.431720e+01,7.920870e+00,7.230050e+03,1.140080e+00,8.616190e-05,5.869940e-01
0.001,2050,1.425990e+01,8.698140e+00,7.437570e+03,1.137770e+00,8.477070e-05,5.916750e-01
0.001,2075,1.419420e+01,9.587820e+00,7.665890e+03,1.136180e+00,8.336310e-05,5.963140e-01
0.001,2100,1.411890e+01,1.060760e+01,7.918050e+03,1.135350e+00,8.193360e-05,6.009010e-01
0.001,2125,1.403290e+01,1.177860e+01,8.197530e+03,1.135360e+00,8.047650e-05,6.054240e-01
0.001,2150,1.393490e+01,1.312630e+01,8.508450e+03,1.136250e+00,7.898540e-05,6.098710e-01
0.001,2175,1.382350e+01,1.468080e+01,8.855570e+03,1.138090e+00,7.745370e-05,6.142230e-01
0.001,2200,1.369730e+01,1.647640e+01,9.244490e+03,1.140980e+00,7.587430e-05,6.184590e-01
0.001,2225,1.355450e+01,1.855030e+01,9.681710e+03,1.145010e+00,7.423970e-05,6.225540e-01
0.001,2250,1.339350e+01,2.093930e+01,1.017460e+04,1.150270e+00,7.254260e-05,6.264810e-01
0.001,2275,1.321260e+01,2.367300e+01,1.073160e+04,1.156830e+00,7.077630e-05,6.302130e-01
0.001,2300,1.301030e+01,2.676420e+01,1.136130e+04,1.164720e+00,6.893540e-05,6.337230e-01
0.001,2325,1.278590e+01,3.019610e+01,1.207260e+04,1.173860e+00,6.701760e-05,6.369890e-01
0.001,2350,1.253910e+01,3.390910e+01,1.287340e+04,1.184050e+00,6.502510e-05,6.399990e-01
0.001,2375,1.227120e+01,3.779170e+01,1.376950e+04,1.194920e+00,6.296590e-05,6.427520e-01
0.001,2400,1.198460e+01,4.168080e+01,1.476310e+04,1.205950e+00,6.085460e-05,6.452600e-01
0.001,2425,1.168320e+01,4.537510e+01,1.585190e+04,1.216530e+00,5.871280e-05,6.475410e-01
0.001,2450,1.137230e+01,4.866000e+01,1.702840e+04,1.226020e+00,5.656710e-05,6.496200e-01
0.001,2475,1.105770e+01,5.133870e+01,1.827990e+04,1.233870e+00,5.444660e-05,6.515140e-01
0.001,2500,1.074550e+01,5.326070e+01,1.958900e+04,1.239680e+00,5.238060e-05,6.532340e-01
0.001,2525,1.044150e+01,5.434010e+01,2.093580e+04,1.243260e+00,5.039470e-05,6.547790e-01
0.001,2550,1.015050e+01,5.456030e+01,2.229890e+04,1.244620e+00,4.850960e-05,6.561440e-01
0.001,2575,9.876090e+00,5.396660e+01,2.365710e+04,1.243930e+00,4.674010e-05,6.573270e-01
0.001,2600,9.620890e+00,5.265230e+01,2.499120e+04,1.241490e+00,4.509460e-05,6.583350e-01
0.001,2625,9.386290e+00,5.074100e+01,2.628470e+04,1.237640e+00,4.357590e-05,6.591910e-01
0.001,2650,9.172740e+00,4.837180e+01,2.752440e+04,1.232770e+00,4.218280e-05,6.599300e-01
0.001,2675,8.979950e+00,4.568710e+01,2.870070e+04,1.227220e+00,4.091020e-05,6.606000e-01
0.001,2700,8.807070e+00,4.282340e+01,2.980730e+04,1.221340e+00,3.975110e-05,6.612530e-01
0.001,2725,8.652860e+00,3.990540e+01,3.084140e+04,1.215400e+00,3.869680e-05,6.619420e-01
0.001,2750,8.515800e+00,3.704170e+01,3.180300e+04,1.209630e+00,3.773760e-05,6.627140e-01
0.001,2775,8.394240e+00,3.432220e+01,3.269470e+04,1.204200e+00,3.686380e-05,6.636070e-01
0.001,2800,8.286460e+00,3.181750e+01,3.352090e+04,1.199210e+00,3.606560e-05,6.646490e-01
0.001,2825,8.190750e+00,2.957870e+01,3.428780e+04,1.194690e+00,3.533350e-05,6.658550e-01
0.001,2850,8.105440e+00,2.763960e+01,3.500240e+04,1.190630e+00,3.465880e-05,6.672310e-01
0.001,2875,8.028960e+00,2.601870e+01,3.567240e+04,1.186980e+00,3.403320e-05,6.687740e-01
0.001,2900,7.959830e+00,2.472190e+01,3.630600e+04,1.183650e+00,3.344940e-05,6.704740e-01
0.001,2925,7.896710e+00,2.374540e+01,3.691120e+04,1.180560e+00,3.290050e-05,6.723200e-01
0.001,2950,7.838370e+00,2.307820e+01,3.749580e+04,1.177660e+00,3.238070e-05,6.742930e-01
0.001,2975,7.783720e+00,2.270370e+01,3.806750e+04,1.174920e+00,3.188470e-05,6.763760e-01
0.001,3000,7.731790e+00,2.260150e+01,3.863330e+04,1.172340e+00,3.140800e-05,6.785530e-01
0.001,3025,7.681720e+00,2.274800e+01,3.919970e+04,1.169980e+00,3.094670e-05,6.808050e-01
0.001,3050,7.632780e+00,2.311670e+01,3.977250e+04,1.167890e+00,3.049750e-05,6.831180e-01
0.001,3075,7.584340e+00,2.367800e+01,4.035710e+04,1.166140e+00,3.005760e-05,6.854790e-01
0.001,3100,7.535910e+00,2.439880e+01,4.095780e+04,1.164780e+00,2.962480e-05,6.878780e-01
0.001,3125,7.487080e+00,2.524140e+01,4.157810e+04,1.163850e+00,2.919740e-05,6.903070e-01
0.001,3150,7.437590e+00,2.616300e+01,4.222050e+04,1.163360e+00,2.877420e-05,6.927620e-01
0.001,3175,7.387260e+00,2.711450e+01,4.288650e+04,1.163280e+00,2.835450e-05,6.952420e-01
0.001,3200,7.336070e+00,2.804050e+01,4.357600e+04,1.163590e+00,2.793800e-05,6.977480e-01
0.001,3225,7.284120e+00,2.887900e+01,4.428780e+04,1.164210e+00,2.752510e-05,7.002870e-01
0.001,3250,7.231630e+00,2.956290e+01,4.501870e+04,1.165060e+00,2.711660e-05,7.028680e-01
0.001,3275,7.178950e+00,3.002290e+01,4.576400e+04,1.166080e+00,2.671350e-05,7.055030e-01
0.001,3300,7.126560e+00,3.019220e+01,4.651740e+04,1.167160e+00,2.631770e-05,7.082050e-01
0.001,3325,7.075020e+00,3.001300e+01,4.727070e+04,1.168270e+00,2.593090e-05,7.109890e-01
0.001,3350,7.024980e+00,2.944460e+01,4.801480e+04,1.169380e+00,2.555540e-05,7.138720e-01
0.001,3375,6.977080e+00,2.847190e+01,4.873960e+04,1.170520e+00,2.519310e-05,7.168670e-01
0.001,3400,6.931960e+00,2.711210e+01,4.943520e+04,1.171810e+00,2.484620e-05,7.199840e-01
0.001,3425,6.890170e+00,2.541670e+01,5.009240e+04,1.173410e+00,2.451610e-05,7.232300e-01
0.001,3450,6.852110e+00,2.346730e+01,5.070390e+04,1.175600e+00,2.420400e-05,7.266050e-01
0.001,3475,6.818040e+00,2.136600e+01,5.126450e+04,1.178670e+00,2.391040e-05,7.301050e-01
0.001,3500,6.788010e+00,1.922040e+01,5.177180e+04,1.182970e+00,2.363500e-05,7.337200e-01
0.001,3525,6.761910e+00,1.712890e+01,5.222600e+04,1.188800e+00,2.337720e-05,7.374360e-01
0.001,3550,6.739520e+00,1.516940e+01,5.262940e+04,1.196450e+00,2.313570e-05,7.412360e-01
0.001,3575,6.720490e+00,1.339370e+01,5.298600e+04,1.206090e+00,2.290900e-05,7.451060e-01
0.001,3600,6.704430e+00,1.182800e+01,5.330080e+04,1.217790e+00,2.269560e-05,7.490280e-01
0.001,3625,6.690960e+00,1.047730e+01,5.357920e+04,1.231490e+00,2.249380e-05,7.529900e-01
0.001,3650,6.679680e+00,9.331390e+00,5.382640e+04,1.247010e+00,2.230200e-05,7.569800e-01
0.001,3675,6.670240e+00,8.371170e+00,5.404730e+04,1.264060e+00,2.211900e-05,7.609880e-01
0.001,3700,6.662340e+00,7.573430e+00,5.424630e+04,1.282260e+00,2.194360e-05,7.650080e-01
0.001,3725,6.655720e+00,6.914330e+00,5.442710e+04,1.301180e+00,2.177460e-05,7.690340e-01
0.001,3750,6.650150e+00,6.371450e+00,5.459300e+04,1.320370e+00,2.161140e-05,7.730620e-01
0.001,3775,6.645450e+00,5.924890e+00,5.474650e+04,1.339390e+00,2.145310e-05,7.770910e-01
0.001,3800,6.641470e+00,5.557610e+00,5.488990e+04,1.357860e+00,2.129920e-05,7.811170e-01
0.001,3825,6.638080e+00,5.255370e+00,5.502490e+04,1.375450e+00,2.114910e-05,7.851410e-01
0.001,3850,6.635170e+00,5.006500e+00,5.515310e+04,1.391900e+00,2.100260e-05,7.891610e-01
0.001,3875,6.632680e+00,4.801560e+00,5.527560e+04,1.407020e+00,2.085930e-05,7.931780e-01
0.001,3900,6.630520e+00,4.632970e+00,5.539350e+04,1.420680e+00,2.071880e-05,7.971920e-01
0.001,3925,6.628640e+00,4.494730e+00,5.550750e+04,1.432780e+00,2.058100e-05,8.012030e-01
0.001,3950,6.627000e+00,4.382090e+00,5.561840e+04,1.443270e+00,2.044570e-05,8.052120e-01
0.001,3975,6.625550e+00,4.291380e+00,5.572680e+04,1.452130e+00,2.031270e-05,8.092180e-01
0.001,4000,6.624260e+00,4.219750e+00,5.583320e+04,1.459320e+00,2.018180e-05,8.132230e-01
0.00177828,200,3.094510e+01,1.144150e+00,-4.836910e+03,1.306900e+00,3.353080e-03,8.791870e-02
0.00177828,225,3.094510e+01,1.185780e+00,-4.807790e+03,1.292970e+00,2.980520e-03,9.757770e-02
0.00177828,250,3.094510e+01,1.232780e+00,-4.777570e+03,1.278690e+00,2.682470e-03,1.071520e-01
0.00177828,275,3.094510e+01,1.284970e+00,-4.746110e+03,1.264380e+00,2.438600e-03,1.166360e-01
0.00177828,300,3.094500e+01,1.341990e+00,-4.713290e+03,1.250380e+00,2.235380e-03,1.260220e-01
0.00177828,325,3.094440e+01,1.406310e+00,-4.678950e+03,1.236500e+00,2.063390e-03,1.356850e-01
0.00177828,350,3.094120e+01,1.491100e+00,-4.642810e+03,1.221320e+00,1.915810e-03,1.453110e-01
0.00177828,375,3.092800e+01,1.639450e+00,-4.603890e+03,1.201540e+00,1.787320e-03,1.549120e-01
0.00177828,400,3.088220e+01,1.962020e+00,-4.559420e+03,1.173940e+00,1.673130e-03,1.645340e-01
0.00177828,425,3.074800e+01,2.692940e+00,-4.502430e+03,1.142480e+00,1.567870e-03,1.743050e-01
0.00177828,450,3.041040e+01,4.229560e+00,-4.418080e+03,1.120050e+00,1.464510e-03,1.844920e-01
0.00177828,475,2.968690e+01,7.008860e+00,-4.280460e+03,1.115850e+00,1.354420e-03,1.955210e-01
0.00177828,500,2.841570e+01,1.082330e+01,-4.058400e+03,1.127960e+00,1.231600e-03,2.077410e-01
0.00177828,525,2.671560e+01,1.342800e+01,-3.748790e+03,1.142360e+00,1.102780e-03,2.204120e-01
0.00177828,550,2.514020e+01,1.167870e+01,-3.425140e+03,1.142410e+00,9.905780e-04,2.324630e-01
0.00177828,575,2.416450e+01,7.419290e+00,-3.186540e+03,1.137780e+00,9.107350e-04,2.428690e-01
0.00177828,600,2.370340e+01,4.698700e+00,-3.039840e+03,1.144920e+00,8.561320e-04,2.519300e-01
0.00177828,625,2.347010e+01,3.852560e+00,-2.935780e+03,1.151170e+00,8.137980e-04,2.600750e-01
0.00177828,650,2.329240e+01,3.945390e+00,-2.839550e+03,1.148400e+00,7.765740e-04,2.678300e-01
0.00177828,675,2.309750e+01,4.466800e+00,-2.735020e+03,1.142990e+00,7.415540e-04,2.753080e-01
0.00177828,700,2.285440e+01,5.222070e+00,-2.614290e+03,1.139410e+00,7.075440e-04,2.825400e-01
0.00177828,725,2.254920e+01,6.120610e+00,-2.472730e+03,1.138750e+00,6.740230e-04,2.895260e-01
0.00177828,750,2.217820e+01,7.087090e+00,-2.307690e+03,1.140780e+00,6.408350e-04,2.962650e-01
0.00177828,775,2.174640e+01,8.032170e+00,-2.118550e+03,1.144750e+00,6.080900e-04,3.027570e-01
0.00177828,800,2.126770e+01,8.849610e+00,-1.907140e+03,1.149760e+00,5.761180e-04,3.090160e-01
0.00177828,825,2.076280e+01,9.430230e+00,-1.678050e+03,1.154840e+00,5.453980e-04,3.150730e-01
0.00177828,850,2.025670e+01,9.688210e+00,-1.438330e+03,1.159210e+00,5.164540e-04,3.209720e-01
0.00177828,875,1.977410e+01,9.589850e+00,-1.196620e+03,1.162400e+00,4.897450e-04,3.267710e-01
0.00177828,900,1.933490e+01,9.169480e+00,-9.615420e+02,1.164350e+00,4.655650e-04,3.325300e-01
0.00177828,925,1.895170e+01,8.521170e+00,-7.400590e+02,1.165360e+00,4.440050e-04,3.382990e-01
0.00177828,950,1.862870e+01,7.769780e+00,-5.363410e+02,1.165810e+00,4.249530e-04,3.441180e-01
0.00177828,975,1.836330e+01,7.038540e+00,-3.513960e+02,1.165840e+00,4.081580e-04,3.500080e-01
0.00177828,1000,1.814800e+01,6.429700e+00,-1.833880e+02,1.165140e+00,3.932880e-04,3.559790e-01
0.00177828,1025,1.797250e+01,6.023000e+00,-2.822470e+01,1.162870e+00,3.799850e-04,3.618030e-01
0.00177828,1050,1.782520e+01,5.889010e+00,1.200320e+02,1.157940e+00,3.678990e-04,3.677060e-01
0.00177828,1075,1.769370e+01,6.106000e+00,2.691430e+02,1.149850e+00,3.566910e-04,3.737020e-01
0.00177828,1100,1.756430e+01,6.779200e+00,4.291220e+02,1.139520e+00,3.460340e-04,3.798170e-01
0.00177828,1125,1.742140e+01,8.058330e+00,6.131370e+02,1.129250e+00,3.355920e-04,3.860950e-01
0.00177828,1150,1.724670e+01,1.014780e+01,8.387780e+02,1.121840e+00,3.250050e-04,3.925960e-01
0.00177828,1175,1.701860e+01,1.328610e+01,1.129290e+03,1.119410e+00,3.138830e-04,3.993950e-01
0.00177828,1200,1.671420e+01,1.760910e+01,1.513090e+03,1.122920e+00,3.018470e-04,4.065570e-01
0.00177828,1225,1.631820e+01,2.267460e+01,2.016370e+03,1.131330e+00,2.886820e-04,4.140810e-01
0.00177828,1250,1.584550e+01,2.643070e+01,2.636610e+03,1.139720e+00,2.747120e-04,4.218010e-01
0.00177828,1275,1.537150e+01,2.505840e+01,3.294400e+03,1.139720e+00,2.612690e-04,4.293180e-01
0.00177828,1300,1.500960e+01,1.783690e+01,3.838270e+03,1.131980e+00,2.502120e-04,4.362100e-01
0.00177828,1325,1.480590e+01,1.033030e+01,4.184940e+03,1.134380e+00,2.421600e-04,4.424200e-01
0.00177828,1350,1.471340e+01,6.064480e+00,4.383180e+03,1.157640e+00,2.361900e-04,4.481970e-01
0.00177828,1375,1.467450e+01,4.229080e+00,4.508400e+03,1.189460e+00,2.312820e-04,4.537650e-01
0.00177828,1400,1.465750e+01,3.508990e+00,4.603720e+03,1.212810e+00,2.268900e-04,4.592330e-01
0.00177828,1425,1.464950e+01,3.230500e+00,4.687420e+03,1.224620e+00,2.227860e-04,4.646460e-01
0.00177828,1450,1.464510e+01,3.123810e+00,4.766630e+03,1.229290e+00,2.188790e-04,4.700210e-01
0.00177828,1475,1.464230e+01,3.086950e+00,4.844180e+03,1.230500e+00,2.151290e-04,4.753630e-01
0.00177828,1500,1.464020e+01,3.081270e+00,4.921240e+03,1.230100e+00,2.115130e-04,4.806770e-01
0.00177828,1525,1.463850e+01,3.091810e+00,4.998370e+03,1.228860e+00,2.080210e-04,4.859640e-01
0.00177828,1550,1.463680e+01,3.112800e+00,5.075910e+03,1.227110e+00,2.046420e-04,4.912250e-01
0.00177828,1575,1.463500e+01,3.142160e+00,5.154080e+03,1.224970e+00,2.013700e-04,4.964610e-01
0.00177828,1600,1.463300e+01,3.179460e+00,5.233090e+03,1.222490e+00,1.981970e-04,5.016740e-01
0.00177828,1625,1.463070e+01,3.225110e+00,5.313130e+03,1.219680e+00,1.951160e-04,5.068630e-01
0.00177828,1650,1.462790e+01,3.279980e+00,5.394420e+03,1.216530e+00,1.921240e-04,5.120300e-01
0.00177828,1675,1.462460e+01,3.345290e+00,5.477210e+03,1.213040e+00,1.892130e-04,5.171750e-01
0.00177828,1700,1.462050e+01,3.422520e+00,5.561780e+03,1.209220e+00,1.863790e-04,5.223000e-01
0.00177828,1725,1.461560e+01,3.513410e+00,5.648450e+03,1.205060e+00,1.836160e-04,5.274040e-01
0.00177828,1750,1.460960e+01,3.619980e+00,5.737580e+03,1.200590e+00,1.809190e-04,5.324890e-01
0.00177828,1775,1.460240e+01,3.744450e+00,5.829600e+03,1.195850e+00,1.782820e-04,5.375540e-01
0.00177828,1800,1.459370e+01,3.889350e+00,5.924980e+03,1.190870e+00,1.757020e-04,5.426010e-01
0.00177828,1825,1.458330e+01,4.057480e+00,6.024260e+03,1.185710e+00,1.731710e-04,5.476300e-01
0.00177828,1850,1.457100e+01,4.251960e+00,6.128070e+03,1.180450e+00,1.706860e-04,5.526410e-01
0.00177828,1875,1.455630e+01,4.476240e+00,6.237110e+03,1.175150e+00,1.682400e-04,5.576350e-01
0.00177828,1900,1.453890e+01,4.734150e+00,6.352160e+03,1.169910e+00,1.658290e-04,5.626110e-01
0.00177828,1925,1.451850e+01,5.029960e+00,6.474130e+03,1.164810e+00,1.634450e-04,5.675700e-01
0.00177828,1950,1.449460e+01,5.368430e+00,6.604020e+03,1.159940e+00,1.610840e-04,5.725100e-01
0.00177828,1975,1.446670e+01,5.754940e+00,6.742950e+03,1.155380e+00,1.587400e-04,5.774320e-01
0.00177828,2000,1.443440e+01,6.195520e+00,6.892210e+03,1.151190e+00,1.564050e-04,5.823330e-01
0.00177828,2025,1.439700e+01,6.697090e+00,7.053240e+03,1.147460e+00,1.540740e-04,5.870730e-01
0.00177828,2050,1.435390e+01,7.267620e+00,7.227640e+03,1.144240e+00,1.517390e-04,5.917860e-01
0.00177828,2075,1.430440e+01,7.916370e+00,7.417270e+03,1.141590e+00,1.493940e-04,5.964680e-01
0.00177828,2100,1.424770e+01,8.654230e+00,7.624200e+03,1.139550e+00,1.470310e-04,6.011140e-01
0.00177828,2125,1.418310e+01,9.494090e+00,7.850830e+03,1.138180e+00,1.446420e-04,6.057180e-01
0.00177828,2150,1.410950e+01,1.045130e+01,8.099880e+03,1.137520e+00,1.422180e-04,6.102710e-01
0.00177828,2175,1.402590e+01,1.154410e+01,8.374520e+03,1.137610e+00,1.397510e-04,6.147630e-01
0.00177828,2200,1.393130e+01,1.279400e+01,8.678390e+03,1.138530e+00,1.372310e-04,6.191810e-01
0.00177828,2225,1.382440e+01,1.422620e+01,9.015740e+03,1.140330e+00,1.346470e-04,6.235080e-01
0.00177828,2250,1.370380e+01,1.586880e+01,9.391460e+03,1.143100e+00,1.319900e-04,6.277270e-01
0.00177828,2275,1.356810e+01,1.775190e+01,9.811180e+03,1.146900e+00,1.292470e-04,6.318150e-01
0.00177828,2300,1.341590e+01,1.990470e+01,1.028130e+04,1.151840e+00,1.264080e-04,6.357480e-01
0.00177828,2325,1.324570e+01,2.235070e+01,1.080890e+04,1.157950e+00,1.234620e-04,6.395040e-01
0.00177828,2350,1.305640e+01,2.510040e+01,1.140140e+04,1.165280e+00,1.204030e-04,6.430590e-01
0.00177828,2375,1.284700e+01,2.814210e+01,1.206630e+04,1.173760e+00,1.172250e-04,6.463940e-01
0.00177828,2400,1.261750e+01,3.143270e+01,1.281060e+04,1.183240e+00,1.139320e-04,6.494970e-01
0.00177828,2425,1.236850e+01,3.489030e+01,1.363940e+04,1.193430e+00,1.105320e-04,6.523680e-01
0.00177828,2450,1.210200e+01,3.839330e+01,1.455550e+04,1.203930e+00,1.070470e-04,6.550130e-01
0.00177828,2475,1.182080e+01,4.178800e+01,1.555810e+04,1.214240e+00,1.035040e-04,6.574480e-01
0.00177828,2500,1.152920e+01,4.490460e+01,1.664250e+04,1.223800e+00,9.994020e-05,6.596940e-01
0.00177828,2525,1.123180e+01,4.757860e+01,1.779970e+04,1.232120e+00,9.639860e-05,6.617670e-01
0.00177828,2550,1.093400e+01,4.967260e+01,1.901660e+04,1.238790e+00,9.292210e-05,6.636790e-01
0.00177828,2575,1.064060e+01,5.109300e+01,2.027770e+04,1.243570e+00,8.955120e-05,6.654320e-01
0.00177828,2600,1.035630e+01,5.179700e+01,2.156530e+04,1.246360e+00,8.632060e-05,6.670200e-01
0.00177828,2625,1.008480e+01,5.179240e+01,2.286160e+04,1.247220e+00,8.325700e-05,6.684380e-01
0.00177828,2650,9.828880e+00,5.112910e+01,2.414940e+04,1.246340e+00,8.037850e-05,6.696840e-01
0.00177828,2675,9.590360e+00,4.988820e+01,2.541320e+04,1.243970e+00,7.769500e-05,6.707640e-01
0.00177828,2700,9.370260e+00,4.817040e+01,2.663990e+04,1.240400e+00,7.520900e-05,6.717000e-01
0.00177828,2725,9.168870e+00,4.608580e+01,2.781870e+04,1.235930e+00,7.291740e-05,6.725230e-01
0.00177828,2750,8.985880e+00,4.374620e+01,2.894200e+04,1.230860e+00,7.081250e-05,6.732750e-01
0.00177828,2775,8.820560e+00,4.125890e+01,3.000480e+04,1.225470e+00,6.888350e-05,6.740020e-01
0.00177828,2800,8.671870e+00,3.872290e+01,3.100460e+04,1.219980e+00,6.711760e-05,6.747490e-01
0.00177828,2825,8.538540e+00,3.622570e+01,3.194130e+04,1.214580e+00,6.550090e-05,6.755600e-01
0.00177828,2850,8.419200e+00,3.384110e+01,3.281680e+04,1.209430e+00,6.401880e-05,6.764670e-01
0.00177828,2875,8.312380e+00,3.162880e+01,3.363480e+04,1.204600e+00,6.265700e-05,6.774990e-01
0.00177828,2900,8.216650e+00,2.963350e+01,3.440000e+04,1.200150e+00,6.140140e-05,6.786700e-01
0.00177828,2925,8.130550e+00,2.788680e+01,3.511850e+04,1.196080e+00,6.023880e-05,6.799900e-01
0.00177828,2950,8.052740e+00,2.640750e+01,3.579660e+04,1.192360e+00,5.915670e-05,6.814590e-01
0.00177828,2975,7.981930e+00,2.520430e+01,3.644120e+04,1.188940e+00,5.814370e-05,6.830720e-01
0.00177828,3000,7.916920e+00,2.427700e+01,3.705910e+04,1.185780e+00,5.718960e-05,6.848190e-01
0.00177828,3025,7.856610e+00,2.361870e+01,3.765730e+04,1.182830e+00,5.628490e-05,6.866890e-01
0.00177828,3050,7.800030e+00,2.321700e+01,3.824220e+04,1.180070e+00,5.542150e-05,6.886670e-01
0.00177828,3075,7.746290e+00,2.305560e+01,3.882010e+04,1.177520e+00,5.459220e-05,6.907390e-01
0.00177828,3100,7.694620e+00,2.311450e+01,3.939680e+04,1.175200e+00,5.379070e-05,6.928920e-01
0.00177828,3125,7.644340e+00,2.337060e+01,3.997750e+04,1.173160e+00,5.301170e-05,6.951130e-01
0.00177828,3150,7.594880e+00,2.379780e+01,4.056680e+04,1.171440e+00,5.225070e-05,6.973900e-01
0.00177828,3175,7.545760e+00,2.436660e+01,4.116860e+04,1.170090e+00,5.150400e-05,6.997160e-01
0.00177828,3200,7.496620e+00,2.504370e+01,4.178600e+04,1.169120e+00,5.076890e-05,7.020830e-01
0.00177828,3225,7.447190e+00,2.579150e+01,4.242130e+04,1.168560e+00,5.004310e-05,7.044880e-01
0.00177828,3250,7.397300e+00,2.656760e+01,4.307580e+04,1.168380e+00,4.932560e-05,7.069300e-01
0.00177828,3275,7.346920e+00,2.732490e+01,4.374960e+04,1.168550e+00,4.861560e-05,7.094110e-01
0.00177828,3300,7.296090e+00,2.801130e+01,4.444150e+04,1.169010e+00,4.791350e-05,7.119360e-01
0.00177828,3325,7.244980e+00,2.857150e+01,4.514910e+04,1.169710e+00,4.722020e-05,7.145130e-01
0.00177828,3350,7.193870e+00,2.894870e+01,4.586850e+04,1.170580e+00,4.653720e-05,7.171500e-01
0.00177828,3375,7.143140e+00,2.908810e+01,4.659450e+04,1.171550e+00,4.586670e-05,7.198610e-01
0.00177828,3400,7.093240e+00,2.894170e+01,4.732050e+04,1.172570e+00,4.521130e-05,7.226560e-01
0.00177828,3425,7.044680e+00,2.847420e+01,4.803890e+04,1.173620e+00,4.457410e-05,7.255490e-01
0.00177828,3450,6.998020e+00,2.766890e+01,4.874140e+04,1.174730e+00,4.395800e-05,7.285500e-01
0.00177828,3475,6.953780e+00,2.653240e+01,4.941960e+04,1.175950e+00,4.336580e-05,7.316700e-01
0.00177828,3500,6.912430e+00,2.509770e+01,5.006560e+04,1.177440e+00,4.280010e-05,7.349120e-01
0.00177828,3525,6.874370e+00,2.342210e+01,5.067250e+04,1.179370e+00,4.226250e-05,7.382780e-01
0.00177828,3550,6.839840e+00,2.158160e+01,5.123530e+04,1.181990e+00,4.175420e-05,7.417640e-01
0.00177828,3575,6.808970e+00,1.966120e+01,5.175090e+04,1.185580e+00,4.127510e-05,7.453610e-01
0.00177828,3600,6.781740e+00,1.774420e+01,5.221840e+04,1.190400e+00,4.082450e-05,7.490590e-01
0.00177828,3625,6.757990e+00,1.590260e+01,5.263880e+04,1.196700e+00,4.040090e-05,7.528440e-01
0.00177828,3650,6.737480e+00,1.419060e+01,5.301460e+04,1.204660e+00,4.000240e-05,7.567010e-01
0.00177828,3675,6.719910e+00,1.264260e+01,5.334970e+04,1.214410e+00,3.962670e-05,7.606140e-01
0.00177828,3700,6.704940e+00,1.127450e+01,5.364820e+04,1.225950e+00,3.927130e-05,7.645720e-01
0.00177828,3725,6.692250e+00,1.008710e+01,5.391490e+04,1.239200e+00,3.893390e-05,7.685620e-01
0.00177828,3750,6.681500e+00,9.071070e+00,5.415400e+04,1.253980e+00,3.861220e-05,7.725750e-01
0.00177828,3775,6.672400e+00,8.210770e+00,5.436970e+04,1.270020e+00,3.830420e-05,7.766030e-01
0.00177828,3800,6.664690e+00,7.487730e+00,5.456570e+04,1.286990e+00,3.800830e-05,7.806390e-01
0.00177828,3825,6.658150e+00,6.883060e+00,5.474510e+04,1.304540e+00,3.772280e-05,7.846810e-01
0.00177828,3850,6.652590e+00,6.378890e+00,5.491070e+04,1.322270e+00,3.744660e-05,7.887230e-01
0.00177828,3875,6.647840e+00,5.959170e+00,5.506480e+04,1.339840e+00,3.717840e-05,7.927650e-01
0.00177828,3900,6.643780e+00,5.609990e+00,5.520920e+04,1.356910e+00,3.691750e-05,7.968050e-01
0.00177828,3925,6.640280e+00,5.319530e+00,5.534570e+04,1.373210e+00,3.666310e-05,8.008430e-01
0.00177828,3950,6.637260e+00,5.077990e+00,5.547560e+04,1.388500e+00,3.641440e-05,8.048770e-01
0.00177828,3975,6.634630e+00,4.877320e+00,5.560000e+04,1.402600e+00,3.617110e-05,8.089070e-01
0.00177828,4000,6.632350e+00,4.710960e+00,5.571980e+04,1.415370e+00,3.593260e-05,8.129350e-01
0.00316228,200,3.094510e+01,1.144150e+00,-4.836910e+03,1.306900e+00,5.962720e-03,8.791870e-02
0.00316228,225,3.094510e+01,1.185780e+00,-4.807790e+03,1.292970e+00,5.300190e-03,9.757770e-02
0.00316228,250,3.094510e+01,1.232780e+00,-4.777570e+03,1.278690e+00,4.770170e-03,1.071520e-01
0.00316228,275,3.094510e+01,1.284940e+00,-4.746110e+03,1.264390e+00,4.336520e-03,1.166360e-01
0.00316228,300,3.094510e+01,1.341720e+00,-4.713290e+03,1.250430e+00,3.975140e-03,1.260210e-01
0.00316228,325,3.094460e+01,1.404590e+00,-4.678980e+03,1.236770e+00,3.669300e-03,1.356840e-01
0.00316228,350,3.094230e+01,1.482840e+00,-4.642940e+03,1.222400e+00,3.406960e-03,1.453090e-01
0.00316228,375,3.093260e+01,1.607560e+00,-4.604460e+03,1.204800e+00,3.178830e-03,1.549020e-01
0.00316228,400,3.089930e+01,1.859280e+00,-4.561530e+03,1.180760e+00,2.976950e-03,1.644960e-01
0.00316228,425,3.080130e+01,2.410420e+00,-4.509040e+03,1.151450e+00,2.792940e-03,1.741850e-01
0.00316228,450,3.055220e+01,3.564970e+00,-4.436010e+03,1.126550e+00,2.616450e-03,1.841670e-01
0.00316228,475,3.000520e+01,5.715990e+00,-4.322440e+03,1.116480e+00,2.434360e-03,1.947860e-01
0.00316228,500,2.899140e+01,8.988410e+00,-4.140530e+03,1.123270e+00,2.234510e-03,2.064210e-01
0.00316228,525,2.748790e+01,1.225420e+01,-3.872410e+03,1.138710e+00,2.017730e-03,2.186880e-01
0.00316228,550,2.584130e+01,1.265950e+01,-3.552160e+03,1.146200e+00,1.810650e-03,2.309830e-01
0.00316228,575,2.459450e+01,9.351500e+00,-3.272150e+03,1.141200e+00,1.648360e-03,2.420370e-01
0.00316228,600,2.391740e+01,5.844350e+00,-3.085440e+03,1.141400e+00,1.536190e-03,2.515900e-01
0.00316228,625,2.359170e+01,4.182510e+00,-2.963760e+03,1.149260e+00,1.454660e-03,2.599780e-01
0.00316228,650,2.339630e+01,3.826700e+00,-2.865490e+03,1.151140e+00,1.387130e-03,2.678510e-01
0.00316228,675,2.322040e+01,4.088360e+00,-2.767400e+03,1.147030e+00,1.325710e-03,2.754090e-01
0.00316228,700,2.301660e+01,4.653310e+00,-2.658590e+03,1.142560e+00,1.267140e-03,2.827190e-01
0.00316228,725,2.276390e+01,5.394020e+00,-2.533280e+03,1.140280e+00,1.210020e-03,2.897970e-01
0.00316228,750,2.245320e+01,6.238840e+00,-2.388020e+03,1.140620e+00,1.153720e-03,2.966440e-01
0.00316228,775,2.208350e+01,7.120520e+00,-2.221030e+03,1.143230e+00,1.098110e-03,3.032580e-01
0.00316228,800,2.166140e+01,7.960180e+00,-2.032340e+03,1.147420e+00,1.043460e-03,3.096470e-01
0.00316228,825,2.120030e+01,8.668500e+00,-1.824120e+03,1.152360e+00,9.903070e-04,3.158260e-01
0.00316228,850,2.071920e+01,9.158470e+00,-1.600740e+03,1.157260e+00,9.393670e-04,3.218260e-01
0.00316228,875,2.023960e+01,9.365800e+00,-1.368560e+03,1.161440e+00,8.914060e-04,3.276880e-01
0.00316228,900,1.978240e+01,9.269370e+00,-1.135000e+03,1.164520e+00,8.470690e-04,3.334630e-01
0.00316228,925,1.936450e+01,8.901290e+00,-9.073690e+02,1.166450e+00,8.067640e-04,3.392030e-01
0.00316228,950,1.899650e+01,8.339960e+00,-6.915540e+02,1.167430e+00,7.706030e-04,3.449530e-01
0.00316228,975,1.868210e+01,7.689100e+00,-4.911170e+02,1.167720e+00,7.384200e-04,3.507460e-01
0.00316228,1000,1.841950e+01,7.054280e+00,-3.069620e+02,1.167380e+00,7.098400e-04,3.566040e-01
0.00316228,1025,1.820240e+01,6.527910e+00,-1.374970e+02,1.166110e+00,6.843640e-04,3.623070e-01
0.00316228,1050,1.802180e+01,6.188600e+00,2.099460e+01,1.163190e+00,6.614400e-04,3.680810e-01
0.00316228,1075,1.786720e+01,6.108580e+00,1.740920e+02,1.157800e+00,6.405150e-04,3.739370e-01
0.00316228,1100,1.772680e+01,6.368000e+00,3.292460e+02,1.149730e+00,6.210400e-04,3.798890e-01
0.00316228,1125,1.758770e+01,7.070310e+00,4.961720e+02,1.139960e+00,6.024750e-04,3.859630e-01
0.00316228,1150,1.743500e+01,8.356200e+00,6.876120e+02,1.130610e+00,5.842590e-04,3.922030e-01
0.00316228,1175,1.725120e+01,1.040950e+01,9.203690e+02,1.124110e+00,5.657990e-04,3.986620e-01
0.00316228,1200,1.701620e+01,1.343130e+01,1.216180e+03,1.122330e+00,5.464660e-04,4.054080e-01
0.00316228,1225,1.670960e+01,1.750450e+01,1.600830e+03,1.126040e+00,5.256700e-04,4.124900e-01
0.00316228,1250,1.631900e+01,2.216740e+01,2.096710e+03,1.134180e+00,5.031120e-04,4.199000e-01
0.00316228,1275,1.585970e+01,2.556410e+01,2.699210e+03,1.142130e+00,4.793650e-04,4.274750e-01
0.00316228,1300,1.539990e+01,2.440420e+01,3.336310e+03,1.142370e+00,4.565160e-04,4.348610e-01
0.00316228,1325,1.504120e+01,1.793790e+01,3.873110e+03,1.135070e+00,4.374700e-04,4.416810e-01
0.00316228,1350,1.482980e+01,1.080870e+01,4.228340e+03,1.135680e+00,4.233360e-04,4.478690e-01
0.00316228,1375,1.472850e+01,6.461120e+00,4.438010e+03,1.155120e+00,4.127970e-04,4.536330e-01
0.00316228,1400,1.468350e+01,4.468390e+00,4.571110e+03,1.184480e+00,4.041890e-04,4.591820e-01
0.00316228,1425,1.466320e+01,3.644150e+00,4.670990e+03,1.208090e+00,3.965480e-04,4.646260e-01
0.00316228,1450,1.465320e+01,3.309420e+00,4.757290e+03,1.221140e+00,3.894450e-04,4.700130e-01
0.00316228,1475,1.464760e+01,3.173420e+00,4.838070e+03,1.226850e+00,3.826990e-04,4.753600e-01
0.00316228,1500,1.464420e+01,3.120730e+00,4.916640e+03,1.228730e+00,3.762310e-04,4.806760e-01
0.00316228,1525,1.464160e+01,3.105760e+00,4.994410e+03,1.228750e+00,3.700000e-04,4.859640e-01
0.00316228,1550,1.463960e+01,3.110150e+00,5.072080e+03,1.227810e+00,3.639810e-04,4.912250e-01
0.00316228,1575,1.463770e+01,3.126410e+00,5.150020e+03,1.226310e+00,3.581570e-04,4.964620e-01
0.00316228,1600,1.463580e+01,3.151550e+00,5.228480e+03,1.224400e+00,3.525160e-04,5.016740e-01
0.00316228,1625,1.463380e+01,3.184580e+00,5.307660e+03,1.222160e+00,3.470440e-04,5.068640e-01
0.00316228,1650,1.463150e+01,3.225510e+00,5.387770e+03,1.219600e+00,3.417320e-04,5.120310e-01
0.00316228,1675,1.462880e+01,3.274880e+00,5.469010e+03,1.216740e+00,3.365700e-04,5.171760e-01
0.00316228,1700,1.462560e+01,3.333600e+00,5.551590e+03,1.213570e+00,3.315480e-04,5.223010e-01
0.00316228,1725,1.462180e+01,3.402840e+00,5.635770e+03,1.210100e+00,3.266580e-04,5.274060e-01
0.00316228,1750,1.461720e+01,3.483990e+00,5.721830e+03,1.206330e+00,3.218910e-04,5.324900e-01
0.00316228,1775,1.461170e+01,3.578670e+00,5.810090e+03,1.202270e+00,3.172380e-04,5.375560e-01
0.00316228,1800,1.460520e+01,3.688710e+00,5.900900e+03,1.197950e+00,3.126910e-04,5.426040e-01
0.00316228,1825,1.459730e+01,3.816160e+00,5.994670e+03,1.193410e+00,3.082420e-04,5.476340e-01
0.00316228,1850,1.458800e+01,3.963290e+00,6.091870e+03,1.188690e+00,3.038820e-04,5.526460e-01
0.00316228,1875,1.457690e+01,4.132620e+00,6.193020e+03,1.183840e+00,2.996030e-04,5.576410e-01
0.00316228,1900,1.456380e+01,4.326930e+00,6.298710e+03,1.178920e+00,2.953960e-04,5.626190e-01
0.00316228,1925,1.454850e+01,4.549310e+00,6.409600e+03,1.174010e+00,2.912520e-04,5.675810e-01
0.00316228,1950,1.453050e+01,4.803160e+00,6.526430e+03,1.169180e+00,2.871630e-04,5.725260e-01
0.00316228,1975,1.450960e+01,5.092250e+00,6.650050e+03,1.164500e+00,2.831190e-04,5.774540e-01
0.00316228,2000,1.448520e+01,5.420800e+00,6.781370e+03,1.160050e+00,2.791110e-04,5.823650e-01
0.00316228,2025,1.445710e+01,5.793540e+00,6.921460e+03,1.155890e+00,2.751300e-04,5.871170e-01
0.00316228,2050,1.442470e+01,6.215780e+00,7.071460e+03,1.152090e+00,2.711650e-04,5.918480e-01
0.00316228,2075,1.438740e+01,6.693600e+00,7.232710e+03,1.148700e+00,2.672060e-04,5.965540e-01
0.00316228,2100,1.434480e+01,7.233960e+00,7.406660e+03,1.145790e+00,2.632430e-04,6.012340e-01
0.00316228,2125,1.429620e+01,7.844920e+00,7.594990e+03,1.143390e+00,2.592640e-04,6.058830e-01
0.00316228,2150,1.424080e+01,8.535920e+00,7.799580e+03,1.141560e+00,2.552580e-04,6.104970e-01
0.00316228,2175,1.417810e+01,9.318010e+00,8.022550e+03,1.140330e+00,2.512120e-04,6.150690e-01
0.00316228,2200,1.410710e+01,1.020420e+01,8.266350e+03,1.139760e+00,2.471130e-04,6.195930e-01
0.00316228,2225,1.402690e+01,1.121000e+01,8.533760e+03,1.139880e+00,2.429480e-04,6.240590e-01
0.00316228,2250,1.393660e+01,1.235310e+01,8.827990e+03,1.140750e+00,2.387020e-04,6.284540e-01
0.00316228,2275,1.383500e+01,1.365420e+01,9.152730e+03,1.142440e+00,2.343580e-04,6.327650e-01
0.00316228,2300,1.372110e+01,1.513590e+01,9.512200e+03,1.145000e+00,2.299030e-04,6.369750e-01
0.00316228,2325,1.359360e+01,1.682250e+01,9.911230e+03,1.148500e+00,2.253170e-04,6.410650e-01
0.00316228,2350,1.345130e+01,1.873710e+01,1.035520e+04,1.153030e+00,2.205860e-04,6.450160e-01
0.00316228,2375,1.329290e+01,2.089870e+01,1.085010e+04,1.158630e+00,2.156930e-04,6.488070e-01
0.00316228,2400,1.311730e+01,2.331700e+01,1.140230e+04,1.165320e+00,2.106280e-04,6.524170e-01
0.00316228,2425,1.292390e+01,2.598580e+01,1.201810e+04,1.173090e+00,2.053820e-04,6.558300e-01
0.00316228,2450,1.271220e+01,2.887630e+01,1.270350e+04,1.181810e+00,1.999570e-04,6.590360e-01
0.00316228,2475,1.248280e+01,3.193160e+01,1.346330e+04,1.191270e+00,1.943650e-04,6.620300e-01
0.00316228,2500,1.223680e+01,3.506430e+01,1.430070e+04,1.201180e+00,1.886300e-04,6.648170e-01
0.00316228,2525,1.197650e+01,3.816080e+01,1.521620e+04,1.211120e+00,1.827890e-04,6.674090e-01
0.00316228,2550,1.170490e+01,4.108990e+01,1.620730e+04,1.220650e+00,1.768920e-04,6.698230e-01
0.00316228,2575,1.142580e+01,4.371750e+01,1.726820e+04,1.229310e+00,1.709970e-04,6.720750e-01
0.00316228,2600,1.114340e+01,4.592230e+01,1.838970e+04,1.236730e+00,1.651690e-04,6.741760e-01
0.00316228,2625,1.086230e+01,4.760970e+01,1.956000e+04,1.242610e+00,1.594680e-04,6.761330e-01
0.00316228,2650,1.058640e+01,4.872060e+01,2.076530e+04,1.246780e+00,1.539520e-04,6.779420e-01
0.00316228,2675,1.031950e+01,4.923430e+01,2.199100e+04,1.249210e+00,1.486680e-04,6.795980e-01
0.00316228,2700,1.006440e+01,4.916590e+01,2.322220e+04,1.249960e+00,1.436500e-04,6.810920e-01
0.00316228,2725,9.823370e+00,4.855990e+01,2.444480e+04,1.249190e+00,1.389240e-04,6.824220e-01
0.00316228,2750,9.597870e+00,4.748190e+01,2.564630e+04,1.247120e+00,1.345010e-04,6.835950e-01
0.00316228,2775,9.388690e+00,4.601140e+01,2.681560e+04,1.243980e+00,1.303840e-04,6.846260e-01
0.00316228,2800,9.196060e+00,4.423410e+01,2.794430e+04,1.240030e+00,1.265690e-04,6.855450e-01
0.00316228,2825,9.019760e+00,4.223740e+01,2.902550e+04,1.235490e+00,1.230430e-04,6.863840e-01
0.00316228,2850,8.859210e+00,4.010620e+01,3.005500e+04,1.230600e+00,1.197930e-04,6.871850e-01
0.00316228,2875,8.713580e+00,3.791970e+01,3.103040e+04,1.225560e+00,1.167990e-04,6.879860e-01
0.00316228,2900,8.581840e+00,3.574910e+01,3.195110e+04,1.220520e+00,1.140420e-04,6.888260e-01
0.00316228,2925,8.462850e+00,3.365630e+01,3.281850e+04,1.215620e+00,1.114990e-04,6.897380e-01
0.00316228,2950,8.355410e+00,3.169260e+01,3.363500e+04,1.210950e+00,1.091510e-04,6.907460e-01
0.00316228,2975,8.258290e+00,2.989870e+01,3.440450e+04,1.206560e+00,1.069760e-04,6.918700e-01
0.00316228,3000,8.170260e+00,2.830440e+01,3.513160e+04,1.202480e+00,1.049530e-04,6.931210e-01
0.00316228,3025,8.090150e+00,2.692980e+01,3.582160e+04,1.198710e+00,1.030650e-04,6.945030e-01
0.00316228,3050,8.016830e+00,2.578600e+01,3.648000e+04,1.195210e+00,1.012940e-04,6.960150e-01
0.00316228,3075,7.949240e+00,2.487660e+01,3.711280e+04,1.191960e+00,9.962360e-05,6.976530e-01
0.00316228,3100,7.886410e+00,2.419890e+01,3.772580e+04,1.188950e+00,9.803910e-05,6.994070e-01
0.00316228,3125,7.827440e+00,2.374470e+01,3.832460e+04,1.186150e+00,9.652760e-05,7.012690e-01
0.00316228,3150,7.771530e+00,2.350190e+01,3.891480e+04,1.183580e+00,9.507750e-05,7.032280e-01
0.00316228,3175,7.717960e+00,2.345440e+01,3.950140e+04,1.181250e+00,9.367870e-05,7.052710e-01
0.00316228,3200,7.666100e+00,2.358300e+01,4.008900e+04,1.179190e+00,9.232230e-05,7.073900e-01
0.00316228,3225,7.615420e+00,2.386570e+01,4.068180e+04,1.177440e+00,9.100100e-05,7.095750e-01
0.00316228,3250,7.565470e+00,2.427710e+01,4.128340e+04,1.176020e+00,8.970870e-05,7.118180e-01
0.00316228,3275,7.515880e+00,2.478870e+01,4.189650e+04,1.174960e+00,8.844030e-05,7.141140e-01
0.00316228,3300,7.466390e+00,2.536850e+01,4.252340e+04,1.174270e+00,8.719240e-05,7.164600e-01
0.00316228,3325,7.416810e+00,2.598090e+01,4.316520e+04,1.173920e+00,8.596220e-05,7.188540e-01
0.00316228,3350,7.367080e+00,2.658640e+01,4.382230e+04,1.173910e+00,8.474860e-05,7.212980e-01
0.00316228,3375,7.317200e+00,2.714220e+01,4.449410e+04,1.174180e+00,8.355120e-05,7.237960e-01
0.00316228,3400,7.267270e+00,2.760300e+01,4.517870e+04,1.174690e+00,8.237100e-05,7.263530e-01
0.00316228,3425,7.217490e+00,2.792250e+01,4.587310e+04,1.175390e+00,8.120960e-05,7.289770e-01
0.00316228,3450,7.168130e+00,2.805540e+01,4.657320e+04,1.176210e+00,8.006980e-05,7.316780e-01
0.00316228,3475,7.119560e+00,2.796140e+01,4.727400e+04,1.177120e+00,7.895520e-05,7.344650e-01
0.00316228,3500,7.072180e+00,2.760840e+01,4.796910e+04,1.178090e+00,7.786950e-05,7.373480e-01
0.00316228,3525,7.026420e+00,2.697750e+01,4.865210e+04,1.179120e+00,7.681690e-05,7.403370e-01
0.00316228,3550,6.982730e+00,2.606620e+01,4.931570e+04,1.180250e+00,7.580170e-05,7.434390e-01
0.00316228,3575,6.941520e+00,2.489140e+01,4.995320e+04,1.181580e+00,7.482740e-05,7.466590e-01
0.00316228,3600,6.903150e+00,2.348920e+01,5.055830e+04,1.183240e+00,7.389700e-05,7.499980e-01
0.00316228,3625,6.867880e+00,2.191260e+01,5.112620e+04,1.185410e+00,7.301240e-05,7.534540e-01
0.00316228,3650,6.835880e+00,2.022540e+01,5.165300e+04,1.188300e+00,7.217450e-05,7.570200e-01
0.00316228,3675,6.807190e+00,1.849520e+01,5.213710e+04,1.192140e+00,7.138270e-05,7.606870e-01
0.00316228,3700,6.781760e+00,1.678600e+01,5.257800e+04,1.197140e+00,7.063550e-05,7.644440e-01
0.00316228,3725,6.759440e+00,1.515150e+01,5.297700e+04,1.203490e+00,6.993050e-05,7.682770e-01
0.00316228,3750,6.740010e+00,1.363180e+01,5.333650e+04,1.211330e+00,6.926460e-05,7.721730e-01
0.00316228,3775,6.723210e+00,1.225200e+01,5.365980e+04,1.220730e+00,6.863430e-05,7.761190e-01
0.00316228,3800,6.708740e+00,1.102390e+01,5.395040e+04,1.231690e+00,6.803610e-05,7.801040e-01
0.00316228,3825,6.696330e+00,9.947950e+00,5.421220e+04,1.244110e+00,6.746640e-05,7.841170e-01
0.00316228,3850,6.685710e+00,9.017230e+00,5.444900e+04,1.257840e+00,6.692200e-05,7.881500e-01
0.00316228,3875,6.676610e+00,8.219770e+00,5.466420e+04,1.272650e+00,6.639980e-05,7.921960e-01
0.00316228,3900,6.668820e+00,7.541260e+00,5.486100e+04,1.288280e+00,6.589710e-05,7.962500e-01
0.00316228,3925,6.662140e+00,6.966790e+00,5.504210e+04,1.304410e+00,6.541180e-05,8.003080e-01
0.00316228,3950,6.656400e+00,6.481960e+00,5.521010e+04,1.320740e+00,6.494180e-05,8.043670e-01
0.00316228,3975,6.651450e+00,6.073630e+00,5.536690e+04,1.336960e+00,6.448540e-05,8.084260e-01
0.00316228,4000,6.647170e+00,5.730150e+00,5.551430e+04,1.352790e+00,6.404110e-05,8.124820e-01
0.00562341,200,3.094510e+01,1.144150e+00,-4.836910e+03,1.306900e+00,1.060340e-02,8.791870e-02
0.00562341,225,3.094510e+01,1.185780e+00,-4.807790e+03,1.292970e+00,9.425220e-03,9.757770e-02
0.00562341,250,3.094510e+01,1.232780e+00,-4.777570e+03,1.278690e+00,8.482700e-03,1.071520e-01
0.00562341,275,3.094510e+01,1.284920e+00,-4.746110e+03,1.264400e+00,7.711540e-03,1.166360e-01
0.00562341,300,3.094510e+01,1.341520e+00,-4.713290e+03,1.250470e+00,7.068910e-03,1.260210e-01
0.00562341,325,3.094480e+01,1.403340e+00,-4.678990e+03,1.236970e+00,6.525080e-03,1.356840e-01
0.00562341,350,3.094310e+01,1.476840e+00,-4.643030e+03,1.223200e+00,6.058670e-03,1.453070e-01
0.00562341,375,3.093610e+01,1.584380e+00,-4.604880e+03,1.207260e+00,5.653480e-03,1.548950e-01
0.00562341,400,3.091180e+01,1.784450e+00,-4.563060e+03,1.186300e+00,5.295980e-03,1.644690e-01
0.00562341,425,3.084030e+01,2.203470e+00,-4.513860e+03,1.159780e+00,4.972930e-03,1.740970e-01
0.00562341,450,3.065730e+01,3.070290e+00,-4.449190e+03,1.134110e+00,4.668780e-03,1.839260e-01
0.00562341,475,3.024820e+01,4.710630e+00,-4.353890e+03,1.119320e+00,4.364040e-03,1.942260e-01
0.00562341,500,2.945990e+01,7.371330e+00,-4.204980e+03,1.120270e+00,4.037790e-03,2.053420e-01
0.00562341,525,2.819680e+01,1.062530e+01,-3.979910e+03,1.133420e+00,3.680630e-03,2.170860e-01
0.00562341,550,2.661580e+01,1.254550e+01,-3.684590e+03,1.146290e+00,3.316340e-03,2.293110e-01
0.00562341,575,2.517570e+01,1.100070e+01,-3.382810e+03,1.146450e+00,3.000510e-03,2.408700e-01
0.00562341,600,2.424060e+01,7.449700e+00,-3.151810e+03,1.141740e+00,2.768690e-03,2.510140e-01
0.00562341,625,2.376050e+01,4.923650e+00,-3.000780e+03,1.145790e+00,2.605300e-03,2.597590e-01
0.00562341,650,2.350940e+01,3.953840e+00,-2.892390e+03,1.151380e+00,2.478620e-03,2.678070e-01
0.00562341,675,2.333130e+01,3.876280e+00,-2.795760e+03,1.150390e+00,2.368740e-03,2.754630e-01
0.00562341,700,2.315310e+01,4.225980e+00,-2.695090e+03,1.146180e+00,2.266700e-03,2.828500e-01
0.00562341,725,2.294240e+01,4.800300e+00,-2.582610e+03,1.142760e+00,2.168620e-03,2.900080e-01
0.00562341,750,2.268440e+01,5.508320e+00,-2.453970e+03,1.141530e+00,2.072750e-03,2.969480e-01
0.00562341,775,2.237310e+01,6.290410e+00,-2.306580e+03,1.142610e+00,1.978360e-03,3.036710e-01
0.00562341,800,2.200960e+01,7.087280e+00,-2.139320e+03,1.145600e+00,1.885400e-03,3.101790e-01
0.00562341,825,2.160090e+01,7.831150e+00,-1.952660e+03,1.149870e+00,1.794320e-03,3.164820e-01
0.00562341,850,2.115960e+01,8.448500e+00,-1.748820e+03,1.154710e+00,1.705970e-03,3.225960e-01
0.00562341,875,2.070260e+01,8.870720e+00,-1.531860e+03,1.159430e+00,1.621430e-03,3.285510e-01
0.00562341,900,2.024820e+01,9.049410e+00,-1.307320e+03,1.163470e+00,1.541790e-03,3.343840e-01
0.00562341,925,1.981420e+01,8.970800e+00,-1.081550e+03,1.166510e+00,1.467970e-03,3.401400e-01
0.00562341,950,1.941480e+01,8.662520e+00,-8.607090e+02,1.168450e+00,1.400530e-03,3.458630e-01
0.00562341,975,1.905930e+01,8.188520e+00,-6.498100e+02,1.169420e+00,1.339630e-03,3.515920e-01
0.00562341,1000,1.875140e+01,7.634480e+00,-4.519510e+02,1.169580e+00,1.285030e-03,3.573590e-01
0.00562341,1025,1.848970e+01,7.090660e+00,-2.680010e+02,1.168950e+00,1.236200e-03,3.629540e-01
0.00562341,1050,1.826930e+01,6.641650e+00,-9.662570e+01,1.167230e+00,1.192380e-03,3.686080e-01
0.00562341,1075,1.808240e+01,6.363070e+00,6.550330e+01,1.163850e+00,1.152740e-03,3.743330e-01
0.00562341,1100,1.791960e+01,6.327500e+00,2.235510e+02,1.158240e+00,1.116390e-03,3.801390e-01
0.00562341,1125,1.776990e+01,6.614900e+00,3.845640e+02,1.150360e+00,1.082470e-03,3.860420e-01
0.00562341,1150,1.762120e+01,7.324710e+00,5.578070e+02,1.141200e+00,1.050070e-03,3.920700e-01
0.00562341,1175,1.745920e+01,8.586680e+00,7.553910e+02,1.132650e+00,1.018280e-03,3.982610e-01
0.00562341,1200,1.726780e+01,1.056340e+01,9.930930e+02,1.126850e+00,9.861360e-04,4.046650e-01
0.00562341,1225,1.702840e+01,1.342200e+01,1.290930e+03,1.125450e+00,9.526180e-04,4.113400e-01
0.00562341,1250,1.672280e+01,1.720990e+01,1.672060e+03,1.129130e+00,9.168120e-04,4.183260e-01
0.00562341,1275,1.634050e+01,2.148950e+01,2.155860e+03,1.136850e+00,8.782870e-04,4.256080e-01
0.00562341,1300,1.589570e+01,2.465430e+01,2.737700e+03,1.144510e+00,8.379500e-04,4.330390e-01
0.00562341,1325,1.544790e+01,2.389280e+01,3.355410e+03,1.145340e+00,7.989770e-04,4.403090e-01
0.00562341,1350,1.508750e+01,1.827820e+01,3.890160e+03,1.138640e+00,7.658880e-04,4.470800e-01
0.00562341,1375,1.486350e+01,1.151200e+01,4.259960e+03,1.137200e+00,7.407980e-04,4.532630e-01
0.00562341,1400,1.474940e+01,7.012500e+00,4.485840e+03,1.152350e+00,7.219870e-04,4.590260e-01
0.00562341,1425,1.469620e+01,4.797110e+00,4.629820e+03,1.178760e+00,7.067610e-04,4.645630e-01
0.00562341,1450,1.467110e+01,3.828110e+00,4.735940e+03,1.202480e+00,6.933890e-04,4.699870e-01
0.00562341,1475,1.465840e+01,3.415250e+00,4.825760e+03,1.216970e+00,6.810470e-04,4.753500e-01
0.00562341,1500,1.465130e+01,3.238480e+00,4.908620e+03,1.223960e+00,6.693720e-04,4.806720e-01
0.00562341,1525,1.464680e+01,3.163830e+00,4.988510e+03,1.226690e+00,6.581970e-04,4.859620e-01
0.00562341,1550,1.464370e+01,3.136130e+00,5.067200e+03,1.227260e+00,6.474410e-04,4.912250e-01
0.00562341,1575,1.464120e+01,3.132330e+00,5.145510e+03,1.226690e+00,6.370560e-04,4.964620e-01
0.00562341,1600,1.463900e+01,3.142580e+00,5.223930e+03,1.225470e+00,6.270090e-04,5.016750e-01
0.00562341,1625,1.463690e+01,3.162670e+00,5.302730e+03,1.223810e+00,6.172750e-04,5.068640e-01
0.00562341,1650,1.463480e+01,3.190890e+00,5.382130e+03,1.221820e+00,6.078330e-04,5.120310e-01
0.00562341,1675,1.463250e+01,3.226790e+00,5.462330e+03,1.219520e+00,5.986660e-04,5.171770e-01
0.00562341,1700,1.462980e+01,3.270550e+00,5.543530e+03,1.216940e+00,5.897560e-04,5.223020e-01
0.00562341,1725,1.462680e+01,3.322760e+00,5.625930e+03,1.214080e+00,5.810880e-04,5.274070e-01
0.00562341,1750,1.462320e+01,3.384280e+00,5.709750e+03,1.210940e+00,5.726460e-04,5.324920e-01
0.00562341,1775,1.461900e+01,3.456200e+00,5.795230e+03,1.207540e+00,5.644180e-04,5.375580e-01
0.00562341,1800,1.461400e+01,3.539810e+00,5.882660e+03,1.203870e+00,5.563870e-04,5.426060e-01
0.00562341,1825,1.460800e+01,3.636560e+00,5.972330e+03,1.199970e+00,5.485410e-04,5.476360e-01
0.00562341,1850,1.460090e+01,3.748110e+00,6.064610e+03,1.195850e+00,5.408670e-04,5.526490e-01
0.00562341,1875,1.459260e+01,3.876280e+00,6.159880e+03,1.191550e+00,5.333500e-04,5.576450e-01
0.00562341,1900,1.458270e+01,4.023100e+00,6.258580e+03,1.187110e+00,5.259760e-04,5.626240e-01
0.00562341,1925,1.457110e+01,4.190800e+00,6.361200e+03,1.182580e+00,5.187340e-04,5.675880e-01
0.00562341,1950,1.455760e+01,4.381840e+00,6.468310e+03,1.178020e+00,5.116080e-04,5.725350e-01
0.00562341,1975,1.454180e+01,4.598920e+00,6.580510e+03,1.173480e+00,5.045840e-04,5.774660e-01
0.00562341,2000,1.452350e+01,4.845030e+00,6.698500e+03,1.169040e+00,4.976500e-04,5.823820e-01
0.00562341,2025,1.450230e+01,5.123460e+00,6.823030e+03,1.164740e+00,4.907890e-04,5.871420e-01
0.00562341,2050,1.447800e+01,5.437890e+00,6.954970e+03,1.160660e+00,4.839890e-04,5.918820e-01
0.00562341,2075,1.444990e+01,5.792420e+00,7.095260e+03,1.156860e+00,4.772320e-04,5.966020e-01
0.00562341,2100,1.441790e+01,6.191660e+00,7.244970e+03,1.153390e+00,4.705050e-04,6.013000e-01
0.00562341,2125,1.438130e+01,6.640870e+00,7.405260e+03,1.150290e+00,4.637900e-04,6.059740e-01
0.00562341,2150,1.433970e+01,7.146010e+00,7.577480e+03,1.147620e+00,4.570710e-04,6.106220e-01
0.00562341,2175,1.429250e+01,7.713990e+00,7.763090e+03,1.145430e+00,4.503310e-04,6.152410e-01
0.00562341,2200,1.423920e+01,8.352800e+00,7.963760e+03,1.143740e+00,4.435520e-04,6.198260e-01
0.00562341,2225,1.417900e+01,9.071770e+00,8.181390e+03,1.142610e+00,4.367140e-04,6.243710e-01
0.00562341,2250,1.411130e+01,9.881740e+00,8.418110e+03,1.142060e+00,4.297990e-04,6.288700e-01
0.00562341,2275,1.403520e+01,1.079540e+01,8.676340e+03,1.142150e+00,4.227840e-04,6.333130e-01
0.00562341,2300,1.394990e+01,1.182720e+01,8.958860e+03,1.142920e+00,4.156490e-04,6.376920e-01
0.00562341,2325,1.385460e+01,1.299380e+01,9.268830e+03,1.144430e+00,4.083690e-04,6.419930e-01
0.00562341,2350,1.374810e+01,1.431330e+01,9.609830e+03,1.146720e+00,4.009200e-04,6.462010e-01
0.00562341,2375,1.362950e+01,1.580490e+01,9.985930e+03,1.149870e+00,3.932780e-04,6.503020e-01
0.00562341,2400,1.349780e+01,1.748700e+01,1.040170e+04,1.153940e+00,3.854180e-04,6.542780e-01
0.00562341,2425,1.335170e+01,1.937540e+01,1.086200e+04,1.158970e+00,3.773180e-04,6.581110e-01
0.00562341,2450,1.319050e+01,2.147930e+01,1.137220e+04,1.164990e+00,3.689580e-04,6.617830e-01
0.00562341,2475,1.301340e+01,2.379710e+01,1.193770e+04,1.171990e+00,3.603260e-04,6.652800e-01
0.00562341,2500,1.281990e+01,2.631160e+01,1.256370e+04,1.179900e+00,3.514200e-04,6.685920e-01
0.00562341,2525,1.261030e+01,2.898570e+01,1.325470e+04,1.188580e+00,3.422510e-04,6.717130e-01
0.00562341,2550,1.238520e+01,3.175980e+01,1.401390e+04,1.197800e+00,3.328470e-04,6.746440e-01
0.00562341,2575,1.214610e+01,3.455270e+01,1.484280e+04,1.207270e+00,3.232530e-04,6.773940e-01
0.00562341,2600,1.189530e+01,3.726700e+01,1.574080e+04,1.216610e+00,3.135330e-04,6.799750e-01
0.00562341,2625,1.163560e+01,3.979690e+01,1.670460e+04,1.225440e+00,3.037670e-04,6.824020e-01
0.00562341,2650,1.137040e+01,4.203970e+01,1.772830e+04,1.233420e+00,2.940440e-04,6.846890e-01
0.00562341,2675,1.110340e+01,4.390660e+01,1.880350e+04,1.240220e+00,2.844550e-04,6.868430e-01
0.00562341,2700,1.083810e+01,4.533070e+01,1.991990e+04,1.245640e+00,2.750880e-04,6.888650e-01
0.00562341,2725,1.057810e+01,4.627280e+01,2.106600e+04,1.249550e+00,2.660240e-04,6.907510e-01
0.00562341,2750,1.032610e+01,4.672150e+01,2.222940e+04,1.251930e+00,2.573280e-04,6.924940e-01
0.00562341,2775,1.008480e+01,4.669120e+01,2.339810e+04,1.252840e+00,2.490490e-04,6.940850e-01
0.00562341,2800,9.855770e+00,4.621740e+01,2.456030e+04,1.252420e+00,2.412210e-04,6.955210e-01
0.00562341,2825,9.640390e+00,4.535070e+01,2.570570e+04,1.250810e+00,2.338610e-04,6.968050e-01
0.00562341,2850,9.439340e+00,4.415190e+01,2.682510e+04,1.248230e+00,2.269750e-04,6.979500e-01
0.00562341,2875,9.252880e+00,4.268700e+01,2.791100e+04,1.244870e+00,2.205570e-04,6.989770e-01
0.00562341,2900,9.080900e+00,4.102390e+01,2.895780e+04,1.240920e+00,2.145920e-04,6.999150e-01
0.00562341,2925,8.922990e+00,3.922940e+01,2.996110e+04,1.236580e+00,2.090580e-04,7.007970e-01
0.00562341,2950,8.778520e+00,3.736700e+01,3.091870e+04,1.232010e+00,2.039300e-04,7.016570e-01
0.00562341,2975,8.646690e+00,3.549510e+01,3.182940e+04,1.227350e+00,1.991800e-04,7.025290e-01
0.00562341,3000,8.526580e+00,3.366580e+01,3.269380e+04,1.222740e+00,1.947760e-04,7.034450e-01
0.00562341,3025,8.417210e+00,3.192390e+01,3.351340e+04,1.218250e+00,1.906890e-04,7.044300e-01
0.00562341,3050,8.317560e+00,3.030610e+01,3.429100e+04,1.213950e+00,1.868860e-04,7.055030e-01
0.00562341,3075,8.226580e+00,2.884140e+01,3.503000e+04,1.209890e+00,1.833400e-04,7.066810e-01
0.00562341,3100,8.143280e+00,2.755070e+01,3.573450e+04,1.206070e+00,1.800200e-04,7.079700e-01
0.00562341,3125,8.066670e+00,2.644760e+01,3.640910e+04,1.202510e+00,1.768990e-04,7.093750e-01
0.00562341,3150,7.995810e+00,2.553930e+01,3.705850e+04,1.199180e+00,1.739540e-04,7.108940e-01
0.00562341,3175,7.929840e+00,2.482690e+01,3.768770e+04,1.196090e+00,1.711600e-04,7.125250e-01
0.00562341,3200,7.867940e+00,2.430680e+01,3.830150e+04,1.193220e+00,1.684970e-04,7.142610e-01
0.00562341,3225,7.809380e+00,2.397090e+01,3.890460e+04,1.190590e+00,1.659470e-04,7.160950e-01
0.00562341,3250,7.753490e+00,2.380760e+01,3.950150e+04,1.188200e+00,1.634920e-04,7.180180e-01
0.00562341,3275,7.699680e+00,2.380190e+01,4.009630e+04,1.186070e+00,1.611180e-04,7.200230e-01
0.00562341,3300,7.647440e+00,2.393600e+01,4.069270e+04,1.184220e+00,1.588120e-04,7.221020e-01
0.00562341,3325,7.596330e+00,2.418920e+01,4.129410e+04,1.182690e+00,1.565650e-04,7.242500e-01
0.00562341,3350,7.545990e+00,2.453790e+01,4.190300e+04,1.181480e+00,1.543670e-04,7.264610e-01
0.00562341,3375,7.496150e+00,2.495570e+01,4.252150e+04,1.180600e+00,1.522110e-04,7.287330e-01
0.00562341,3400,7.446610e+00,2.541320e+01,4.315110e+04,1.180050e+00,1.500930e-04,7.310630e-01
0.00562341,3425,7.397240e+00,2.587840e+01,4.379230e+04,1.179810e+00,1.480100e-04,7.334540e-01
0.00562341,3450,7.348000e+00,2.631630e+01,4.444480e+04,1.179850e+00,1.459590e-04,7.359060e-01
0.00562341,3475,7.298940e+00,2.669040e+01,4.510750e+04,1.180130e+00,1.439420e-04,7.384250e-01
0.00562341,3500,7.250180e+00,2.696290e+01,4.577850e+04,1.180620e+00,1.419590e-04,7.410160e-01
0.00562341,3525,7.201900e+00,2.709650e+01,4.645450e+04,1.181260e+00,1.400130e-04,7.436870e-01
0.00562341,3550,7.154350e+00,2.705700e+01,4.713180e+04,1.182010e+00,1.381100e-04,7.464440e-01
0.00562341,3575,7.107840e+00,2.681530e+01,4.780570e+04,1.182860e+00,1.362520e-04,7.492980e-01
0.00562341,3600,7.062720e+00,2.635080e+01,4.847080e+04,1.183780e+00,1.344470e-04,7.522540e-01
0.00562341,3625,7.019340e+00,2.565400e+01,4.912130e+04,1.184790e+00,1.327000e-04,7.553190e-01
0.00562341,3650,6.978050e+00,2.472920e+01,4.975150e+04,1.185960e+00,1.310160e-04,7.584980e-01
0.00562341,3675,6.939170e+00,2.359520e+01,5.035600e+04,1.187350e+00,1.293990e-04,7.617910e-01
0.00562341,3700,6.902970e+00,2.228500e+01,5.092980e+04,1.189100e+00,1.278540e-04,7.651990e-01
0.00562341,3725,6.869630e+00,2.084260e+01,5.146920e+04,1.191370e+00,1.263830e-04,7.687170e-01
0.00562341,3750,6.839280e+00,1.931930e+01,5.197130e+04,1.194330e+00,1.249860e-04,7.723380e-01
0.00562341,3775,6.811920e+00,1.776810e+01,5.243490e+04,1.198150e+00,1.236620e-04,7.760520e-01
0.00562341,3800,6.787500e+00,1.623840e+01,5.285990e+04,1.203030e+00,1.224080e-04,7.798470e-01
0.00562341,3825,6.765890e+00,1.477220e+01,5.324730e+04,1.209090e+00,1.212200e-04,7.837130e-01
0.00562341,3850,6.746890e+00,1.340100e+01,5.359930e+04,1.216450e+00,1.200950e-04,7.876370e-01
0.00562341,3875,6.730290e+00,1.214550e+01,5.391840e+04,1.225170e+00,1.190270e-04,7.916070e-01
0.00562341,3900,6.715860e+00,1.101620e+01,5.420760e+04,1.235230e+00,1.180100e-04,7.956120e-01
0.00562341,3925,6.703330e+00,1.001530e+01,5.447020e+04,1.246560e+00,1.170400e-04,7.996450e-01
0.00562341,3950,6.692490e+00,9.138500e+00,5.470940e+04,1.259040e+00,1.161110e-04,8.036970e-01
0.00562341,3975,6.683110e+00,8.377450e+00,5.492810e+04,1.272500e+00,1.152190e-04,8.077610e-01
0.00562341,4000,6.674980e+00,7.721500e+00,5.512920e+04,1.286700e+00,1.143600e-04,8.118340e-01
0.01,200,3.094510e+01,1.144150e+00,-4.836910e+03,1.306900e+00,1.885580e-02,8.791870e-02
0.01,225,3.094510e+01,1.185780e+00,-4.807790e+03,1.292970e+00,1.676070e-02,9.757770e-02
0.01,250,3.094510e+01,1.232780e+00,-4.777570e+03,1.278690e+00,1.508460e-02,1.071520e-01
0.01,275,3.094510e+01,1.284900e+00,-4.746110e+03,1.264400e+00,1.371330e-02,1.166360e-01
0.01,300,3.094510e+01,1.341380e+00,-4.713290e+03,1.250500e+00,1.257050e-02,1.260210e-01
0.01,325,3.094490e+01,1.402430e+00,-4.679010e+03,1.237110e+00,1.160340e-02,1.356840e-01
0.01,350,3.094360e+01,1.472480e+00,-4.643100e+03,1.223790e+00,1.077420e-02,1.453060e-01
0.01,375,3.093850e+01,1.567530e+00,-4.605180e+03,1.209110e+00,1.005430e-02,1.548890e-01
0.01,400,3.092090e+01,1.729980e+00,-4.564170e+03,1.190690e+00,9.420500e-03,1.644490e-01
0.01,425,3.086880e+01,2.052210e+00,-4.517370e+03,1.167150e+00,8.851420e-03,1.740320e-01
0.01,450,3.073480e+01,2.704670e+00,-4.458840e+03,1.142080e+00,8.323380e-03,1.837490e-01
0.01,475,3.043120e+01,3.945140e+00,-4.377250e+03,1.123990e+00,7.807430e-03,1.938030e-01
0.01,500,2.982950e+01,6.038130e+00,-4.254400e+03,1.119410e+00,7.270400e-03,2.044890e-01
0.01,525,2.880880e+01,8.925470e+00,-4.068440e+03,1.128280e+00,6.687250e-03,2.156920e-01
0.01,550,2.739300e+01,1.155340e+01,-3.809880e+03,1.142870e+00,6.069580e-03,2.276010e-01
0.01,575,2.588430e+01,1.183030e+01,-3.510780e+03,1.149940e+00,5.485930e-03,2.394050e-01
0.01,600,2.470610e+01,9.204370e+00,-3.243710e+03,1.145930e+00,5.018050e-03,2.501340e-01
0.01,625,2.401250e+01,6.135930e+00,-3.053880e+03,1.144070e+00,4.682080e-03,2.593580e-01
0.01,650,2.365390e+01,4.416030e+00,-2.925030e+03,1.149260e+00,4.434780e-03,2.676680e-01
0.01,675,2.344360e+01,3.872240e+00,-2.823230e+03,1.152020e+00,4.232560e-03,2.754590e-01
0.01,700,2.327310e+01,3.951870e+00,-2.726310e+03,1.149630e+00,4.051710e-03,2.829320e-01
0.01,725,2.309200e+01,4.341940e+00,-2.623100e+03,1.145880e+00,3.881550e-03,2.901660e-01
0.01,750,2.287710e+01,4.903660e+00,-2.507800e+03,1.143410e+00,3.717250e-03,2.971880e-01
0.01,775,2.261770e+01,5.567680e+00,-2.377070e+03,1.143000e+00,3.556550e-03,3.040040e-01
0.01,800,2.231030e+01,6.283320e+00,-2.228990e+03,1.144600e+00,3.398570e-03,3.106200e-01
0.01,825,2.195680e+01,6.999240e+00,-2.062900e+03,1.147810e+00,3.243370e-03,3.170370e-01
0.01,850,2.156430e+01,7.658450e+00,-1.879500e+03,1.152080e+00,3.091700e-03,3.232680e-01
0.01,875,2.114420e+01,8.201390e+00,-1.680950e+03,1.156790e+00,2.944860e-03,3.293300e-01
0.01,900,2.071100e+01,8.574250e+00,-1.470850e+03,1.161360e+00,2.804400e-03,3.352490e-01
0.01,925,2.028050e+01,8.740170e+00,-1.253970e+03,1.165310e+00,2.671890e-03,3.410590e-01
0.01,950,1.986770e+01,8.689490e+00,-1.035650e+03,1.168330e+00,2.548620e-03,3.467990e-01
0.01,975,1.948470e+01,8.444510e+00,-8.211180e+02,1.170320e+00,2.435410e-03,3.525060e-01
0.01,1000,1.913990e+01,8.056400e+00,-6.146270e+02,1.171320e+00,2.332500e-03,3.582160e-01
0.01,1025,1.883670e+01,7.595050e+00,-4.189120e+02,1.171420e+00,2.239570e-03,3.637280e-01
0.01,1050,1.857480e+01,7.138240e+00,-2.348360e+02,1.170580e+00,2.155840e-03,3.692800e-01
0.01,1075,1.835010e+01,6.762000e+00,-6.132670e+01,1.168560e+00,2.080230e-03,3.748870e-01
0.01,1100,1.815610e+01,6.538320e+00,1.045360e+02,1.164920e+00,2.011460e-03,3.805600e-01
0.01,1125,1.798440e+01,6.538480e+00,2.674530e+02,1.159270e+00,1.948160e-03,3.863130e-01
0.01,1150,1.782510e+01,6.840430e+00,4.339710e+02,1.151710e+00,1.888930e-03,3.921640e-01
0.01,1175,1.766670e+01,7.538040e+00,6.127650e+02,1.143160e+00,1.832320e-03,3.981370e-01
0.01,1200,1.749630e+01,8.749080e+00,8.151440e+02,1.135300e+00,1.776830e-03,4.042700e-01
0.01,1225,1.729850e+01,1.061550e+01,1.055680e+03,1.130010e+00,1.720890e-03,4.106070e-01
0.01,1250,1.705670e+01,1.327580e+01,1.352560e+03,1.128770e+00,1.662910e-03,4.171960e-01
0.01,1275,1.675460e+01,1.675710e+01,1.726410e+03,1.132200e+00,1.601430e-03,4.240710e-01
0.01,1300,1.638300e+01,2.067620e+01,2.194330e+03,1.139410e+00,1.535790e-03,4.312150e-01
0.01,1325,1.595350e+01,2.369820e+01,2.753120e+03,1.146860e+00,1.467310e-03,4.385030e-01
0.01,1350,1.551610e+01,2.345000e+01,3.351730e+03,1.148560e+00,1.400650e-03,4.456660e-01
0.01,1375,1.515070e+01,1.878460e+01,3.887410e+03,1.142720e+00,1.342800e-03,4.524030e-01
0.01,1400,1.490950e+01,1.243590e+01,4.276780e+03,1.139310e+00,1.297820e-03,4.585970e-01
0.01,1425,1.477850e+01,7.750100e+00,4.524100e+03,1.149850e+00,1.263860e-03,4.643720e-01
0.01,1450,1.471400e+01,5.245090e+00,4.682780e+03,1.172630e+00,1.236640e-03,4.699060e-01
0.01,1475,1.468230e+01,4.080660e+00,4.797440e+03,1.195970e+00,1.213070e-03,4.753160e-01
0.01,1500,1.466590e+01,3.559980e+00,4.892080e+03,1.211930e+00,1.191510e-03,4.806580e-01
0.01,1525,1.465650e+01,3.326250e+00,4.977780e+03,1.220460e+00,1.171230e-03,4.859560e-01
0.01,1550,1.465070e+01,3.220810e+00,5.059440e+03,1.224280e+00,1.151880e-03,4.912220e-01
0.01,1575,1.464660e+01,3.175420e+00,5.139310e+03,1.225530e+00,1.133280e-03,4.964610e-01
0.01,1600,1.464350e+01,3.160500e+00,5.218460e+03,1.225430e+00,1.115340e-03,5.016740e-01
0.01,1625,1.464090e+01,3.162920e+00,5.297480e+03,1.224550e+00,1.097990e-03,5.068640e-01
0.01,1650,1.463850e+01,3.176790e+00,5.376700e+03,1.223180e+00,1.081170e-03,5.120320e-01
0.01,1675,1.463620e+01,3.199460e+00,5.456390e+03,1.221440e+00,1.064870e-03,5.171770e-01
0.01,1700,1.463380e+01,3.229870e+00,5.536740e+03,1.219410e+00,1.049040e-03,5.223020e-01
0.01,1725,1.463120e+01,3.267810e+00,5.617940e+03,1.217110e+00,1.033650e-03,5.274070e-01
0.01,1750,1.462820e+01,3.313520e+00,5.700190e+03,1.214550e+00,1.018680e-03,5.324920e-01
0.01,1775,1.462480e+01,3.367560e+00,5.783690e+03,1.211730e+00,1.004090e-03,5.375590e-01
0.01,1800,1.462090e+01,3.430750e+00,5.868650e+03,1.208680e+00,9.898820e-04,5.426070e-01
0.01,1825,1.461630e+01,3.504050e+00,5.955310e+03,1.205380e+00,9.760140e-04,5.476370e-01
0.01,1850,1.461090e+01,3.588600e+00,6.043940e+03,1.201870e+00,9.624680e-04,5.526500e-01
0.01,1875,1.460450e+01,3.685730e+00,6.134850e+03,1.198160e+00,9.492210e-04,5.576470e-01
0.01,1900,1.459700e+01,3.796870e+00,6.228350e+03,1.194260e+00,9.362520e-04,5.626270e-01
0.01,1925,1.458830e+01,3.923640e+00,6.324820e+03,1.190220e+00,9.235390e-04,5.675910e-01
0.01,1950,1.457810e+01,4.067810e+00,6.424670e+03,1.186080e+00,9.110610e-04,5.725400e-01
0.01,1975,1.456620e+01,4.231340e+00,6.528370e+03,1.181880e+00,8.987950e-04,5.774730e-01
0.01,2000,1.455240e+01,4.416360e+00,6.636420e+03,1.177660e+00,8.867200e-04,5.823920e-01
0.01,2025,1.453650e+01,4.625210e+00,6.749390e+03,1.173480e+00,8.748140e-04,5.871550e-01
0.01,2050,1.451810e+01,4.860480e+00,6.867900e+03,1.169390e+00,8.630540e-04,5.919010e-01
0.01,2075,1.449700e+01,5.125010e+00,6.992660e+03,1.165450e+00,8.514180e-04,5.966280e-01
0.01,2100,1.447290e+01,5.421960e+00,7.124420e+03,1.161710e+00,8.398820e-04,6.013360e-01
0.01,2125,1.444540e+01,5.754840e+00,7.264050e+03,1.158220e+00,8.284240e-04,6.060250e-01
0.01,2150,1.441410e+01,6.127580e+00,7.412500e+03,1.155020e+00,8.170180e-04,6.106920e-01
0.01,2175,1.437870e+01,6.544650e+00,7.570800e+03,1.152170e+00,8.056400e-04,6.153360e-01
0.01,2200,1.433860e+01,7.011090e+00,7.740140e+03,1.149710e+00,7.942640e-04,6.199550e-01
0.01,2225,1.429340e+01,7.532700e+00,7.921820e+03,1.147660e+00,7.828630e-04,6.245460e-01
0.01,2250,1.424250e+01,8.116130e+00,8.117290e+03,1.146080e+00,7.714110e-04,6.291040e-01
0.01,2275,1.418540e+01,8.769070e+00,8.328200e+03,1.144990e+00,7.598770e-04,6.336250e-01
0.01,2300,1.412150e+01,9.500390e+00,8.556400e+03,1.144430e+00,7.482320e-04,6.381020e-01
0.01,2325,1.405010e+01,1.032030e+01,8.803960e+03,1.144440e+00,7.364440e-04,6.425280e-01
0.01,2350,1.397050e+01,1.124050e+01,9.073250e+03,1.145070e+00,7.244800e-04,6.468940e-01
0.01,2375,1.388190e+01,1.227400e+01,9.366930e+03,1.146350e+00,7.123050e-04,6.511900e-01
0.01,2400,1.378340e+01,1.343520e+01,9.688010e+03,1.148340e+00,6.998840e-04,6.554030e-01
0.01,2425,1.367410e+01,1.473910e+01,1.003990e+04,1.151100e+00,6.871800e-04,6.595190e-01
0.01,2450,1.355330e+01,1.620050e+01,1.042630e+04,1.154660e+00,6.741560e-04,6.635240e-01
0.01,2475,1.341990e+01,1.783240e+01,1.085130e+04,1.159090e+00,6.607780e-04,6.674040e-01
0.01,2500,1.327310e+01,1.964370e+01,1.131940e+04,1.164410e+00,6.470170e-04,6.711420e-01
0.01,2525,1.311230e+01,2.163610e+01,1.183500e+04,1.170620e+00,6.328500e-04,6.747250e-01
0.01,2550,1.293710e+01,2.380100e+01,1.240260e+04,1.177690e+00,6.182690e-04,6.781440e-01
0.01,2575,1.274720e+01,2.611610e+01,1.302630e+04,1.185530e+00,6.032790e-04,6.813910e-01
0.01,2600,1.254300e+01,2.854310e+01,1.370940e+04,1.193990e+00,5.879100e-04,6.844650e-01
0.01,2625,1.232550e+01,3.102720e+01,1.445400e+04,1.202830e+00,5.722130e-04,6.873720e-01
0.01,2650,1.209610e+01,3.349870e+01,1.526060e+04,1.211810e+00,5.562660e-04,6.901190e-01
0.01,2675,1.185690e+01,3.587820e+01,1.612810e+04,1.220590e+00,5.401700e-04,6.927200e-01
0.01,2700,1.161050e+01,3.808320e+01,1.705310e+04,1.228870e+00,5.240440e-04,6.951860e-01
0.01,2725,1.135960e+01,4.003540e+01,1.803020e+04,1.236350e+00,5.080190e-04,6.975280e-01
0.01,2750,1.110750e+01,4.166850e+01,1.905220e+04,1.242790e+00,4.922280e-04,6.997510e-01
0.01,2775,1.085710e+01,4.293350e+01,2.011050e+04,1.248010e+00,4.767980e-04,7.018550e-01
0.01,2800,1.061130e+01,4.380150e+01,2.119560e+04,1.251920e+00,4.618400e-04,7.038350e-01
0.01,2825,1.037240e+01,4.426420e+01,2.229720e+04,1.254480e+00,4.474500e-04,7.056830e-01
0.01,2850,1.014270e+01,4.433200e+01,2.340550e+04,1.255760e+00,4.337000e-04,7.073890e-01
0.01,2875,9.923510e+00,4.403040e+01,2.451070e+04,1.255830e+00,4.206390e-04,7.089500e-01
0.01,2900,9.716100e+00,4.339700e+01,2.560420e+04,1.254830e+00,4.082970e-04,7.103650e-01
0.01,2925,9.521140e+00,4.247680e+01,2.667820e+04,1.252910e+00,3.966840e-04,7.116420e-01
0.01,2950,9.338960e+00,4.132000e+01,2.772610e+04,1.250220e+00,3.857970e-04,7.127960e-01
0.01,2975,9.169560e+00,3.997850e+01,2.874270e+04,1.246940e+00,3.756160e-04,7.138490e-01
0.01,3000,9.012720e+00,3.850440e+01,2.972390e+04,1.243200e+00,3.661140e-04,7.148270e-01
0.01,3025,8.867990e+00,3.694840e+01,3.066720e+04,1.239170e+00,3.572580e-04,7.157610e-01
0.01,3050,8.734780e+00,3.535790e+01,3.157110e+04,1.234950e+00,3.490070e-04,7.166800e-01
0.01,3075,8.612390e+00,3.377670e+01,3.243520e+04,1.230680e+00,3.413190e-04,7.176120e-01
0.01,3100,8.500030e+00,3.224360e+01,3.326030e+04,1.226430e+00,3.341490e-04,7.185830e-01
0.01,3125,8.396870e+00,3.079180e+01,3.404800e+04,1.222290e+00,3.274530e-04,7.196160e-01
0.01,3150,8.302060e+00,2.944890e+01,3.480080e+04,1.218290e+00,3.211870e-04,7.207260e-01
0.01,3175,8.214740e+00,2.823630e+01,3.552160e+04,1.214480e+00,3.153060e-04,7.219260e-01
0.01,3200,8.134060e+00,2.716980e+01,3.621380e+04,1.210880e+00,3.097700e-04,7.232240e-01
0.01,3225,8.059210e+00,2.625930e+01,3.688140e+04,1.207480e+00,3.045400e-04,7.246230e-01
0.01,3250,7.989420e+00,2.550980e+01,3.752810e+04,1.204310e+00,2.995810e-04,7.261260e-01
0.01,3275,7.923960e+00,2.492190e+01,3.815820e+04,1.201350e+00,2.948580e-04,7.277280e-01
0.01,3300,7.862150e+00,2.449180e+01,3.877550e+04,1.198620e+00,2.903420e-04,7.294270e-01
0.01,3325,7.803370e+00,2.421220e+01,3.938400e+04,1.196130e+00,2.860040e-04,7.312190e-01
0.01,3350,7.747080e+00,2.407270e+01,3.998730e+04,1.193880e+00,2.818220e-04,7.330970e-01
0.01,3375,7.692770e+00,2.406000e+01,4.058870e+04,1.191900e+00,2.777740e-04,7.350560e-01
0.01,3400,7.640020e+00,2.415800e+01,4.119120e+04,1.190200e+00,2.738400e-04,7.370920e-01
0.01,3425,7.588470e+00,2.434820e+01,4.179740e+04,1.188800e+00,2.700070e-04,7.392000e-01
0.01,3450,7.537830e+00,2.460950e+01,4.240920e+04,1.187700e+00,2.662620e-04,7.413790e-01
0.01,3475,7.487870e+00,2.491850e+01,4.302830e+04,1.186900e+00,2.625940e-04,7.436260e-01
0.01,3500,7.438430e+00,2.524950e+01,4.365540e+04,1.186400e+00,2.589970e-04,7.459410e-01
0.01,3525,7.389420e+00,2.557480e+01,4.429070e+04,1.186170e+00,2.554660e-04,7.483260e-01
0.01,3550,7.340820e+00,2.586500e+01,4.493380e+04,1.186190e+00,2.519990e-04,7.507840e-01
0.01,3575,7.292680e+00,2.608970e+01,4.558340e+04,1.186420e+00,2.485950e-04,7.533200e-01
0.01,3600,7.245100e+00,2.621850e+01,4.623750e+04,1.186830e+00,2.452580e-04,7.559370e-01
0.01,3625,7.198240e+00,2.622230e+01,4.689330e+04,1.187390e+00,2.419920e-04,7.586430e-01
0.01,3650,7.152310e+00,2.607520e+01,4.754730e+04,1.188060e+00,2.388010e-04,7.614430e-01
0.01,3675,7.107580e+00,2.575620e+01,4.819560e+04,1.188830e+00,2.356930e-04,7.643440e-01
0.01,3700,7.064300e+00,2.525150e+01,4.883360e+04,1.189690e+00,2.326750e-04,7.673500e-01
0.01,3725,7.022770e+00,2.455640e+01,4.945660e+04,1.190670e+00,2.297550e-04,7.704670e-01
0.01,3750,6.983260e+00,2.367660e+01,5.005990e+04,1.191820e+00,2.269390e-04,7.736960e-01
0.01,3775,6.946030e+00,2.262870e+01,5.063900e+04,1.193220e+00,2.242340e-04,7.770370e-01
0.01,3800,6.911260e+00,2.143930e+01,5.119010e+04,1.194960e+00,2.216440e-04,7.804870e-01
0.01,3825,6.879110e+00,2.014320e+01,5.171010e+04,1.197170e+00,2.191710e-04,7.840420e-01
0.01,3850,6.849670e+00,1.878040e+01,5.219670e+04,1.200000e+00,2.168160e-04,7.876950e-01
0.01,3875,6.822950e+00,1.739210e+01,5.264890e+04,1.203600e+00,2.145770e-04,7.914350e-01
0.01,3900,6.798890e+00,1.601720e+01,5.306650e+04,1.208100e+00,2.124490e-04,7.952540e-01
0.01,3925,6.777390e+00,1.468960e+01,5.345020e+04,1.213620e+00,2.104290e-04,7.991390e-01
0.01,3950,6.758310e+00,1.343580e+01,5.380160e+04,1.220260e+00,2.085080e-04,8.030800e-01
0.01,3975,6.741450e+00,1.227430e+01,5.412270e+04,1.228050e+00,2.066800e-04,8.070670e-01
0.01,4000,6.726630e+00,1.121610e+01,5.441610e+04,1.237010e+00,2.049360e-04,8.110890e-01
0.0177828,200,3.094510e+01,1.144150e+00,-4.836910e+03,1.306900e+00,3.353080e-02,8.791870e-02
0.0177828,225,3.094510e+01,1.185780e+00,-4.807790e+03,1.292970e+00,2.980520e-02,9.757770e-02
0.0177828,250,3.094510e+01,1.232780e+00,-4.777570e+03,1.278690e+00,2.682470e-02,1.071520e-01
0.0177828,275,3.094510e+01,1.284890e+00,-4.746110e+03,1.264400e+00,2.438600e-02,1.166360e-01
0.0177828,300,3.094510e+01,1.341270e+00,-4.713290e+03,1.250520e+00,2.235390e-02,1.260210e-01
0.0177828,325,3.094490e+01,1.401770e+00,-4.679020e+03,1.237220e+00,2.063420e-02,1.356840e-01
0.0177828,350,3.094400e+01,1.469310e+00,-4.643150e+03,1.224220e+00,1.915980e-02,1.453050e-01
0.0177828,375,3.094030e+01,1.555290e+00,-4.605400e+03,1.210480e+00,1.788030e-02,1.548850e-01
0.0177828,400,3.092750e+01,1.690350e+00,-4.564990e+03,1.194100e+00,1.675590e-02,1.644340e-01
0.0177828,425,3.088960e+01,1.941850e+00,-4.519930e+03,1.173380e+00,1.575090e-02,1.739860e-01
0.0177828,450,3.079160e+01,2.435760e+00,-4.465890e+03,1.149890e+00,1.482870e-02,1.836190e-01
0.0177828,475,3.056770e+01,3.370460e+00,-4.394480e+03,1.130010e+00,1.394610e-02,1.934880e-01
0.0177828,500,3.011460e+01,4.983710e+00,-4.291690e+03,1.120740e+00,1.305230e-02,2.038310e-01
0.0177828,525,2.931320e+01,7.380290e+00,-4.138620e+03,1.124510e+00,1.210000e-02,2.145350e-01
0.0177828,550,2.811250e+01,1.009710e+01,-3.919680e+03,1.137570e+00,1.107690e-02,2.259940e-01
0.0177828,575,2.666190e+01,1.166240e+01,-3.643250e+03,1.149670e+00,1.004860e-02,2.377550e-01
0.0177828,600,2.532080e+01,1.057620e+01,-3.359470e+03,1.151020e+00,9.145510e-03,2.489250e-01
0.0177828,625,2.438700e+01,7.701790e+00,-3.129840e+03,1.146280e+00,8.455920e-03,2.586990e-01
0.0177828,650,2.386170e+01,5.300920e+00,-2.969840e+03,1.147030e+00,7.955550e-03,2.673830e-01
0.0177828,675,2.357660e+01,4.148040e+00,-2.854070e+03,1.151380e+00,7.569360e-03,2.753740e-01
0.0177828,700,2.338880e+01,3.861900e+00,-2.755240e+03,1.151970e+00,7.240890e-03,2.829580e-01
0.0177828,725,2.322150e+01,4.027770e+00,-2.657270e+03,1.149130e+00,6.941200e-03,2.902720e-01
0.0177828,750,2.303840e+01,4.428630e+00,-2.551930e+03,1.146030e+00,6.656930e-03,2.973690e-01
0.0177828,775,2.282230e+01,4.963680e+00,-2.434740e+03,1.144360e+00,6.381760e-03,3.042680e-01
0.0177828,800,2.256530e+01,5.577430e+00,-2.303090e+03,1.144560e+00,6.112700e-03,3.109770e-01
0.0177828,825,2.226530e+01,6.226640e+00,-2.155570e+03,1.146510e+00,5.848650e-03,3.174980e-01
0.0177828,850,2.192470e+01,6.867580e+00,-1.991820e+03,1.149830e+00,5.589820e-03,3.238400e-01
0.0177828,875,2.155040e+01,7.453210e+00,-1.812650e+03,1.154040e+00,5.337380e-03,3.300110e-01
0.0177828,900,2.115210e+01,7.935830e+00,-1.620020e+03,1.158610e+00,5.093230e-03,3.360310e-01
0.0177828,925,2.074250e+01,8.273310e+00,-1.417070e+03,1.163050e+00,4.859600e-03,3.419220e-01
0.0177828,950,2.033470e+01,8.437220e+00,-1.207810e+03,1.166930e+00,4.638700e-03,3.477140e-01
0.0177828,975,1.994160e+01,8.420010e+00,-9.967270e+02,1.169970e+00,4.432380e-03,3.534400e-01
0.0177828,1000,1.957360e+01,8.238780e+00,-7.881840e+02,1.172030e+00,4.241820e-03,3.591340e-01
0.0177828,1025,1.923810e+01,7.933380e+00,-5.858280e+02,1.173110e+00,4.067430e-03,3.645980e-01
0.0177828,1050,1.893880e+01,7.560960e+00,-3.920760e+02,1.173210e+00,3.908810e-03,3.700750e-01
0.0177828,1075,1.867580e+01,7.187170e+00,-2.077920e+02,1.172280e+00,3.764890e-03,3.755850e-01
0.0177828,1100,1.844610e+01,6.879800e+00,-3.216370e+01,1.170110e+00,3.634080e-03,3.811430e-01
0.0177828,1125,1.824450e+01,6.706160e+00,1.373120e+02,1.166390e+00,3.514480e-03,3.867640e-01
0.0177828,1150,1.806360e+01,6.734610e+00,3.048270e+02,1.160870e+00,3.403980e-03,3.924630e-01
0.0177828,1175,1.789440e+01,7.039620e+00,4.763440e+02,1.153720e+00,3.300370e-03,3.982560e-01
0.0177828,1200,1.772670e+01,7.708360e+00,6.598340e+02,1.145780e+00,3.201310e-03,4.041690e-01
0.0177828,1225,1.754820e+01,8.846430e+00,8.656680e+02,1.138520e+00,3.104410e-03,4.102350e-01
0.0177828,1250,1.734530e+01,1.057660e+01,1.107090e+03,1.133580e+00,3.007150e-03,4.164920e-01
0.0177828,1275,1.710280e+01,1.301430e+01,1.400420e+03,1.132310e+00,2.906960e-03,4.229830e-01
0.0177828,1300,1.680610e+01,1.617840e+01,1.763940e+03,1.135310e+00,2.801600e-03,4.297350e-01
0.0177828,1325,1.644670e+01,1.975630e+01,2.212990e+03,1.141920e+00,2.689950e-03,4.367340e-01
0.0177828,1350,1.603310e+01,2.268300e+01,2.746640e+03,1.149200e+00,2.573750e-03,4.438750e-01
0.0177828,1375,1.560570e+01,2.299470e+01,3.325260e+03,1.151910e+00,2.459590e-03,4.509370e-01
0.0177828,1400,1.523340e+01,1.936640e+01,3.862480e+03,1.147300e+00,2.358040e-03,4.576480e-01
0.0177828,1425,1.497130e+01,1.356070e+01,4.274960e+03,1.142340e+00,2.276810e-03,4.638670e-01
0.0177828,1450,1.481870e+01,8.707950e+00,4.549260e+03,1.148200e+00,2.214740e-03,4.696690e-01
0.0177828,1475,1.473900e+01,5.851990e+00,4.727450e+03,1.166570e+00,2.165500e-03,4.752100e-01
0.0177828,1500,1.469820e+01,4.430190e+00,4.853800e+03,1.188710e+00,2.123520e-03,4.806110e-01
0.0177828,1525,1.467650e+01,3.761380e+00,4.955140e+03,1.205920e+00,2.085620e-03,4.859360e-01
0.0177828,1550,1.466410e+01,3.447650e+00,5.044770e+03,1.216180e+00,2.050240e-03,4.912130e-01
0.0177828,1575,1.465620e+01,3.298580e+00,5.128870e+03,1.221330e+00,2.016620e-03,4.964570e-01
0.0177828,1600,1.465090e+01,3.228190e+00,5.210340e+03,1.223470e+00,1.984380e-03,5.016730e-01
0.0177828,1625,1.464690e+01,3.197820e+00,5.290600e+03,1.223950e+00,1.953320e-03,5.068630e-01
0.0177828,1650,1.464360e+01,3.189770e+00,5.370410e+03,1.223490e+00,1.923300e-03,5.120310e-01
0.0177828,1675,1.464080e+01,3.195720e+00,5.450210e+03,1.222450e+00,1.894230e-03,5.171770e-01
0.0177828,1700,1.463820e+01,3.211740e+00,5.530280e+03,1.221000e+00,1.866040e-03,5.223030e-01
0.0177828,1725,1.463560e+01,3.235980e+00,5.610860e+03,1.219250e+00,1.838670e-03,5.274070e-01
0.0177828,1750,1.463290e+01,3.267720e+00,5.692150e+03,1.217220e+00,1.812070e-03,5.324930e-01
0.0177828,1775,1.463000e+01,3.306810e+00,5.774310e+03,1.214950e+00,1.786190e-03,5.375590e-01
0.0177828,1800,1.462680e+01,3.353530e+00,5.857550e+03,1.212450e+00,1.760990e-03,5.426080e-01
0.0177828,1825,1.462300e+01,3.408370e+00,5.942060e+03,1.209720e+00,1.736430e-03,5.476380e-01
0.0177828,1850,1.461880e+01,3.472040e+00,6.028040e+03,1.206780e+00,1.712460e-03,5.526510e-01
0.0177828,1875,1.461380e+01,3.545400e+00,6.115740e+03,1.203640e+00,1.689060e-03,5.576480e-01
0.0177828,1900,1.460810e+01,3.629450e+00,6.205400e+03,1.200300e+00,1.666180e-03,5.626290e-01
0.0177828,1925,1.460140e+01,3.725330e+00,6.297310e+03,1.196800e+00,1.643790e-03,5.675930e-01
0.0177828,1950,1.459370e+01,3.834290e+00,6.391780e+03,1.193150e+00,1.621850e-03,5.725430e-01
0.0177828,1975,1.458470e+01,3.957740e+00,6.489140e+03,1.189390e+00,1.600340e-03,5.774770e-01
0.0177828,2000,1.457430e+01,4.097220e+00,6.589800e+03,1.185550e+00,1.579200e-03,5.823970e-01
0.0177828,2025,1.456220e+01,4.254380e+00,6.694150e+03,1.181660e+00,1.558420e-03,5.871620e-01
0.0177828,2050,1.454840e+01,4.431090e+00,6.802680e+03,1.177770e+00,1.537950e-03,5.919110e-01
0.0177828,2075,1.453250e+01,4.629330e+00,6.915890e+03,1.173930e+00,1.517770e-03,5.966420e-01
0.0177828,2100,1.451440e+01,4.851310e+00,7.034340e+03,1.170170e+00,1.497830e-03,6.013560e-01
0.0177828,2125,1.449370e+01,5.099450e+00,7.158670e+03,1.166550e+00,1.478090e-03,6.060520e-01
0.0177828,2150,1.447020e+01,5.376420e+00,7.289550e+03,1.163110e+00,1.458530e-03,6.107300e-01
0.0177828,2175,1.444350e+01,5.685200e+00,7.427760e+03,1.159900e+00,1.439110e-03,6.153880e-01
0.0177828,2200,1.441330e+01,6.029080e+00,7.574110e+03,1.156950e+00,1.419790e-03,6.200260e-01
0.0177828,2225,1.437940e+01,6.411800e+00,7.729530e+03,1.154300e+00,1.400530e-03,6.246420e-01
0.0177828,2250,1.434120e+01,6.837550e+00,7.895060e+03,1.152000e+00,1.381290e-03,6.292340e-01
0.0177828,2275,1.429830e+01,7.311110e+00,8.071810e+03,1.150070e+00,1.362030e-03,6.337990e-01
0.0177828,2300,1.425040e+01,7.837920e+00,8.261050e+03,1.148550e+00,1.342700e-03,6.383330e-01
0.0177828,2325,1.419680e+01,8.424200e+00,8.464200e+03,1.147470e+00,1.323280e-03,6.428320e-01
0.0177828,2350,1.413720e+01,9.077080e+00,8.682820e+03,1.146870e+00,1.303700e-03,6.472910e-01
0.0177828,2375,1.407080e+01,9.804680e+00,8.918680e+03,1.146770e+00,1.283920e-03,6.517030e-01
0.0177828,2400,1.399720e+01,1.061620e+01,9.173750e+03,1.147220e+00,1.263900e-03,6.560610e-01
0.0177828,2425,1.391560e+01,1.152180e+01,9.450270e+03,1.148260e+00,1.243570e-03,6.603550e-01
0.0177828,2450,1.382530e+01,1.253270e+01,9.750720e+03,1.149920e+00,1.222900e-03,6.645750e-01
0.0177828,2475,1.372560e+01,1.366070e+01,1.007790e+04,1.152250e+00,1.201820e-03,6.687100e-01
0.0177828,2500,1.361570e+01,1.491730e+01,1.043480e+04,1.155310e+00,1.180280e-03,6.727470e-01
0.0177828,2525,1.349500e+01,1.631350e+01,1.082490e+04,1.159120e+00,1.158220e-03,6.766740e-01
0.0177828,2550,1.336250e+01,1.785720e+01,1.125170e+04,1.163730e+00,1.135610e-03,6.804780e-01
0.0177828,2575,1.321780e+01,1.955250e+01,1.171900e+04,1.169150e+00,1.112410e-03,6.841470e-01
0.0177828,2600,1.306030e+01,2.139650e+01,1.223060e+04,1.175360e+00,1.088590e-03,6.876700e-01
0.0177828,2625,1.288980e+01,2.337740e+01,1.279000e+04,1.182310e+00,1.064140e-03,6.910400e-01
0.0177828,2650,1.270630e+01,2.547260e+01,1.340040e+04,1.189920e+00,1.039100e-03,6.942550e-01
0.0177828,2675,1.251040e+01,2.764690e+01,1.406430e+04,1.198030e+00,1.013510e-03,6.973150e-01
0.0177828,2700,1.230270e+01,2.985390e+01,1.478300e+04,1.206450e+00,9.874620e-04,7.002250e-01
0.0177828,2725,1.208490e+01,3.203680e+01,1.555680e+04,1.214940e+00,9.610770e-04,7.029960e-01
0.0177828,2750,1.185860e+01,3.413290e+01,1.638420e+04,1.223230e+00,9.345060e-04,7.056370e-01
0.0177828,2775,1.162600e+01,3.607840e+01,1.726220e+04,1.231080e+00,9.079250e-04,7.081600e-01
0.0177828,2800,1.138960e+01,3.781350e+01,1.818630e+04,1.238240e+00,8.815220e-04,7.105720e-01
0.0177828,2825,1.115190e+01,3.928740e+01,1.915070e+04,1.244500e+00,8.554870e-04,7.128780e-01
0.0177828,2850,1.091550e+01,4.046220e+01,2.014820e+04,1.249720e+00,8.300020e-04,7.150760e-01
0.0177828,2875,1.068260e+01,4.131450e+01,2.117110e+04,1.253800e+00,8.052310e-04,7.171630e-01
0.0177828,2900,1.045540e+01,4.183580e+01,2.221120e+04,1.256720e+00,7.813130e-04,7.191290e-01
0.0177828,2925,1.023570e+01,4.203150e+01,2.326020e+04,1.258500e+00,7.583570e-04,7.209660e-01
0.0177828,2950,1.002490e+01,4.191850e+01,2.431020e+04,1.259190e+00,7.364420e-04,7.226680e-01
0.0177828,2975,9.823970e+00,4.152280e+01,2.535370e+04,1.258900e+00,7.156200e-04,7.242320e-01
0.0177828,3000,9.633730e+00,4.087700e+01,2.638420e+04,1.257730e+00,6.959130e-04,7.256600e-01
0.0177828,3025,9.454540e+00,4.001790e+01,2.739580e+04,1.255810e+00,6.773250e-04,7.269620e-01
0.0177828,3050,9.286560e+00,3.898460e+01,2.838370e+04,1.253260e+00,6.598380e-04,7.281520e-01
0.0177828,3075,9.129720e+00,3.781710e+01,2.934390e+04,1.250220e+00,6.434190e-04,7.292520e-01
0.0177828,3100,8.983740e+00,3.655500e+01,3.027370e+04,1.246800e+00,6.280260e-04,7.302840e-01
0.0177828,3125,8.848240e+00,3.523660e+01,3.117120e+04,1.243120e+00,6.136050e-04,7.312740e-01
0.0177828,3150,8.722710e+00,3.389780e+01,3.203540e+04,1.239290e+00,6.000990e-04,7.322470e-01
0.0177828,3175,8.606540e+00,3.257170e+01,3.286620e+04,1.235380e+00,5.874440e-04,7.332290e-01
0.0177828,3200,8.499090e+00,3.128790e+01,3.366430e+04,1.231470e+00,5.755780e-04,7.342410e-01
0.0177828,3225,8.399670e+00,3.007190e+01,3.443120e+04,1.227630e+00,5.644350e-04,7.353020e-01
0.0177828,3250,8.307570e+00,2.894490e+01,3.516870e+04,1.223900e+00,5.539520e-04,7.364280e-01
0.0177828,3275,8.222080e+00,2.792380e+01,3.587930e+04,1.220310e+00,5.440670e-04,7.376300e-01
0.0177828,3300,8.142510e+00,2.702100e+01,3.656580e+04,1.216880e+00,5.347200e-04,7.389170e-01
0.0177828,3325,8.068170e+00,2.624450e+01,3.723140e+04,1.213650e+00,5.258540e-04,7.402930e-01
0.0177828,3350,7.998430e+00,2.559860e+01,3.787920e+04,1.210600e+00,5.174180e-04,7.417610e-01
0.0177828,3375,7.932660e+00,2.508370e+01,3.851240e+04,1.207770e+00,5.093630e-04,7.433200e-01
0.0177828,3400,7.870310e+00,2.469680e+01,3.913440e+04,1.205150e+00,5.016430e-04,7.449710e-01
0.0177828,3425,7.810840e+00,2.443200e+01,3.974830e+04,1.202760e+00,4.942190e-04,7.467090e-01
0.0177828,3450,7.753800e+00,2.428040e+01,4.035700e+04,1.200610e+00,4.870540e-04,7.485330e-01
0.0177828,3475,7.698760e+00,2.423070e+01,4.096310e+04,1.198720e+00,4.801180e-04,7.504400e-01
0.0177828,3500,7.645360e+00,2.426930e+01,4.156920e+04,1.197090e+00,4.733820e-04,7.524260e-01
0.0177828,3525,7.593290e+00,2.438020e+01,4.217720e+04,1.195740e+00,4.668240e-04,7.544900e-01
0.0177828,3550,7.542310e+00,2.454550e+01,4.278870e+04,1.194670e+00,4.604240e-04,7.566300e-01
0.0177828,3575,7.492210e+00,2.474530e+01,4.340480e+04,1.193870e+00,4.541670e-04,7.588460e-01
0.0177828,3600,7.442870e+00,2.495790e+01,4.402610e+04,1.193340e+00,4.480430e-04,7.611390e-01
0.0177828,3625,7.394200e+00,2.516040e+01,4.465260e+04,1.193050e+00,4.420430e-04,7.635110e-01
0.0177828,3650,7.346180e+00,2.532860e+01,4.528380e+04,1.192990e+00,4.361650e-04,7.659640e-01
0.0177828,3675,7.298840e+00,2.543800e+01,4.591850e+04,1.193130e+00,4.304060e-04,7.685020e-01
0.0177828,3700,7.252270e+00,2.546460e+01,4.655500e+04,1.193430e+00,4.247700e-04,7.711300e-01
0.0177828,3725,7.206590e+00,2.538560e+01,4.719090e+04,1.193870e+00,4.192620e-04,7.738520e-01
0.0177828,3750,7.161960e+00,2.518120e+01,4.782320e+04,1.194430e+00,4.138880e-04,7.766730e-01
0.0177828,3775,7.118590e+00,2.483570e+01,4.844880e+04,1.195110e+00,4.086570e-04,7.795970e-01
0.0177828,3800,7.076680e+00,2.433890e+01,4.906380e+04,1.195890e+00,4.035780e-04,7.826290e-01
0.0177828,3825,7.036460e+00,2.368760e+01,4.966440e+04,1.196800e+00,3.986620e-04,7.857710e-01
0.0177828,3850,6.998140e+00,2.288630e+01,5.024690e+04,1.197880e+00,3.939160e-04,7.890220e-01
0.0177828,3875,6.961920e+00,2.194730e+01,5.080760e+04,1.199190e+00,3.893490e-04,7.923840e-01
0.0177828,3900,6.927950e+00,2.089080e+01,5.134330e+04,1.200820e+00,3.849660e-04,7.958510e-01
0.0177828,3925,6.896360e+00,1.974260e+01,5.185140e+04,1.202850e+00,3.807700e-04,7.994200e-01
0.0177828,3950,6.867220e+00,1.853310e+01,5.232990e+04,1.205410e+00,3.767610e-04,8.030830e-01
0.0177828,3975,6.840550e+00,1.729410e+01,5.277780e+04,1.208620e+00,3.729370e-04,8.068320e-01
0.0177828,4000,6.816320e+00,1.605660e+01,5.319460e+04,1.212580e+00,3.692940e-04,8.106580e-01
0.0316228,200,3.094510e+01,1.144150e+00,-4.836910e+03,1.306900e+00,5.962720e-02,8.791870e-02
0.0316228,225,3.094510e+01,1.185780e+00,-4.807790e+03,1.292970e+00,5.300190e-02,9.757770e-02
0.0316228,250,3.094510e+01,1.232780e+00,-4.777570e+03,1.278690e+00,4.770170e-02,1.071520e-01
0.0316228,275,3.094510e+01,1.284880e+00,-4.746110e+03,1.264400e+00,4.336520e-02,1.166360e-01
0.0316228,300,3.094510e+01,1.341190e+00,-4.713290e+03,1.250530e+00,3.975140e-02,1.260210e-01
0.0316228,325,3.094500e+01,1.401290e+00,-4.679020e+03,1.237290e+00,3.669350e-02,1.356830e-01
0.0316228,350,3.094430e+01,1.467010e+00,-4.643180e+03,1.224530e+00,3.407180e-02,1.453040e-01
0.0316228,375,3.094160e+01,1.546390e+00,-4.605560e+03,1.211490e+00,3.179760e-02,1.548830e-01
0.0316228,400,3.093230e+01,1.661530e+00,-4.565570e+03,1.196690e+00,2.980130e-02,1.644240e-01
0.0316228,425,3.090470e+01,1.861420e+00,-4.521790e+03,1.178480e+00,2.802320e-02,1.739520e-01
0.0316228,450,3.083320e+01,2.238650e+00,-4.471040e+03,1.157080e+00,2.640520e-02,1.835240e-01
0.0316228,475,3.066870e+01,2.943180e+00,-4.407150e+03,1.136770e+00,2.488200e-02,1.932560e-01
0.0316228,500,3.033080e+01,4.171860e+00,-4.319510e+03,1.123990e+00,2.337740e-02,2.033310e-01
0.0316228,525,2.971480e+01,6.082300e+00,-4.192800e+03,1.122740e+00,2.181200e-02,2.136110e-01
0.0316228,550,2.873790e+01,8.541560e+00,-4.010620e+03,1.132210e+00,2.013600e-02,2.245830e-01
0.0316228,575,2.743780e+01,1.071430e+01,-3.767860e+03,1.145960e+00,1.838920e-02,2.360740e-01
0.0316228,600,2.605200e+01,1.112520e+01,-3.489830e+03,1.153650e+00,1.673290e-02,2.474410e-01
0.0316228,625,2.491020e+01,9.239210e+00,-3.231500e+03,1.151260e+00,1.535960e-02,2.577270e-01
0.0316228,650,2.417200e+01,6.598980e+00,-3.034120e+03,1.147640e+00,1.433110e-02,2.668830e-01
0.0316228,675,2.375830e+01,4.791660e+00,-2.894120e+03,1.149650e+00,1.356420e-02,2.751670e-01
0.0316228,700,2.351770e+01,4.014040e+00,-2.785820e+03,1.152480e+00,1.294730e-02,2.829120e-01
0.0316228,725,2.334270e+01,3.882080e+00,-2.688080e+03,1.151740e+00,1.240780e-02,2.903230e-01
0.0316228,750,2.317720e+01,4.090930e+00,-2.588920e+03,1.148960e+00,1.190920e-02,2.974960e-01
0.0316228,775,2.299380e+01,4.483760e+00,-2.482020e+03,1.146500e+00,1.143380e-02,3.044700e-01
0.0316228,800,2.277930e+01,4.983460e+00,-2.363850e+03,1.145470e+00,1.097320e-02,3.112600e-01
0.0316228,825,2.252770e+01,5.544300e+00,-2.232340e+03,1.146120e+00,1.052310e-02,3.178730e-01
0.0316228,850,2.223800e+01,6.129460e+00,-2.086430e+03,1.148280e+00,1.008230e-02,3.243140e-01
0.0316228,875,2.191260e+01,6.702280e+00,-1.925970e+03,1.151620e+00,9.650920e-03,3.305910e-01
0.0316228,900,2.155760e+01,7.224450e+00,-1.751740e+03,1.155730e+00,9.230820e-03,3.367140e-01
0.0316228,925,2.118160e+01,7.658080e+00,-1.565490e+03,1.160160e+00,8.824680e-03,3.426990e-01
0.0316228,950,2.079500e+01,7.970230e+00,-1.369850e+03,1.164470e+00,8.435630e-03,3.485680e-01
0.0316228,975,2.040910e+01,8.138630e+00,-1.168180e+03,1.168310e+00,8.066800e-03,3.543470e-01
0.0316228,1000,2.003460e+01,8.156880e+00,-9.641760e+02,1.171390e+00,7.720810e-03,3.600620e-01
0.0316228,1025,1.968070e+01,8.037190e+00,-7.614890e+02,1.173560e+00,7.399420e-03,3.655180e-01
0.0316228,1050,1.935390e+01,7.810560e+00,-5.632120e+02,1.174760e+00,7.103310e-03,3.709550e-01
0.0316228,1075,1.905790e+01,7.522450e+00,-3.714760e+02,1.174940e+00,6.832030e-03,3.763980e-01
0.0316228,1100,1.879360e+01,7.227710e+00,-1.871460e+02,1.174030e+00,6.584150e-03,3.818680e-01
0.0316228,1125,1.855890e+01,6.985800e+00,-9.650530e+00,1.171870e+00,6.357420e-03,3.873790e-01
0.0316228,1150,1.834950e+01,6.858290e+00,1.630970e+02,1.168230e+00,6.149040e-03,3.929480e-01
0.0316228,1175,1.815920e+01,6.909270e+00,3.347500e+02,1.162970e+00,5.955810e-03,3.985900e-01
0.0316228,1200,1.798030e+01,7.208430e+00,5.106260e+02,1.156310e+00,5.774270e-03,4.043220e-01
0.0316228,1225,1.780330e+01,7.835570e+00,6.979010e+02,1.148980e+00,5.600760e-03,4.101690e-01
0.0316228,1250,1.761750e+01,8.884420e+00,9.059150e+02,1.142240e+00,5.431450e-03,4.161590e-01
0.0316228,1275,1.741030e+01,1.046070e+01,1.146520e+03,1.137540e+00,5.262320e-03,4.223270e-01
0.0316228,1300,1.716820e+01,1.266150e+01,1.434170e+03,1.136100e+00,5.089350e-03,4.287090e-01
0.0316228,1325,1.687810e+01,1.550540e+01,1.785020e+03,1.138550e+00,4.908970e-03,4.353280e-01
0.0316228,1350,1.653190e+01,1.875500e+01,2.212980e+03,1.144450e+00,4.719230e-03,4.421750e-01
0.0316228,1375,1.613490e+01,2.159570e+01,2.719610e+03,1.151500e+00,4.522150e-03,4.491680e-01
0.0316228,1400,1.571790e+01,2.244970e+01,3.276230e+03,1.155250e+00,4.326610e-03,4.561260e-01
0.0316228,1425,1.533880e+01,1.991310e+01,3.813110e+03,1.152260e+00,4.148180e-03,4.628120e-01
0.0316228,1450,1.505320e+01,1.483470e+01,4.250050e+03,1.146510e+00,4.000770e-03,4.690650e-01
0.0316228,1475,1.487400e+01,9.912200e+00,4.556630e+03,1.147980e+00,3.886130e-03,4.749070e-01
0.0316228,1500,1.477430e+01,6.666680e+00,4.760160e+03,1.161270e+00,3.795760e-03,4.804690e-01
0.0316228,1525,1.472110e+01,4.916360e+00,4.902500e+03,1.181050e+00,3.720070e-03,4.858710e-01
0.0316228,1550,1.469190e+01,4.045710e+00,5.013240e+03,1.198910e+00,3.652820e-03,4.911830e-01
0.0316228,1575,1.467490e+01,3.619200e+00,5.108430e+03,1.210930e+00,3.590680e-03,4.964430e-01
0.0316228,1600,1.466430e+01,3.407610e+00,5.195960e+03,1.217660e+00,3.532010e-03,5.016660e-01
0.0316228,1625,1.465700e+01,3.301340e+00,5.279670e+03,1.220920e+00,3.475960e-03,5.068600e-01
0.0316228,1650,1.465170e+01,3.249080e+00,5.361470e+03,1.222160e+00,3.422060e-03,5.120300e-01
0.0316228,1675,1.464760e+01,3.226580e+00,5.442370e+03,1.222220e+00,3.370030e-03,5.171770e-01
0.0316228,1700,1.464410e+01,3.222090e+00,5.522950e+03,1.221570e+00,3.319680e-03,5.223020e-01
0.0316228,1725,1.464110e+01,3.229800e+00,5.603580e+03,1.220450e+00,3.270880e-03,5.274070e-01
0.0316228,1750,1.463820e+01,3.246800e+00,5.684520e+03,1.218990e+00,3.223520e-03,5.324930e-01
0.0316228,1775,1.463530e+01,3.271680e+00,5.765980e+03,1.217250e+00,3.177490e-03,5.375590e-01
0.0316228,1800,1.463230e+01,3.303850e+00,5.848160e+03,1.215260e+00,3.132720e-03,5.426080e-01
0.0316228,1825,1.462910e+01,3.343210e+00,5.931230e+03,1.213060e+00,3.089130e-03,5.476380e-01
0.0316228,1850,1.462550e+01,3.389960e+00,6.015380e+03,1.210650e+00,3.046640e-03,5.526520e-01
0.0316228,1875,1.462150e+01,3.444550e+00,6.100800e+03,1.208040e+00,3.005200e-03,5.576490e-01
0.0316228,1900,1.461700e+01,3.507560e+00,6.187680e+03,1.205250e+00,2.964730e-03,5.626290e-01
0.0316228,1925,1.461180e+01,3.579720e+00,6.276250e+03,1.202280e+00,2.925190e-03,5.675940e-01
0.0316228,1950,1.460580e+01,3.661900e+00,6.366750e+03,1.199140e+00,2.886510e-03,5.725440e-01
0.0316228,1975,1.459890e+01,3.755070e+00,6.459440e+03,1.195870e+00,2.848620e-03,5.774790e-01
0.0316228,2000,1.459100e+01,3.860300e+00,6.554600e+03,1.192480e+00,2.811490e-03,5.824000e-01
0.0316228,2025,1.458190e+01,3.978780e+00,6.652560e+03,1.188990e+00,2.775040e-03,5.871660e-01
0.0316228,2050,1.457140e+01,4.111830e+00,6.753660e+03,1.185440e+00,2.739230e-03,5.919160e-01
0.0316228,2075,1.455940e+01,4.260860e+00,6.858290e+03,1.181870e+00,2.704000e-03,5.966490e-01
0.0316228,2100,1.454570e+01,4.427430e+00,6.966850e+03,1.178290e+00,2.669300e-03,6.013660e-01
0.0316228,2125,1.453010e+01,4.613240e+00,7.079820e+03,1.174760e+00,2.635070e-03,6.060660e-01
0.0316228,2150,1.451240e+01,4.820130e+00,7.197690e+03,1.171320e+00,2.601250e-03,6.107500e-01
0.0316228,2175,1.449230e+01,5.050140e+00,7.321020e+03,1.167990e+00,2.567800e-03,6.154160e-01
0.0316228,2200,1.446970e+01,5.305490e+00,7.450410e+03,1.164820e+00,2.534650e-03,6.200650e-01
0.0316228,2225,1.444410e+01,5.588670e+00,7.586520e+03,1.161850e+00,2.501740e-03,6.246950e-01
0.0316228,2250,1.441540e+01,5.902420e+00,7.730100e+03,1.159110e+00,2.469030e-03,6.293060e-01
0.0316228,2275,1.438320e+01,6.249780e+00,7.881930e+03,1.156640e+00,2.436440e-03,6.338960e-01
0.0316228,2300,1.434720e+01,6.634200e+00,8.042890e+03,1.154470e+00,2.403930e-03,6.384620e-01
0.0316228,2325,1.430700e+01,7.059550e+00,8.213980e+03,1.152630e+00,2.371420e-03,6.430030e-01
0.0316228,2350,1.426230e+01,7.530210e+00,8.396250e+03,1.151150e+00,2.338850e-03,6.475150e-01
0.0316228,2375,1.421250e+01,8.051140e+00,8.590910e+03,1.150060e+00,2.306160e-03,6.519950e-01
0.0316228,2400,1.415740e+01,8.627960e+00,8.799270e+03,1.149390e+00,2.273280e-03,6.564380e-01
0.0316228,2425,1.409630e+01,9.267030e+00,9.022820e+03,1.149160e+00,2.240140e-03,6.608380e-01
0.0316228,2450,1.402880e+01,9.975470e+00,9.263200e+03,1.149420e+00,2.206670e-03,6.651890e-01
0.0316228,2475,1.395430e+01,1.076120e+01,9.522240e+03,1.150190e+00,2.172780e-03,6.694840e-01
0.0316228,2500,1.387230e+01,1.163270e+01,9.801980e+03,1.151520e+00,2.138410e-03,6.737130e-01
0.0316228,2525,1.378210e+01,1.259920e+01,1.010470e+04,1.153430e+00,2.103470e-03,6.778680e-01
0.0316228,2550,1.368310e+01,1.366980e+01,1.043280e+04,1.155970e+00,2.067880e-03,6.819380e-01
0.0316228,2575,1.357460e+01,1.485310e+01,1.078910e+04,1.159180e+00,2.031570e-03,6.859120e-01
0.0316228,2600,1.345610e+01,1.615660e+01,1.117650e+04,1.163090e+00,1.994470e-03,6.897800e-01
0.0316228,2625,1.332690e+01,1.758500e+01,1.159800e+04,1.167720e+00,1.956510e-03,6.935290e-01
0.0316228,2650,1.318660e+01,1.913900e+01,1.205680e+04,1.173070e+00,1.917640e-03,6.971520e-01
0.0316228,2675,1.303480e+01,2.081380e+01,1.255590e+04,1.179120e+00,1.877850e-03,7.006400e-01
0.0316228,2700,1.287140e+01,2.259740e+01,1.309840e+04,1.185830e+00,1.837140e-03,7.039890e-01
0.0316228,2725,1.269650e+01,2.446920e+01,1.368650e+04,1.193100e+00,1.795560e-03,7.071970e-01
0.0316228,2750,1.251060e+01,2.640000e+01,1.432230e+04,1.200790e+00,1.753190e-03,7.102670e-01
0.0316228,2775,1.231450e+01,2.835220e+01,1.500670e+04,1.208760e+00,1.710160e-03,7.132040e-01
0.0316228,2800,1.210940e+01,3.028120e+01,1.573970e+04,1.216780e+00,1.666660e-03,7.160160e-01
0.0316228,2825,1.189680e+01,3.213850e+01,1.652020e+04,1.224660e+00,1.622910e-03,7.187130e-01
0.0316228,2850,1.167840e+01,3.387490e+01,1.734560e+04,1.232180e+00,1.579140e-03,7.213040e-01
0.0316228,2875,1.145640e+01,3.544420e+01,1.821250e+04,1.239130e+00,1.535650e-03,7.237960e-01
0.0316228,2900,1.123270e+01,3.680680e+01,1.911610e+04,1.245340e+00,1.492690e-03,7.261930e-01
0.0316228,2925,1.100950e+01,3.793180e+01,2.005090e+04,1.250680e+00,1.450530e-03,7.284940e-01
0.0316228,2950,1.078890e+01,3.879870e+01,2.101060e+04,1.255060e+00,1.409400e-03,7.306960e-01
0.0316228,2975,1.057250e+01,3.939800e+01,2.198860e+04,1.258430e+00,1.369530e-03,7.327900e-01
0.0316228,3000,1.036190e+01,3.973030e+01,2.297820e+04,1.260800e+00,1.331070e-03,7.347700e-01
0.0316228,3025,1.015850e+01,3.980520e+01,2.397300e+04,1.262200e+00,1.294160e-03,7.366260e-01
0.0316228,3050,9.963330e+00,3.963920e+01,2.496650e+04,1.262690e+00,1.258890e-03,7.383530e-01
0.0316228,3075,9.777040e+00,3.925480e+01,2.595310e+04,1.262350e+00,1.225300e-03,7.399510e-01
0.0316228,3100,9.600160e+00,3.867800e+01,2.692760e+04,1.261270e+00,1.193440e-03,7.414230e-01
0.0316228,3125,9.432960e+00,3.793740e+01,2.788560e+04,1.259550e+00,1.163270e-03,7.427760e-01
0.0316228,3150,9.275520e+00,3.706290e+01,2.882340e+04,1.257300e+00,1.134780e-03,7.440260e-01
0.0316228,3175,9.127750e+00,3.608480e+01,2.973790e+04,1.254610e+00,1.107900e-03,7.451880e-01
0.0316228,3200,8.989420e+00,3.503310e+01,3.062700e+04,1.251570e+00,1.082590e-03,7.462840e-01
0.0316228,3225,8.860190e+00,3.393670e+01,3.148920e+04,1.248290e+00,1.058750e-03,7.473350e-01
0.0316228,3250,8.739660e+00,3.282310e+01,3.232370e+04,1.244850e+00,1.036320e-03,7.483630e-01
0.0316228,3275,8.627350e+00,3.171760e+01,3.313040e+04,1.241300e+00,1.015190e-03,7.493900e-01
0.0316228,3300,8.522710e+00,3.064310e+01,3.390980e+04,1.237730e+00,9.952810e-04,7.504350e-01
0.0316228,3325,8.425200e+00,2.961970e+01,3.466300e+04,1.234180e+00,9.764960e-04,7.515160e-01
0.0316228,3350,8.334230e+00,2.866420e+01,3.539140e+04,1.230700e+00,9.587440e-04,7.526460e-01
0.0316228,3375,8.249230e+00,2.779050e+01,3.609690e+04,1.227330e+00,9.419360e-04,7.538390e-01
0.0316228,3400,8.169610e+00,2.700880e+01,3.678170e+04,1.224080e+00,9.259860e-04,7.551030e-01
0.0316228,3425,8.094830e+00,2.632630e+01,3.744820e+04,1.220990e+00,9.108120e-04,7.564440e-01
0.0316228,3450,8.024330e+00,2.574690e+01,3.809890e+04,1.218070e+00,8.963370e-04,7.578670e-01
0.0316228,3475,7.957600e+00,2.527180e+01,3.873640e+04,1.215330e+00,8.824890e-04,7.593740e-01
0.0316228,3500,7.894160e+00,2.489890e+01,3.936330e+04,1.212800e+00,8.692000e-04,7.609670e-01
0.0316228,3525,7.833580e+00,2.462400e+01,3.998210e+04,1.210480e+00,8.564120e-04,7.626440e-01
0.0316228,3550,7.775440e+00,2.444020e+01,4.059530e+04,1.208380e+00,8.440700e-04,7.644060e-01
0.0316228,3575,7.719380e+00,2.433850e+01,4.120480e+04,1.206520e+00,8.321250e-04,7.662510e-01
0.0316228,3600,7.665100e+00,2.430790e+01,4.181280e+04,1.204900e+00,8.205360e-04,7.681790e-01
0.0316228,3625,7.612320e+00,2.433550e+01,4.242070e+04,1.203540e+00,8.092660e-04,7.701880e-01
0.0316228,3650,7.560820e+00,2.440650e+01,4.302990e+04,1.202430e+00,7.982850e-04,7.722800e-01
0.0316228,3675,7.510430e+00,2.450480e+01,4.364130e+04,1.201570e+00,7.875700e-04,7.744530e-01
0.0316228,3700,7.461000e+00,2.461290e+01,4.425520e+04,1.200940e+00,7.771010e-04,7.767100e-01
0.0316228,3725,7.412480e+00,2.471210e+01,4.487180e+04,1.200550e+00,7.668650e-04,7.790530e-01
0.0316228,3750,7.364810e+00,2.478320e+01,4.549060e+04,1.200360e+00,7.568550e-04,7.814830e-01
0.0316228,3775,7.318020e+00,2.480670e+01,4.611060e+04,1.200350e+00,7.470650e-04,7.840040e-01
0.0316228,3800,7.272140e+00,2.476370e+01,4.673040e+04,1.200510e+00,7.374980e-04,7.866200e-01
0.0316228,3825,7.227280e+00,2.463630e+01,4.734810e+04,1.200810e+00,7.281580e-04,7.893350e-01
0.0316228,3850,7.183540e+00,2.440910e+01,4.796140e+04,1.201240e+00,7.190510e-04,7.921510e-01
0.0316228,3875,7.141070e+00,2.406940e+01,4.856760e+04,1.201790e+00,7.101890e-04,7.950720e-01
0.0316228,3900,7.100030e+00,2.360900e+01,4.916380e+04,1.202450e+00,7.015810e-04,7.981010e-01
0.0316228,3925,7.060600e+00,2.302430e+01,4.974700e+04,1.203240e+00,6.932400e-04,8.012390e-01
0.0316228,3950,7.022920e+00,2.231770e+01,5.031400e+04,1.204200e+00,6.851770e-04,8.044860e-01
0.0316228,3975,6.987160e+00,2.149710e+01,5.086190e+04,1.205360e+00,6.774000e-04,8.078410e-01
0.0316228,4000,6.953450e+00,2.057620e+01,5.138800e+04,1.206790e+00,6.699190e-04,8.113000e-01
0.0562341,200,3.094510e+01,1.144150e+00,-4.836910e+03,1.306900e+00,1.060340e-01,8.791870e-02
0.0562341,225,3.094510e+01,1.185780e+00,-4.807790e+03,1.292970e+00,9.425220e-02,9.757770e-02
0.0562341,250,3.094510e+01,1.232780e+00,-4.777570e+03,1.278690e+00,8.482700e-02,1.071520e-01
0.0562341,275,3.094510e+01,1.284870e+00,-4.746110e+03,1.264400e+00,7.711550e-02,1.166360e-01
0.0562341,300,3.094510e+01,1.341140e+00,-4.713300e+03,1.250540e+00,7.068910e-02,1.260210e-01
0.0562341,325,3.094500e+01,1.400940e+00,-4.679030e+03,1.237350e+00,6.525130e-02,1.356830e-01
0.0562341,350,3.094450e+01,1.465330e+00,-4.643210e+03,1.224760e+00,6.058960e-02,1.453040e-01
0.0562341,375,3.094260e+01,1.539920e+00,-4.605680e+03,1.212240e+00,5.654670e-02,1.548810e-01
0.0562341,400,3.093580e+01,1.640580e+00,-4.566000e+03,1.198650e+00,5.300090e-02,1.644160e-01
0.0562341,425,3.091580e+01,1.802850e+00,-4.523140e+03,1.182520e+00,4.985090e-02,1.739270e-01
0.0562341,450,3.086370e+01,2.094540e+00,-4.474790e+03,1.163380e+00,4.700200e-02,1.834550e-01
0.0562341,475,3.074320e+01,2.627600e+00,-4.416420e+03,1.143680e+00,4.435440e-02,1.930840e-01
0.0562341,500,3.049300e+01,3.557770e+00,-4.340110e+03,1.128690e+00,4.179380e-02,2.029560e-01
0.0562341,525,3.002670e+01,5.043510e+00,-4.233870e+03,1.123070e+00,3.919490e-02,2.128920e-01
0.0562341,550,2.925580e+01,7.109570e+00,-4.082990e+03,1.128070e+00,3.645280e-02,2.234050e-01
0.0562341,575,2.815280e+01,9.366680e+00,-3.876590e+03,1.140470e+00,3.355330e-02,2.344990e-01
0.0562341,600,2.683610e+01,1.077930e+01,-3.621620e+03,1.152370e+00,3.065140e-02,2.458050e-01
0.0562341,625,2.557490e+01,1.024870e+01,-3.354280e+03,1.155700e+00,2.804240e-02,2.564420e-01
0.0562341,650,2.462030e+01,8.079780e+00,-3.123280e+03,1.151720e+00,2.595740e-02,2.661010e-01
0.0562341,675,2.402610e+01,5.843280e+00,-2.950590e+03,1.149500e+00,2.439280e-02,2.747780e-01
0.0562341,700,2.368520e+01,4.488480e+00,-2.823450e+03,1.151580e+00,2.318790e-02,2.827580e-01
0.0562341,725,2.347190e+01,3.953050e+00,-2.719290e+03,1.152980e+00,2.218660e-02,2.903050e-01
0.0562341,750,2.330460e+01,3.911030e+00,-2.621730e+03,1.151570e+00,2.129430e-02,2.975670e-01
0.0562341,775,2.314080e+01,4.135550e+00,-2.521550e+03,1.149070e+00,2.046250e-02,3.046140e-01
0.0562341,800,2.295890e+01,4.508300e+00,-2.413730e+03,1.147190e+00,1.966730e-02,3.114780e-01
0.0562341,825,2.274860e+01,4.967770e+00,-2.295410e+03,1.146650e+00,1.889650e-02,3.181710e-01
0.0562341,850,2.250510e+01,5.475560e+00,-2.164940e+03,1.147600e+00,1.814450e-02,3.247010e-01
0.0562341,875,2.222780e+01,6.000410e+00,-2.021490e+03,1.149870e+00,1.740890e-02,3.310730e-01
0.0562341,900,2.191920e+01,6.511970e+00,-1.865030e+03,1.153170e+00,1.669030e-02,3.372940e-01
0.0562341,925,2.158430e+01,6.979360e+00,-1.696260e+03,1.157150e+00,1.599110e-02,3.433770e-01
0.0562341,950,2.123060e+01,7.372680e+00,-1.516680e+03,1.161420e+00,1.531510e-02,3.493350e-01
0.0562341,975,2.086670e+01,7.666190e+00,-1.328460e+03,1.165620e+00,1.466660e-02,3.551870e-01
0.0562341,1000,2.050190e+01,7.842260e+00,-1.134350e+03,1.169420e+00,1.405000e-02,3.609550e-01
0.0562341,1025,2.014550e+01,7.894980e+00,-9.373840e+02,1.172560e+00,1.346900e-02,3.664370e-01
0.0562341,1050,1.980520e+01,7.833110e+00,-7.405630e+02,1.174860e+00,1.292620e-02,3.718730e-01
0.0562341,1075,1.948700e+01,7.679720e+00,-5.464950e+02,1.176220e+00,1.242280e-02,3.772860e-01
0.0562341,1100,1.919460e+01,7.470510e+00,-3.570450e+02,1.176560e+00,1.195830e-02,3.826990e-01
0.0562341,1125,1.892920e+01,7.250520e+00,-1.730610e+02,1.175790e+00,1.153080e-02,3.881290e-01
0.0562341,1150,1.868960e+01,7.070840e+00,5.816360e+00,1.173780e+00,1.113740e-02,3.935960e-01
0.0562341,1175,1.847270e+01,6.986450e+00,1.812740e+02,1.170370e+00,1.077400e-02,3.991130e-01
0.0562341,1200,1.827340e+01,7.055980e+00,3.564200e+02,1.165500e+00,1.043570e-02,4.046960e-01
0.0562341,1225,1.808490e+01,7.343330e+00,5.358860e+02,1.159390e+00,1.011720e-02,4.103650e-01
0.0562341,1250,1.789910e+01,7.920540e+00,7.259990e+02,1.152680e+00,9.813010e-03,4.161400e-01
0.0562341,1275,1.770620e+01,8.870080e+00,9.350130e+02,1.146420e+00,9.516940e-03,4.220480e-01
0.0562341,1300,1.749530e+01,1.028270e+01,1.173360e+03,1.141880e+00,9.222750e-03,4.281190e-01
0.0562341,1325,1.725430e+01,1.224130e+01,1.453710e+03,1.140180e+00,8.924100e-03,4.343830e-01
0.0562341,1350,1.697160e+01,1.476830e+01,1.790210e+03,1.141990e+00,8.615320e-03,4.408630e-01
0.0562341,1375,1.663910e+01,1.769650e+01,2.195590e+03,1.147090e+00,8.292940e-03,4.475530e-01
0.0562341,1400,1.625900e+01,2.043120e+01,2.673620e+03,1.153780e+00,7.958820e-03,4.543930e-01
0.0562341,1425,1.585370e+01,2.175260e+01,3.205460e+03,1.158450e+00,7.624270e-03,4.612400e-01
0.0562341,1450,1.546960e+01,2.030200e+01,3.737720e+03,1.157370e+00,7.311290e-03,4.678930e-01
0.0562341,1475,1.516010e+01,1.615900e+01,4.197440e+03,1.151820e+00,7.043540e-03,4.741830e-01
0.0562341,1500,1.494980e+01,1.136190e+01,4.540340e+03,1.149700e+00,6.830090e-03,4.800800e-01
0.0562341,1525,1.482440e+01,7.741360e+00,4.775860e+03,1.157540e+00,6.661780e-03,4.856780e-01
0.0562341,1550,1.475400e+01,5.592010e+00,4.939860e+03,1.173670e+00,6.523190e-03,4.910910e-01
0.0562341,1575,1.471420e+01,4.451060e+00,5.063840e+03,1.191130e+00,6.402350e-03,4.963990e-01
0.0562341,1600,1.469080e+01,3.865760e+00,5.166990e+03,1.204610e+00,6.292260e-03,5.016450e-01
0.0562341,1625,1.467600e+01,3.563950e+00,5.259450e+03,1.213090e+00,6.189220e-03,5.068500e-01
0.0562341,1650,1.466600e+01,3.405460e+00,5.346360e+03,1.217720e+00,6.091310e-03,5.120240e-01
0.0562341,1675,1.465880e+01,3.321550e+00,5.430340e+03,1.219910e+00,5.997450e-03,5.171740e-01
0.0562341,1700,1.465340e+01,3.278570e+00,5.512770e+03,1.220640e+00,5.907040e-03,5.223010e-01
0.0562341,1725,1.464890e+01,3.259780e+00,5.594460e+03,1.220470e+00,5.819670e-03,5.274060e-01
0.0562341,1750,1.464510e+01,3.256660e+00,5.675890e+03,1.219730e+00,5.735040e-03,5.324920e-01
0.0562341,1775,1.464170e+01,3.264730e+00,5.757390e+03,1.218600e+00,5.652950e-03,5.375590e-01
0.0562341,1800,1.463850e+01,3.281660e+00,5.839200e+03,1.217160e+00,5.573200e-03,5.426080e-01
0.0562341,1825,1.463530e+01,3.306250e+00,5.921540e+03,1.215470e+00,5.495660e-03,5.476380e-01
0.0562341,1850,1.463200e+01,3.337960e+00,6.004570e+03,1.213560e+00,5.420170e-03,5.526520e-01
0.0562341,1875,1.462850e+01,3.376670e+00,6.088490e+03,1.211450e+00,5.346620e-03,5.576490e-01
0.0562341,1900,1.462460e+01,3.422510e+00,6.173470e+03,1.209160e+00,5.274890e-03,5.626300e-01
0.0562341,1925,1.462040e+01,3.475810e+00,6.259680e+03,1.206690e+00,5.204870e-03,5.675950e-01
0.0562341,1950,1.461560e+01,3.537080e+00,6.347320e+03,1.204060e+00,5.136460e-03,5.725450e-01
0.0562341,1975,1.461020e+01,3.606900e+00,6.436600e+03,1.201280e+00,5.069570e-03,5.774800e-01
0.0562341,2000,1.460400e+01,3.686000e+00,6.527750e+03,1.198360e+00,5.004090e-03,5.824010e-01
0.0562341,2025,1.459700e+01,3.775190e+00,6.620990e+03,1.195320e+00,4.939940e-03,5.871680e-01
0.0562341,2050,1.458900e+01,3.875370e+00,6.716600e+03,1.192190e+00,4.877020e-03,5.919190e-01
0.0562341,2075,1.457990e+01,3.987540e+00,6.814860e+03,1.188980e+00,4.815250e-03,5.966530e-01
0.0562341,2100,1.456950e+01,4.112800e+00,6.916080e+03,1.185710e+00,4.754540e-03,6.013710e-01
0.0562341,2125,1.455780e+01,4.252330e+00,7.020620e+03,1.182430e+00,4.694800e-03,6.060740e-01
0.0562341,2150,1.454440e+01,4.407440e+00,7.128830e+03,1.179150e+00,4.635950e-03,6.107600e-01
0.0562341,2175,1.452920e+01,4.579540e+00,7.241130e+03,1.175920e+00,4.577890e-03,6.154310e-01
0.0562341,2200,1.451220e+01,4.770170e+00,7.357960e+03,1.172760e+00,4.520550e-03,6.200850e-01
0.0562341,2225,1.449290e+01,4.981000e+00,7.479810e+03,1.169700e+00,4.463830e-03,6.247240e-01
0.0562341,2250,1.447130e+01,5.213880e+00,7.607190e+03,1.166780e+00,4.407650e-03,6.293450e-01
0.0562341,2275,1.444710e+01,5.470830e+00,7.740700e+03,1.164030e+00,4.351930e-03,6.339480e-01
0.0562341,2300,1.442000e+01,5.754100e+00,7.880950e+03,1.161480e+00,4.296560e-03,6.385330e-01
0.0562341,2325,1.438990e+01,6.066160e+00,8.028640e+03,1.159160e+00,4.241460e-03,6.430980e-01
0.0562341,2350,1.435620e+01,6.409780e+00,8.184530e+03,1.157100e+00,4.186540e-03,6.476410e-01
0.0562341,2375,1.431890e+01,6.788050e+00,8.349420e+03,1.155330e+00,4.131700e-03,6.521590e-01
0.0562341,2400,1.427760e+01,7.204440e+00,8.524250e+03,1.153870e+00,4.076850e-03,6.566520e-01
0.0562341,2425,1.423180e+01,7.662850e+00,8.709990e+03,1.152750e+00,4.021890e-03,6.611140e-01
0.0562341,2450,1.418130e+01,8.167650e+00,8.907770e+03,1.152000e+00,3.966710e-03,6.655430e-01
0.0562341,2475,1.412550e+01,8.723730e+00,9.118800e+03,1.151640e+00,3.911220e-03,6.699330e-01
0.0562341,2500,1.406420e+01,9.336560e+00,9.344430e+03,1.151700e+00,3.855300e-03,6.742790e-01
0.0562341,2525,1.399690e+01,1.001220e+01,9.586160e+03,1.152210e+00,3.798840e-03,6.785750e-01
0.0562341,2550,1.392290e+01,1.075700e+01,9.845620e+03,1.153200e+00,3.741730e-03,6.828150e-01
0.0562341,2575,1.384200e+01,1.157810e+01,1.012460e+04,1.154700e+00,3.683850e-03,6.869890e-01
0.0562341,2600,1.375340e+01,1.248250e+01,1.042520e+04,1.156750e+00,3.625090e-03,6.910900e-01
0.0562341,2625,1.365680e+01,1.347720e+01,1.074950e+04,1.159380e+00,3.565330e-03,6.951080e-01
0.0562341,2650,1.355150e+01,1.456840e+01,1.109990e+04,1.162610e+00,3.504470e-03,6.990350e-01
0.0562341,2675,1.343700e+01,1.576090e+01,1.147880e+04,1.166480e+00,3.442390e-03,7.028600e-01
0.0562341,2700,1.331290e+01,1.705740e+01,1.188880e+04,1.170990e+00,3.379030e-03,7.065750e-01
0.0562341,2725,1.317890e+01,1.845710e+01,1.233250e+04,1.176150e+00,3.314330e-03,7.101740e-01
0.0562341,2750,1.303470e+01,1.995480e+01,1.281250e+04,1.181930e+00,3.248250e-03,7.136490e-01
0.0562341,2775,1.288020e+01,2.153980e+01,1.333100e+04,1.188290e+00,3.180830e-03,7.169970e-01
0.0562341,2800,1.271550e+01,2.319540e+01,1.389000e+04,1.195140e+00,3.112120e-03,7.202200e-01
0.0562341,2825,1.254110e+01,2.489840e+01,1.449110e+04,1.202390e+00,3.042270e-03,7.233170e-01
0.0562341,2850,1.235760e+01,2.661950e+01,1.513510e+04,1.209880e+00,2.971470e-03,7.262960e-01
0.0562341,2875,1.216600e+01,2.832480e+01,1.582200e+04,1.217470e+00,2.899960e-03,7.291620e-01
0.0562341,2900,1.196750e+01,2.997740e+01,1.655090e+04,1.224970e+00,2.828060e-03,7.319250e-01
0.0562341,2925,1.176360e+01,3.153940e+01,1.732010e+04,1.232210e+00,2.756120e-03,7.345920e-01
0.0562341,2950,1.155590e+01,3.297500e+01,1.812680e+04,1.239020e+00,2.684500e-03,7.371700e-01
0.0562341,2975,1.134610e+01,3.425260e+01,1.896750e+04,1.245240e+00,2.613610e-03,7.396630e-01
0.0562341,3000,1.113590e+01,3.534630e+01,1.983790e+04,1.250760e+00,2.543820e-03,7.420710e-01
0.0562341,3025,1.092700e+01,3.623780e+01,2.073320e+04,1.255490e+00,2.475480e-03,7.443920e-01
0.0562341,3050,1.072110e+01,3.691610e+01,2.164800e+04,1.259370e+00,2.408910e-03,7.466200e-01
0.0562341,3075,1.051940e+01,3.737810e+01,2.257720e+04,1.262380e+00,2.344370e-03,7.487470e-01
0.0562341,3100,1.032320e+01,3.762730e+01,2.351520e+04,1.264520e+00,2.282090e-03,7.507650e-01
0.0562341,3125,1.013340e+01,3.767310e+01,2.445680e+04,1.265840e+00,2.222230e-03,7.526680e-01
0.0562341,3150,9.950920e+00,3.752960e+01,2.539720e+04,1.266390e+00,2.164880e-03,7.544500e-01
0.0562341,3175,9.776210e+00,3.721420e+01,2.633190e+04,1.266220e+00,2.110130e-03,7.561100e-01
0.0562341,3200,9.609680e+00,3.674710e+01,2.725670e+04,1.265400e+00,2.057980e-03,7.576520e-01
0.0562341,3225,9.451550e+00,3.614960e+01,2.816820e+04,1.264030e+00,2.008420e-03,7.590810e-01
0.0562341,3250,9.301860e+00,3.544440e+01,2.906330e+04,1.262170e+00,1.961410e-03,7.604110e-01
0.0562341,3275,9.160560e+00,3.465410e+01,2.993970e+04,1.259910e+00,1.916870e-03,7.616530e-01
0.0562341,3300,9.027470e+00,3.380120e+01,3.079550e+04,1.257320e+00,1.874710e-03,7.628260e-01
0.0562341,3325,8.902350e+00,3.290770e+01,3.162940e+04,1.254480e+00,1.834830e-03,7.639470e-01
0.0562341,3350,8.784870e+00,3.199450e+01,3.244070e+04,1.251460e+00,1.797100e-03,7.650370e-01
0.0562341,3375,8.674650e+00,3.108120e+01,3.322910e+04,1.248300e+00,1.761410e-03,7.661120e-01
0.0562341,3400,8.571280e+00,3.018560e+01,3.399490e+04,1.245090e+00,1.727620e-03,7.671910e-01
0.0562341,3425,8.474310e+00,2.932380e+01,3.473870e+04,1.241850e+00,1.695610e-03,7.682910e-01
0.0562341,3450,8.383280e+00,2.850940e+01,3.546150e+04,1.238640e+00,1.665240e-03,7.694260e-01
0.0562341,3475,8.297720e+00,2.775410e+01,3.616460e+04,1.235490e+00,1.636390e-03,7.706070e-01
0.0562341,3500,8.217160e+00,2.706680e+01,3.684970e+04,1.232430e+00,1.608930e-03,7.718450e-01
0.0562341,3525,8.141140e+00,2.645400e+01,3.751860e+04,1.229490e+00,1.582730e-03,7.731480e-01
0.0562341,3550,8.069200e+00,2.592010e+01,3.817310e+04,1.226690e+00,1.557700e-03,7.745220e-01
0.0562341,3575,8.000920e+00,2.546660e+01,3.881530e+04,1.224040e+00,1.533720e-03,7.759720e-01
0.0562341,3600,7.935890e+00,2.509310e+01,3.944710e+04,1.221570e+00,1.510690e-03,7.775000e-01
0.0562341,3625,7.873730e+00,2.479690e+01,4.007060e+04,1.219290e+00,1.488520e-03,7.791090e-01
0.0562341,3650,7.814090e+00,2.457340e+01,4.068760e+04,1.217210e+00,1.467130e-03,7.808010e-01
0.0562341,3675,7.756660e+00,2.441590e+01,4.129980e+04,1.215340e+00,1.446440e-03,7.825750e-01
0.0562341,3700,7.701170e+00,2.431610e+01,4.190880e+04,1.213690e+00,1.426380e-03,7.844330e-01
0.0562341,3725,7.647350e+00,2.426420e+01,4.251600e+04,1.212260e+00,1.406910e-03,7.863760e-01
0.0562341,3750,7.595020e+00,2.424860e+01,4.312230e+04,1.211060e+00,1.387970e-03,7.884040e-01
0.0562341,3775,7.544010e+00,2.425690e+01,4.372860e+04,1.210090e+00,1.369520e-03,7.905190e-01
0.0562341,3800,7.494190e+00,2.427530e+01,4.433530e+04,1.209330e+00,1.351520e-03,7.927210e-01
0.0562341,3825,7.445460e+00,2.428930e+01,4.494240e+04,1.208780e+00,1.333960e-03,7.950140e-01
0.0562341,3850,7.397790e+00,2.428370e+01,4.554960e+04,1.208430e+00,1.316810e-03,7.973990e-01
0.0562341,3875,7.351140e+00,2.424330e+01,4.615620e+04,1.208250e+00,1.300070e-03,7.998790e-01
0.0562341,3900,7.305550e+00,2.415330e+01,4.676130e+04,1.208230e+00,1.283720e-03,8.024580e-01
0.0562341,3925,7.261060e+00,2.399960e+01,4.736340e+04,1.208360e+00,1.267780e-03,8.051370e-01
0.0562341,3950,7.217740e+00,2.376960e+01,4.796070e+04,1.208620e+00,1.252240e-03,8.079190e-01
0.0562341,3975,7.175700e+00,2.345300e+01,4.855110e+04,1.209000e+00,1.237110e-03,8.108080e-01
0.0562341,4000,7.135030e+00,2.304230e+01,4.913250e+04,1.209510e+00,1.222410e-03,8.138040e-01
0.1,200,3.094510e+01,1.144150e+00,-4.836910e+03,1.306900e+00,1.885580e-01,8.791870e-02
0.1,225,3.094510e+01,1.185780e+00,-4.807790e+03,1.292970e+00,1.676070e-01,9.757770e-02
0.1,250,3.094510e+01,1.232780e+00,-4.777570e+03,1.278690e+00,1.508460e-01,1.071520e-01
0.1,275,3.094510e+01,1.284870e+00,-4.746110e+03,1.264410e+00,1.371330e-01,1.166360e-01
0.1,300,3.094510e+01,1.341100e+00,-4.713300e+03,1.250550e+00,1.257050e-01,1.260210e-01
0.1,325,3.094500e+01,1.400690e+00,-4.679030e+03,1.237390e+00,1.160350e-01,1.356830e-01
0.1,350,3.094470e+01,1.464120e+00,-4.643230e+03,1.224920e+00,1.077460e-01,1.453040e-01
0.1,375,3.094330e+01,1.535220e+00,-4.605760e+03,1.212780e+00,1.005580e-01,1.548790e-01
0.1,400,3.093840e+01,1.625350e+00,-4.566310e+03,1.200110e+00,9.425820e-02,1.644100e-01
0.1,425,3.092380e+01,1.760230e+00,-4.524130e+03,1.185670e+00,8.867180e-02,1.739090e-01
0.1,450,3.088580e+01,1.989350e+00,-4.477530e+03,1.168670e+00,8.364280e-02,1.834040e-01
0.1,475,3.079780e+01,2.395610e+00,-4.423200e+03,1.150270e+00,7.901470e-02,1.929580e-01
0.1,500,3.061350e+01,3.098820e+00,-4.355280e+03,1.134290e+00,7.461470e-02,2.026780e-01
0.1,525,3.026450e+01,4.237470e+00,-4.264610e+03,1.125290e+00,7.025150e-02,2.123430e-01
0.1,550,2.966970e+01,5.897580e+00,-4.139000e+03,1.125810e+00,6.574040e-02,2.224580e-01
0.1,575,2.877200e+01,7.945780e+00,-3.966370e+03,1.134990e+00,6.097960e-02,2.331170e-01
0.1,600,2.760330e+01,9.793360e+00,-3.743240e+03,1.147950e+00,5.606510e-02,2.441670e-01
0.1,625,2.633490e+01,1.043380e+01,-3.486870e+03,1.156810e+00,5.134930e-02,2.549230e-01
0.1,650,2.521840e+01,9.303430e+00,-3.236760e+03,1.156870e+00,4.728100e-02,2.650040e-01
0.1,675,2.441910e+01,7.179020e+00,-3.030140e+03,1.152660e+00,4.408670e-02,2.741390e-01
0.1,700,2.392650e+01,5.344540e+00,-2.875110e+03,1.151370e+00,4.165460e-02,2.824470e-01
0.1,725,2.363290e+01,4.312210e+00,-2.756040e+03,1.152890e+00,3.972470e-02,2.901890e-01
0.1,750,2.343670e+01,3.930590e+00,-2.654060e+03,1.153210e+00,3.808170e-02,2.975690e-01
0.1,775,2.327460e+01,3.937610e+00,-2.556300e+03,1.151560e+00,3.659840e-02,3.047000e-01
0.1,800,2.311300e+01,4.160150e+00,-2.455410e+03,1.149400e+00,3.520850e-02,3.116360e-01
0.1,825,2.293450e+01,4.505270e+00,-2.347280e+03,1.147990e+00,3.387790e-02,3.184010e-01
0.1,850,2.273040e+01,4.922260e+00,-2.229550e+03,1.147810e+00,3.258890e-02,3.250080e-01
0.1,875,2.249690e+01,5.378420e+00,-2.100840e+03,1.148950e+00,3.133270e-02,3.314650e-01
0.1,900,2.223370e+01,5.847310e+00,-1.960520e+03,1.151250e+00,3.010590e-02,3.377770e-01
0.1,925,2.194280e+01,6.303970e+00,-1.808580e+03,1.154470e+00,2.890900e-02,3.439530e-01
0.1,950,2.162860e+01,6.723710e+00,-1.645630e+03,1.158290e+00,2.774510e-02,3.500020e-01
0.1,975,2.129710e+01,7.083060e+00,-1.472900e+03,1.162410e+00,2.661930e-02,3.559380e-01
0.1,1000,2.095550e+01,7.361910e+00,-1.292150e+03,1.166490e+00,2.553750e-02,3.617770e-01
0.1,1025,2.061150e+01,7.546100e+00,-1.105600e+03,1.170250e+00,2.450570e-02,3.673120e-01
0.1,1050,2.027280e+01,7.630610e+00,-9.156810e+02,1.173440e+00,2.352920e-02,3.727790e-01
0.1,1075,1.994620e+01,7.620960e+00,-7.248530e+02,1.175880e+00,2.261170e-02,3.781980e-01
0.1,1100,1.963700e+01,7.534040e+00,-5.352800e+02,1.177440e+00,2.175530e-02,3.835890e-01
0.1,1125,1.934880e+01,7.397340e+00,-3.485690e+02,1.178000e+00,2.095960e-02,3.889740e-01
0.1,1150,1.908310e+01,7.247110e+00,-1.655270e+02,1.177480e+00,2.022240e-02,3.943690e-01
0.1,1175,1.883950e+01,7.126230e+00,1.403020e+01,1.175750e+00,1.953950e-02,3.997920e-01
0.1,1200,1.861590e+01,7.082530e+00,1.914260e+02,1.172710e+00,1.890530e-02,4.052590e-01
0.1,1225,1.840800e+01,7.168280e+00,3.692340e+02,1.168340e+00,1.831270e-02,4.107850e-01
0.1,1250,1.821050e+01,7.440850e+00,5.513950e+02,1.162840e+00,1.775390e-02,4.163870e-01
0.1,1275,1.801620e+01,7.964260e+00,7.433650e+02,1.156760e+00,1.722010e-02,4.220870e-01
0.1,1300,1.781680e+01,8.810470e+00,9.522970e+02,1.150980e+00,1.670200e-02,4.279080e-01
0.1,1325,1.760260e+01,1.005730e+01,1.187230e+03,1.146580e+00,1.618980e-02,4.338760e-01
0.1,1350,1.736300e+01,1.177620e+01,1.459110e+03,1.144600e+00,1.567380e-02,4.400180e-01
0.1,1375,1.708770e+01,1.399470e+01,1.780230e+03,1.145720e+00,1.514480e-02,4.463540e-01
0.1,1400,1.676890e+01,1.660560e+01,2.162190e+03,1.149940e+00,1.459680e-02,4.528830e-01
0.1,1425,1.640610e+01,1.919650e+01,2.610500e+03,1.156100e+00,1.403050e-02,4.595630e-01
0.1,1450,1.601420e+01,2.086760e+01,3.114470e+03,1.161430e+00,1.345920e-02,4.662890e-01
0.1,1475,1.562850e+01,2.041710e+01,3.636000e+03,1.162340e+00,1.291240e-02,4.728950e-01
0.1,1500,1.529680e+01,1.738320e+01,4.113230e+03,1.158000e+00,1.242770e-02,4.792140e-01
0.1,1525,1.505250e+01,1.300060e+01,4.493730e+03,1.153600e+00,1.202880e-02,4.851750e-01
0.1,1550,1.489530e+01,9.114910e+00,4.767780e+03,1.156220e+00,1.171110e-02,4.908250e-01
0.1,1575,1.480170e+01,6.521270e+00,4.960530e+03,1.167560e+00,1.145280e-02,4.962650e-01
0.1,1600,1.474700e+01,5.030790e+00,5.103080e+03,1.183140e+00,1.123220e-02,5.015780e-01
0.1,1625,1.471410e+01,4.224420e+00,5.217730e+03,1.197330e+00,1.103470e-02,5.068160e-01
0.1,1650,1.469330e+01,3.792130e+00,5.317380e+03,1.207460e+00,1.085220e-02,5.120070e-01
0.1,1675,1.467930e+01,3.556900e+00,5.408950e+03,1.213660e+00,1.068000e-02,5.171650e-01
0.1,1700,1.466930e+01,3.426410e+00,5.496090e+03,1.217040e+00,1.051580e-02,5.222950e-01
0.1,1725,1.466180e+01,3.353680e+00,5.580750e+03,1.218610e+00,1.035810e-02,5.274030e-01
0.1,1750,1.465590e+01,3.314680e+00,5.664050e+03,1.219050e+00,1.020600e-02,5.324900e-01
0.1,1775,1.465100e+01,3.296800e+00,5.746660e+03,1.218780e+00,1.005890e-02,5.375580e-01
0.1,1800,1.464680e+01,3.293320e+00,5.829010e+03,1.218020e+00,9.916330e-03,5.426070e-01
0.1,1825,1.464290e+01,3.300520e+00,5.911410e+03,1.216910e+00,9.777940e-03,5.476370e-01
0.1,1850,1.463930e+01,3.316360e+00,5.994110e+03,1.215520e+00,9.643420e-03,5.526510e-01
0.1,1875,1.463580e+01,3.339720e+00,6.077290e+03,1.213910e+00,9.512530e-03,5.576480e-01
0.1,1900,1.463210e+01,3.370070e+00,6.161150e+03,1.212090e+00,9.385040e-03,5.626290e-01
0.1,1925,1.462830e+01,3.407200e+00,6.245850e+03,1.210100e+00,9.260750e-03,5.675950e-01
0.1,1950,1.462420e+01,3.451190e+00,6.331570e+03,1.207950e+00,9.139470e-03,5.725450e-01
0.1,1975,1.461980e+01,3.502260e+00,6.418470e+03,1.205640e+00,9.021020e-03,5.774800e-01
0.1,2000,1.461480e+01,3.560790e+00,6.506740e+03,1.203190e+00,8.905230e-03,5.824010e-01
0.1,2025,1.460920e+01,3.627250e+00,6.596580e+03,1.200610e+00,8.791940e-03,5.871690e-01
0.1,2050,1.460300e+01,3.702230e+00,6.688180e+03,1.197910e+00,8.681010e-03,5.919190e-01
0.1,2075,1.459590e+01,3.786380e+00,6.781770e+03,1.195110e+00,8.572270e-03,5.966540e-01
0.1,2100,1.458800e+01,3.880460e+00,6.877580e+03,1.192230e+00,8.465600e-03,6.013730e-01
0.1,2125,1.457900e+01,3.985280e+00,6.975880e+03,1.189280e+00,8.360840e-03,6.060770e-01
0.1,2150,1.456880e+01,4.101740e+00,7.076940e+03,1.186300e+00,8.257860e-03,6.107650e-01
0.1,2175,1.455730e+01,4.230820e+00,7.181070e+03,1.183290e+00,8.156510e-03,6.154380e-01
0.1,2200,1.454440e+01,4.373610e+00,7.288600e+03,1.180300e+00,8.056660e-03,6.200960e-01
0.1,2225,1.452990e+01,4.531240e+00,7.399870e+03,1.177340e+00,7.958180e-03,6.247380e-01
0.1,2250,1.451360e+01,4.704990e+00,7.515290e+03,1.174440e+00,7.860930e-03,6.293650e-01
0.1,2275,1.449530e+01,4.896230e+00,7.635270e+03,1.171630e+00,7.764780e-03,6.339760e-01
0.1,2300,1.447500e+01,5.106460e+00,7.760260e+03,1.168930e+00,7.669580e-03,6.385710e-01
0.1,2325,1.445230e+01,5.337310e+00,7.890760e+03,1.166380e+00,7.575210e-03,6.431490e-01
0.1,2350,1.442700e+01,5.590580e+00,8.027310e+03,1.164000e+00,7.481520e-03,6.477100e-01
0.1,2375,1.439890e+01,5.868260e+00,8.170500e+03,1.161820e+00,7.388380e-03,6.522510e-01
0.1,2400,1.436790e+01,6.172550e+00,8.320950e+03,1.159860e+00,7.295640e-03,6.567710e-01
0.1,2425,1.433350e+01,6.505870e+00,8.479370e+03,1.158150e+00,7.203170e-03,6.612700e-01
0.1,2450,1.429560e+01,6.870940e+00,8.646510e+03,1.156710e+00,7.110820e-03,6.657430e-01
0.1,2475,1.425390e+01,7.270780e+00,8.823200e+03,1.155560e+00,7.018430e-03,6.701890e-01
0.1,2500,1.420800e+01,7.708740e+00,9.010360e+03,1.154720e+00,6.925870e-03,6.746050e-01
0.1,2525,1.415760e+01,8.188550e+00,9.208990e+03,1.154230e+00,6.832960e-03,6.789860e-01
0.1,2550,1.410230e+01,8.714350e+00,9.420170e+03,1.154090e+00,6.739570e-03,6.833280e-01
0.1,2575,1.404180e+01,9.290650e+00,9.645130e+03,1.154350e+00,6.645510e-03,6.876270e-01
0.1,2600,1.397570e+01,9.922360e+00,9.885170e+03,1.155020e+00,6.550620e-03,6.918750e-01
0.1,2625,1.390360e+01,1.061470e+01,1.014170e+04,1.156130e+00,6.454740e-03,6.960680e-01
0.1,2650,1.382500e+01,1.137310e+01,1.041650e+04,1.157710e+00,6.357700e-03,7.001970e-01
0.1,2675,1.373940e+01,1.220300e+01,1.071100e+04,1.159790e+00,6.259320e-03,7.042550e-01
0.1,2700,1.364660e+01,1.310940e+01,1.102720e+04,1.162400e+00,6.159450e-03,7.082350e-01
0.1,2725,1.354590e+01,1.409690e+01,1.136710e+04,1.165550e+00,6.057920e-03,7.121290e-01
0.1,2750,1.343700e+01,1.516870e+01,1.173280e+04,1.169270e+00,5.954610e-03,7.159280e-01
0.1,2775,1.331960e+01,1.632610e+01,1.212630e+04,1.173560e+00,5.849390e-03,7.196270e-01
0.1,2800,1.319330e+01,1.756790e+01,1.254980e+04,1.178430e+00,5.742210e-03,7.232180e-01
0.1,2825,1.305800e+01,1.888960e+01,1.300540e+04,1.183860e+00,5.633020e-03,7.266970e-01
0.1,2850,1.291360e+01,2.028270e+01,1.349490e+04,1.189800e+00,5.521860e-03,7.300620e-01
0.1,2875,1.276030e+01,2.173420e+01,1.402000e+04,1.196190e+00,5.408840e-03,7.333130e-01
0.1,2900,1.259820e+01,2.322680e+01,1.458190e+04,1.202940e+00,5.294120e-03,7.364520e-01
0.1,2925,1.242810e+01,2.473850e+01,1.518150e+04,1.209960e+00,5.177980e-03,7.394840e-01
0.1,2950,1.225050e+01,2.624400e+01,1.581880e+04,1.217100e+00,5.060750e-03,7.424130e-01
0.1,2975,1.206660e+01,2.771560e+01,1.649340e+04,1.224230e+00,4.942860e-03,7.452490e-01
0.1,3000,1.187730e+01,2.912470e+01,1.720410e+04,1.231210e+00,4.824780e-03,7.479970e-01
0.1,3025,1.168400e+01,3.044340e+01,1.794890e+04,1.237880e+00,4.707030e-03,7.506640e-01
0.1,3050,1.148800e+01,3.164620e+01,1.872530e+04,1.244130e+00,4.590160e-03,7.532550e-01
0.1,3075,1.129090e+01,3.271160e+01,1.953000e+04,1.249840e+00,4.474710e-03,7.557710e-01
0.1,3100,1.109390e+01,3.362250e+01,2.035960e+04,1.254910e+00,4.361190e-03,7.582110e-01
0.1,3125,1.089850e+01,3.436760e+01,2.120980e+04,1.259290e+00,4.250090e-03,7.605710e-01
0.1,3150,1.070580e+01,3.494080e+01,2.207650e+04,1.262930e+00,4.141820e-03,7.628460e-01
0.1,3175,1.051700e+01,3.534120e+01,2.295540e+04,1.265830e+00,4.036750e-03,7.650270e-01
0.1,3200,1.033310e+01,3.557260e+01,2.384220e+04,1.268000e+00,3.935150e-03,7.671080e-01
0.1,3225,1.015470e+01,3.564250e+01,2.473270e+04,1.269450e+00,3.837250e-03,7.690820e-01
0.1,3250,9.982570e+00,3.556180e+01,2.562300e+04,1.270220e+00,3.743180e-03,7.709440e-01
0.1,3275,9.817120e+00,3.534350e+01,2.650960e+04,1.270380e+00,3.653040e-03,7.726920e-01
0.1,3300,9.658680e+00,3.500240e+01,2.738920e+04,1.269960e+00,3.566860e-03,7.743290e-01
0.1,3325,9.507440e+00,3.455450e+01,2.825880e+04,1.269030e+00,3.484610e-03,7.758580e-01
0.1,3350,9.363480e+00,3.401620e+01,2.911610e+04,1.267660e+00,3.406230e-03,7.772880e-01
0.1,3375,9.226770e+00,3.340450e+01,2.995900e+04,1.265890e+00,3.331640e-03,7.786310e-01
0.1,3400,9.097210e+00,3.273610e+01,3.078590e+04,1.263810e+00,3.260700e-03,7.798980e-01
0.1,3425,8.974630e+00,3.202740e+01,3.159550e+04,1.261460e+00,3.193290e-03,7.811060e-01
0.1,3450,8.858780e+00,3.129440e+01,3.238710e+04,1.258900e+00,3.129230e-03,7.822710e-01
0.1,3475,8.749400e+00,3.055210e+01,3.316020e+04,1.256180e+00,3.068350e-03,7.834080e-01
0.1,3500,8.646160e+00,2.981450e+01,3.391470e+04,1.253360e+00,3.010490e-03,7.845330e-01
0.1,3525,8.548720e+00,2.909430e+01,3.465100e+04,1.250480e+00,2.955450e-03,7.856630e-01
0.1,3550,8.456720e+00,2.840300e+01,3.536970e+04,1.247580e+00,2.903060e-03,7.868100e-01
0.1,3575,8.369790e+00,2.775000e+01,3.607150e+04,1.244690e+00,2.853120e-03,7.879870e-01
0.1,3600,8.287550e+00,2.714350e+01,3.675760e+04,1.241850e+00,2.805470e-03,7.892060e-01
0.1,3625,8.209630e+00,2.658970e+01,3.742910e+04,1.239080e+00,2.759930e-03,7.904750e-01
0.1,3650,8.135650e+00,2.609280e+01,3.808750e+04,1.236410e+00,2.716320e-03,7.918030e-01
0.1,3675,8.065260e+00,2.565550e+01,3.873420e+04,1.233870e+00,2.674500e-03,7.931960e-01
0.1,3700,7.998110e+00,2.527860e+01,3.937080e+04,1.231460e+00,2.634310e-03,7.946590e-01
0.1,3725,7.933890e+00,2.496090e+01,3.999870e+04,1.229210e+00,2.595620e-03,7.961970e-01
0.1,3750,7.872280e+00,2.469990e+01,4.061930e+04,1.227130e+00,2.558300e-03,7.978120e-01
0.1,3775,7.813030e+00,2.449120e+01,4.123410e+04,1.225230e+00,2.522230e-03,7.995070e-01
0.1,3800,7.755870e+00,2.432940e+01,4.184430e+04,1.223520e+00,2.487300e-03,8.012850e-01
0.1,3825,7.700580e+00,2.420710e+01,4.245090e+04,1.222000e+00,2.453430e-03,8.031470e-01
0.1,3850,7.646980e+00,2.411630e+01,4.305490e+04,1.220690e+00,2.420530e-03,8.050950e-01
0.1,3875,7.594900e+00,2.404750e+01,4.365690e+04,1.219570e+00,2.388540e-03,8.071320e-01
0.1,3900,7.544220e+00,2.399050e+01,4.425740e+04,1.218650e+00,2.357390e-03,8.092600e-01
0.1,3925,7.494830e+00,2.393420e+01,4.485640e+04,1.217920e+00,2.327040e-03,8.114790e-01
0.1,3950,7.446660e+00,2.386730e+01,4.545400e+04,1.217370e+00,2.297450e-03,8.137940e-01
0.1,3975,7.399670e+00,2.377790e+01,4.604960e+04,1.216990e+00,2.268600e-03,8.162060e-01
0.1,4000,7.353860e+00,2.365460e+01,4.664260e+04,1.216770e+00,2.240460e-03,8.187170e-01
0.177828,200,3.094510e+01,1.144150e+00,-4.836910e+03,1.306900e+00,3.353080e-01,8.791870e-02
0.177828,225,3.094510e+01,1.185780e+00,-4.807790e+03,1.292970e+00,2.980520e-01,9.757770e-02
0.177828,250,3.094510e+01,1.232780e+00,-4.777570e+03,1.278690e+00,2.682470e-01,1.071520e-01
0.177828,275,3.094510e+01,1.284870e+00,-4.746110e+03,1.264410e+00,2.438600e-01,1.166360e-01
0.177828,300,3.094510e+01,1.341070e+00,-4.713300e+03,1.250550e+00,2.235390e-01,1.260210e-01
0.177828,325,3.094510e+01,1.400510e+00,-4.679030e+03,1.237420e+00,2.063430e-01,1.356830e-01
0.177828,350,3.094480e+01,1.463240e+00,-4.643240e+03,1.225050e+00,1.916030e-01,1.453030e-01
0.177828,375,3.094380e+01,1.531800e+00,-4.605820e+03,1.213180e+00,1.788230e-01,1.548780e-01
0.177828,400,3.094020e+01,1.614280e+00,-4.566540e+03,1.201190e+00,1.676270e-01,1.644060e-01
0.177828,425,3.092960e+01,1.729230e+00,-4.524840e+03,1.188070e+00,1.577130e-01,1.738960e-01
0.177828,450,3.090200e+01,1.912670e+00,-4.479520e+03,1.172960e+00,1.488180e-01,1.833680e-01
0.177828,475,3.083770e+01,2.225620e+00,-4.428140e+03,1.156190e+00,1.406930e-01,1.928670e-01
0.177828,500,3.070250e+01,2.758630e+00,-4.366410e+03,1.140230e+00,1.330720e-01,2.024720e-01
0.177828,525,3.044340e+01,3.624630e+00,-4.287430e+03,1.128970e+00,1.256650e-01,2.119290e-01
0.177828,550,2.999200e+01,4.923010e+00,-4.181550e+03,1.125570e+00,1.181750e-01,2.217190e-01
0.177828,575,2.928350e+01,6.646850e+00,-4.037660e+03,1.130760e+00,1.103670e-01,2.319650e-01
0.177828,600,2.829950e+01,8.518080e+00,-3.847850e+03,1.142160e+00,1.022140e-01,2.426540e-01
0.177828,625,2.712130e+01,9.858270e+00,-3.616120e+03,1.154060e+00,9.404010e-02,2.533050e-01
0.177828,650,2.593930e+01,9.866360e+00,-3.366250e+03,1.159790e+00,8.648230e-02,2.636290e-01
0.177828,675,2.496110e+01,8.450750e+00,-3.135010e+03,1.157880e+00,8.013860e-02,2.731990e-01
0.177828,700,2.428170e+01,6.522250e+00,-2.947980e+03,1.153970e+00,7.517320e-02,2.819110e-01
0.177828,725,2.385910e+01,5.023930e+00,-2.805080e+03,1.153020e+00,7.131790e-02,2.899300e-01
0.177828,750,2.359620e+01,4.213940e+00,-2.690930e+03,1.153770e+00,6.818100e-02,2.974800e-01
0.177828,775,2.341100e+01,3.927590e+00,-2.590020e+03,1.153390e+00,6.546370e-02,3.047180e-01
0.177828,800,2.325290e+01,3.956910e+00,-2.491950e+03,1.151690e+00,6.298960e-02,3.117330e-01
0.177828,825,2.309420e+01,4.165880e+00,-2.390690e+03,1.149880e+00,6.066410e-02,3.185680e-01
0.177828,850,2.292060e+01,4.478860e+00,-2.282790e+03,1.148830e+00,5.843700e-02,3.252460e-01
0.177828,875,2.272440e+01,4.852870e+00,-2.166240e+03,1.148910e+00,5.628150e-02,3.317770e-01
0.177828,900,2.250240e+01,5.259750e+00,-2.039880e+03,1.150150e+00,5.418380e-02,3.381690e-01
0.177828,925,2.225440e+01,5.677110e+00,-1.903170e+03,1.152420e+00,5.213810e-02,3.444300e-01
0.177828,950,2.198190e+01,6.084480e+00,-1.756110e+03,1.155510e+00,5.014440e-02,3.505660e-01
0.177828,975,2.168840e+01,6.462230e+00,-1.599190e+03,1.159160e+00,4.820650e-02,3.565870e-01
0.177828,1000,2.137900e+01,6.792000e+00,-1.433390e+03,1.163090e+00,4.633070e-02,3.625050e-01
0.177828,1025,2.105940e+01,7.058000e+00,-1.260120e+03,1.167050e+00,4.452500e-02,3.681100e-01
0.177828,1050,2.073600e+01,7.249250e+00,-1.081120e+03,1.170760e+00,4.279740e-02,3.736310e-01
0.177828,1075,2.041520e+01,7.361080e+00,-8.983250e+02,1.174000e+00,4.115540e-02,3.790840e-01
0.177828,1100,2.010260e+01,7.396780e+00,-7.137030e+02,1.176580e+00,3.960430e-02,3.844880e-01
0.177828,1125,1.980320e+01,7.368430e+00,-5.290230e+02,1.178360e+00,3.814730e-02,3.898610e-01
0.177828,1150,1.952020e+01,7.296780e+00,-3.456440e+02,1.179200e+00,3.678470e-02,3.952210e-01
0.177828,1175,1.925550e+01,7.210360e+00,-1.643090e+02,1.179010e+00,3.551390e-02,4.005850e-01
0.177828,1200,1.900920e+01,7.144270e+00,1.504160e+01,1.177670e+00,3.432930e-02,4.059680e-01
0.177828,1225,1.877990e+01,7.139010e+00,1.934100e+02,1.175110e+00,3.322310e-02,4.113860e-01
0.177828,1250,1.856470e+01,7.239920e+00,3.728750e+02,1.171330e+00,3.218540e-02,4.168560e-01
0.177828,1275,1.835890e+01,7.497290e+00,5.567090e+02,1.166510e+00,3.120460e-02,4.223920e-01
0.177828,1300,1.815690e+01,7.967100e+00,7.495080e+02,1.161100e+00,3.026770e-02,4.280160e-01
0.177828,1325,1.795140e+01,8.711480e+00,9.573500e+02,1.155820e+00,2.936050e-02,4.337460e-01
0.177828,1350,1.773420e+01,9.796950e+00,1.187930e+03,1.151600e+00,2.846810e-02,4.396080e-01
0.177828,1375,1.749610e+01,1.128560e+01,1.450560e+03,1.149350e+00,2.757530e-02,4.456250e-01
0.177828,1400,1.722800e+01,1.320910e+01,1.755850e+03,1.149780e+00,2.666780e-02,4.518140e-01
0.177828,1425,1.692220e+01,1.550760e+01,2.114200e+03,1.153070e+00,2.573500e-02,4.581790e-01
0.177828,1450,1.657670e+01,1.791150e+01,2.532220e+03,1.158540e+00,2.477490e-02,4.646950e-01
0.177828,1475,1.619990e+01,1.979180e+01,3.005530e+03,1.164180e+00,2.380140e-02,4.712860e-01
0.177828,1500,1.581710e+01,2.017560e+01,3.509290e+03,1.166880e+00,2.285160e-02,4.778230e-01
0.177828,1525,1.546780e+01,1.832480e+01,3.995320e+03,1.164560e+00,2.198070e-02,4.841560e-01
0.177828,1550,1.518930e+01,1.468950e+01,4.410300e+03,1.159520e+00,2.123670e-02,4.901810e-01
0.177828,1575,1.499470e+01,1.078000e+01,4.727640e+03,1.157920e+00,2.063180e-02,4.958990e-01
0.177828,1600,1.487090e+01,7.767300e+00,4.957090e+03,1.163870e+00,2.014180e-02,5.013830e-01
0.177828,1625,1.479520e+01,5.854220e+00,5.125300e+03,1.175970e+00,1.973110e-02,5.067150e-01
0.177828,1650,1.474870e+01,4.748720e+00,5.256530e+03,1.189540e+00,1.937090e-02,5.119540e-01
0.177828,1675,1.471890e+01,4.129340e+00,5.366760e+03,1.200820e+00,1.904330e-02,5.171360e-01
0.177828,1700,1.469900e+01,3.780850e+00,5.465220e+03,1.208610e+00,1.873780e-02,5.222800e-01
0.177828,1725,1.468480e+01,3.580990e+00,5.557020e+03,1.213370e+00,1.844850e-02,5.273940e-01
0.177828,1750,1.467430e+01,3.464210e+00,5.644960e+03,1.215990e+00,1.817200e-02,5.324850e-01
0.177828,1775,1.466620e+01,3.395770e+00,5.730630e+03,1.217200e+00,1.790610e-02,5.375540e-01
0.177828,1800,1.465970e+01,3.357050e+00,5.814990e+03,1.217500e+00,1.764950e-02,5.426040e-01
0.177828,1825,1.465410e+01,3.337870e+00,5.898650e+03,1.217180e+00,1.740120e-02,5.476350e-01
0.177828,1850,1.464940e+01,3.332490e+00,5.982000e+03,1.216450e+00,1.716050e-02,5.526500e-01
0.177828,1875,1.464500e+01,3.337600e+00,6.065360e+03,1.215390e+00,1.692660e-02,5.576470e-01
0.177828,1900,1.464100e+01,3.351300e+00,6.148950e+03,1.214080e+00,1.669930e-02,5.626280e-01
0.177828,1925,1.463700e+01,3.372470e+00,6.232980e+03,1.212570e+00,1.647800e-02,5.675930e-01
0.177828,1950,1.463300e+01,3.400530e+00,6.317630e+03,1.210870e+00,1.626230e-02,5.725440e-01
0.177828,1975,1.462890e+01,3.435200e+00,6.403070e+03,1.209010e+00,1.605190e-02,5.774790e-01
0.177828,2000,1.462460e+01,3.476440e+00,6.489450e+03,1.207010e+00,1.584650e-02,5.824010e-01
0.177828,2025,1.461990e+01,3.524390e+00,6.576940e+03,1.204870e+00,1.564590e-02,5.871680e-01
0.177828,2050,1.461470e+01,3.579290e+00,6.665720e+03,1.202600e+00,1.544970e-02,5.919190e-01
0.177828,2075,1.460910e+01,3.641510e+00,6.755970e+03,1.200220e+00,1.525760e-02,5.966540e-01
0.177828,2100,1.460280e+01,3.711500e+00,6.847860e+03,1.197750e+00,1.506950e-02,6.013740e-01
0.177828,2125,1.459570e+01,3.789780e+00,6.941610e+03,1.195180e+00,1.488500e-02,6.060780e-01
0.177828,2150,1.458790e+01,3.876950e+00,7.037430e+03,1.192550e+00,1.470400e-02,6.107670e-01
0.177828,2175,1.457910e+01,3.973660e+00,7.135540e+03,1.189860e+00,1.452620e-02,6.154410e-01
0.177828,2200,1.456920e+01,4.080640e+00,7.236200e+03,1.187140e+00,1.435140e-02,6.201010e-01
0.177828,2225,1.455810e+01,4.198700e+00,7.339660e+03,1.184400e+00,1.417940e-02,6.247450e-01
0.177828,2250,1.454580e+01,4.328690e+00,7.446230e+03,1.181670e+00,1.400990e-02,6.293760e-01
0.177828,2275,1.453200e+01,4.471560e+00,7.556210e+03,1.178960e+00,1.384280e-02,6.339910e-01
0.177828,2300,1.451660e+01,4.628330e+00,7.669920e+03,1.176310e+00,1.367790e-02,6.385920e-01
0.177828,2325,1.449940e+01,4.800090e+00,7.787750e+03,1.173730e+00,1.351480e-02,6.431770e-01
0.177828,2350,1.448040e+01,4.988050e+00,7.910060e+03,1.171240e+00,1.335350e-02,6.477470e-01
0.177828,2375,1.445930e+01,5.193520e+00,8.037300e+03,1.168880e+00,1.319370e-02,6.523010e-01
0.177828,2400,1.443590e+01,5.417920e+00,8.169900e+03,1.166660e+00,1.303510e-02,6.568380e-01
0.177828,2425,1.441010e+01,5.662830e+00,8.308360e+03,1.164600e+00,1.287770e-02,6.613560e-01
0.177828,2450,1.438160e+01,5.929960e+00,8.453220e+03,1.162730e+00,1.272110e-02,6.658560e-01
0.177828,2475,1.435030e+01,6.221200e+00,8.605060e+03,1.161070e+00,1.256510e-02,6.703350e-01
0.177828,2500,1.431590e+01,6.538640e+00,8.764500e+03,1.159640e+00,1.240960e-02,6.747910e-01
0.177828,2525,1.427810e+01,6.884600e+00,8.932230e+03,1.158460e+00,1.225430e-02,6.792220e-01
0.177828,2550,1.423670e+01,7.261610e+00,9.108990e+03,1.157550e+00,1.209900e-02,6.836260e-01
0.177828,2575,1.419140e+01,7.672480e+00,9.295590e+03,1.156930e+00,1.194350e-02,6.879980e-01
0.177828,2600,1.414200e+01,8.120310e+00,9.492920e+03,1.156620e+00,1.178740e-02,6.923370e-01
0.177828,2625,1.408810e+01,8.608460e+00,9.701950e+03,1.156640e+00,1.163070e-02,6.966360e-01
0.177828,2650,1.402940e+01,9.140570e+00,9.923710e+03,1.157020e+00,1.147290e-02,7.008930e-01
0.177828,2675,1.396560e+01,9.720530e+00,1.015940e+04,1.157770e+00,1.131400e-02,7.051010e-01
0.177828,2700,1.389620e+01,1.035240e+01,1.041020e+04,1.158920e+00,1.115360e-02,7.092550e-01
0.177828,2725,1.382110e+01,1.104030e+01,1.067750e+04,1.160500e+00,1.099150e-02,7.133490e-01
0.177828,2750,1.373970e+01,1.178840e+01,1.096270e+04,1.162530e+00,1.082750e-02,7.173760e-01
0.177828,2775,1.365180e+01,1.260030e+01,1.126740e+04,1.165020e+00,1.066130e-02,7.213300e-01
0.177828,2800,1.355690e+01,1.347930e+01,1.159330e+04,1.168000e+00,1.049260e-02,7.252030e-01
0.177828,2825,1.345470e+01,1.442760e+01,1.194200e+04,1.171490e+00,1.032140e-02,7.289910e-01
0.177828,2850,1.334500e+01,1.544590e+01,1.231520e+04,1.175490e+00,1.014750e-02,7.326860e-01
0.177828,2875,1.322750e+01,1.653310e+01,1.271480e+04,1.180000e+00,9.970640e-03,7.362840e-01
0.177828,2900,1.310210e+01,1.768590e+01,1.314240e+04,1.185010e+00,9.790940e-03,7.397810e-01
0.177828,2925,1.296860e+01,1.889790e+01,1.359960e+04,1.190480e+00,9.608380e-03,7.431750e-01
0.177828,2950,1.282720e+01,2.015970e+01,1.408770e+04,1.196370e+00,9.423090e-03,7.464660e-01
0.177828,2975,1.267810e+01,2.145880e+01,1.460790e+04,1.202610e+00,9.235300e-03,7.496560e-01
0.177828,3000,1.252170e+01,2.277940e+01,1.516090e+04,1.209120e+00,9.045340e-03,7.527480e-01
0.177828,3025,1.235850e+01,2.410320e+01,1.574690e+04,1.215800e+00,8.853670e-03,7.557470e-01
0.177828,3050,1.218930e+01,2.540970e+01,1.636590e+04,1.222540e+00,8.660830e-03,7.586600e-01
0.177828,3075,1.201480e+01,2.667750e+01,1.701710e+04,1.229230e+00,8.467450e-03,7.614920e-01
0.177828,3100,1.183610e+01,2.788530e+01,1.769930e+04,1.235740e+00,8.274240e-03,7.642490e-01
0.177828,3125,1.165420e+01,2.901280e+01,1.841070e+04,1.241970e+00,8.081950e-03,7.669370e-01
0.177828,3150,1.147040e+01,3.004190e+01,1.914910e+04,1.247810e+00,7.891330e-03,7.695590e-01
0.177828,3175,1.128570e+01,3.095760e+01,1.991180e+04,1.253170e+00,7.703130e-03,7.721140e-01
0.177828,3200,1.110130e+01,3.174820e+01,2.069590e+04,1.258000e+00,7.518080e-03,7.746010e-01
0.177828,3225,1.091830e+01,3.240600e+01,2.149810e+04,1.262230e+00,7.336810e-03,7.770170e-01
0.177828,3250,1.073770e+01,3.292720e+01,2.231510e+04,1.265830e+00,7.159920e-03,7.793560e-01
0.177828,3275,1.056030e+01,3.331120e+01,2.314330e+04,1.268800e+00,6.987880e-03,7.816110e-01
0.177828,3300,1.038690e+01,3.356110e+01,2.397950e+04,1.271140e+00,6.821090e-03,7.837740e-01
0.177828,3325,1.021820e+01,3.368210e+01,2.482030e+04,1.272870e+00,6.659860e-03,7.858410e-01
0.177828,3350,1.005470e+01,3.368220e+01,2.566260e+04,1.274000e+00,6.504410e-03,7.878050e-01
0.177828,3375,9.896890e+00,3.357050e+01,2.650350e+04,1.274580e+00,6.354870e-03,7.896650e-01
0.177828,3400,9.744940e+00,3.335770e+01,2.734030e+04,1.274650e+00,6.211300e-03,7.914190e-01
0.177828,3425,9.599110e+00,3.305530e+01,2.817060e+04,1.274250e+00,6.073680e-03,7.930710e-01
0.177828,3450,9.459480e+00,3.267520e+01,2.899240e+04,1.273430e+00,5.941970e-03,7.946260e-01
0.177828,3475,9.326100e+00,3.222960e+01,2.980380e+04,1.272240e+00,5.816040e-03,7.960900e-01
0.177828,3500,9.198900e+00,3.173090e+01,3.060340e+04,1.270720e+00,5.695740e-03,7.974760e-01
0.177828,3525,9.077800e+00,3.119130e+01,3.139000e+04,1.268920e+00,5.580890e-03,7.987930e-01
0.177828,3550,8.962640e+00,3.062270e+01,3.216280e+04,1.266890e+00,5.471290e-03,8.000550e-01
0.177828,3575,8.853220e+00,3.003640e+01,3.292100e+04,1.264670e+00,5.366700e-03,8.012750e-01
0.177828,3600,8.749330e+00,2.944340e+01,3.366450e+04,1.262310e+00,5.266890e-03,8.024690e-01
0.177828,3625,8.650700e+00,2.885380e+01,3.439320e+04,1.259840e+00,5.171610e-03,8.036490e-01
0.177828,3650,8.557080e+00,2.827660e+01,3.510730e+04,1.257300e+00,5.080590e-03,8.048290e-01
0.177828,3675,8.468160e+00,2.772000e+01,3.580720e+04,1.254740e+00,4.993600e-03,8.060210e-01
0.177828,3700,8.383660e+00,2.719110e+01,3.649360e+04,1.252170e+00,4.910370e-03,8.072370e-01
0.177828,3725,8.303280e+00,2.669550e+01,3.716710e+04,1.249630e+00,4.830650e-03,8.084880e-01
0.177828,3750,8.226720e+00,2.623790e+01,3.782870e+04,1.247140e+00,4.754200e-03,8.097820e-01
0.177828,3775,8.153700e+00,2.582120e+01,3.847930e+04,1.244730e+00,4.680790e-03,8.111270e-01
0.177828,3800,8.083920e+00,2.544720e+01,3.912010e+04,1.242420e+00,4.610200e-03,8.125310e-01
0.177828,3825,8.017110e+00,2.511650e+01,3.975200e+04,1.240220e+00,4.542220e-03,8.139990e-01
0.177828,3850,7.953030e+00,2.482810e+01,4.037620e+04,1.238150e+00,4.476660e-03,8.155370e-01
0.177828,3875,7.891420e+00,2.457980e+01,4.099380e+04,1.236230e+00,4.413320e-03,8.171480e-01
0.177828,3900,7.832060e+00,2.436840e+01,4.160550e+04,1.234460e+00,4.352050e-03,8.188380e-01
0.177828,3925,7.774770e+00,2.418930e+01,4.221240e+04,1.232850e+00,4.292690e-03,8.206080e-01
0.177828,3950,7.719340e+00,2.403700e+01,4.281520e+04,1.231420e+00,4.235120e-03,8.224630e-01
0.177828,3975,7.665640e+00,2.390520e+01,4.341450e+04,1.230150e+00,4.179200e-03,8.244050e-01
0.177828,4000,7.613530e+00,2.378640e+01,4.401060e+04,1.229060e+00,4.124850e-03,8.264360e-01
0.316228,200,3.094510e+01,1.144150e+00,-4.836910e+03,1.306900e+00,5.962720e-01,8.791870e-02
0.316228,225,3.094510e+01,1.185780e+00,-4.807790e+03,1.292970e+00,5.300190e-01,9.757770e-02
0.316228,250,3.094510e+01,1.232780e+00,-4.777570e+03,1.278690e+00,4.770170e-01,1.071520e-01
0.316228,275,3.094510e+01,1.284860e+00,-4.746110e+03,1.264410e+00,4.336520e-01,1.166360e-01
0.316228,300,3.094510e+01,1.341050e+00,-4.713300e+03,1.250560e+00,3.975140e-01,1.260210e-01
0.316228,325,3.094510e+01,1.400370e+00,-4.679030e+03,1.237440e+00,3.669360e-01,1.356830e-01
0.316228,350,3.094490e+01,1.462600e+00,-4.643250e+03,1.225130e+00,3.407240e-01,1.453030e-01
0.316228,375,3.094420e+01,1.529320e+00,-4.605870e+03,1.213470e+00,3.180020e-01,1.548770e-01
0.316228,400,3.094160e+01,1.606230e+00,-4.566700e+03,1.201980e+00,2.981010e-01,1.644030e-01
0.316228,425,3.093380e+01,1.706680e+00,-4.525360e+03,1.189880e+00,2.804960e-01,1.738860e-01
0.316228,450,3.091380e+01,1.856820e+00,-4.480960e+03,1.176350e+00,2.647410e-01,1.833410e-01
0.316228,475,3.086690e+01,2.101370e+00,-4.431740e+03,1.161270e+00,2.504270e-01,1.928000e-01
0.316228,500,3.076800e+01,2.507910e+00,-4.374550e+03,1.146010e+00,2.371430e-01,2.023210e-01
0.316228,525,3.057670e+01,3.164980e+00,-4.304260e+03,1.133580e+00,2.244470e-01,2.116210e-01
0.316228,550,3.023820e+01,4.164490e+00,-4.213440e+03,1.127120e+00,2.118730e-01,2.211530e-01
0.316228,575,2.969160e+01,5.552020e+00,-4.092760e+03,1.128350e+00,1.989970e-01,2.310400e-01
0.316228,600,2.889520e+01,7.227370e+00,-3.933360e+03,1.136680e+00,1.855910e-01,2.413410e-01
0.316228,625,2.786800e+01,8.814630e+00,-3.732040e+03,1.148730e+00,1.718340e-01,2.517310e-01
0.316228,650,2.672240e+01,9.660140e+00,-3.498830e+03,1.158780e+00,1.584320e-01,2.620820e-01
0.316228,675,2.564090e+01,9.235860e+00,-3.259850e+03,1.161950e+00,1.463900e-01,2.719630e-01
0.316228,700,2.478140e+01,7.754240e+00,-3.046060e+03,1.159030e+00,1.364300e-01,2.810930e-01
0.316228,725,2.419080e+01,6.062860e+00,-2.873810e+03,1.155440e+00,1.285860e-01,2.894670e-01
0.316228,750,2.381580e+01,4.824430e+00,-2.738970e+03,1.154390e+00,1.223730e-01,2.972560e-01
0.316228,775,2.357270e+01,4.164470e+00,-2.627690e+03,1.154420e+00,1.172170e-01,3.046460e-01
0.316228,800,2.339460e+01,3.934130e+00,-2.527160e+03,1.153590e+00,1.126960e-01,3.117610e-01
0.316228,825,2.323980e+01,3.967770e+00,-2.428800e+03,1.151960e+00,1.085570e-01,3.186720e-01
0.316228,850,2.308480e+01,4.155510e+00,-2.327500e+03,1.150430e+00,1.046620e-01,3.254180e-01
0.316228,875,2.291710e+01,4.433850e+00,-2.220280e+03,1.149660e+00,1.009330e-01,3.320170e-01
0.316228,900,2.273000e+01,4.765500e+00,-2.105370e+03,1.149900e+00,9.732820e-02,3.384810e-01
0.316228,925,2.252060e+01,5.125880e+00,-1.981770e+03,1.151170e+00,9.382520e-02,3.448170e-01
0.316228,950,2.228830e+01,5.495920e+00,-1.849000e+03,1.153360e+00,9.041390e-02,3.510320e-01
0.316228,975,2.203440e+01,5.858820e+00,-1.707030e+03,1.156290e+00,8.709220e-02,3.571350e-01
0.316228,1000,2.176180e+01,6.198960e+00,-1.556250e+03,1.159740e+00,8.386410e-02,3.631320e-01
0.316228,1025,2.147420e+01,6.501940e+00,-1.397390e+03,1.163490e+00,8.073730e-02,3.688130e-01
0.316228,1050,2.117630e+01,6.755710e+00,-1.231560e+03,1.167300e+00,7.772190e-02,3.744000e-01
0.316228,1075,2.087350e+01,6.951470e+00,-1.060090e+03,1.170940e+00,7.482860e-02,3.799080e-01
0.316228,1100,2.057070e+01,7.085120e+00,-8.845060e+02,1.174210e+00,7.206730e-02,3.853500e-01
0.316228,1125,2.027290e+01,7.158440e+00,-7.063420e+02,1.176920e+00,6.944590e-02,3.907420e-01
0.316228,1150,1.998430e+01,7.179880e+00,-5.270180e+02,1.178920e+00,6.696900e-02,3.960990e-01
0.316228,1175,1.970800e+01,7.164780e+00,-3.476540e+02,1.180070e+00,6.463790e-02,4.014380e-01
0.316228,1200,1.944600e+01,7.135120e+00,-1.689020e+02,1.180270e+00,6.244970e-02,4.067730e-01
0.316228,1225,1.919870e+01,7.118910e+00,9.212690e+00,1.179400e+00,6.039740e-02,4.121210e-01
0.316228,1250,1.896560e+01,7.149500e+00,1.874320e+02,1.177410e+00,5.847070e-02,4.174940e-01
0.316228,1275,1.874440e+01,7.265120e+00,3.673950e+02,1.174300e+00,5.665570e-02,4.229090e-01
0.316228,1300,1.853170e+01,7.508750e+00,5.517540e+02,1.170220e+00,5.493570e-02,4.283810e-01
0.316228,1325,1.832290e+01,7.928380e+00,7.442980e+02,1.165530e+00,5.329180e-02,4.339280e-01
0.316228,1350,1.811200e+01,8.577000e+00,9.500800e+02,1.160810e+00,5.170290e-02,4.395690e-01
0.316228,1375,1.789210e+01,9.511130e+00,1.175530e+03,1.156830e+00,5.014650e-02,4.453240e-01
0.316228,1400,1.765540e+01,1.078470e+01,1.428470e+03,1.154400e+00,4.859940e-02,4.512150e-01
0.316228,1425,1.739380e+01,1.243170e+01,1.717890e+03,1.154210e+00,4.703950e-02,4.572570e-01
0.316228,1450,1.710050e+01,1.442660e+01,2.052990e+03,1.156580e+00,4.544870e-02,4.634590e-01
0.316228,1475,1.677170e+01,1.660560e+01,2.440820e+03,1.161200e+00,4.381940e-02,4.698060e-01
0.316228,1500,1.641140e+01,1.855440e+01,2.881450e+03,1.166760e+00,4.216360e-02,4.762490e-01
0.316228,1525,1.603620e+01,1.955070e+01,3.360640e+03,1.170820e+00,4.052400e-02,4.826930e-01
0.316228,1550,1.567600e+01,1.881540e+01,3.844370e+03,1.170850e+00,3.897510e-02,4.890110e-01
0.316228,1575,1.536680e+01,1.620540e+01,4.285440e+03,1.166820e+00,3.759970e-02,4.950900e-01
0.316228,1600,1.513170e+01,1.263670e+01,4.646550e+03,1.162740e+00,3.644590e-02,5.008850e-01
0.316228,1625,1.497040e+01,9.360090e+00,4.919930e+03,1.163630e+00,3.550270e-02,5.064310e-01
0.316228,1650,1.486630e+01,6.997940e+00,5.122370e+03,1.171000e+00,3.472170e-02,5.117990e-01
0.316228,1675,1.480010e+01,5.510990e+00,5.277180e+03,1.182260e+00,3.405120e-02,5.170520e-01
0.316228,1700,1.475720e+01,4.630210e+00,5.402960e+03,1.193580e+00,3.345320e-02,5.222330e-01
0.316228,1725,1.472830e+01,4.115850e+00,5.511710e+03,1.202590e+00,3.290390e-02,5.273680e-01
0.316228,1750,1.470800e+01,3.812190e+00,5.610490e+03,1.208790e+00,3.238900e-02,5.324690e-01
0.316228,1775,1.469300e+01,3.629220e+00,5.703320e+03,1.212630e+00,3.190030e-02,5.375440e-01
0.316228,1800,1.468160e+01,3.516970e+00,5.792530e+03,1.214780e+00,3.143270e-02,5.425970e-01
0.316228,1825,1.467250e+01,3.447860e+00,5.879520e+03,1.215780e+00,3.098300e-02,5.476300e-01
0.316228,1850,1.466500e+01,3.406470e+00,5.965160e+03,1.216020e+00,3.054880e-02,5.526460e-01
0.316228,1875,1.465870e+01,3.383960e+00,6.050000e+03,1.215720e+00,3.012850e-02,5.576440e-01
0.316228,1900,1.465320e+01,3.375140e+00,6.134470e+03,1.215030e+00,2.972090e-02,5.626250e-01
0.316228,1925,1.464830e+01,3.376900e+00,6.218850e+03,1.214050e+00,2.932500e-02,5.675910e-01
0.316228,1950,1.464370e+01,3.387350e+00,6.303380e+03,1.212850e+00,2.893990e-02,5.725420e-01
0.316228,1975,1.463920e+01,3.405330e+00,6.388280e+03,1.211450e+00,2.856490e-02,5.774780e-01
0.316228,2000,1.463490e+01,3.430150e+00,6.473710e+03,1.209880e+00,2.819940e-02,5.823990e-01
0.316228,2025,1.463040e+01,3.461450e+00,6.559840e+03,1.208160e+00,2.784280e-02,5.871670e-01
0.316228,2050,1.462580e+01,3.499080e+00,6.646830e+03,1.206320e+00,2.749450e-02,5.919180e-01
0.316228,2075,1.462080e+01,3.543080e+00,6.734850e+03,1.204350e+00,2.715410e-02,5.966530e-01
0.316228,2100,1.461550e+01,3.593570e+00,6.824040e+03,1.202270e+00,2.682120e-02,6.013730e-01
0.316228,2125,1.460980e+01,3.650800e+00,6.914580e+03,1.200090e+00,2.649520e-02,6.060780e-01
0.316228,2150,1.460350e+01,3.715100e+00,7.006640e+03,1.197830e+00,2.617580e-02,6.107670e-01
0.316228,2175,1.459650e+01,3.786850e+00,7.100400e+03,1.195500e+00,2.586260e-02,6.154420e-01
0.316228,2200,1.458880e+01,3.866530e+00,7.196050e+03,1.193100e+00,2.555520e-02,6.201020e-01
0.316228,2225,1.458020e+01,3.954640e+00,7.293790e+03,1.190660e+00,2.525320e-02,6.247480e-01
0.316228,2250,1.457070e+01,4.051760e+00,7.393860e+03,1.188180e+00,2.495630e-02,6.293800e-01
0.316228,2275,1.456020e+01,4.158520e+00,7.496460e+03,1.185690e+00,2.466420e-02,6.339980e-01
0.316228,2300,1.454840e+01,4.275620e+00,7.601870e+03,1.183210e+00,2.437650e-02,6.386020e-01
0.316228,2325,1.453540e+01,4.403790e+00,7.710340e+03,1.180740e+00,2.409280e-02,6.431910e-01
0.316228,2350,1.452100e+01,4.543850e+00,7.822160e+03,1.178320e+00,2.381280e-02,6.477670e-01
0.316228,2375,1.450500e+01,4.696670e+00,7.937630e+03,1.175950e+00,2.353630e-02,6.523280e-01
0.316228,2400,1.448740e+01,4.863200e+00,8.057100e+03,1.173660e+00,2.326280e-02,6.568740e-01
0.316228,2425,1.446790e+01,5.044480e+00,8.180920e+03,1.171470e+00,2.299200e-02,6.614040e-01
0.316228,2450,1.444650e+01,5.241620e+00,8.309460e+03,1.169400e+00,2.272370e-02,6.659190e-01
0.316228,2475,1.442290e+01,5.455840e+00,8.443140e+03,1.167470e+00,2.245740e-02,6.704170e-01
0.316228,2500,1.439700e+01,5.688470e+00,8.582400e+03,1.165690e+00,2.219300e-02,6.748960e-01
0.316228,2525,1.436870e+01,5.940960e+00,8.727730e+03,1.164080e+00,2.192990e-02,6.793570e-01
0.316228,2550,1.433760e+01,6.214910e+00,8.879630e+03,1.162670e+00,2.166800e-02,6.837960e-01
0.316228,2575,1.430370e+01,6.512060e+00,9.038670e+03,1.161470e+00,2.140680e-02,6.882130e-01
0.316228,2600,1.426660e+01,6.834330e+00,9.205440e+03,1.160490e+00,2.114610e-02,6.926050e-01
0.316228,2625,1.422630e+01,7.183790e+00,9.380610e+03,1.159760e+00,2.088540e-02,6.969690e-01
0.316228,2650,1.418240e+01,7.562750e+00,9.564880e+03,1.159290e+00,2.062460e-02,7.013030e-01
0.316228,2675,1.413470e+01,7.973670e+00,9.759020e+03,1.159110e+00,2.036310e-02,7.056030e-01
0.316228,2700,1.408290e+01,8.419240e+00,9.963850e+03,1.159220e+00,2.010060e-02,7.098660e-01
0.316228,2725,1.402680e+01,8.902300e+00,1.018030e+04,1.159650e+00,1.983690e-02,7.140870e-01
0.316228,2750,1.396600e+01,9.425870e+00,1.040930e+04,1.160420e+00,1.957140e-02,7.182620e-01
0.316228,2775,1.390040e+01,9.993040e+00,1.065190e+04,1.161550e+00,1.930390e-02,7.223860e-01
0.316228,2800,1.382950e+01,1.060690e+01,1.090930e+04,1.163050e+00,1.903410e-02,7.264540e-01
0.316228,2825,1.375320e+01,1.127060e+01,1.118270e+04,1.164960e+00,1.876140e-02,7.304590e-01
0.316228,2850,1.367100e+01,1.198680e+01,1.147330e+04,1.167280e+00,1.848570e-02,7.343970e-01
0.316228,2875,1.358270e+01,1.275770e+01,1.178250e+04,1.170030e+00,1.820670e-02,7.382610e-01
0.316228,2900,1.348800e+01,1.358510e+01,1.211170e+04,1.173230e+00,1.792390e-02,7.420470e-01
0.316228,2925,1.338670e+01,1.446940e+01,1.246220e+04,1.176880e+00,1.763730e-02,7.457500e-01
0.316228,2950,1.327860e+01,1.541000e+01,1.283560e+04,1.180980e+00,1.734660e-02,7.493650e-01
0.316228,2975,1.316360e+01,1.640450e+01,1.323320e+04,1.185530e+00,1.705180e-02,7.528900e-01
0.316228,3000,1.304150e+01,1.744860e+01,1.365620e+04,1.190500e+00,1.675290e-02,7.563220e-01
0.316228,3025,1.291250e+01,1.853580e+01,1.410600e+04,1.195850e+00,1.645000e-02,7.596610e-01
0.316228,3050,1.277660e+01,1.965750e+01,1.458330e+04,1.201550e+00,1.614340e-02,7.629090e-01
0.316228,3075,1.263400e+01,2.080280e+01,1.508900e+04,1.207530e+00,1.583360e-02,7.660670e-01
0.316228,3100,1.248530e+01,2.195870e+01,1.562360e+04,1.213710e+00,1.552100e-02,7.691390e-01
0.316228,3125,1.233090e+01,2.311060e+01,1.618690e+04,1.220030e+00,1.520640e-02,7.721320e-01
0.316228,3150,1.217130e+01,2.424300e+01,1.677890e+04,1.226370e+00,1.489050e-02,7.750490e-01
0.316228,3175,1.200740e+01,2.533960e+01,1.739880e+04,1.232650e+00,1.457430e-02,7.778970e-01
0.316228,3200,1.184000e+01,2.638480e+01,1.804550e+04,1.238780e+00,1.425880e-02,7.806800e-01
0.316228,3225,1.166990e+01,2.736390e+01,1.871750e+04,1.244660e+00,1.394500e-02,7.834030e-01
0.316228,3250,1.149810e+01,2.826370e+01,1.941300e+04,1.250220e+00,1.363400e-02,7.860680e-01
0.316228,3275,1.132550e+01,2.907330e+01,2.012990e+04,1.255380e+00,1.332690e-02,7.886750e-01
0.316228,3300,1.115300e+01,2.978440e+01,2.086590e+04,1.260090e+00,1.302450e-02,7.912220e-01
0.316228,3325,1.098160e+01,3.039110e+01,2.161830e+04,1.264300e+00,1.272780e-02,7.937060e-01
0.316228,3350,1.081190e+01,3.089040e+01,2.238450e+04,1.268000e+00,1.243770e-02,7.961220e-01
0.316228,3375,1.064480e+01,3.128170e+01,2.316190e+04,1.271160e+00,1.215470e-02,7.984640e-01
0.316228,3400,1.048090e+01,3.156660e+01,2.394770e+04,1.273780e+00,1.187960e-02,8.007270e-01
0.316228,3425,1.032070e+01,3.174870e+01,2.473940e+04,1.275870e+00,1.161270e-02,8.029030e-01
0.316228,3450,1.016480e+01,3.183300e+01,2.553430e+04,1.277440e+00,1.135440e-02,8.049870e-01
0.316228,3475,1.001350e+01,3.182600e+01,2.633030e+04,1.278530e+00,1.110490e-02,8.069770e-01
0.316228,3500,9.867070e+00,3.173490e+01,2.712490e+04,1.279150e+00,1.086430e-02,8.088700e-01
0.316228,3525,9.725720e+00,3.156780e+01,2.791640e+04,1.279340e+00,1.063270e-02,8.106660e-01
0.316228,3550,9.589610e+00,3.133300e+01,2.870280e+04,1.279130e+00,1.041010e-02,8.123680e-01
0.316228,3575,9.458800e+00,3.103940e+01,2.948250e+04,1.278560e+00,1.019630e-02,8.139800e-01
0.316228,3600,9.333290e+00,3.069570e+01,3.025430e+04,1.277660e+00,9.991130e-03,8.155080e-01
0.316228,3625,9.213070e+00,3.031090e+01,3.101700e+04,1.276480e+00,9.794410e-03,8.169620e-01
0.316228,3650,9.098040e+00,2.989360e+01,3.176960e+04,1.275050e+00,9.605880e-03,8.183510e-01
0.316228,3675,8.988100e+00,2.945240e+01,3.251140e+04,1.273400e+00,9.425240e-03,8.196860e-01
0.316228,3700,8.883090e+00,2.899540e+01,3.324210e+04,1.271570e+00,9.252180e-03,8.209780e-01
0.316228,3725,8.782840e+00,2.853040e+01,3.396120e+04,1.269600e+00,9.086370e-03,8.222400e-01
0.316228,3750,8.687160e+00,2.806480e+01,3.466860e+04,1.267510e+00,8.927470e-03,8.234840e-01
0.316228,3775,8.595840e+00,2.760520e+01,3.536440e+04,1.265350e+00,8.775130e-03,8.247210e-01
0.316228,3800,8.508670e+00,2.715740e+01,3.604890e+04,1.263140e+00,8.628990e-03,8.259630e-01
0.316228,3825,8.425410e+00,2.672670e+01,3.672250e+04,1.260900e+00,8.488710e-03,8.272210e-01
0.316228,3850,8.345840e+00,2.631730e+01,3.738550e+04,1.258670e+00,8.353940e-03,8.285040e-01
0.316228,3875,8.269730e+00,2.593280e+01,3.803850e+04,1.256460e+00,8.224350e-03,8.298220e-01
0.316228,3900,8.196840e+00,2.557540e+01,3.868230e+04,1.254310e+00,8.099610e-03,8.311840e-01
0.316228,3925,8.126960e+00,2.524670e+01,3.931750e+04,1.252220e+00,7.979400e-03,8.325960e-01
0.316228,3950,8.059870e+00,2.494710e+01,3.994490e+04,1.250210e+00,7.863440e-03,8.340650e-01
0.316228,3975,7.995360e+00,2.467630e+01,4.056510e+04,1.248310e+00,7.751450e-03,8.355980e-01
0.316228,4000,7.933240e+00,2.443270e+01,4.117890e+04,1.246520e+00,7.643150e-03,8.371990e-01
0.562341,200,3.094510e+01,1.144150e+00,-4.836910e+03,1.306900e+00,1.060340e+00,8.791870e-02
0.562341,225,3.094510e+01,1.185780e+00,-4.807790e+03,1.292970e+00,9.425220e-01,9.757770e-02
0.562341,250,3.094510e+01,1.232780e+00,-4.777570e+03,1.278690e+00,8.482700e-01,1.071520e-01
0.562341,275,3.094510e+01,1.284860e+00,-4.746110e+03,1.264410e+00,7.711550e-01,1.166360e-01
0.562341,300,3.094510e+01,1.341030e+00,-4.713300e+03,1.250560e+00,7.068920e-01,1.260210e-01
0.562341,325,3.094510e+01,1.400280e+00,-4.679040e+03,1.237450e+00,6.525150e-01,1.356830e-01
0.562341,350,3.094500e+01,1.462130e+00,-4.643260e+03,1.225200e+00,6.059040e-01,1.453030e-01
0.562341,375,3.094440e+01,1.527520e+00,-4.605900e+03,1.213690e+00,5.655010e-01,1.548770e-01
0.562341,400,3.094250e+01,1.600380e+00,-4.566820e+03,1.202570e+00,5.301240e-01,1.644010e-01
0.562341,425,3.093690e+01,1.690290e+00,-4.525740e+03,1.191230e+00,4.988500e-01,1.738800e-01
0.562341,450,3.092230e+01,1.816180e+00,-4.482010e+03,1.178980e+00,4.709140e-01,1.833220e-01
0.562341,475,3.088820e+01,2.010690e+00,-4.434370e+03,1.165450e+00,4.456370e-01,1.927510e-01
0.562341,500,3.081590e+01,2.323870e+00,-4.380500e+03,1.151300e+00,4.223640e-01,2.022110e-01
0.562341,525,3.067540e+01,2.823450e+00,-4.316620e+03,1.138570e+00,4.004170e-01,2.113930e-01
0.562341,550,3.042370e+01,3.586580e+00,-4.237120e+03,1.130040e+00,3.790810e-01,2.207260e-01
0.562341,575,3.000890e+01,4.673940e+00,-4.134570e+03,1.127850e+00,3.576540e-01,2.303180e-01
0.562341,600,2.938300e+01,6.073620e+00,-4.000780e+03,1.132570e+00,3.356040e-01,2.402550e-01
0.562341,625,2.852990e+01,7.611060e+00,-3.829670e+03,1.142690e+00,3.128250e-01,2.503100e-01
0.562341,650,2.749710e+01,8.873700e+00,-3.622460e+03,1.154360e+00,2.899050e-01,2.605060e-01
0.562341,675,2.640920e+01,9.310970e+00,-3.392940e+03,1.162410e+00,2.681220e-01,2.705100e-01
0.562341,700,2.542620e+01,8.641920e+00,-3.166340e+03,1.163760e+00,2.489230e-01,2.799780e-01
0.562341,725,2.466220e+01,7.219490e+00,-2.967230e+03,1.160400e+00,2.331180e-01,2.887390e-01
0.562341,750,2.413530e+01,5.753200e+00,-2.805640e+03,1.156970e+00,2.205330e-01,2.968420e-01
0.562341,775,2.379200e+01,4.708070e+00,-2.675940e+03,1.155580e+00,2.103830e-01,3.044450e-01
0.562341,800,2.356130e+01,4.147010e+00,-2.566160e+03,1.154980e+00,2.018330e-01,3.116980e-01
0.562341,825,2.338760e+01,3.945800e+00,-2.465590e+03,1.153860e+00,1.942730e-01,3.187050e-01
0.562341,850,2.323550e+01,3.971400e+00,-2.366990e+03,1.152320e+00,1.873340e-01,3.255250e-01
0.562341,875,2.308470e+01,4.132800e+00,-2.265900e+03,1.151020e+00,1.808000e-01,3.321900e-01
0.562341,900,2.292370e+01,4.375280e+00,-2.159680e+03,1.150440e+00,1.745520e-01,3.387190e-01
0.562341,925,2.274650e+01,4.665800e+00,-2.046740e+03,1.150760e+00,1.685210e-01,3.451230e-01
0.562341,950,2.255010e+01,4.982560e+00,-1.926170e+03,1.152000e+00,1.626700e-01,3.514090e-01
0.562341,975,2.233390e+01,5.309110e+00,-1.797530e+03,1.154070e+00,1.569790e-01,3.575850e-01
0.562341,1000,2.209870e+01,5.631570e+00,-1.660750e+03,1.156810e+00,1.514430e-01,3.636580e-01
0.562341,1025,2.184650e+01,5.937400e+00,-1.516090e+03,1.160050e+00,1.460630e-01,3.694130e-01
0.562341,1050,2.158050e+01,6.215540e+00,-1.364110e+03,1.163590e+00,1.408490e-01,3.750720e-01
0.562341,1075,2.130420e+01,6.456560e+00,-1.205620e+03,1.167230e+00,1.358120e-01,3.806430e-01
0.562341,1100,2.102180e+01,6.653530e+00,-1.041650e+03,1.170780e+00,1.309660e-01,3.861390e-01
0.562341,1125,2.073750e+01,6.802990e+00,-8.733450e+02,1.174050e+00,1.263240e-01,3.915720e-01
0.562341,1150,2.045530e+01,6.905750e+00,-7.018930e+02,1.176860e+00,1.218960e-01,3.969530e-01
0.562341,1175,2.017890e+01,6.967620e+00,-5.284000e+02,1.179070e+00,1.176900e-01,4.022980e-01
0.562341,1200,1.991100e+01,6.999770e+00,-3.537610e+02,1.180540e+00,1.137090e-01,4.076190e-01
0.562341,1225,1.965360e+01,7.018770e+00,-1.785230e+02,1.181150e+00,1.099480e-01,4.129310e-01
0.562341,1250,1.940750e+01,7.046440e+00,-2.751740e+00,1.180800e+00,1.064000e-01,4.182460e-01
0.562341,1275,1.917260e+01,7.109500e+00,1.740930e+02,1.179430e+00,1.030510e-01,4.235790e-01
0.562341,1300,1.894750e+01,7.239270e+00,3.532780e+02,1.177050e+00,9.988280e-02,4.289440e-01
0.562341,1325,1.872970e+01,7.471540e+00,5.369090e+02,1.173760e+00,9.687150e-02,4.343550e-01
0.562341,1350,1.851540e+01,7.846540e+00,7.280430e+02,1.169850e+00,9.399010e-02,4.398280e-01
0.562341,1375,1.830010e+01,8.408720e+00,9.307950e+02,1.165770e+00,9.120800e-02,4.453810e-01
0.562341,1400,1.807800e+01,9.205620e+00,1.150440e+03,1.162140e+00,8.849200e-02,4.510320e-01
0.562341,1425,1.784260e+01,1.028370e+01,1.393420e+03,1.159650e+00,8.580750e-02,4.567980e-01
0.562341,1450,1.758710e+01,1.167730e+01,1.667260e+03,1.158950e+00,8.312040e-02,4.626970e-01
0.562341,1475,1.730500e+01,1.338340e+01,1.979910e+03,1.160470e+00,8.040110e-02,4.687380e-01
0.562341,1500,1.699220e+01,1.531210e+01,2.338330e+03,1.164170e+00,7.763190e-02,4.749150e-01
0.562341,1525,1.664930e+01,1.720820e+01,2.745320e+03,1.169290e+00,7.481830e-02,4.811990e-01
0.562341,1550,1.628580e+01,1.857850e+01,3.194420e+03,1.174120e+00,7.200440e-02,4.875240e-01
0.562341,1575,1.592270e+01,1.875730e+01,3.664260e+03,1.176320e+00,6.928160e-02,4.937940e-01
0.562341,1600,1.559000e+01,1.728930e+01,4.118330e+03,1.174460e+00,6.677420e-02,4.999000e-01
0.562341,1625,1.531560e+01,1.445970e+01,4.517160e+03,1.170050e+00,6.458950e-02,5.057680e-01
0.562341,1650,1.511130e+01,1.123930e+01,4.838100e+03,1.167310e+00,6.276230e-02,5.113920e-01
0.562341,1675,1.497040e+01,8.515240e+00,5.083450e+03,1.169620e+00,6.124910e-02,5.168150e-01
0.562341,1700,1.487680e+01,6.595430e+00,5.270680e+03,1.176980e+00,5.997120e-02,5.220990e-01
0.562341,1725,1.481470e+01,5.369870e+00,5.419030e+03,1.186740e+00,5.885540e-02,5.272910e-01
0.562341,1750,1.477250e+01,4.618910e+00,5.543110e+03,1.196040e+00,5.784940e-02,5.324240e-01
0.562341,1775,1.474280e+01,4.161140e+00,5.652400e+03,1.203350e+00,5.691990e-02,5.375170e-01
0.562341,1800,1.472110e+01,3.878260e+00,5.752610e+03,1.208440e+00,5.604670e-02,5.425800e-01
0.562341,1825,1.470460e+01,3.699860e+00,5.847170e+03,1.211670e+00,5.521710e-02,5.476190e-01
0.562341,1850,1.469170e+01,3.585380e+00,5.938140e+03,1.213530e+00,5.442310e-02,5.526370e-01
0.562341,1875,1.468130e+01,3.511530e+00,6.026780e+03,1.214420e+00,5.365940e-02,5.576370e-01
0.562341,1900,1.467270e+01,3.464700e+00,6.113940e+03,1.214650e+00,5.292220e-02,5.626200e-01
0.562341,1925,1.466540e+01,3.436810e+00,6.200170e+03,1.214390e+00,5.220880e-02,5.675870e-01
0.562341,1950,1.465890e+01,3.422920e+00,6.285890e+03,1.213780e+00,5.151690e-02,5.725380e-01
0.562341,1975,1.465320e+01,3.419950e+00,6.371410e+03,1.212900e+00,5.084490e-02,5.774740e-01
0.562341,2000,1.464790e+01,3.425930e+00,6.456960e+03,1.211810e+00,5.019120e-02,5.823960e-01
0.562341,2025,1.464290e+01,3.439610e+00,6.542770e+03,1.210530e+00,4.955450e-02,5.871640e-01
0.562341,2050,1.463800e+01,3.460200e+00,6.629000e+03,1.209100e+00,4.893390e-02,5.919150e-01
0.562341,2075,1.463310e+01,3.487220e+00,6.715830e+03,1.207530e+00,4.832820e-02,5.966510e-01
0.562341,2100,1.462810e+01,3.520400e+00,6.803410e+03,1.205850e+00,4.773660e-02,6.013710e-01
0.562341,2125,1.462300e+01,3.559660e+00,6.891900e+03,1.204050e+00,4.715830e-02,6.060760e-01
0.562341,2150,1.461750e+01,3.605020e+00,6.981450e+03,1.202160e+00,4.659250e-02,6.107650e-01
0.562341,2175,1.461160e+01,3.656610e+00,7.072210e+03,1.200180e+00,4.603850e-02,6.154410e-01
0.562341,2200,1.460530e+01,3.714640e+00,7.164330e+03,1.198130e+00,4.549570e-02,6.201010e-01
0.562341,2225,1.459840e+01,3.779380e+00,7.257990e+03,1.196010e+00,4.496330e-02,6.247480e-01
0.562341,2250,1.459090e+01,3.851160e+00,7.353360e+03,1.193840e+00,4.444070e-02,6.293810e-01
0.562341,2275,1.458260e+01,3.930390e+00,7.450610e+03,1.191630e+00,4.392740e-02,6.340000e-01
0.562341,2300,1.457350e+01,4.017490e+00,7.549940e+03,1.189390e+00,4.342280e-02,6.386060e-01
0.562341,2325,1.456350e+01,4.112950e+00,7.651560e+03,1.187130e+00,4.292630e-02,6.431980e-01
0.562341,2350,1.455240e+01,4.217300e+00,7.755670e+03,1.184880e+00,4.243740e-02,6.477760e-01
0.562341,2375,1.454020e+01,4.331140e+00,7.862500e+03,1.182640e+00,4.195550e-02,6.523410e-01
0.562341,2400,1.452680e+01,4.455080e+00,7.972310e+03,1.180420e+00,4.148020e-02,6.568930e-01
0.562341,2425,1.451200e+01,4.589810e+00,8.085340e+03,1.178260e+00,4.101080e-02,6.614300e-01
0.562341,2450,1.449580e+01,4.736080e+00,8.201890e+03,1.176160e+00,4.054690e-02,6.659530e-01
0.562341,2475,1.447800e+01,4.894680e+00,8.322250e+03,1.174140e+00,4.008810e-02,6.704620e-01
0.562341,2500,1.445850e+01,5.066470e+00,8.446740e+03,1.172210e+00,3.963360e-02,6.749550e-01
0.562341,2525,1.443710e+01,5.252390e+00,8.575690e+03,1.170390e+00,3.918320e-02,6.794330e-01
0.562341,2550,1.441370e+01,5.453470e+00,8.709480e+03,1.168700e+00,3.873620e-02,6.838930e-01
0.562341,2575,1.438820e+01,5.670790e+00,8.848500e+03,1.167150e+00,3.829220e-02,6.883360e-01
0.562341,2600,1.436040e+01,5.905570e+00,8.993170e+03,1.165770e+00,3.785070e-02,6.927600e-01
0.562341,2625,1.433010e+01,6.159110e+00,9.143940e+03,1.164550e+00,3.741120e-02,6.971620e-01
0.562341,2650,1.429710e+01,6.432820e+00,9.301290e+03,1.163530e+00,3.697310e-02,7.015430e-01
0.562341,2675,1.426140e+01,6.728260e+00,9.465760e+03,1.162710e+00,3.653590e-02,7.058990e-01
0.562341,2700,1.422260e+01,7.047080e+00,9.637900e+03,1.162110e+00,3.609930e-02,7.102280e-01
0.562341,2725,1.418070e+01,7.391110e+00,9.818320e+03,1.161740e+00,3.566250e-02,7.145280e-01
0.562341,2750,1.413530e+01,7.762290e+00,1.000770e+04,1.161630e+00,3.522520e-02,7.187950e-01
0.562341,2775,1.408620e+01,8.162690e+00,1.020670e+04,1.161780e+00,3.478680e-02,7.230260e-01
0.562341,2800,1.403330e+01,8.594510e+00,1.041610e+04,1.162220e+00,3.434670e-02,7.272180e-01
0.562341,2825,1.397630e+01,9.060010e+00,1.063670e+04,1.162950e+00,3.390440e-02,7.313670e-01
0.562341,2850,1.391500e+01,9.561550e+00,1.086940e+04,1.164000e+00,3.345950e-02,7.354670e-01
0.562341,2875,1.384900e+01,1.010140e+01,1.111510e+04,1.165390e+00,3.301130e-02,7.395160e-01
0.562341,2900,1.377820e+01,1.068190e+01,1.137480e+04,1.167130e+00,3.255950e-02,7.435080e-01
0.562341,2925,1.370240e+01,1.130500e+01,1.164950e+04,1.169230e+00,3.210350e-02,7.474380e-01
0.562341,2950,1.362120e+01,1.197240e+01,1.194040e+04,1.171710e+00,3.164280e-02,7.513020e-01
0.562341,2975,1.353440e+01,1.268530e+01,1.224850e+04,1.174580e+00,3.117710e-02,7.550950e-01
0.562341,3000,1.344200e+01,1.344430e+01,1.257510e+04,1.177850e+00,3.070600e-02,7.588140e-01
0.562341,3025,1.334360e+01,1.424910e+01,1.292110e+04,1.181510e+00,3.022930e-02,7.624540e-01
0.562341,3050,1.323910e+01,1.509810e+01,1.328790e+04,1.185570e+00,2.974690e-02,7.660130e-01
0.562341,3075,1.312860e+01,1.598870e+01,1.367640e+04,1.190020e+00,2.925860e-02,7.694890e-01
0.562341,3100,1.301190e+01,1.691670e+01,1.408760e+04,1.194820e+00,2.876470e-02,7.728810e-01
0.562341,3125,1.288910e+01,1.787640e+01,1.452250e+04,1.199950e+00,2.826540e-02,7.761900e-01
0.562341,3150,1.276040e+01,1.886050e+01,1.498170e+04,1.205370e+00,2.776110e-02,7.794180e-01
0.562341,3175,1.262610e+01,1.986040e+01,1.546560e+04,1.211020e+00,2.725260e-02,7.825670e-01
0.562341,3200,1.248640e+01,2.086580e+01,1.597470e+04,1.216850e+00,2.674060e-02,7.856400e-01
0.562341,3225,1.234190e+01,2.186570e+01,1.650890e+04,1.222780e+00,2.622610e-02,7.886440e-01
0.562341,3250,1.219290e+01,2.284850e+01,1.706790e+04,1.228740e+00,2.571020e-02,7.915810e-01
0.562341,3275,1.204020e+01,2.380220e+01,1.765110e+04,1.234660e+00,2.519430e-02,7.944580e-01
0.562341,3300,1.188430e+01,2.471530e+01,1.825760e+04,1.240460e+00,2.467980e-02,7.972790e-01
0.562341,3325,1.172600e+01,2.557690e+01,1.888640e+04,1.246070e+00,2.416800e-02,8.000470e-01
0.562341,3350,1.156610e+01,2.637740e+01,1.953600e+04,1.251430e+00,2.366040e-02,8.027630e-01
0.562341,3375,1.140520e+01,2.710850e+01,2.020470e+04,1.256470e+00,2.315850e-02,8.054290e-01
0.562341,3400,1.124410e+01,2.776380e+01,2.089080e+04,1.261150e+00,2.266360e-02,8.080440e-01
0.562341,3425,1.108360e+01,2.833860e+01,2.159220e+04,1.265430e+00,2.217700e-02,8.106040e-01
0.562341,3450,1.092430e+01,2.883020e+01,2.230700e+04,1.269280e+00,2.169990e-02,8.131060e-01
0.562341,3475,1.076680e+01,2.923740e+01,2.303300e+04,1.272690e+00,2.123320e-02,8.155460e-01
0.562341,3500,1.061170e+01,2.956080e+01,2.376820e+04,1.275650e+00,2.077780e-02,8.179160e-01
0.562341,3525,1.045950e+01,2.980230e+01,2.451040e+04,1.278150e+00,2.033450e-02,8.202130e-01
0.562341,3550,1.031060e+01,2.996510e+01,2.525760e+04,1.280210e+00,1.990380e-02,8.224310e-01
0.562341,3575,1.016520e+01,3.005320e+01,2.600800e+04,1.281830e+00,1.948600e-02,8.245640e-01
0.562341,3600,1.002390e+01,3.007140e+01,2.675970e+04,1.283050e+00,1.908160e-02,8.266110e-01
0.562341,3625,9.886610e+00,3.002520e+01,2.751100e+04,1.283860e+00,1.869050e-02,8.285690e-01
0.562341,3650,9.753670e+00,2.992020e+01,2.826050e+04,1.284310e+00,1.831290e-02,8.304390e-01
0.562341,3675,9.625160e+00,2.976250e+01,2.900660e+04,1.284410e+00,1.794870e-02,8.322210e-01
0.562341,3700,9.501120e+00,2.955840e+01,2.974820e+04,1.284190e+00,1.759770e-02,8.339190e-01
0.562341,3725,9.381580e+00,2.931400e+01,3.048420e+04,1.283680e+00,1.725960e-02,8.355390e-01
0.562341,3750,9.266530e+00,2.903570e+01,3.121360e+04,1.282910e+00,1.693430e-02,8.370870e-01
0.562341,3775,9.155910e+00,2.872950e+01,3.193570e+04,1.281910e+00,1.662140e-02,8.385710e-01
0.562341,3800,9.049650e+00,2.840160e+01,3.264990e+04,1.280700e+00,1.632040e-02,8.399990e-01
0.562341,3825,8.947640e+00,2.805770e+01,3.335570e+04,1.279310e+00,1.603090e-02,8.413820e-01
0.562341,3850,8.849760e+00,2.770330e+01,3.405270e+04,1.277770e+00,1.575260e-02,8.427300e-01
0.562341,3875,8.755880e+00,2.734380e+01,3.474080e+04,1.276110e+00,1.548500e-02,8.440530e-01
0.562341,3900,8.665830e+00,2.698390e+01,3.541990e+04,1.274350e+00,1.522750e-02,8.453610e-01
0.562341,3925,8.579470e+00,2.662790e+01,3.609000e+04,1.272520e+00,1.497970e-02,8.466650e-01
0.562341,3950,8.496610e+00,2.627980e+01,3.675140e+04,1.270650e+00,1.474110e-02,8.479750e-01
0.562341,3975,8.417090e+00,2.594280e+01,3.740410e+04,1.268750e+00,1.451130e-02,8.493010e-01
0.562341,4000,8.340730e+00,2.561960e+01,3.804860e+04,1.266840e+00,1.428980e-02,8.506510e-01
1,200,3.094510e+01,1.144150e+00,-4.836910e+03,1.306900e+00,1.885580e+00,8.791870e-02
1,225,3.094510e+01,1.185780e+00,-4.807790e+03,1.292970e+00,1.676070e+00,9.757770e-02
1,250,3.094510e+01,1.232780e+00,-4.777570e+03,1.278690e+00,1.508460e+00,1.071520e-01
1,275,3.094510e+01,1.284860e+00,-4.746110e+03,1.264410e+00,1.371330e+00,1.166360e-01
1,300,3.094510e+01,1.341020e+00,-4.713300e+03,1.250560e+00,1.257050e+00,1.260210e-01
1,325,3.094510e+01,1.400210e+00,-4.679040e+03,1.237460e+00,1.160350e+00,1.356830e-01
1,350,3.094500e+01,1.461790e+00,-4.643270e+03,1.225240e+00,1.077470e+00,1.453030e-01
1,375,3.094460e+01,1.526210e+00,-4.605920e+03,1.213840e+00,1.005620e+00,1.548760e-01
1,400,3.094320e+01,1.596140e+00,-4.566910e+03,1.202990e+00,9.427310e-01,1.644000e-01
1,425,3.093920e+01,1.678370e+00,-4.526020e+03,1.192230e+00,8.871600e-01,1.738750e-01
1,450,3.092860e+01,1.786610e+00,-4.482780e+03,1.180970e+00,8.375850e-01,1.833070e-01
1,475,3.090370e+01,1.944600e+00,-4.436280e+03,1.168790e+00,7.928650e-01,1.927150e-01
1,500,3.085100e+01,2.189170e+00,-4.384830e+03,1.155880e+00,7.519370e-01,2.021300e-01
1,525,3.074810e+01,2.571310e+00,-4.325670e+03,1.143500e+00,7.137410e-01,2.112260e-01
1,550,3.056210e+01,3.152540e+00,-4.254610e+03,1.133820e+00,6.771780e-01,2.204080e-01
1,575,3.025100e+01,3.991660e+00,-4.165890e+03,1.128990e+00,6.411410e-01,2.297660e-01
1,600,2.976960e+01,5.114170e+00,-4.052640e+03,1.130260e+00,6.046500e-01,2.393890e-01
1,625,2.908620e+01,6.457980e+00,-3.908290e+03,1.137380e+00,5.671380e-01,2.490980e-01
1,650,2.820640e+01,7.804580e+00,-3.729660e+03,1.148250e+00,5.288310e-01,2.590280e-01
1,675,2.719600e+01,8.758870e+00,-3.521320e+03,1.158980e+00,4.910020e-01,2.689690e-01
1,700,2.617670e+01,8.902530e+00,-3.298560e+03,1.165300e+00,4.557210e-01,2.786210e-01
1,725,2.528140e+01,8.131310e+00,-3.083970e+03,1.165500e+00,4.249560e-01,2.877210e-01
1,750,2.459100e+01,6.826860e+00,-2.896500e+03,1.161970e+00,3.995740e-01,2.961780e-01
1,775,2.410870e+01,5.554700e+00,-2.742280e+03,1.158530e+00,3.791010e-01,3.040620e-01
1,800,2.378550e+01,4.650660e+00,-2.615610e+03,1.156700e+00,3.623300e-01,3.115090e-01
1,825,2.356170e+01,4.152560e+00,-2.506330e+03,1.155560e+00,3.480450e-01,3.186460e-01
1,850,2.339030e+01,3.961690e+00,-2.405420e+03,1.154230e+00,3.353510e-01,3.255570e-01
1,875,2.324050e+01,3.970470e+00,-2.306590e+03,1.152760e+00,3.236830e-01,3.322950e-01
1,900,2.309390e+01,4.102050e+00,-2.205880e+03,1.151610e+00,3.127070e-01,3.388880e-01
1,925,2.294000e+01,4.308200e+00,-2.100870e+03,1.151130e+00,3.022270e-01,3.453550e-01
1,950,2.277290e+01,4.559070e+00,-1.990100e+03,1.151480e+00,2.921310e-01,3.517050e-01
1,975,2.258980e+01,4.834950e+00,-1.872710e+03,1.152640e+00,2.823510e-01,3.579470e-01
1,1000,2.238960e+01,5.121410e+00,-1.748260e+03,1.154550e+00,2.728520e-01,3.640880e-01
1,1025,2.217270e+01,5.406730e+00,-1.616650e+03,1.157090e+00,2.636190e-01,3.699140e-01
1,1050,2.194070e+01,5.680970e+00,-1.478020e+03,1.160090e+00,2.546500e-01,3.756420e-01
1,1075,2.169570e+01,5.935340e+00,-1.332770e+03,1.163400e+00,2.459500e-01,3.812800e-01
1,1100,2.144070e+01,6.162520e+00,-1.181480e+03,1.166850e+00,2.375350e-01,3.868370e-01
1,1125,2.117870e+01,6.357120e+00,-1.024910e+03,1.170280e+00,2.294190e-01,3.923220e-01
1,1150,2.091330e+01,6.516300e+00,-8.639210e+02,1.173510e+00,2.216190e-01,3.977460e-01
1,1175,2.064760e+01,6.640320e+00,-6.993920e+02,1.176390e+00,2.141480e-01,4.031200e-01
1,1200,2.038470e+01,6.733140e+00,-5.321660e+02,1.178780e+00,2.070170e-01,4.084540e-01
1,1225,2.012710e+01,6.802770e+00,-3.629300e+02,1.180540e+00,2.002290e-01,4.137600e-01
1,1250,1.987650e+01,6.861520e+00,-1.921190e+02,1.181560e+00,1.937810e-01,4.190520e-01
1,1275,1.963410e+01,6.926010e+00,-1.980730e+01,1.181740e+00,1.876650e-01,4.243400e-01
1,1300,1.940000e+01,7.017100e+00,1.544020e+02,1.181010e+00,1.818610e-01,4.296370e-01
1,1325,1.917330e+01,7.159780e+00,3.314760e+02,1.179380e+00,1.763450e-01,4.349560e-01
1,1350,1.895250e+01,7.383020e+00,5.130610e+02,1.176920e+00,1.710860e-01,4.403110e-01
1,1375,1.873480e+01,7.719750e+00,7.015720e+02,1.173840e+00,1.660460e-01,4.457150e-01
1,1400,1.851640e+01,8.206550e+00,9.002980e+02,1.170470e+00,1.611800e-01,4.511850e-01
1,1425,1.829300e+01,8.882800e+00,1.113480e+03,1.167300e+00,1.564410e-01,4.567360e-01
1,1450,1.805910e+01,9.787960e+00,1.346350e+03,1.164920e+00,1.517780e-01,4.623840e-01
1,1475,1.780910e+01,1.095470e+01,1.605060e+03,1.163900e+00,1.471410e-01,4.681450e-01
1,1500,1.753740e+01,1.239340e+01,1.896360e+03,1.164700e+00,1.424810e-01,4.740290e-01
1,1525,1.723950e+01,1.406220e+01,2.226680e+03,1.167480e+00,1.377640e-01,4.800370e-01
1,1550,1.691400e+01,1.581590e+01,2.600230e+03,1.171910e+00,1.329830e-01,4.861550e-01
1,1575,1.656550e+01,1.734440e+01,3.015650e+03,1.176930e+00,1.281760e-01,4.923420e-01
1,1600,1.620710e+01,1.815770e+01,3.461500e+03,1.180710e+00,1.234430e-01,4.985270e-01
1,1625,1.586100e+01,1.774010e+01,3.913180e+03,1.181380e+00,1.189480e-01,5.046220e-01
1,1650,1.555370e+01,1.592790e+01,4.336690e+03,1.178540e+00,1.148770e-01,5.105430e-01
1,1675,1.530520e+01,1.319410e+01,4.701780e+03,1.174430e+00,1.113540e-01,5.162470e-01
1,1700,1.512040e+01,1.037230e+01,4.995740e+03,1.172660e+00,1.083910e-01,5.217440e-01
1,1725,1.499040e+01,8.067570e+00,5.224850e+03,1.175350e+00,1.059020e-01,5.270780e-01
1,1750,1.490100e+01,6.437160e+00,5.404810e+03,1.181860e+00,1.037670e-01,5.322980e-01
1,1775,1.483920e+01,5.368500e+00,5.551400e+03,1.189970e+00,1.018810e-01,5.374410e-01
1,1800,1.479540e+01,4.688550e+00,5.676470e+03,1.197560e+00,1.001700e-01,5.425320e-01
1,1825,1.476350e+01,4.256360e+00,5.787880e+03,1.203590e+00,9.858450e-02,5.475880e-01
1,1850,1.473940e+01,3.977720e+00,5.890550e+03,1.207870e+00,9.709370e-02,5.526160e-01
1,1875,1.472070e+01,3.794580e+00,5.987550e+03,1.210670e+00,9.567760e-02,5.576220e-01
1,1900,1.470580e+01,3.672170e+00,6.080780e+03,1.212340e+00,9.432300e-02,5.626080e-01
1,1925,1.469360e+01,3.589700e+00,6.171490e+03,1.213180e+00,9.302090e-02,5.675770e-01
1,1950,1.468350e+01,3.534600e+00,6.260500e+03,1.213430e+00,9.176470e-02,5.725300e-01
1,1975,1.467480e+01,3.499110e+00,6.348380e+03,1.213240e+00,9.054940e-02,5.774670e-01
1,2000,1.466720e+01,3.478300e+00,6.435570e+03,1.212720e+00,8.937130e-02,5.823900e-01
1,2025,1.466040e+01,3.469020e+00,6.522390e+03,1.211950e+00,8.822730e-02,5.871580e-01
1,2050,1.465420e+01,3.469150e+00,6.609100e+03,1.210970e+00,8.711460e-02,5.919100e-01
1,2075,1.464850e+01,3.477320e+00,6.695920e+03,1.209820e+00,8.603110e-02,5.966460e-01
1,2100,1.464290e+01,3.492580e+00,6.783030e+03,1.208530e+00,8.497490e-02,6.013670e-01
1,2125,1.463750e+01,3.514330e+00,6.870600e+03,1.207110e+00,8.394420e-02,6.060720e-01
1,2150,1.463210e+01,3.542190e+00,6.958800e+03,1.205580e+00,8.293740e-02,6.107620e-01
1,2175,1.462660e+01,3.575930e+00,7.047760e+03,1.203960e+00,8.195330e-02,6.154370e-01
1,2200,1.462090e+01,3.615470e+00,7.137640e+03,1.202240e+00,8.099030e-02,6.200990e-01
1,2225,1.461490e+01,3.660820e+00,7.228580e+03,1.200460e+00,8.004750e-02,6.247460e-01
1,2250,1.460850e+01,3.712090e+00,7.320730e+03,1.198600e+00,7.912350e-02,6.293790e-01
1,2275,1.460170e+01,3.769430e+00,7.414240e+03,1.196690e+00,7.821740e-02,6.339990e-01
1,2300,1.459430e+01,3.833070e+00,7.509250e+03,1.194730e+00,7.732810e-02,6.386060e-01
1,2325,1.458630e+01,3.903270e+00,7.605940e+03,1.192730e+00,7.645470e-02,6.431990e-01
1,2350,1.457760e+01,3.980350e+00,7.704470e+03,1.190710e+00,7.559610e-02,6.477800e-01
1,2375,1.456810e+01,4.064680e+00,7.805020e+03,1.188670e+00,7.475150e-02,6.523470e-01
1,2400,1.455770e+01,4.156650e+00,7.907770e+03,1.186630e+00,7.392010e-02,6.569020e-01
1,2425,1.454630e+01,4.256710e+00,8.012920e+03,1.184600e+00,7.310090e-02,6.614430e-01
1,2450,1.453390e+01,4.365330e+00,8.120680e+03,1.182590e+00,7.229320e-02,6.659710e-01
1,2475,1.452030e+01,4.483040e+00,8.231260e+03,1.180620e+00,7.149600e-02,6.704860e-01
1,2500,1.450540e+01,4.610400e+00,8.344910e+03,1.178690e+00,7.070860e-02,6.749870e-01
1,2525,1.448920e+01,4.748020e+00,8.461870e+03,1.176830e+00,6.993030e-02,6.794750e-01
1,2550,1.447150e+01,4.896560e+00,8.582400e+03,1.175040e+00,6.916010e-02,6.839480e-01
1,2575,1.445220e+01,5.056730e+00,8.706790e+03,1.173340e+00,6.839740e-02,6.884060e-01
1,2600,1.443130e+01,5.229290e+00,8.835340e+03,1.171740e+00,6.764140e-02,6.928490e-01
1,2625,1.440840e+01,5.415090e+00,8.968370e+03,1.170260e+00,6.689130e-02,6.972740e-01
1,2650,1.438370e+01,5.614990e+00,9.106210e+03,1.168910e+00,6.614630e-02,7.016830e-01
1,2675,1.435680e+01,5.829990e+00,9.249240e+03,1.167700e+00,6.540570e-02,7.060720e-01
1,2700,1.432770e+01,6.061120e+00,9.397850e+03,1.166640e+00,6.466880e-02,7.104410e-01
1,2725,1.429620e+01,6.309500e+00,9.552440e+03,1.165750e+00,6.393470e-02,7.147890e-01
1,2750,1.426220e+01,6.576360e+00,9.713480e+03,1.165050e+00,6.320270e-02,7.191120e-01
1,2775,1.422550e+01,6.863000e+00,9.881430e+03,1.164540e+00,6.247210e-02,7.234100e-01
1,2800,1.418590e+01,7.170820e+00,1.005680e+04,1.164240e+00,6.174200e-02,7.276790e-01
1,2825,1.414330e+01,7.501320e+00,1.024020e+04,1.164160e+00,6.101170e-02,7.319180e-01
1,2850,1.409740e+01,7.856060e+00,1.043210e+04,1.164310e+00,6.028050e-02,7.361230e-01
1,2875,1.404820e+01,8.236710e+00,1.063320e+04,1.164710e+00,5.954750e-02,7.402910e-01
1,2900,1.399530e+01,8.644960e+00,1.084410e+04,1.165380e+00,5.881210e-02,7.444190e-01
1,2925,1.393860e+01,9.082540e+00,1.106570e+04,1.166320e+00,5.807330e-02,7.485020e-01
1,2950,1.387800e+01,9.551180e+00,1.129850e+04,1.167550e+00,5.733060e-02,7.525390e-01
1,2975,1.381310e+01,1.005250e+01,1.154350e+04,1.169090e+00,5.658310e-02,7.565230e-01
1,3000,1.374390e+01,1.058800e+01,1.180140e+04,1.170940e+00,5.583020e-02,7.604520e-01
1,3025,1.367000e+01,1.115910e+01,1.207320e+04,1.173120e+00,5.507130e-02,7.643220e-01
1,3050,1.359140e+01,1.176660e+01,1.235970e+04,1.175650e+00,5.430560e-02,7.681290e-01
1,3075,1.350780e+01,1.241100e+01,1.266180e+04,1.178520e+00,5.353290e-02,7.718690e-01
1,3100,1.341910e+01,1.309240e+01,1.298050e+04,1.181730e+00,5.275250e-02,7.755390e-01
1,3125,1.332520e+01,1.381000e+01,1.331680e+04,1.185300e+00,5.196430e-02,7.791360e-01
1,3150,1.322600e+01,1.456220e+01,1.367130e+04,1.189210e+00,5.116810e-02,7.826600e-01
1,3175,1.312140e+01,1.534650e+01,1.404510e+04,1.193450e+00,5.036400e-02,7.861080e-01
1,3200,1.301160e+01,1.615940e+01,1.443890e+04,1.198000e+00,4.955210e-02,7.894810e-01
1,3225,1.289650e+01,1.699620e+01,1.485330e+04,1.202840e+00,4.873300e-02,7.927800e-01
1,3250,1.277630e+01,1.785130e+01,1.528890e+04,1.207920e+00,4.790730e-02,7.960060e-01
1,3275,1.265110e+01,1.871800e+01,1.574600e+04,1.213210e+00,4.707600e-02,7.991620e-01
1,3300,1.252140e+01,1.958870e+01,1.622480e+04,1.218660e+00,4.624020e-02,8.022520e-01
1,3325,1.238730e+01,2.045540e+01,1.672540e+04,1.224210e+00,4.540120e-02,8.052790e-01
1,3350,1.224940e+01,2.130940e+01,1.724750e+04,1.229810e+00,4.456070e-02,8.082480e-01
1,3375,1.210810e+01,2.214190e+01,1.779070e+04,1.235390e+00,4.372040e-02,8.111630e-01
1,3400,1.196390e+01,2.294460e+01,1.835430e+04,1.240900e+00,4.288210e-02,8.140290e-01
1,3425,1.181740e+01,2.370920e+01,1.893760e+04,1.246280e+00,4.204790e-02,8.168470e-01
1,3450,1.166920e+01,2.442860e+01,1.953940e+04,1.251470e+00,4.121960e-02,8.196200e-01
1,3475,1.151980e+01,2.509640e+01,2.015860e+04,1.256430e+00,4.039920e-02,8.223500e-01
1,3500,1.136990e+01,2.570750e+01,2.079370e+04,1.261110e+00,3.958880e-02,8.250360e-01
1,3525,1.122010e+01,2.625780e+01,2.144340e+04,1.265480e+00,3.878990e-02,8.276760e-01
1,3550,1.107080e+01,2.674470e+01,2.210610e+04,1.269520e+00,3.800440e-02,8.302680e-01
1,3575,1.092270e+01,2.716670e+01,2.278010e+04,1.273190e+00,3.723360e-02,8.328080e-01
1,3600,1.077610e+01,2.752350e+01,2.346390e+04,1.276490e+00,3.647900e-02,8.352910e-01
1,3625,1.063160e+01,2.781580e+01,2.415580e+04,1.279420e+00,3.574160e-02,8.377120e-01
1,3650,1.048950e+01,2.804510e+01,2.485420e+04,1.281960e+00,3.502230e-02,8.400680e-01
1,3675,1.035020e+01,2.821390e+01,2.555750e+04,1.284140e+00,3.432190e-02,8.423520e-01
1,3700,1.021380e+01,2.832510e+01,2.626440e+04,1.285950e+00,3.364100e-02,8.445620e-01
1,3725,1.008070e+01,2.838210e+01,2.697330e+04,1.287400e+00,3.297980e-02,8.466930e-01
1,3750,9.951090e+00,2.838880e+01,2.768310e+04,1.288520e+00,3.233860e-02,8.487440e-01
1,3775,9.825010e+00,2.834920e+01,2.839240e+04,1.289310e+00,3.171740e-02,8.507140e-01
1,3800,9.702630e+00,2.826740e+01,2.910020e+04,1.289800e+00,3.111630e-02,8.526040e-01
1,3825,9.583990e+00,2.814770e+01,2.980540e+04,1.290010e+00,3.053490e-02,8.544160e-01
1,3850,9.469130e+00,2.799460e+01,3.050730e+04,1.289950e+00,2.997310e-02,8.561540e-01
1,3875,9.358060e+00,2.781240e+01,3.120490e+04,1.289650e+00,2.943040e-02,8.578220e-01
1,3900,9.250750e+00,2.760520e+01,3.189770e+04,1.289130e+00,2.890640e-02,8.594250e-01
1,3925,9.147180e+00,2.737730e+01,3.258500e+04,1.288410e+00,2.840070e-02,8.609720e-01
1,3950,9.047260e+00,2.713280e+01,3.326640e+04,1.287510e+00,2.791270e-02,8.624690e-01
1,3975,8.950930e+00,2.687560e+01,3.394150e+04,1.286450e+00,2.744180e-02,8.639260e-01
1,4000,8.858080e+00,2.660930e+01,3.461010e+04,1.285250e+00,2.698740e-02,8.653500e-01
1.77828,200,3.094510e+01,1.144150e+00,-4.836910e+03,1.306900e+00,3.353080e+00,8.791870e-02
1.77828,225,3.094510e+01,1.185780e+00,-4.807790e+03,1.292970e+00,2.980520e+00,9.757770e-02
1.77828,250,3.094510e+01,1.232780e+00,-4.777570e+03,1.278690e+00,2.682470e+00,1.071520e-01
1.77828,275,3.094510e+01,1.284860e+00,-4.746110e+03,1.264410e+00,2.438600e+00,1.166360e-01
1.77828,300,3.094510e+01,1.341010e+00,-4.713300e+03,1.250560e+00,2.235390e+00,1.260210e-01
1.77828,325,3.094510e+01,1.400160e+00,-4.679040e+03,1.237470e+00,2.063430e+00,1.356830e-01
1.77828,350,3.094500e+01,1.461550e+00,-4.643270e+03,1.225280e+00,1.916040e+00,1.453030e-01
1.77828,375,3.094480e+01,1.525260e+00,-4.605940e+03,1.213950e+00,1.788290e+00,1.548760e-01
1.77828,400,3.094380e+01,1.593050e+00,-4.566970e+03,1.203300e+00,1.676470e+00,1.643990e-01
1.77828,425,3.094080e+01,1.669720e+00,-4.526220e+03,1.192970e+00,1.577700e+00,1.738710e-01
1.77828,450,3.093310e+01,1.765100e+00,-4.483330e+03,1.182480e+00,1.489680e+00,1.832970e-01
1.77828,475,3.091500e+01,1.896470e+00,-4.437660e+03,1.171400e+00,1.410450e+00,1.926890e-01
1.77828,500,3.087660e+01,2.090780e+00,-4.387990e+03,1.159690e+00,1.338260e+00,2.020710e-01
1.77828,525,3.080140e+01,2.386000e+00,-4.332290e+03,1.148030e+00,1.271430e+00,2.111030e-01
1.77828,550,3.066460e+01,2.829720e+00,-4.267450e+03,1.137960e+00,1.208250e+00,2.201720e-01
1.77828,575,3.043330e+01,3.472410e+00,-4.189140e+03,1.131350e+00,1.147000e+00,2.293500e-01
1.77828,600,3.006880e+01,4.351160e+00,-4.091850e+03,1.129720e+00,1.086040e+00,2.387150e-01
1.77828,625,2.953570e+01,5.458880e+00,-3.969650e+03,1.133600e+00,1.024120e+00,2.481100e-01
1.77828,650,2.881760e+01,6.698140e+00,-3.817770e+03,1.142180e+00,9.607870e-01,2.577310e-01
1.77828,675,2.793690e+01,7.838110e+00,-3.635530e+03,1.153100e+00,8.969270e-01,2.674760e-01
1.77828,700,2.696640e+01,8.535230e+00,-3.429570e+03,1.162740e+00,8.348470e-01,2.771350e-01
1.77828,725,2.601680e+01,8.494730e+00,-3.215010e+03,1.167730e+00,7.776740e-01,2.864500e-01
1.77828,750,2.519510e+01,7.716010e+00,-3.011090e+03,1.167280e+00,7.280100e-01,2.952330e-01
1.77828,775,2.455990e+01,6.549900e+00,-2.832460e+03,1.163720e+00,6.867620e-01,3.034400e-01
1.77828,800,2.410750e+01,5.438960e+00,-2.683080e+03,1.160160e+00,6.530450e-01,3.111430e-01
1.77828,825,2.379570e+01,4.637380e+00,-2.557870e+03,1.157850e+00,6.250670e-01,3.184600e-01
1.77828,850,2.357450e+01,4.177010e+00,-2.448340e+03,1.156240e+00,6.010440e-01,3.254950e-01
1.77828,875,2.340340e+01,3.983120e+00,-2.346790e+03,1.154710e+00,5.796330e-01,3.323230e-01
1.77828,900,2.325510e+01,3.968690e+00,-2.247690e+03,1.153260e+00,5.599600e-01,3.389870e-01
1.77828,925,2.311240e+01,4.067920e+00,-2.147420e+03,1.152190e+00,5.414850e-01,3.455160e-01
1.77828,950,2.296550e+01,4.237630e+00,-2.043710e+03,1.151750e+00,5.238830e-01,3.519270e-01
1.77828,975,2.280850e+01,4.450300e+00,-1.935180e+03,1.152060e+00,5.069600e-01,3.582290e-01
1.77828,1000,2.263830e+01,4.687750e+00,-1.820990e+03,1.153100e+00,4.905980e-01,3.644320e-01
1.77828,1025,2.245370e+01,4.936990e+00,-1.700700e+03,1.154830e+00,4.747300e-01,3.703210e-01
1.77828,1050,2.225470e+01,5.188090e+00,-1.574130e+03,1.157130e+00,4.593200e-01,3.761130e-01
1.77828,1075,2.204220e+01,5.432730e+00,-1.441350e+03,1.159870e+00,4.443540e-01,3.818160e-01
1.77828,1100,2.181780e+01,5.663930e+00,-1.302600e+03,1.162930e+00,4.298330e-01,3.874350e-01
1.77828,1125,2.158360e+01,5.875990e+00,-1.158310e+03,1.166170e+00,4.157700e-01,3.929780e-01
1.77828,1150,2.134200e+01,6.064730e+00,-1.009000e+03,1.169430e+00,4.021790e-01,3.984530e-01
1.77828,1175,2.109580e+01,6.227850e+00,-8.552880e+02,1.172590e+00,3.890800e-01,4.038690e-01
1.77828,1200,2.084740e+01,6.365350e+00,-6.978210e+02,1.175490e+00,3.764890e-01,4.092350e-01
1.77828,1225,2.059940e+01,6.479920e+00,-5.372120e+02,1.178010e+00,3.644180e-01,4.145610e-01
1.77828,1250,2.035380e+01,6.577300e+00,-3.739690e+02,1.180020e+00,3.528720e-01,4.198560e-01
1.77828,1275,2.011240e+01,6.666480e+00,-2.084170e+02,1.181410e+00,3.418500e-01,4.251310e-01
1.77828,1300,1.987620e+01,6.759930e+00,-4.061070e+01,1.182100e+00,3.313380e-01,4.303960e-01
1.77828,1325,1.964550e+01,6.873570e+00,1.297470e+02,1.182000e+00,3.213140e-01,4.356620e-01
1.77828,1350,1.942020e+01,7.026810e+00,3.033970e+02,1.181120e+00,3.117470e-01,4.409420e-01
1.77828,1375,1.919900e+01,7.242550e+00,4.816070e+02,1.179490e+00,3.025930e-01,4.462460e-01
1.77828,1400,1.898000e+01,7.547030e+00,6.662630e+02,1.177250e+00,2.938000e-01,4.515880e-01
1.77828,1425,1.876060e+01,7.969720e+00,8.599430e+02,1.174650e+00,2.853070e-01,4.569810e-01
1.77828,1450,1.853710e+01,8.542610e+00,1.066000e+03,1.172070e+00,2.770480e-01,4.624390e-01
1.77828,1475,1.830540e+01,9.298560e+00,1.288600e+03,1.169960e+00,2.689480e-01,4.679770e-01
1.77828,1500,1.806090e+01,1.026710e+01,1.532700e+03,1.168830e+00,2.609330e-01,4.736080e-01
1.77828,1525,1.779870e+01,1.146520e+01,1.803870e+03,1.169110e+00,2.529300e-01,4.793430e-01
1.77828,1550,1.751460e+01,1.287990e+01,2.107780e+03,1.171090e+00,2.448790e-01,4.851890e-01
1.77828,1575,1.720630e+01,1.443670e+01,2.449080e+03,1.174710e+00,2.367490e-01,4.911390e-01
1.77828,1600,1.687480e+01,1.595670e+01,2.829350e+03,1.179430e+00,2.285600e-01,4.971720e-01
1.77828,1625,1.652730e+01,1.712000e+01,3.243980e+03,1.184040e+00,2.204090e-01,5.032420e-01
1.77828,1650,1.617840e+01,1.749890e+01,3.678800e+03,1.186870e+00,2.124870e-01,5.092820e-01
1.77828,1675,1.584930e+01,1.674180e+01,4.109350e+03,1.186570e+00,2.050580e-01,5.152180e-01
1.77828,1700,1.556190e+01,1.486740e+01,4.506430e+03,1.183440e+00,1.983790e-01,5.209870e-01
1.77828,1725,1.533020e+01,1.236800e+01,4.847460e+03,1.179770e+00,1.925930e-01,5.265650e-01
1.77828,1750,1.515560e+01,9.903690e+00,5.125200e+03,1.178430e+00,1.876800e-01,5.319690e-01
1.77828,1775,1.502940e+01,7.900950e+00,5.346590e+03,1.180750e+00,1.834960e-01,5.372360e-01
1.77828,1800,1.493960e+01,6.455750e+00,5.524950e+03,1.186040e+00,1.798650e-01,5.424050e-01
1.77828,1825,1.487510e+01,5.476560e+00,5.673270e+03,1.192530e+00,1.766360e-01,5.475070e-01
1.77828,1850,1.482780e+01,4.828960e+00,5.801530e+03,1.198680e+00,1.736950e-01,5.525630e-01
1.77828,1875,1.479220e+01,4.400590e+00,5.916540e+03,1.203660e+00,1.709680e-01,5.575850e-01
1.77828,1900,1.476470e+01,4.113510e+00,6.022730e+03,1.207320e+00,1.684050e-01,5.625820e-01
1.77828,1925,1.474300e+01,3.917670e+00,6.122970e+03,1.209780e+00,1.659730e-01,5.675570e-01
1.77828,1950,1.472540e+01,3.781880e+00,6.219110e+03,1.211310e+00,1.636490e-01,5.725140e-01
1.77828,1975,1.471080e+01,3.686810e+00,6.312400e+03,1.212120e+00,1.614180e-01,5.774540e-01
1.77828,2000,1.469860e+01,3.620300e+00,6.403690e+03,1.212400e+00,1.592670e-01,5.823780e-01
1.77828,2025,1.468810e+01,3.574640e+00,6.493590e+03,1.212290e+00,1.571890e-01,5.871480e-01
1.77828,2050,1.467890e+01,3.544760e+00,6.582550e+03,1.211860e+00,1.551750e-01,5.919010e-01
1.77828,2075,1.467080e+01,3.527310e+00,6.670930e+03,1.211190e+00,1.532210e-01,5.966380e-01
1.77828,2100,1.466350e+01,3.519990e+00,6.759000e+03,1.210330e+00,1.513210e-01,6.013590e-01
1.77828,2125,1.465670e+01,3.521220e+00,6.847000e+03,1.209310e+00,1.494720e-01,6.060650e-01
1.77828,2150,1.465040e+01,3.529910e+00,6.935120e+03,1.208160e+00,1.476700e-01,6.107550e-01
1.77828,2175,1.464420e+01,3.545300e+00,7.023550e+03,1.206880e+00,1.459120e-01,6.154310e-01
1.77828,2200,1.463830e+01,3.566850e+00,7.112440e+03,1.205510e+00,1.441950e-01,6.200930e-01
1.77828,2225,1.463230e+01,3.594240e+00,7.201940e+03,1.204050e+00,1.425160e-01,6.247410e-01
1.77828,2250,1.462620e+01,3.627250e+00,7.292200e+03,1.202510e+00,1.408740e-01,6.293750e-01
1.77828,2275,1.462000e+01,3.665780e+00,7.383350e+03,1.200900e+00,1.392670e-01,6.339960e-01
1.77828,2300,1.461350e+01,3.709820e+00,7.475530e+03,1.199230e+00,1.376920e-01,6.386030e-01
1.77828,2325,1.460660e+01,3.759430e+00,7.568890e+03,1.197510e+00,1.361470e-01,6.431970e-01
1.77828,2350,1.459930e+01,3.814710e+00,7.663550e+03,1.195740e+00,1.346320e-01,6.477790e-01
1.77828,2375,1.459150e+01,3.875830e+00,7.759670e+03,1.193950e+00,1.331430e-01,6.523480e-01
1.77828,2400,1.458320e+01,3.943010e+00,7.857390e+03,1.192130e+00,1.316810e-01,6.569040e-01
1.77828,2425,1.457410e+01,4.016470e+00,7.956870e+03,1.190290e+00,1.302430e-01,6.614480e-01
1.77828,2450,1.456440e+01,4.096520e+00,8.058270e+03,1.188450e+00,1.288270e-01,6.659790e-01
1.77828,2475,1.455380e+01,4.183470e+00,8.161760e+03,1.186610e+00,1.274330e-01,6.704980e-01
1.77828,2500,1.454230e+01,4.277680e+00,8.267510e+03,1.184790e+00,1.260590e-01,6.750040e-01
1.77828,2525,1.452980e+01,4.379520e+00,8.375710e+03,1.182990e+00,1.247040e-01,6.794970e-01
1.77828,2550,1.451620e+01,4.489430e+00,8.486550e+03,1.181240e+00,1.233660e-01,6.839780e-01
1.77828,2575,1.450150e+01,4.607850e+00,8.600250e+03,1.179520e+00,1.220440e-01,6.884450e-01
1.77828,2600,1.448550e+01,4.735280e+00,8.717020e+03,1.177870e+00,1.207380e-01,6.928990e-01
1.77828,2625,1.446820e+01,4.872250e+00,8.837090e+03,1.176290e+00,1.194450e-01,6.973390e-01
1.77828,2650,1.444950e+01,5.019320e+00,8.960710e+03,1.174780e+00,1.181650e-01,7.017640e-01
1.77828,2675,1.442920e+01,5.177110e+00,9.088150e+03,1.173370e+00,1.168960e-01,7.061730e-01
1.77828,2700,1.440720e+01,5.346280e+00,9.219670e+03,1.172070e+00,1.156370e-01,7.105670e-01
1.77828,2725,1.438350e+01,5.527530e+00,9.355560e+03,1.170870e+00,1.143880e-01,7.149430e-01
1.77828,2750,1.435790e+01,5.721640e+00,9.496150e+03,1.169810e+00,1.131460e-01,7.193010e-01
1.77828,2775,1.433030e+01,5.929400e+00,9.641760e+03,1.168880e+00,1.119110e-01,7.236390e-01
1.77828,2800,1.430060e+01,6.151710e+00,9.792740e+03,1.168100e+00,1.106820e-01,7.279560e-01
1.77828,2825,1.426860e+01,6.389500e+00,9.949470e+03,1.167480e+00,1.094570e-01,7.322510e-01
1.77828,2850,1.423430e+01,6.643760e+00,1.011240e+04,1.167020e+00,1.082360e-01,7.365200e-01
1.77828,2875,1.419740e+01,6.915560e+00,1.028180e+04,1.166750e+00,1.070170e-01,7.407640e-01
1.77828,2900,1.415780e+01,7.206020e+00,1.045830e+04,1.166680e+00,1.057990e-01,7.449780e-01
1.77828,2925,1.411550e+01,7.516320e+00,1.064230e+04,1.166800e+00,1.045810e-01,7.491610e-01
1.77828,2950,1.407010e+01,7.847680e+00,1.083430e+04,1.167140e+00,1.033610e-01,7.533100e-01
1.77828,2975,1.402170e+01,8.201360e+00,1.103480e+04,1.167710e+00,1.021400e-01,7.574220e-01
1.77828,3000,1.396990e+01,8.578620e+00,1.124450e+04,1.168520e+00,1.009150e-01,7.614940e-01
1.77828,3025,1.391470e+01,8.980720e+00,1.146400e+04,1.169580e+00,9.968520e-02,7.655220e-01
1.77828,3050,1.385590e+01,9.408870e+00,1.169380e+04,1.170910e+00,9.845020e-02,7.695050e-01
1.77828,3075,1.379330e+01,9.864200e+00,1.193470e+04,1.172500e+00,9.720860e-02,7.734380e-01
1.77828,3100,1.372680e+01,1.034770e+01,1.218720e+04,1.174380e+00,9.595960e-02,7.773170e-01
1.77828,3125,1.365610e+01,1.086010e+01,1.245230e+04,1.176550e+00,9.470220e-02,7.811410e-01
1.77828,3150,1.358130e+01,1.140190e+01,1.273050e+04,1.179020e+00,9.343570e-02,7.849060e-01
1.77828,3175,1.350210e+01,1.197330e+01,1.302260e+04,1.181800e+00,9.215940e-02,7.886080e-01
1.77828,3200,1.341840e+01,1.257400e+01,1.332940e+04,1.184880e+00,9.087280e-02,7.922470e-01
1.77828,3225,1.333020e+01,1.320320e+01,1.365160e+04,1.188260e+00,8.957560e-02,7.958200e-01
1.77828,3250,1.323740e+01,1.385950e+01,1.398980e+04,1.191940e+00,8.826760e-02,7.993250e-01
1.77828,3275,1.314000e+01,1.454080e+01,1.434470e+04,1.195910e+00,8.694900e-02,8.027630e-01
1.77828,3300,1.303790e+01,1.524440e+01,1.471700e+04,1.200150e+00,8.562010e-02,8.061330e-01
1.77828,3325,1.293130e+01,1.596680e+01,1.510710e+04,1.204640e+00,8.428150e-02,8.094360e-01
1.77828,3350,1.282030e+01,1.670370e+01,1.551550e+04,1.209350e+00,8.293430e-02,8.126740e-01
1.77828,3375,1.270500e+01,1.745030e+01,1.594240e+04,1.214260e+00,8.157950e-02,8.158500e-01
1.77828,3400,1.258560e+01,1.820120e+01,1.638800e+04,1.219310e+00,8.021890e-02,8.189670e-01
1.77828,3425,1.246240e+01,1.895030e+01,1.685240e+04,1.224480e+00,7.885410e-02,8.220270e-01
1.77828,3450,1.233580e+01,1.969160e+01,1.733550e+04,1.229710e+00,7.748720e-02,8.250350e-01
1.77828,3475,1.220600e+01,2.041870e+01,1.783690e+04,1.234960e+00,7.612050e-02,8.279950e-01
1.77828,3500,1.207360e+01,2.112540e+01,1.835620e+04,1.240190e+00,7.475660e-02,8.309090e-01
1.77828,3525,1.193880e+01,2.180560e+01,1.889290e+04,1.245340e+00,7.339800e-02,8.337820e-01
1.77828,3550,1.180220e+01,2.245390e+01,1.944630e+04,1.250370e+00,7.204730e-02,8.366150e-01
1.77828,3575,1.166430e+01,2.306520e+01,2.001530e+04,1.255240e+00,7.070730e-02,8.394100e-01
1.77828,3600,1.152550e+01,2.363540e+01,2.059920e+04,1.259920e+00,6.938050e-02,8.421670e-01
1.77828,3625,1.138620e+01,2.416100e+01,2.119670e+04,1.264360e+00,6.806950e-02,8.448870e-01
1.77828,3650,1.124700e+01,2.463950e+01,2.180680e+04,1.268550e+00,6.677670e-02,8.475670e-01
1.77828,3675,1.110820e+01,2.506910e+01,2.242830e+04,1.272460e+00,6.550430e-02,8.502050e-01
1.77828,3700,1.097040e+01,2.544880e+01,2.305990e+04,1.276080e+00,6.425420e-02,8.527980e-01
1.77828,3725,1.083380e+01,2.577860e+01,2.370030e+04,1.279400e+00,6.302820e-02,8.553420e-01
1.77828,3750,1.069880e+01,2.605900e+01,2.434840e+04,1.282400e+00,6.182790e-02,8.578320e-01
1.77828,3775,1.056570e+01,2.629100e+01,2.500290e+04,1.285090e+00,6.065440e-02,8.602650e-01
1.77828,3800,1.043480e+01,2.647630e+01,2.566250e+04,1.287470e+00,5.950880e-02,8.626370e-01
1.77828,3825,1.030630e+01,2.661680e+01,2.632630e+04,1.289540e+00,5.839180e-02,8.649430e-01
1.77828,3850,1.018040e+01,2.671510e+01,2.699300e+04,1.291310e+00,5.730420e-02,8.671810e-01
1.77828,3875,1.005730e+01,2.677350e+01,2.766170e+04,1.292790e+00,5.624610e-02,8.693470e-01
1.77828,3900,9.937130e+00,2.679480e+01,2.833140e+04,1.293990e+00,5.521770e-02,8.714420e-01
1.77828,3925,9.819960e+00,2.678200e+01,2.900120e+04,1.294920e+00,5.421910e-02,8.734630e-01
1.77828,3950,9.705890e+00,2.673780e+01,2.967020e+04,1.295600e+00,5.325010e-02,8.754130e-01
1.77828,3975,9.594940e+00,2.666530e+01,3.033780e+04,1.296040e+00,5.231030e-02,8.772930e-01
1.77828,4000,9.487170e+00,2.656750e+01,3.100330e+04,1.296250e+00,5.139950e-02,8.791060e-01
3.16228,200,3.094510e+01,1.144150e+00,-4.836910e+03,1.306900e+00,5.962720e+00,8.791870e-02
3.16228,225,3.094510e+01,1.185780e+00,-4.807790e+03,1.292970e+00,5.300190e+00,9.757770e-02
3.16228,250,3.094510e+01,1.232780e+00,-4.777570e+03,1.278690e+00,4.770170e+00,1.071520e-01
3.16228,275,3.094510e+01,1.284860e+00,-4.746110e+03,1.264410e+00,4.336520e+00,1.166360e-01
3.16228,300,3.094510e+01,1.341010e+00,-4.713300e+03,1.250560e+00,3.975140e+00,1.260210e-01
3.16228,325,3.094510e+01,1.400120e+00,-4.679040e+03,1.237480e+00,3.669360e+00,1.356830e-01
3.16228,350,3.094510e+01,1.461370e+00,-4.643270e+03,1.225300e+00,3.407260e+00,1.453030e-01
3.16228,375,3.094490e+01,1.524570e+00,-4.605950e+03,1.214030e+00,3.180090e+00,1.548760e-01
3.16228,400,3.094410e+01,1.590810e+00,-4.567020e+03,1.203530e+00,2.981260e+00,1.643980e-01
3.16228,425,3.094200e+01,1.663430e+00,-4.526360e+03,1.193510e+00,2.805700e+00,1.738680e-01
3.16228,450,3.093640e+01,1.749470e+00,-4.483740e+03,1.183590e+00,2.649350e+00,1.832900e-01
3.16228,475,3.092330e+01,1.861440e+00,-4.438670e+03,1.173400e+00,2.508840e+00,1.926710e-01
3.16228,500,3.089530e+01,2.019020e+00,-4.390290e+03,1.162750e+00,2.381250e+00,2.020280e-01
3.16228,525,3.084040e+01,2.250260e+00,-4.337110e+03,1.151970e+00,2.263820e+00,2.110130e-01
3.16228,550,3.074020e+01,2.591240e+00,-4.276860e+03,1.142040e+00,2.153900e+00,2.199980e-01
3.16228,575,3.056930e+01,3.082720e+00,-4.206290e+03,1.134440e+00,2.048800e+00,2.290390e-01
3.16228,600,3.029640e+01,3.761550e+00,-4.121160e+03,1.130630e+00,1.945900e+00,2.382020e-01
3.16228,625,2.988850e+01,4.643710e+00,-4.016510e+03,1.131560e+00,1.842920e+00,2.473290e-01
3.16228,650,2.932070e+01,5.696790e+00,-3.887530e+03,1.137260e+00,1.738370e+00,2.566500e-01
3.16228,675,2.858940e+01,6.805420e+00,-3.731180e+03,1.146590e+00,1.632240e+00,2.661320e-01
3.16228,700,2.772690e+01,7.751180e+00,-3.548590e+03,1.157160e+00,1.526460e+00,2.756550e-01
3.16228,725,2.680540e+01,8.255020e+00,-3.347320e+03,1.165790e+00,1.424840e+00,2.850250e-01
3.16228,750,2.592100e+01,8.118700e+00,-3.141250e+03,1.169890e+00,1.331900e+00,2.940330e-01
3.16228,775,2.515930e+01,7.389420e+00,-2.946400e+03,1.169150e+00,1.251060e+00,3.025460e-01
3.16228,800,2.456390e+01,6.363280e+00,-2.774270e+03,1.165640e+00,1.183290e+00,3.105450e-01
3.16228,825,2.413020e+01,5.385730e+00,-2.627790e+03,1.161920e+00,1.127170e+00,3.180980e-01
3.16228,850,2.382310e+01,4.659350e+00,-2.502840e+03,1.159130e+00,1.080100e+00,3.253040e-01
3.16228,875,2.360080e+01,4.219330e+00,-2.392410e+03,1.157080e+00,1.039440e+00,3.322520e-01
3.16228,900,2.342790e+01,4.012890e+00,-2.289920e+03,1.155330e+00,1.003170e+00,3.390050e-01
3.16228,925,2.327980e+01,3.970400e+00,-2.190400e+03,1.153830e+00,9.698830e-01,3.456050e-01
3.16228,950,2.314040e+01,4.035300e+00,-2.090510e+03,1.152760e+00,9.387050e-01,3.520760e-01
3.16228,975,2.299990e+01,4.168480e+00,-1.988070e+03,1.152290e+00,9.090820e-01,3.584360e-01
3.16228,1000,2.285240e+01,4.344180e+00,-1.881730e+03,1.152510e+00,8.806700e-01,3.646960e-01
3.16228,1025,2.269460e+01,4.545250e+00,-1.770660e+03,1.153400e+00,8.532590e-01,3.706420e-01
3.16228,1050,2.252500e+01,4.759830e+00,-1.654360e+03,1.154910e+00,8.267170e-01,3.764930e-01
3.16228,1075,2.234300e+01,4.978960e+00,-1.532630e+03,1.156950e+00,8.009690e-01,3.822550e-01
3.16228,1100,2.214930e+01,5.195580e+00,-1.405430e+03,1.159420e+00,7.759770e-01,3.879330e-01
3.16228,1125,2.194470e+01,5.403990e+00,-1.272920e+03,1.162210e+00,7.517240e-01,3.935340e-01
3.16228,1150,2.173080e+01,5.599680e+00,-1.135340e+03,1.165200e+00,7.282140e-01,3.990640e-01
3.16228,1175,2.150930e+01,5.779380e+00,-9.930650e+02,1.168280e+00,7.054580e-01,4.045290e-01
3.16228,1200,2.128240e+01,5.941280e+00,-8.465190e+02,1.171310e+00,6.834720e-01,4.099380e-01
3.16228,1225,2.105200e+01,6.085230e+00,-6.961510e+02,1.174180e+00,6.622750e-01,4.152970e-01
3.16228,1250,2.082000e+01,6.213100e+00,-5.423920e+02,1.176770e+00,6.418780e-01,4.206150e-01
3.16228,1275,2.058820e+01,6.328970e+00,-3.855970e+02,1.178970e+00,6.222870e-01,4.259000e-01
3.16228,1300,2.035810e+01,6.439410e+00,-2.259900e+02,1.180670e+00,6.034990e-01,4.311620e-01
3.16228,1325,2.013070e+01,6.553600e+00,-6.359620e+01,1.181800e+00,5.854970e-01,4.364080e-01
3.16228,1350,1.990640e+01,6.683500e+00,1.018200e+02,1.182290e+00,5.682520e-01,4.416490e-01
3.16228,1375,1.968530e+01,6.843880e+00,2.708320e+02,1.182100e+00,5.517230e-01,4.468950e-01
3.16228,1400,1.946660e+01,7.052370e+00,4.444140e+02,1.181260e+00,5.358520e-01,4.521550e-01
3.16228,1425,1.924920e+01,7.329430e+00,6.240210e+02,1.179860e+00,5.205700e-01,4.574420e-01
3.16228,1450,1.903090e+01,7.698220e+00,8.116500e+02,1.178070e+00,5.057930e-01,4.627660e-01
3.16228,1475,1.880920e+01,8.184200e+00,1.009910e+03,1.176160e+00,4.914280e-01,4.681410e-01
3.16228,1500,1.858090e+01,8.814070e+00,1.222060e+03,1.174490e+00,4.773710e-01,4.735780e-01
3.16228,1525,1.834220e+01,9.613300e+00,1.452020e+03,1.173450e+00,4.635140e-01,4.790900e-01
3.16228,1550,1.808920e+01,1.060100e+01,1.704300e+03,1.173450e+00,4.497490e-01,4.846890e-01
3.16228,1575,1.781820e+01,1.177950e+01,1.983670e+03,1.174810e+00,4.359790e-01,4.903810e-01
3.16228,1600,1.752630e+01,1.311700e+01,2.294620e+03,1.177660e+00,4.221370e-01,4.961680e-01
3.16228,1625,1.721280e+01,1.451950e+01,2.640090e+03,1.181800e+00,4.082070e-01,5.020390e-01
3.16228,1650,1.688070e+01,1.579900e+01,3.019600e+03,1.186550e+00,3.942650e-01,5.079700e-01
3.16228,1675,1.653830e+01,1.666150e+01,3.426580e+03,1.190730e+00,3.805040e-01,5.139170e-01
3.16228,1700,1.620030e+01,1.676440e+01,3.846310e+03,1.192920e+00,3.672460e-01,5.198200e-01
3.16228,1725,1.588550e+01,1.588420e+01,4.256510e+03,1.192230e+00,3.548890e-01,5.256180e-01
3.16228,1750,1.561150e+01,1.411760e+01,4.633030e+03,1.189210e+00,3.437860e-01,5.312650e-01
3.16228,1775,1.538870e+01,1.189570e+01,4.958580e+03,1.185910e+00,3.341060e-01,5.367480e-01
3.16228,1800,1.521710e+01,9.730420e+00,5.228350e+03,1.184540e+00,3.257930e-01,5.420810e-01
3.16228,1825,1.508930e+01,7.943990e+00,5.448330e+03,1.186080e+00,3.186310e-01,5.472960e-01
3.16228,1850,1.499510e+01,6.615420e+00,5.629410e+03,1.189980e+00,3.123630e-01,5.524250e-01
3.16228,1875,1.492520e+01,5.681300e+00,5.782400e+03,1.194960e+00,3.067610e-01,5.574930e-01
3.16228,1900,1.487240e+01,5.039100e+00,5.915900e+03,1.199820e+00,3.016530e-01,5.625180e-01
3.16228,1925,1.483160e+01,4.598040e+00,6.036020e+03,1.203910e+00,2.969200e-01,5.675110e-01
3.16228,1950,1.479950e+01,4.291770e+00,6.146920e+03,1.207010e+00,2.924780e-01,5.724790e-01
3.16228,1975,1.477360e+01,4.075740e+00,6.251360e+03,1.209170e+00,2.882710e-01,5.774260e-01
3.16228,2000,1.475240e+01,3.921000e+00,6.351210e+03,1.210560e+00,2.842590e-01,5.823560e-01
3.16228,2025,1.473470e+01,3.808920e+00,6.447760e+03,1.211340e+00,2.804130e-01,5.871290e-01
3.16228,2050,1.471980e+01,3.727440e+00,6.541910e+03,1.211650e+00,2.767130e-01,5.918840e-01
3.16228,2075,1.470690e+01,3.668600e+00,6.634320e+03,1.211600e+00,2.731400e-01,5.966230e-01
3.16228,2100,1.469570e+01,3.627080e+00,6.725490e+03,1.211260e+00,2.696830e-01,6.013450e-01
3.16228,2125,1.468580e+01,3.599230e+00,6.815790e+03,1.210690e+00,2.663310e-01,6.060520e-01
3.16228,2150,1.467690e+01,3.582510e+00,6.905540e+03,1.209940e+00,2.630750e-01,6.107440e-01
3.16228,2175,1.466880e+01,3.575120e+00,6.994990e+03,1.209040e+00,2.599070e-01,6.154210e-01
3.16228,2200,1.466130e+01,3.575750e+00,7.084360e+03,1.208010e+00,2.568220e-01,6.200830e-01
3.16228,2225,1.465420e+01,3.583470e+00,7.173840e+03,1.206870e+00,2.538140e-01,6.247320e-01
3.16228,2250,1.464740e+01,3.597610e+00,7.263590e+03,1.205640e+00,2.508770e-01,6.293670e-01
3.16228,2275,1.464080e+01,3.617670e+00,7.353770e+03,1.204330e+00,2.480070e-01,6.339880e-01
3.16228,2300,1.463420e+01,3.643340e+00,7.444520e+03,1.202940e+00,2.452010e-01,6.385960e-01
3.16228,2325,1.462750e+01,3.674390e+00,7.535980e+03,1.201500e+00,2.424540e-01,6.431910e-01
3.16228,2350,1.462080e+01,3.710690e+00,7.628280e+03,1.200000e+00,2.397640e-01,6.477740e-01
3.16228,2375,1.461370e+01,3.752190e+00,7.721560e+03,1.198450e+00,2.371260e-01,6.523440e-01
3.16228,2400,1.460640e+01,3.798910e+00,7.815940e+03,1.196870e+00,2.345390e-01,6.569010e-01
3.16228,2425,1.459880e+01,3.850900e+00,7.911550e+03,1.195250e+00,2.319990e-01,6.614470e-01
3.16228,2450,1.459060e+01,3.908280e+00,8.008530e+03,1.193620e+00,2.295040e-01,6.659800e-01
3.16228,2475,1.458200e+01,3.971180e+00,8.107010e+03,1.191970e+00,2.270510e-01,6.705010e-01
3.16228,2500,1.457270e+01,4.039800e+00,8.207130e+03,1.190310e+00,2.246370e-01,6.750100e-01
3.16228,2525,1.456280e+01,4.114340e+00,8.309050e+03,1.188650e+00,2.222620e-01,6.795080e-01
3.16228,2550,1.455210e+01,4.195050e+00,8.412900e+03,1.187000e+00,2.199210e-01,6.839930e-01
3.16228,2575,1.454060e+01,4.282210e+00,8.518850e+03,1.185370e+00,2.176140e-01,6.884660e-01
3.16228,2600,1.452820e+01,4.376100e+00,8.627070e+03,1.183770e+00,2.153380e-01,6.929260e-01
3.16228,2625,1.451490e+01,4.477070e+00,8.737720e+03,1.182200e+00,2.130910e-01,6.973740e-01
3.16228,2650,1.450050e+01,4.585470e+00,8.850980e+03,1.180680e+00,2.108720e-01,7.018090e-01
3.16228,2675,1.448490e+01,4.701680e+00,8.967060e+03,1.179210e+00,2.086770e-01,7.062310e-01
3.16228,2700,1.446820e+01,4.826120e+00,9.086140e+03,1.177800e+00,2.065060e-01,7.106390e-01
3.16228,2725,1.445020e+01,4.959230e+00,9.208430e+03,1.176470e+00,2.043570e-01,7.150330e-01
3.16228,2750,1.443080e+01,5.101500e+00,9.334170e+03,1.175220e+00,2.022270e-01,7.194120e-01
3.16228,2775,1.440990e+01,5.253430e+00,9.463590e+03,1.174060e+00,2.001150e-01,7.237760e-01
3.16228,2800,1.438750e+01,5.415570e+00,9.596930e+03,1.173000e+00,1.980200e-01,7.281220e-01
3.16228,2825,1.436340e+01,5.588510e+00,9.734460e+03,1.172050e+00,1.959390e-01,7.324510e-01
3.16228,2850,1.433750e+01,5.772870e+00,9.876450e+03,1.171220e+00,1.938700e-01,7.367610e-01
3.16228,2875,1.430980e+01,5.969330e+00,1.002320e+04,1.170520e+00,1.918130e-01,7.410510e-01
3.16228,2900,1.428010e+01,6.178570e+00,1.017500e+04,1.169960e+00,1.897650e-01,7.453200e-01
3.16228,2925,1.424830e+01,6.401360e+00,1.033220e+04,1.169540e+00,1.877240e-01,7.495650e-01
3.16228,2950,1.421430e+01,6.638490e+00,1.049520e+04,1.169280e+00,1.856890e-01,7.537860e-01
3.16228,2975,1.417800e+01,6.890780e+00,1.066430e+04,1.169180e+00,1.836590e-01,7.579800e-01
3.16228,3000,1.413930e+01,7.159100e+00,1.083990e+04,1.169270e+00,1.816310e-01,7.621440e-01
3.16228,3025,1.409800e+01,7.444340e+00,1.102240e+04,1.169530e+00,1.796030e-01,7.662780e-01
3.16228,3050,1.405400e+01,7.747410e+00,1.121220e+04,1.170000e+00,1.775750e-01,7.703780e-01
3.16228,3075,1.400720e+01,8.069240e+00,1.140990e+04,1.170660e+00,1.755450e-01,7.744420e-01
3.16228,3100,1.395750e+01,8.410740e+00,1.161590e+04,1.171540e+00,1.735110e-01,7.784670e-01
3.16228,3125,1.390460e+01,8.772780e+00,1.183060e+04,1.172650e+00,1.714710e-01,7.824510e-01
3.16228,3150,1.384860e+01,9.156210e+00,1.205470e+04,1.173990e+00,1.694250e-01,7.863900e-01
3.16228,3175,1.378920e+01,9.561760e+00,1.228860e+04,1.175570e+00,1.673700e-01,7.902830e-01
3.16228,3200,1.372630e+01,9.990050e+00,1.253300e+04,1.177400e+00,1.653050e-01,7.941260e-01
3.16228,3225,1.365990e+01,1.044150e+01,1.278830e+04,1.179480e+00,1.632300e-01,7.979170e-01
3.16228,3250,1.358980e+01,1.091650e+01,1.305520e+04,1.181830e+00,1.611430e-01,8.016530e-01
3.16228,3275,1.351580e+01,1.141480e+01,1.333430e+04,1.184440e+00,1.590430e-01,8.053330e-01
3.16228,3300,1.343800e+01,1.193630e+01,1.362620e+04,1.187310e+00,1.569290e-01,8.089550e-01
3.16228,3325,1.335630e+01,1.248020e+01,1.393130e+04,1.190460e+00,1.548020e-01,8.125160e-01
3.16228,3350,1.327060e+01,1.304530e+01,1.425040e+04,1.193860e+00,1.526610e-01,8.160170e-01
3.16228,3375,1.318090e+01,1.363030e+01,1.458380e+04,1.197510e+00,1.505060e-01,8.194570e-01
3.16228,3400,1.308720e+01,1.423290e+01,1.493200e+04,1.201400e+00,1.483380e-01,8.228370e-01
3.16228,3425,1.298960e+01,1.485080e+01,1.529550e+04,1.205520e+00,1.461570e-01,8.261560e-01
3.16228,3450,1.288820e+01,1.548090e+01,1.567470e+04,1.209840e+00,1.439640e-01,8.294180e-01
3.16228,3475,1.278300e+01,1.611980e+01,1.606970e+04,1.214340e+00,1.417620e-01,8.326230e-01
3.16228,3500,1.267420e+01,1.676360e+01,1.648070e+04,1.218990e+00,1.395510e-01,8.357740e-01
3.16228,3525,1.256200e+01,1.740830e+01,1.690780e+04,1.223760e+00,1.373360e-01,8.388740e-01
3.16228,3550,1.244670e+01,1.804920e+01,1.735110e+04,1.228610e+00,1.351170e-01,8.419260e-01
3.16228,3575,1.232850e+01,1.868210e+01,1.781020e+04,1.233520e+00,1.328980e-01,8.449350e-01
3.16228,3600,1.220780e+01,1.930220e+01,1.828510e+04,1.238440e+00,1.306820e-01,8.479020e-01
3.16228,3625,1.208470e+01,1.990520e+01,1.877520e+04,1.243340e+00,1.284720e-01,8.508300e-01
3.16228,3650,1.195970e+01,2.048700e+01,1.928020e+04,1.248180e+00,1.262730e-01,8.537240e-01
3.16228,3675,1.183320e+01,2.104350e+01,1.979930e+04,1.252930e+00,1.240870e-01,8.565830e-01
3.16228,3700,1.170550e+01,2.157150e+01,2.033210e+04,1.257550e+00,1.219180e-01,8.594100e-01
3.16228,3725,1.157690e+01,2.206790e+01,2.087770e+04,1.262020e+00,1.197700e-01,8.622060e-01
3.16228,3750,1.144790e+01,2.253030e+01,2.143520e+04,1.266310e+00,1.176460e-01,8.649690e-01
3.16228,3775,1.131890e+01,2.295700e+01,2.200390e+04,1.270390e+00,1.155490e-01,8.676990e-01
3.16228,3800,1.119000e+01,2.334670e+01,2.258280e+04,1.274260e+00,1.134830e-01,8.703940e-01
3.16228,3825,1.106180e+01,2.369870e+01,2.317090e+04,1.277890e+00,1.114490e-01,8.730510e-01
3.16228,3850,1.093440e+01,2.401260e+01,2.376740e+04,1.281280e+00,1.094500e-01,8.756670e-01
3.16228,3875,1.080820e+01,2.428890e+01,2.437120e+04,1.284420e+00,1.074890e-01,8.782390e-01
3.16228,3900,1.068340e+01,2.452810e+01,2.498150e+04,1.287310e+00,1.055670e-01,8.807630e-01
3.16228,3925,1.056030e+01,2.473130e+01,2.559730e+04,1.289930e+00,1.036850e-01,8.832350e-01
3.16228,3950,1.043900e+01,2.489970e+01,2.621780e+04,1.292300e+00,1.018460e-01,8.856520e-01
3.16228,3975,1.031970e+01,2.503490e+01,2.684200e+04,1.294420e+00,1.000490e-01,8.880120e-01
3.16228,4000,1.020260e+01,2.513850e+01,2.746930e+04,1.296290e+00,9.829540e-02,8.903100e-01
5.62341,200,3.094510e+01,1.144150e+00,-4.836910e+03,1.306900e+00,1.060340e+01,8.791870e-02
5.62341,225,3.094510e+01,1.185780e+00,-4.807790e+03,1.292970e+00,9.425220e+00,9.757770e-02
5.62341,250,3.094510e+01,1.232780e+00,-4.777570e+03,1.278690e+00,8.482700e+00,1.071520e-01
5.62341,275,3.094510e+01,1.284860e+00,-4.746110e+03,1.264410e+00,7.711550e+00,1.166360e-01
5.62341,300,3.094510e+01,1.341000e+00,-4.713300e+03,1.250560e+00,7.068920e+00,1.260210e-01
5.62341,325,3.094510e+01,1.400090e+00,-4.679040e+03,1.237480e+00,6.525150e+00,1.356830e-01
5.62341,350,3.094510e+01,1.461240e+00,-4.643270e+03,1.225320e+00,6.059060e+00,1.453030e-01
5.62341,375,3.094490e+01,1.524070e+00,-4.605960e+03,1.214090e+00,5.655100e+00,1.548760e-01
5.62341,400,3.094440e+01,1.589180e+00,-4.567050e+03,1.203700e+00,5.301570e+00,1.643970e-01
5.62341,425,3.094290e+01,1.658860e+00,-4.526470e+03,1.193910e+00,4.989460e+00,1.738660e-01
5.62341,450,3.093880e+01,1.738110e+00,-4.484030e+03,1.184420e+00,4.711650e+00,1.832840e-01
5.62341,475,3.092920e+01,1.835970e+00,-4.439410e+03,1.174910e+00,4.462290e+00,1.926570e-01
5.62341,500,3.090890e+01,1.966740e+00,-4.391960e+03,1.165150e+00,4.236390e+00,2.019970e-01
5.62341,525,3.086890e+01,2.151050e+00,-4.340630e+03,1.155260e+00,4.029430e+00,2.109480e-01
5.62341,550,3.079560e+01,2.415890e+00,-4.283740e+03,1.145790e+00,3.837140e+00,2.198710e-01
5.62341,575,3.066990e+01,2.793040e+00,-4.218900e+03,1.137800e+00,3.655330e+00,2.288100e-01
5.62341,600,3.046730e+01,3.314480e+00,-4.142880e+03,1.132550e+00,3.479880e+00,2.378160e-01
5.62341,625,3.015970e+01,4.003250e+00,-4.051770e+03,1.131110e+00,3.306960e+00,2.467270e-01
5.62341,650,2.972100e+01,4.857830e+00,-3.941320e+03,1.133970e+00,3.133510e+00,2.557820e-01
5.62341,675,2.913530e+01,5.829910e+00,-3.807880e+03,1.140830e+00,2.958000e+00,2.649880e-01
5.62341,700,2.840870e+01,6.801590e+00,-3.649810e+03,1.150410e+00,2.781220e+00,2.742940e-01
5.62341,725,2.757740e+01,7.581630e+00,-3.469390e+03,1.160460e+00,2.606740e+00,2.835770e-01
5.62341,750,2.670820e+01,7.953280e+00,-3.274160e+03,1.168280e+00,2.440420e+00,2.926680e-01
5.62341,775,2.588210e+01,7.785030e+00,-3.076280e+03,1.171870e+00,2.288650e+00,3.014020e-01
5.62341,800,2.516820e+01,7.136690e+00,-2.888960e+03,1.171120e+00,2.155970e+00,3.096850e-01
5.62341,825,2.460100e+01,6.245040e+00,-2.721480e+03,1.167740e+00,2.043530e+00,3.175100e-01
5.62341,850,2.417730e+01,5.380320e+00,-2.576450e+03,1.163870e+00,1.949260e+00,3.249360e-01
5.62341,875,2.386930e+01,4.711270e+00,-2.450800e+03,1.160650e+00,1.869450e+00,3.320480e-01
5.62341,900,2.364210e+01,4.280290e+00,-2.338880e+03,1.158160e+00,1.800220e+00,3.389200e-01
5.62341,925,2.346520e+01,4.054700e+00,-2.235070e+03,1.156130e+00,1.738460e+00,3.456080e-01
5.62341,950,2.331560e+01,3.980460e+00,-2.134890e+03,1.154500e+00,1.681920e+00,3.521490e-01
5.62341,975,2.317820e+01,4.009310e+00,-2.035190e+03,1.153360e+00,1.629140e+00,3.585700e-01
5.62341,1000,2.304310e+01,4.105680e+00,-1.933860e+03,1.152790e+00,1.579150e+00,3.648840e-01
5.62341,1025,2.290410e+01,4.245250e+00,-1.829550e+03,1.152870e+00,1.531340e+00,3.708850e-01
5.62341,1050,2.275780e+01,4.411660e+00,-1.721380e+03,1.153560e+00,1.485330e+00,3.767900e-01
5.62341,1075,2.260210e+01,4.593490e+00,-1.608840e+03,1.154820e+00,1.440860e+00,3.826050e-01
5.62341,1100,2.243620e+01,4.782440e+00,-1.491640e+03,1.156590e+00,1.397780e+00,3.883380e-01
5.62341,1125,2.226020e+01,4.972280e+00,-1.369710e+03,1.158770e+00,1.355990e+00,3.939930e-01
5.62341,1150,2.207450e+01,5.158180e+00,-1.243060e+03,1.161270e+00,1.315450e+00,3.995760e-01
5.62341,1175,2.188010e+01,5.336440e+00,-1.111860e+03,1.163990e+00,1.276130e+00,4.050920e-01
5.62341,1200,2.167840e+01,5.504440e+00,-9.763270e+02,1.166840e+00,1.238020e+00,4.105470e-01
5.62341,1225,2.147070e+01,5.660720e+00,-8.367380e+02,1.169700e+00,1.201140e+00,4.159480e-01
5.62341,1250,2.125860e+01,5.805090e+00,-6.933910e+02,1.172480e+00,1.165490e+00,4.213010e-01
5.62341,1275,2.104360e+01,5.938850e+00,-5.465720e+02,1.175080e+00,1.131080e+00,4.266120e-01
5.62341,1300,2.082710e+01,6.064910e+00,-3.965140e+02,1.177390e+00,1.097910e+00,4.318890e-01
5.62341,1325,2.061020e+01,6.188030e+00,-2.433520e+02,1.179330e+00,1.065980e+00,4.371390e-01
5.62341,1350,2.039390e+01,6.314960e+00,-8.708090e+01,1.180820e+00,1.035260e+00,4.423700e-01
5.62341,1375,2.017870e+01,6.454530e+00,7.250060e+01,1.181800e+00,1.005710e+00,4.475900e-01
5.62341,1400,1.996480e+01,6.617800e+00,2.358420e+02,1.182230e+00,9.772790e-01,4.528080e-01
5.62341,1425,1.975170e+01,6.818070e+00,4.036980e+02,1.182110e+00,9.498860e-01,4.580310e-01
5.62341,1450,1.953860e+01,7.070930e+00,5.771830e+02,1.181500e+00,9.234390e-01,4.632700e-01
5.62341,1475,1.932430e+01,7.394210e+00,7.578310e+02,1.180500e+00,8.978270e-01,4.685360e-01
5.62341,1500,1.910660e+01,7.807700e+00,9.476450e+02,1.179310e+00,8.729200e-01,4.738370e-01
5.62341,1525,1.888330e+01,8.332560e+00,1.149140e+03,1.178180e+00,8.485760e-01,4.791850e-01
5.62341,1550,1.865150e+01,8.989920e+00,1.365380e+03,1.177430e+00,8.246410e-01,4.845920e-01
5.62341,1575,1.840810e+01,9.797950e+00,1.599900e+03,1.177390e+00,8.009580e-01,4.900670e-01
5.62341,1600,1.814980e+01,1.076630e+01,1.856620e+03,1.178370e+00,7.773790e-01,4.956190e-01
5.62341,1625,1.787380e+01,1.188610e+01,2.139480e+03,1.180580e+00,7.537820e-01,5.012520e-01
5.62341,1650,1.757860e+01,1.311410e+01,2.451840e+03,1.184050e+00,7.300990e-01,5.069640e-01
5.62341,1675,1.726460e+01,1.435080e+01,2.795290e+03,1.188480e+00,7.063540e-01,5.127440e-01
5.62341,1700,1.693580e+01,1.542000e+01,3.168010e+03,1.193190e+00,6.827120e-01,5.185660e-01
5.62341,1725,1.660080e+01,1.607220e+01,3.562820e+03,1.197100e+00,6.595110e-01,5.243910e-01
5.62341,1750,1.627310e+01,1.604480e+01,3.965920e+03,1.199050e+00,6.372560e-01,5.301690e-01
5.62341,1775,1.596870e+01,1.519440e+01,4.358120e+03,1.198410e+00,6.165290e-01,5.358500e-01
5.62341,1800,1.570220e+01,1.362780e+01,4.719600e+03,1.195760e+00,5.978190e-01,5.414010e-01
5.62341,1825,1.548170e+01,1.168930e+01,5.036400e+03,1.192740e+00,5.813510e-01,5.468100e-01
5.62341,1850,1.530750e+01,9.776460e+00,5.304320e+03,1.191100e+00,5.670400e-01,5.520900e-01
5.62341,1875,1.517350e+01,8.151550e+00,5.527670e+03,1.191680e+00,5.545840e-01,5.572650e-01
5.62341,1900,1.507160e+01,6.896980e+00,5.715010e+03,1.194200e+00,5.436090e-01,5.623620e-01
5.62341,1925,1.499360e+01,5.979080e+00,5.875340e+03,1.197740e+00,5.337730e-01,5.674020e-01
5.62341,1950,1.493310e+01,5.323180e+00,6.016150e+03,1.201410e+00,5.248050e-01,5.724000e-01
5.62341,1975,1.488540e+01,4.856250e+00,6.143070e+03,1.204640e+00,5.165070e-01,5.773670e-01
5.62341,2000,1.484710e+01,4.521200e+00,6.260060e+03,1.207190e+00,5.087380e-01,5.823090e-01
5.62341,2025,1.481580e+01,4.277590e+00,6.369880e+03,1.209040e+00,5.013990e-01,5.870900e-01
5.62341,2050,1.478990e+01,4.097980e+00,6.474470e+03,1.210270e+00,4.944170e-01,5.918510e-01
5.62341,2075,1.476810e+01,3.964020e+00,6.575160e+03,1.210980e+00,4.877400e-01,5.965940e-01
5.62341,2100,1.474950e+01,3.863410e+00,6.672950e+03,1.211290e+00,4.813280e-01,6.013200e-01
5.62341,2125,1.473350e+01,3.787840e+00,6.768540e+03,1.211270e+00,4.751500e-01,6.060290e-01
5.62341,2150,1.471960e+01,3.731590e+00,6.862500e+03,1.210990e+00,4.691800e-01,6.107230e-01
5.62341,2175,1.470730e+01,3.690660e+00,6.955250e+03,1.210500e+00,4.634000e-01,6.154020e-01
5.62341,2200,1.469630e+01,3.662190e+00,7.047140e+03,1.209840e+00,4.577920e-01,6.200660e-01
5.62341,2225,1.468640e+01,3.644100e+00,7.138440e+03,1.209050e+00,4.523430e-01,6.247160e-01
5.62341,2250,1.467730e+01,3.634860e+00,7.229410e+03,1.208130e+00,4.470390e-01,6.293520e-01
5.62341,2275,1.466880e+01,3.633330e+00,7.320250e+03,1.207110e+00,4.418720e-01,6.339740e-01
5.62341,2300,1.466090e+01,3.638670e+00,7.411140e+03,1.206000e+00,4.368320e-01,6.385830e-01
5.62341,2325,1.465320e+01,3.650230e+00,7.502240e+03,1.204820e+00,4.319090e-01,6.431800e-01
5.62341,2350,1.464580e+01,3.667560e+00,7.593700e+03,1.203580e+00,4.270980e-01,6.477630e-01
5.62341,2375,1.463850e+01,3.690300e+00,7.685660e+03,1.202280e+00,4.223920e-01,6.523340e-01
5.62341,2400,1.463120e+01,3.718210e+00,7.778250e+03,1.200930e+00,4.177840e-01,6.568930e-01
5.62341,2425,1.462390e+01,3.751130e+00,7.871610e+03,1.199540e+00,4.132690e-01,6.614400e-01
5.62341,2450,1.461640e+01,3.788970e+00,7.965850e+03,1.198110e+00,4.088410e-01,6.659740e-01
5.62341,2475,1.460860e+01,3.831700e+00,8.061100e+03,1.196660e+00,4.044970e-01,6.704980e-01
5.62341,2500,1.460050e+01,3.879320e+00,8.157480e+03,1.195190e+00,4.002310e-01,6.750090e-01
5.62341,2525,1.459210e+01,3.931890e+00,8.255110e+03,1.193700e+00,3.960380e-01,6.795090e-01
5.62341,2550,1.458320e+01,3.989500e+00,8.354110e+03,1.192200e+00,3.919160e-01,6.839970e-01
5.62341,2575,1.457370e+01,4.052270e+00,8.454630e+03,1.190710e+00,3.878610e-01,6.884730e-01
5.62341,2600,1.456370e+01,4.120340e+00,8.556770e+03,1.189220e+00,3.838670e-01,6.929380e-01
5.62341,2625,1.455310e+01,4.193890e+00,8.660690e+03,1.187740e+00,3.799330e-01,6.973920e-01
5.62341,2650,1.454170e+01,4.273130e+00,8.766510e+03,1.186280e+00,3.760540e-01,7.018330e-01
5.62341,2675,1.452950e+01,4.358270e+00,8.874390e+03,1.184850e+00,3.722280e-01,7.062630e-01
5.62341,2700,1.451650e+01,4.449560e+00,8.984480e+03,1.183450e+00,3.684510e-01,7.106800e-01
5.62341,2725,1.450250e+01,4.547270e+00,9.096930e+03,1.182090e+00,3.647200e-01,7.150850e-01
5.62341,2750,1.448760e+01,4.651700e+00,9.211900e+03,1.180780e+00,3.610320e-01,7.194770e-01
5.62341,2775,1.447160e+01,4.763160e+00,9.329570e+03,1.179530e+00,3.573850e-01,7.238560e-01
5.62341,2800,1.445450e+01,4.881990e+00,9.450120e+03,1.178340e+00,3.537740e-01,7.282210e-01
5.62341,2825,1.443610e+01,5.008550e+00,9.573730e+03,1.177230e+00,3.501980e-01,7.325710e-01
5.62341,2850,1.441650e+01,5.143230e+00,9.700610e+03,1.176190e+00,3.466540e-01,7.369070e-01
5.62341,2875,1.439550e+01,5.286440e+00,9.830970e+03,1.175240e+00,3.431390e-01,7.412260e-01
5.62341,2900,1.437300e+01,5.438630e+00,9.965010e+03,1.174390e+00,3.396500e-01,7.455290e-01
5.62341,2925,1.434900e+01,5.600260e+00,1.010300e+04,1.173630e+00,3.361850e-01,7.498140e-01
5.62341,2950,1.432340e+01,5.771830e+00,1.024510e+04,1.172990e+00,3.327410e-01,7.540790e-01
5.62341,2975,1.429610e+01,5.953860e+00,1.039170e+04,1.172470e+00,3.293150e-01,7.583250e-01
5.62341,3000,1.426700e+01,6.146900e+00,1.054290e+04,1.172070e+00,3.259060e-01,7.625490e-01
5.62341,3025,1.423590e+01,6.351520e+00,1.069910e+04,1.171810e+00,3.225100e-01,7.667500e-01
5.62341,3050,1.420290e+01,6.568340e+00,1.086060e+04,1.171690e+00,3.191250e-01,7.709260e-01
5.62341,3075,1.416790e+01,6.797970e+00,1.102760e+04,1.171710e+00,3.157480e-01,7.750760e-01
5.62341,3100,1.413060e+01,7.041060e+00,1.120060e+04,1.171900e+00,3.123780e-01,7.791970e-01
5.62341,3125,1.409100e+01,7.298260e+00,1.137980e+04,1.172250e+00,3.090110e-01,7.832880e-01
5.62341,3150,1.404910e+01,7.570230e+00,1.156560e+04,1.172770e+00,3.056460e-01,7.873470e-01
5.62341,3175,1.400460e+01,7.857640e+00,1.175840e+04,1.173480e+00,3.022800e-01,7.913710e-01
5.62341,3200,1.395750e+01,8.161110e+00,1.195860e+04,1.174370e+00,2.989100e-01,7.953580e-01
5.62341,3225,1.390780e+01,8.481260e+00,1.216660e+04,1.175470e+00,2.955350e-01,7.993060e-01
5.62341,3250,1.385520e+01,8.818640e+00,1.238280e+04,1.176760e+00,2.921530e-01,8.032130e-01
5.62341,3275,1.379970e+01,9.173740e+00,1.260770e+04,1.178270e+00,2.887620e-01,8.070770e-01
5.62341,3300,1.374120e+01,9.546950e+00,1.284170e+04,1.179990e+00,2.853590e-01,8.108940e-01
5.62341,3325,1.367950e+01,9.938540e+00,1.308520e+04,1.181940e+00,2.819430e-01,8.146640e-01
5.62341,3350,1.361470e+01,1.034860e+01,1.333880e+04,1.184110e+00,2.785140e-01,8.183840e-01
5.62341,3375,1.354670e+01,1.077710e+01,1.360280e+04,1.186510e+00,2.750680e-01,8.220530e-01
5.62341,3400,1.347530e+01,1.122380e+01,1.387780e+04,1.189140e+00,2.716070e-01,8.256690e-01
5.62341,3425,1.340050e+01,1.168810e+01,1.416410e+04,1.192010e+00,2.681280e-01,8.292310e-01
5.62341,3450,1.332230e+01,1.216920e+01,1.446230e+04,1.195090e+00,2.646320e-01,8.327390e-01
5.62341,3475,1.324070e+01,1.266600e+01,1.477270e+04,1.198400e+00,2.611180e-01,8.361920e-01
5.62341,3500,1.315560e+01,1.317720e+01,1.509570e+04,1.201920e+00,2.575880e-01,8.395900e-01
5.62341,3525,1.306720e+01,1.370100e+01,1.543170e+04,1.205650e+00,2.540420e-01,8.429350e-01
5.62341,3550,1.297540e+01,1.423530e+01,1.578090e+04,1.209560e+00,2.504810e-01,8.462260e-01
5.62341,3575,1.288030e+01,1.477790e+01,1.614350e+04,1.213640e+00,2.469070e-01,8.494670e-01
5.62341,3600,1.278210e+01,1.532600e+01,1.651980e+04,1.217870e+00,2.433230e-01,8.526590e-01
5.62341,3625,1.268090e+01,1.587680e+01,1.690980e+04,1.222220e+00,2.397310e-01,8.558040e-01
5.62341,3650,1.257680e+01,1.642720e+01,1.731360e+04,1.226690e+00,2.361350e-01,8.589050e-01
5.62341,3675,1.247010e+01,1.697420e+01,1.773120e+04,1.231220e+00,2.325380e-01,8.619650e-01
5.62341,3700,1.236090e+01,1.751430e+01,1.816230e+04,1.235810e+00,2.289440e-01,8.649860e-01
5.62341,3725,1.224940e+01,1.804450e+01,1.860680e+04,1.240420e+00,2.253570e-01,8.679730e-01
5.62341,3750,1.213600e+01,1.856160e+01,1.906440e+04,1.245020e+00,2.217830e-01,8.709260e-01
5.62341,3775,1.202090e+01,1.906260e+01,1.953470e+04,1.249580e+00,2.182240e-01,8.738490e-01
5.62341,3800,1.190440e+01,1.954480e+01,2.001740e+04,1.254080e+00,2.146870e-01,8.767430e-01
5.62341,3825,1.178680e+01,2.000570e+01,2.051180e+04,1.258490e+00,2.111760e-01,8.796090e-01
5.62341,3850,1.166830e+01,2.044330e+01,2.101750e+04,1.262800e+00,2.076960e-01,8.824490e-01
5.62341,3875,1.154920e+01,2.085570e+01,2.153380e+04,1.266970e+00,2.042500e-01,8.852620e-01
5.62341,3900,1.142990e+01,2.124150e+01,2.206000e+04,1.270990e+00,2.008440e-01,8.880480e-01
5.62341,3925,1.131060e+01,2.159980e+01,2.259560e+04,1.274840e+00,1.974820e-01,8.908050e-01
5.62341,3950,1.119150e+01,2.192990e+01,2.313980e+04,1.278520e+00,1.941660e-01,8.935320e-01
5.62341,3975,1.107300e+01,2.223150e+01,2.369190e+04,1.282000e+00,1.909020e-01,8.962260e-01
5.62341,4000,1.095520e+01,2.250460e+01,2.425110e+04,1.285290e+00,1.876900e-01,8.988850e-01
10,200,3.094510e+01,1.144150e+00,-4.836910e+03,1.306900e+00,1.885580e+01,8.791870e-02
10,225,3.094510e+01,1.185780e+00,-4.807790e+03,1.292970e+00,1.676070e+01,9.757770e-02
10,250,3.094510e+01,1.232780e+00,-4.777570e+03,1.278690e+00,1.508460e+01,1.071520e-01
10,275,3.094510e+01,1.284860e+00,-4.746110e+03,1.264410e+00,1.371330e+01,1.166360e-01
10,300,3.094510e+01,1.341000e+00,-4.713300e+03,1.250560e+00,1.257050e+01,1.260210e-01
10,325,3.094510e+01,1.400070e+00,-4.679040e+03,1.237480e+00,1.160350e+01,1.356830e-01
10,350,3.094510e+01,1.461150e+00,-4.643280e+03,1.225330e+00,1.077470e+01,1.453030e-01
10,375,3.094500e+01,1.523710e+00,-4.605970e+03,1.214140e+00,1.005640e+01,1.548750e-01
10,400,3.094460e+01,1.588000e+00,-4.567080e+03,1.203820e+00,9.427730e+00,1.643970e-01
10,425,3.094350e+01,1.655540e+00,-4.526540e+03,1.194200e+00,8.872830e+00,1.738650e-01
10,450,3.094050e+01,1.729860e+00,-4.484240e+03,1.185030e+00,8.379100e+00,1.832800e-01
10,475,3.093360e+01,1.817440e+00,-4.439940e+03,1.176040e+00,7.936310e+00,1.926470e-01
10,500,3.091880e+01,1.928680e+00,-4.393180e+03,1.167000e+00,7.535890e+00,2.019740e-01
10,525,3.088970e+01,2.078660e+00,-4.343180e+03,1.157900e+00,7.170280e+00,2.109000e-01
10,550,3.083620e+01,2.287400e+00,-4.288750e+03,1.149030e+00,6.832510e+00,2.197780e-01
10,575,3.074410e+01,2.579110e+00,-4.228120e+03,1.141080e+00,6.515920e+00,2.286400e-01
10,600,3.059450e+01,2.979790e+00,-4.158890e+03,1.135020e+00,6.214040e+00,2.375280e-01
10,625,3.036490e+01,3.512260e+00,-4.078030e+03,1.131860e+00,5.920710e+00,2.462700e-01
10,650,3.003160e+01,4.187480e+00,-3.982080e+03,1.132290e+00,5.630500e+00,2.551040e-01
10,675,2.957490e+01,4.991550e+00,-3.867570e+03,1.136510e+00,5.339510e+00,2.640570e-01
10,700,2.898670e+01,5.869400e+00,-3.731870e+03,1.144030e+00,5.046400e+00,2.731170e-01
10,725,2.827830e+01,6.711610e+00,-3.574380e+03,1.153550e+00,4.753320e+00,2.822220e-01
10,750,2.748630e+01,7.359710e+00,-3.397910e+03,1.163050e+00,4.466180e+00,2.912610e-01
10,775,2.666920e+01,7.649530e+00,-3.209410e+03,1.170290e+00,4.193630e+00,3.000900e-01
10,800,2.589450e+01,7.491850e+00,-3.019200e+03,1.173690e+00,3.944580e+00,3.085820e-01
10,825,2.521860e+01,6.940270e+00,-2.838130e+03,1.173150e+00,3.725190e+00,3.166680e-01
10,850,2.467060e+01,6.176300e+00,-2.673970e+03,1.170020e+00,3.537070e+00,3.243450e-01
10,875,2.425030e+01,5.411220e+00,-2.529310e+03,1.166080e+00,3.377460e+00,3.316650e-01
10,900,2.393660e+01,4.789460e+00,-2.402180e+03,1.162490e+00,3.241170e+00,3.386960e-01
10,925,2.370110e+01,4.361390e+00,-2.288200e+03,1.159550e+00,3.122550e+00,3.455010e-01
10,950,2.351730e+01,4.112730e+00,-2.182610e+03,1.157200e+00,3.016790e+00,3.521320e-01
10,975,2.336410e+01,4.004070e+00,-2.081400e+03,1.155350e+00,2.920290e+00,3.586230e-01
10,1000,2.322680e+01,3.995250e+00,-1.981580e+03,1.154040e+00,2.830550e+00,3.649970e-01
10,1025,2.309540e+01,4.054280e+00,-1.881070e+03,1.153300e+00,2.745900e+00,3.710520e-01
10,1050,2.296360e+01,4.158200e+00,-1.778490e+03,1.153170e+00,2.665220e+00,3.770080e-01
10,1075,2.282730e+01,4.290950e+00,-1.672930e+03,1.153620e+00,2.587790e+00,3.828740e-01
10,1100,2.268420e+01,4.441360e+00,-1.563800e+03,1.154610e+00,2.513120e+00,3.886560e-01
10,1125,2.253310e+01,4.601490e+00,-1.450780e+03,1.156080e+00,2.440910e+00,3.943610e-01
10,1150,2.237360e+01,4.765520e+00,-1.333690e+03,1.157950e+00,2.370930e+00,3.999930e-01
10,1175,2.220570e+01,4.929120e+00,-1.212510e+03,1.160140e+00,2.303070e+00,4.055580e-01
10,1200,2.202990e+01,5.089120e+00,-1.087270e+03,1.162570e+00,2.237250e+00,4.110600e-01
10,1225,2.184720e+01,5.243320e+00,-9.580980e+02,1.165160e+00,2.173410e+00,4.165050e-01
10,1250,2.165840e+01,5.390470e+00,-8.251600e+02,1.167810e+00,2.111540e+00,4.218970e-01
10,1275,2.146480e+01,5.530340e+00,-6.886350e+02,1.170450e+00,2.051620e+00,4.272430e-01
10,1300,2.126730e+01,5.663820e+00,-5.486970e+02,1.172980e+00,1.993660e+00,4.325480e-01
10,1325,2.106700e+01,5.792990e+00,-4.054810e+02,1.175330e+00,1.937630e+00,4.378180e-01
10,1350,2.086500e+01,5.921300e+00,-2.590550e+02,1.177420e+00,1.883500e+00,4.430590e-01
10,1375,2.066190e+01,6.053670e+00,-1.093820e+02,1.179170e+00,1.831260e+00,4.482770e-01
10,1400,2.045820e+01,6.196580e+00,4.371620e+01,1.180540e+00,1.780820e+00,4.534800e-01
10,1425,2.025410e+01,6.358170e+00,2.006020e+02,1.181470e+00,1.732130e+00,4.586740e-01
10,1450,2.004950e+01,6.548340e+00,3.618620e+02,1.181970e+00,1.685070e+00,4.638670e-01
10,1475,1.984380e+01,6.778760e+00,5.283540e+02,1.182050e+00,1.639510e+00,4.690660e-01
10,1500,1.963610e+01,7.062850e+00,7.012470e+02,1.181790e+00,1.595320e+00,4.742810e-01
10,1525,1.942510e+01,7.415670e+00,8.820690e+02,1.181310e+00,1.552300e+00,4.795200e-01
10,1550,1.920900e+01,7.853610e+00,1.072740e+03,1.180780e+00,1.510270e+00,4.847930e-01
10,1575,1.898560e+01,8.393540e+00,1.275600e+03,1.180440e+00,1.469020e+00,4.901080e-01
10,1600,1.875250e+01,9.051310e+00,1.493400e+03,1.180560e+00,1.428310e+00,4.954750e-01
10,1625,1.850720e+01,9.838720e+00,1.729250e+03,1.181390e+00,1.387930e+00,5.009020e-01
10,1650,1.824700e+01,1.075820e+01,1.986440e+03,1.183180e+00,1.347690e+00,5.063950e-01
10,1675,1.797010e+01,1.179400e+01,2.268130e+03,1.186040e+00,1.307430e+00,5.119570e-01
10,1700,1.767560e+01,1.289920e+01,2.576730e+03,1.189950e+00,1.267090e+00,5.175850e-01
10,1725,1.736500e+01,1.398040e+01,2.912910e+03,1.194580e+00,1.226780e+00,5.232670e-01
10,1750,1.704230e+01,1.488560e+01,3.274300e+03,1.199280e+00,1.186790e+00,5.289790e-01
10,1775,1.671580e+01,1.541400e+01,3.654050e+03,1.203140e+00,1.147650e+00,5.346880e-01
10,1800,1.639710e+01,1.536670e+01,4.040180e+03,1.205200e+00,1.110140e+00,5.403540e-01
10,1825,1.609980e+01,1.464220e+01,4.416690e+03,1.204990e+00,1.075080e+00,5.459370e-01
10,1850,1.583600e+01,1.332320e+01,4.767280e+03,1.202900e+00,1.043170e+00,5.514090e-01
10,1875,1.561290e+01,1.166670e+01,5.080020e+03,1.200190e+00,1.014760e+00,5.567600e-01
10,1900,1.543150e+01,9.980730e+00,5.350400e+03,1.198260e+00,9.897760e-01,5.619990e-01
10,1925,1.528770e+01,8.489770e+00,5.580730e+03,1.197910e+00,9.678150e-01,5.671440e-01
10,1950,1.517470e+01,7.287390e+00,5.777320e+03,1.199110e+00,9.483500e-01,5.722150e-01
10,1975,1.508590e+01,6.369450e+00,5.947480e+03,1.201310e+00,9.308660e-01,5.772320e-01
10,2000,1.501540e+01,5.687320e+00,6.097760e+03,1.203830e+00,9.149330e-01,5.822070e-01
10,2025,1.495870e+01,5.184390e+00,6.233330e+03,1.206200e+00,9.002240e-01,5.870100e-01
10,2050,1.491240e+01,4.812120e+00,6.358060e+03,1.208160e+00,8.864930e-01,5.917860e-01
10,2075,1.487410e+01,4.533770e+00,6.474720e+03,1.209640e+00,8.735620e-01,5.965390e-01
10,2100,1.484200e+01,4.323120e+00,6.585310e+03,1.210640e+00,8.612990e-01,6.012720e-01
10,2125,1.481470e+01,4.161910e+00,6.691290e+03,1.211230e+00,8.496040e-01,6.059870e-01
10,2150,1.479140e+01,4.037490e+00,6.793710e+03,1.211480e+00,8.384030e-01,6.106850e-01
10,2175,1.477120e+01,3.941080e+00,6.893390e+03,1.211450e+00,8.276360e-01,6.153680e-01
10,2200,1.475360e+01,3.866480e+00,6.990950e+03,1.211190e+00,8.172550e-01,6.200350e-01
10,2225,1.473810e+01,3.809250e+00,7.086860e+03,1.210750e+00,8.072210e-01,6.246870e-01
10,2250,1.472420e+01,3.766180e+00,7.181530e+03,1.210150e+00,7.975030e-01,6.293250e-01
10,2275,1.471180e+01,3.734860e+00,7.275270e+03,1.209420e+00,7.880730e-01,6.339500e-01
10,2300,1.470050e+01,3.713510e+00,7.368350e+03,1.208590e+00,7.789090e-01,6.385610e-01
10,2325,1.469010e+01,3.700770e+00,7.461020e+03,1.207660e+00,7.699900e-01,6.431580e-01
10,2350,1.468050e+01,3.695580e+00,7.553450e+03,1.206660e+00,7.612980e-01,6.477440e-01
10,2375,1.467140e+01,3.697150e+00,7.645850e+03,1.205590e+00,7.528190e-01,6.523160e-01
10,2400,1.466280e+01,3.704850e+00,7.738360e+03,1.204460e+00,7.445380e-01,6.568760e-01
10,2425,1.465440e+01,3.718200e+00,7.831140e+03,1.203280e+00,7.364430e-01,6.614250e-01
10,2450,1.464630e+01,3.736840e+00,7.924320e+03,1.202060e+00,7.285240e-01,6.659610e-01
10,2475,1.463830e+01,3.760490e+00,8.018020e+03,1.200800e+00,7.207690e-01,6.704860e-01
10,2500,1.463020e+01,3.788960e+00,8.112380e+03,1.199510e+00,7.131700e-01,6.749990e-01
10,2525,1.462210e+01,3.822110e+00,8.207510e+03,1.198200e+00,7.057170e-01,6.795010e-01
10,2550,1.461390e+01,3.859850e+00,8.303530e+03,1.196860e+00,6.984040e-01,6.839910e-01
10,2575,1.460540e+01,3.902160e+00,8.400540e+03,1.195520e+00,6.912210e-01,6.884710e-01
10,2600,1.459660e+01,3.949030e+00,8.498670e+03,1.194160e+00,6.841630e-01,6.929390e-01
10,2625,1.458740e+01,4.000500e+00,8.598030e+03,1.192810e+00,6.772230e-01,6.973960e-01
10,2650,1.457790e+01,4.056620e+00,8.698740e+03,1.191460e+00,6.703930e-01,7.018420e-01
10,2675,1.456780e+01,4.117490e+00,8.800900e+03,1.190110e+00,6.636700e-01,7.062760e-01
10,2700,1.455720e+01,4.183220e+00,8.904650e+03,1.188780e+00,6.570450e-01,7.107000e-01
10,2725,1.454600e+01,4.253950e+00,9.010100e+03,1.187470e+00,6.505150e-01,7.151120e-01
10,2750,1.453410e+01,4.329830e+00,9.117390e+03,1.186190e+00,6.440740e-01,7.195120e-01
10,2775,1.452140e+01,4.411030e+00,9.226640e+03,1.184940e+00,6.377170e-01,7.239010e-01
10,2800,1.450800e+01,4.497760e+00,9.337990e+03,1.183720e+00,6.314390e-01,7.282780e-01
10,2825,1.449370e+01,4.590220e+00,9.451580e+03,1.182550e+00,6.252350e-01,7.326420e-01
10,2850,1.447850e+01,4.688650e+00,9.567550e+03,1.181430e+00,6.191000e-01,7.369930e-01
10,2875,1.446230e+01,4.793290e+00,9.686060e+03,1.180360e+00,6.130300e-01,7.413310e-01
10,2900,1.444510e+01,4.904420e+00,9.807270e+03,1.179360e+00,6.070220e-01,7.456560e-01
10,2925,1.442670e+01,5.022310e+00,9.931340e+03,1.178430e+00,6.010690e-01,7.499650e-01
10,2950,1.440720e+01,5.147280e+00,1.005840e+04,1.177570e+00,5.951690e-01,7.542600e-01
10,2975,1.438650e+01,5.279630e+00,1.018880e+04,1.176790e+00,5.893170e-01,7.585380e-01
10,3000,1.436440e+01,5.419720e+00,1.032250e+04,1.176100e+00,5.835090e-01,7.628000e-01
10,3025,1.434090e+01,5.567910e+00,1.045980e+04,1.175510e+00,5.777410e-01,7.670440e-01
10,3050,1.431600e+01,5.724570e+00,1.060100e+04,1.175010e+00,5.720100e-01,7.712690e-01
10,3075,1.428950e+01,5.890100e+00,1.074610e+04,1.174620e+00,5.663100e-01,7.754750e-01
10,3100,1.426140e+01,6.064910e+00,1.089550e+04,1.174350e+00,5.606390e-01,7.796590e-01
10,3125,1.423170e+01,6.249440e+00,1.104940e+04,1.174190e+00,5.549940e-01,7.838200e-01
10,3150,1.420010e+01,6.444120e+00,1.120810e+04,1.174160e+00,5.493690e-01,7.879570e-01
10,3175,1.416680e+01,6.649430e+00,1.137170e+04,1.174260e+00,5.437620e-01,7.920690e-01
10,3200,1.413140e+01,6.865800e+00,1.154070e+04,1.174500e+00,5.381690e-01,7.961530e-01
10,3225,1.409410e+01,7.093730e+00,1.171510e+04,1.174890e+00,5.325860e-01,8.002090e-01
10,3250,1.405470e+01,7.333670e+00,1.189540e+04,1.175430e+00,5.270110e-01,8.042340e-01
10,3275,1.401310e+01,7.586080e+00,1.208190e+04,1.176130e+00,5.214400e-01,8.082260e-01
10,3300,1.396920e+01,7.851390e+00,1.227490e+04,1.176990e+00,5.158690e-01,8.121840e-01
10,3325,1.392300e+01,8.130020e+00,1.247460e+04,1.178030e+00,5.102960e-01,8.161050e-01
10,3350,1.387430e+01,8.422340e+00,1.268150e+04,1.179240e+00,5.047180e-01,8.199890e-01
10,3375,1.382310e+01,8.728660e+00,1.289580e+04,1.180630e+00,4.991310e-01,8.238320e-01
10,3400,1.376940e+01,9.049230e+00,1.311800e+04,1.182210e+00,4.935340e-01,8.276340e-01
10,3425,1.371300e+01,9.384230e+00,1.334840e+04,1.183990e+00,4.879240e-01,8.313920e-01
10,3450,1.365380e+01,9.733690e+00,1.358740e+04,1.185950e+00,4.822990e-01,8.351060e-01
10,3475,1.359190e+01,1.009760e+01,1.383520e+04,1.188120e+00,4.766570e-01,8.387730e-01
10,3500,1.352710e+01,1.047570e+01,1.409240e+04,1.190480e+00,4.709970e-01,8.423930e-01
10,3525,1.345940e+01,1.086760e+01,1.435910e+04,1.193040e+00,4.653180e-01,8.459640e-01
10,3550,1.338890e+01,1.127280e+01,1.463580e+04,1.195800e+00,4.596190e-01,8.494860e-01
10,3575,1.331540e+01,1.169070e+01,1.492290e+04,1.198750e+00,4.538990e-01,8.529600e-01
10,3600,1.323890e+01,1.212010e+01,1.522050e+04,1.201890e+00,4.481600e-01,8.563840e-01
10,3625,1.315960e+01,1.256010e+01,1.552900e+04,1.205220e+00,4.424010e-01,8.597600e-01
10,3650,1.307740e+01,1.300920e+01,1.584860e+04,1.208710e+00,4.366250e-01,8.630880e-01
10,3675,1.299230e+01,1.346590e+01,1.617950e+04,1.212360e+00,4.308340e-01,8.663690e-01
10,3700,1.290440e+01,1.392850e+01,1.652190e+04,1.216160e+00,4.250290e-01,8.696060e-01
10,3725,1.281390e+01,1.439500e+01,1.687590e+04,1.220090e+00,4.192150e-01,8.728000e-01
10,3750,1.272080e+01,1.486330e+01,1.724170e+04,1.224140e+00,4.133940e-01,8.759520e-01
10,3775,1.262520e+01,1.533140e+01,1.761910e+04,1.228280e+00,4.075720e-01,8.790670e-01
10,3800,1.252740e+01,1.579690e+01,1.800820e+04,1.232490e+00,4.017520e-01,8.821450e-01
10,3825,1.242740e+01,1.625750e+01,1.840890e+04,1.236760e+00,3.959400e-01,8.851890e-01
10,3850,1.232540e+01,1.671100e+01,1.882100e+04,1.241060e+00,3.901420e-01,8.882030e-01
10,3875,1.222170e+01,1.715520e+01,1.924440e+04,1.245370e+00,3.843640e-01,8.911880e-01
10,3900,1.211640e+01,1.758800e+01,1.967870e+04,1.249670e+00,3.786100e-01,8.941460e-01
10,3925,1.200980e+01,1.800730e+01,2.012370e+04,1.253940e+00,3.728880e-01,8.970800e-01
10,3950,1.190210e+01,1.841150e+01,2.057890e+04,1.258150e+00,3.672040e-01,8.999890e-01
10,3975,1.179340e+01,1.879890e+01,2.104410e+04,1.262290e+00,3.615640e-01,9.028770e-01
10,4000,1.168410e+01,1.916820e+01,2.151870e+04,1.266350e+00,3.559740e-01,9.057420e-01
17.7828,200,3.094510e+01,1.144150e+00,-4.836910e+03,1.306900e+00,3.353080e+01,8.791870e-02
17.7828,225,3.094510e+01,1.185780e+00,-4.807790e+03,1.292970e+00,2.980520e+01,9.757770e-02
17.7828,250,3.094510e+01,1.232780e+00,-4.777570e+03,1.278690e+00,2.682470e+01,1.071520e-01
17.7828,275,3.094510e+01,1.284860e+00,-4.746110e+03,1.264410e+00,2.438600e+01,1.166360e-01
17.7828,300,3.094510e+01,1.341000e+00,-4.713300e+03,1.250560e+00,2.235390e+01,1.260210e-01
17.7828,325,3.094510e+01,1.400060e+00,-4.679040e+03,1.237490e+00,2.063430e+01,1.356830e-01
17.7828,350,3.094510e+01,1.461080e+00,-4.643280e+03,1.225340e+00,1.916050e+01,1.453030e-01
17.7828,375,3.094500e+01,1.523450e+00,-4.605970e+03,1.214170e+00,1.788300e+01,1.548750e-01
17.7828,400,3.094470e+01,1.587150e+00,-4.567090e+03,1.203900e+00,1.676520e+01,1.643970e-01
17.7828,425,3.094390e+01,1.653130e+00,-4.526600e+03,1.194410e+00,1.577860e+01,1.738640e-01
17.7828,450,3.094180e+01,1.723860e+00,-4.484400e+03,1.185480e+00,1.490100e+01,1.832780e-01
17.7828,475,3.093680e+01,1.803980e+00,-4.440330e+03,1.176870e+00,1.411440e+01,1.926400e-01
17.7828,500,3.092600e+01,1.901000e+00,-4.394060e+03,1.168400e+00,1.340410e+01,2.019580e-01
17.7828,525,3.090480e+01,2.025910e+00,-4.345050e+03,1.159970e+00,1.275700e+01,2.108650e-01
17.7828,550,3.086590e+01,2.193470e+00,-4.292410e+03,1.151710e+00,1.216180e+01,2.197100e-01
17.7828,575,3.079850e+01,2.421860e+00,-4.234870e+03,1.144050e+00,1.160760e+01,2.285170e-01
17.7828,600,3.068860e+01,2.731430e+00,-4.170640e+03,1.137670e+00,1.108430e+01,2.373160e-01
17.7828,625,3.051850e+01,3.141950e+00,-4.097450e+03,1.133390e+00,1.058190e+01,2.459270e-01
17.7828,650,3.026830e+01,3.667880e+00,-4.012580e+03,1.131950e+00,1.009150e+01,2.545860e-01
17.7828,675,2.991910e+01,4.310990e+00,-3.913070e+03,1.133790e+00,9.605630e+00,2.633220e-01
17.7828,700,2.945670e+01,5.050290e+00,-3.796220e+03,1.138890e+00,9.119440e+00,2.721450e-01
17.7828,725,2.887850e+01,5.831110e+00,-3.660200e+03,1.146690e+00,8.632130e+00,2.810360e-01
17.7828,750,2.819830e+01,6.558630e+00,-3.505100e+03,1.155960e+00,8.147870e+00,2.899300e-01
17.7828,775,2.745000e+01,7.106610e+00,-3.333770e+03,1.164970e+00,7.675780e+00,2.987290e-01
17.7828,800,2.668340e+01,7.351930e+00,-3.152300e+03,1.171850e+00,7.228250e+00,3.073170e-01
17.7828,825,2.595420e+01,7.230680e+00,-2.969260e+03,1.175300e+00,6.817650e+00,3.155950e-01
17.7828,850,2.530890e+01,6.782290e+00,-2.793530e+03,1.175160e+00,6.452630e+00,3.235100e-01
17.7828,875,2.477380e+01,6.140230e+00,-2.631760e+03,1.172430e+00,6.135730e+00,3.310610e-01
17.7828,900,2.435170e+01,5.468070e+00,-2.486750e+03,1.168570e+00,5.863670e+00,3.382890e-01
17.7828,925,2.402830e+01,4.890300e+00,-2.357550e+03,1.164700e+00,5.629410e+00,3.452500e-01
17.7828,950,2.378100e+01,4.463850e+00,-2.240960e+03,1.161350e+00,5.424860e+00,3.519990e-01
17.7828,975,2.358710e+01,4.190980e+00,-2.133070e+03,1.158610e+00,5.242670e+00,3.585800e-01
17.7828,1000,2.342750e+01,4.046490e+00,-2.030340e+03,1.156460e+00,5.077010e+00,3.650260e-01
17.7828,1025,2.328790e+01,3.998710e+00,-1.929950e+03,1.154880e+00,4.923650e+00,3.711400e-01
17.7828,1050,2.315810e+01,4.019650e+00,-1.829830e+03,1.153900e+00,4.779640e+00,3.771490e-01
17.7828,1075,2.303140e+01,4.087700e+00,-1.728570e+03,1.153500e+00,4.642950e+00,3.830640e-01
17.7828,1100,2.290340e+01,4.187160e+00,-1.625190e+03,1.153670e+00,4.512200e+00,3.888940e-01
17.7828,1125,2.277120e+01,4.306920e+00,-1.519050e+03,1.154350e+00,4.386470e+00,3.946450e-01
17.7828,1150,2.263320e+01,4.439080e+00,-1.409740e+03,1.155490e+00,4.265110e+00,4.003230e-01
17.7828,1175,2.248860e+01,4.577940e+00,-1.297040e+03,1.157030e+00,4.147690e+00,4.059330e-01
17.7828,1200,2.233700e+01,4.719410e+00,-1.180820e+03,1.158890e+00,4.033910e+00,4.114800e-01
17.7828,1225,2.217870e+01,4.860550e+00,-1.061070e+03,1.161000e+00,3.923570e+00,4.169670e-01
17.7828,1250,2.201400e+01,4.999360e+00,-9.378130e+02,1.163300e+00,3.816550e+00,4.224010e-01
17.7828,1275,2.184350e+01,5.134700e+00,-8.111300e+02,1.165700e+00,3.712740e+00,4.277840e-01
17.7828,1300,2.166800e+01,5.266260e+00,-6.811100e+02,1.168140e+00,3.612070e+00,4.331220e-01
17.7828,1325,2.148820e+01,5.394600e+00,-5.478440e+02,1.170550e+00,3.514510e+00,4.384200e-01
17.7828,1350,2.130480e+01,5.521200e+00,-4.113950e+02,1.172860e+00,3.420000e+00,4.436830e-01
17.7828,1375,2.111870e+01,5.648530e+00,-2.717780e+02,1.175000e+00,3.328480e+00,4.489150e-01
17.7828,1400,2.093030e+01,5.780150e+00,-1.289330e+02,1.176910e+00,3.239880e+00,4.541230e-01
17.7828,1425,2.074000e+01,5.920790e+00,1.730450e+01,1.178540e+00,3.154110e+00,4.593110e-01
17.7828,1450,2.054820e+01,6.076390e+00,1.672310e+02,1.179860e+00,3.071050e+00,4.644860e-01
17.7828,1475,2.035460e+01,6.254200e+00,3.213090e+02,1.180840e+00,2.990560e+00,4.696540e-01
17.7828,1500,2.015910e+01,6.462840e+00,4.801980e+02,1.181500e+00,2.912470e+00,4.748210e-01
17.7828,1525,1.996090e+01,6.712240e+00,6.447900e+02,1.181870e+00,2.836560e+00,4.799950e-01
17.7828,1550,1.975910e+01,7.013660e+00,8.162430e+02,1.182030e+00,2.762600e+00,4.851830e-01
17.7828,1575,1.955250e+01,7.379470e+00,9.960090e+02,1.182100e+00,2.690320e+00,4.903910e-01
17.7828,1600,1.933950e+01,7.822770e+00,1.185860e+03,1.182230e+00,2.619430e+00,4.956290e-01
17.7828,1625,1.911810e+01,8.356530e+00,1.387900e+03,1.182630e+00,2.549610e+00,5.009040e-01
17.7828,1650,1.888640e+01,8.992060e+00,1.604540e+03,1.183520e+00,2.480550e+00,5.062240e-01
17.7828,1675,1.864230e+01,9.736190e+00,1.838410e+03,1.185090e+00,2.411940e+00,5.115950e-01
17.7828,1700,1.838390e+01,1.058680e+01,2.092240e+03,1.187520e+00,2.343530e+00,5.170220e-01
17.7828,1725,1.810980e+01,1.152540e+01,2.368490e+03,1.190890e+00,2.275140e+00,5.225060e-01
17.7828,1750,1.782000e+01,1.250810e+01,2.668890e+03,1.195110e+00,2.206740e+00,5.280440e-01
17.7828,1775,1.751580e+01,1.345420e+01,2.993600e+03,1.199890e+00,2.138520e+00,5.336240e-01
17.7828,1800,1.720150e+01,1.424070e+01,3.340280e+03,1.204670e+00,2.070980e+00,5.392290e-01
17.7828,1825,1.688410e+01,1.471170e+01,3.703010e+03,1.208690e+00,2.004920e+00,5.448300e-01
17.7828,1850,1.657340e+01,1.471530e+01,4.071950e+03,1.211160e+00,1.941430e+00,5.503950e-01
17.7828,1875,1.628070e+01,1.416950e+01,4.434160e+03,1.211640e+00,1.881720e+00,5.558920e-01
17.7828,1900,1.601650e+01,1.312130e+01,4.776190e+03,1.210330e+00,1.826820e+00,5.612980e-01
17.7828,1925,1.578740e+01,1.174850e+01,5.087500e+03,1.208100e+00,1.777310e+00,5.666030e-01
17.7828,1950,1.559560e+01,1.028470e+01,5.362870e+03,1.206050e+00,1.733210e+00,5.718100e-01
17.7828,1975,1.543870e+01,8.923960e+00,5.602620e+03,1.204970e+00,1.694050e+00,5.769310e-01
17.7828,2000,1.531190e+01,7.770870e+00,5.810830e+03,1.205040e+00,1.659130e+00,5.819830e-01
17.7828,2025,1.520950e+01,6.849130e+00,5.993110e+03,1.206010e+00,1.627690e+00,5.868380e-01
17.7828,2050,1.512630e+01,6.135640e+00,6.155020e+03,1.207440e+00,1.599050e+00,5.916510e-01
17.7828,2075,1.505810e+01,5.590660e+00,6.301290e+03,1.208940e+00,1.572660e+00,5.964300e-01
17.7828,2100,1.500160e+01,5.174750e+00,6.435630e+03,1.210250e+00,1.548110e+00,6.011810e-01
17.7828,2125,1.495430e+01,4.855350e+00,6.560830e+03,1.211270e+00,1.525060e+00,6.059090e-01
17.7828,2150,1.491420e+01,4.607700e+00,6.678990e+03,1.211960e+00,1.503290e+00,6.106170e-01
17.7828,2175,1.487990e+01,4.413760e+00,6.791660e+03,1.212350e+00,1.482590e+00,6.153070e-01
17.7828,2200,1.485030e+01,4.260540e+00,6.900020e+03,1.212470e+00,1.462830e+00,6.199800e-01
17.7828,2225,1.482450e+01,4.138760e+00,7.004950e+03,1.212360e+00,1.443890e+00,6.246370e-01
17.7828,2250,1.480200e+01,4.041710e+00,7.107160e+03,1.212070e+00,1.425670e+00,6.292790e-01
17.7828,2275,1.478210e+01,3.964480e+00,7.207200e+03,1.211610e+00,1.408110e+00,6.339070e-01
17.7828,2300,1.476440e+01,3.903460e+00,7.305520e+03,1.211030e+00,1.391140e+00,6.385210e-01
17.7828,2325,1.474850e+01,3.855920e+00,7.402490e+03,1.210330e+00,1.374700e+00,6.431220e-01
17.7828,2350,1.473420e+01,3.819760e+00,7.498410e+03,1.209540e+00,1.358750e+00,6.477090e-01
17.7828,2375,1.472110e+01,3.793390e+00,7.593560e+03,1.208670e+00,1.343260e+00,6.522840e-01
17.7828,2400,1.470910e+01,3.775530e+00,7.688150e+03,1.207730e+00,1.328180e+00,6.568470e-01
17.7828,2425,1.469790e+01,3.765200e+00,7.782400e+03,1.206730e+00,1.313490e+00,6.613970e-01
17.7828,2450,1.468740e+01,3.761620e+00,7.876470e+03,1.205690e+00,1.299160e+00,6.659360e-01
17.7828,2475,1.467750e+01,3.764150e+00,7.970530e+03,1.204600e+00,1.285170e+00,6.704620e-01
17.7828,2500,1.466800e+01,3.772300e+00,8.064720e+03,1.203470e+00,1.271490e+00,6.749780e-01
17.7828,2525,1.465890e+01,3.785680e+00,8.159190e+03,1.202310e+00,1.258120e+00,6.794820e-01
17.7828,2550,1.464990e+01,3.803980e+00,8.254050e+03,1.201130e+00,1.245020e+00,6.839740e-01
17.7828,2575,1.464100e+01,3.826960e+00,8.349430e+03,1.199930e+00,1.232190e+00,6.884560e-01
17.7828,2600,1.463220e+01,3.854440e+00,8.445430e+03,1.198710e+00,1.219600e+00,6.929270e-01
17.7828,2625,1.462330e+01,3.886300e+00,8.542180e+03,1.197480e+00,1.207250e+00,6.973870e-01
17.7828,2650,1.461430e+01,3.922460e+00,8.639780e+03,1.196240e+00,1.195130e+00,7.018360e-01
17.7828,2675,1.460510e+01,3.962850e+00,8.738340e+03,1.195000e+00,1.183210e+00,7.062750e-01
17.7828,2700,1.459560e+01,4.007460e+00,8.837960e+03,1.193770e+00,1.171500e+00,7.107030e-01
17.7828,2725,1.458590e+01,4.056310e+00,8.938750e+03,1.192540e+00,1.159970e+00,7.151200e-01
17.7828,2750,1.457570e+01,4.109430e+00,9.040810e+03,1.191320e+00,1.148630e+00,7.195260e-01
17.7828,2775,1.456510e+01,4.166870e+00,9.144260e+03,1.190110e+00,1.137450e+00,7.239220e-01
17.7828,2800,1.455400e+01,4.228720e+00,9.249190e+03,1.188930e+00,1.126440e+00,7.283060e-01
17.7828,2825,1.454240e+01,4.295070e+00,9.355730e+03,1.187770e+00,1.115570e+00,7.326790e-01
17.7828,2850,1.453010e+01,4.366030e+00,9.463990e+03,1.186640e+00,1.104860e+00,7.370410e-01
17.7828,2875,1.451720e+01,4.441740e+00,9.574070e+03,1.185550e+00,1.094280e+00,7.413910e-01
17.7828,2900,1.450360e+01,4.522340e+00,9.686110e+03,1.184490e+00,1.083820e+00,7.457300e-01
17.7828,2925,1.448920e+01,4.607980e+00,9.800230e+03,1.183480e+00,1.073490e+00,7.500560e-01
17.7828,2950,1.447390e+01,4.698850e+00,9.916560e+03,1.182520e+00,1.063280e+00,7.543690e-01
17.7828,2975,1.445780e+01,4.795120e+00,1.003520e+04,1.181610e+00,1.053170e+00,7.586690e-01
17.7828,3000,1.444080e+01,4.897010e+00,1.015640e+04,1.180760e+00,1.043160e+00,7.629550e-01
17.7828,3025,1.442270e+01,5.004730e+00,1.028010e+04,1.179970e+00,1.033250e+00,7.672270e-01
17.7828,3050,1.440360e+01,5.118510e+00,1.040660e+04,1.179260e+00,1.023420e+00,7.714840e-01
17.7828,3075,1.438340e+01,5.238580e+00,1.053610e+04,1.178620e+00,1.013670e+00,7.757250e-01
17.7828,3100,1.436200e+01,5.365210e+00,1.066860e+04,1.178050e+00,1.004000e+00,7.799500e-01
17.7828,3125,1.433940e+01,5.498650e+00,1.080440e+04,1.177580e+00,9.944040e-01,7.841570e-01
17.7828,3150,1.431550e+01,5.639200e+00,1.094360e+04,1.177190e+00,9.848670e-01,7.883450e-01
17.7828,3175,1.429020e+01,5.787130e+00,1.108640e+04,1.176900e+00,9.753880e-01,7.925150e-01
17.7828,3200,1.426350e+01,5.942760e+00,1.123300e+04,1.176700e+00,9.659600e-01,7.966630e-01
17.7828,3225,1.423540e+01,6.106390e+00,1.138360e+04,1.176620e+00,9.565800e-01,8.007900e-01
17.7828,3250,1.420570e+01,6.278340e+00,1.153840e+04,1.176640e+00,9.472400e-01,8.048940e-01
17.7828,3275,1.417430e+01,6.458940e+00,1.169760e+04,1.176780e+00,9.379370e-01,8.089740e-01
17.7828,3300,1.414130e+01,6.648500e+00,1.186150e+04,1.177040e+00,9.286640e-01,8.130270e-01
17.7828,3325,1.410660e+01,6.847360e+00,1.203010e+04,1.177430e+00,9.194170e-01,8.170540e-01
17.7828,3350,1.407000e+01,7.055830e+00,1.220390e+04,1.177950e+00,9.101900e-01,8.210520e-01
17.7828,3375,1.403160e+01,7.274230e+00,1.238300e+04,1.178610e+00,9.009800e-01,8.250200e-01
17.7828,3400,1.399120e+01,7.502860e+00,1.256770e+04,1.179410e+00,8.917800e-01,8.289560e-01
17.7828,3425,1.394880e+01,7.741970e+00,1.275820e+04,1.180360e+00,8.825880e-01,8.328580e-01
17.7828,3450,1.390430e+01,7.991830e+00,1.295490e+04,1.181460e+00,8.733980e-01,8.367260e-01
17.7828,3475,1.385770e+01,8.252640e+00,1.315790e+04,1.182720e+00,8.642070e-01,8.405580e-01
17.7828,3500,1.380890e+01,8.524550e+00,1.336760e+04,1.184130e+00,8.550110e-01,8.443510e-01
17.7828,3525,1.375780e+01,8.807680e+00,1.358420e+04,1.185710e+00,8.458070e-01,8.481060e-01
17.7828,3550,1.370440e+01,9.102050e+00,1.380810e+04,1.187460e+00,8.365910e-01,8.518200e-01
17.7828,3575,1.364860e+01,9.407630e+00,1.403940e+04,1.189370e+00,8.273610e-01,8.554930e-01
17.7828,3600,1.359050e+01,9.724280e+00,1.427860e+04,1.191450e+00,8.181140e-01,8.591230e-01
17.7828,3625,1.352990e+01,1.005180e+01,1.452570e+04,1.193710e+00,8.088490e-01,8.627100e-01
17.7828,3650,1.346680e+01,1.038970e+01,1.478120e+04,1.196140e+00,7.995650e-01,8.662540e-01
17.7828,3675,1.340130e+01,1.073770e+01,1.504530e+04,1.198730e+00,7.902600e-01,8.697530e-01
17.7828,3700,1.333320e+01,1.109520e+01,1.531820e+04,1.201490e+00,7.809350e-01,8.732090e-01
17.7828,3725,1.326270e+01,1.146130e+01,1.560010e+04,1.204410e+00,7.715910e-01,8.766200e-01
17.7828,3750,1.318970e+01,1.183530e+01,1.589130e+04,1.207490e+00,7.622270e-01,8.799890e-01
17.7828,3775,1.311420e+01,1.221620e+01,1.619200e+04,1.210720e+00,7.528470e-01,8.833150e-01
17.7828,3800,1.303630e+01,1.260270e+01,1.650220e+04,1.214080e+00,7.434520e-01,8.866000e-01
17.7828,3825,1.295610e+01,1.299380e+01,1.682210e+04,1.217580e+00,7.340470e-01,8.898450e-01
17.7828,3850,1.287350e+01,1.338800e+01,1.715190e+04,1.221190e+00,7.246350e-01,8.930520e-01
17.7828,3875,1.278880e+01,1.378380e+01,1.749160e+04,1.224910e+00,7.152200e-01,8.962220e-01
17.7828,3900,1.270190e+01,1.417990e+01,1.784110e+04,1.228710e+00,7.058090e-01,8.993590e-01
17.7828,3925,1.261310e+01,1.457450e+01,1.820050e+04,1.232600e+00,6.964060e-01,9.024630e-01
17.7828,3950,1.252230e+01,1.496610e+01,1.856980e+04,1.236550e+00,6.870200e-01,9.055370e-01
17.7828,3975,1.242980e+01,1.535310e+01,1.894880e+04,1.240540e+00,6.776560e-01,9.085840e-01
17.7828,4000,1.233570e+01,1.573400e+01,1.933740e+04,1.244550e+00,6.683220e-01,9.116050e-01
31.6228,200,3.094510e+01,1.144150e+00,-4.836910e+03,1.306900e+00,5.962720e+01,8.791870e-02
31.6228,225,3.094510e+01,1.185780e+00,-4.807790e+03,1.292970e+00,5.300190e+01,9.757770e-02
31.6228,250,3.094510e+01,1.232780e+00,-4.777570e+03,1.278690e+00,4.770170e+01,1.071520e-01
31.6228,275,3.094510e+01,1.284860e+00,-4.746110e+03,1.264410e+00,4.336520e+01,1.166360e-01
31.6228,300,3.094510e+01,1.341000e+00,-4.713300e+03,1.250570e+00,3.975140e+01,1.260210e-01
31.6228,325,3.094510e+01,1.400050e+00,-4.679040e+03,1.237490e+00,3.669360e+01,1.356830e-01
31.6228,350,3.094510e+01,1.461030e+00,-4.643280e+03,1.225350e+00,3.407260e+01,1.453030e-01
31.6228,375,3.094510e+01,1.523260e+00,-4.605980e+03,1.214190e+00,3.180110e+01,1.548750e-01
31.6228,400,3.094490e+01,1.586530e+00,-4.567110e+03,1.203970e+00,2.981330e+01,1.643960e-01
31.6228,425,3.094430e+01,1.651390e+00,-4.526640e+03,1.194560e+00,2.805910e+01,1.738630e-01
31.6228,450,3.094270e+01,1.719510e+00,-4.484510e+03,1.185800e+00,2.649890e+01,1.832760e-01
31.6228,475,3.093910e+01,1.794200e+00,-4.440610e+03,1.177490e+00,2.510130e+01,1.926350e-01
31.6228,500,3.093130e+01,1.880870e+00,-4.394700e+03,1.169450e+00,2.384020e+01,2.019460e-01
31.6228,525,3.091590e+01,1.987510e+00,-4.346400e+03,1.161570e+00,2.269360e+01,2.108400e-01
31.6228,550,3.088750e+01,2.124930e+00,-4.295070e+03,1.153870e+00,2.164220e+01,2.196610e-01
31.6228,575,3.083840e+01,2.306660e+00,-4.239780e+03,1.146590e+00,2.066830e+01,2.284260e-01
31.6228,600,3.075780e+01,2.548240e+00,-4.179240e+03,1.140190e+00,1.975540e+01,2.371600e-01
31.6228,625,3.063250e+01,2.865740e+00,-4.111740e+03,1.135300e+00,1.888790e+01,2.456730e-01
31.6228,650,3.044640e+01,3.273100e+00,-4.035200e+03,1.132550e+00,1.805120e+01,2.541950e-01
31.6228,675,3.018310e+01,3.778030e+00,-3.947270e+03,1.132460e+00,1.723220e+01,2.627550e-01
31.6228,700,2.982740e+01,4.376170e+00,-3.845520e+03,1.135290e+00,1.642100e+01,2.713720e-01
31.6228,725,2.937020e+01,5.043970e+00,-3.727870e+03,1.140910e+00,1.561170e+01,2.800470e-01
31.6228,750,2.881180e+01,5.731830e+00,-3.593140e+03,1.148720e+00,1.480440e+01,2.887540e-01
31.6228,775,2.816660e+01,6.361680e+00,-3.441760e+03,1.157650e+00,1.400600e+01,2.974340e-01
31.6228,800,2.746420e+01,6.835680e+00,-3.276360e+03,1.166240e+00,1.323000e+01,3.060040e-01
31.6228,825,2.674610e+01,7.061560e+00,-3.102050e+03,1.172930e+00,1.249360e+01,3.143720e-01
31.6228,850,2.605780e+01,6.990310e+00,-2.925780e+03,1.176620e+00,1.181410e+01,3.224590e-01
31.6228,875,2.543850e+01,6.645680e+00,-2.754840e+03,1.177060e+00,1.120380e+01,3.302230e-01
31.6228,900,2.491210e+01,6.121020e+00,-2.595000e+03,1.174900e+00,1.066720e+01,3.376650e-01
31.6228,925,2.448500e+01,5.540100e+00,-2.449250e+03,1.171290e+00,1.020090e+01,3.448130e-01
31.6228,950,2.414860e+01,5.008730e+00,-2.317570e+03,1.167320e+00,9.796020e+00,3.517130e-01
31.6228,975,2.388610e+01,4.587430e+00,-2.197880e+03,1.163620e+00,9.441090e+00,3.584130e-01
31.6228,1000,2.367870e+01,4.292530e+00,-2.087140e+03,1.160470e+00,9.125130e+00,3.649510e-01
31.6228,1025,2.350920e+01,4.112660e+00,-1.982290e+03,1.157940e+00,8.838860e+00,3.711380e-01
31.6228,1050,2.336410e+01,4.025350e+00,-1.880740e+03,1.156010e+00,8.575140e+00,3.772080e-01
31.6228,1075,2.323300e+01,4.007270e+00,-1.780450e+03,1.154690e+00,8.328750e+00,3.831760e-01
31.6228,1100,2.310890e+01,4.038750e+00,-1.679960e+03,1.153960e+00,8.095970e+00,3.890530e-01
31.6228,1125,2.298680e+01,4.104660e+00,-1.578230e+03,1.153780e+00,7.874210e+00,3.948500e-01
31.6228,1150,2.286330e+01,4.193870e+00,-1.474530e+03,1.154120e+00,7.661660e+00,4.005710e-01
31.6228,1175,2.273640e+01,4.298360e+00,-1.368410e+03,1.154900e+00,7.457040e+00,4.062230e-01
31.6228,1200,2.260490e+01,4.412330e+00,-1.259540e+03,1.156080e+00,7.259440e+00,4.118110e-01
31.6228,1225,2.246800e+01,4.531670e+00,-1.147750e+03,1.157580e+00,7.068220e+00,4.173400e-01
31.6228,1250,2.232550e+01,4.653460e+00,-1.032930e+03,1.159360e+00,6.882940e+00,4.228120e-01
31.6228,1275,2.217760e+01,4.775720e+00,-9.150680e+02,1.161330e+00,6.703260e+00,4.282330e-01
31.6228,1300,2.202440e+01,4.897290e+00,-7.941540e+02,1.163450e+00,6.528930e+00,4.336060e-01
31.6228,1325,2.186630e+01,5.017730e+00,-6.702130e+02,1.165650e+00,6.359770e+00,4.389360e-01
31.6228,1350,2.170380e+01,5.137310e+00,-5.432740e+02,1.167870e+00,6.195620e+00,4.442260e-01
31.6228,1375,2.153750e+01,5.257010e+00,-4.133470e+02,1.170060e+00,6.036360e+00,4.494820e-01
31.6228,1400,2.136780e+01,5.378590e+00,-2.804080e+02,1.172160e+00,5.881860e+00,4.547060e-01
31.6228,1425,2.119510e+01,5.504590e+00,-1.443810e+02,1.174120e+00,5.731970e+00,4.599040e-01
31.6228,1450,2.101980e+01,5.638420e+00,-5.113950e+00,1.175900e+00,5.586530e+00,4.650800e-01
31.6228,1475,2.084190e+01,5.784380e+00,1.376410e+02,1.177470e+00,5.445370e+00,4.702390e-01
31.6228,1500,2.066150e+01,5.947740e+00,2.842500e+02,1.178800e+00,5.308270e+00,4.753870e-01
31.6228,1525,2.047840e+01,6.134750e+00,4.352240e+02,1.179890e+00,5.174970e+00,4.805280e-01
31.6228,1550,2.029210e+01,6.352690e+00,5.912450e+02,1.180760e+00,5.045190e+00,4.856680e-01
31.6228,1575,2.010200e+01,6.609810e+00,7.531850e+02,1.181450e+00,4.918600e+00,4.908130e-01
31.6228,1600,1.990720e+01,6.915300e+00,9.221380e+02,1.182050e+00,4.794830e+00,4.959700e-01
31.6228,1625,1.970650e+01,7.279040e+00,1.099440e+03,1.182650e+00,4.673460e+00,5.011440e-01
31.6228,1650,1.949850e+01,7.711190e+00,1.286660e+03,1.183400e+00,4.554070e+00,5.063430e-01
31.6228,1675,1.928170e+01,8.221390e+00,1.485650e+03,1.184450e+00,4.436210e+00,5.115730e-01
31.6228,1700,1.905430e+01,8.817370e+00,1.698450e+03,1.185980e+00,4.319430e+00,5.168400e-01
31.6228,1725,1.881480e+01,9.502640e+00,1.927260e+03,1.188150e+00,4.203320e+00,5.221500e-01
31.6228,1750,1.856170e+01,1.027280e+01,2.174290e+03,1.191080e+00,4.087530e+00,5.275060e-01
31.6228,1775,1.829410e+01,1.111020e+01,2.441470e+03,1.194820e+00,3.971860e+00,5.329080e-01
31.6228,1800,1.801210e+01,1.197720e+01,2.730050e+03,1.199280e+00,3.856330e+00,5.383540e-01
31.6228,1825,1.771730e+01,1.280930e+01,3.040040e+03,1.204200e+00,3.741250e+00,5.438350e-01
31.6228,1850,1.741330e+01,1.351160e+01,3.369440e+03,1.209140e+00,3.627360e+00,5.493360e-01
31.6228,1875,1.710580e+01,1.396600e+01,3.713560e+03,1.213460e+00,3.515790e+00,5.548350e-01
31.6228,1900,1.680290e+01,1.405610e+01,4.064690e+03,1.216540e+00,3.408110e+00,5.603080e-01
31.6228,1925,1.651400e+01,1.370920e+01,4.412690e+03,1.217910e+00,3.306010e+00,5.657290e-01
31.6228,1950,1.624790e+01,1.293850e+01,4.746590e+03,1.217600e+00,3.211040e+00,5.710770e-01
31.6228,1975,1.601130e+01,1.185380e+01,5.056990e+03,1.216120e+00,3.124220e+00,5.763420e-01
31.6228,2000,1.580710e+01,1.062310e+01,5.338070e+03,1.214290e+00,3.045830e+00,5.815220e-01
31.6228,2025,1.563500e+01,9.408720e+00,5.588290e+03,1.212820e+00,2.975460e+00,5.864790e-01
31.6228,2050,1.549170e+01,8.320220e+00,5.809570e+03,1.212080e+00,2.912240e+00,5.913700e-01
31.6228,2075,1.537300e+01,7.404980e+00,6.005760e+03,1.212040e+00,2.855110e+00,5.962070e-01
31.6228,2100,1.527450e+01,6.664740e+00,6.181290e+03,1.212480e+00,2.803050e+00,6.010010e-01
31.6228,2125,1.519230e+01,6.077880e+00,6.340280e+03,1.213130e+00,2.755160e+00,6.057590e-01
31.6228,2150,1.512310e+01,5.615770e+00,6.486220e+03,1.213770e+00,2.710710e+00,6.104900e-01
31.6228,2175,1.506430e+01,5.251290e+00,6.621880e+03,1.214260e+00,2.669140e+00,6.151960e-01
31.6228,2200,1.501400e+01,4.962010e+00,6.749410e+03,1.214570e+00,2.630000e+00,6.198820e-01
31.6228,2225,1.497060e+01,4.730530e+00,6.870460e+03,1.214660e+00,2.592930e+00,6.245490e-01
31.6228,2250,1.493290e+01,4.543810e+00,6.986310e+03,1.214570e+00,2.557660e+00,6.291990e-01
31.6228,2275,1.489980e+01,4.392170e+00,7.097940e+03,1.214300e+00,2.523960e+00,6.338330e-01
31.6228,2300,1.487080e+01,4.268440e+00,7.206150e+03,1.213890e+00,2.491650e+00,6.384530e-01
31.6228,2325,1.484500e+01,4.167290e+00,7.311550e+03,1.213350e+00,2.460590e+00,6.430590e-01
31.6228,2350,1.482210e+01,4.084670e+00,7.414670e+03,1.212710e+00,2.430650e+00,6.476510e-01
31.6228,2375,1.480150e+01,4.017520e+00,7.515910e+03,1.211990e+00,2.401730e+00,6.522290e-01
31.6228,2400,1.478300e+01,3.963460e+00,7.615650e+03,1.211190e+00,2.373730e+00,6.567960e-01
31.6228,2425,1.476610e+01,3.920620e+00,7.714180e+03,1.210320e+00,2.346590e+00,6.613490e-01
31.6228,2450,1.475070e+01,3.887530e+00,7.811760e+03,1.209400e+00,2.320220e+00,6.658910e-01
31.6228,2475,1.473660e+01,3.862980e+00,7.908630e+03,1.208430e+00,2.294580e+00,6.704210e-01
31.6228,2500,1.472350e+01,3.846030e+00,8.004980e+03,1.207430e+00,2.269610e+00,6.749390e-01
31.6228,2525,1.471120e+01,3.835890e+00,8.100990e+03,1.206390e+00,2.245270e+00,6.794450e-01
31.6228,2550,1.469960e+01,3.831940e+00,8.196820e+03,1.205320e+00,2.221510e+00,6.839410e-01
31.6228,2575,1.468870e+01,3.833650e+00,8.292630e+03,1.204220e+00,2.198300e+00,6.884260e-01
31.6228,2600,1.467810e+01,3.840610e+00,8.388550e+03,1.203110e+00,2.175600e+00,6.928990e-01
31.6228,2625,1.466790e+01,3.852460e+00,8.484700e+03,1.201980e+00,2.153380e+00,6.973620e-01
31.6228,2650,1.465800e+01,3.868930e+00,8.581210e+03,1.200840e+00,2.131620e+00,7.018150e-01
31.6228,2675,1.464820e+01,3.889810e+00,8.678180e+03,1.199700e+00,2.110290e+00,7.062570e-01
31.6228,2700,1.463850e+01,3.914910e+00,8.775740e+03,1.198540e+00,2.089360e+00,7.106880e-01
31.6228,2725,1.462880e+01,3.944110e+00,8.873960e+03,1.197390e+00,2.068820e+00,7.151090e-01
31.6228,2750,1.461900e+01,3.977320e+00,8.972970e+03,1.196240e+00,2.048640e+00,7.195200e-01
31.6228,2775,1.460910e+01,4.014460e+00,9.072860e+03,1.195100e+00,2.028810e+00,7.239210e-01
31.6228,2800,1.459890e+01,4.055500e+00,9.173730e+03,1.193970e+00,2.009300e+00,7.283110e-01
31.6228,2825,1.458860e+01,4.100430e+00,9.275670e+03,1.192850e+00,1.990110e+00,7.326910e-01
31.6228,2850,1.457790e+01,4.149250e+00,9.378780e+03,1.191750e+00,1.971200e+00,7.370600e-01
31.6228,2875,1.456680e+01,4.201990e+00,9.483170e+03,1.190660e+00,1.952580e+00,7.414190e-01
31.6228,2900,1.455530e+01,4.258690e+00,9.588920e+03,1.189610e+00,1.934220e+00,7.457670e-01
31.6228,2925,1.454340e+01,4.319410e+00,9.696130e+03,1.188580e+00,1.916110e+00,7.501030e-01
31.6228,2950,1.453090e+01,4.384230e+00,9.804920e+03,1.187580e+00,1.898240e+00,7.544290e-01
31.6228,2975,1.451780e+01,4.453240e+00,9.915380e+03,1.186610e+00,1.880600e+00,7.587440e-01
31.6228,3000,1.450410e+01,4.526520e+00,1.002760e+04,1.185690e+00,1.863170e+00,7.630460e-01
31.6228,3025,1.448970e+01,4.604210e+00,1.014170e+04,1.184810e+00,1.845940e+00,7.673370e-01
31.6228,3050,1.447470e+01,4.686410e+00,1.025790e+04,1.183980e+00,1.828900e+00,7.716140e-01
31.6228,3075,1.445880e+01,4.773270e+00,1.037610e+04,1.183190e+00,1.812050e+00,7.758790e-01
31.6228,3100,1.444210e+01,4.864930e+00,1.049660e+04,1.182460e+00,1.795360e+00,7.801310e-01
31.6228,3125,1.442460e+01,4.961540e+00,1.061940e+04,1.181800e+00,1.778830e+00,7.843680e-01
31.6228,3150,1.440610e+01,5.063270e+00,1.074470e+04,1.181190e+00,1.762450e+00,7.885910e-01
31.6228,3175,1.438660e+01,5.170300e+00,1.087260e+04,1.180650e+00,1.746220e+00,7.927980e-01
31.6228,3200,1.436620e+01,5.282790e+00,1.100320e+04,1.180180e+00,1.730110e+00,7.969890e-01
31.6228,3225,1.434460e+01,5.400950e+00,1.113680e+04,1.179790e+00,1.714120e+00,8.011630e-01
31.6228,3250,1.432200e+01,5.524980e+00,1.127330e+04,1.179480e+00,1.698250e+00,8.053200e-01
31.6228,3275,1.429820e+01,5.655070e+00,1.141310e+04,1.179250e+00,1.682480e+00,8.094580e-01
31.6228,3300,1.427310e+01,5.791450e+00,1.155620e+04,1.179110e+00,1.666810e+00,8.135760e-01
31.6228,3325,1.424680e+01,5.934320e+00,1.170270e+04,1.179060e+00,1.651230e+00,8.176730e-01
31.6228,3350,1.421910e+01,6.083910e+00,1.185290e+04,1.179110e+00,1.635720e+00,8.217490e-01
31.6228,3375,1.419010e+01,6.240440e+00,1.200700e+04,1.179260e+00,1.620290e+00,8.258020e-01
31.6228,3400,1.415960e+01,6.404130e+00,1.216500e+04,1.179520e+00,1.604920e+00,8.298310e-01
31.6228,3425,1.412760e+01,6.575210e+00,1.232720e+04,1.179880e+00,1.589610e+00,8.338350e-01
31.6228,3450,1.409410e+01,6.753890e+00,1.249380e+04,1.180360e+00,1.574340e+00,8.378120e-01
31.6228,3475,1.405890e+01,6.940370e+00,1.266500e+04,1.180950e+00,1.559120e+00,8.417610e-01
31.6228,3500,1.402210e+01,7.134850e+00,1.284090e+04,1.181670e+00,1.543930e+00,8.456820e-01
31.6228,3525,1.398370e+01,7.337520e+00,1.302180e+04,1.182510e+00,1.528780e+00,8.495720e-01
31.6228,3550,1.394340e+01,7.548530e+00,1.320790e+04,1.183480e+00,1.513640e+00,8.534310e-01
31.6228,3575,1.390140e+01,7.768020e+00,1.339930e+04,1.184580e+00,1.498520e+00,8.572570e-01
31.6228,3600,1.385750e+01,7.996100e+00,1.359630e+04,1.185820e+00,1.483420e+00,8.610490e-01
31.6228,3625,1.381170e+01,8.232820e+00,1.379920e+04,1.187200e+00,1.468320e+00,8.648060e-01
31.6228,3650,1.376390e+01,8.478220e+00,1.400800e+04,1.188720e+00,1.453220e+00,8.685270e-01
31.6228,3675,1.371420e+01,8.732280e+00,1.422320e+04,1.190390e+00,1.438120e+00,8.722110e-01
31.6228,3700,1.366250e+01,8.994910e+00,1.444470e+04,1.192190e+00,1.423020e+00,8.758570e-01
31.6228,3725,1.360870e+01,9.265970e+00,1.467300e+04,1.194150e+00,1.407900e+00,8.794640e-01
31.6228,3750,1.355280e+01,9.545240e+00,1.490810e+04,1.196250e+00,1.392770e+00,8.830330e-01
31.6228,3775,1.349490e+01,9.832460e+00,1.515030e+04,1.198490e+00,1.377640e+00,8.865620e-01
31.6228,3800,1.343480e+01,1.012720e+01,1.539980e+04,1.200880e+00,1.362480e+00,8.900520e-01
31.6228,3825,1.337270e+01,1.042920e+01,1.565670e+04,1.203420e+00,1.347310e+00,8.935030e-01
31.6228,3850,1.330840e+01,1.073770e+01,1.592130e+04,1.206090e+00,1.332130e+00,8.969140e-01
31.6228,3875,1.324200e+01,1.105220e+01,1.619370e+04,1.208900e+00,1.316940e+00,9.002880e-01
31.6228,3900,1.317360e+01,1.137190e+01,1.647390e+04,1.211830e+00,1.301730e+00,9.036230e-01
31.6228,3925,1.310310e+01,1.169620e+01,1.676230e+04,1.214890e+00,1.286520e+00,9.069210e-01
31.6228,3950,1.303060e+01,1.202410e+01,1.705880e+04,1.218070e+00,1.271300e+00,9.101840e-01
31.6228,3975,1.295610e+01,1.235470e+01,1.736350e+04,1.221350e+00,1.256080e+00,9.134130e-01
31.6228,4000,1.287970e+01,1.268700e+01,1.767650e+04,1.224730e+00,1.240870e+00,9.166100e-01
56.2341,200,3.094510e+01,1.144150e+00,-4.836910e+03,1.306900e+00,1.060340e+02,8.791870e-02
56.2341,225,3.094510e+01,1.185780e+00,-4.807790e+03,1.292970e+00,9.425220e+01,9.757770e-02
56.2341,250,3.094510e+01,1.232780e+00,-4.777570e+03,1.278690e+00,8.482700e+01,1.071520e-01
56.2341,275,3.094510e+01,1.284860e+00,-4.746110e+03,1.264410e+00,7.711550e+01,1.166360e-01
56.2341,300,3.094510e+01,1.341000e+00,-4.713300e+03,1.250570e+00,7.068920e+01,1.260210e-01
56.2341,325,3.094510e+01,1.400050e+00,-4.679040e+03,1.237490e+00,6.525150e+01,1.356830e-01
56.2341,350,3.094510e+01,1.461000e+00,-4.643280e+03,1.225350e+00,6.059070e+01,1.453030e-01
56.2341,375,3.094510e+01,1.523120e+00,-4.605980e+03,1.214210e+00,5.655120e+01,1.548750e-01
56.2341,400,3.094490e+01,1.586080e+00,-4.567120e+03,1.204010e+00,5.301660e+01,1.643960e-01
56.2341,425,3.094450e+01,1.650120e+00,-4.526670e+03,1.194670e+00,4.989720e+01,1.738630e-01
56.2341,450,3.094340e+01,1.716360e+00,-4.484590e+03,1.186040e+00,4.712350e+01,1.832740e-01
56.2341,475,3.094070e+01,1.787100e+00,-4.440810e+03,1.177940e+00,4.463950e+01,1.926310e-01
56.2341,500,3.093510e+01,1.866240e+00,-4.395170e+03,1.170230e+00,4.239980e+01,2.019370e-01
56.2341,525,3.092390e+01,1.959570e+00,-4.347380e+03,1.162770e+00,4.036610e+01,2.108220e-01
56.2341,550,3.090330e+01,2.074980e+00,-4.297010e+03,1.155550e+00,3.850560e+01,2.196250e-01
56.2341,575,3.086750e+01,2.222470e+00,-4.243370e+03,1.148680e+00,3.678880e+01,2.283600e-01
56.2341,600,3.080860e+01,2.413710e+00,-4.185520e+03,1.142440e+00,3.518870e+01,2.370460e-01
56.2341,625,3.071660e+01,2.661290e+00,-4.122210e+03,1.137280e+00,3.368030e+01,2.454860e-01
56.2341,650,3.057920e+01,2.977160e+00,-4.051880e+03,1.133700e+00,3.223990e+01,2.539040e-01
56.2341,675,3.038260e+01,3.370330e+00,-3.972710e+03,1.132200e+00,3.084630e+01,2.623250e-01
56.2341,700,3.011330e+01,3.843620e+00,-3.882700e+03,1.133120e+00,2.948100e+01,2.707720e-01
56.2341,725,2.976000e+01,4.389350e+00,-3.779920e+03,1.136590e+00,2.813050e+01,2.792540e-01
56.2341,750,2.931660e+01,4.984600e+00,-3.662810e+03,1.142430e+00,2.678760e+01,2.877680e-01
56.2341,775,2.878540e+01,5.587190e+00,-3.530620e+03,1.150080e+00,2.545380e+01,2.962850e-01
56.2341,800,2.817970e+01,6.135310e+00,-3.383900e+03,1.158620e+00,2.413950e+01,3.047540e-01
56.2341,825,2.752440e+01,6.554670e+00,-3.224930e+03,1.166840e+00,2.286360e+01,3.131080e-01
56.2341,850,2.685310e+01,6.775930e+00,-3.057830e+03,1.173460e+00,2.165000e+01,3.212730e-01
56.2341,875,2.620300e+01,6.759290e+00,-2.888130e+03,1.177530e+00,2.052220e+01,3.291880e-01
56.2341,900,2.560700e+01,6.514780e+00,-2.721780e+03,1.178670e+00,1.949840e+01,3.368190e-01
56.2341,925,2.508760e+01,6.103350e+00,-2.563790e+03,1.177270e+00,1.858660e+01,3.441620e-01
56.2341,950,2.465380e+01,5.615090e+00,-2.417250e+03,1.174160e+00,1.778450e+01,3.512400e-01
56.2341,975,2.430220e+01,5.136970e+00,-2.282940e+03,1.170300e+00,1.708130e+01,3.580880e-01
56.2341,1000,2.402150e+01,4.729030e+00,-2.159800e+03,1.166400e+00,1.646200e+01,3.647450e-01
56.2341,1025,2.379700e+01,4.418350e+00,-2.045670e+03,1.162880e+00,1.591040e+01,3.710260e-01
56.2341,1050,2.361390e+01,4.206340e+00,-1.938060e+03,1.159920e+00,1.541210e+01,3.771700e-01
56.2341,1075,2.345950e+01,4.080270e+00,-1.834640e+03,1.157570e+00,1.495520e+01,3.832000e-01
56.2341,1100,2.332360e+01,4.022670e+00,-1.733480e+03,1.155830e+00,1.453070e+01,3.891310e-01
56.2341,1125,2.319880e+01,4.016690e+00,-1.633080e+03,1.154680e+00,1.413170e+01,3.949750e-01
56.2341,1150,2.307950e+01,4.048230e+00,-1.532330e+03,1.154100e+00,1.375340e+01,4.007400e-01
56.2341,1175,2.296210e+01,4.106350e+00,-1.430440e+03,1.154030e+00,1.339230e+01,4.064330e-01
56.2341,1200,2.284380e+01,4.182860e+00,-1.326860e+03,1.154420e+00,1.304580e+01,4.120610e-01
56.2341,1225,2.272310e+01,4.271760e+00,-1.221200e+03,1.155200e+00,1.271200e+01,4.176270e-01
56.2341,1250,2.259880e+01,4.368700e+00,-1.113210e+03,1.156320e+00,1.238960e+01,4.231370e-01
56.2341,1275,2.247030e+01,4.470630e+00,-1.002720e+03,1.157720e+00,1.207760e+01,4.285940e-01
56.2341,1300,2.233750e+01,4.575430e+00,-8.896520e+02,1.159350e+00,1.177530e+01,4.340010e-01
56.2341,1325,2.220010e+01,4.681800e+00,-7.739390e+02,1.161150e+00,1.148210e+01,4.393630e-01
56.2341,1350,2.205840e+01,4.789100e+00,-6.555540e+02,1.163060e+00,1.119750e+01,4.446840e-01
56.2341,1375,2.191260e+01,4.897330e+00,-5.344760e+02,1.165040e+00,1.092130e+01,4.499660e-01
56.2341,1400,2.176290e+01,5.007040e+00,-4.106750e+02,1.167050e+00,1.065300e+01,4.552130e-01
56.2341,1425,2.160970e+01,5.119420e+00,-2.841020e+02,1.169030e+00,1.039240e+01,4.604290e-01
56.2341,1450,2.145310e+01,5.236240e+00,-1.546670e+02,1.170950e+00,1.013920e+01,4.656180e-01
56.2341,1475,2.129340e+01,5.359910e+00,-2.223270e+01,1.172760e+00,9.893140e+00,4.707830e-01
56.2341,1500,2.113060e+01,5.493520e+00,1.134110e+02,1.174450e+00,9.653900e+00,4.759290e-01
56.2341,1525,2.096480e+01,5.640830e+00,2.525570e+02,1.175980e+00,9.421130e+00,4.810590e-01
56.2341,1550,2.079580e+01,5.806360e+00,3.956040e+02,1.177360e+00,9.194470e+00,4.861790e-01
56.2341,1575,2.062340e+01,5.995340e+00,5.430710e+02,1.178580e+00,8.973490e+00,4.912920e-01
56.2341,1600,2.044700e+01,6.213750e+00,6.956160e+02,1.179670e+00,8.757720e+00,4.964030e-01
56.2341,1625,2.026590e+01,6.468300e+00,8.540590e+02,1.180680e+00,8.546630e+00,5.015180e-01
56.2341,1650,2.007940e+01,6.766260e+00,1.019390e+03,1.181680e+00,8.339670e+00,5.066410e-01
56.2341,1675,1.988640e+01,7.115340e+00,1.192800e+03,1.182760e+00,8.136230e+00,5.117780e-01
56.2341,1700,1.968570e+01,7.523220e+00,1.375650e+03,1.184030e+00,7.935660e+00,5.169350e-01
56.2341,1725,1.947590e+01,7.996900e+00,1.569510e+03,1.185620e+00,7.737330e+00,5.221170e-01
56.2341,1750,1.925580e+01,8.541530e+00,1.776090e+03,1.187670e+00,7.540610e+00,5.273290e-01
56.2341,1775,1.902410e+01,9.158620e+00,1.997190e+03,1.190300e+00,7.344920e+00,5.325740e-01
56.2341,1800,1.877960e+01,9.843320e+00,2.234580e+03,1.193600e+00,7.149820e+00,5.378570e-01
56.2341,1825,1.852170e+01,1.058070e+01,2.489800e+03,1.197590e+00,6.955050e+00,5.431770e-01
56.2341,1850,1.825070e+01,1.134100e+01,2.763810e+03,1.202210e+00,6.760670e+00,5.485330e-01
56.2341,1875,1.796790e+01,1.207540e+01,3.056640e+03,1.207260e+00,6.567160e+00,5.539170e-01
56.2341,1900,1.767610e+01,1.271400e+01,3.366790e+03,1.212370e+00,6.375500e+00,5.593190e-01
56.2341,1925,1.738000e+01,1.316970e+01,3.690810e+03,1.217080e+00,6.187290e+00,5.647230e-01
56.2341,1950,1.708590e+01,1.335340e+01,4.023000e+03,1.220840e+00,6.004620e+00,5.701090e-01
56.2341,1975,1.680140e+01,1.320000e+01,4.355660e+03,1.223230e+00,5.829890e+00,5.754590e-01
56.2341,2000,1.653400e+01,1.269740e+01,4.680070e+03,1.224090e+00,5.665380e+00,5.807520e-01
56.2341,2025,1.629000e+01,1.190110e+01,4.988060e+03,1.223670e+00,5.512870e+00,5.858280e-01
56.2341,2050,1.607330e+01,1.092050e+01,5.273580e+03,1.222470e+00,5.373190e+00,5.908340e-01
56.2341,2075,1.588490e+01,9.881880e+00,5.533610e+03,1.221100e+00,5.246260e+00,5.957710e-01
56.2341,2100,1.572370e+01,8.889380e+00,5.768070e+03,1.219980e+00,5.131170e+00,6.006470e-01
56.2341,2125,1.558660e+01,8.006230e+00,5.979000e+03,1.219270e+00,5.026610e+00,6.054700e-01
56.2341,2150,1.547030e+01,7.256360e+00,6.169500e+03,1.218960e+00,4.931100e+00,6.102490e-01
56.2341,2175,1.537140e+01,6.637170e+00,6.342910e+03,1.218870e+00,4.843250e+00,6.149920e-01
56.2341,2200,1.528690e+01,6.132880e+00,6.502320e+03,1.218870e+00,4.761870e+00,6.197050e-01
56.2341,2225,1.521410e+01,5.723840e+00,6.650350e+03,1.218840e+00,4.685960e+00,6.243930e-01
56.2341,2250,1.515110e+01,5.391370e+00,6.789150e+03,1.218710e+00,4.614710e+00,6.290600e-01
56.2341,2275,1.509620e+01,5.119690e+00,6.920430e+03,1.218460e+00,4.547450e+00,6.337070e-01
56.2341,2300,1.504810e+01,4.896220e+00,7.045540e+03,1.218080e+00,4.483680e+00,6.383370e-01
56.2341,2325,1.500560e+01,4.711200e+00,7.165560e+03,1.217580e+00,4.422970e+00,6.429520e-01
56.2341,2350,1.496810e+01,4.557210e+00,7.281350e+03,1.216980e+00,4.364950e+00,6.475510e-01
56.2341,2375,1.493460e+01,4.428560e+00,7.393630e+03,1.216290e+00,4.309350e+00,6.521370e-01
56.2341,2400,1.490470e+01,4.320870e+00,7.502960e+03,1.215530e+00,4.255920e+00,6.567090e-01
56.2341,2425,1.487780e+01,4.230780e+00,7.609820e+03,1.214700e+00,4.204450e+00,6.612680e-01
56.2341,2450,1.485350e+01,4.155630e+00,7.714620e+03,1.213820e+00,4.154760e+00,6.658140e-01
56.2341,2475,1.483150e+01,4.093310e+00,7.817710e+03,1.212890e+00,4.106700e+00,6.703490e-01
56.2341,2500,1.481150e+01,4.042130e+00,7.919380e+03,1.211930e+00,4.060130e+00,6.748710e-01
56.2341,2525,1.479310e+01,4.000730e+00,8.019890e+03,1.210940e+00,4.014950e+00,6.793820e-01
56.2341,2550,1.477620e+01,3.967980e+00,8.119490e+03,1.209920e+00,3.971040e+00,6.838810e-01
56.2341,2575,1.476050e+01,3.942960e+00,8.218360e+03,1.208870e+00,3.928310e+00,6.883700e-01
56.2341,2600,1.474590e+01,3.924890e+00,8.316690e+03,1.207810e+00,3.886690e+00,6.928470e-01
56.2341,2625,1.473220e+01,3.913130e+00,8.414660e+03,1.206730e+00,3.846090e+00,6.973140e-01
56.2341,2650,1.471920e+01,3.907150e+00,8.512400e+03,1.205640e+00,3.806450e+00,7.017700e-01
56.2341,2675,1.470690e+01,3.906490e+00,8.610060e+03,1.204550e+00,3.767720e+00,7.062160e-01
56.2341,2700,1.469500e+01,3.910780e+00,8.707760e+03,1.203440e+00,3.729830e+00,7.106510e-01
56.2341,2725,1.468360e+01,3.919710e+00,8.805630e+03,1.202340e+00,3.692740e+00,7.150760e-01
56.2341,2750,1.467250e+01,3.933030e+00,8.903790e+03,1.201230e+00,3.656400e+00,7.194910e-01
56.2341,2775,1.466160e+01,3.950500e+00,9.002320e+03,1.200130e+00,3.620780e+00,7.238970e-01
56.2341,2800,1.465090e+01,3.971980e+00,9.101340e+03,1.199040e+00,3.585820e+00,7.282920e-01
56.2341,2825,1.464030e+01,3.997300e+00,9.200950e+03,1.197950e+00,3.551510e+00,7.326770e-01
56.2341,2850,1.462960e+01,4.026370e+00,9.301240e+03,1.196870e+00,3.517790e+00,7.370520e-01
56.2341,2875,1.461890e+01,4.059100e+00,9.402300e+03,1.195810e+00,3.484650e+00,7.414170e-01
56.2341,2900,1.460810e+01,4.095440e+00,9.504230e+03,1.194760e+00,3.452050e+00,7.457720e-01
56.2341,2925,1.459710e+01,4.135350e+00,9.607100e+03,1.193730e+00,3.419960e+00,7.501170e-01
56.2341,2950,1.458580e+01,4.178800e+00,9.711020e+03,1.192720e+00,3.388370e+00,7.544520e-01
56.2341,2975,1.457430e+01,4.225800e+00,9.816070e+03,1.191740e+00,3.357240e+00,7.587770e-01
56.2341,3000,1.456240e+01,4.276350e+00,9.922340e+03,1.190780e+00,3.326550e+00,7.630910e-01
56.2341,3025,1.455020e+01,4.330490e+00,1.002990e+04,1.189850e+00,3.296290e+00,7.673940e-01
56.2341,3050,1.453750e+01,4.388250e+00,1.013890e+04,1.188960e+00,3.266420e+00,7.716860e-01
56.2341,3075,1.452440e+01,4.449690e+00,1.024940e+04,1.188100e+00,3.236930e+00,7.759670e-01
56.2341,3100,1.451070e+01,4.514850e+00,1.036140e+04,1.187280e+00,3.207810e+00,7.802370e-01
56.2341,3125,1.449640e+01,4.583830e+00,1.047510e+04,1.186500e+00,3.179020e+00,7.844950e-01
56.2341,3150,1.448160e+01,4.656680e+00,1.059060e+04,1.185760e+00,3.150560e+00,7.887400e-01
56.2341,3175,1.446610e+01,4.733510e+00,1.070800e+04,1.185070e+00,3.122400e+00,7.929730e-01
56.2341,3200,1.444990e+01,4.814410e+00,1.082730e+04,1.184440e+00,3.094540e+00,7.971930e-01
56.2341,3225,1.443290e+01,4.899480e+00,1.094880e+04,1.183850e+00,3.066950e+00,8.013990e-01
56.2341,3250,1.441520e+01,4.988830e+00,1.107240e+04,1.183330e+00,3.039620e+00,8.055910e-01
56.2341,3275,1.439670e+01,5.082590e+00,1.119820e+04,1.182860e+00,3.012540e+00,8.097680e-01
56.2341,3300,1.437720e+01,5.180880e+00,1.132650e+04,1.182460e+00,2.985680e+00,8.139290e-01
56.2341,3325,1.435690e+01,5.283820e+00,1.145730e+04,1.182130e+00,2.959040e+00,8.180750e-01
56.2341,3350,1.433560e+01,5.391550e+00,1.159080e+04,1.181860e+00,2.932600e+00,8.222030e-01
56.2341,3375,1.431330e+01,5.504210e+00,1.172690e+04,1.181670e+00,2.906360e+00,8.263140e-01
56.2341,3400,1.429000e+01,5.621940e+00,1.186600e+04,1.181560e+00,2.880290e+00,8.304060e-01
56.2341,3425,1.426560e+01,5.744890e+00,1.200810e+04,1.181520e+00,2.854380e+00,8.344790e-01
56.2341,3450,1.424010e+01,5.873210e+00,1.215330e+04,1.181570e+00,2.828620e+00,8.385320e-01
56.2341,3475,1.421340e+01,6.007040e+00,1.230180e+04,1.181710e+00,2.803010e+00,8.425640e-01
56.2341,3500,1.418550e+01,6.146530e+00,1.245370e+04,1.181930e+00,2.777520e+00,8.465730e-01
56.2341,3525,1.415630e+01,6.291820e+00,1.260920e+04,1.182250e+00,2.752150e+00,8.505590e-01
56.2341,3550,1.412580e+01,6.443060e+00,1.276830e+04,1.182670e+00,2.726890e+00,8.545210e-01
56.2341,3575,1.409400e+01,6.600380e+00,1.293140e+04,1.183190e+00,2.701720e+00,8.584580e-01
56.2341,3600,1.406080e+01,6.763920e+00,1.309840e+04,1.183810e+00,2.676640e+00,8.623680e-01
56.2341,3625,1.402620e+01,6.933770e+00,1.326960e+04,1.184530e+00,2.651630e+00,8.662520e-01
56.2341,3650,1.399010e+01,7.110060e+00,1.344510e+04,1.185370e+00,2.626690e+00,8.701060e-01
56.2341,3675,1.395250e+01,7.292860e+00,1.362520e+04,1.186320e+00,2.601810e+00,8.739320e-01
56.2341,3700,1.391330e+01,7.482250e+00,1.380980e+04,1.187380e+00,2.576980e+00,8.777270e-01
56.2341,3725,1.387260e+01,7.678260e+00,1.399930e+04,1.188560e+00,2.552190e+00,8.814910e-01
56.2341,3750,1.383030e+01,7.880920e+00,1.419380e+04,1.189860e+00,2.527440e+00,8.852230e-01
56.2341,3775,1.378630e+01,8.090220e+00,1.439340e+04,1.191280e+00,2.502720e+00,8.889220e-01
56.2341,3800,1.374060e+01,8.306100e+00,1.459840e+04,1.192820e+00,2.478020e+00,8.925870e-01
56.2341,3825,1.369330e+01,8.528500e+00,1.480880e+04,1.194480e+00,2.453340e+00,8.962190e-01
56.2341,3850,1.364420e+01,8.757280e+00,1.502490e+04,1.196270e+00,2.428670e+00,8.998150e-01
56.2341,3875,1.359330e+01,8.992280e+00,1.524670e+04,1.198190e+00,2.404010e+00,9.033770e-01
56.2341,3900,1.354070e+01,9.233280e+00,1.547450e+04,1.200230e+00,2.379360e+00,9.069040e-01
56.2341,3925,1.348640e+01,9.480010e+00,1.570840e+04,1.202390e+00,2.354710e+00,9.103950e-01
56.2341,3950,1.343020e+01,9.732160e+00,1.594860e+04,1.204680e+00,2.330060e+00,9.138510e-01
56.2341,3975,1.337230e+01,9.989350e+00,1.619510e+04,1.207080e+00,2.305430e+00,9.172720e-01
56.2341,4000,1.331260e+01,1.025120e+01,1.644810e+04,1.209610e+00,2.280790e+00,9.206590e-01
100,200,3.094510e+01,1.144150e+00,-4.836910e+03,1.306900e+00,1.885580e+02,8.791870e-02
100,225,3.094510e+01,1.185780e+00,-4.807790e+03,1.292970e+00,1.676070e+02,9.757770e-02
100,250,3.094510e+01,1.232780e+00,-4.777570e+03,1.278690e+00,1.508460e+02,1.071520e-01
100,275,3.094510e+01,1.284860e+00,-4.746110e+03,1.264410e+00,1.371330e+02,1.166360e-01
100,300,3.094510e+01,1.341000e+00,-4.713300e+03,1.250570e+00,1.257050e+02,1.260210e-01
100,325,3.094510e+01,1.400040e+00,-4.679040e+03,1.237490e+00,1.160350e+02,1.356830e-01
100,350,3.094510e+01,1.460970e+00,-4.643280e+03,1.225350e+00,1.077470e+02,1.453030e-01
100,375,3.094510e+01,1.523020e+00,-4.605980e+03,1.214220e+00,1.005640e+02,1.548750e-01
100,400,3.094500e+01,1.585760e+00,-4.567120e+03,1.204040e+00,9.427840e+01,1.643960e-01
100,425,3.094470e+01,1.649200e+00,-4.526690e+03,1.194750e+00,8.873180e+01,1.738620e-01
100,450,3.094390e+01,1.714070e+00,-4.484650e+03,1.186210e+00,8.380000e+01,1.832730e-01
100,475,3.094200e+01,1.781950e+00,-4.440960e+03,1.178270e+00,7.938460e+01,1.926280e-01
100,500,3.093790e+01,1.855620e+00,-4.395510e+03,1.170800e+00,7.540540e+01,2.019310e-01
100,525,3.092980e+01,1.939260e+00,-4.348100e+03,1.163670e+00,7.179580e+01,2.108080e-01
100,550,3.091480e+01,2.038630e+00,-4.298410e+03,1.156840e+00,6.849920e+01,2.195990e-01
100,575,3.088870e+01,2.161040e+00,-4.245970e+03,1.150340e+00,6.546570e+01,2.283120e-01
100,600,3.084580e+01,2.315230e+00,-4.190090e+03,1.144340e+00,6.265090e+01,2.369620e-01
100,625,3.077850e+01,2.510780e+00,-4.129870e+03,1.139120e+00,6.001360e+01,2.453480e-01
100,650,3.067740e+01,2.757350e+00,-4.064130e+03,1.135080e+00,5.751580e+01,2.536880e-01
100,675,3.053180e+01,3.063310e+00,-3.991500e+03,1.132610e+00,5.512270e+01,2.620040e-01
100,700,3.033020e+01,3.433900e+00,-3.910420e+03,1.132080e+00,5.280320e+01,2.703150e-01
100,725,3.006190e+01,3.868770e+00,-3.819270e+03,1.133700e+00,5.053130e+01,2.786360e-01
100,750,2.971830e+01,4.359070e+00,-3.716520e+03,1.137540e+00,4.828850e+01,2.869730e-01
100,775,2.929550e+01,4.884400e+00,-3.601020e+03,1.143380e+00,4.606610e+01,2.953180e-01
100,800,2.879680e+01,5.410620e+00,-3.472290e+03,1.150740e+00,4.386680e+01,3.036440e-01
100,825,2.823330e+01,5.890330e+00,-3.330870e+03,1.158860e+00,4.170520e+01,3.119100e-01
100,850,2.762540e+01,6.268040e+00,-3.178620e+03,1.166750e+00,3.960700e+01,3.200600e-01
100,875,2.700000e+01,6.491530e+00,-3.018760e+03,1.173370e+00,3.760440e+01,3.280390e-01
100,900,2.638700e+01,6.527620e+00,-2.855620e+03,1.177870e+00,3.572970e+01,3.357970e-01
100,925,2.581410e+01,6.375950e+00,-2.693960e+03,1.179820e+00,3.400920e+01,3.433070e-01
100,950,2.530190e+01,6.072530e+00,-2.538090e+03,1.179340e+00,3.245730e+01,3.505610e-01
100,975,2.486150e+01,5.679200e+00,-2.391080e+03,1.176980e+00,3.107450e+01,3.575750e-01
100,1000,2.449400e+01,5.263760e+00,-2.254310e+03,1.173510e+00,2.984990e+01,3.643760e-01
100,1025,2.419320e+01,4.881490e+00,-2.127610e+03,1.169640e+00,2.876420e+01,3.707740e-01
100,1050,2.394850e+01,4.565730e+00,-2.009680e+03,1.165870e+00,2.779530e+01,3.770150e-01
100,1075,2.374780e+01,4.328530e+00,-1.898670e+03,1.162510e+00,2.692130e+01,3.831220e-01
100,1100,2.357980e+01,4.167060e+00,-1.792620e+03,1.159700e+00,2.612340e+01,3.891170e-01
100,1125,2.343490e+01,4.070790e+00,-1.689770e+03,1.157480e+00,2.538590e+01,3.950150e-01
100,1150,2.330530e+01,4.026860e+00,-1.588640e+03,1.155850e+00,2.469670e+01,4.008270e-01
100,1175,2.318530e+01,4.023050e+00,-1.488090e+03,1.154800e+00,2.404670e+01,4.065630e-01
100,1200,2.307040e+01,4.049050e+00,-1.387240e+03,1.154260e+00,2.342910e+01,4.122300e-01
100,1225,2.295770e+01,4.096700e+00,-1.285460e+03,1.154190e+00,2.283890e+01,4.178340e-01
100,1250,2.284500e+01,4.159780e+00,-1.182280e+03,1.154540e+00,2.227220e+01,4.233800e-01
100,1275,2.273070e+01,4.233680e+00,-1.077380e+03,1.155230e+00,2.172620e+01,4.288710e-01
100,1300,2.261390e+01,4.315040e+00,-9.705340e+02,1.156230e+00,2.119900e+01,4.343110e-01
100,1325,2.249410e+01,4.401510e+00,-8.615860e+02,1.157470e+00,2.068870e+01,4.397050e-01
100,1350,2.237080e+01,4.491550e+00,-7.504290e+02,1.158910e+00,2.019430e+01,4.450550e-01
100,1375,2.224390e+01,4.584260e+00,-6.369870e+02,1.160490e+00,1.971470e+01,4.503650e-01
100,1400,2.211350e+01,4.679310e+00,-5.211970e+02,1.162190e+00,1.924920e+01,4.556370e-01
100,1425,2.197950e+01,4.776910e+00,-4.030000e+02,1.163950e+00,1.879690e+01,4.608760e-01
100,1450,2.184220e+01,4.877750e+00,-2.823240e+02,1.165750e+00,1.835730e+01,4.660830e-01
100,1475,2.170140e+01,4.982980e+00,-1.590760e+02,1.167530e+00,1.792990e+01,4.712630e-01
100,1500,2.155750e+01,5.094280e+00,-3.312480e+01,1.169280e+00,1.751410e+01,4.764180e-01
100,1525,2.141030e+01,5.213780e+00,9.570620e+01,1.170970e+00,1.710940e+01,4.815510e-01
100,1550,2.125990e+01,5.344160e+00,2.276550e+02,1.172570e+00,1.671520e+01,4.866670e-01
100,1575,2.110610e+01,5.488600e+00,3.630310e+02,1.174090e+00,1.633090e+01,4.917690e-01
100,1600,2.094870e+01,5.650840e+00,5.022330e+02,1.175520e+00,1.595580e+01,4.968600e-01
100,1625,2.078730e+01,5.835160e+00,6.457570e+02,1.176860e+00,1.558930e+01,5.019440e-01
100,1650,2.062150e+01,6.046350e+00,7.942150e+02,1.178160e+00,1.523060e+01,5.070250e-01
100,1675,2.045050e+01,6.289700e+00,9.483420e+02,1.179450e+00,1.487890e+01,5.121080e-01
100,1700,2.027380e+01,6.570880e+00,1.109010e+03,1.180780e+00,1.453340e+01,5.171960e-01
100,1725,2.009030e+01,6.895730e+00,1.277250e+03,1.182250e+00,1.419310e+01,5.222950e-01
100,1750,1.989900e+01,7.269960e+00,1.454210e+03,1.183930e+00,1.385720e+01,5.274080e-01
100,1775,1.969890e+01,7.698560e+00,1.641200e+03,1.185940e+00,1.352460e+01,5.325400e-01
100,1800,1.948880e+01,8.184980e+00,1.839620e+03,1.188370e+00,1.319450e+01,5.376950e-01
100,1825,1.926770e+01,8.729720e+00,2.050940e+03,1.191320e+00,1.286620e+01,5.428760e-01
100,1850,1.903480e+01,9.328540e+00,2.276560e+03,1.194860e+00,1.253890e+01,5.480870e-01
100,1875,1.878970e+01,9.969830e+00,2.517720e+03,1.199000e+00,1.221240e+01,5.533270e-01
100,1900,1.853240e+01,1.063170e+01,2.775230e+03,1.203710e+00,1.188670e+01,5.585950e-01
100,1925,1.826410e+01,1.127920e+01,3.049190e+03,1.208820e+00,1.156240e+01,5.638870e-01
100,1950,1.798680e+01,1.186250e+01,3.338660e+03,1.214090e+00,1.124090e+01,5.691960e-01
100,1975,1.770410e+01,1.231950e+01,3.641270e+03,1.219150e+00,1.092420e+01,5.745090e-01
100,2000,1.742080e+01,1.258330e+01,3.953020e+03,1.223570e+00,1.061500e+01,5.798130e-01
100,2025,1.714270e+01,1.259800e+01,4.268350e+03,1.226960e+00,1.031660e+01,5.849340e-01
100,2050,1.687630e+01,1.233670e+01,4.580610e+03,1.229080e+00,1.003240e+01,5.900180e-01
100,2075,1.662710e+01,1.181630e+01,4.883010e+03,1.229930e+00,9.765200e+00,5.950520e-01
100,2100,1.639960e+01,1.109710e+01,5.169760e+03,1.229780e+00,9.516910e+00,6.000290e-01
100,2125,1.619600e+01,1.026600e+01,5.436930e+03,1.229020e+00,9.288200e+00,6.049480e-01
100,2150,1.601670e+01,9.410590e+00,5.682860e+03,1.228070e+00,9.078560e+00,6.098100e-01
100,2175,1.586030e+01,8.598720e+00,5.907830e+03,1.227190e+00,8.886600e+00,6.146210e-01
100,2200,1.572460e+01,7.870250e+00,6.113500e+03,1.226470e+00,8.710440e+00,6.193890e-01
100,2225,1.560690e+01,7.240350e+00,6.302170e+03,1.225920e+00,8.548100e+00,6.241200e-01
100,2250,1.550460e+01,6.707560e+00,6.476330e+03,1.225450e+00,8.397720e+00,6.288200e-01
100,2275,1.541540e+01,6.261820e+00,6.638270e+03,1.224990e+00,8.257620e+00,6.334930e-01
100,2300,1.533710e+01,5.890150e+00,6.790030e+03,1.224480e+00,8.126400e+00,6.381430e-01
100,2325,1.526820e+01,5.579760e+00,6.933290e+03,1.223890e+00,8.002890e+00,6.427740e-01
100,2350,1.520720e+01,5.319460e+00,7.069440e+03,1.223210e+00,7.886110e+00,6.473870e-01
100,2375,1.515290e+01,5.100030e+00,7.199600e+03,1.222460e+00,7.775270e+00,6.519840e-01
100,2400,1.510450e+01,4.914100e+00,7.324720e+03,1.221620e+00,7.669700e+00,6.565660e-01
100,2425,1.506120e+01,4.755870e+00,7.445540e+03,1.220730e+00,7.568830e+00,6.611330e-01
100,2450,1.502220e+01,4.620770e+00,7.562700e+03,1.219780e+00,7.472190e+00,6.656880e-01
100,2475,1.498700e+01,4.505230e+00,7.676740e+03,1.218790e+00,7.379390e+00,6.702290e-01
100,2500,1.495510e+01,4.406400e+00,7.788100e+03,1.217770e+00,7.290050e+00,6.747580e-01
100,2525,1.492610e+01,4.321980e+00,7.897180e+03,1.216720e+00,7.203890e+00,6.792750e-01
100,2550,1.489970e+01,4.250130e+00,8.004310e+03,1.215650e+00,7.120640e+00,6.837800e-01
100,2575,1.487550e+01,4.189330e+00,8.109780e+03,1.214570e+00,7.040060e+00,6.882740e-01
100,2600,1.485330e+01,4.138330e+00,8.213860e+03,1.213470e+00,6.961940e+00,6.927570e-01
100,2625,1.483270e+01,4.096070e+00,8.316770e+03,1.212360e+00,6.886120e+00,6.972290e-01
100,2650,1.481370e+01,4.061670e+00,8.418730e+03,1.211250e+00,6.812410e+00,7.016900e-01
100,2675,1.479600e+01,4.034370e+00,8.519910e+03,1.210130e+00,6.740670e+00,7.061400e-01
100,2700,1.477940e+01,4.013550e+00,8.620500e+03,1.209010e+00,6.670770e+00,7.105810e-01
100,2725,1.476380e+01,3.998650e+00,8.720640e+03,1.207890e+00,6.602600e+00,7.150110e-01
100,2750,1.474910e+01,3.989210e+00,8.820480e+03,1.206780e+00,6.536030e+00,7.194310e-01
100,2775,1.473500e+01,3.984840e+00,8.920140e+03,1.205670e+00,6.470990e+00,7.238410e-01
100,2800,1.472160e+01,3.985190e+00,9.019760e+03,1.204560e+00,6.407360e+00,7.282410e-01
100,2825,1.470870e+01,3.989960e+00,9.119440e+03,1.203460e+00,6.345080e+00,7.326310e-01
100,2850,1.469620e+01,3.998920e+00,9.219290e+03,1.202380e+00,6.284070e+00,7.370120e-01
100,2875,1.468400e+01,4.011850e+00,9.319420e+03,1.201300e+00,6.224250e+00,7.413830e-01
100,2900,1.467200e+01,4.028580e+00,9.419910e+03,1.200240e+00,6.165570e+00,7.457450e-01
100,2925,1.466020e+01,4.048950e+00,9.520880e+03,1.199190e+00,6.107960e+00,7.500970e-01
100,2950,1.464850e+01,4.072850e+00,9.622390e+03,1.198160e+00,6.051370e+00,7.544390e-01
100,2975,1.463690e+01,4.100180e+00,9.724550e+03,1.197150e+00,5.995740e+00,7.587710e-01
100,3000,1.462520e+01,4.130860e+00,9.827430e+03,1.196160e+00,5.941040e+00,7.630940e-01
100,3025,1.461340e+01,4.164840e+00,9.931120e+03,1.195200e+00,5.887200e+00,7.674070e-01
100,3050,1.460150e+01,4.202050e+00,1.003570e+04,1.194260e+00,5.834190e+00,7.717100e-01
100,3075,1.458950e+01,4.242490e+00,1.014120e+04,1.193340e+00,5.781980e+00,7.760030e-01
100,3100,1.457720e+01,4.286140e+00,1.024780e+04,1.192460e+00,5.730510e+00,7.802860e-01
100,3125,1.456460e+01,4.332980e+00,1.035560e+04,1.191600e+00,5.679760e+00,7.845580e-01
100,3150,1.455170e+01,4.383030e+00,1.046450e+04,1.190780e+00,5.629690e+00,7.888200e-01
100,3175,1.453840e+01,4.436310e+00,1.057480e+04,1.190000e+00,5.580260e+00,7.930710e-01
100,3200,1.452470e+01,4.492840e+00,1.068640e+04,1.189250e+00,5.531460e+00,7.973100e-01
100,3225,1.451060e+01,4.552670e+00,1.079940e+04,1.188540e+00,5.483240e+00,8.015380e-01
100,3250,1.449600e+01,4.615820e+00,1.091400e+04,1.187870e+00,5.435570e+00,8.057540e-01
100,3275,1.448080e+01,4.682360e+00,1.103020e+04,1.187250e+00,5.388440e+00,8.099580e-01
100,3300,1.446510e+01,4.752340e+00,1.114820e+04,1.186680e+00,5.341820e+00,8.141500e-01
100,3325,1.444880e+01,4.825820e+00,1.126790e+04,1.186150e+00,5.295670e+00,8.183280e-01
100,3350,1.443180e+01,4.902880e+00,1.138950e+04,1.185680e+00,5.249980e+00,8.224930e-01
100,3375,1.441410e+01,4.983580e+00,1.151310e+04,1.185260e+00,5.204710e+00,8.266430e-01
100,3400,1.439580e+01,5.068000e+00,1.163870e+04,1.184900e+00,5.159860e+00,8.307790e-01
100,3425,1.437660e+01,5.156220e+00,1.176650e+04,1.184600e+00,5.115390e+00,8.349000e-01
100,3450,1.435670e+01,5.248340e+00,1.189650e+04,1.184350e+00,5.071290e+00,8.390040e-01
100,3475,1.433600e+01,5.344430e+00,1.202900e+04,1.184180e+00,5.027530e+00,8.430920e-01
100,3500,1.431440e+01,5.444590e+00,1.216380e+04,1.184070e+00,4.984100e+00,8.471630e-01
100,3525,1.429190e+01,5.548920e+00,1.230120e+04,1.184030e+00,4.940970e+00,8.512160e-01
100,3550,1.426850e+01,5.657500e+00,1.244130e+04,1.184060e+00,4.898130e+00,8.552500e-01
100,3575,1.424400e+01,5.770430e+00,1.258410e+04,1.184160e+00,4.855560e+00,8.592650e-01
100,3600,1.421860e+01,5.887800e+00,1.272980e+04,1.184350e+00,4.813240e+00,8.632590e-01
100,3625,1.419220e+01,6.009700e+00,1.287860e+04,1.184610e+00,4.771150e+00,8.672330e-01
100,3650,1.416460e+01,6.136230e+00,1.303040e+04,1.184950e+00,4.729280e+00,8.711840e-01
100,3675,1.413600e+01,6.267470e+00,1.318540e+04,1.185380e+00,4.687610e+00,8.751130e-01
100,3700,1.410620e+01,6.403490e+00,1.334380e+04,1.185900e+00,4.646130e+00,8.790170e-01
100,3725,1.407530e+01,6.544370e+00,1.350560e+04,1.186510e+00,4.604820e+00,8.828980e-01
100,3750,1.404310e+01,6.690180e+00,1.367100e+04,1.187200e+00,4.563660e+00,8.867530e-01
100,3775,1.400970e+01,6.840960e+00,1.384020e+04,1.188000e+00,4.522650e+00,8.905820e-01
100,3800,1.397500e+01,6.996760e+00,1.401310e+04,1.188880e+00,4.481780e+00,8.943840e-01
100,3825,1.393900e+01,7.157610e+00,1.419010e+04,1.189870e+00,4.441020e+00,8.981580e-01
100,3850,1.390170e+01,7.323530e+00,1.437110e+04,1.190960e+00,4.400370e+00,9.019040e-01
100,3875,1.386300e+01,7.494490e+00,1.455630e+04,1.192150e+00,4.359820e+00,9.056210e-01
100,3900,1.382300e+01,7.670490e+00,1.474580e+04,1.193440e+00,4.319360e+00,9.093080e-01
100,3925,1.378150e+01,7.851470e+00,1.493980e+04,1.194840e+00,4.278980e+00,9.129650e-01
100,3950,1.373870e+01,8.037370e+00,1.513840e+04,1.196340e+00,4.238670e+00,9.165910e-01
100,3975,1.369430e+01,8.228080e+00,1.534170e+04,1.197940e+00,4.198420e+00,9.201860e-01
100,4000,1.364860e+01,8.423480e+00,1.554990e+04,1.199660e+00,4.158240e+00,9.237500e-01
177.828,200,3.094510e+01,1.144150e+00,-4.836910e+03,1.306900e+00,3.353080e+02,8.791870e-02
177.828,225,3.094510e+01,1.185780e+00,-4.807790e+03,1.292970e+00,2.980520e+02,9.757770e-02
177.828,250,3.094510e+01,1.232780e+00,-4.777570e+03,1.278690e+00,2.682470e+02,1.071520e-01
177.828,275,3.094510e+01,1.284860e+00,-4.746110e+03,1.264410e+00,2.438600e+02,1.166360e-01
177.828,300,3.094510e+01,1.341000e+00,-4.713300e+03,1.250570e+00,2.235390e+02,1.260210e-01
177.828,325,3.094510e+01,1.400040e+00,-4.679040e+03,1.237490e+00,2.063430e+02,1.356830e-01
177.828,350,3.094510e+01,1.460960e+00,-4.643280e+03,1.225360e+00,1.916050e+02,1.453030e-01
177.828,375,3.094510e+01,1.522950e+00,-4.605980e+03,1.214220e+00,1.788310e+02,1.548750e-01
177.828,400,3.094500e+01,1.585520e+00,-4.567130e+03,1.204070e+00,1.676540e+02,1.643960e-01
177.828,425,3.094480e+01,1.648540e+00,-4.526700e+03,1.194810e+00,1.577910e+02,1.738620e-01
177.828,450,3.094420e+01,1.712410e+00,-4.484690e+03,1.186330e+00,1.490220e+02,1.832720e-01
177.828,475,3.094290e+01,1.778210e+00,-4.441070e+03,1.178510e+00,1.411720e+02,1.926260e-01
177.828,500,3.093990e+01,1.847910e+00,-4.395750e+03,1.171220e+00,1.341010e+02,2.019270e-01
177.828,525,3.093400e+01,1.924510e+00,-4.348610e+03,1.164340e+00,1.276910e+02,2.107990e-01
177.828,550,3.092310e+01,2.012180e+00,-4.299430e+03,1.157810e+00,1.218440e+02,2.195800e-01
177.828,575,3.090420e+01,2.116300e+00,-4.247870e+03,1.151630e+00,1.164750e+02,2.282770e-01
177.828,600,3.087300e+01,2.243300e+00,-4.193430e+03,1.145870e+00,1.115090e+02,2.369010e-01
177.828,625,3.082380e+01,2.400400e+00,-4.135450e+03,1.140730e+00,1.068780e+02,2.452480e-01
177.828,650,3.074980e+01,2.595140e+00,-4.073090e+03,1.136460e+00,1.025210e+02,2.535300e-01
177.828,675,3.064250e+01,2.834560e+00,-4.005320e+03,1.133390e+00,9.837910e+01,2.617650e-01
177.828,700,3.049290e+01,3.124160e+00,-3.930950e+03,1.131810e+00,9.440240e+01,2.699720e-01
177.828,725,3.029160e+01,3.466510e+00,-3.848670e+03,1.131980e+00,9.054530e+01,2.781630e-01
177.828,750,3.003000e+01,3.859560e+00,-3.757200e+03,1.134060e+00,8.677130e+01,2.863510e-01
177.828,775,2.970190e+01,4.294640e+00,-3.655340e+03,1.138030e+00,8.305490e+01,2.945360e-01
177.828,800,2.930500e+01,4.754730e+00,-3.542250e+03,1.143710e+00,7.938410e+01,3.027100e-01
177.828,825,2.884210e+01,5.213300e+00,-3.417620e+03,1.150700e+00,7.576260e+01,3.108490e-01
177.828,850,2.832260e+01,5.634920e+00,-3.281890e+03,1.158370e+00,7.220980e+01,3.189210e-01
177.828,875,2.776240e+01,5.978750e+00,-3.136520e+03,1.165940e+00,6.875920e+01,3.268810e-01
177.828,900,2.718250e+01,6.205640e+00,-2.983930e+03,1.172560e+00,6.545300e+01,3.346870e-01
177.828,925,2.660680e+01,6.287900e+00,-2.827450e+03,1.177500e+00,6.233520e+01,3.423000e-01
177.828,950,2.605830e+01,6.218530e+00,-2.670810e+03,1.180290e+00,5.944350e+01,3.496960e-01
177.828,975,2.555570e+01,6.015480e+00,-2.517640e+03,1.180840e+00,5.680210e+01,3.568670e-01
177.828,1000,2.511090e+01,5.717750e+00,-2.370830e+03,1.179460e+00,5.441830e+01,3.638220e-01
177.828,1025,2.472880e+01,5.374620e+00,-2.232130e+03,1.176690e+00,5.228300e+01,3.703570e-01
177.828,1050,2.440730e+01,5.032700e+00,-2.102080e+03,1.173140e+00,5.037470e+01,3.767140e-01
177.828,1075,2.414010e+01,4.726600e+00,-1.980190e+03,1.169370e+00,4.866440e+01,3.829180e-01
177.828,1100,2.391820e+01,4.475720e+00,-1.865290e+03,1.165750e+00,4.712130e+01,3.889930e-01
177.828,1125,2.373230e+01,4.286090e+00,-1.755890e+03,1.162520e+00,4.571610e+01,3.949570e-01
177.828,1150,2.357360e+01,4.154710e+00,-1.650500e+03,1.159810e+00,4.442330e+01,4.008250e-01
177.828,1175,2.343470e+01,4.073840e+00,-1.547740e+03,1.157660e+00,4.322180e+01,4.066090e-01
177.828,1200,2.330940e+01,4.034260e+00,-1.446460e+03,1.156070e+00,4.209510e+01,4.123190e-01
177.828,1225,2.319310e+01,4.027060e+00,-1.345750e+03,1.155000e+00,4.103020e+01,4.179620e-01
177.828,1250,2.308210e+01,4.044600e+00,-1.244900e+03,1.154410e+00,4.001730e+01,4.235430e-01
177.828,1275,2.297390e+01,4.080660e+00,-1.143370e+03,1.154260e+00,3.904870e+01,4.290680e-01
177.828,1300,2.286650e+01,4.130390e+00,-1.040760e+03,1.154480e+00,3.811870e+01,4.345410e-01
177.828,1325,2.275860e+01,4.190140e+00,-9.367680e+02,1.155020e+00,3.722300e+01,4.399650e-01
177.828,1350,2.264920e+01,4.257260e+00,-8.311880e+02,1.155840e+00,3.635810e+01,4.453440e-01
177.828,1375,2.253770e+01,4.329880e+00,-7.238590e+02,1.156870e+00,3.552130e+01,4.506820e-01
177.828,1400,2.242370e+01,4.406790e+00,-6.146590e+02,1.158090e+00,3.471050e+01,4.559800e-01
177.828,1425,2.230690e+01,4.487340e+00,-5.034890e+02,1.159460e+00,3.392390e+01,4.612420e-01
177.828,1450,2.218720e+01,4.571360e+00,-3.902630e+02,1.160920e+00,3.316020e+01,4.664710e-01
177.828,1475,2.206450e+01,4.659100e+00,-2.748910e+02,1.162460e+00,3.241790e+01,4.716690e-01
177.828,1500,2.193880e+01,4.751240e+00,-1.572710e+02,1.164040e+00,3.169600e+01,4.768390e-01
177.828,1525,2.181010e+01,4.848830e+00,-3.728320e+01,1.165630e+00,3.099340e+01,4.819840e-01
177.828,1550,2.167820e+01,4.953320e+00,8.522760e+01,1.167220e+00,3.030920e+01,4.871060e-01
177.828,1575,2.154320e+01,5.066520e+00,2.104550e+02,1.168790e+00,2.964230e+01,4.922090e-01
177.828,1600,2.140480e+01,5.190660e+00,3.386450e+02,1.170320e+00,2.899170e+01,4.972950e-01
177.828,1625,2.126300e+01,5.328340e+00,4.701010e+02,1.171820e+00,2.835650e+01,5.023680e-01
177.828,1650,2.111730e+01,5.482570e+00,6.051990e+02,1.173280e+00,2.773550e+01,5.074300e-01
177.828,1675,2.096750e+01,5.656740e+00,7.443950e+02,1.174720e+00,2.712770e+01,5.124840e-01
177.828,1700,2.081300e+01,5.854610e+00,8.882340e+02,1.176170e+00,2.653180e+01,5.175350e-01
177.828,1725,2.065320e+01,6.080270e+00,1.037360e+03,1.177660e+00,2.594660e+01,5.225840e-01
177.828,1750,2.048760e+01,6.338000e+00,1.192510e+03,1.179250e+00,2.537090e+01,5.276370e-01
177.828,1775,2.031530e+01,6.632190e+00,1.354560e+03,1.181000e+00,2.480310e+01,5.326960e-01
177.828,1800,2.013540e+01,6.967010e+00,1.524460e+03,1.182980e+00,2.424210e+01,5.377650e-01
177.828,1825,1.994710e+01,7.346000e+00,1.703280e+03,1.185260e+00,2.368640e+01,5.428470e-01
177.828,1850,1.974940e+01,7.771500e+00,1.892150e+03,1.187940e+00,2.313480e+01,5.479470e-01
177.828,1875,1.954160e+01,8.243660e+00,2.092250e+03,1.191070e+00,2.258610e+01,5.530660e-01
177.828,1900,1.932300e+01,8.759240e+00,2.304700e+03,1.194730e+00,2.203950e+01,5.582070e-01
177.828,1925,1.909310e+01,9.309950e+00,2.530500e+03,1.198920e+00,2.149450e+01,5.633710e-01
177.828,1950,1.885200e+01,9.880580e+00,2.770360e+03,1.203620e+00,2.095100e+01,5.685570e-01
177.828,1975,1.860050e+01,1.044710e+01,3.024500e+03,1.208720e+00,2.040980e+01,5.737620e-01
177.828,2000,1.834000e+01,1.097570e+01,3.292410e+03,1.214060e+00,1.987250e+01,5.789820e-01
177.828,2025,1.807310e+01,1.142330e+01,3.572610e+03,1.219360e+00,1.934150e+01,5.840450e-01
177.828,2050,1.780330e+01,1.174160e+01,3.862490e+03,1.224300e+00,1.882040e+01,5.891060e-01
177.828,2075,1.753500e+01,1.188530e+01,4.158230e+03,1.228560e+00,1.831340e+01,5.941540e-01
177.828,2100,1.727320e+01,1.182280e+01,4.455030e+03,1.231850e+00,1.782530e+01,5.991780e-01
177.828,2125,1.702290e+01,1.154760e+01,4.747590e+03,1.234050e+00,1.736030e+01,6.041660e-01
177.828,2150,1.678840e+01,1.108360e+01,5.030830e+03,1.235200e+00,1.692200e+01,6.091110e-01
177.828,2175,1.657260e+01,1.048060e+01,5.300610e+03,1.235520e+00,1.651250e+01,6.140070e-01
177.828,2200,1.637730e+01,9.801370e+00,5.554230e+03,1.235290e+00,1.613250e+01,6.188550e-01
177.828,2225,1.620250e+01,9.106250e+00,5.790550e+03,1.234770e+00,1.578100e+01,6.236550e-01
177.828,2250,1.604720e+01,8.441340e+00,6.009800e+03,1.234150e+00,1.545610e+01,6.284140e-01
177.828,2275,1.590980e+01,7.834760e+00,6.213110e+03,1.233520e+00,1.515530e+01,6.331350e-01
177.828,2300,1.578820e+01,7.298580e+00,6.402120e+03,1.232890e+00,1.487600e+01,6.378250e-01
177.828,2325,1.568050e+01,6.833690e+00,6.578630e+03,1.232230e+00,1.461570e+01,6.424860e-01
177.828,2350,1.558480e+01,6.434670e+00,6.744360e+03,1.231510e+00,1.437200e+01,6.471240e-01
177.828,2375,1.549960e+01,6.093410e+00,6.900850e+03,1.230720e+00,1.414290e+01,6.517410e-01
177.828,2400,1.542330e+01,5.801390e+00,7.049440e+03,1.229850e+00,1.392670e+01,6.563390e-01
177.828,2425,1.535480e+01,5.550750e+00,7.191260e+03,1.228900e+00,1.372190e+01,6.609210e-01
177.828,2450,1.529320e+01,5.334770e+00,7.327270e+03,1.227880e+00,1.352740e+01,6.654870e-01
177.828,2475,1.523750e+01,5.147880e+00,7.458240e+03,1.226790e+00,1.334200e+01,6.700390e-01
177.828,2500,1.518710e+01,4.985560e+00,7.584860e+03,1.225660e+00,1.316490e+01,6.745780e-01
177.828,2525,1.514130e+01,4.844200e+00,7.707700e+03,1.224500e+00,1.299520e+01,6.791040e-01
177.828,2550,1.509960e+01,4.720860e+00,7.827220e+03,1.223310e+00,1.283240e+01,6.836170e-01
177.828,2575,1.506160e+01,4.613190e+00,7.943870e+03,1.222100e+00,1.267580e+01,6.881190e-01
177.828,2600,1.502670e+01,4.519240e+00,8.058000e+03,1.220880e+00,1.252490e+01,6.926090e-01
177.828,2625,1.499480e+01,4.437420e+00,8.169930e+03,1.219660e+00,1.237920e+01,6.970880e-01
177.828,2650,1.496530e+01,4.366400e+00,8.279960e+03,1.218430e+00,1.223830e+01,7.015560e-01
177.828,2675,1.493820e+01,4.305060e+00,8.388330e+03,1.217210e+00,1.210200e+01,7.060130e-01
177.828,2700,1.491300e+01,4.252450e+00,8.495280e+03,1.215990e+00,1.196970e+01,7.104600e-01
177.828,2725,1.488970e+01,4.207740e+00,8.601020e+03,1.214770e+00,1.184140e+01,7.148960e-01
177.828,2750,1.486800e+01,4.170240e+00,8.705730e+03,1.213570e+00,1.171660e+01,7.193220e-01
177.828,2775,1.484760e+01,4.139340e+00,8.809590e+03,1.212370e+00,1.159510e+01,7.237380e-01
177.828,2800,1.482850e+01,4.114500e+00,8.912750e+03,1.211180e+00,1.147680e+01,7.281450e-01
177.828,2825,1.481050e+01,4.095250e+00,9.015360e+03,1.210010e+00,1.136150e+01,7.325410e-01
177.828,2850,1.479350e+01,4.081190e+00,9.117550e+03,1.208850e+00,1.124880e+01,7.369280e-01
177.828,2875,1.477730e+01,4.071980e+00,9.219460e+03,1.207710e+00,1.113880e+01,7.413060e-01
177.828,2900,1.476180e+01,4.067280e+00,9.321190e+03,1.206580e+00,1.103120e+01,7.456740e-01
177.828,2925,1.474700e+01,4.066840e+00,9.422860e+03,1.205460e+00,1.092590e+01,7.500320e-01
177.828,2950,1.473260e+01,4.070420e+00,9.524570e+03,1.204370e+00,1.082280e+01,7.543810e-01
177.828,2975,1.471880e+01,4.077800e+00,9.626410e+03,1.203290e+00,1.072180e+01,7.587210e-01
177.828,3000,1.470520e+01,4.088820e+00,9.728490e+03,1.202240e+00,1.062260e+01,7.630520e-01
177.828,3025,1.469200e+01,4.103320e+00,9.830880e+03,1.201210e+00,1.052540e+01,7.673730e-01
177.828,3050,1.467900e+01,4.121170e+00,9.933680e+03,1.200200e+00,1.042980e+01,7.716850e-01
177.828,3075,1.466610e+01,4.142250e+00,1.003700e+04,1.199210e+00,1.033600e+01,7.759880e-01
177.828,3100,1.465330e+01,4.166480e+00,1.014080e+04,1.198260e+00,1.024370e+01,7.802810e-01
177.828,3125,1.464060e+01,4.193770e+00,1.024530e+04,1.197320e+00,1.015290e+01,7.845650e-01
177.828,3150,1.462790e+01,4.224060e+00,1.035050e+04,1.196420e+00,1.006360e+01,7.888390e-01
177.828,3175,1.461500e+01,4.257300e+00,1.045650e+04,1.195540e+00,9.975580e+00,7.931030e-01
177.828,3200,1.460210e+01,4.293450e+00,1.056340e+04,1.194700e+00,9.888890e+00,7.973580e-01
177.828,3225,1.458900e+01,4.332490e+00,1.067120e+04,1.193890e+00,9.803430e+00,8.016020e-01
177.828,3250,1.457570e+01,4.374390e+00,1.078010e+04,1.193110e+00,9.719160e+00,8.058360e-01
177.828,3275,1.456220e+01,4.419150e+00,1.089000e+04,1.192370e+00,9.636000e+00,8.100590e-01
177.828,3300,1.454830e+01,4.466760e+00,1.100110e+04,1.191660e+00,9.553920e+00,8.142720e-01
177.828,3325,1.453420e+01,4.517240e+00,1.111330e+04,1.190990e+00,9.472860e+00,8.184730e-01
177.828,3350,1.451970e+01,4.570590e+00,1.122690e+04,1.190370e+00,9.392780e+00,8.226630e-01
177.828,3375,1.450480e+01,4.626830e+00,1.134190e+04,1.189780e+00,9.313630e+00,8.268420e-01
177.828,3400,1.448940e+01,4.686000e+00,1.145830e+04,1.189240e+00,9.235360e+00,8.310080e-01
177.828,3425,1.447360e+01,4.748110e+00,1.157620e+04,1.188750e+00,9.157940e+00,8.351620e-01
177.828,3450,1.445730e+01,4.813210e+00,1.169570e+04,1.188300e+00,9.081330e+00,8.393030e-01
177.828,3475,1.444040e+01,4.881330e+00,1.181690e+04,1.187900e+00,9.005480e+00,8.434310e-01
177.828,3500,1.442300e+01,4.952510e+00,1.193980e+04,1.187550e+00,8.930370e+00,8.475440e-01
177.828,3525,1.440500e+01,5.026800e+00,1.206460e+04,1.187250e+00,8.855950e+00,8.516440e-01
177.828,3550,1.438630e+01,5.104260e+00,1.219120e+04,1.187010e+00,8.782190e+00,8.557290e-01
177.828,3575,1.436700e+01,5.184920e+00,1.231980e+04,1.186830e+00,8.709060e+00,8.597980e-01
177.828,3600,1.434700e+01,5.268840e+00,1.245050e+04,1.186700e+00,8.636530e+00,8.638520e-01
177.828,3625,1.432620e+01,5.356070e+00,1.258330e+04,1.186630e+00,8.564570e+00,8.678880e-01
177.828,3650,1.430470e+01,5.446680e+00,1.271830e+04,1.186630e+00,8.493140e+00,8.719080e-01
177.828,3675,1.428240e+01,5.540710e+00,1.285560e+04,1.186690e+00,8.422220e+00,8.759100e-01
177.828,3700,1.425930e+01,5.638220e+00,1.299540e+04,1.186820e+00,8.351780e+00,8.798930e-01
177.828,3725,1.423540e+01,5.739260e+00,1.313760e+04,1.187010e+00,8.281800e+00,8.838580e-01
177.828,3750,1.421060e+01,5.843890e+00,1.328240e+04,1.187280e+00,8.212240e+00,8.878020e-01
177.828,3775,1.418480e+01,5.952150e+00,1.342980e+04,1.187610e+00,8.143090e+00,8.917260e-01
177.828,3800,1.415820e+01,6.064090e+00,1.358000e+04,1.188020e+00,8.074320e+00,8.956290e-01
177.828,3825,1.413060e+01,6.179750e+00,1.373300e+04,1.188510e+00,8.005910e+00,8.995100e-01
177.828,3850,1.410200e+01,6.299170e+00,1.388900e+04,1.189070e+00,7.937830e+00,9.033690e-01
177.828,3875,1.407240e+01,6.422380e+00,1.404800e+04,1.189710e+00,7.870070e+00,9.072040e-01
177.828,3900,1.404180e+01,6.549400e+00,1.421020e+04,1.190440e+00,7.802610e+00,9.110160e-01
177.828,3925,1.401010e+01,6.680260e+00,1.437550e+04,1.191240e+00,7.735410e+00,9.148030e-01
177.828,3950,1.397730e+01,6.814950e+00,1.454420e+04,1.192130e+00,7.668480e+00,9.185650e-01
177.828,3975,1.394350e+01,6.953470e+00,1.471630e+04,1.193100e+00,7.601790e+00,9.223010e-01
177.828,4000,1.390850e+01,7.095810e+00,1.489190e+04,1.194160e+00,7.535330e+00,9.260110e-01
316.228,200,3.094510e+01,1.144150e+00,-4.836910e+03,1.306900e+00,5.962720e+02,8.791870e-02
316.228,225,3.094510e+01,1.185780e+00,-4.807790e+03,1.292970e+00,5.300190e+02,9.757770e-02
316.228,250,3.094510e+01,1.232780e+00,-4.777570e+03,1.278690e+00,4.770170e+02,1.071520e-01
316.228,275,3.094510e+01,1.284860e+00,-4.746110e+03,1.264410e+00,4.336520e+02,1.166360e-01
316.228,300,3.094510e+01,1.341000e+00,-4.713300e+03,1.250570e+00,3.975140e+02,1.260210e-01
316.228,325,3.094510e+01,1.400040e+00,-4.679040e+03,1.237490e+00,3.669360e+02,1.356830e-01
316.228,350,3.094510e+01,1.460950e+00,-4.643280e+03,1.225360e+00,3.407270e+02,1.453030e-01
316.228,375,3.094510e+01,1.522910e+00,-4.605980e+03,1.214230e+00,3.180110e+02,1.548750e-01
316.228,400,3.094510e+01,1.585360e+00,-4.567130e+03,1.204080e+00,2.981350e+02,1.643960e-01
316.228,425,3.094490e+01,1.648070e+00,-4.526710e+03,1.194850e+00,2.805960e+02,1.738620e-01
316.228,450,3.094450e+01,1.711220e+00,-4.484720e+03,1.186420e+00,2.650040e+02,1.832720e-01
316.228,475,3.094350e+01,1.775510e+00,-4.441140e+03,1.178690e+00,2.510490e+02,1.926250e-01
316.228,500,3.094140e+01,1.842320e+00,-4.395930e+03,1.171530e+00,2.384800e+02,2.019230e-01
316.228,525,3.093710e+01,1.913800e+00,-4.348990e+03,1.164830e+00,2.270920e+02,2.107920e-01
316.228,550,3.092920e+01,1.992970e+00,-4.300170e+03,1.158540e+00,2.167150e+02,2.195660e-01
316.228,575,3.091550e+01,2.083750e+00,-4.249240e+03,1.152610e+00,2.072000e+02,2.282520e-01
316.228,600,3.089280e+01,2.190860e+00,-4.195850e+03,1.147080e+00,1.984210e+02,2.368570e-01
316.228,625,3.085700e+01,2.319690e+00,-4.139520e+03,1.142060e+00,1.902640e+02,2.451740e-01
316.228,650,3.080290e+01,2.475990e+00,-4.079640e+03,1.137720e+00,1.826250e+02,2.534140e-01
316.228,675,3.072430e+01,2.665390e+00,-4.015440e+03,1.134290e+00,1.754120e+02,2.615900e-01
316.228,700,3.061390e+01,2.892790e+00,-3.946050e+03,1.132000e+00,1.685400e+02,2.697160e-01
316.228,725,3.046420e+01,3.161550e+00,-3.870460e+03,1.131110e+00,1.619320e+02,2.778080e-01
316.228,750,3.026770e+01,3.472550e+00,-3.787620e+03,1.131770e+00,1.555250e+02,2.858750e-01
316.228,775,3.001770e+01,3.822990e+00,-3.696500e+03,1.134090e+00,1.492650e+02,2.939240e-01
316.228,800,2.970960e+01,4.205210e+00,-3.596200e+03,1.138030e+00,1.431160e+02,3.019550e-01
316.228,825,2.934190e+01,4.605680e+00,-3.486090e+03,1.143430e+00,1.370620e+02,3.099590e-01
316.228,850,2.891700e+01,5.004440e+00,-3.365930e+03,1.149970e+00,1.311040e+02,3.179180e-01
316.228,875,2.844220e+01,5.375590e+00,-3.236090e+03,1.157160e+00,1.252670e+02,3.258060e-01
316.228,900,2.792970e+01,5.689570e+00,-3.097630e+03,1.164380e+00,1.195930e+02,3.335890e-01
316.228,925,2.739560e+01,5.917310e+00,-2.952340e+03,1.170970e+00,1.141360e+02,3.412340e-01
316.228,950,2.685850e+01,6.036140e+00,-2.802670e+03,1.176290e+00,1.089530e+02,3.487110e-01
316.228,975,2.633710e+01,6.035800e+00,-2.651530e+03,1.179860e+00,1.040990e+02,3.559990e-01
316.228,1000,2.584790e+01,5.922210e+00,-2.501830e+03,1.181490e+00,9.961120e+01,3.630900e-01
316.228,1025,2.540310e+01,5.717190e+00,-2.356180e+03,1.181240e+00,9.550930e+01,3.697620e-01
316.228,1050,2.500960e+01,5.453250e+00,-2.216460e+03,1.179450e+00,9.179090e+01,3.762470e-01
316.228,1075,2.466900e+01,5.165970e+00,-2.083710e+03,1.176590e+00,8.843530e+01,3.825660e-01
316.228,1100,2.437880e+01,4.886700e+00,-1.958100e+03,1.173130e+00,8.540860e+01,3.887380e-01
316.228,1125,2.413340e+01,4.637940e+00,-1.839120e+03,1.169520e+00,8.266990e+01,3.947840e-01
316.228,1150,2.392580e+01,4.432190e+00,-1.725840e+03,1.166040e+00,8.017710e+01,4.007200e-01
316.228,1175,2.374870e+01,4.273400e+00,-1.617120e+03,1.162920e+00,7.789040e+01,4.065620e-01
316.228,1200,2.359540e+01,4.159620e+00,-1.511790e+03,1.160260e+00,7.577530e+01,4.123210e-01
316.228,1225,2.345980e+01,4.085670e+00,-1.408800e+03,1.158110e+00,7.380240e+01,4.180070e-01
316.228,1250,2.333710e+01,4.045110e+00,-1.307230e+03,1.156470e+00,7.194810e+01,4.236270e-01
316.228,1275,2.322340e+01,4.031520e+00,-1.206320e+03,1.155310e+00,7.019350e+01,4.291870e-01
316.228,1300,2.311550e+01,4.039180e+00,-1.105480e+03,1.154600e+00,6.852380e+01,4.346920e-01
316.228,1325,2.301110e+01,4.063300e+00,-1.004230e+03,1.154280e+00,6.692740e+01,4.401470e-01
316.228,1350,2.290850e+01,4.100060e+00,-9.022090e+02,1.154320e+00,6.539520e+01,4.455550e-01
316.228,1375,2.280640e+01,4.146510e+00,-7.991440e+02,1.154650e+00,6.392000e+01,4.509190e-01
316.228,1400,2.270380e+01,4.200460e+00,-6.948210e+02,1.155240e+00,6.249610e+01,4.562430e-01
316.228,1425,2.260010e+01,4.260370e+00,-5.890720e+02,1.156040e+00,6.111910e+01,4.615290e-01
316.228,1450,2.249460e+01,4.325230e+00,-4.817610e+02,1.157020e+00,5.978510e+01,4.667800e-01
316.228,1475,2.238720e+01,4.394520e+00,-3.727730e+02,1.158130e+00,5.849110e+01,4.719980e-01
316.228,1500,2.227750e+01,4.468100e+00,-2.620000e+02,1.159360e+00,5.723440e+01,4.771860e-01
316.228,1525,2.216530e+01,4.546190e+00,-1.493310e+02,1.160660e+00,5.601270e+01,4.823470e-01
316.228,1550,2.205060e+01,4.629370e+00,-3.464770e+01,1.162030e+00,5.482400e+01,4.874810e-01
316.228,1575,2.193310e+01,4.718500e+00,8.218720e+01,1.163430e+00,5.366640e+01,4.925930e-01
316.228,1600,2.181280e+01,4.814780e+00,2.013370e+02,1.164860e+00,5.253810e+01,4.976840e-01
316.228,1625,2.168950e+01,4.919670e+00,3.229980e+02,1.166290e+00,5.143730e+01,5.027560e-01
316.228,1650,2.156290e+01,5.034950e+00,4.474070e+02,1.167740e+00,5.036240e+01,5.078130e-01
316.228,1675,2.143290e+01,5.162680e+00,5.748490e+02,1.169190e+00,4.931150e+01,5.128570e-01
316.228,1700,2.129910e+01,5.305220e+00,7.056640e+02,1.170650e+00,4.828300e+01,5.178890e-01
316.228,1725,2.116110e+01,5.465180e+00,8.402550e+02,1.172140e+00,4.727500e+01,5.229140e-01
316.228,1750,2.101860e+01,5.645450e+00,9.790920e+02,1.173680e+00,4.628570e+01,5.279330e-01
316.228,1775,2.087090e+01,5.849090e+00,1.122720e+03,1.175300e+00,4.531310e+01,5.329490e-01
316.228,1800,2.071750e+01,6.079330e+00,1.271770e+03,1.177040e+00,4.435530e+01,5.379650e-01
316.228,1825,2.055770e+01,6.339360e+00,1.426940e+03,1.178960e+00,4.341030e+01,5.429850e-01
316.228,1850,2.039080e+01,6.632210e+00,1.589010e+03,1.181110e+00,4.247600e+01,5.480110e-01
316.228,1875,2.021600e+01,6.960410e+00,1.758840e+03,1.183550e+00,4.155060e+01,5.530450e-01
316.228,1900,2.003270e+01,7.325590e+00,1.937340e+03,1.186330e+00,4.063210e+01,5.580920e-01
316.228,1925,1.984020e+01,7.727860e+00,2.125430e+03,1.189530e+00,3.971890e+01,5.631520e-01
316.228,1950,1.963780e+01,8.165030e+00,2.324020e+03,1.193180e+00,3.880960e+01,5.682280e-01
316.228,1975,1.942520e+01,8.631550e+00,2.533930e+03,1.197310e+00,3.790360e+01,5.733200e-01
316.228,2000,1.920240e+01,9.117400e+00,2.755760e+03,1.201900e+00,3.700050e+01,5.784300e-01
316.228,2025,1.896980e+01,9.606870e+00,2.989830e+03,1.206880e+00,3.610100e+01,5.833860e-01
316.228,2050,1.872830e+01,1.007770e+01,3.235950e+03,1.212160e+00,3.520690e+01,5.883540e-01
316.228,2075,1.847980e+01,1.050140e+01,3.493330e+03,1.217540e+00,3.432100e+01,5.933310e-01
316.228,2100,1.822650e+01,1.084440e+01,3.760350e+03,1.222800e+00,3.344770e+01,5.983110e-01
316.228,2125,1.797170e+01,1.107240e+01,4.034590e+03,1.227670e+00,3.259220e+01,6.032850e-01
316.228,2150,1.771920e+01,1.115610e+01,4.312770e+03,1.231900e+00,3.176060e+01,6.082440e-01
316.228,2175,1.747300e+01,1.107860e+01,4.591040e+03,1.235310e+00,3.095920e+01,6.131810e-01
316.228,2200,1.723680e+01,1.084090e+01,4.865360e+03,1.237810e+00,3.019380e+01,6.180860e-01
316.228,2225,1.701410e+01,1.046380e+01,5.131930e+03,1.239430e+00,2.946870e+01,6.229550e-01
316.228,2250,1.680710e+01,9.983710e+00,5.387690e+03,1.240320e+00,2.878680e+01,6.277840e-01
316.228,2275,1.661710e+01,9.444320e+00,5.630620e+03,1.240670e+00,2.814860e+01,6.325720e-01
316.228,2300,1.644430e+01,8.887370e+00,5.859760e+03,1.240660e+00,2.755310e+01,6.373200e-01
316.228,2325,1.628810e+01,8.345840e+00,6.075120e+03,1.240420e+00,2.699790e+01,6.420330e-01
316.228,2350,1.614730e+01,7.841270e+00,6.277360e+03,1.240040e+00,2.647980e+01,6.467140e-01
316.228,2375,1.602050e+01,7.384630e+00,6.467580e+03,1.239530e+00,2.599530e+01,6.513660e-01
316.228,2400,1.590630e+01,6.978940e+00,6.647020e+03,1.238920e+00,2.554110e+01,6.559930e-01
316.228,2425,1.580320e+01,6.622250e+00,6.816940e+03,1.238180e+00,2.511390e+01,6.605980e-01
316.228,2450,1.570990e+01,6.310080e+00,6.978510e+03,1.237330e+00,2.471090e+01,6.651840e-01
316.228,2475,1.562530e+01,6.037040e+00,7.132770e+03,1.236380e+00,2.432960e+01,6.697530e-01
316.228,2500,1.554830e+01,5.797790e+00,7.280640e+03,1.235320e+00,2.396770e+01,6.743050e-01
316.228,2525,1.547820e+01,5.587510e+00,7.422900e+03,1.234180e+00,2.362340e+01,6.788440e-01
316.228,2550,1.541420e+01,5.402080e+00,7.560220e+03,1.232970e+00,2.329500e+01,6.833690e-01
316.228,2575,1.535560e+01,5.238040e+00,7.693180e+03,1.231710e+00,2.298110e+01,6.878810e-01
316.228,2600,1.530180e+01,5.092550e+00,7.822280e+03,1.230410e+00,2.268040e+01,6.923800e-01
316.228,2625,1.525240e+01,4.963260e+00,7.947940e+03,1.229080e+00,2.239190e+01,6.968680e-01
316.228,2650,1.520690e+01,4.848260e+00,8.070560e+03,1.227730e+00,2.211450e+01,7.013450e-01
316.228,2675,1.516500e+01,4.745960e+00,8.190460e+03,1.226370e+00,2.184740e+01,7.058110e-01
316.228,2700,1.512620e+01,4.655040e+00,8.307950e+03,1.225010e+00,2.158980e+01,7.102660e-01
316.228,2725,1.509040e+01,4.574370e+00,8.423300e+03,1.223650e+00,2.134100e+01,7.147100e-01
316.228,2750,1.505710e+01,4.503000e+00,8.536750e+03,1.222300e+00,2.110040e+01,7.191440e-01
316.228,2775,1.502610e+01,4.440100e+00,8.648520e+03,1.220960e+00,2.086730e+01,7.235680e-01
316.228,2800,1.499730e+01,4.384970e+00,8.758820e+03,1.219630e+00,2.064130e+01,7.279820e-01
316.228,2825,1.497040e+01,4.336960e+00,8.867830e+03,1.218310e+00,2.042190e+01,7.323860e-01
316.228,2850,1.494520e+01,4.295540e+00,8.975720e+03,1.217010e+00,2.020870e+01,7.367810e-01
316.228,2875,1.492150e+01,4.260200e+00,9.082660e+03,1.215730e+00,2.000130e+01,7.411650e-01
316.228,2900,1.489920e+01,4.230520e+00,9.188780e+03,1.214470e+00,1.979920e+01,7.455410e-01
316.228,2925,1.487820e+01,4.206100e+00,9.294230e+03,1.213230e+00,1.960230e+01,7.499070e-01
316.228,2950,1.485830e+01,4.186600e+00,9.399130e+03,1.212010e+00,1.941010e+01,7.542640e-01
316.228,2975,1.483930e+01,4.171710e+00,9.503590e+03,1.210810e+00,1.922240e+01,7.586120e-01
316.228,3000,1.482120e+01,4.161150e+00,9.607750e+03,1.209630e+00,1.903900e+01,7.629510e-01
316.228,3025,1.480390e+01,4.154670e+00,9.711690e+03,1.208480e+00,1.885960e+01,7.672800e-01
316.228,3050,1.478720e+01,4.152060e+00,9.815510e+03,1.207360e+00,1.868400e+01,7.716010e-01
316.228,3075,1.477120e+01,4.153110e+00,9.919320e+03,1.206250e+00,1.851190e+01,7.759130e-01
316.228,3100,1.475560e+01,4.157650e+00,1.002320e+04,1.205180e+00,1.834330e+01,7.802160e-01
316.228,3125,1.474050e+01,4.165520e+00,1.012720e+04,1.204130e+00,1.817790e+01,7.845090e-01
316.228,3150,1.472570e+01,4.176600e+00,1.023150e+04,1.203110e+00,1.801560e+01,7.887940e-01
316.228,3175,1.471120e+01,4.190750e+00,1.033610e+04,1.202120e+00,1.785610e+01,7.930700e-01
316.228,3200,1.469700e+01,4.207880e+00,1.044110e+04,1.201160e+00,1.769950e+01,7.973360e-01
316.228,3225,1.468290e+01,4.227890e+00,1.054650e+04,1.200230e+00,1.754540e+01,8.015930e-01
316.228,3250,1.466890e+01,4.250710e+00,1.065250e+04,1.199330e+00,1.739390e+01,8.058410e-01
316.228,3275,1.465500e+01,4.276270e+00,1.075910e+04,1.198460e+00,1.724480e+01,8.100800e-01
316.228,3300,1.464120e+01,4.304500e+00,1.086630e+04,1.197620e+00,1.709790e+01,8.143090e-01
316.228,3325,1.462720e+01,4.335370e+00,1.097430e+04,1.196820e+00,1.695320e+01,8.185280e-01
316.228,3350,1.461330e+01,4.368830e+00,1.108310e+04,1.196050e+00,1.681060e+01,8.227370e-01
316.228,3375,1.459920e+01,4.404850e+00,1.119280e+04,1.195320e+00,1.667000e+01,8.269360e-01
316.228,3400,1.458490e+01,4.443420e+00,1.130340e+04,1.194620e+00,1.653130e+01,8.311250e-01
316.228,3425,1.457050e+01,4.484500e+00,1.141500e+04,1.193960e+00,1.639440e+01,8.353030e-01
316.228,3450,1.455580e+01,4.528100e+00,1.152760e+04,1.193340e+00,1.625920e+01,8.394700e-01
316.228,3475,1.454090e+01,4.574210e+00,1.164140e+04,1.192760e+00,1.612570e+01,8.436260e-01
316.228,3500,1.452570e+01,4.622820e+00,1.175630e+04,1.192230e+00,1.599370e+01,8.477710e-01
316.228,3525,1.451010e+01,4.673940e+00,1.187260e+04,1.191730e+00,1.586330e+01,8.519040e-01
316.228,3550,1.449420e+01,4.727580e+00,1.199010e+04,1.191280e+00,1.573430e+01,8.560250e-01
316.228,3575,1.447790e+01,4.783750e+00,1.210900e+04,1.190870e+00,1.560670e+01,8.601330e-01
316.228,3600,1.446120e+01,4.842460e+00,1.222930e+04,1.190510e+00,1.548040e+01,8.642290e-01
316.228,3625,1.444400e+01,4.903740e+00,1.235110e+04,1.190200e+00,1.535540e+01,8.683110e-01
316.228,3650,1.442630e+01,4.967590e+00,1.247450e+04,1.189940e+00,1.523160e+01,8.723790e-01
316.228,3675,1.440820e+01,5.034060e+00,1.259950e+04,1.189720e+00,1.510890e+01,8.764330e-01
316.228,3700,1.438950e+01,5.103150e+00,1.272620e+04,1.189560e+00,1.498730e+01,8.804730e-01
316.228,3725,1.437020e+01,5.174900e+00,1.285470e+04,1.189450e+00,1.486680e+01,8.844980e-01
316.228,3750,1.435030e+01,5.249330e+00,1.298500e+04,1.189400e+00,1.474730e+01,8.885060e-01
316.228,3775,1.432990e+01,5.326470e+00,1.311720e+04,1.189400e+00,1.462880e+01,8.924990e-01
316.228,3800,1.430880e+01,5.406340e+00,1.325130e+04,1.189450e+00,1.451110e+01,8.964750e-01
316.228,3825,1.428700e+01,5.488980e+00,1.338750e+04,1.189570e+00,1.439430e+01,9.004340e-01
316.228,3850,1.426450e+01,5.574400e+00,1.352580e+04,1.189750e+00,1.427840e+01,9.043750e-01
316.228,3875,1.424140e+01,5.662630e+00,1.366620e+04,1.189990e+00,1.416320e+01,9.082970e-01
316.228,3900,1.421750e+01,5.753710e+00,1.380890e+04,1.190290e+00,1.404880e+01,9.122010e-01
316.228,3925,1.419280e+01,5.847630e+00,1.395400e+04,1.190650e+00,1.393510e+01,9.160860e-01
316.228,3950,1.416740e+01,5.944430e+00,1.410140e+04,1.191080e+00,1.382210e+01,9.199500e-01
316.228,3975,1.414110e+01,6.044120e+00,1.425120e+04,1.191580e+00,1.370970e+01,9.237940e-01
316.228,4000,1.411410e+01,6.146710e+00,1.440360e+04,1.192140e+00,1.359800e+01,9.276170e-01
562.341,200,3.094510e+01,1.144150e+00,-4.836910e+03,1.306900e+00,1.060340e+03,8.791870e-02
562.341,225,3.094510e+01,1.185780e+00,-4.807790e+03,1.292970e+00,9.425220e+02,9.757770e-02
562.341,250,3.094510e+01,1.232780e+00,-4.777570e+03,1.278690e+00,8.482700e+02,1.071520e-01
562.341,275,3.094510e+01,1.284860e+00,-4.746110e+03,1.264410e+00,7.711550e+02,1.166360e-01
562.341,300,3.094510e+01,1.341000e+00,-4.713300e+03,1.250570e+00,7.068920e+02,1.260210e-01
562.341,325,3.094510e+01,1.400040e+00,-4.679040e+03,1.237490e+00,6.525150e+02,1.356830e-01
562.341,350,3.094510e+01,1.460940e+00,-4.643280e+03,1.225360e+00,6.059070e+02,1.453030e-01
562.341,375,3.094510e+01,1.522870e+00,-4.605980e+03,1.214230e+00,5.655130e+02,1.548750e-01
562.341,400,3.094510e+01,1.585240e+00,-4.567130e+03,1.204100e+00,5.301680e+02,1.643960e-01
562.341,425,3.094500e+01,1.647730e+00,-4.526720e+03,1.194880e+00,4.989800e+02,1.738620e-01
562.341,450,3.094470e+01,1.710360e+00,-4.484740e+03,1.186490e+00,4.712540e+02,1.832710e-01
562.341,475,3.094400e+01,1.773560e+00,-4.441200e+03,1.178810e+00,4.464410e+02,1.926240e-01
562.341,500,3.094240e+01,1.838280e+00,-4.396050e+03,1.171750e+00,4.240980e+02,2.019210e-01
562.341,525,3.093940e+01,1.906040e+00,-4.349260e+03,1.165190e+00,4.038630e+02,2.107870e-01
562.341,550,3.093370e+01,1.979030e+00,-4.300710e+03,1.159070e+00,3.854350e+02,2.195560e-01
562.341,575,3.092370e+01,2.060090e+00,-4.250240e+03,1.153340e+00,3.685580e+02,2.282330e-01
562.341,600,3.090730e+01,2.152680e+00,-4.197610e+03,1.148000e+00,3.530140e+02,2.368250e-01
562.341,625,3.088120e+01,2.260810e+00,-4.142480e+03,1.143110e+00,3.386080e+02,2.451210e-01
562.341,650,3.084180e+01,2.388770e+00,-4.084400e+03,1.138780e+00,3.251690e+02,2.533290e-01
562.341,675,3.078430e+01,2.540950e+00,-4.022840e+03,1.135160e+00,3.125420e+02,2.614610e-01
562.341,700,3.070330e+01,2.721380e+00,-3.957120e+03,1.132430e+00,3.005860e+02,2.695280e-01
562.341,725,3.059280e+01,2.933320e+00,-3.886500e+03,1.130770e+00,2.891760e+02,2.775430e-01
562.341,750,3.044650e+01,3.178650e+00,-3.810170e+03,1.130370e+00,2.782010e+02,2.855150e-01
562.341,775,3.025860e+01,3.457230e+00,-3.727290e+03,1.131330e+00,2.675650e+02,2.934540e-01
562.341,800,3.002380e+01,3.766190e+00,-3.637060e+03,1.133720e+00,2.571920e+02,3.013630e-01
562.341,825,2.973880e+01,4.099190e+00,-3.538780e+03,1.137510e+00,2.470310e+02,3.092410e-01
562.341,850,2.940240e+01,4.445880e+00,-3.431980e+03,1.142540e+00,2.370530e+02,3.170810e-01
562.341,875,2.901650e+01,4.791630e+00,-3.316500e+03,1.148580e+00,2.272580e+02,3.248680e-01
562.341,900,2.858660e+01,5.117930e+00,-3.192560e+03,1.155250e+00,2.176720e+02,3.325830e-01
562.341,925,2.812160e+01,5.403710e+00,-3.060940e+03,1.162080e+00,2.083440e+02,3.401990e-01
562.341,950,2.763360e+01,5.627740e+00,-2.922890e+03,1.168550e+00,1.993410e+02,3.476930e-01
562.341,975,2.713690e+01,5.772040e+00,-2.780220e+03,1.174120e+00,1.907380e+02,3.550410e-01
562.341,1000,2.664630e+01,5.825610e+00,-2.635050e+03,1.178370e+00,1.826080e+02,3.622260e-01
562.341,1025,2.617580e+01,5.787510e+00,-2.489700e+03,1.181010e+00,1.750080e+02,3.690100e-01
562.341,1050,2.573680e+01,5.667450e+00,-2.346360e+03,1.181950e+00,1.679760e+02,3.756160e-01
562.341,1075,2.533740e+01,5.484330e+00,-2.206860e+03,1.181350e+00,1.615240e+02,3.820530e-01
562.341,1100,2.498180e+01,5.262400e+00,-2.072470e+03,1.179490e+00,1.556370e+02,3.883340e-01
562.341,1125,2.467050e+01,5.026540e+00,-1.943850e+03,1.176730e+00,1.502820e+02,3.944760e-01
562.341,1150,2.440120e+01,4.798120e+00,-1.821080e+03,1.173480e+00,1.454100e+02,4.004950e-01
562.341,1175,2.416960e+01,4.592620e+00,-1.703750e+03,1.170060e+00,1.409660e+02,4.064070e-01
562.341,1200,2.397030e+01,4.419080e+00,-1.591180e+03,1.166750e+00,1.368910e+02,4.122260e-01
562.341,1225,2.379780e+01,4.280910e+00,-1.482500e+03,1.163710e+00,1.331320e+02,4.179630e-01
562.341,1250,2.364680e+01,4.177490e+00,-1.376840e+03,1.161060e+00,1.296410e+02,4.236260e-01
562.341,1275,2.351240e+01,4.105730e+00,-1.273360e+03,1.158850e+00,1.263770e+02,4.292250e-01
562.341,1300,2.339060e+01,4.061380e+00,-1.171330e+03,1.157100e+00,1.233050e+02,4.347660e-01
562.341,1325,2.327810e+01,4.039940e+00,-1.070100e+03,1.155790e+00,1.203960e+02,4.402520e-01
562.341,1350,2.317210e+01,4.037190e+00,-9.691750e+02,1.154890e+00,1.176290e+02,4.456890e-01
562.341,1375,2.307060e+01,4.049450e+00,-8.681200e+02,1.154350e+00,1.149840e+02,4.510810e-01
562.341,1400,2.297180e+01,4.073690e+00,-7.666030e+02,1.154150e+00,1.124470e+02,4.564310e-01
562.341,1425,2.287450e+01,4.107500e+00,-6.643560e+02,1.154230e+00,1.100070e+02,4.617410e-01
562.341,1450,2.277770e+01,4.149030e+00,-5.611640e+02,1.154550e+00,1.076530e+02,4.670140e-01
562.341,1475,2.268070e+01,4.196960e+00,-4.568510e+02,1.155090e+00,1.053770e+02,4.722530e-01
562.341,1500,2.258290e+01,4.250420e+00,-3.512700e+02,1.155790e+00,1.031740e+02,4.774600e-01
562.341,1525,2.248380e+01,4.308890e+00,-2.442890e+02,1.156650e+00,1.010370e+02,4.826370e-01
562.341,1550,2.238310e+01,4.372220e+00,-1.357850e+02,1.157620e+00,9.896230e+01,4.877870e-01
562.341,1575,2.228050e+01,4.440540e+00,-2.563640e+01,1.158680e+00,9.694520e+01,4.929120e-01
562.341,1600,2.217590e+01,4.514280e+00,8.628700e+01,1.159820e+00,9.498220e+01,4.980120e-01
562.341,1625,2.206890e+01,4.594090e+00,2.001280e+02,1.161030e+00,9.306980e+01,5.030920e-01
562.341,1650,2.195940e+01,4.680890e+00,3.160500e+02,1.162280e+00,9.120490e+01,5.081520e-01
562.341,1675,2.184720e+01,4.775820e+00,4.342400e+02,1.163570e+00,8.938450e+01,5.131950e-01
562.341,1700,2.173200e+01,4.880230e+00,5.549200e+02,1.164900e+00,8.760560e+01,5.182220e-01
562.341,1725,2.161350e+01,4.995720e+00,6.783440e+02,1.166270e+00,8.586530e+01,5.232360e-01
562.341,1750,2.149140e+01,5.124050e+00,8.048120e+02,1.167680e+00,8.416070e+01,5.282400e-01
562.341,1775,2.136550e+01,5.267210e+00,9.346700e+02,1.169160e+00,8.248900e+01,5.332340e-01
562.341,1800,2.123520e+01,5.427330e+00,1.068310e+03,1.170720e+00,8.084720e+01,5.382220e-01
562.341,1825,2.110000e+01,5.606700e+00,1.206200e+03,1.172380e+00,7.923230e+01,5.432050e-01
562.341,1850,2.095960e+01,5.807660e+00,1.348830e+03,1.174180e+00,7.764130e+01,5.481860e-01
562.341,1875,2.081320e+01,6.032530e+00,1.496780e+03,1.176160e+00,7.607120e+01,5.531680e-01
562.341,1900,2.066040e+01,6.283480e+00,1.650670e+03,1.178360e+00,7.451900e+01,5.581520e-01
562.341,1925,2.050050e+01,6.562330e+00,1.811190e+03,1.180830e+00,7.298190e+01,5.631410e-01
562.341,1950,2.033280e+01,6.870270e+00,1.979030e+03,1.183610e+00,7.145710e+01,5.681370e-01
562.341,1975,2.015690e+01,7.207460e+00,2.154940e+03,1.186750e+00,6.994220e+01,5.731430e-01
562.341,2000,1.997220e+01,7.572570e+00,2.339640e+03,1.190290e+00,6.843500e+01,5.781590e-01
562.341,2025,1.977840e+01,7.962150e+00,2.533780e+03,1.194240e+00,6.693420e+01,5.830130e-01
562.341,2050,1.957540e+01,8.369890e+00,2.737900e+03,1.198610e+00,6.543920e+01,5.878790e-01
562.341,2075,1.936320e+01,8.785960e+00,2.952340e+03,1.203370e+00,6.395020e+01,5.927570e-01
562.341,2100,1.914260e+01,9.196350e+00,3.177150e+03,1.208440e+00,6.246900e+01,5.976440e-01
562.341,2125,1.891460e+01,9.582750e+00,3.411960e+03,1.213710e+00,6.099870e+01,6.025400e-01
562.341,2150,1.868070e+01,9.923010e+00,3.655900e+03,1.219040e+00,5.954400e+01,6.074400e-01
562.341,2175,1.844320e+01,1.019290e+01,3.907520e+03,1.224220e+00,5.811110e+01,6.123400e-01
562.341,2200,1.820470e+01,1.036880e+01,4.164760e+03,1.229050e+00,5.670770e+01,6.172330e-01
562.341,2225,1.796820e+01,1.043220e+01,4.425020e+03,1.233360e+00,5.534210e+01,6.221120e-01
562.341,2250,1.773690e+01,1.037320e+01,4.685350e+03,1.236990e+00,5.402270e+01,6.269710e-01
562.341,2275,1.751380e+01,1.019410e+01,4.942680e+03,1.239870e+00,5.275700e+01,6.318040e-01
562.341,2300,1.730140e+01,9.909840e+00,5.194170e+03,1.242030e+00,5.155090e+01,6.366060e-01
562.341,2325,1.710180e+01,9.545100e+00,5.437500e+03,1.243530e+00,5.040820e+01,6.413760e-01
562.341,2350,1.691600e+01,9.129570e+00,5.671010e+03,1.244520e+00,4.933000e+01,6.461110e-01
562.341,2375,1.674430e+01,8.692350e+00,5.893800e+03,1.245090e+00,4.831540e+01,6.508140e-01
562.341,2400,1.658660e+01,8.257680e+00,6.105650e+03,1.245360e+00,4.736170e+01,6.554860e-01
562.341,2425,1.644210e+01,7.842870e+00,6.306850e+03,1.245390e+00,4.646510e+01,6.601290e-01
562.341,2450,1.630990e+01,7.458210e+00,6.498040e+03,1.245230e+00,4.562120e+01,6.647470e-01
562.341,2475,1.618890e+01,7.108270e+00,6.680050e+03,1.244880e+00,4.482550e+01,6.693420e-01
562.341,2500,1.607820e+01,6.793620e+00,6.853750e+03,1.244360e+00,4.407360e+01,6.739170e-01
562.341,2525,1.597660e+01,6.512400e+00,7.020010e+03,1.243690e+00,4.336150e+01,6.784730e-01
562.341,2550,1.588320e+01,6.261590e+00,7.179620e+03,1.242870e+00,4.268550e+01,6.830140e-01
562.341,2575,1.579730e+01,6.037780e+00,7.333310e+03,1.241920e+00,4.204250e+01,6.875400e-01
562.341,2600,1.571810e+01,5.837640e+00,7.481710e+03,1.240850e+00,4.142940e+01,6.920520e-01
562.341,2625,1.564500e+01,5.658170e+00,7.625370e+03,1.239690e+00,4.084390e+01,6.965510e-01
562.341,2650,1.557730e+01,5.496790e+00,7.764770e+03,1.238450e+00,4.028360e+01,7.010380e-01
562.341,2675,1.551470e+01,5.351310e+00,7.900340e+03,1.237150e+00,3.974660e+01,7.055130e-01
562.341,2700,1.545650e+01,5.219880e+00,8.032450e+03,1.235800e+00,3.923110e+01,7.099770e-01
562.341,2725,1.540260e+01,5.101000e+00,8.161440e+03,1.234410e+00,3.873550e+01,7.144310e-01
562.341,2750,1.535240e+01,4.993390e+00,8.287600e+03,1.233000e+00,3.825830e+01,7.188740e-01
562.341,2775,1.530570e+01,4.896000e+00,8.411190e+03,1.231570e+00,3.779830e+01,7.233060e-01
562.341,2800,1.526220e+01,4.807910e+00,8.532470e+03,1.230130e+00,3.735430e+01,7.277290e-01
562.341,2825,1.522150e+01,4.728370e+00,8.651660e+03,1.228700e+00,3.692510e+01,7.321420e-01
562.341,2850,1.518360e+01,4.656700e+00,8.768960e+03,1.227270e+00,3.650990e+01,7.365450e-01
562.341,2875,1.514800e+01,4.592320e+00,8.884560e+03,1.225840e+00,3.610760e+01,7.409390e-01
562.341,2900,1.511460e+01,4.534710e+00,8.998630e+03,1.224430e+00,3.571760e+01,7.453230e-01
562.341,2925,1.508330e+01,4.483410e+00,9.111340e+03,1.223040e+00,3.533890e+01,7.496980e-01
562.341,2950,1.505390e+01,4.438000e+00,9.222850e+03,1.221660e+00,3.497100e+01,7.540640e-01
562.341,2975,1.502610e+01,4.398110e+00,9.333290e+03,1.220300e+00,3.461310e+01,7.584200e-01
562.341,3000,1.499980e+01,4.363400e+00,9.442800e+03,1.218970e+00,3.426470e+01,7.627680e-01
562.341,3025,1.497500e+01,4.333560e+00,9.551500e+03,1.217650e+00,3.392520e+01,7.671070e-01
562.341,3050,1.495140e+01,4.308300e+00,9.659510e+03,1.216360e+00,3.359410e+01,7.714370e-01
562.341,3075,1.492890e+01,4.287370e+00,9.766950e+03,1.215100e+00,3.327100e+01,7.757580e-01
562.341,3100,1.490750e+01,4.270540e+00,9.873920e+03,1.213870e+00,3.295530e+01,7.800710e-01
562.341,3125,1.488700e+01,4.257580e+00,9.980510e+03,1.212660e+00,3.264680e+01,7.843740e-01
562.341,3150,1.486740e+01,4.248300e+00,1.008680e+04,1.211480e+00,3.234500e+01,7.886690e-01
562.341,3175,1.484850e+01,4.242530e+00,1.019300e+04,1.210330e+00,3.204950e+01,7.929560e-01
562.341,3200,1.483030e+01,4.240100e+00,1.029900e+04,1.209210e+00,3.176010e+01,7.972330e-01
562.341,3225,1.481270e+01,4.240860e+00,1.040500e+04,1.208120e+00,3.147640e+01,8.015020e-01
562.341,3250,1.479550e+01,4.244680e+00,1.051100e+04,1.207060e+00,3.119820e+01,8.057630e-01
562.341,3275,1.477890e+01,4.251440e+00,1.061720e+04,1.206030e+00,3.092510e+01,8.100140e-01
562.341,3300,1.476260e+01,4.261030e+00,1.072360e+04,1.205030e+00,3.065700e+01,8.142570e-01
562.341,3325,1.474660e+01,4.273350e+00,1.083030e+04,1.204070e+00,3.039360e+01,8.184910e-01
562.341,3350,1.473090e+01,4.288320e+00,1.093730e+04,1.203140e+00,3.013470e+01,8.227150e-01
562.341,3375,1.471540e+01,4.305860e+00,1.104480e+04,1.202240e+00,2.988000e+01,8.269310e-01
562.341,3400,1.470010e+01,4.325900e+00,1.115260e+04,1.201380e+00,2.962940e+01,8.311380e-01
562.341,3425,1.468490e+01,4.348370e+00,1.126110e+04,1.200550e+00,2.938270e+01,8.353350e-01
562.341,3450,1.466980e+01,4.373240e+00,1.137010e+04,1.199760e+00,2.913980e+01,8.395220e-01
562.341,3475,1.465470e+01,4.400430e+00,1.147980e+04,1.199010e+00,2.890040e+01,8.437000e-01
562.341,3500,1.463960e+01,4.429930e+00,1.159010e+04,1.198290e+00,2.866440e+01,8.478680e-01
562.341,3525,1.462440e+01,4.461690e+00,1.170130e+04,1.197610e+00,2.843160e+01,8.520260e-01
562.341,3550,1.460920e+01,4.495690e+00,1.181320e+04,1.196960e+00,2.820200e+01,8.561740e-01
562.341,3575,1.459380e+01,4.531890e+00,1.192610e+04,1.196360e+00,2.797530e+01,8.603110e-01
562.341,3600,1.457830e+01,4.570290e+00,1.203980e+04,1.195790e+00,2.775160e+01,8.644380e-01
562.341,3625,1.456270e+01,4.610860e+00,1.215460e+04,1.195270e+00,2.753050e+01,8.685530e-01
562.341,3650,1.454670e+01,4.653600e+00,1.227040e+04,1.194790e+00,2.731210e+01,8.726570e-01
562.341,3675,1.453060e+01,4.698490e+00,1.238730e+04,1.194350e+00,2.709620e+01,8.767500e-01
562.341,3700,1.451420e+01,4.745530e+00,1.250530e+04,1.193950e+00,2.688270e+01,8.808300e-01
562.341,3725,1.449750e+01,4.794720e+00,1.262460e+04,1.193590e+00,2.667150e+01,8.848980e-01
562.341,3750,1.448040e+01,4.846050e+00,1.274510e+04,1.193280e+00,2.646250e+01,8.889540e-01
562.341,3775,1.446300e+01,4.899540e+00,1.286690e+04,1.193020e+00,2.625570e+01,8.929960e-01
562.341,3800,1.444520e+01,4.955170e+00,1.299010e+04,1.192800e+00,2.605090e+01,8.970260e-01
562.341,3825,1.442700e+01,5.012960e+00,1.311470e+04,1.192630e+00,2.584800e+01,9.010410e-01
562.341,3850,1.440840e+01,5.072920e+00,1.324080e+04,1.192510e+00,2.564700e+01,9.050420e-01
562.341,3875,1.438930e+01,5.135040e+00,1.336840e+04,1.192430e+00,2.544790e+01,9.090290e-01
562.341,3900,1.436980e+01,5.199340e+00,1.349750e+04,1.192410e+00,2.525040e+01,9.130000e-01
562.341,3925,1.434980e+01,5.265830e+00,1.362830e+04,1.192430e+00,2.505460e+01,9.169560e-01
562.341,3950,1.432920e+01,5.334500e+00,1.376080e+04,1.192510e+00,2.486030e+01,9.208960e-01
562.341,3975,1.430810e+01,5.405380e+00,1.389510e+04,1.192650e+00,2.466760e+01,9.248200e-01
562.341,4000,1.428640e+01,5.478460e+00,1.403110e+04,1.192830e+00,2.447630e+01,9.287270e-01
1000,200,3.094510e+01,1.144150e+00,-4.836910e+03,1.306900e+00,1.885580e+03,8.791870e-02
1000,225,3.094510e+01,1.185780e+00,-4.807790e+03,1.292970e+00,1.676070e+03,9.757770e-02
1000,250,3.094510e+01,1.232780e+00,-4.777570e+03,1.278690e+00,1.508460e+03,1.071520e-01
1000,275,3.094510e+01,1.284860e+00,-4.746110e+03,1.264410e+00,1.371330e+03,1.166360e-01
1000,300,3.094510e+01,1.341000e+00,-4.713300e+03,1.250570e+00,1.257050e+03,1.260210e-01
1000,325,3.094510e+01,1.400040e+00,-4.679040e+03,1.237490e+00,1.160350e+03,1.356830e-01
1000,350,3.094510e+01,1.460930e+00,-4.643280e+03,1.225360e+00,1.077470e+03,1.453030e-01
1000,375,3.094510e+01,1.522850e+00,-4.605980e+03,1.214240e+00,1.005640e+03,1.548750e-01
1000,400,3.094510e+01,1.585160e+00,-4.567130e+03,1.204100e+00,9.427880e+02,1.643960e-01
1000,425,3.094500e+01,1.647490e+00,-4.526730e+03,1.194900e+00,8.873270e+02,1.738620e-01
1000,450,3.094480e+01,1.709740e+00,-4.484760e+03,1.186530e+00,8.380260e+02,1.832710e-01
1000,475,3.094430e+01,1.772150e+00,-4.441240e+03,1.178900e+00,7.939060e+02,1.926230e-01
1000,500,3.094320e+01,1.835360e+00,-4.396150e+03,1.171910e+00,7.541840e+02,2.019190e-01
1000,525,3.094100e+01,1.900430e+00,-4.349450e+03,1.165450e+00,7.182200e+02,2.107830e-01
1000,550,3.093690e+01,1.968930e+00,-4.301100e+03,1.159460e+00,6.854830e+02,2.195490e-01
1000,575,3.092970e+01,2.042920e+00,-4.250960e+03,1.153880e+00,6.555270e+02,2.282200e-01
1000,600,3.091780e+01,2.124940e+00,-4.198880e+03,1.148700e+00,6.279710e+02,2.368020e-01
1000,625,3.089890e+01,2.217920e+00,-4.144620e+03,1.143930e+00,6.024840e+02,2.450820e-01
1000,650,3.087030e+01,2.325090e+00,-4.087870e+03,1.139640e+00,5.787740e+02,2.532680e-01
1000,675,3.082840e+01,2.449770e+00,-4.028220e+03,1.135930e+00,5.565810e+02,2.613670e-01
1000,700,3.076910e+01,2.595150e+00,-3.965210e+03,1.132920e+00,5.356720e+02,2.693900e-01
1000,725,3.068790e+01,2.764030e+00,-3.898270e+03,1.130750e+00,5.158360e+02,2.773470e-01
1000,750,3.057990e+01,2.958440e+00,-3.826790e+03,1.129570e+00,4.968850e+02,2.852480e-01
1000,775,3.044000e+01,3.179310e+00,-3.750130e+03,1.129500e+00,4.786570e+02,2.931000e-01
1000,800,3.026350e+01,3.425990e+00,-3.667610e+03,1.130610e+00,4.610110e+02,3.009100e-01
1000,825,3.004660e+01,3.695870e+00,-3.578630e+03,1.132950e+00,4.438360e+02,3.086800e-01
1000,850,2.978650e+01,3.983960e+00,-3.482670e+03,1.136480e+00,4.270540e+02,3.164090e-01
1000,875,2.948240e+01,4.282560e+00,-3.379350e+03,1.141080e+00,4.106170e+02,3.240910e-01
1000,900,2.913560e+01,4.581230e+00,-3.268540e+03,1.146580e+00,3.945150e+02,3.317160e-01
1000,925,2.875000e+01,4.866970e+00,-3.150390e+03,1.152690e+00,3.787720e+02,3.392680e-01
1000,950,2.833200e+01,5.125010e+00,-3.025420e+03,1.159070e+00,3.634430e+02,3.467300e-01
1000,975,2.789050e+01,5.340170e+00,-2.894500e+03,1.165300e+00,3.486050e+02,3.540820e-01
1000,1000,2.743600e+01,5.498700e+00,-2.758880e+03,1.170980e+00,3.343500e+02,3.613070e-01
1000,1025,2.697990e+01,5.590740e+00,-2.620120e+03,1.175710e+00,3.207740e+02,3.681590e-01
1000,1050,2.653380e+01,5.611780e+00,-2.479940e+03,1.179190e+00,3.079580e+02,3.748550e-01
1000,1075,2.610770e+01,5.564220e+00,-2.340100e+03,1.181270e+00,2.959660e+02,3.813950e-01
1000,1100,2.570980e+01,5.457140e+00,-2.202230e+03,1.181920e+00,2.848320e+02,3.877820e-01
1000,1125,2.534570e+01,5.304910e+00,-2.067620e+03,1.181280e+00,2.745570e+02,3.940250e-01
1000,1150,2.501810e+01,5.124710e+00,-1.937210e+03,1.179560e+00,2.651180e+02,4.001380e-01
1000,1175,2.472750e+01,4.933710e+00,-1.811480e+03,1.177070e+00,2.564620e+02,4.061320e-01
1000,1200,2.447200e+01,4.746830e+00,-1.690490e+03,1.174110e+00,2.485250e+02,4.120220e-01
1000,1225,2.424870e+01,4.575290e+00,-1.574010e+03,1.170950e+00,2.412320e+02,4.178190e-01
1000,1250,2.405360e+01,4.426230e+00,-1.461540e+03,1.167810e+00,2.345050e+02,4.235350e-01
1000,1275,2.388240e+01,4.303050e+00,-1.352480e+03,1.164860e+00,2.282710e+02,4.291790e-01
1000,1300,2.373110e+01,4.206310e+00,-1.246170e+03,1.162210e+00,2.224620e+02,4.347590e-01
1000,1325,2.359580e+01,4.134590e+00,-1.141960e+03,1.159930e+00,2.170200e+02,4.402800e-01
1000,1350,2.347310e+01,4.085390e+00,-1.039250e+03,1.158030e+00,2.118940e+02,4.457490e-01
1000,1375,2.336020e+01,4.055740e+00,-9.375230e+02,1.156530e+00,2.070410e+02,4.511690e-01
1000,1400,2.325470e+01,4.042670e+00,-8.363250e+02,1.155390e+00,2.024250e+02,4.565450e-01
1000,1425,2.315450e+01,4.043410e+00,-7.352750e+02,1.154600e+00,1.980170e+02,4.618790e-01
1000,1450,2.305810e+01,4.055610e+00,-6.340590e+02,1.154110e+00,1.937930e+02,4.671750e-01
1000,1475,2.296430e+01,4.077290e+00,-5.324160e+02,1.153900e+00,1.897330e+02,4.724350e-01
1000,1500,2.287190e+01,4.106900e+00,-4.301280e+02,1.153930e+00,1.858210e+02,4.776620e-01
1000,1525,2.278030e+01,4.143290e+00,-3.270140e+02,1.154170e+00,1.820420e+02,4.828580e-01
1000,1550,2.268870e+01,4.185630e+00,-2.229140e+02,1.154590e+00,1.783860e+02,4.880240e-01
1000,1575,2.259670e+01,4.233430e+00,-1.176870e+02,1.155160e+00,1.748420e+02,4.931630e-01
1000,1600,2.250370e+01,4.286450e+00,-1.119960e+01,1.155850e+00,1.714020e+02,4.982760e-01
1000,1625,2.240960e+01,4.344720e+00,9.667890e+01,1.156660e+00,1.680590e+02,5.033660e-01
1000,1650,2.231390e+01,4.408500e+00,2.060820e+02,1.157560e+00,1.648060e+02,5.084350e-01
1000,1675,2.221640e+01,4.478240e+00,3.171540e+02,1.158550e+00,1.616370e+02,5.134830e-01
1000,1700,2.211680e+01,4.554590e+00,4.300490e+02,1.159600e+00,1.585460e+02,5.185130e-01
1000,1725,2.201490e+01,4.638370e+00,5.449450e+02,1.160720e+00,1.555280e+02,5.235260e-01
1000,1750,2.191030e+01,4.730600e+00,6.620380e+02,1.161900e+00,1.525780e+02,5.285250e-01
1000,1775,2.180290e+01,4.832410e+00,7.815550e+02,1.163150e+00,1.496920e+02,5.335100e-01
1000,1800,2.169230e+01,4.945140e+00,9.037500e+02,1.164470e+00,1.468640e+02,5.384840e-01
1000,1825,2.157810e+01,5.070200e+00,1.028910e+03,1.165870e+00,1.440890e+02,5.434490e-01
1000,1850,2.146000e+01,5.209180e+00,1.157380e+03,1.167370e+00,1.413640e+02,5.484060e-01
1000,1875,2.133750e+01,5.363700e+00,1.289500e+03,1.169000e+00,1.386840e+02,5.533580e-01
1000,1900,2.121030e+01,5.535460e+00,1.425700e+03,1.170760e+00,1.360430e+02,5.583050e-01
1000,1925,2.107780e+01,5.726100e+00,1.566430e+03,1.172710e+00,1.334370e+02,5.632500e-01
1000,1950,2.093960e+01,5.937190e+00,1.712180e+03,1.174850e+00,1.308620e+02,5.681950e-01
1000,1975,2.079500e+01,6.170020e+00,1.863470e+03,1.177240e+00,1.283140e+02,5.731420e-01
1000,2000,2.064370e+01,6.425470e+00,2.020870e+03,1.179910e+00,1.257880e+02,5.780910e-01
1000,2025,2.048520e+01,6.703790e+00,2.184940e+03,1.182890e+00,1.232810e+02,5.828720e-01
1000,2050,2.031890e+01,7.004260e+00,2.356240e+03,1.186220e+00,1.207890e+02,5.876560e-01
1000,2075,2.014460e+01,7.324860e+00,2.535320e+03,1.189900e+00,1.183110e+02,5.924470e-01
1000,2100,1.996220e+01,7.661830e+00,2.722620e+03,1.193960e+00,1.158430e+02,5.972440e-01
1000,2125,1.977150e+01,8.009260e+00,2.918500e+03,1.198370e+00,1.133870e+02,6.020500e-01
1000,2150,1.957290e+01,8.358650e+00,3.123100e+03,1.203100e+00,1.109430e+02,6.068630e-01
1000,2175,1.936700e+01,8.698710e+00,3.336350e+03,1.208090e+00,1.085140e+02,6.116830e-01
1000,2200,1.915470e+01,9.015440e+00,3.557850e+03,1.213240e+00,1.061050e+02,6.165070e-01
1000,2225,1.893740e+01,9.292720e+00,3.786800e+03,1.218420e+00,1.037220e+02,6.213340e-01
1000,2250,1.871700e+01,9.513540e+00,4.022010e+03,1.223480e+00,1.013760e+02,6.261580e-01
1000,2275,1.849550e+01,9.662000e+00,4.261870e+03,1.228280e+00,9.907530e+01,6.309760e-01
1000,2300,1.827530e+01,9.725710e+00,4.504400e+03,1.232660e+00,9.683170e+01,6.357820e-01
1000,2325,1.805880e+01,9.698250e+00,4.747390e+03,1.236510e+00,9.465610e+01,6.405710e-01
1000,2350,1.784860e+01,9.580880e+00,4.988560e+03,1.239770e+00,9.255870e+01,6.453390e-01
1000,2375,1.764650e+01,9.382790e+00,5.225760e+03,1.242430e+00,9.054750e+01,6.500820e-01
1000,2400,1.745420e+01,9.119780e+00,5.457160e+03,1.244530e+00,8.862810e+01,6.547980e-01
1000,2425,1.727280e+01,8.811420e+00,5.681370e+03,1.246140e+00,8.680280e+01,6.594860e-01
1000,2450,1.710290e+01,8.477900e+00,5.897520e+03,1.247340e+00,8.507170e+01,6.641460e-01
1000,2475,1.694440e+01,8.137170e+00,6.105210e+03,1.248200e+00,8.343190e+01,6.687790e-01
1000,2500,1.679700e+01,7.803230e+00,6.304440e+03,1.248770e+00,8.187940e+01,6.733870e-01
1000,2525,1.666030e+01,7.485630e+00,6.495510e+03,1.249100e+00,8.040880e+01,6.779720e-01
1000,2550,1.653350e+01,7.189860e+00,6.678900e+03,1.249200e+00,7.901430e+01,6.825370e-01
1000,2575,1.641580e+01,6.918180e+00,6.855200e+03,1.249110e+00,7.769020e+01,6.870830e-01
1000,2600,1.630650e+01,6.670670e+00,7.025020e+03,1.248820e+00,7.643090e+01,6.916110e-01
1000,2625,1.620490e+01,6.446080e+00,7.188930e+03,1.248350e+00,7.523120e+01,6.961250e-01
1000,2650,1.611030e+01,6.242490e+00,7.347490e+03,1.247720e+00,7.408640e+01,7.006240e-01
1000,2675,1.602210e+01,6.057760e+00,7.501210e+03,1.246950e+00,7.299230e+01,7.051100e-01
1000,2700,1.593980e+01,5.889780e+00,7.650520e+03,1.246040e+00,7.194500e+01,7.095840e-01
1000,2725,1.586290e+01,5.736660e+00,7.795820e+03,1.245020e+00,7.094120e+01,7.140470e-01
1000,2750,1.579100e+01,5.596710e+00,7.937460e+03,1.243910e+00,6.997760e+01,7.184980e-01
1000,2775,1.572370e+01,5.468510e+00,8.075760e+03,1.242710e+00,6.905170e+01,7.229400e-01
1000,2800,1.566070e+01,5.350870e+00,8.210980e+03,1.241450e+00,6.816070e+01,7.273710e-01
1000,2825,1.560150e+01,5.242760e+00,8.343380e+03,1.240130e+00,6.730240e+01,7.317920e-01
1000,2850,1.554600e+01,5.143370e+00,8.473190e+03,1.238770e+00,6.647470e+01,7.362040e-01
1000,2875,1.549390e+01,5.051970e+00,8.600610e+03,1.237390e+00,6.567570e+01,7.406060e-01
1000,2900,1.544490e+01,4.967970e+00,8.725850e+03,1.235980e+00,6.490360e+01,7.449990e-01
1000,2925,1.539880e+01,4.890860e+00,8.849070e+03,1.234550e+00,6.415680e+01,7.493820e-01
1000,2950,1.535540e+01,4.820180e+00,8.970450e+03,1.233120e+00,6.343370e+01,7.537570e-01
1000,2975,1.531440e+01,4.755560e+00,9.090130e+03,1.231680e+00,6.273290e+01,7.581230e-01
1000,3000,1.527580e+01,4.696620e+00,9.208270e+03,1.230250e+00,6.205320e+01,7.624800e-01
1000,3025,1.523930e+01,4.643070e+00,9.325010e+03,1.228820e+00,6.139330e+01,7.668280e-01
1000,3050,1.520470e+01,4.594600e+00,9.440470e+03,1.227410e+00,6.075210e+01,7.711680e-01
1000,3075,1.517200e+01,4.550950e+00,9.554780e+03,1.226010e+00,6.012850e+01,7.754990e-01
1000,3100,1.514100e+01,4.511890e+00,9.668050e+03,1.224630e+00,5.952160e+01,7.798220e-01
1000,3125,1.511150e+01,4.477180e+00,9.780410e+03,1.223270e+00,5.893040e+01,7.841360e-01
1000,3150,1.508340e+01,4.446610e+00,9.891950e+03,1.221930e+00,5.835410e+01,7.884410e-01
1000,3175,1.505670e+01,4.419980e+00,1.000280e+04,1.220610e+00,5.779200e+01,7.927390e-01
1000,3200,1.503110e+01,4.397110e+00,1.011300e+04,1.219320e+00,5.724320e+01,7.970270e-01
1000,3225,1.500670e+01,4.377830e+00,1.022270e+04,1.218050e+00,5.670720e+01,8.013080e-01
1000,3250,1.498330e+01,4.361980e+00,1.033190e+04,1.216820e+00,5.618310e+01,8.055800e-01
1000,3275,1.496080e+01,4.349410e+00,1.044080e+04,1.215610e+00,5.567050e+01,8.098440e-01
1000,3300,1.493910e+01,4.339980e+00,1.054940e+04,1.214430e+00,5.516870e+01,8.141000e-01
1000,3325,1.491820e+01,4.333560e+00,1.065780e+04,1.213280e+00,5.467730e+01,8.183470e-01
1000,3350,1.489800e+01,4.330030e+00,1.076610e+04,1.212170e+00,5.419570e+01,8.225860e-01
1000,3375,1.487840e+01,4.329280e+00,1.087430e+04,1.211080e+00,5.372350e+01,8.268160e-01
1000,3400,1.485930e+01,4.331210e+00,1.098260e+04,1.210030e+00,5.326010e+01,8.310380e-01
1000,3425,1.484080e+01,4.335720e+00,1.109090e+04,1.209010e+00,5.280530e+01,8.352510e-01
1000,3450,1.482260e+01,4.342730e+00,1.119940e+04,1.208030e+00,5.235870e+01,8.394560e-01
1000,3475,1.480490e+01,4.352160e+00,1.130810e+04,1.207080e+00,5.191980e+01,8.436520e-01
1000,3500,1.478750e+01,4.363930e+00,1.141700e+04,1.206160e+00,5.148820e+01,8.478390e-01
1000,3525,1.477030e+01,4.377980e+00,1.152630e+04,1.205280e+00,5.106380e+01,8.520170e-01
1000,3550,1.475340e+01,4.394240e+00,1.163590e+04,1.204440e+00,5.064620e+01,8.561860e-01
1000,3575,1.473670e+01,4.412670e+00,1.174600e+04,1.203630e+00,5.023500e+01,8.603460e-01
1000,3600,1.472010e+01,4.433210e+00,1.185660e+04,1.202860e+00,4.983010e+01,8.644970e-01
1000,3625,1.470370e+01,4.455810e+00,1.196770e+04,1.202120e+00,4.943110e+01,8.686380e-01
1000,3650,1.468730e+01,4.480440e+00,1.207940e+04,1.201430e+00,4.903780e+01,8.727700e-01
1000,3675,1.467090e+01,4.507060e+00,1.219170e+04,1.200770e+00,4.864990e+01,8.768910e-01
1000,3700,1.465460e+01,4.535630e+00,1.230480e+04,1.200150e+00,4.826730e+01,8.810020e-01
1000,3725,1.463820e+01,4.566140e+00,1.241850e+04,1.199560e+00,4.788980e+01,8.851040e-01
1000,3750,1.462170e+01,4.598540e+00,1.253310e+04,1.199020e+00,4.751700e+01,8.891940e-01
1000,3775,1.460520e+01,4.632820e+00,1.264850e+04,1.198520e+00,4.714890e+01,8.932740e-01
1000,3800,1.458850e+01,4.668970e+00,1.276470e+04,1.198060e+00,4.678530e+01,8.973430e-01
1000,3825,1.457170e+01,4.706950e+00,1.288190e+04,1.197630e+00,4.642590e+01,9.014000e-01
1000,3850,1.455470e+01,4.746760e+00,1.300010e+04,1.197250e+00,4.607060e+01,9.054460e-01
1000,3875,1.453750e+01,4.788390e+00,1.311930e+04,1.196910e+00,4.571930e+01,9.094800e-01
1000,3900,1.452010e+01,4.831820e+00,1.323950e+04,1.196620e+00,4.537180e+01,9.135020e-01
1000,3925,1.450240e+01,4.877040e+00,1.336090e+04,1.196370e+00,4.502790e+01,9.175110e-01
1000,3950,1.448440e+01,4.924040e+00,1.348340e+04,1.196160e+00,4.468760e+01,9.215070e-01
1000,3975,1.446620e+01,4.972820e+00,1.360710e+04,1.195990e+00,4.435060e+01,9.254900e-01
1000,4000,1.444760e+01,5.023370e+00,1.373210e+04,1.195870e+00,4.401680e+01,9.294600e-01
