Tw_K,P_bar,M[kg/kmol],Cp[kJ/kg-K],h[J/kg],gamma[-],rho[kg/m3],mu[millipoise]
200,0.00101325,2.575290e+01,1.321060e+00,-5.940200e+06,1.323440e+00,1.569200e-03,8.941740e-02
225,0.00101325,2.575290e+01,1.352440e+00,-5.906790e+06,1.313580e+00,1.394840e-03,9.938210e-02
250,0.00101325,2.575290e+01,1.388780e+00,-5.872540e+06,1.302890e+00,1.255360e-03,1.092570e-01
275,0.00101325,2.575290e+01,1.431070e+00,-5.837300e+06,1.291340e+00,1.141240e-03,1.190290e-01
300,0.00101325,2.575280e+01,1.479700e+00,-5.800930e+06,1.279150e+00,1.046130e-03,1.286840e-01
325,0.00101325,2.575220e+01,1.538660e+00,-5.763240e+06,1.265970e+00,9.656360e-04,1.385850e-01
350,0.00101325,2.574920e+01,1.626530e+00,-5.723770e+06,1.249660e+00,8.965560e-04,1.484190e-01
375,0.00101325,2.573650e+01,1.802960e+00,-5.681200e+06,1.225340e+00,8.363730e-04,1.581980e-01
400,0.00101325,2.569280e+01,2.219670e+00,-5.631670e+06,1.189260e+00,7.827690e-04,1.679680e-01
425,0.00101325,2.556550e+01,3.190410e+00,-5.565650e+06,1.149650e+00,7.330740e-04,1.778610e-01
450,0.00101325,2.524980e+01,5.207240e+00,-5.463420e+06,1.123950e+00,6.837970e-04,1.881450e-01
475,0.00101325,2.459540e+01,8.622990e+00,-5.293300e+06,1.119730e+00,6.310190e-04,1.991800e-01
500,0.00101325,2.352470e+01,1.245610e+01,-5.027910e+06,1.130130e+00,5.733700e-04,2.110790e-01
525,0.00101325,2.226670e+01,1.326320e+01,-4.695950e+06,1.137900e+00,5.168660e-04,2.227560e-01
550,0.00101325,2.132440e+01,8.838320e+00,-4.410320e+06,1.135230e+00,4.724940e-04,2.331950e-01
575,0.00101325,2.085510e+01,7.664310e+00,-4.227530e+06,1.134170e+00,4.420050e-04,2.418530e-01
600,0.00101325,2.025180e+01,1.094240e+01,-3.991330e+06,1.138960e+00,4.113340e-04,2.501010e-01
625,0.00101325,1.959280e+01,9.348260e+00,-3.723500e+06,1.142480e+00,3.820300e-04,2.582860e-01
650,0.00101325,1.925400e+01,4.687130e+00,-3.552000e+06,1.161450e+00,3.609860e-04,2.661770e-01
675,0.00101325,1.912760e+01,4.540900e+00,-3.448670e+06,1.159600e+00,3.453330e-04,2.735440e-01
700,0.00101325,1.891430e+01,6.788280e+00,-3.305660e+06,1.144000e+00,3.292870e-04,2.804070e-01
725,0.00101325,1.859560e+01,8.448680e+00,-3.114510e+06,1.143860e+00,3.125740e-04,2.868850e-01
750,0.00101325,1.820410e+01,9.890720e+00,-2.884920e+06,1.147620e+00,2.957950e-04,2.930430e-01
775,0.00101325,1.776060e+01,1.112530e+01,-2.621680e+06,1.153000e+00,2.792790e-04,2.989130e-01
800,0.00101325,1.728750e+01,1.202910e+01,-2.331410e+06,1.158680e+00,2.633440e-04,3.045360e-01
825,0.00101325,1.681040e+01,1.247100e+01,-2.024090e+06,1.163670e+00,2.483160e-04,3.099720e-01
850,0.00101325,1.635480e+01,1.238220e+01,-1.712310e+06,1.167360e+00,2.344810e-04,3.152960e-01
875,0.00101325,1.594180e+01,1.179730e+01,-1.409140e+06,1.169700e+00,2.220290e-04,3.205910e-01
900,0.00101325,1.558430e+01,1.085080e+01,-1.125470e+06,1.171150e+00,2.110210e-04,3.259240e-01
925,0.00101325,1.528680e+01,9.731270e+00,-8.680400e+05,1.172300e+00,2.013990e-04,3.313440e-01
950,0.00101325,1.504640e+01,8.623470e+00,-6.387990e+05,1.173560e+00,1.930150e-04,3.368750e-01
975,0.00101325,1.485550e+01,7.672300e+00,-4.355480e+05,1.174700e+00,1.856800e-04,3.425200e-01
1000,0.00101325,1.470410e+01,6.978570e+00,-2.530310e+05,1.174630e+00,1.791930e-04,3.482750e-01
1025,0.00101325,1.458150e+01,6.616540e+00,-8.385830e+04,1.171690e+00,1.733640e-04,3.539130e-01
1050,0.00101325,1.447660e+01,6.662090e+00,8.118510e+04,1.164450e+00,1.680190e-04,3.596470e-01
1075,0.00101325,1.437830e+01,7.214610e+00,2.534590e+05,1.153110e+00,1.629980e-04,3.654900e-01
1100,0.00101325,1.427450e+01,8.414080e+00,4.472950e+05,1.140140e+00,1.581430e-04,3.714720e-01
1125,0.00101325,1.415160e+01,1.044030e+01,6.810520e+05,1.129030e+00,1.532980e-04,3.776390e-01
1150,0.00101325,1.399460e+01,1.346120e+01,9.776450e+05,1.122520e+00,1.483010e-04,3.840450e-01
1175,0.00101325,1.378910e+01,1.743080e+01,1.362210e+06,1.121650e+00,1.430140e-04,3.907310e-01
1200,0.00101325,1.352900e+01,2.152670e+01,1.850730e+06,1.125160e+00,1.373940e-04,3.976710e-01
1225,0.00101325,1.323390e+01,2.329610e+01,2.419550e+06,1.128800e+00,1.316540e-04,4.046920e-01
1250,0.00101325,1.296280e+01,1.975770e+01,2.969730e+06,1.128580e+00,1.263770e-04,4.114570e-01
1275,0.00101325,1.277970e+01,1.270960e+01,3.376800e+06,1.132680e+00,1.221500e-04,4.176990e-01
1300,0.00101325,1.268810e+01,7.365440e+00,3.621160e+06,1.156840e+00,1.189420e-04,4.234720e-01
1325,0.00101325,1.264920e+01,4.848790e+00,3.769220e+06,1.195980e+00,1.163400e-04,4.289840e-01
1350,0.00101325,1.263280e+01,3.867660e+00,3.876200e+06,1.227970e+00,1.140380e-04,4.343750e-01
1375,0.00101325,1.262520e+01,3.500380e+00,3.967560e+06,1.244830e+00,1.118970e-04,4.397030e-01
1400,0.00101325,1.262120e+01,3.362650e+00,4.053070e+06,1.251690e+00,1.098640e-04,4.449910e-01
1425,0.00101325,1.261880e+01,3.313810e+00,4.136410e+06,1.253750e+00,1.079160e-04,4.502470e-01
1450,0.00101325,1.261700e+01,3.303020e+00,4.219070e+06,1.253620e+00,1.060400e-04,4.554740e-01
1475,0.00101325,1.261560e+01,3.311490e+00,4.301720e+06,1.252380e+00,1.042310e-04,4.606740e-01
1500,0.00101325,1.261420e+01,3.332180e+00,4.384750e+06,1.250470e+00,1.024830e-04,4.658490e-01
1525,0.00101325,1.261280e+01,3.362630e+00,4.468410e+06,1.248030e+00,1.007920e-04,4.710000e-01
1550,0.00101325,1.261130e+01,3.402380e+00,4.552950e+06,1.245140e+00,9.915400e-05,4.761270e-01
1575,0.00101325,1.260950e+01,3.451950e+00,4.638610e+06,1.241790e+00,9.756620e-05,4.812310e-01
1600,0.00101325,1.260730e+01,3.512460e+00,4.725640e+06,1.237990e+00,9.602530e-05,4.863130e-01
1625,0.00101325,1.260470e+01,3.585450e+00,4.814340e+06,1.233720e+00,9.452830e-05,4.913730e-01
1650,0.00101325,1.260150e+01,3.672840e+00,4.905040e+06,1.228990e+00,9.307220e-05,4.964140e-01
1675,0.00101325,1.259750e+01,3.776870e+00,4.998120e+06,1.223790e+00,9.165420e-05,5.014340e-01
1700,0.00101325,1.259270e+01,3.900160e+00,5.094040e+06,1.218160e+00,9.027140e-05,5.064360e-01
1725,0.00101325,1.258670e+01,4.045630e+00,5.193310e+06,1.212150e+00,8.892120e-05,5.114190e-01
1750,0.00101325,1.257950e+01,4.216570e+00,5.296530e+06,1.205810e+00,8.760050e-05,5.163840e-01
1775,0.00101325,1.257070e+01,4.416670e+00,5.404380e+06,1.199230e+00,8.630660e-05,5.213320e-01
1800,0.00101325,1.256020e+01,4.649970e+00,5.517640e+06,1.192510e+00,8.503660e-05,5.262640e-01
1825,0.00101325,1.254760e+01,4.920960e+00,5.637200e+06,1.185760e+00,8.378750e-05,5.311800e-01
1850,0.00101325,1.253260e+01,5.234570e+00,5.764050e+06,1.179110e+00,8.255620e-05,5.360800e-01
1875,0.00101325,1.251470e+01,5.596190e+00,5.899320e+06,1.172660e+00,8.133970e-05,5.409640e-01
1900,0.00101325,1.249370e+01,6.011770e+00,6.044310e+06,1.166540e+00,8.013470e-05,5.458330e-01
1925,0.00101325,1.246910e+01,6.487800e+00,6.200420e+06,1.160850e+00,7.893800e-05,5.506860e-01
1950,0.00101325,1.244030e+01,7.031440e+00,6.369260e+06,1.155670e+00,7.774610e-05,5.555230e-01
1975,0.00101325,1.240680e+01,7.650610e+00,6.552620e+06,1.151090e+00,7.655550e-05,5.603420e-01
2000,0.00101325,1.236810e+01,8.354070e+00,6.752490e+06,1.147160e+00,7.536260e-05,5.651410e-01
2025,0.00101325,1.232350e+01,9.151650e+00,6.971110e+06,1.143940e+00,7.416370e-05,5.697770e-01
2050,0.00101325,1.227230e+01,1.005440e+01,7.210950e+06,1.141470e+00,7.295510e-05,5.743840e-01
2075,0.00101325,1.221390e+01,1.107510e+01,7.474810e+06,1.139770e+00,7.173280e-05,5.789560e-01
2100,0.00101325,1.214740e+01,1.222810e+01,7.765810e+06,1.138870e+00,7.049280e-05,5.834880e-01
2125,0.00101325,1.207200e+01,1.353050e+01,8.087460e+06,1.138790e+00,6.923110e-05,5.879680e-01
2150,0.00101325,1.198680e+01,1.500210e+01,8.443740e+06,1.139560e+00,6.794360e-05,5.923860e-01
2175,0.00101325,1.189100e+01,1.666580e+01,8.839160e+06,1.141210e+00,6.662580e-05,5.967260e-01
2200,0.00101325,1.178360e+01,1.854810e+01,9.278850e+06,1.143780e+00,6.527360e-05,6.009710e-01
2225,0.00101325,1.166350e+01,2.067860e+01,9.768640e+06,1.147320e+00,6.388250e-05,6.050980e-01
2250,0.00101325,1.152980e+01,2.308800e+01,1.031510e+07,1.151860e+00,6.244830e-05,6.090830e-01
2275,0.00101325,1.138140e+01,2.580510e+01,1.092560e+07,1.157460e+00,6.096720e-05,6.128970e-01
2300,0.00101325,1.121750e+01,2.885000e+01,1.160810e+07,1.164150e+00,5.943600e-05,6.165110e-01
2325,0.00101325,1.103740e+01,3.222410e+01,1.237090e+07,1.171890e+00,5.785300e-05,6.198950e-01
2350,0.00101325,1.084090e+01,3.589800e+01,1.322180e+07,1.180600e+00,5.621860e-05,6.230220e-01
2375,0.00101325,1.062850e+01,3.979840e+01,1.416770e+07,1.190060e+00,5.453670e-05,6.258710e-01
2400,0.00101325,1.040130e+01,4.380000e+01,1.521260e+07,1.199920e+00,5.281500e-05,6.284270e-01
2425,0.00101325,1.016160e+01,4.772760e+01,1.635700e+07,1.209730e+00,5.106620e-05,6.306840e-01
2450,0.00101325,9.912740e+00,5.137180e+01,1.759660e+07,1.218930e+00,4.930710e-05,6.326440e-01
2475,0.00101325,9.658650e+00,5.451690e+01,1.892150e+07,1.226990e+00,4.755800e-05,6.343100e-01
2500,0.00101325,9.403830e+00,5.697320e+01,2.031670e+07,1.233450e+00,4.584020e-05,6.356900e-01
2525,0.00101325,9.152810e+00,5.860490e+01,2.176320e+07,1.238000e+00,4.417480e-05,6.367910e-01
2550,0.00101325,8.909700e+00,5.934520e+01,2.323950e+07,1.240530e+00,4.257990e-05,6.376240e-01
2575,0.00101325,8.677950e+00,5.919680e+01,2.472310e+07,1.241070e+00,4.106970e-05,6.382070e-01
2600,0.00101325,8.460160e+00,5.822250e+01,2.619240e+07,1.239830e+00,3.965400e-05,6.385670e-01
2625,0.00101325,8.258030e+00,5.652940e+01,2.762820e+07,1.237070e+00,3.833800e-05,6.387470e-01
2650,0.00101325,8.072490e+00,5.425190e+01,2.901400e+07,1.233130e+00,3.712310e-05,6.388000e-01
2675,0.00101325,7.903770e+00,5.153820e+01,3.033720e+07,1.228350e+00,3.600750e-05,6.387900e-01
2700,0.00101325,7.751530e+00,4.853790e+01,3.158860e+07,1.223070e+00,3.498690e-05,6.387800e-01
2725,0.00101325,7.615040e+00,4.539360e+01,3.276290e+07,1.217580e+00,3.405550e-05,6.388330e-01
2750,0.00101325,7.493260e+00,4.223430e+01,3.385810e+07,1.212140e+00,3.320630e-05,6.390040e-01
2775,0.00101325,7.384970e+00,3.917020e+01,3.487540e+07,1.206940e+00,3.243160e-05,6.393360e-01
2800,0.00101325,7.288830e+00,3.629080e+01,3.581820e+07,1.202130e+00,3.172350e-05,6.398610e-01
2825,0.00101325,7.203460e+00,3.366390e+01,3.669200e+07,1.197760e+00,3.107450e-05,6.405960e-01
2850,0.00101325,7.127490e+00,3.133610e+01,3.750390e+07,1.193870e+00,3.047710e-05,6.415480e-01
2875,0.00101325,7.059600e+00,2.933570e+01,3.826160e+07,1.190400e+00,2.992430e-05,6.427140e-01
2900,0.00101325,6.998550e+00,2.767450e+01,3.897350e+07,1.187290e+00,2.940980e-05,6.440860e-01
2925,0.00101325,6.943190e+00,2.635190e+01,3.964810e+07,1.184460e+00,2.892780e-05,6.456480e-01
2950,0.00101325,6.892470e+00,2.535690e+01,4.029380e+07,1.181810e+00,2.847310e-05,6.473840e-01
2975,0.00101325,6.845450e+00,2.467100e+01,4.091850e+07,1.179300e+00,2.804120e-05,6.492730e-01
3000,0.00101325,6.801310e+00,2.426960e+01,4.152970e+07,1.176920e+00,2.762820e-05,6.512980e-01
3025,0.00101325,6.759300e+00,2.412370e+01,4.213410e+07,1.174670e+00,2.723070e-05,6.534400e-01
3050,0.00101325,6.718830e+00,2.419990e+01,4.273780e+07,1.172590e+00,2.684570e-05,6.556840e-01
3075,0.00101325,6.679360e+00,2.446060e+01,4.334570e+07,1.170760e+00,2.647110e-05,6.580160e-01
3100,0.00101325,6.640490e+00,2.486410e+01,4.396200e+07,1.169220e+00,2.610480e-05,6.604250e-01
3125,0.00101325,6.601910e+00,2.536360e+01,4.458970e+07,1.168020e+00,2.574550e-05,6.629020e-01
3150,0.00101325,6.563420e+00,2.590720e+01,4.523050e+07,1.167190e+00,2.539230e-05,6.654420e-01
3175,0.00101325,6.524920e+00,2.643790e+01,4.588490e+07,1.166730e+00,2.504460e-05,6.680440e-01
3200,0.00101325,6.486410e+00,2.689390e+01,4.655180e+07,1.166630e+00,2.470230e-05,6.707070e-01
3225,0.00101325,6.448030e+00,2.721080e+01,4.722850e+07,1.166870e+00,2.436570e-05,6.734360e-01
3250,0.00101325,6.409970e+00,2.732470e+01,4.791070e+07,1.167400e+00,2.403560e-05,6.762350e-01
3275,0.00101325,6.372560e+00,2.717720e+01,4.859250e+07,1.168220e+00,2.371290e-05,6.791120e-01
3300,0.00101325,6.336160e+00,2.672230e+01,4.926690e+07,1.169320e+00,2.339880e-05,6.820750e-01
3325,0.00101325,6.301220e+00,2.593330e+01,4.992580e+07,1.170760e+00,2.309480e-05,6.851310e-01
3350,0.00101325,6.268140e+00,2.481060e+01,5.056080e+07,1.172630e+00,2.280220e-05,6.882850e-01
3375,0.00101325,6.237350e+00,2.338480e+01,5.116380e+07,1.175100e+00,2.252210e-05,6.915410e-01
3400,0.00101325,6.209150e+00,2.171630e+01,5.172800e+07,1.178400e+00,2.225540e-05,6.948970e-01
3425,0.00101325,6.183780e+00,1.988850e+01,5.224830e+07,1.182830e+00,2.200270e-05,6.983510e-01
3450,0.00101325,6.161330e+00,1.799540e+01,5.272190e+07,1.188700e+00,2.176390e-05,7.018920e-01
3475,0.00101325,6.141750e+00,1.612800e+01,5.314830e+07,1.196320e+00,2.153870e-05,7.055110e-01
3500,0.00101325,6.124920e+00,1.436220e+01,5.352920e+07,1.205930e+00,2.132620e-05,7.091940e-01
3525,0.00101325,6.110600e+00,1.275150e+01,5.386770e+07,1.217680e+00,2.112550e-05,7.129280e-01
3550,0.00101325,6.098520e+00,1.132560e+01,5.416830e+07,1.231600e+00,2.093520e-05,7.167010e-01
3575,0.00101325,6.088390e+00,1.009320e+01,5.443560e+07,1.247550e+00,2.075430e-05,7.205030e-01
3600,0.00101325,6.079930e+00,9.047690e+00,5.467450e+07,1.265260e+00,2.058150e-05,7.243230e-01
3625,0.00101325,6.072860e+00,8.172920e+00,5.488940e+07,1.284330e+00,2.041580e-05,7.281550e-01
3650,0.00101325,6.066960e+00,7.448050e+00,5.508440e+07,1.304290e+00,2.025630e-05,7.319930e-01
3675,0.00101325,6.062030e+00,6.851140e+00,5.526290e+07,1.324610e+00,2.010210e-05,7.358330e-01
3700,0.00101325,6.057890e+00,6.361360e+00,5.542790e+07,1.344790e+00,1.995270e-05,7.396730e-01
3725,0.00101325,6.054400e+00,5.960130e+00,5.558170e+07,1.364390e+00,1.980740e-05,7.435110e-01
3750,0.00101325,6.051450e+00,5.631530e+00,5.572650e+07,1.383020e+00,1.966570e-05,7.473450e-01
3775,0.00101325,6.048940e+00,5.362300e+00,5.586380e+07,1.400400e+00,1.952740e-05,7.511750e-01
3800,0.00101325,6.046800e+00,5.141620e+00,5.599500e+07,1.416340e+00,1.939210e-05,7.550020e-01
3825,0.00101325,6.044960e+00,4.960760e+00,5.612120e+07,1.430700e+00,1.925950e-05,7.588240e-01
3850,0.00101325,6.043370e+00,4.812790e+00,5.624330e+07,1.443420e+00,1.912940e-05,7.626420e-01
3875,0.00101325,6.041990e+00,4.692230e+00,5.636210e+07,1.454470e+00,1.900160e-05,7.664570e-01
3900,0.00101325,6.040780e+00,4.594790e+00,5.647810e+07,1.463850e+00,1.887600e-05,7.702690e-01
3925,0.00101325,6.039710e+00,4.517200e+00,5.659200e+07,1.471580e+00,1.875250e-05,7.740780e-01
3950,0.00101325,6.038760e+00,4.456970e+00,5.670410e+07,1.477680e+00,1.863080e-05,7.778860e-01
3975,0.00101325,6.037900e+00,4.412270e+00,5.681490e+07,1.482160e+00,1.851100e-05,7.816910e-01
4000,0.00101325,6.037120e+00,4.381860e+00,5.692480e+07,1.485030e+00,1.839300e-05,7.854960e-01
200,0.00180184,2.575290e+01,1.321060e+00,-5.940200e+06,1.323440e+00,2.790470e-03,8.941740e-02
225,0.00180184,2.575290e+01,1.352440e+00,-5.906790e+06,1.313580e+00,2.480420e-03,9.938210e-02
250,0.00180184,2.575290e+01,1.388780e+00,-5.872540e+06,1.302890e+00,2.232380e-03,1.092570e-01
275,0.00180184,2.575290e+01,1.431030e+00,-5.837300e+06,1.291350e+00,2.029430e-03,1.190290e-01
300,0.00180184,2.575280e+01,1.479320e+00,-5.800940e+06,1.279220e+00,1.860310e-03,1.286830e-01
325,0.00180184,2.575240e+01,1.536280e+00,-5.763270e+06,1.266380e+00,1.717180e-03,1.385840e-01
350,0.00180184,2.575020e+01,1.615140e+00,-5.723950e+06,1.251310e+00,1.594390e-03,1.484170e-01
375,0.00180184,2.574100e+01,1.759020e+00,-5.681990e+06,1.230220e+00,1.487560e-03,1.581870e-01
400,0.00180184,2.570920e+01,2.078630e+00,-5.634570e+06,1.198910e+00,1.392870e-03,1.679260e-01
425,0.00180184,2.561600e+01,2.807040e+00,-5.574700e+06,1.161110e+00,1.306180e-03,1.777320e-01
450,0.00180184,2.538160e+01,4.333740e+00,-5.487580e+06,1.131380e+00,1.222330e-03,1.878060e-01
475,0.00180184,2.487940e+01,7.062360e+00,-5.347840e+06,1.120550e+00,1.135080e-03,1.984590e-01
500,0.00180184,2.399630e+01,1.071580e+01,-5.126170e+06,1.126880e+00,1.040060e-03,2.099190e-01
525,0.00180184,2.281110e+01,1.309390e+01,-4.822210e+06,1.137770e+00,9.416040e-04,2.215030e-01
550,0.00180184,2.170620e+01,1.119640e+01,-4.508420e+06,1.139020e+00,8.552720e-04,2.324530e-01
575,0.00180184,2.106890e+01,6.788390e+00,-4.289090e+06,1.137810e+00,7.940660e-04,2.417800e-01
600,0.00180184,2.059950e+01,9.154370e+00,-4.098210e+06,1.137030e+00,7.440260e-04,2.499780e-01
625,0.00180184,1.994830e+01,1.074040e+01,-3.840230e+06,1.143470e+00,6.916840e-04,2.579680e-01
650,0.00180184,1.941750e+01,7.164320e+00,-3.608200e+06,1.147420e+00,6.473840e-04,2.659720e-01
675,0.00180184,1.920440e+01,4.006770e+00,-3.477130e+06,1.170830e+00,6.165640e-04,2.735550e-01
700,0.00180184,1.906670e+01,5.364260e+00,-3.366340e+06,1.151640e+00,5.902830e-04,2.806490e-01
725,0.00180184,1.882160e+01,7.188590e+00,-3.208070e+06,1.145120e+00,5.626020e-04,2.873010e-01
750,0.00180184,1.849360e+01,8.621380e+00,-3.010030e+06,1.146640e+00,5.343710e-04,2.936220e-01
775,0.00180184,1.810550e+01,9.889060e+00,-2.778320e+06,1.150860e+00,5.062810e-04,2.996570e-01
800,0.00180184,1.767510e+01,1.095260e+01,-2.517270e+06,1.156250e+00,4.787990e-04,3.054350e-01
825,0.00180184,1.722250e+01,1.170370e+01,-2.233290e+06,1.161720e+00,4.524010e-04,3.109990e-01
850,0.00180184,1.677020e+01,1.204210e+01,-1.935540e+06,1.166460e+00,4.275640e-04,3.164040e-01
875,0.00180184,1.633980e+01,1.192370e+01,-1.635020e+06,1.170000e+00,4.046880e-04,3.217170e-01
900,0.00180184,1.594870e+01,1.138700e+01,-1.342860e+06,1.172320e+00,3.840290e-04,3.270080e-01
925,0.00180184,1.560770e+01,1.054720e+01,-1.068210e+06,1.173750e+00,3.656620e-04,3.323370e-01
950,0.00180184,1.532060e+01,9.560760e+00,-8.167240e+05,1.174760e+00,3.494900e-04,3.377440e-01
975,0.00180184,1.508500e+01,8.584040e+00,-5.900810e+05,1.175600e+00,3.352910e-04,3.432510e-01
1000,0.00180184,1.489440e+01,7.745990e+00,-3.863570e+05,1.175970e+00,3.227790e-04,3.488650e-01
1025,0.00180184,1.474010e+01,7.143430e+00,-2.008170e+05,1.174940e+00,3.116440e-04,3.543630e-01
1050,0.00180184,1.461230e+01,6.855930e+00,-2.656020e+04,1.171080e+00,3.015870e-04,3.599550e-01
1075,0.00180184,1.450090e+01,6.963670e+00,1.452680e+05,1.163390e+00,2.923280e-04,3.656450e-01
1100,0.00180184,1.439520e+01,7.566870e+00,3.257430e+05,1.152410e+00,2.836000e-04,3.714490e-01
1125,0.00180184,1.428330e+01,8.797730e+00,5.288330e+05,1.140430e+00,2.751440e-04,3.773970e-01
1150,0.00180184,1.415250e+01,1.081430e+01,7.721820e+05,1.130520e+00,2.666970e-04,3.835290e-01
1175,0.00180184,1.398880e+01,1.374260e+01,1.077200e+06,1.125000e+00,2.580020e-04,3.898930e-01
1200,0.00180184,1.377940e+01,1.747550e+01,1.466210e+06,1.124650e+00,2.488470e-04,3.965180e-01
1225,0.00180184,1.352090e+01,2.116500e+01,1.951050e+06,1.128130e+00,2.391950e-04,4.033670e-01
1250,0.00180184,1.323340e+01,2.256340e+01,2.505630e+06,1.131430e+00,2.294260e-04,4.102690e-01
1275,0.00180184,1.297130e+01,1.917950e+01,3.037990e+06,1.131240e+00,2.204730e-04,4.169230e-01
1300,0.00180184,1.279150e+01,1.267200e+01,3.437430e+06,1.135010e+00,2.132360e-04,4.230950e-01
1325,0.00180184,1.269780e+01,7.571810e+00,3.684740e+06,1.156670e+00,2.076800e-04,4.288320e-01
1350,0.00180184,1.265580e+01,5.035200e+00,3.837960e+06,1.192580e+00,2.031600e-04,4.343180e-01
1375,0.00180184,1.263720e+01,3.990180e+00,3.948780e+06,1.223590e+00,1.991720e-04,4.396820e-01
1400,0.00180184,1.262820e+01,3.577980e+00,4.042600e+06,1.241140e+00,1.954770e-04,4.449840e-01
1425,0.00180184,1.262330e+01,3.414270e+00,4.129690e+06,1.248890e+00,1.919730e-04,4.502440e-01
1450,0.00180184,1.262030e+01,3.350610e+00,4.214120e+06,1.251610e+00,1.886180e-04,4.554730e-01
1475,0.00180184,1.261820e+01,3.330830e+00,4.297580e+06,1.251920e+00,1.853900e-04,4.606740e-01
1500,0.00180184,1.261640e+01,3.333250e+00,4.380850e+06,1.251000e+00,1.822750e-04,4.658490e-01
1525,0.00180184,1.261490e+01,3.349270e+00,4.464360e+06,1.249350e+00,1.792650e-04,4.710000e-01
1550,0.00180184,1.261340e+01,3.375590e+00,4.548400e+06,1.247170e+00,1.763530e-04,4.761270e-01
1575,0.00180184,1.261180e+01,3.411180e+00,4.633210e+06,1.244540e+00,1.735310e-04,4.812310e-01
1600,0.00180184,1.261000e+01,3.456150e+00,4.719030e+06,1.241480e+00,1.707950e-04,4.863130e-01
1625,0.00180184,1.260790e+01,3.511220e+00,4.806100e+06,1.238000e+00,1.681390e-04,4.913740e-01
1650,0.00180184,1.260530e+01,3.577600e+00,4.894690e+06,1.234090e+00,1.655590e-04,4.964140e-01
1675,0.00180184,1.260230e+01,3.656810e+00,4.985090e+06,1.229760e+00,1.630480e-04,5.014340e-01
1700,0.00180184,1.259850e+01,3.750680e+00,5.077650e+06,1.225020e+00,1.606030e-04,5.064360e-01
1725,0.00180184,1.259400e+01,3.861340e+00,5.172760e+06,1.219880e+00,1.582180e-04,5.114190e-01
1750,0.00180184,1.258850e+01,3.991210e+00,5.270880e+06,1.214370e+00,1.558900e-04,5.163840e-01
1775,0.00180184,1.258190e+01,4.143000e+00,5.372510e+06,1.208560e+00,1.536140e-04,5.213320e-01
1800,0.00180184,1.257400e+01,4.319700e+00,5.478240e+06,1.202500e+00,1.513850e-04,5.262640e-01
1825,0.00180184,1.256450e+01,4.524650e+00,5.588730e+06,1.196270e+00,1.491980e-04,5.311790e-01
1850,0.00180184,1.255320e+01,4.761490e+00,5.704730e+06,1.189970e+00,1.470500e-04,5.360790e-01
1875,0.00180184,1.253980e+01,5.034220e+00,5.827100e+06,1.183700e+00,1.449340e-04,5.409640e-01
1900,0.00180184,1.252390e+01,5.347210e+00,5.956780e+06,1.177560e+00,1.428460e-04,5.458340e-01
1925,0.00180184,1.250530e+01,5.705240e+00,6.094840e+06,1.171650e+00,1.407820e-04,5.506900e-01
1950,0.00180184,1.248360e+01,6.113510e+00,6.242460e+06,1.166060e+00,1.387360e-04,5.555310e-01
1975,0.00180184,1.245840e+01,6.577730e+00,6.400980e+06,1.160890e+00,1.367020e-04,5.603570e-01
2000,0.00180184,1.242910e+01,7.104160e+00,6.571870e+06,1.156210e+00,1.346770e-04,5.651670e-01
2025,0.00180184,1.239540e+01,7.699670e+00,6.756760e+06,1.152080e+00,1.326530e-04,5.698180e-01
2050,0.00180184,1.235660e+01,8.371910e+00,6.957490e+06,1.148550e+00,1.306250e-04,5.744470e-01
2075,0.00180184,1.231230e+01,9.129400e+00,7.176070e+06,1.145670e+00,1.285880e-04,5.790520e-01
2100,0.00180184,1.226180e+01,9.981740e+00,7.414750e+06,1.143470e+00,1.265360e-04,5.836290e-01
2125,0.00180184,1.220440e+01,1.093990e+01,7.676040e+06,1.141980e+00,1.244630e-04,5.881720e-01
2150,0.00180184,1.213960e+01,1.201630e+01,7.962730e+06,1.141230e+00,1.223630e-04,5.926760e-01
2175,0.00180184,1.206660e+01,1.322540e+01,8.277950e+06,1.141230e+00,1.202280e-04,5.971300e-01
2200,0.00180184,1.198460e+01,1.458400e+01,8.625240e+06,1.142010e+00,1.180540e-04,6.015250e-01
2225,0.00180184,1.189270e+01,1.611120e+01,9.008560e+06,1.143610e+00,1.158330e-04,6.058480e-01
2250,0.00180184,1.179030e+01,1.782900e+01,9.432390e+06,1.146040e+00,1.135600e-04,6.100810e-01
2275,0.00180184,1.167640e+01,1.976120e+01,9.901790e+06,1.149370e+00,1.112260e-04,6.142060e-01
2300,0.00180184,1.155000e+01,2.193250e+01,1.042240e+07,1.153610e+00,1.088270e-04,6.182010e-01
2325,0.00180184,1.141050e+01,2.436590e+01,1.100060e+07,1.158830e+00,1.063560e-04,6.220410e-01
2350,0.00180184,1.125690e+01,2.707730e+01,1.164310e+07,1.165030e+00,1.038090e-04,6.257020e-01
2375,0.00180184,1.108880e+01,3.006940e+01,1.235680e+07,1.172210e+00,1.011820e-04,6.291570e-01
2400,0.00180184,1.090580e+01,3.332190e+01,1.314870e+07,1.180290e+00,9.847580e-05,6.323840e-01
2425,0.00180184,1.070830e+01,3.678290e+01,1.402470e+07,1.189120e+00,9.569540e-05,6.353620e-01
2450,0.00180184,1.049710e+01,4.036210e+01,1.498880e+07,1.198420e+00,9.285060e-05,6.380780e-01
2475,0.00180184,1.027380e+01,4.393020e+01,1.604270e+07,1.207840e+00,8.995800e-05,6.405240e-01
2500,0.00180184,1.004100e+01,4.732770e+01,1.718390e+07,1.216940e+00,8.704040e-05,6.427000e-01
2525,0.00180184,9.801870e+00,5.038230e+01,1.840620e+07,1.225240e+00,8.412580e-05,6.446070e-01
2550,0.00180184,9.560000e+00,5.293190e+01,1.969880e+07,1.232310e+00,8.124550e-05,6.462490e-01
2575,0.00180184,9.319280e+00,5.484580e+01,2.104750e+07,1.237840e+00,7.843090e-05,6.476310e-01
2600,0.00180184,9.083430e+00,5.604030e+01,2.243510e+07,1.241620e+00,7.571090e-05,6.487580e-01
2625,0.00180184,8.855740e+00,5.648490e+01,2.384320e+07,1.243610e+00,7.311010e-05,6.496390e-01
2650,0.00180184,8.638890e+00,5.619840e+01,2.525330e+07,1.243880e+00,7.064700e-05,6.502900e-01
2675,0.00180184,8.434850e+00,5.524080e+01,2.664760e+07,1.242610e+00,6.833380e-05,6.507380e-01
2700,0.00180184,8.244940e+00,5.370170e+01,2.801040e+07,1.240040e+00,6.617680e-05,6.510180e-01
2725,0.00180184,8.069820e+00,5.168890e+01,2.932870e+07,1.236440e+00,6.417700e-05,6.511790e-01
2750,0.00180184,7.909650e+00,4.931930e+01,3.059190e+07,1.232090e+00,6.233130e-05,6.512740e-01
2775,0.00180184,7.764120e+00,4.671100e+01,3.179270e+07,1.227260e+00,6.063330e-05,6.513610e-01
2800,0.00180184,7.632640e+00,4.397710e+01,3.292640e+07,1.222210e+00,5.907430e-05,6.514940e-01
2825,0.00180184,7.514330e+00,4.122090e+01,3.399130e+07,1.217150e+00,5.764390e-05,6.517210e-01
2850,0.00180184,7.408180e+00,3.853280e+01,3.498800e+07,1.212240e+00,5.633110e-05,6.520820e-01
2875,0.00180184,7.313070e+00,3.598740e+01,3.591920e+07,1.207610e+00,5.512440e-05,6.526070e-01
2900,0.00180184,7.227840e+00,3.364320e+01,3.678910e+07,1.203330e+00,5.401230e-05,6.533160e-01
2925,0.00180184,7.151320e+00,3.154280e+01,3.760340e+07,1.199430e+00,5.298370e-05,6.542170e-01
2950,0.00180184,7.082380e+00,2.971340e+01,3.836850e+07,1.195890e+00,5.202830e-05,6.553120e-01
2975,0.00180184,7.019940e+00,2.816920e+01,3.909140e+07,1.192670e+00,5.113620e-05,6.565960e-01
3000,0.00180184,6.962970e+00,2.691330e+01,3.977940e+07,1.189720e+00,5.029860e-05,6.580590e-01
3025,0.00180184,6.910570e+00,2.593940e+01,4.043940e+07,1.186990e+00,4.950740e-05,6.596880e-01
3050,0.00180184,6.861870e+00,2.523420e+01,4.107860e+07,1.184440e+00,4.875560e-05,6.614690e-01
3075,0.00180184,6.816130e+00,2.477810e+01,4.170320e+07,1.182050e+00,4.803690e-05,6.633850e-01
3100,0.00180184,6.772690e+00,2.454680e+01,4.231930e+07,1.179830e+00,4.734580e-05,6.654220e-01
3125,0.00180184,6.730970e+00,2.451200e+01,4.293220e+07,1.177810e+00,4.667770e-05,6.675660e-01
3150,0.00180184,6.690510e+00,2.464080e+01,4.354630e+07,1.176030e+00,4.602890e-05,6.698060e-01
3175,0.00180184,6.650920e+00,2.489690e+01,4.416530e+07,1.174530e+00,4.539630e-05,6.721330e-01
3200,0.00180184,6.611900e+00,2.523950e+01,4.479190e+07,1.173350e+00,4.477740e-05,6.745370e-01
3225,0.00180184,6.573260e+00,2.562390e+01,4.542760e+07,1.172500e+00,4.417060e-05,6.770160e-01
3250,0.00180184,6.534880e+00,2.600120e+01,4.607300e+07,1.171990e+00,4.357490e-05,6.795660e-01
3275,0.00180184,6.496750e+00,2.631970e+01,4.672720e+07,1.171820e+00,4.299000e-05,6.821870e-01
3300,0.00180184,6.458950e+00,2.652560e+01,4.738810e+07,1.171960e+00,4.241600e-05,6.848830e-01
3325,0.00180184,6.421630e+00,2.656630e+01,4.805210e+07,1.172390e+00,4.185390e-05,6.876560e-01
3350,0.00180184,6.385040e+00,2.639370e+01,4.871460e+07,1.173100e+00,4.130480e-05,6.905120e-01
3375,0.00180184,6.349470e+00,2.596910e+01,4.936970e+07,1.174090e+00,4.077050e-05,6.934570e-01
3400,0.00180184,6.315270e+00,2.526860e+01,5.001070e+07,1.175400e+00,4.025270e-05,6.964960e-01
3425,0.00180184,6.282780e+00,2.428840e+01,5.063080e+07,1.177100e+00,3.975330e-05,6.996340e-01
3450,0.00180184,6.252340e+00,2.304750e+01,5.122300e+07,1.179330e+00,3.927400e-05,7.028720e-01
3475,0.00180184,6.224230e+00,2.158810e+01,5.178130e+07,1.182270e+00,3.881620e-05,7.062080e-01
3500,0.00180184,6.198660e+00,1.997180e+01,5.230110e+07,1.186150e+00,3.838060e-05,7.096400e-01
3525,0.00180184,6.175740e+00,1.827150e+01,5.277920e+07,1.191220e+00,3.796750e-05,7.131590e-01
3550,0.00180184,6.155480e+00,1.656210e+01,5.321460e+07,1.197730e+00,3.757640e-05,7.167560e-01
3575,0.00180184,6.137790e+00,1.491040e+01,5.360780e+07,1.205920e+00,3.720640e-05,7.204200e-01
3600,0.00180184,6.122510e+00,1.336890e+01,5.396100e+07,1.215930e+00,3.685610e-05,7.241370e-01
3625,0.00180184,6.109420e+00,1.197170e+01,5.427740e+07,1.227850e+00,3.652370e-05,7.278970e-01
3650,0.00180184,6.098290e+00,1.073600e+01,5.456100e+07,1.241610e+00,3.620740e-05,7.316890e-01
3675,0.00180184,6.088850e+00,9.664280e+00,5.481560e+07,1.257070e+00,3.590540e-05,7.355040e-01
3700,0.00180184,6.080880e+00,8.748850e+00,5.504550e+07,1.273940e+00,3.561610e-05,7.393340e-01
3725,0.00180184,6.074140e+00,7.975740e+00,5.525420e+07,1.291870e+00,3.533790e-05,7.431720e-01
3750,0.00180184,6.068440e+00,7.328060e+00,5.544530e+07,1.310440e+00,3.506940e-05,7.470150e-01
3775,0.00180184,6.063620e+00,6.788350e+00,5.562160e+07,1.329240e+00,3.480940e-05,7.508600e-01
3800,0.00180184,6.059530e+00,6.340060e+00,5.578550e+07,1.347840e+00,3.455710e-05,7.547030e-01
3825,0.00180184,6.056040e+00,5.968330e+00,5.593920e+07,1.365870e+00,3.431140e-05,7.585450e-01
3850,0.00180184,6.053050e+00,5.660320e+00,5.608440e+07,1.383030e+00,3.407180e-05,7.623820e-01
3875,0.00180184,6.050480e+00,5.405190e+00,5.622260e+07,1.399070e+00,3.383770e-05,7.662170e-01
3900,0.00180184,6.048270e+00,5.193970e+00,5.635510e+07,1.413810e+00,3.360850e-05,7.700470e-01
3925,0.00180184,6.046350e+00,5.019350e+00,5.648270e+07,1.427130e+00,3.338380e-05,7.738740e-01
3950,0.00180184,6.044670e+00,4.875430e+00,5.660630e+07,1.438950e+00,3.316330e-05,7.776970e-01
3975,0.00180184,6.043200e+00,4.757510e+00,5.672660e+07,1.449230e+00,3.294670e-05,7.815170e-01
4000,0.00180184,6.041900e+00,4.661880e+00,5.684430e+07,1.457960e+00,3.273370e-05,7.853340e-01
200,0.00320418,2.575290e+01,1.321060e+00,-5.940200e+06,1.323440e+00,4.962240e-03,8.941740e-02
225,0.00320418,2.575290e+01,1.352440e+00,-5.906790e+06,1.313580e+00,4.410880e-03,9.938210e-02
250,0.00320418,2.575290e+01,1.388770e+00,-5.872540e+06,1.302890e+00,3.969790e-03,1.092570e-01
275,0.00320418,2.575290e+01,1.431000e+00,-5.837300e+06,1.291350e+00,3.608900e-03,1.190290e-01
300,0.00320418,2.575280e+01,1.479040e+00,-5.800940e+06,1.279280e+00,3.308160e-03,1.286830e-01
325,0.00320418,2.575250e+01,1.534560e+00,-5.763290e+06,1.266670e+00,3.053650e-03,1.385840e-01
350,0.00320418,2.575090e+01,1.606850e+00,-5.724080e+06,1.252530e+00,2.835350e-03,1.484150e-01
375,0.00320418,2.574420e+01,1.727060e+00,-5.682560e+06,1.233950e+00,2.645640e-03,1.581790e-01
400,0.00320418,2.572110e+01,1.975740e+00,-5.636680e+06,1.206970e+00,2.478060e-03,1.678960e-01
425,0.00320418,2.565300e+01,2.524870e+00,-5.581310e+06,1.172230e+00,2.326120e-03,1.776380e-01
450,0.00320418,2.548010e+01,3.674370e+00,-5.505460e+06,1.140430e+00,2.182080e-03,1.875540e-01
475,0.00320418,2.510030e+01,5.798180e+00,-5.389410e+06,1.123700e+00,2.036420e-03,1.978970e-01
500,0.00320418,2.439620e+01,8.969340e+00,-5.206490e+06,1.124570e+00,1.880330e-03,2.089270e-01
525,0.00320418,2.335000e+01,1.203070e+01,-4.941280e+06,1.135360e+00,1.713990e-03,2.202320e-01
550,0.00320418,2.219650e+01,1.230700e+01,-4.628610e+06,1.141890e+00,1.555260e-03,2.314090e-01
575,0.00320418,2.133100e+01,8.650240e+00,-4.360050e+06,1.139420e+00,1.429630e-03,2.414410e-01
600,0.00320418,2.087100e+01,7.257110e+00,-4.179060e+06,1.138100e+00,1.340520e-03,2.499410e-01
625,0.00320418,2.033090e+01,1.004200e+01,-3.961390e+06,1.142090e+00,1.253600e-03,2.577670e-01
650,0.00320418,1.970780e+01,9.551110e+00,-3.705660e+06,1.146450e+00,1.168440e-03,2.656710e-01
675,0.00320418,1.931590e+01,5.542490e+00,-3.516070e+06,1.155800e+00,1.102790e-03,2.734310e-01
700,0.00320418,1.916690e+01,4.139260e+00,-3.404900e+06,1.167350e+00,1.055210e-03,2.807490e-01
725,0.00320418,1.900030e+01,5.919800e+00,-3.280210e+06,1.149430e+00,1.009960e-03,2.876060e-01
750,0.00320418,1.873820e+01,7.419550e+00,-3.112640e+06,1.147030e+00,9.628280e-04,2.940880e-01
775,0.00320418,1.840880e+01,8.676070e+00,-2.911140e+06,1.149470e+00,9.153880e-04,3.002790e-01
800,0.00320418,1.802900e+01,9.790440e+00,-2.679990e+06,1.153930e+00,8.684880e-04,3.062150e-01
825,0.00320418,1.761460e+01,1.070920e+01,-2.423240e+06,1.159250e+00,8.228120e-04,3.119230e-01
850,0.00320418,1.718350e+01,1.134250e+01,-2.146910e+06,1.164530e+00,7.790650e-04,3.174440e-01
875,0.00320418,1.675490e+01,1.161430e+01,-1.859150e+06,1.169090e+00,7.379320e-04,3.228280e-01
900,0.00320418,1.634730e+01,1.149620e+01,-1.569460e+06,1.172540e+00,6.999790e-04,3.281340e-01
925,0.00320418,1.597520e+01,1.102480e+01,-1.287300e+06,1.174850e+00,6.655570e-04,3.334230e-01
950,0.00320418,1.564770e+01,1.029550e+01,-1.020380e+06,1.176280e+00,6.347610e-04,3.387450e-01
975,0.00320418,1.536840e+01,9.437740e+00,-7.735940e+05,1.177150e+00,6.074440e-04,3.441350e-01
1000,0.00320418,1.513540e+01,8.584360e+00,-5.484560e+05,1.177590e+00,5.832800e-04,3.496160e-01
1025,0.00320418,1.494350e+01,7.850470e+00,-3.433760e+05,1.177310e+00,5.618360e-04,3.549760e-01
1050,0.00320418,1.478500e+01,7.330890e+00,-1.541430e+05,1.175480e+00,5.426420e-04,3.604270e-01
1075,0.00320418,1.465120e+01,7.106750e+00,2.562980e+04,1.170970e+00,5.252260e-04,3.659710e-01
1100,0.00320418,1.453260e+01,7.260640e+00,2.043410e+05,1.163140e+00,5.091340e-04,3.716140e-01
1125,0.00320418,1.441900e+01,7.890860e+00,3.926240e+05,1.152650e+00,4.939310e-04,3.773740e-01
1150,0.00320418,1.429950e+01,9.119520e+00,6.038650e+05,1.141620e+00,4.791850e-04,3.832790e-01
1175,0.00320418,1.416160e+01,1.108260e+01,8.547290e+05,1.132700e+00,4.644690e-04,3.893660e-01
1200,0.00320418,1.399270e+01,1.387040e+01,1.164920e+06,1.127890e+00,4.493670e-04,3.956740e-01
1225,0.00320418,1.378170e+01,1.733920e+01,1.554100e+06,1.127800e+00,4.335590e-04,4.022230e-01
1250,0.00320418,1.352650e+01,2.067240e+01,2.031120e+06,1.131120e+00,4.170200e-04,4.089700e-01
1275,0.00320418,1.324650e+01,2.187900e+01,2.570190e+06,1.134200e+00,4.003820e-04,4.157570e-01
1300,0.00320418,1.299080e+01,1.883580e+01,3.088530e+06,1.134100e+00,3.851010e-04,4.223160e-01
1325,0.00320418,1.281040e+01,1.287290e+01,3.486630e+06,1.137140e+00,3.725880e-04,4.284370e-01
1350,0.00320418,1.271170e+01,7.929930e+00,3.741780e+06,1.155690e+00,3.628700e-04,4.341510e-01
1375,0.00320418,1.266490e+01,5.304340e+00,3.903030e+06,1.188120e+00,3.549620e-04,4.396170e-01
1400,0.00320418,1.264320e+01,4.156810e+00,4.019230e+06,1.218240e+00,3.480240e-04,4.449590e-01
1425,0.00320418,1.263230e+01,3.679960e+00,4.116330e+06,1.236730e+00,3.416250e-04,4.502350e-01
1450,0.00320418,1.262620e+01,3.480180e+00,4.205480e+06,1.245630e+00,3.355730e-04,4.554700e-01
1475,0.00320418,1.262240e+01,3.396260e+00,4.291280e+06,1.249180e+00,3.297860e-04,4.606730e-01
1500,0.00320418,1.261980e+01,3.364360e+00,4.375720e+06,1.250060e+00,3.242220e-04,4.658490e-01
1525,0.00320418,1.261770e+01,3.358770e+00,4.459710e+06,1.249540e+00,3.188540e-04,4.710000e-01
1550,0.00320418,1.261590e+01,3.368840e+00,4.543780e+06,1.248200e+00,3.136670e-04,4.761270e-01
1575,0.00320418,1.261420e+01,3.390120e+00,4.628250e+06,1.246300e+00,3.086470e-04,4.812310e-01
1600,0.00320418,1.261250e+01,3.420900e+00,4.713370e+06,1.243950e+00,3.037830e-04,4.863130e-01
1625,0.00320418,1.261060e+01,3.460810e+00,4.799370e+06,1.241180e+00,2.990650e-04,4.913740e-01
1650,0.00320418,1.260850e+01,3.510190e+00,4.886490e+06,1.238030e+00,2.944850e-04,4.964140e-01
1675,0.00320418,1.260610e+01,3.569860e+00,4.974970e+06,1.234480e+00,2.900330e-04,5.014340e-01
1700,0.00320418,1.260320e+01,3.641000e+00,5.065080e+06,1.230550e+00,2.857020e-04,5.064360e-01
1725,0.00320418,1.259970e+01,3.725050e+00,5.157120e+06,1.226240e+00,2.814830e-04,5.114190e-01
1750,0.00320418,1.259550e+01,3.823740e+00,5.251450e+06,1.221560e+00,2.773700e-04,5.163840e-01
1775,0.00320418,1.259050e+01,3.939010e+00,5.348450e+06,1.216550e+00,2.733540e-04,5.213310e-01
1800,0.00320418,1.258450e+01,4.073060e+00,5.448560e+06,1.211250e+00,2.694290e-04,5.262630e-01
1825,0.00320418,1.257730e+01,4.228350e+00,5.552280e+06,1.205700e+00,2.655870e-04,5.311780e-01
1850,0.00320418,1.256870e+01,4.407560e+00,5.660170e+06,1.199960e+00,2.618200e-04,5.360780e-01
1875,0.00320418,1.255860e+01,4.613660e+00,5.772880e+06,1.194120e+00,2.581210e-04,5.409630e-01
1900,0.00320418,1.254670e+01,4.849860e+00,5.891110e+06,1.188250e+00,2.544830e-04,5.458330e-01
1925,0.00320418,1.253270e+01,5.119700e+00,6.015650e+06,1.182450e+00,2.508970e-04,5.506890e-01
1950,0.00320418,1.251630e+01,5.426990e+00,6.147400e+06,1.176790e+00,2.473570e-04,5.555320e-01
1975,0.00320418,1.249730e+01,5.775890e+00,6.287350e+06,1.171370e+00,2.438540e-04,5.603600e-01
2000,0.00320418,1.247520e+01,6.170920e+00,6.436580e+06,1.166270e+00,2.403810e-04,5.651750e-01
2025,0.00320418,1.244970e+01,6.617020e+00,6.596320e+06,1.161550e+00,2.369280e-04,5.698330e-01
2050,0.00320418,1.242040e+01,7.119580e+00,6.767900e+06,1.157280e+00,2.334880e-04,5.744730e-01
2075,0.00320418,1.238690e+01,7.684530e+00,6.952820e+06,1.153530e+00,2.300520e-04,5.790940e-01
2100,0.00320418,1.234860e+01,8.318410e+00,7.152700e+06,1.150320e+00,2.266110e-04,5.836940e-01
2125,0.00320418,1.230520e+01,9.028520e+00,7.369370e+06,1.147710e+00,2.231570e-04,5.882710e-01
2150,0.00320418,1.225600e+01,9.823050e+00,7.604830e+06,1.145710e+00,2.196800e-04,5.928200e-01
2175,0.00320418,1.220050e+01,1.071130e+01,7.861310e+06,1.144370e+00,2.161720e-04,5.973370e-01
2200,0.00320418,1.213800e+01,1.170370e+01,8.141270e+06,1.143690e+00,2.126220e-04,6.018160e-01
2225,0.00320418,1.206810e+01,1.281250e+01,8.447460e+06,1.143700e+00,2.090210e-04,6.062490e-01
2250,0.00320418,1.198990e+01,1.405140e+01,8.782970e+06,1.144430e+00,2.053600e-04,6.106270e-01
2275,0.00320418,1.190290e+01,1.543630e+01,9.151250e+06,1.145900e+00,2.016290e-04,6.149370e-01
2300,0.00320418,1.180620e+01,1.698480e+01,9.556150e+06,1.148140e+00,1.978170e-04,6.191650e-01
2325,0.00320418,1.169910e+01,1.871620e+01,1.000200e+07,1.151180e+00,1.939160e-04,6.232960e-01
2350,0.00320418,1.158100e+01,2.065000e+01,1.049360e+07,1.155070e+00,1.899150e-04,6.273090e-01
2375,0.00320418,1.145090e+01,2.280460e+01,1.103640e+07,1.159840e+00,1.858050e-04,6.311860e-01
2400,0.00320418,1.130830e+01,2.519340e+01,1.163580e+07,1.165510e+00,1.815810e-04,6.349020e-01
2425,0.00320418,1.115270e+01,2.782050e+01,1.229800e+07,1.172070e+00,1.772350e-04,6.384380e-01
2450,0.00320418,1.098370e+01,3.067380e+01,1.302870e+07,1.179480e+00,1.727690e-04,6.417710e-01
2475,0.00320418,1.080150e+01,3.371930e+01,1.383330e+07,1.187630e+00,1.681870e-04,6.448850e-01
2500,0.00320418,1.060660e+01,3.689500e+01,1.471580e+07,1.196320e+00,1.635000e-04,6.477650e-01
2525,0.00320418,1.040010e+01,4.010930e+01,1.567840e+07,1.205280e+00,1.587300e-04,6.504030e-01
2550,0.00320418,1.018390e+01,4.324490e+01,1.672060e+07,1.214160e+00,1.539060e-04,6.527970e-01
2575,0.00320418,9.960390e+00,4.616850e+01,1.783890e+07,1.222570e+00,1.490670e-04,6.549460e-01
2600,0.00320418,9.732450e+00,4.874570e+01,1.902620e+07,1.230120e+00,1.442550e-04,6.568520e-01
2625,0.00320418,9.503290e+00,5.085760e+01,2.027230e+07,1.236490e+00,1.395170e-04,6.585180e-01
2650,0.00320418,9.276150e+00,5.241370e+01,2.156440e+07,1.241430e+00,1.348970e-04,6.599470e-01
2675,0.00320418,9.054070e+00,5.336110e+01,2.288790e+07,1.244820e+00,1.304370e-04,6.611410e-01
2700,0.00320418,8.839700e+00,5.368540e+01,2.422720e+07,1.246630e+00,1.261700e-04,6.621080e-01
2725,0.00320418,8.635210e+00,5.340790e+01,2.556710e+07,1.246940e+00,1.221200e-04,6.628600e-01
2750,0.00320418,8.442170e+00,5.257850e+01,2.689300e+07,1.245900e+00,1.183050e-04,6.634210e-01
2775,0.00320418,8.261660e+00,5.126810e+01,2.819200e+07,1.243690e+00,1.147330e-04,6.638210e-01
2800,0.00320418,8.094250e+00,4.956090e+01,2.945310e+07,1.240550e+00,1.114040e-04,6.641010e-01
2825,0.00320418,7.940070e+00,4.754790e+01,3.066750e+07,1.236710e+00,1.083150e-04,6.643070e-01
2850,0.00320418,7.798930e+00,4.532180e+01,3.182880e+07,1.232380e+00,1.054560e-04,6.644870e-01
2875,0.00320418,7.670360e+00,4.297260e+01,3.293260e+07,1.227790e+00,1.028160e-04,6.646910e-01
2900,0.00320418,7.553670e+00,4.058390e+01,3.397710e+07,1.223100e+00,1.003790e-04,6.649610e-01
2925,0.00320418,7.448050e+00,3.823040e+01,3.496210e+07,1.218470e+00,9.812920e-05,6.653360e-01
2950,0.00320418,7.352570e+00,3.597580e+01,3.588940e+07,1.214010e+00,9.605040e-05,6.658450e-01
2975,0.00320418,7.266270e+00,3.387190e+01,3.676210e+07,1.209810e+00,9.412530e-05,6.665090e-01
3000,0.00320418,7.188170e+00,3.195810e+01,3.758460e+07,1.205900e+00,9.233770e-05,6.673400e-01
3025,0.00320418,7.117280e+00,3.026200e+01,3.836190e+07,1.202300e+00,9.067150e-05,6.683450e-01
3050,0.00320418,7.052680e+00,2.880020e+01,3.909960e+07,1.198980e+00,8.911200e-05,6.695230e-01
3075,0.00320418,6.993470e+00,2.757960e+01,3.980390e+07,1.195930e+00,8.764550e-05,6.708690e-01
3100,0.00320418,6.938820e+00,2.659890e+01,4.048060e+07,1.193110e+00,8.625930e-05,6.723740e-01
3125,0.00320418,6.887980e+00,2.584980e+01,4.113580e+07,1.190490e+00,8.494220e-05,6.740280e-01
3150,0.00320418,6.840250e+00,2.531810e+01,4.177490e+07,1.188060e+00,8.368420e-05,6.758180e-01
3175,0.00320418,6.795040e+00,2.498490e+01,4.240330e+07,1.185820e+00,8.247650e-05,6.777340e-01
3200,0.00320418,6.751810e+00,2.482680e+01,4.302560e+07,1.183800e+00,8.131160e-05,6.797630e-01
3225,0.00320418,6.710120e+00,2.481670e+01,4.364590e+07,1.182020e+00,8.018300e-05,6.818960e-01
3250,0.00320418,6.669580e+00,2.492370e+01,4.426740e+07,1.180500e+00,7.908560e-05,6.841250e-01
3275,0.00320418,6.629920e+00,2.511360e+01,4.489280e+07,1.179270e+00,7.801520e-05,6.864410e-01
3300,0.00320418,6.590930e+00,2.534860e+01,4.552350e+07,1.178340e+00,7.696880e-05,6.888420e-01
3325,0.00320418,6.552460e+00,2.558800e+01,4.616020e+07,1.177730e+00,7.594430e-05,6.913240e-01
3350,0.00320418,6.514490e+00,2.578860e+01,4.680260e+07,1.177430e+00,7.494070e-05,6.938860e-01
3375,0.00320418,6.477030e+00,2.590640e+01,4.744900e+07,1.177430e+00,7.395780e-05,6.965300e-01
3400,0.00320418,6.440190e+00,2.589760e+01,4.809680e+07,1.177710e+00,7.299640e-05,6.992580e-01
3425,0.00320418,6.404130e+00,2.572200e+01,4.874250e+07,1.178270e+00,7.205790e-05,7.020730e-01
3450,0.00320418,6.369080e+00,2.534620e+01,4.938130e+07,1.179090e+00,7.114420e-05,7.049810e-01
3475,0.00320418,6.335300e+00,2.474730e+01,5.000790e+07,1.180220e+00,7.025780e-05,7.079840e-01
3500,0.00320418,6.303080e+00,2.391660e+01,5.061670e+07,1.181700e+00,6.940110e-05,7.110860e-01
3525,0.00320418,6.272680e+00,2.286240e+01,5.120190e+07,1.183630e+00,6.857660e-05,7.142870e-01
3550,0.00320418,6.244350e+00,2.161090e+01,5.175820e+07,1.186140e+00,6.778620e-05,7.175860e-01
3575,0.00320418,6.218300e+00,2.020430e+01,5.228110e+07,1.189400e+00,6.703130e-05,7.209800e-01
3600,0.00320418,6.194630e+00,1.869680e+01,5.276750e+07,1.193620e+00,6.631240e-05,7.244620e-01
3625,0.00320418,6.173410e+00,1.714770e+01,5.321560e+07,1.199010e+00,6.562950e-05,7.280250e-01
3650,0.00320418,6.154590e+00,1.561440e+01,5.362510e+07,1.205750e+00,6.498120e-05,7.316570e-01
3675,0.00320418,6.138070e+00,1.414630e+01,5.399690e+07,1.214030e+00,6.436600e-05,7.353480e-01
3700,0.00320418,6.123700e+00,1.278100e+01,5.433320e+07,1.223930e+00,6.378150e-05,7.390860e-01
3725,0.00320418,6.111290e+00,1.154230e+01,5.463700e+07,1.235480e+00,6.322500e-05,7.428620e-01
3750,0.00320418,6.100620e+00,1.044150e+01,5.491150e+07,1.248610e+00,6.269380e-05,7.466650e-01
3775,0.00320418,6.091480e+00,9.479400e+00,5.516020e+07,1.263160e+00,6.218540e-05,7.504890e-01
3800,0.00320418,6.083670e+00,8.649620e+00,5.538660e+07,1.278880e+00,6.169700e-05,7.543250e-01
3825,0.00320418,6.077000e+00,7.941050e+00,5.559370e+07,1.295490e+00,6.122650e-05,7.581690e-01
3850,0.00320418,6.071290e+00,7.340350e+00,5.578450e+07,1.312620e+00,6.077180e-05,7.620180e-01
3875,0.00320418,6.066400e+00,6.833680e+00,5.596150e+07,1.329930e+00,6.033110e-05,7.658670e-01
3900,0.00320418,6.062200e+00,6.407720e+00,5.612690e+07,1.347070e+00,5.990290e-05,7.697160e-01
3925,0.00320418,6.058590e+00,6.050360e+00,5.628250e+07,1.363740e+00,5.948580e-05,7.735620e-01
3950,0.00320418,6.055460e+00,5.750950e+00,5.642990e+07,1.379650e+00,5.907890e-05,7.774060e-01
3975,0.00320418,6.052750e+00,5.500370e+00,5.657040e+07,1.394590e+00,5.868100e-05,7.812460e-01
4000,0.00320418,6.050390e+00,5.290940e+00,5.670520e+07,1.408400e+00,5.829150e-05,7.850830e-01
200,0.00569792,2.575290e+01,1.321060e+00,-5.940200e+06,1.323440e+00,8.824250e-03,8.941740e-02
225,0.00569792,2.575290e+01,1.352440e+00,-5.906790e+06,1.313580e+00,7.843780e-03,9.938210e-02
250,0.00569792,2.575290e+01,1.388770e+00,-5.872540e+06,1.302890e+00,7.059400e-03,1.092570e-01
275,0.00569792,2.575290e+01,1.430970e+00,-5.837300e+06,1.291360e+00,6.417640e-03,1.190290e-01
300,0.00569792,2.575290e+01,1.478850e+00,-5.800940e+06,1.279320e+00,5.882830e-03,1.286830e-01
325,0.00569792,2.575260e+01,1.533300e+00,-5.763310e+06,1.266890e+00,5.430260e-03,1.385840e-01
350,0.00569792,2.575150e+01,1.600830e+00,-5.724170e+06,1.253420e+00,5.042150e-03,1.484140e-01
375,0.00569792,2.574660e+01,1.703810e+00,-5.682980e+06,1.236780e+00,4.705120e-03,1.581730e-01
400,0.00569792,2.572970e+01,1.900760e+00,-5.638220e+06,1.213510e+00,4.408160e-03,1.678740e-01
425,0.00569792,2.568010e+01,2.317930e+00,-5.586140e+06,1.182440e+00,4.140850e-03,1.775680e-01
450,0.00569792,2.555300e+01,3.182150e+00,-5.518630e+06,1.150440e+00,3.891450e-03,1.873670e-01
475,0.00569792,2.526890e+01,4.808580e+00,-5.420660e+06,1.129070e+00,3.645650e-03,1.974660e-01
500,0.00569792,2.472150e+01,7.410360e+00,-5.269890e+06,1.124060e+00,3.388340e-03,2.081130e-01
525,0.00569792,2.384340e+01,1.051230e+01,-5.045530e+06,1.132040e+00,3.112370e-03,2.190470e-01
550,0.00569792,2.273960e+01,1.225950e+01,-4.755400e+06,1.142000e+00,2.833370e-03,2.302010e-01
575,0.00569792,2.172630e+01,1.064760e+01,-4.461500e+06,1.143360e+00,2.589400e-03,2.407050e-01
600,0.00569792,2.109690e+01,6.932570e+00,-4.243640e+06,1.141240e+00,2.409620e-03,2.498460e-01
625,0.00569792,2.066400e+01,8.289830e+00,-4.063220e+06,1.140460e+00,2.265780e-03,2.576980e-01
650,0.00569792,2.008310e+01,1.011820e+01,-3.827520e+06,1.146730e+00,2.117380e-03,2.654130e-01
675,0.00569792,1.953860e+01,8.040300e+00,-3.591940e+06,1.149480e+00,1.983680e-03,2.731850e-01
700,0.00569792,1.925780e+01,4.618510e+00,-3.437430e+06,1.164210e+00,1.885340e-03,2.806960e-01
725,0.00569792,1.912780e+01,4.617210e+00,-3.330330e+06,1.160480e+00,1.808040e-03,2.877810e-01
750,0.00569792,1.893670e+01,6.251520e+00,-3.193800e+06,1.149630e+00,1.730310e-03,2.944430e-01
775,0.00569792,1.866770e+01,7.526490e+00,-3.021060e+06,1.149270e+00,1.650710e-03,3.007860e-01
800,0.00569792,1.834240e+01,8.635640e+00,-2.818780e+06,1.152240e+00,1.571260e-03,3.068720e-01
825,0.00569792,1.797460e+01,9.616290e+00,-2.590330e+06,1.156800e+00,1.493090e-03,3.127280e-01
850,0.00569792,1.757810e+01,1.041530e+01,-2.339480e+06,1.162000e+00,1.417210e-03,3.183830e-01
875,0.00569792,1.716860e+01,1.096030e+01,-2.071680e+06,1.167100e+00,1.344650e-03,3.238730e-01
900,0.00569792,1.676260e+01,1.119370e+01,-1.794070e+06,1.171530e+00,1.276390e-03,3.292440e-01
925,0.00569792,1.637560e+01,1.109640e+01,-1.514770e+06,1.174950e+00,1.213220e-03,3.345470e-01
950,0.00569792,1.602000e+01,1.070000e+01,-1.241760e+06,1.177300e+00,1.155640e-03,3.398330e-01
975,0.00569792,1.570380e+01,1.008190e+01,-9.816230e+05,1.178740e+00,1.103780e-03,3.451460e-01
1000,0.00569792,1.543030e+01,9.348200e+00,-7.386250e+05,1.179480e+00,1.057440e-03,3.505190e-01
1025,0.00569792,1.519840e+01,8.611190e+00,-5.142400e+05,1.179590e+00,1.016140e-03,3.557540e-01
1050,0.00569792,1.500380e+01,7.975460e+00,-3.072170e+05,1.178780e+00,9.792490e-04,3.610690e-01
1075,0.00569792,1.484000e+01,7.531310e+00,-1.138680e+05,1.176350e+00,9.460380e-04,3.664710e-01
1100,0.00569792,1.469940e+01,7.360180e+00,7.162290e+04,1.171450e+00,9.157730e-04,3.719630e-01
1125,0.00569792,1.457300e+01,7.544800e+00,2.571020e+05,1.163700e+00,8.877280e-04,3.775560e-01
1150,0.00569792,1.445160e+01,8.179600e+00,4.526090e+05,1.153800e+00,8.611900e-04,3.832670e-01
1175,0.00569792,1.432450e+01,9.375460e+00,6.707550e+05,1.143630e+00,8.354560e-04,3.891200e-01
1200,0.00569792,1.418040e+01,1.124780e+01,9.270310e+05,1.135500e+00,8.098240e-04,3.951500e-01
1225,0.00569792,1.400770e+01,1.385910e+01,1.239360e+06,1.131150e+00,7.836360e-04,4.013890e-01
1250,0.00569792,1.379680e+01,1.705210e+01,1.624990e+06,1.131100e+00,7.563980e-04,4.078490e-01
1275,0.00569792,1.354620e+01,2.008430e+01,2.090920e+06,1.134170e+00,7.280980e-04,4.144890e-01
1300,0.00569792,1.327350e+01,2.124120e+01,2.613730e+06,1.137120e+00,6.997220e-04,4.211640e-01
1325,0.00569792,1.302170e+01,1.867290e+01,3.121070e+06,1.137190e+00,6.734960e-04,4.276400e-01
1350,0.00569792,1.283760e+01,1.328000e+01,3.522890e+06,1.139260e+00,6.516740e-04,4.337260e-01
1375,0.00569792,1.273100e+01,8.448200e+00,3.790550e+06,1.154310e+00,6.345130e-04,4.394280e-01
1400,0.00569792,1.267750e+01,5.674590e+00,3.963060e+06,1.182900e+00,6.205670e-04,4.448810e-01
1425,0.00569792,1.265140e+01,4.381870e+00,4.086600e+06,1.211930e+00,6.084250e-04,4.502040e-01
1450,0.00569792,1.263800e+01,3.815630e+00,4.188100e+06,1.231490e+00,5.972970e-04,4.554580e-01
1475,0.00569792,1.263030e+01,3.566290e+00,4.279960e+06,1.241780e+00,5.868170e-04,4.606690e-01
1500,0.00569792,1.262540e+01,3.454660e+00,4.367540e+06,1.246370e+00,5.768150e-04,4.658480e-01
1525,0.00569792,1.262200e+01,3.406300e+00,4.453210e+06,1.247950e+00,5.672070e-04,4.710000e-01
1550,0.00569792,1.261950e+01,3.390030e+00,4.538110e+06,1.247930e+00,5.579450e-04,4.761270e-01
1575,0.00569792,1.261730e+01,3.392400e+00,4.622860e+06,1.246970e+00,5.489960e-04,4.812310e-01
1600,0.00569792,1.261540e+01,3.407440e+00,4.707840e+06,1.245390e+00,5.403350e-04,4.863130e-01
1625,0.00569792,1.261350e+01,3.432590e+00,4.793320e+06,1.243330e+00,5.319430e-04,4.913740e-01
1650,0.00569792,1.261160e+01,3.466880e+00,4.879540e+06,1.240880e+00,5.238020e-04,4.964140e-01
1675,0.00569792,1.260950e+01,3.510220e+00,4.966740e+06,1.238040e+00,5.158980e-04,5.014340e-01
1700,0.00569792,1.260700e+01,3.563070e+00,5.055130e+06,1.234850e+00,5.082140e-04,5.064360e-01
1725,0.00569792,1.260430e+01,3.626240e+00,5.144980e+06,1.231300e+00,5.007380e-04,5.114180e-01
1750,0.00569792,1.260100e+01,3.700840e+00,5.236540e+06,1.227410e+00,4.934560e-04,5.163830e-01
1775,0.00569792,1.259710e+01,3.788190e+00,5.330130e+06,1.223190e+00,4.863560e-04,5.213310e-01
1800,0.00569792,1.259250e+01,3.889860e+00,5.426070e+06,1.218660e+00,4.794260e-04,5.262620e-01
1825,0.00569792,1.258700e+01,4.007600e+00,5.524750e+06,1.213840e+00,4.726540e-04,5.311760e-01
1850,0.00569792,1.258060e+01,4.143380e+00,5.626600e+06,1.208780e+00,4.660270e-04,5.360760e-01
1875,0.00569792,1.257290e+01,4.299380e+00,5.732090e+06,1.203530e+00,4.595340e-04,5.409600e-01
1900,0.00569792,1.256390e+01,4.477960e+00,5.841760e+06,1.198150e+00,4.531630e-04,5.458300e-01
1925,0.00569792,1.255340e+01,4.681720e+00,5.956200e+06,1.192700e+00,4.469010e-04,5.506860e-01
1950,0.00569792,1.254100e+01,4.913480e+00,6.076080e+06,1.187260e+00,4.407380e-04,5.555290e-01
1975,0.00569792,1.252670e+01,5.176270e+00,6.202130e+06,1.181900e+00,4.346610e-04,5.603580e-01
2000,0.00569792,1.251000e+01,5.473420e+00,6.335180e+06,1.176700e+00,4.286570e-04,5.651740e-01
2025,0.00569792,1.249080e+01,5.808480e+00,6.476120e+06,1.171730e+00,4.227140e-04,5.698350e-01
2050,0.00569792,1.246870e+01,6.185340e+00,6.625950e+06,1.167050e+00,4.168200e-04,5.744800e-01
2075,0.00569792,1.244340e+01,6.608220e+00,6.785770e+06,1.162730e+00,4.109620e-04,5.791080e-01
2100,0.00569792,1.241440e+01,7.081690e+00,6.956780e+06,1.158820e+00,4.051260e-04,5.837190e-01
2125,0.00569792,1.238160e+01,7.610800e+00,7.140320e+06,1.155370e+00,3.992990e-04,5.883120e-01
2150,0.00569792,1.234430e+01,8.201090e+00,7.337830e+06,1.152430e+00,3.934690e-04,5.928850e-01
2175,0.00569792,1.230220e+01,8.858700e+00,7.550930e+06,1.150010e+00,3.876200e-04,5.974340e-01
2200,0.00569792,1.225490e+01,9.590510e+00,7.781380e+06,1.148160e+00,3.817400e-04,6.019580e-01
2225,0.00569792,1.220170e+01,1.040420e+01,8.031140e+06,1.146890e+00,3.758140e-04,6.064520e-01
2250,0.00569792,1.214230e+01,1.130870e+01,8.302350e+06,1.146230e+00,3.698280e-04,6.109100e-01
2275,0.00569792,1.207600e+01,1.231370e+01,8.597410e+06,1.146200e+00,3.637670e-04,6.153250e-01
2300,0.00569792,1.200230e+01,1.343060e+01,8.918970e+06,1.146820e+00,3.576170e-04,6.196890e-01
2325,0.00569792,1.192060e+01,1.467210e+01,9.269980e+06,1.148120e+00,3.513630e-04,6.239920e-01
2350,0.00569792,1.183020e+01,1.605230e+01,9.653730e+06,1.150110e+00,3.449910e-04,6.282220e-01
2375,0.00569792,1.173060e+01,1.758630e+01,1.007390e+07,1.152830e+00,3.384840e-04,6.323630e-01
2400,0.00569792,1.162100e+01,1.928990e+01,1.053450e+07,1.156320e+00,3.318300e-04,6.364020e-01
2425,0.00569792,1.150090e+01,2.117770e+01,1.103990e+07,1.160600e+00,3.250150e-04,6.403190e-01
2450,0.00569792,1.136970e+01,2.326110e+01,1.159500e+07,1.165700e+00,3.180270e-04,6.440970e-01
2475,0.00569792,1.122680e+01,2.554540e+01,1.220460e+07,1.171610e+00,3.108590e-04,6.477160e-01
2500,0.00569792,1.107200e+01,2.802520e+01,1.287390e+07,1.178310e+00,3.035060e-04,6.511590e-01
2525,0.00569792,1.090520e+01,3.067990e+01,1.360740e+07,1.185740e+00,2.959750e-04,6.544090e-01
2550,0.00569792,1.072670e+01,3.346970e+01,1.440900e+07,1.193750e+00,2.882760e-04,6.574530e-01
2575,0.00569792,1.053730e+01,3.633280e+01,1.528150e+07,1.202150e+00,2.804350e-04,6.602820e-01
2600,0.00569792,1.033810e+01,3.918660e+01,1.622560e+07,1.210680e+00,2.724890e-04,6.628910e-01
2625,0.00569792,1.013090e+01,4.193210e+01,1.723990e+07,1.219020e+00,2.644860e-04,6.652790e-01
2650,0.00569792,9.918030e+00,4.446320e+01,1.832040e+07,1.226860e+00,2.564850e-04,6.674460e-01
2675,0.00569792,9.701890e+00,4.667730e+01,1.946040e+07,1.233870e+00,2.485500e-04,6.693940e-01
2700,0.00569792,9.485220e+00,4.848660e+01,2.065090e+07,1.239790e+00,2.407500e-04,6.711230e-01
2725,0.00569792,9.270740e+00,4.982650e+01,2.188080e+07,1.244440e+00,2.331470e-04,6.726350e-01
2750,0.00569792,9.060950e+00,5.066030e+01,2.313800e+07,1.247730e+00,2.257990e-04,6.739300e-01
2775,0.00569792,8.858030e+00,5.097950e+01,2.440950e+07,1.249630e+00,2.187540e-04,6.750140e-01
2800,0.00569792,8.663780e+00,5.080140e+01,2.568280e+07,1.250200e+00,2.120470e-04,6.758970e-01
2825,0.00569792,8.479550e+00,5.016400e+01,2.694580e+07,1.249570e+00,2.057010e-04,6.765950e-01
2850,0.00569792,8.306270e+00,4.912080e+01,2.818760e+07,1.247870e+00,1.997300e-04,6.771340e-01
2875,0.00569792,8.144480e+00,4.773590e+01,2.939900e+07,1.245300e+00,1.941370e-04,6.775480e-01
2900,0.00569792,7.994360e+00,4.607900e+01,3.057210e+07,1.242040e+00,1.889160e-04,6.778740e-01
2925,0.00569792,7.855840e+00,4.422240e+01,3.170130e+07,1.238270e+00,1.840550e-04,6.781550e-01
2950,0.00569792,7.728580e+00,4.223710e+01,3.278220e+07,1.234160e+00,1.795390e-04,6.784320e-01
2975,0.00569792,7.612080e+00,4.019090e+01,3.381260e+07,1.229880e+00,1.753470e-04,6.787450e-01
3000,0.00569792,7.505710e+00,3.814570e+01,3.479170e+07,1.225560e+00,1.714560e-04,6.791310e-01
3025,0.00569792,7.408730e+00,3.615620e+01,3.572040e+07,1.221320e+00,1.678420e-04,6.796180e-01
3050,0.00569792,7.320350e+00,3.426850e+01,3.660040e+07,1.217230e+00,1.644800e-04,6.802300e-01
3075,0.00569792,7.239760e+00,3.251970e+01,3.743490e+07,1.213340e+00,1.613470e-04,6.809830e-01
3100,0.00569792,7.166120e+00,3.093750e+01,3.822780e+07,1.209700e+00,1.584180e-04,6.818870e-01
3125,0.00569792,7.098640e+00,2.954080e+01,3.898340e+07,1.206300e+00,1.556710e-04,6.829470e-01
3150,0.00569792,7.036530e+00,2.834050e+01,3.970650e+07,1.203150e+00,1.530840e-04,6.841620e-01
3175,0.00569792,6.979060e+00,2.733980e+01,4.040200e+07,1.200220e+00,1.506380e-04,6.855280e-01
3200,0.00569792,6.925540e+00,2.653550e+01,4.107510e+07,1.197510e+00,1.483150e-04,6.870390e-01
3225,0.00569792,6.875360e+00,2.591920e+01,4.173040e+07,1.195010e+00,1.460990e-04,6.886870e-01
3250,0.00569792,6.827950e+00,2.547710e+01,4.237250e+07,1.192710e+00,1.439760e-04,6.904640e-01
3275,0.00569792,6.782800e+00,2.519160e+01,4.300560e+07,1.190630e+00,1.419320e-04,6.923590e-01
3300,0.00569792,6.739500e+00,2.504120e+01,4.363320e+07,1.188790e+00,1.399570e-04,6.943660e-01
3325,0.00569792,6.697680e+00,2.500110e+01,4.425850e+07,1.187190e+00,1.380430e-04,6.964770e-01
3350,0.00569792,6.657040e+00,2.504330e+01,4.488390e+07,1.185860e+00,1.361820e-04,6.986850e-01
3375,0.00569792,6.617370e+00,2.513700e+01,4.551110e+07,1.184810e+00,1.343670e-04,7.009870e-01
3400,0.00569792,6.578500e+00,2.524870e+01,4.614090e+07,1.184060e+00,1.325960e-04,7.033790e-01
3425,0.00569792,6.540350e+00,2.534340e+01,4.677340e+07,1.183590e+00,1.308650e-04,7.058600e-01
3450,0.00569792,6.502910e+00,2.538470e+01,4.740770e+07,1.183400e+00,1.291730e-04,7.084300e-01
3475,0.00569792,6.466210e+00,2.533660e+01,4.804190e+07,1.183490e+00,1.275200e-04,7.110910e-01
3500,0.00569792,6.430370e+00,2.516530e+01,4.867350e+07,1.183840e+00,1.259070e-04,7.138430e-01
3525,0.00569792,6.395520e+00,2.484140e+01,4.929890e+07,1.184460e+00,1.243370e-04,7.166910e-01
3550,0.00569792,6.361860e+00,2.434250e+01,4.991410e+07,1.185350e+00,1.228110e-04,7.196350e-01
3575,0.00569792,6.329610e+00,2.365600e+01,5.051450e+07,1.186560e+00,1.213340e-04,7.226790e-01
3600,0.00569792,6.298980e+00,2.278140e+01,5.109530e+07,1.188140e+00,1.199080e-04,7.258230e-01
3625,0.00569792,6.270180e+00,2.173150e+01,5.165210e+07,1.190190e+00,1.185370e-04,7.290650e-01
3650,0.00569792,6.243400e+00,2.053230e+01,5.218060e+07,1.192840e+00,1.172220e-04,7.324030e-01
3675,0.00569792,6.218760e+00,1.922050e+01,5.267770e+07,1.196230e+00,1.159650e-04,7.358320e-01
3700,0.00569792,6.196330e+00,1.784030e+01,5.314110e+07,1.200520e+00,1.147660e-04,7.393430e-01
3725,0.00569792,6.176140e+00,1.643860e+01,5.356960e+07,1.205900e+00,1.136250e-04,7.429300e-01
3750,0.00569792,6.158140e+00,1.505940e+01,5.396320e+07,1.212510e+00,1.125380e-04,7.465800e-01
3775,0.00569792,6.142230e+00,1.374050e+01,5.432310e+07,1.220470e+00,1.115040e-04,7.502850e-01
3800,0.00569792,6.128260e+00,1.251020e+01,5.465100e+07,1.229840e+00,1.105190e-04,7.540340e-01
3825,0.00569792,6.116080e+00,1.138730e+01,5.494950e+07,1.240650e+00,1.095780e-04,7.578180e-01
3850,0.00569792,6.105500e+00,1.038060e+01,5.522130e+07,1.252800e+00,1.086780e-04,7.616280e-01
3875,0.00569792,6.096330e+00,9.491700e+00,5.546950e+07,1.266180e+00,1.078150e-04,7.654560e-01
3900,0.00569792,6.088410e+00,8.716050e+00,5.569680e+07,1.280590e+00,1.069850e-04,7.692980e-01
3925,0.00569792,6.081570e+00,8.045520e+00,5.590620e+07,1.295760e+00,1.061840e-04,7.731470e-01
3950,0.00569792,6.075650e+00,7.469930e+00,5.609990e+07,1.311430e+00,1.054090e-04,7.770010e-01
3975,0.00569792,6.070530e+00,6.978380e+00,5.628030e+07,1.327310e+00,1.046580e-04,7.808570e-01
4000,0.00569792,6.066090e+00,6.560120e+00,5.644940e+07,1.343090e+00,1.039280e-04,7.847120e-01
200,0.0101325,2.575290e+01,1.321060e+00,-5.940200e+06,1.323440e+00,1.569200e-02,8.941740e-02
225,0.0101325,2.575290e+01,1.352440e+00,-5.906790e+06,1.313580e+00,1.394840e-02,9.938210e-02
250,0.0101325,2.575290e+01,1.388770e+00,-5.872540e+06,1.302890e+00,1.255360e-02,1.092570e-01
275,0.0101325,2.575290e+01,1.430960e+00,-5.837300e+06,1.291360e+00,1.141240e-02,1.190290e-01
300,0.0101325,2.575290e+01,1.478700e+00,-5.800940e+06,1.279340e+00,1.046130e-02,1.286830e-01
325,0.0101325,2.575270e+01,1.532390e+00,-5.763320e+06,1.267040e+00,9.656540e-03,1.385840e-01
350,0.0101325,2.575190e+01,1.596450e+00,-5.724240e+06,1.254070e+00,8.966490e-03,1.484130e-01
375,0.0101325,2.574830e+01,1.686910e+00,-5.683280e+06,1.238890e+00,8.367570e-03,1.581680e-01
400,0.0101325,2.573610e+01,1.846160e+00,-5.639340e+06,1.218660e+00,7.840870e-03,1.678580e-01
425,0.0101325,2.569990e+01,2.166550e+00,-5.589660e+06,1.191390e+00,7.369260e-03,1.775180e-01
450,0.0101325,2.560680e+01,2.817550e+00,-5.528280e+06,1.160710e+00,6.934640e-03,1.872290e-01
475,0.0101325,2.539600e+01,4.051310e+00,-5.443930e+06,1.136290e+00,6.515580e-03,1.971420e-01
500,0.0101325,2.497810e+01,6.112150e+00,-5.318740e+06,1.125740e+00,6.087950e-03,2.074690e-01
525,0.0101325,2.426880e+01,8.900270e+00,-5.131980e+06,1.129240e+00,5.633420e-03,2.180120e-01
550,0.0101325,2.328270e+01,1.135920e+01,-4.876120e+06,1.139710e+00,5.158850e-03,2.289570e-01
575,0.0101325,2.222400e+01,1.155360e+01,-4.583270e+06,1.145960e+00,4.710180e-03,2.396830e-01
600,0.0101325,2.139650e+01,8.791060e+00,-4.323940e+06,1.144090e+00,4.345840e-03,2.494360e-01
625,0.0101325,2.092420e+01,6.819270e+00,-4.140180e+06,1.142270e+00,4.079900e-03,2.576770e-01
650,0.0101325,2.045470e+01,9.007100e+00,-3.943890e+06,1.144710e+00,3.834960e-03,2.652930e-01
675,0.0101325,1.987850e+01,9.563450e+00,-3.704520e+06,1.150250e+00,3.588900e-03,2.729120e-01
700,0.0101325,1.942850e+01,6.716490e+00,-3.496240e+06,1.153600e+00,3.382380e-03,2.805110e-01
725,0.0101325,1.922120e+01,4.258860e+00,-3.364920e+06,1.168190e+00,3.230900e-03,2.877970e-01
750,0.0101325,1.908670e+01,5.048520e+00,-3.253570e+06,1.156800e+00,3.101360e-03,2.946760e-01
775,0.0101325,1.888120e+01,6.430310e+00,-3.109300e+06,1.150850e+00,2.969000e-03,3.011810e-01
800,0.0101325,1.861190e+01,7.537420e+00,-2.934360e+06,1.151600e+00,2.835200e-03,3.074110e-01
825,0.0101325,1.829490e+01,8.519480e+00,-2.733430e+06,1.154880e+00,2.702460e-03,3.134100e-01
850,0.0101325,1.794170e+01,9.384750e+00,-2.509340e+06,1.159430e+00,2.572330e-03,3.192040e-01
875,0.0101325,1.756430e+01,1.008620e+01,-2.265560e+06,1.164500e+00,2.446270e-03,3.248180e-01
900,0.0101325,1.717620e+01,1.056660e+01,-2.006880e+06,1.169450e+00,2.325770e-03,3.302880e-01
925,0.0101325,1.679150e+01,1.078190e+01,-1.739440e+06,1.173780e+00,2.212230e-03,3.356510e-01
950,0.0101325,1.642340e+01,1.071850e+01,-1.470120e+06,1.177200e+00,2.106790e-03,3.409530e-01
975,0.0101325,1.608250e+01,1.040180e+01,-1.205640e+06,1.179620e+00,2.010160e-03,3.462370e-01
1000,0.0101325,1.577580e+01,9.893100e+00,-9.516360e+05,1.181100e+00,1.922530e-03,3.515420e-01
1025,0.0101325,1.550660e+01,9.278020e+00,-7.118750e+05,1.181780e+00,1.843640e-03,3.566790e-01
1050,0.0101325,1.527460e+01,8.652600e+00,-4.878200e+05,1.181650e+00,1.772810e-03,3.618760e-01
1075,0.0101325,1.507640e+01,8.109760e+00,-2.785540e+05,1.180440e+00,1.709120e-03,3.671450e-01
1100,0.0101325,1.490670e+01,7.734820e+00,-8.093120e+04,1.177620e+00,1.651470e-03,3.724960e-01
1125,0.0101325,1.475850e+01,7.607670e+00,1.102510e+05,1.172550e+00,1.598720e-03,3.779350e-01
1150,0.0101325,1.462410e+01,7.809280e+00,3.021890e+05,1.165040e+00,1.549720e-03,3.834740e-01
1175,0.0101325,1.449450e+01,8.428800e+00,5.041940e+05,1.155760e+00,1.503310e-03,3.891280e-01
1200,0.0101325,1.436020e+01,9.565830e+00,7.279410e+05,1.146370e+00,1.458350e-03,3.949220e-01
1225,0.0101325,1.421070e+01,1.131770e+01,9.876220e+05,1.138860e+00,1.413720e-03,4.008840e-01
1250,0.0101325,1.403540e+01,1.372790e+01,1.299360e+06,1.134770e+00,1.368350e-03,4.070420e-01
1275,0.0101325,1.382580e+01,1.664400e+01,1.678360e+06,1.134600e+00,1.321480e-03,4.134040e-01
1300,0.0101325,1.358060e+01,1.942380e+01,2.130670e+06,1.137350e+00,1.273080e-03,4.199300e-01
1325,0.0101325,1.331480e+01,2.062950e+01,2.636580e+06,1.140210e+00,1.224620e-03,4.264960e-01
1350,0.0101325,1.306520e+01,1.862770e+01,3.134790e+06,1.140540e+00,1.179410e-03,4.328990e-01
1375,0.0101325,1.287460e+01,1.385750e+01,3.544000e+06,1.141630e+00,1.141070e-03,4.389600e-01
1400,0.0101325,1.275730e+01,9.137780e+00,3.828570e+06,1.152990e+00,1.110490e-03,4.446600e-01
1425,0.0101325,1.269490e+01,6.170780e+00,4.016130e+06,1.177310e+00,1.085670e-03,4.501090e-01
1450,0.0101325,1.266290e+01,4.685520e+00,4.149520e+06,1.204780e+00,1.064260e-03,4.554180e-01
1475,0.0101325,1.264590e+01,3.998370e+00,4.256960e+06,1.225310e+00,1.044810e-03,4.606520e-01
1500,0.0101325,1.263600e+01,3.681190e+00,4.352460e+06,1.237180e+00,1.026590e-03,4.658410e-01
1525,0.0101325,1.262970e+01,3.531460e+00,4.442390e+06,1.243050e+00,1.009260e-03,4.709970e-01
1550,0.0101325,1.262530e+01,3.460570e+00,4.529680e+06,1.245500e+00,9.926400e-04,4.761260e-01
1575,0.0101325,1.262200e+01,3.429880e+00,4.615750e+06,1.246090e+00,9.766300e-04,4.812310e-01
1600,0.0101325,1.261940e+01,3.422120e+00,4.701360e+06,1.245580e+00,9.611700e-04,4.863130e-01
1625,0.0101325,1.261710e+01,3.429290e+00,4.786970e+06,1.244370e+00,9.462110e-04,4.913740e-01
1650,0.0101325,1.261500e+01,3.447670e+00,4.872920e+06,1.242650e+00,9.317180e-04,4.964140e-01
1675,0.0101325,1.261290e+01,3.475580e+00,4.959440e+06,1.240520e+00,9.176590e-04,5.014340e-01
1700,0.0101325,1.261070e+01,3.512420e+00,5.046770e+06,1.238020e+00,9.040070e-04,5.064350e-01
1725,0.0101325,1.260830e+01,3.558230e+00,5.135130e+06,1.235180e+00,8.907360e-04,5.114180e-01
1750,0.0101325,1.260560e+01,3.613480e+00,5.224760e+06,1.232010e+00,8.778230e-04,5.163830e-01
1775,0.0101325,1.260250e+01,3.678930e+00,5.315890e+06,1.228520e+00,8.652460e-04,5.213300e-01
1800,0.0101325,1.259890e+01,3.755560e+00,5.408800e+06,1.224730e+00,8.529850e-04,5.262600e-01
1825,0.0101325,1.259470e+01,3.844570e+00,5.503770e+06,1.220650e+00,8.410180e-04,5.311750e-01
1850,0.0101325,1.258970e+01,3.947350e+00,5.601140e+06,1.216300e+00,8.293260e-04,5.360740e-01
1875,0.0101325,1.258390e+01,4.065440e+00,5.701270e+06,1.211720e+00,8.178900e-04,5.409580e-01
1900,0.0101325,1.257700e+01,4.200580e+00,5.804560e+06,1.206950e+00,8.066900e-04,5.458280e-01
1925,0.0101325,1.256900e+01,4.354660e+00,5.911460e+06,1.202030e+00,7.957080e-04,5.506830e-01
1950,0.0101325,1.255970e+01,4.529740e+00,6.022460e+06,1.197010e+00,7.849240e-04,5.555250e-01
1975,0.0101325,1.254890e+01,4.728050e+00,6.138140e+06,1.191950e+00,7.743190e-04,5.603540e-01
2000,0.0101325,1.253630e+01,4.952020e+00,6.259080e+06,1.186920e+00,7.638750e-04,5.651700e-01
2025,0.0101325,1.252180e+01,5.204250e+00,6.385970e+06,1.181980e+00,7.535720e-04,5.698320e-01
2050,0.0101325,1.250520e+01,5.487570e+00,6.519550e+06,1.177200e+00,7.433910e-04,5.744780e-01
2075,0.0101325,1.248600e+01,5.805010e+00,6.660640e+06,1.172620e+00,7.333120e-04,5.791090e-01
2100,0.0101325,1.246420e+01,6.159840e+00,6.810110e+06,1.168320e+00,7.233150e-04,5.837250e-01
2125,0.0101325,1.243940e+01,6.555630e+00,6.968970e+06,1.164350e+00,7.133810e-04,5.883250e-01
2150,0.0101325,1.241120e+01,6.996240e+00,7.138270e+06,1.160740e+00,7.034900e-04,5.929080e-01
2175,0.0101325,1.237940e+01,7.485870e+00,7.319190e+06,1.157550e+00,6.936200e-04,5.974740e-01
2200,0.0101325,1.234350e+01,8.029160e+00,7.513010e+06,1.154810e+00,6.837520e-04,6.020210e-01
2225,0.0101325,1.230320e+01,8.631210e+00,7.721140e+06,1.152540e+00,6.738630e-04,6.065460e-01
2250,0.0101325,1.225820e+01,9.297720e+00,7.945110e+06,1.150790e+00,6.639340e-04,6.110470e-01
2275,0.0101325,1.220780e+01,1.003500e+01,8.186610e+06,1.149550e+00,6.539420e-04,6.155190e-01
2300,0.0101325,1.215180e+01,1.085020e+01,8.447510e+06,1.148870e+00,6.438660e-04,6.199590e-01
2325,0.0101325,1.208970e+01,1.175140e+01,8.729840e+06,1.148750e+00,6.336850e-04,6.243590e-01
2350,0.0101325,1.202090e+01,1.274750e+01,9.035870e+06,1.149220e+00,6.233750e-04,6.287130e-01
2375,0.0101325,1.194490e+01,1.384870e+01,9.368090e+06,1.150300e+00,6.129150e-04,6.330120e-01
2400,0.0101325,1.186120e+01,1.506600e+01,9.729270e+06,1.152020e+00,6.022820e-04,6.372460e-01
2425,0.0101325,1.176930e+01,1.641140e+01,1.012250e+07,1.154390e+00,5.914550e-04,6.414020e-01
2450,0.0101325,1.166860e+01,1.789720e+01,1.055100e+07,1.157440e+00,5.804120e-04,6.454690e-01
2475,0.0101325,1.155860e+01,1.953500e+01,1.101860e+07,1.161210e+00,5.691320e-04,6.494300e-01
2500,0.0101325,1.143880e+01,2.133490e+01,1.152910e+07,1.165710e+00,5.575990e-04,6.532700e-01
2525,0.0101325,1.130870e+01,2.330250e+01,1.208670e+07,1.170950e+00,5.457980e-04,6.569730e-01
2550,0.0101325,1.116800e+01,2.543710e+01,1.269560e+07,1.176930e+00,5.337220e-04,6.605230e-01
2575,0.0101325,1.101650e+01,2.772790e+01,1.335990e+07,1.183600e+00,5.213720e-04,6.639060e-01
2600,0.0101325,1.085430e+01,3.015120e+01,1.408310e+07,1.190870e+00,5.087590e-04,6.671090e-01
2625,0.0101325,1.068200e+01,3.266790e+01,1.486820e+07,1.198620e+00,4.959110e-04,6.701230e-01
2650,0.0101325,1.050010e+01,3.522280e+01,1.571690e+07,1.206650e+00,4.828690e-04,6.729420e-01
2675,0.0101325,1.030990e+01,3.774630e+01,1.662910e+07,1.214740e+00,4.696930e-04,6.755610e-01
2700,0.0101325,1.011310e+01,4.015870e+01,1.760320e+07,1.222610e+00,4.564590e-04,6.779820e-01
2725,0.0101325,9.911430e+00,4.237740e+01,1.863540e+07,1.230000e+00,4.432530e-04,6.802030e-01
2750,0.0101325,9.707140e+00,4.432420e+01,1.971980e+07,1.236650e+00,4.301710e-04,6.822250e-01
2775,0.0101325,9.502500e+00,4.593300e+01,2.084880e+07,1.242340e+00,4.173080e-04,6.840490e-01
2800,0.0101325,9.299740e+00,4.715490e+01,2.201330e+07,1.246930e+00,4.047570e-04,6.856740e-01
2825,0.0101325,9.100950e+00,4.796160e+01,2.320310e+07,1.250320e+00,3.926000e-04,6.870990e-01
2850,0.0101325,8.907990e+00,4.834540e+01,2.440780e+07,1.252510e+00,3.809050e-04,6.883270e-01
2875,0.0101325,8.722390e+00,4.831720e+01,2.561690e+07,1.253510e+00,3.697260e-04,6.893650e-01
2900,0.0101325,8.545340e+00,4.790350e+01,2.682050e+07,1.253420e+00,3.590980e-04,6.902250e-01
2925,0.0101325,8.377710e+00,4.714300e+01,2.800920e+07,1.252360e+00,3.490450e-04,6.909250e-01
2950,0.0101325,8.220040e+00,4.608270e+01,2.917510e+07,1.250450e+00,3.395740e-04,6.914920e-01
2975,0.0101325,8.072600e+00,4.477500e+01,3.031130e+07,1.247850e+00,3.306800e-04,6.919560e-01
3000,0.0101325,7.935410e+00,4.327510e+01,3.141230e+07,1.244700e+00,3.223520e-04,6.923530e-01
3025,0.0101325,7.808300e+00,4.163850e+01,3.247390e+07,1.241160e+00,3.145670e-04,6.927180e-01
3050,0.0101325,7.690920e+00,3.991960e+01,3.349350e+07,1.237360e+00,3.072980e-04,6.930870e-01
3075,0.0101325,7.582810e+00,3.816920e+01,3.446960e+07,1.233420e+00,3.005160e-04,6.934930e-01
3100,0.0101325,7.483430e+00,3.643390e+01,3.540210e+07,1.229450e+00,2.941850e-04,6.939670e-01
3125,0.0101325,7.392130e+00,3.475460e+01,3.629180e+07,1.225530e+00,2.882710e-04,6.945330e-01
3150,0.0101325,7.308270e+00,3.316560e+01,3.714060e+07,1.221740e+00,2.827390e-04,6.952110e-01
3175,0.0101325,7.231150e+00,3.169450e+01,3.795110e+07,1.218100e+00,2.775530e-04,6.960140e-01
3200,0.0101325,7.160090e+00,3.036210e+01,3.872650e+07,1.214660e+00,2.726780e-04,6.969520e-01
3225,0.0101325,7.094420e+00,2.918220e+01,3.947040e+07,1.211430e+00,2.680830e-04,6.980290e-01
3250,0.0101325,7.033510e+00,2.816260e+01,4.018690e+07,1.208410e+00,2.637370e-04,6.992470e-01
3275,0.0101325,6.976730e+00,2.730500e+01,4.087990e+07,1.205590e+00,2.596110e-04,7.006030e-01
3300,0.0101325,6.923520e+00,2.660600e+01,4.155350e+07,1.202980e+00,2.556790e-04,7.020930e-01
3325,0.0101325,6.873360e+00,2.605790e+01,4.221150e+07,1.200590e+00,2.519180e-04,7.037130e-01
3350,0.0101325,6.825780e+00,2.564840e+01,4.285750e+07,1.198400e+00,2.483070e-04,7.054550e-01
3375,0.0101325,6.780370e+00,2.536210e+01,4.349490e+07,1.196450e+00,2.448280e-04,7.073140e-01
3400,0.0101325,6.736780e+00,2.517990e+01,4.412650e+07,1.194720e+00,2.414660e-04,7.092850e-01
3425,0.0101325,6.694690e+00,2.508020e+01,4.475460e+07,1.193250e+00,2.382060e-04,7.113610e-01
3450,0.0101325,6.653890e+00,2.503870e+01,4.538100e+07,1.192040e+00,2.350380e-04,7.135400e-01
3475,0.0101325,6.614170e+00,2.502870e+01,4.600680e+07,1.191090e+00,2.319540e-04,7.158170e-01
3500,0.0101325,6.575430e+00,2.502220e+01,4.663250e+07,1.190410e+00,2.289490e-04,7.181910e-01
3525,0.0101325,6.537580e+00,2.498970e+01,4.725770e+07,1.190000e+00,2.260170e-04,7.206610e-01
3550,0.0101325,6.500640e+00,2.490180e+01,4.788150e+07,1.189850e+00,2.231560e-04,7.232270e-01
3575,0.0101325,6.464620e+00,2.473010e+01,4.850210e+07,1.189960e+00,2.203680e-04,7.258900e-01
3600,0.0101325,6.429620e+00,2.444890e+01,4.911710e+07,1.190320e+00,2.176530e-04,7.286510e-01
3625,0.0101325,6.395760e+00,2.403680e+01,4.972340e+07,1.190940e+00,2.150140e-04,7.315130e-01
3650,0.0101325,6.363190e+00,2.347870e+01,5.031770e+07,1.191840e+00,2.124530e-04,7.344750e-01
3675,0.0101325,6.332070e+00,2.276770e+01,5.089610e+07,1.193050e+00,2.099760e-04,7.375370e-01
3700,0.0101325,6.302580e+00,2.190620e+01,5.145480e+07,1.194640e+00,2.075860e-04,7.407000e-01
3725,0.0101325,6.274860e+00,2.090690e+01,5.199030e+07,1.196690e+00,2.052860e-04,7.439610e-01
3750,0.0101325,6.249060e+00,1.979180e+01,5.249920e+07,1.199310e+00,2.030790e-04,7.473150e-01
3775,0.0101325,6.225250e+00,1.859060e+01,5.297910e+07,1.202620e+00,2.009660e-04,7.507560e-01
3800,0.0101325,6.203490e+00,1.733810e+01,5.342830e+07,1.206740e+00,1.989460e-04,7.542770e-01
3825,0.0101325,6.183780e+00,1.607070e+01,5.384590e+07,1.211830e+00,1.970170e-04,7.578700e-01
3850,0.0101325,6.166080e+00,1.482270e+01,5.423200e+07,1.218000e+00,1.951780e-04,7.615250e-01
3875,0.0101325,6.150290e+00,1.362400e+01,5.458750e+07,1.225340e+00,1.934220e-04,7.652330e-01
3900,0.0101325,6.136300e+00,1.249760e+01,5.491380e+07,1.233900e+00,1.917450e-04,7.689830e-01
3925,0.0101325,6.123970e+00,1.145940e+01,5.521310e+07,1.243680e+00,1.901410e-04,7.727680e-01
3950,0.0101325,6.113150e+00,1.051810e+01,5.548760e+07,1.254650e+00,1.886030e-04,7.765790e-01
3975,0.0101325,6.103670e+00,9.676460e+00,5.573980e+07,1.266690e+00,1.871270e-04,7.804100e-01
4000,0.0101325,6.095390e+00,8.932420e+00,5.597220e+07,1.279650e+00,1.857050e-04,7.842540e-01
200,0.0180184,2.575290e+01,1.321060e+00,-5.940200e+06,1.323440e+00,2.790470e-02,8.941740e-02
225,0.0180184,2.575290e+01,1.352440e+00,-5.906790e+06,1.313580e+00,2.480420e-02,9.938210e-02
250,0.0180184,2.575290e+01,1.388770e+00,-5.872540e+06,1.302890e+00,2.232380e-02,1.092570e-01
275,0.0180184,2.575290e+01,1.430950e+00,-5.837300e+06,1.291360e+00,2.029440e-02,1.190290e-01
300,0.0180184,2.575290e+01,1.478590e+00,-5.800950e+06,1.279360e+00,1.860310e-02,1.286830e-01
325,0.0180184,2.575280e+01,1.531730e+00,-5.763330e+06,1.267160e+00,1.717210e-02,1.385830e-01
350,0.0180184,2.575210e+01,1.593270e+00,-5.724290e+06,1.254550e+00,1.594510e-02,1.484120e-01
375,0.0180184,2.574960e+01,1.674630e+00,-5.683510e+06,1.240450e+00,1.488060e-02,1.581650e-01
400,0.0180184,2.574070e+01,1.806420e+00,-5.640150e+06,1.222640e+00,1.394570e-02,1.678470e-01
425,0.0180184,2.571430e+01,2.056020e+00,-5.592220e+06,1.198910e+00,1.311200e-02,1.774810e-01
450,0.0180184,2.564620e+01,2.548940e+00,-5.535340e+06,1.170580e+00,1.235070e-02,1.871280e-01
475,0.0180184,2.549070e+01,3.480670e+00,-5.461130e+06,1.144770e+00,1.162970e-02,1.969000e-01
500,0.0180184,2.517600e+01,5.077480e+00,-5.355730e+06,1.129610e+00,1.091180e-02,2.069700e-01
525,0.0180184,2.461920e+01,7.415090e+00,-5.200930e+06,1.127980e+00,1.016240e-02,2.171520e-01
550,0.0180184,2.378400e+01,1.000110e+01,-4.982610e+06,1.136340e+00,9.371410e-03,2.277840e-01
575,0.0180184,2.277020e+01,1.143400e+01,-4.710430e+06,1.145790e+00,8.581850e-03,2.385080e-01
600,0.0180184,2.182380e+01,1.034140e+01,-4.432590e+06,1.148020e+00,7.882430e-03,2.486570e-01
625,0.0180184,2.117470e+01,7.345020e+00,-4.210430e+06,1.145310e+00,7.342080e-03,2.575070e-01
650,0.0180184,2.076290e+01,7.374070e+00,-4.037200e+06,1.143970e+00,6.922410e-03,2.652760e-01
675,0.0180184,2.026210e+01,9.257200e+00,-3.827140e+06,1.149140e+00,6.505230e-03,2.727440e-01
700,0.0180184,1.972410e+01,8.709980e+00,-3.595520e+06,1.153070e+00,6.106330e-03,2.802530e-01
725,0.0180184,1.935960e+01,5.767530e+00,-3.413150e+06,1.158340e+00,5.786820e-03,2.876660e-01
750,0.0180184,1.919380e+01,4.265300e+00,-3.294290e+06,1.167450e+00,5.546020e-03,2.947540e-01
775,0.0180184,1.904820e+01,5.332190e+00,-3.176530e+06,1.155720e+00,5.326420e-03,3.014580e-01
800,0.0180184,1.883670e+01,6.500500e+00,-3.028030e+06,1.152510e+00,5.102660e-03,3.078360e-01
825,0.0180184,1.857190e+01,7.472810e+00,-2.853110e+06,1.153910e+00,4.878480e-03,3.139720e-01
850,0.0180184,1.826620e+01,8.344130e+00,-2.655200e+06,1.157330e+00,4.657050e-03,3.199010e-01
875,0.0180184,1.792920e+01,9.110680e+00,-2.436760e+06,1.161820e+00,4.440530e-03,3.256460e-01
900,0.0180184,1.757140e+01,9.733270e+00,-2.200870e+06,1.166740e+00,4.231030e-03,3.312310e-01
925,0.0180184,1.720440e+01,1.016700e+01,-1.951680e+06,1.171550e+00,4.030690e-03,3.366870e-01
950,0.0180184,1.684000e+01,1.037800e+01,-1.694380e+06,1.175830e+00,3.841500e-03,3.420480e-01
975,0.0180184,1.648940e+01,1.035580e+01,-1.434730e+06,1.179280e+00,3.665070e-03,3.473510e-01
1000,0.0180184,1.616170e+01,1.011930e+01,-1.178390e+06,1.181780e+00,3.502430e-03,3.526330e-01
1025,0.0180184,1.586350e+01,9.715830e+00,-9.301660e+05,1.183360e+00,3.353950e-03,3.577130e-01
1050,0.0180184,1.559780e+01,9.214720e+00,-6.934120e+05,1.184030e+00,3.219260e-03,3.628220e-01
1075,0.0180184,1.536500e+01,8.696080e+00,-4.695760e+05,1.183760e+00,3.097460e-03,3.679820e-01
1100,0.0180184,1.516260e+01,8.241890e+00,-2.580700e+05,1.182320e+00,2.987200e-03,3.732060e-01
1125,0.0180184,1.498640e+01,7.931310e+00,-5.628420e+04,1.179300e+00,2.886860e-03,3.785060e-01
1150,0.0180184,1.483030e+01,7.840880e+00,1.403300e+05,1.174260e+00,2.794700e-03,3.838900e-01
1175,0.0180184,1.468750e+01,8.048250e+00,3.382400e+05,1.167110e+00,2.708890e-03,3.893700e-01
1200,0.0180184,1.454980e+01,8.636430e+00,5.459140e+05,1.158480e+00,2.627600e-03,3.949620e-01
1225,0.0180184,1.440860e+01,9.694290e+00,7.739760e+05,1.149790e+00,2.548980e-03,4.006890e-01
1250,0.0180184,1.425410e+01,1.130430e+01,1.035240e+06,1.142760e+00,2.471230e-03,4.065740e-01
1275,0.0180184,1.407700e+01,1.349810e+01,1.344100e+06,1.138770e+00,2.392660e-03,4.126410e-01
1300,0.0180184,1.386950e+01,1.614170e+01,1.714000e+06,1.138340e+00,2.312060e-03,4.188960e-01
1325,0.0180184,1.363020e+01,1.870490e+01,2.150710e+06,1.140700e+00,2.229290e-03,4.253030e-01
1350,0.0180184,1.337100e+01,2.001390e+01,2.638930e+06,1.143500e+00,2.146400e-03,4.317610e-01
1375,0.0180184,1.312250e+01,1.862970e+01,3.128550e+06,1.144150e+00,2.068210e-03,4.380950e-01
1400,0.0180184,1.292360e+01,1.455770e+01,3.547220e+06,1.144460e+00,2.000490e-03,4.441380e-01
1425,0.0180184,1.279300e+01,1.000520e+01,3.852610e+06,1.152230e+00,1.945530e-03,4.498450e-01
1450,0.0180184,1.271890e+01,6.823010e+00,4.059500e+06,1.171860e+00,1.900910e-03,4.552980e-01
1475,0.0180184,1.267900e+01,5.095180e+00,4.206030e+06,1.197030e+00,1.862840e-03,4.606000e-01
1500,0.0180184,1.265700e+01,4.247280e+00,4.321530e+06,1.218150e+00,1.828610e-03,4.658180e-01
1525,0.0180184,1.264400e+01,3.837410e+00,4.421980e+06,1.231670e+00,1.796790e-03,4.709870e-01
1550,0.0180184,1.263570e+01,3.634990e+00,4.515100e+06,1.239030e+00,1.766640e-03,4.761220e-01
1575,0.0180184,1.262990e+01,3.532900e+00,4.604550e+06,1.242580e+00,1.737810e-03,4.812290e-01
1600,0.0180184,1.262570e+01,3.482460e+00,4.692160e+06,1.243920e+00,1.710080e-03,4.863120e-01
1625,0.0180184,1.262230e+01,3.461120e+00,4.778910e+06,1.243960e+00,1.683330e-03,4.913730e-01
1650,0.0180184,1.261950e+01,3.458110e+00,4.865370e+06,1.243190e+00,1.657450e-03,4.964140e-01
1675,0.0180184,1.261700e+01,3.468140e+00,4.951930e+06,1.241850e+00,1.632390e-03,5.014340e-01
1700,0.0180184,1.261470e+01,3.488580e+00,5.038860e+06,1.240070e+00,1.608090e-03,5.064350e-01
1725,0.0180184,1.261230e+01,3.518210e+00,5.126430e+06,1.237910e+00,1.584490e-03,5.114180e-01
1750,0.0180184,1.260990e+01,3.556600e+00,5.214850e+06,1.235420e+00,1.561550e-03,5.163820e-01
1775,0.0180184,1.260720e+01,3.603840e+00,5.304330e+06,1.232620e+00,1.539230e-03,5.213290e-01
1800,0.0180184,1.260420e+01,3.660330e+00,5.395120e+06,1.229520e+00,1.517490e-03,5.262600e-01
1825,0.0180184,1.260080e+01,3.726750e+00,5.487430e+06,1.226140e+00,1.496300e-03,5.311740e-01
1850,0.0180184,1.259690e+01,3.803950e+00,5.581540e+06,1.222490e+00,1.475620e-03,5.360720e-01
1875,0.0180184,1.259240e+01,3.892990e+00,5.677730e+06,1.218600e+00,1.455430e-03,5.409560e-01
1900,0.0180184,1.258720e+01,3.995070e+00,5.776300e+06,1.214480e+00,1.435680e-03,5.458250e-01
1925,0.0180184,1.258110e+01,4.111520e+00,5.877600e+06,1.210170e+00,1.416340e-03,5.506800e-01
1950,0.0180184,1.257400e+01,4.243840e+00,5.982010e+06,1.205700e+00,1.397400e-03,5.555210e-01
1975,0.0180184,1.256580e+01,4.393650e+00,6.089940e+06,1.201120e+00,1.378810e-03,5.603500e-01
2000,0.0180184,1.255630e+01,4.562710e+00,6.201850e+06,1.196460e+00,1.360540e-03,5.651650e-01
2025,0.0180184,1.254530e+01,4.752920e+00,6.318250e+06,1.191790e+00,1.342580e-03,5.698260e-01
2050,0.0180184,1.253270e+01,4.966350e+00,6.439690e+06,1.187150e+00,1.324870e-03,5.744720e-01
2075,0.0180184,1.251830e+01,5.205190e+00,6.566780e+06,1.182600e+00,1.307400e-03,5.791040e-01
2100,0.0180184,1.250180e+01,5.471810e+00,6.700180e+06,1.178190e+00,1.290140e-03,5.837210e-01
2125,0.0180184,1.248310e+01,5.768770e+00,6.840630e+06,1.173980e+00,1.273050e-03,5.883240e-01
2150,0.0180184,1.246180e+01,6.098810e+00,6.988900e+06,1.170020e+00,1.256100e-03,5.929120e-01
2175,0.0180184,1.243780e+01,6.464880e+00,7.145870e+06,1.166340e+00,1.239270e-03,5.974850e-01
2200,0.0180184,1.241070e+01,6.870200e+00,7.312470e+06,1.162990e+00,1.222520e-03,6.020420e-01
2225,0.0180184,1.238020e+01,7.318250e+00,7.489730e+06,1.160020e+00,1.205810e-03,6.065820e-01
2250,0.0180184,1.234610e+01,7.812840e+00,7.678770e+06,1.157440e+00,1.189130e-03,6.111050e-01
2275,0.0180184,1.230800e+01,8.358160e+00,7.880800e+06,1.155280e+00,1.172430e-03,6.156070e-01
2300,0.0180184,1.226550e+01,8.958820e+00,8.097140e+06,1.153580e+00,1.155690e-03,6.200860e-01
2325,0.0180184,1.221830e+01,9.619960e+00,8.329240e+06,1.152350e+00,1.138860e-03,6.245390e-01
2350,0.0180184,1.216610e+01,1.034730e+01,8.578690e+06,1.151610e+00,1.121930e-03,6.289620e-01
2375,0.0180184,1.210830e+01,1.114720e+01,8.847210e+06,1.151370e+00,1.104850e-03,6.333500e-01
2400,0.0180184,1.204470e+01,1.202680e+01,9.136710e+06,1.151670e+00,1.087590e-03,6.376960e-01
2425,0.0180184,1.197470e+01,1.299400e+01,9.449280e+06,1.152510e+00,1.070120e-03,6.419930e-01
2450,0.0180184,1.189790e+01,1.405740e+01,9.787220e+06,1.153920e+00,1.052410e-03,6.462340e-01
2475,0.0180184,1.181380e+01,1.522630e+01,1.015300e+07,1.155920e+00,1.034420e-03,6.504070e-01
2500,0.0180184,1.172210e+01,1.651030e+01,1.054950e+07,1.158520e+00,1.016120e-03,6.545010e-01
2525,0.0180184,1.162210e+01,1.791860e+01,1.097960e+07,1.161770e+00,9.974830e-04,6.585060e-01
2550,0.0180184,1.151350e+01,1.945960e+01,1.144650e+07,1.165670e+00,9.784770e-04,6.624070e-01
2575,0.0180184,1.139600e+01,2.113930e+01,1.195370e+07,1.170240e+00,9.590810e-04,6.661900e-01
2600,0.0180184,1.126900e+01,2.295950e+01,1.250470e+07,1.175480e+00,9.392800e-04,6.698430e-01
2625,0.0180184,1.113250e+01,2.491590e+01,1.310280e+07,1.181370e+00,9.190660e-04,6.733530e-01
2650,0.0180184,1.098640e+01,2.699610e+01,1.375150e+07,1.187860e+00,8.984490e-04,6.767060e-01
2675,0.0180184,1.083090e+01,2.917700e+01,1.445350e+07,1.194870e+00,8.774520e-04,6.798950e-01
2700,0.0180184,1.066640e+01,3.142420e+01,1.521090e+07,1.202270e+00,8.561220e-04,6.829120e-01
2725,0.0180184,1.049360e+01,3.369170e+01,1.602490e+07,1.209910e+00,8.345260e-04,6.857520e-01
2750,0.0180184,1.031360e+01,3.592350e+01,1.689520e+07,1.217570e+00,8.127530e-04,6.884140e-01
2775,0.0180184,1.012770e+01,3.805730e+01,1.782020e+07,1.225050e+00,7.909160e-04,6.908960e-01
2800,0.0180184,9.937620e+00,4.002950e+01,1.879670e+07,1.232100e+00,7.691410e-04,6.931990e-01
2825,0.0180184,9.745070e+00,4.177980e+01,1.981980e+07,1.238530e+00,7.475640e-04,6.953230e-01
2850,0.0180184,9.551980e+00,4.325710e+01,2.088340e+07,1.244150e+00,7.263240e-04,6.972660e-01
2875,0.0180184,9.360190e+00,4.442270e+01,2.198010e+07,1.248840e+00,7.055520e-04,6.990280e-01
2900,0.0180184,9.171490e+00,4.525220e+01,2.310170e+07,1.252490e+00,6.853680e-04,7.006070e-01
2925,0.0180184,8.987450e+00,4.573660e+01,2.423980e+07,1.255090e+00,6.658740e-04,7.020020e-01
2950,0.0180184,8.809410e+00,4.588030e+01,2.538570e+07,1.256650e+00,6.471530e-04,7.032190e-01
2975,0.0180184,8.638480e+00,4.570000e+01,2.653110e+07,1.257210e+00,6.292630e-04,7.042630e-01
3000,0.0180184,8.475470e+00,4.522170e+01,2.766820e+07,1.256870e+00,6.122440e-04,7.051480e-01
3025,0.0180184,8.320960e+00,4.447840e+01,2.879000e+07,1.255710e+00,5.961150e-04,7.058920e-01
3050,0.0180184,8.175290e+00,4.350820e+01,2.989030e+07,1.253860e+00,5.808790e-04,7.065200e-01
3075,0.0180184,8.038610e+00,4.235220e+01,3.096390e+07,1.251430e+00,5.665230e-04,7.070570e-01
3100,0.0180184,7.910860e+00,4.105290e+01,3.200670e+07,1.248540e+00,5.530240e-04,7.075360e-01
3125,0.0180184,7.791880e+00,3.965280e+01,3.301570e+07,1.245310e+00,5.403490e-04,7.079860e-01
3150,0.0180184,7.681350e+00,3.819300e+01,3.398880e+07,1.241850e+00,5.284560e-04,7.084390e-01
3175,0.0180184,7.578890e+00,3.671230e+01,3.492520e+07,1.238260e+00,5.173020e-04,7.089220e-01
3200,0.0180184,7.484020e+00,3.524610e+01,3.582460e+07,1.234620e+00,5.068350e-04,7.094630e-01
3225,0.0180184,7.396240e+00,3.382550e+01,3.668780e+07,1.231000e+00,4.970080e-04,7.100820e-01
3250,0.0180184,7.314990e+00,3.247720e+01,3.751640e+07,1.227460e+00,4.877670e-04,7.107970e-01
3275,0.0180184,7.239710e+00,3.122260e+01,3.831250e+07,1.224050e+00,4.790620e-04,7.116210e-01
3300,0.0180184,7.169840e+00,3.007780e+01,3.907850e+07,1.220780e+00,4.708450e-04,7.125640e-01
3325,0.0180184,7.104830e+00,2.905420e+01,3.981740e+07,1.217690e+00,4.630670e-04,7.136310e-01
3350,0.0180184,7.044130e+00,2.815780e+01,4.053230e+07,1.214780e+00,4.556850e-04,7.148260e-01
3375,0.0180184,6.987250e+00,2.739020e+01,4.122630e+07,1.212060e+00,4.486570e-04,7.161480e-01
3400,0.0180184,6.933710e+00,2.674890e+01,4.190280e+07,1.209540e+00,4.419450e-04,7.175970e-01
3425,0.0180184,6.883060e+00,2.622730e+01,4.256480e+07,1.207230e+00,4.355150e-04,7.191680e-01
3450,0.0180184,6.834930e+00,2.581560e+01,4.321510e+07,1.205120e+00,4.293350e-04,7.208590e-01
3475,0.0180184,6.788950e+00,2.550080e+01,4.385640e+07,1.203240e+00,4.233790e-04,7.226660e-01
3500,0.0180184,6.744820e+00,2.526710e+01,4.449080e+07,1.201590e+00,4.176230e-04,7.245850e-01
3525,0.0180184,6.702290e+00,2.509630e+01,4.512030e+07,1.200170e+00,4.120470e-04,7.266130e-01
3550,0.0180184,6.661160e+00,2.496820e+01,4.574600e+07,1.199000e+00,4.066340e-04,7.287470e-01
3575,0.0180184,6.621270e+00,2.486090e+01,4.636880e+07,1.198080e+00,4.013720e-04,7.309850e-01
3600,0.0180184,6.582510e+00,2.475130e+01,4.698900e+07,1.197410e+00,3.962510e-04,7.333250e-01
3625,0.0180184,6.544810e+00,2.461580e+01,4.760620e+07,1.196990e+00,3.912650e-04,7.357670e-01
3650,0.0180184,6.508170e+00,2.443090e+01,4.821940e+07,1.196810e+00,3.864090e-04,7.383110e-01
3675,0.0180184,6.472600e+00,2.417450e+01,4.882710e+07,1.196870e+00,3.816830e-04,7.409570e-01
3700,0.0180184,6.438170e+00,2.382700e+01,4.942740e+07,1.197180e+00,3.770880e-04,7.437060e-01
3725,0.0180184,6.404960e+00,2.337250e+01,5.001760e+07,1.197740e+00,3.726250e-04,7.465580e-01
3750,0.0180184,6.373090e+00,2.280000e+01,5.059500e+07,1.198570e+00,3.682990e-04,7.495130e-01
3775,0.0180184,6.342670e+00,2.210510e+01,5.115660e+07,1.199710e+00,3.641140e-04,7.525700e-01
3800,0.0180184,6.313840e+00,2.129040e+01,5.169930e+07,1.201210e+00,3.600740e-04,7.557280e-01
3825,0.0180184,6.286700e+00,2.036590e+01,5.222020e+07,1.203130e+00,3.561830e-04,7.589820e-01
3850,0.0180184,6.261350e+00,1.934860e+01,5.271680e+07,1.205560e+00,3.524430e-04,7.623290e-01
3875,0.0180184,6.237860e+00,1.826110e+01,5.318700e+07,1.208610e+00,3.488560e-04,7.657620e-01
3900,0.0180184,6.216260e+00,1.713000e+01,5.362950e+07,1.212370e+00,3.454190e-04,7.692740e-01
3925,0.0180184,6.196550e+00,1.598330e+01,5.404340e+07,1.216950e+00,3.421310e-04,7.728560e-01
3950,0.0180184,6.178690e+00,1.484820e+01,5.442870e+07,1.222460e+00,3.389860e-04,7.765010e-01
3975,0.0180184,6.162620e+00,1.374860e+01,5.478610e+07,1.228960e+00,3.359780e-04,7.801990e-01
4000,0.0180184,6.148240e+00,1.270450e+01,5.511660e+07,1.236510e+00,3.330980e-04,7.839410e-01
200,0.0320418,2.575290e+01,1.321060e+00,-5.940200e+06,1.323440e+00,4.962240e-02,8.941740e-02
225,0.0320418,2.575290e+01,1.352440e+00,-5.906790e+06,1.313580e+00,4.410880e-02,9.938210e-02
250,0.0320418,2.575290e+01,1.388770e+00,-5.872540e+06,1.302890e+00,3.969790e-02,1.092570e-01
275,0.0320418,2.575290e+01,1.430940e+00,-5.837300e+06,1.291370e+00,3.608900e-02,1.190290e-01
300,0.0320418,2.575290e+01,1.478520e+00,-5.800950e+06,1.279380e+00,3.308160e-02,1.286830e-01
325,0.0320418,2.575280e+01,1.531240e+00,-5.763340e+06,1.267240e+00,3.053680e-02,1.385830e-01
350,0.0320418,2.575230e+01,1.590960e+00,-5.724330e+06,1.254900e+00,2.835510e-02,1.484120e-01
375,0.0320418,2.575050e+01,1.665690e+00,-5.683670e+06,1.241610e+00,2.646280e-02,1.581630e-01
400,0.0320418,2.574400e+01,1.777520e+00,-5.640740e+06,1.225670e+00,2.480260e-02,1.678390e-01
425,0.0320418,2.572480e+01,1.975420e+00,-5.594090e+06,1.205020e+00,2.332630e-02,1.774540e-01
450,0.0320418,2.567510e+01,2.351810e+00,-5.540500e+06,1.179550e+00,2.198780e-02,1.870540e-01
475,0.0320418,2.556090e+01,3.055190e+00,-5.473780e+06,1.153860e+00,2.073790e-02,1.967210e-01
500,0.0320418,2.532610e+01,4.276150e+00,-5.383420e+06,1.135370e+00,1.952000e-02,2.065910e-01
525,0.0320418,2.489810e+01,6.154150e+00,-5.254420e+06,1.128750e+00,1.827630e-02,2.164620e-01
550,0.0320418,2.421900e+01,8.526290e+00,-5.071400e+06,1.133320e+00,1.696970e-02,2.267500e-01
575,0.0320418,2.331280e+01,1.056440e+01,-4.830690e+06,1.143280e+00,1.562460e-02,2.373020e-01
600,0.0320418,2.233950e+01,1.091670e+01,-4.557460e+06,1.149930e+00,1.434840e-02,2.476310e-01
625,0.0320418,2.153010e+01,9.041640e+00,-4.303970e+06,1.149300e+00,1.327540e-02,2.569760e-01
650,0.0320418,2.101710e+01,6.717400e+00,-4.111070e+06,1.146690e+00,1.246070e-02,2.652280e-01
675,0.0320418,2.060840e+01,7.879680e+00,-3.933960e+06,1.147100e+00,1.176580e-02,2.727080e-01
700,0.0320418,2.010000e+01,9.122270e+00,-3.717680e+06,1.153030e+00,1.106570e-02,2.800570e-01
725,0.0320418,1.961530e+01,7.843770e+00,-3.499870e+06,1.155720e+00,1.042650e-02,2.874380e-01
750,0.0320418,1.931700e+01,5.178940e+00,-3.337880e+06,1.162440e+00,9.925710e-03,2.946720e-01
775,0.0320418,1.917080e+01,4.424190e+00,-3.223950e+06,1.165240e+00,9.532800e-03,3.015860e-01
800,0.0320418,1.901620e+01,5.487930e+00,-3.100850e+06,1.156010e+00,9.160410e-03,3.081430e-01
825,0.0320418,1.880450e+01,6.490010e+00,-2.950700e+06,1.154340e+00,8.783950e-03,3.144180e-01
850,0.0320418,1.854770e+01,7.349080e+00,-2.777510e+06,1.156120e+00,8.409160e-03,3.204760e-01
875,0.0320418,1.825540e+01,8.123630e+00,-2.583930e+06,1.159570e+00,8.040150e-03,3.263490e-01
900,0.0320418,1.793580e+01,8.805950e+00,-2.372090e+06,1.163950e+00,7.679980e-03,3.320570e-01
925,0.0320418,1.759790e+01,9.364560e+00,-2.144660e+06,1.168720e+00,7.331640e-03,3.376220e-01
950,0.0320418,1.725150e+01,9.764570e+00,-1.905190e+06,1.173410e+00,6.998160e-03,3.430700e-01
975,0.0320418,1.690650e+01,9.979770e+00,-1.657980e+06,1.177640e+00,6.682370e-03,3.484310e-01
1000,0.0320418,1.657240e+01,1.000130e+01,-1.407820e+06,1.181140e+00,6.386580e-03,3.537370e-01
1025,0.0320418,1.625730e+01,9.842200e+00,-1.159430e+06,1.183770e+00,6.112320e-03,3.588040e-01
1050,0.0320418,1.596680e+01,9.538910e+00,-9.169150e+05,1.185460e+00,5.860170e-03,3.638670e-01
1075,0.0320418,1.570420e+01,9.145900e+00,-6.832340e+05,1.186200e+00,5.629770e-03,3.689500e-01
1100,0.0320418,1.547040e+01,8.729270e+00,-4.598180e+05,1.185910e+00,5.419890e-03,3.740740e-01
1125,0.0320418,1.526370e+01,8.360130e+00,-2.463750e+05,1.184410e+00,5.228650e-03,3.792540e-01
1150,0.0320418,1.508080e+01,8.110330e+00,-4.081700e+04,1.181380e+00,5.053680e-03,3.845020e-01
1175,0.0320418,1.491670e+01,8.051500e+00,1.607330e+05,1.176530e+00,4.892330e-03,3.898290e-01
1200,0.0320418,1.476530e+01,8.256550e+00,3.639560e+05,1.169830e+00,4.741800e-03,3.952470e-01
1225,0.0320418,1.461950e+01,8.801900e+00,5.763950e+05,1.161870e+00,4.599170e-03,4.007730e-01
1250,0.0320418,1.447150e+01,9.766570e+00,8.075470e+05,1.153830e+00,4.461540e-03,4.064250e-01
1275,0.0320418,1.431250e+01,1.122110e+01,1.068820e+06,1.147180e+00,4.326000e-03,4.122250e-01
1300,0.0320418,1.413400e+01,1.319160e+01,1.372940e+06,1.143180e+00,4.189900e-03,4.181930e-01
1325,0.0320418,1.392900e+01,1.556960e+01,1.731880e+06,1.142390e+00,4.051230e-03,4.243340e-01
1350,0.0320418,1.369570e+01,1.793660e+01,2.151480e+06,1.144290e+00,3.909610e-03,4.306190e-01
1375,0.0320418,1.344300e+01,1.936330e+01,2.621000e+06,1.146980e+00,3.767680e-03,4.369660e-01
1400,0.0320418,1.319530e+01,1.860510e+01,3.101200e+06,1.148030e+00,3.632220e-03,4.432300e-01
1425,0.0320418,1.298710e+01,1.531320e+01,3.529480e+06,1.147890e+00,3.512200e-03,4.492570e-01
1450,0.0320418,1.284070e+01,1.104140e+01,3.858600e+06,1.152470e+00,3.412750e-03,4.549800e-01
1475,0.0320418,1.275190e+01,7.662440e+00,4.089490e+06,1.167180e+00,3.331690e-03,4.604460e-01
1500,0.0320418,1.270150e+01,5.646270e+00,4.253320e+06,1.189120e+00,3.263220e-03,4.657480e-01
1525,0.0320418,1.267270e+01,4.589110e+00,4.379780e+06,1.210110e+00,3.202450e-03,4.709550e-01
1550,0.0320418,1.265540e+01,4.053090e+00,4.487060e+06,1.225140e+00,3.146500e-03,4.761070e-01
1575,0.0320418,1.264430e+01,3.777420e+00,4.584570e+06,1.234170e+00,3.093830e-03,4.812220e-01
1600,0.0320418,1.263660e+01,3.631720e+00,4.676990e+06,1.239010e+00,3.043630e-03,4.863090e-01
1625,0.0320418,1.263100e+01,3.553820e+00,4.766710e+06,1.241290e+00,2.995470e-03,4.913720e-01
1650,0.0320418,1.262660e+01,3.513940e+00,4.855000e+06,1.242020e+00,2.949070e-03,4.964130e-01
1675,0.0320418,1.262310e+01,3.497420e+00,4.942600e+06,1.241770e+00,2.904230e-03,5.014330e-01
1700,0.0320418,1.262000e+01,3.496810e+00,5.030000e+06,1.240860e+00,2.860830e-03,5.064340e-01
1725,0.0320418,1.261730e+01,3.508180e+00,5.117540e+06,1.239470e+00,2.818760e-03,5.114170e-01
1750,0.0320418,1.261460e+01,3.529520e+00,5.205490e+06,1.237670e+00,2.777910e-03,5.163810e-01
1775,0.0320418,1.261200e+01,3.559830e+00,5.294090e+06,1.235540e+00,2.738220e-03,5.213280e-01
1800,0.0320418,1.260930e+01,3.598730e+00,5.383560e+06,1.233110e+00,2.699600e-03,5.262580e-01
1825,0.0320418,1.260630e+01,3.646290e+00,5.474100e+06,1.230390e+00,2.662000e-03,5.311720e-01
1850,0.0320418,1.260310e+01,3.702830e+00,5.565950e+06,1.227410e+00,2.625350e-03,5.360710e-01
1875,0.0320418,1.259940e+01,3.768920e+00,5.659320e+06,1.224170e+00,2.589600e-03,5.409540e-01
1900,0.0320418,1.259530e+01,3.845280e+00,5.754480e+06,1.220710e+00,2.554680e-03,5.458220e-01
1925,0.0320418,1.259050e+01,3.932800e+00,5.851680e+06,1.217030e+00,2.520550e-03,5.506770e-01
1950,0.0320418,1.258510e+01,4.032490e+00,5.951220e+06,1.213170e+00,2.487150e-03,5.555180e-01
1975,0.0320418,1.257880e+01,4.145500e+00,6.053410e+06,1.209140e+00,2.454440e-03,5.603450e-01
2000,0.0320418,1.257150e+01,4.273090e+00,6.158610e+06,1.204980e+00,2.422370e-03,5.651600e-01
2025,0.0320418,1.256320e+01,4.416610e+00,6.267200e+06,1.200740e+00,2.390880e-03,5.698200e-01
2050,0.0320418,1.255370e+01,4.577570e+00,6.379590e+06,1.196440e+00,2.359930e-03,5.744660e-01
2075,0.0320418,1.254280e+01,4.757560e+00,6.496240e+06,1.192130e+00,2.329470e-03,5.790970e-01
2100,0.0320418,1.253030e+01,4.958290e+00,6.617640e+06,1.187860e+00,2.299460e-03,5.837140e-01
2125,0.0320418,1.251620e+01,5.181620e+00,6.744340e+06,1.183670e+00,2.269840e-03,5.883160e-01
2150,0.0320418,1.250010e+01,5.429500e+00,6.876930e+06,1.179620e+00,2.240570e-03,5.929060e-01
2175,0.0320418,1.248200e+01,5.704050e+00,7.016040e+06,1.175730e+00,2.211600e-03,5.974810e-01
2200,0.0320418,1.246150e+01,6.007540e+00,7.162370e+06,1.172070e+00,2.182880e-03,6.020430e-01
2225,0.0320418,1.243850e+01,6.342410e+00,7.316680e+06,1.168650e+00,2.154370e-03,6.065900e-01
2250,0.0320418,1.241270e+01,6.711280e+00,7.479770e+06,1.165530e+00,2.126010e-03,6.111220e-01
2275,0.0320418,1.238390e+01,7.117010e+00,7.652550e+06,1.162730e+00,2.097770e-03,6.156380e-01
2300,0.0320418,1.235170e+01,7.562680e+00,7.835960e+06,1.160280e+00,2.069580e-03,6.201370e-01
2325,0.0320418,1.231600e+01,8.051680e+00,8.031040e+06,1.158210e+00,2.041410e-03,6.246180e-01
2350,0.0320418,1.227640e+01,8.587710e+00,8.238930e+06,1.156540e+00,2.013190e-03,6.290770e-01
2375,0.0320418,1.223260e+01,9.174880e+00,8.460850e+06,1.155280e+00,1.984900e-03,6.335120e-01
2400,0.0320418,1.218430e+01,9.817690e+00,8.698140e+06,1.154460e+00,1.956460e-03,6.379200e-01
2425,0.0320418,1.213110e+01,1.052120e+01,8.952240e+06,1.154090e+00,1.927840e-03,6.422970e-01
2450,0.0320418,1.207270e+01,1.129080e+01,9.224750e+06,1.154200e+00,1.898990e-03,6.466360e-01
2475,0.0320418,1.200880e+01,1.213280e+01,9.517390e+06,1.154790e+00,1.869850e-03,6.509330e-01
2500,0.0320418,1.193890e+01,1.305360e+01,9.832050e+06,1.155880e+00,1.840370e-03,6.551810e-01
2525,0.0320418,1.186260e+01,1.406050e+01,1.017080e+07,1.157500e+00,1.810510e-03,6.593700e-01
2550,0.0320418,1.177960e+01,1.516080e+01,1.053580e+07,1.159660e+00,1.780220e-03,6.634920e-01
2575,0.0320418,1.168950e+01,1.636180e+01,1.092970e+07,1.162390e+00,1.749450e-03,6.675380e-01
2600,0.0320418,1.159190e+01,1.767050e+01,1.135480e+07,1.165690e+00,1.718160e-03,6.714950e-01
2625,0.0320418,1.148640e+01,1.909230e+01,1.181410e+07,1.169600e+00,1.686310e-03,6.753540e-01
2650,0.0320418,1.137280e+01,2.063040e+01,1.231040e+07,1.174110e+00,1.653880e-03,6.791020e-01
2675,0.0320418,1.125080e+01,2.228460e+01,1.284660e+07,1.179220e+00,1.620840e-03,6.827270e-01
2700,0.0320418,1.112020e+01,2.404930e+01,1.342560e+07,1.184900e+00,1.587190e-03,6.862200e-01
2725,0.0320418,1.098100e+01,2.591250e+01,1.404990e+07,1.191120e+00,1.552960e-03,6.895710e-01
2750,0.0320418,1.083360e+01,2.785430e+01,1.472190e+07,1.197790e+00,1.518170e-03,6.927720e-01
2775,0.0320418,1.067820e+01,2.984660e+01,1.544300e+07,1.204810e+00,1.482910e-03,6.958190e-01
2800,0.0320418,1.051540e+01,3.185270e+01,1.621430e+07,1.212030e+00,1.447270e-03,6.987060e-01
2825,0.0320418,1.034630e+01,3.382940e+01,1.703540e+07,1.219300e+00,1.411390e-03,7.014340e-01
2850,0.0320418,1.017180e+01,3.572880e+01,1.790510e+07,1.226430e+00,1.375420e-03,7.040010e-01
2875,0.0320418,9.993420e+00,3.750190e+01,1.882080e+07,1.233230e+00,1.339550e-03,7.064060e-01
2900,0.0320418,9.812510e+00,3.910230e+01,1.977880e+07,1.239540e+00,1.303960e-03,7.086510e-01
2925,0.0320418,9.630640e+00,4.048940e+01,2.077420e+07,1.245180e+00,1.268850e-03,7.107320e-01
2950,0.0320418,9.449380e+00,4.163120e+01,2.180120e+07,1.250050e+00,1.234420e-03,7.126500e-01
2975,0.0320418,9.270220e+00,4.250570e+01,2.285350e+07,1.254050e+00,1.200840e-03,7.144000e-01
3000,0.0320418,9.094510e+00,4.310190e+01,2.392420e+07,1.257150e+00,1.168260e-03,7.159830e-01
3025,0.0320418,8.923470e+00,4.341890e+01,2.500630e+07,1.259330e+00,1.136820e-03,7.173970e-01
3050,0.0320418,8.758110e+00,4.346490e+01,2.609290e+07,1.260620e+00,1.106600e-03,7.186480e-01
3075,0.0320418,8.599220e+00,4.325570e+01,2.717740e+07,1.261070e+00,1.077690e-03,7.197410e-01
3100,0.0320418,8.447410e+00,4.281330e+01,2.825370e+07,1.260740e+00,1.050130e-03,7.206900e-01
3125,0.0320418,8.303090e+00,4.216390e+01,2.931630e+07,1.259720e+00,1.023930e-03,7.215100e-01
3150,0.0320418,8.166510e+00,4.133700e+01,3.036040e+07,1.258100e+00,9.990980e-04,7.222210e-01
3175,0.0320418,8.037760e+00,4.036390e+01,3.138190e+07,1.255970e+00,9.756040e-04,7.228490e-01
3200,0.0320418,7.916800e+00,3.927690e+01,3.237770e+07,1.253430e+00,9.534140e-04,7.234180e-01
3225,0.0320418,7.803460e+00,3.810800e+01,3.334510e+07,1.250580e+00,9.324800e-04,7.239550e-01
3250,0.0320418,7.697520e+00,3.688870e+01,3.428260e+07,1.247500e+00,9.127440e-04,7.244860e-01
3275,0.0320418,7.598640e+00,3.564850e+01,3.518940e+07,1.244260e+00,8.941420e-04,7.250370e-01
3300,0.0320418,7.506460e+00,3.441460e+01,3.606510e+07,1.240960e+00,8.766040e-04,7.256300e-01
3325,0.0320418,7.420570e+00,3.321150e+01,3.691040e+07,1.237630e+00,8.600570e-04,7.262850e-01
3350,0.0320418,7.340520e+00,3.206010e+01,3.772610e+07,1.234350e+00,8.444300e-04,7.270200e-01
3375,0.0320418,7.265850e+00,3.097770e+01,3.851390e+07,1.231140e+00,8.296500e-04,7.278460e-01
3400,0.0320418,7.196120e+00,2.997780e+01,3.927570e+07,1.228050e+00,8.156450e-04,7.287750e-01
3425,0.0320418,7.130850e+00,2.906980e+01,4.001360e+07,1.225090e+00,8.023480e-04,7.298140e-01
3450,0.0320418,7.069610e+00,2.825960e+01,4.073000e+07,1.222290e+00,7.896930e-04,7.309680e-01
3475,0.0320418,7.011980e+00,2.754910e+01,4.142740e+07,1.219650e+00,7.776200e-04,7.322390e-01
3500,0.0320418,6.957550e+00,2.693720e+01,4.210830e+07,1.217200e+00,7.660730e-04,7.336280e-01
3525,0.0320418,6.905950e+00,2.641910e+01,4.277500e+07,1.214940e+00,7.549990e-04,7.351350e-01
3550,0.0320418,6.856860e+00,2.598750e+01,4.343000e+07,1.212870e+00,7.443530e-04,7.367580e-01
3575,0.0320418,6.809960e+00,2.563230e+01,4.407510e+07,1.211020e+00,7.340930e-04,7.384960e-01
3600,0.0320418,6.765010e+00,2.534110e+01,4.471210e+07,1.209380e+00,7.241820e-04,7.403470e-01
3625,0.0320418,6.721760e+00,2.509960e+01,4.534250e+07,1.207960e+00,7.145910e-04,7.423080e-01
3650,0.0320418,6.680050e+00,2.489160e+01,4.596740e+07,1.206780e+00,7.052920e-04,7.443790e-01
3675,0.0320418,6.639720e+00,2.469970e+01,4.658720e+07,1.205820e+00,6.962650e-04,7.465570e-01
3700,0.0320418,6.600680e+00,2.450550e+01,4.720230e+07,1.205100e+00,6.874940e-04,7.488430e-01
3725,0.0320418,6.562840e+00,2.429060e+01,4.781230e+07,1.204600e+00,6.789660e-04,7.512350e-01
3750,0.0320418,6.526200e+00,2.403640e+01,4.841650e+07,1.204340e+00,6.706730e-04,7.537330e-01
3775,0.0320418,6.490740e+00,2.372590e+01,4.901370e+07,1.204300e+00,6.626120e-04,7.563370e-01
3800,0.0320418,6.456510e+00,2.334360e+01,4.960220e+07,1.204490e+00,6.547810e-04,7.590480e-01
3825,0.0320418,6.423550e+00,2.287730e+01,5.018020e+07,1.204930e+00,6.471810e-04,7.618640e-01
3850,0.0320418,6.391950e+00,2.231840e+01,5.074530e+07,1.205620e+00,6.398150e-04,7.647860e-01
3875,0.0320418,6.361780e+00,2.166290e+01,5.129530e+07,1.206600e+00,6.326870e-04,7.678100e-01
3900,0.0320418,6.333130e+00,2.091220e+01,5.182770e+07,1.207910e+00,6.258000e-04,7.709360e-01
3925,0.0320418,6.306090e+00,2.007300e+01,5.234020e+07,1.209590e+00,6.191590e-04,7.741580e-01
3950,0.0320418,6.280720e+00,1.915710e+01,5.283070e+07,1.211720e+00,6.127660e-04,7.774740e-01
3975,0.0320418,6.257080e+00,1.818090e+01,5.329750e+07,1.214370e+00,6.066200e-04,7.808760e-01
4000,0.0320418,6.235200e+00,1.716390e+01,5.373940e+07,1.217620e+00,6.007200e-04,7.843580e-01
200,0.0569792,2.575290e+01,1.321060e+00,-5.940200e+06,1.323440e+00,8.824250e-02,8.941740e-02
225,0.0569792,2.575290e+01,1.352440e+00,-5.906790e+06,1.313580e+00,7.843780e-02,9.938210e-02
250,0.0569792,2.575290e+01,1.388770e+00,-5.872540e+06,1.302890e+00,7.059400e-02,1.092570e-01
275,0.0569792,2.575290e+01,1.430930e+00,-5.837300e+06,1.291370e+00,6.417640e-02,1.190290e-01
300,0.0569792,2.575290e+01,1.478460e+00,-5.800950e+06,1.279390e+00,5.882830e-02,1.286830e-01
325,0.0569792,2.575280e+01,1.530890e+00,-5.763340e+06,1.267300e+00,5.430290e-02,1.385830e-01
350,0.0569792,2.575250e+01,1.589280e+00,-5.724350e+06,1.255160e+00,5.042350e-02,1.484110e-01
375,0.0569792,2.575110e+01,1.659200e+00,-5.683780e+06,1.242460e+00,4.705950e-02,1.581610e-01
400,0.0569792,2.574640e+01,1.756500e+00,-5.641170e+06,1.227950e+00,4.411020e-02,1.678320e-01
425,0.0569792,2.573250e+01,1.916700e+00,-5.595440e+06,1.209860e+00,4.149300e-02,1.774350e-01
450,0.0569792,2.569630e+01,2.207540e+00,-5.544260e+06,1.187330e+00,3.913270e-02,1.870000e-01
475,0.0569792,2.561250e+01,2.740280e+00,-5.483060e+06,1.162910e+00,3.695230e-02,1.965890e-01
500,0.0569792,2.543870e+01,3.667350e+00,-5.403960e+06,1.142530e+00,3.486640e-02,2.063070e-01
525,0.0569792,2.511470e+01,5.136600e+00,-5.295140e+06,1.131620e+00,3.278320e-02,2.159240e-01
550,0.0569792,2.457890e+01,7.150530e+00,-5.142480e+06,1.131700e+00,3.062540e-02,2.258850e-01
575,0.0569792,2.381120e+01,9.302410e+00,-4.936280e+06,1.139780e+00,2.837890e-02,2.361660e-01
600,0.0569792,2.289060e+01,1.061040e+01,-4.684350e+06,1.149030e+00,2.614500e-02,2.464790e-01
625,0.0569792,2.199950e+01,1.009500e+01,-4.421330e+06,1.152670e+00,2.412210e-02,2.561300e-01
650,0.0569792,2.132090e+01,7.942750e+00,-4.193710e+06,1.150520e+00,2.247880e-02,2.649090e-01
675,0.0569792,2.088950e+01,6.708200e+00,-4.017600e+06,1.148110e+00,2.120830e-02,2.727090e-01
700,0.0569792,2.046920e+01,8.150990e+00,-3.833410e+06,1.150800e+00,2.003940e-02,2.799980e-01
725,0.0569792,1.997380e+01,8.760760e+00,-3.617800e+06,1.156300e+00,1.888010e-02,2.872330e-01
750,0.0569792,1.954310e+01,7.122100e+00,-3.415070e+06,1.158390e+00,1.785720e-02,2.944760e-01
775,0.0569792,1.929120e+01,4.866880e+00,-3.267190e+06,1.165100e+00,1.705840e-02,3.015450e-01
800,0.0569792,1.915210e+01,4.590220e+00,-3.154000e+06,1.163700e+00,1.640620e-02,3.083080e-01
825,0.0569792,1.899270e+01,5.548760e+00,-3.027530e+06,1.156970e+00,1.577670e-02,3.147460e-01
850,0.0569792,1.878510e+01,6.418390e+00,-2.877630e+06,1.156200e+00,1.514530e-02,3.209350e-01
875,0.0569792,1.853870e+01,7.179900e+00,-2.707490e+06,1.158170e+00,1.451960e-02,3.269300e-01
900,0.0569792,1.826130e+01,7.869760e+00,-2.519230e+06,1.161590e+00,1.390500e-02,3.327580e-01
925,0.0569792,1.795990e+01,8.480010e+00,-2.314660e+06,1.165830e+00,1.330590e-02,3.384370e-01
950,0.0569792,1.764190e+01,8.986090e+00,-2.096090e+06,1.170430e+00,1.272640e-02,3.439880e-01
975,0.0569792,1.731570e+01,9.361140e+00,-1.866450e+06,1.175000e+00,1.217070e-02,3.494330e-01
1000,0.0569792,1.698950e+01,9.584710e+00,-1.629300e+06,1.179190e+00,1.164300e-02,3.547970e-01
1025,0.0569792,1.667150e+01,9.648620e+00,-1.388560e+06,1.182760e+00,1.114630e-02,3.598940e-01
1050,0.0569792,1.636840e+01,9.562190e+00,-1.148130e+06,1.185520e+00,1.068310e-02,3.649530e-01
1075,0.0569792,1.608560e+01,9.352010e+00,-9.114820e+05,1.187370e+00,1.025440e-02,3.700010e-01
1100,0.0569792,1.582620e+01,9.060220e+00,-6.812110e+05,1.188260e+00,9.859780e-03,3.750610e-01
1125,0.0569792,1.559160e+01,8.740370e+00,-4.587060e+05,1.188070e+00,9.497720e-03,3.801520e-01
1150,0.0569792,1.538080e+01,8.452850e+00,-2.439240e+05,1.186660e+00,9.165630e-03,3.852900e-01
1175,0.0569792,1.519130e+01,8.261290e+00,-3.526440e+04,1.183790e+00,8.860140e-03,3.904870e-01
1200,0.0569792,1.501930e+01,8.231020e+00,1.704840e+05,1.179260e+00,8.577300e-03,3.957560e-01
1225,0.0569792,1.485950e+01,8.429120e+00,3.781890e+05,1.173120e+00,8.312850e-03,4.011110e-01
1250,0.0569792,1.470570e+01,8.925070e+00,5.944220e+05,1.165840e+00,8.062290e-03,4.065650e-01
1275,0.0569792,1.455100e+01,9.789000e+00,8.275110e+05,1.158410e+00,7.821020e-03,4.121370e-01
1300,0.0569792,1.438760e+01,1.108230e+01,1.087460e+06,1.152100e+00,7.584500e-03,4.178460e-01
1325,0.0569792,1.420800e+01,1.282910e+01,1.385430e+06,1.148030e+00,7.348490e-03,4.237080e-01
1350,0.0569792,1.400570e+01,1.494920e+01,1.732090e+06,1.146820e+00,7.109720e-03,4.297290e-01
1375,0.0569792,1.377840e+01,1.712750e+01,2.133490e+06,1.148180e+00,6.867150e-03,4.358880e-01
1400,0.0569792,1.353200e+01,1.865260e+01,2.583140e+06,1.150680e+00,6.623910e-03,4.421200e-01
1425,0.0569792,1.328530e+01,1.848370e+01,3.051900e+06,1.152140e+00,6.389100e-03,4.483100e-01
1450,0.0569792,1.306790e+01,1.603460e+01,3.487830e+06,1.151960e+00,6.176190e-03,4.543170e-01
1475,0.0569792,1.290420e+01,1.220700e+01,3.841870e+06,1.154040e+00,5.995430e-03,4.600580e-01
1500,0.0569792,1.279730e+01,8.711470e+00,4.101280e+06,1.163940e+00,5.846680e-03,4.655470e-01
1525,0.0569792,1.273320e+01,6.380750e+00,4.287440e+06,1.181760e+00,5.722010e-03,4.708580e-01
1550,0.0569792,1.269520e+01,5.060140e+00,4.428780e+06,1.201540e+00,5.612920e-03,4.760610e-01
1575,0.0569792,1.267180e+01,4.354240e+00,4.545530e+06,1.217600e+00,5.513680e-03,4.812000e-01
1600,0.0569792,1.265670e+01,3.976660e+00,4.649190e+06,1.228300e+00,5.421030e-03,4.862980e-01
1625,0.0569792,1.264620e+01,3.769480e+00,4.745770e+06,1.234640e+00,5.333220e-03,4.913660e-01
1650,0.0569792,1.263860e+01,3.652910e+00,4.838410e+06,1.238050e+00,5.249250e-03,4.964100e-01
1675,0.0569792,1.263280e+01,3.587240e+00,4.928830e+06,1.239610e+00,5.168520e-03,5.014310e-01
1700,0.0569792,1.262810e+01,3.552350e+00,5.018020e+06,1.240010e+00,5.090640e-03,5.064330e-01
1725,0.0569792,1.262430e+01,3.537730e+00,5.106620e+06,1.239610e+00,5.015330e-03,5.114160e-01
1750,0.0569792,1.262090e+01,3.537690e+00,5.195030e+06,1.238650e+00,4.942360e-03,5.163800e-01
1775,0.0569792,1.261780e+01,3.549090e+00,5.283590e+06,1.237250e+00,4.871570e-03,5.213270e-01
1800,0.0569792,1.261490e+01,3.570190e+00,5.372570e+06,1.235500e+00,4.802790e-03,5.262570e-01
1825,0.0569792,1.261200e+01,3.600100e+00,5.462180e+06,1.233430e+00,4.735910e-03,5.311710e-01
1850,0.0569792,1.260900e+01,3.638440e+00,5.552640e+06,1.231090e+00,4.670790e-03,5.360690e-01
1875,0.0569792,1.260580e+01,3.685190e+00,5.644170e+06,1.228490e+00,4.607340e-03,5.409520e-01
1900,0.0569792,1.260230e+01,3.740600e+00,5.736970e+06,1.225660e+00,4.545460e-03,5.458200e-01
1925,0.0569792,1.259840e+01,3.805100e+00,5.831270e+06,1.222610e+00,4.485040e-03,5.506740e-01
1950,0.0569792,1.259400e+01,3.879270e+00,5.927310e+06,1.219350e+00,4.426010e-03,5.555140e-01
1975,0.0569792,1.258910e+01,3.963850e+00,6.025320e+06,1.215910e+00,4.368270e-03,5.603410e-01
2000,0.0569792,1.258350e+01,4.059680e+00,6.125590e+06,1.212310e+00,4.311740e-03,5.651560e-01
2025,0.0569792,1.257710e+01,4.167690e+00,6.228410e+06,1.208580e+00,4.256350e-03,5.698150e-01
2050,0.0569792,1.256980e+01,4.288940e+00,6.334090e+06,1.204740e+00,4.202000e-03,5.744590e-01
2075,0.0569792,1.256150e+01,4.424570e+00,6.442980e+06,1.200820e+00,4.148630e-03,5.790890e-01
2100,0.0569792,1.255200e+01,4.575790e+00,6.555450e+06,1.196860e+00,4.096160e-03,5.837050e-01
2125,0.0569792,1.254130e+01,4.743950e+00,6.671910e+06,1.192910e+00,4.044510e-03,5.883080e-01
2150,0.0569792,1.252920e+01,4.930450e+00,6.792800e+06,1.188980e+00,3.993610e-03,5.928960e-01
2175,0.0569792,1.251540e+01,5.136820e+00,6.918600e+06,1.185130e+00,3.943380e-03,5.974720e-01
2200,0.0569792,1.250000e+01,5.364670e+00,7.049820e+06,1.181400e+00,3.893750e-03,6.020350e-01
2225,0.0569792,1.248260e+01,5.615730e+00,7.187020e+06,1.177810e+00,3.844650e-03,6.065840e-01
2250,0.0569792,1.246310e+01,5.891860e+00,7.330810e+06,1.174420e+00,3.796000e-03,6.111200e-01
2275,0.0569792,1.244130e+01,6.195030e+00,7.481840e+06,1.171240e+00,3.747720e-03,6.156420e-01
2300,0.0569792,1.241700e+01,6.527380e+00,7.640810e+06,1.168310e+00,3.699750e-03,6.201510e-01
2325,0.0569792,1.239000e+01,6.891200e+00,7.808470e+06,1.165670e+00,3.652010e-03,6.246440e-01
2350,0.0569792,1.236010e+01,7.288970e+00,7.985650e+06,1.163330e+00,3.604420e-03,6.291210e-01
2375,0.0569792,1.232690e+01,7.723400e+00,8.173230e+06,1.161310e+00,3.556910e-03,6.335810e-01
2400,0.0569792,1.229030e+01,8.197410e+00,8.372150e+06,1.159650e+00,3.509410e-03,6.380210e-01
2425,0.0569792,1.225000e+01,8.714240e+00,8.583450e+06,1.158360e+00,3.461840e-03,6.424400e-01
2450,0.0569792,1.220580e+01,9.277400e+00,8.808250e+06,1.157450e+00,3.414130e-03,6.468340e-01
2475,0.0569792,1.215720e+01,9.890770e+00,9.047740e+06,1.156940e+00,3.366210e-03,6.511990e-01
2500,0.0569792,1.210410e+01,1.055860e+01,9.303240e+06,1.156840e+00,3.317990e-03,6.555330e-01
2525,0.0569792,1.204610e+01,1.128560e+01,9.576160e+06,1.157180e+00,3.269400e-03,6.598300e-01
2550,0.0569792,1.198300e+01,1.207660e+01,9.868050e+06,1.157960e+00,3.220380e-03,6.640830e-01
2575,0.0569792,1.191430e+01,1.293730e+01,1.018060e+07,1.159210e+00,3.170840e-03,6.682870e-01
2600,0.0569792,1.183980e+01,1.387310e+01,1.051550e+07,1.160930e+00,3.120720e-03,6.724350e-01
2625,0.0569792,1.175920e+01,1.488980e+01,1.087490e+07,1.163150e+00,3.069940e-03,6.765170e-01
2650,0.0569792,1.167210e+01,1.599280e+01,1.126080e+07,1.165890e+00,3.018450e-03,6.805260e-01
2675,0.0569792,1.157810e+01,1.718710e+01,1.167530e+07,1.169150e+00,2.966170e-03,6.844520e-01
2700,0.0569792,1.147710e+01,1.847620e+01,1.212090e+07,1.172950e+00,2.913070e-03,6.882850e-01
2725,0.0569792,1.136880e+01,1.986180e+01,1.259990e+07,1.177300e+00,2.859100e-03,6.920150e-01
2750,0.0569792,1.125290e+01,2.134240e+01,1.311480e+07,1.182180e+00,2.804240e-03,6.956330e-01
2775,0.0569792,1.112950e+01,2.291290e+01,1.366780e+07,1.187580e+00,2.748490e-03,6.991300e-01
2800,0.0569792,1.099850e+01,2.456310e+01,1.426110e+07,1.193440e+00,2.691890e-03,7.024990e-01
2825,0.0569792,1.086010e+01,2.627700e+01,1.489650e+07,1.199720e+00,2.634500e-03,7.057340e-01
2850,0.0569792,1.071470e+01,2.803280e+01,1.557530e+07,1.206320e+00,2.576420e-03,7.088300e-01
2875,0.0569792,1.056270e+01,2.980280e+01,1.629820e+07,1.213130e+00,2.517790e-03,7.117840e-01
2900,0.0569792,1.040490e+01,3.155410e+01,1.706530e+07,1.220010e+00,2.458790e-03,7.145950e-01
2925,0.0569792,1.024210e+01,3.325080e+01,1.787550e+07,1.226820e+00,2.399640e-03,7.172630e-01
2950,0.0569792,1.007550e+01,3.485550e+01,1.872710e+07,1.233410e+00,2.340600e-03,7.197860e-01
2975,0.0569792,9.906210e+00,3.633220e+01,1.961720e+07,1.239630e+00,2.281930e-03,7.221650e-01
3000,0.0569792,9.735460e+00,3.764850e+01,2.054230e+07,1.245340e+00,2.223910e-03,7.243980e-01
3025,0.0569792,9.564570e+00,3.877720e+01,2.149810e+07,1.250430e+00,2.166820e-03,7.264830e-01
3050,0.0569792,9.394780e+00,3.969830e+01,2.247950e+07,1.254810e+00,2.110900e-03,7.284180e-01
3075,0.0569792,9.227270e+00,4.039930e+01,2.348110e+07,1.258440e+00,2.056410e-03,7.302000e-01
3100,0.0569792,9.063120e+00,4.087490e+01,2.449750e+07,1.261270e+00,2.003540e-03,7.318290e-01
3125,0.0569792,8.903260e+00,4.112710e+01,2.552300e+07,1.263320e+00,1.952450e-03,7.333030e-01
3150,0.0569792,8.748460e+00,4.116380e+01,2.655210e+07,1.264600e+00,1.903280e-03,7.346260e-01
3175,0.0569792,8.599360e+00,4.099780e+01,2.757950e+07,1.265150e+00,1.856110e-03,7.358050e-01
3200,0.0569792,8.456440e+00,4.064600e+01,2.860040e+07,1.265030e+00,1.811000e-03,7.368480e-01
3225,0.0569792,8.320010e+00,4.012840e+01,2.961040e+07,1.264310e+00,1.767970e-03,7.377700e-01
3250,0.0569792,8.190280e+00,3.946700e+01,3.060570e+07,1.263040e+00,1.727020e-03,7.385880e-01
3275,0.0569792,8.067340e+00,3.868510e+01,3.158280e+07,1.261310e+00,1.688110e-03,7.393210e-01
3300,0.0569792,7.951160e+00,3.780690e+01,3.253910e+07,1.259200e+00,1.651200e-03,7.399920e-01
3325,0.0569792,7.841640e+00,3.685640e+01,3.347250e+07,1.256770e+00,1.616210e-03,7.406220e-01
3350,0.0569792,7.738590e+00,3.585740e+01,3.438150e+07,1.254110e+00,1.583070e-03,7.412350e-01
3375,0.0569792,7.641790e+00,3.483260e+01,3.526520e+07,1.251270e+00,1.551680e-03,7.418520e-01
3400,0.0569792,7.550950e+00,3.380300e+01,3.612310e+07,1.248320e+00,1.521960e-03,7.424950e-01
3425,0.0569792,7.465740e+00,3.278780e+01,3.695550e+07,1.245320e+00,1.493810e-03,7.431810e-01
3450,0.0569792,7.385810e+00,3.180390e+01,3.776280e+07,1.242300e+00,1.467100e-03,7.439280e-01
3475,0.0569792,7.310810e+00,3.086570e+01,3.854600e+07,1.239330e+00,1.441760e-03,7.447480e-01
3500,0.0569792,7.240370e+00,2.998450e+01,3.930650e+07,1.236420e+00,1.417670e-03,7.456540e-01
3525,0.0569792,7.174110e+00,2.916910e+01,4.004580e+07,1.233610e+00,1.394730e-03,7.466550e-01
3550,0.0569792,7.111670e+00,2.842520e+01,4.076560e+07,1.230910e+00,1.372860e-03,7.477560e-01
3575,0.0569792,7.052710e+00,2.775550e+01,4.146770e+07,1.228360e+00,1.351950e-03,7.489640e-01
3600,0.0569792,6.996870e+00,2.716040e+01,4.215400e+07,1.225960e+00,1.331940e-03,7.502810e-01
3625,0.0569792,6.943860e+00,2.663720e+01,4.282630e+07,1.223730e+00,1.312730e-03,7.517080e-01
3650,0.0569792,6.893380e+00,2.618120e+01,4.348640e+07,1.221680e+00,1.294260e-03,7.532480e-01
3675,0.0569792,6.845180e+00,2.578520e+01,4.413590e+07,1.219820e+00,1.276470e-03,7.549000e-01
3700,0.0569792,6.799010e+00,2.544030e+01,4.477610e+07,1.218160e+00,1.259290e-03,7.566640e-01
3725,0.0569792,6.754680e+00,2.513560e+01,4.540820e+07,1.216690e+00,1.242680e-03,7.585390e-01
3750,0.0569792,6.712020e+00,2.485900e+01,4.603310e+07,1.215440e+00,1.226600e-03,7.605250e-01
3775,0.0569792,6.670890e+00,2.459720e+01,4.665130e+07,1.214400e+00,1.211010e-03,7.626220e-01
3800,0.0569792,6.631190e+00,2.433620e+01,4.726300e+07,1.213570e+00,1.195890e-03,7.648280e-01
3825,0.0569792,6.592840e+00,2.406160e+01,4.786800e+07,1.212950e+00,1.181200e-03,7.671440e-01
3850,0.0569792,6.555790e+00,2.375920e+01,4.846580e+07,1.212550e+00,1.166930e-03,7.695690e-01
3875,0.0569792,6.520020e+00,2.341560e+01,4.905560e+07,1.212360e+00,1.153080e-03,7.721040e-01
3900,0.0569792,6.485550e+00,2.301880e+01,4.963620e+07,1.212380e+00,1.139630e-03,7.747470e-01
3925,0.0569792,6.452390e+00,2.255870e+01,5.020600e+07,1.212640e+00,1.126580e-03,7.774980e-01
3950,0.0569792,6.420600e+00,2.202800e+01,5.076350e+07,1.213130e+00,1.113940e-03,7.803550e-01
3975,0.0569792,6.390210e+00,2.142260e+01,5.130680e+07,1.213870e+00,1.101690e-03,7.833180e-01
4000,0.0569792,6.361290e+00,2.074210e+01,5.183400e+07,1.214910e+00,1.089850e-03,7.863830e-01
200,0.101325,2.575290e+01,1.321060e+00,-5.940200e+06,1.323440e+00,1.569200e-01,8.941740e-02
225,0.101325,2.575290e+01,1.352440e+00,-5.906790e+06,1.313580e+00,1.394840e-01,9.938210e-02
250,0.101325,2.575290e+01,1.388770e+00,-5.872540e+06,1.302890e+00,1.255360e-01,1.092570e-01
275,0.101325,2.575290e+01,1.430930e+00,-5.837300e+06,1.291370e+00,1.141240e-01,1.190290e-01
300,0.101325,2.575290e+01,1.478420e+00,-5.800950e+06,1.279400e+00,1.046130e-01,1.286830e-01
325,0.101325,2.575280e+01,1.530640e+00,-5.763340e+06,1.267350e+00,9.656590e-02,1.385830e-01
350,0.101325,2.575260e+01,1.588060e+00,-5.724370e+06,1.255340e+00,8.966750e-02,1.484110e-01
375,0.101325,2.575160e+01,1.654490e+00,-5.683870e+06,1.243080e+00,8.368650e-02,1.581600e-01
400,0.101325,2.574820e+01,1.741210e+00,-5.641480e+06,1.229650e+00,7.844560e-02,1.678280e-01
425,0.101325,2.573810e+01,1.873950e+00,-5.596430e+06,1.213600e+00,7.380210e-02,1.774210e-01
450,0.101325,2.571170e+01,2.102150e+00,-5.547000e+06,1.193820e+00,6.963060e-02,1.869610e-01
475,0.101325,2.565050e+01,2.508410e+00,-5.489850e+06,1.171370e+00,6.580880e-02,1.964930e-01
500,0.101325,2.552240e+01,3.210840e+00,-5.419120e+06,1.150450e+00,6.220620e-02,2.060960e-01
525,0.101325,2.527990e+01,4.342020e+00,-5.325720e+06,1.136340e+00,5.868100e-02,2.155130e-01
550,0.101325,2.486650e+01,5.973590e+00,-5.197790e+06,1.132000e+00,5.509780e-02,2.251880e-01
575,0.101325,2.424210e+01,7.951900e+00,-5.024030e+06,1.136690e+00,5.137890e-02,2.351670e-01
600,0.101325,2.342720e+01,9.694900e+00,-4.802030e+06,1.146040e+00,4.758290e-02,2.453200e-01
625,0.101325,2.253660e+01,1.028310e+01,-4.549020e+06,1.153430e+00,4.394300e-02,2.550860e-01
650,0.101325,2.174250e+01,9.219590e+00,-4.301990e+06,1.154670e+00,4.076410e-02,2.642420e-01
675,0.101325,2.117120e+01,7.194200e+00,-4.096610e+06,1.151870e+00,3.822290e-02,2.725380e-01
700,0.101325,2.077920e+01,6.887950e+00,-3.927170e+06,1.150160e+00,3.617540e-02,2.800160e-01
725,0.101325,2.035330e+01,8.196760e+00,-3.738280e+06,1.154410e+00,3.421200e-02,2.871560e-01
750,0.101325,1.988280e+01,8.319810e+00,-3.527780e+06,1.159120e+00,3.230710e-02,2.942750e-01
775,0.101325,1.949880e+01,6.592920e+00,-3.338500e+06,1.160940e+00,3.066110e-02,3.013790e-01
800,0.101325,1.927650e+01,4.739140e+00,-3.199320e+06,1.166430e+00,2.936440e-02,3.083020e-01
825,0.101325,1.913900e+01,4.708340e+00,-3.085100e+06,1.163160e+00,2.827140e-02,3.149350e-01
850,0.101325,1.897910e+01,5.540700e+00,-2.957110e+06,1.158250e+00,2.721060e-02,3.212750e-01
875,0.101325,1.877850e+01,6.300670e+00,-2.808870e+06,1.158000e+00,2.615370e-02,3.273930e-01
900,0.101325,1.854420e+01,6.976860e+00,-2.642770e+06,1.160050e+00,2.511010e-02,3.333370e-01
925,0.101325,1.828270e+01,7.592340e+00,-2.460530e+06,1.163370e+00,2.408690e-02,3.391290e-01
950,0.101325,1.799980e+01,8.140390e+00,-2.263710e+06,1.167440e+00,2.309010e-02,3.447870e-01
975,0.101325,1.770170e+01,8.602350e+00,-2.054220e+06,1.171870e+00,2.212550e-02,3.503290e-01
1000,0.101325,1.739530e+01,8.957740e+00,-1.834480e+06,1.176310e+00,2.119890e-02,3.557740e-01
1025,0.101325,1.708760e+01,9.190210e+00,-1.607370e+06,1.180470e+00,2.031600e-02,3.609310e-01
1050,0.101325,1.678530e+01,9.293260e+00,-1.376050e+06,1.184090e+00,1.948150e-02,3.660240e-01
1075,0.101325,1.649430e+01,9.272380e+00,-1.143740e+06,1.186990e+00,1.869860e-02,3.710780e-01
1100,0.101325,1.621950e+01,9.146620e+00,-9.133120e+05,1.189040e+00,1.796910e-02,3.761140e-01
1125,0.101325,1.596390e+01,8.947890e+00,-6.870190e+05,1.190130e+00,1.729290e-02,3.811540e-01
1150,0.101325,1.572900e+01,8.718670e+00,-4.661740e+05,1.190160e+00,1.666810e-02,3.862150e-01
1175,0.101325,1.551480e+01,8.508970e+00,-2.509250e+05,1.188980e+00,1.609130e-02,3.913120e-01
1200,0.101325,1.531940e+01,8.373660e+00,-4.010610e+04,1.186420e+00,1.555760e-02,3.964610e-01
1225,0.101325,1.513990e+01,8.370730e+00,1.688610e+05,1.182350e+00,1.506160e-02,4.016730e-01
1250,0.101325,1.497200e+01,8.560520e+00,3.800360e+05,1.176830e+00,1.459660e-02,4.069620e-01
1275,0.101325,1.481040e+01,9.005300e+00,5.990120e+05,1.170270e+00,1.415600e-02,4.123430e-01
1300,0.101325,1.464920e+01,9.767140e+00,8.329450e+05,1.163470e+00,1.373260e-02,4.178310e-01
1325,0.101325,1.448150e+01,1.090010e+01,1.090470e+06,1.157480e+00,1.331930e-02,4.234440e-01
1350,0.101325,1.430070e+01,1.242890e+01,1.381270e+06,1.153330e+00,1.290940e-02,4.291960e-01
1375,0.101325,1.410090e+01,1.430000e+01,1.714810e+06,1.151670e+00,1.249760e-02,4.350930e-01
1400,0.101325,1.387930e+01,1.628760e+01,2.097330e+06,1.152450e+00,1.208150e-02,4.411220e-01
1425,0.101325,1.363920e+01,1.786830e+01,2.525910e+06,1.154660e+00,1.166420e-02,4.472350e-01
1450,0.101325,1.339450e+01,1.820910e+01,2.980390e+06,1.156440e+00,1.125740e-02,4.533400e-01
1475,0.101325,1.316900e+01,1.661810e+01,3.419950e+06,1.156580e+00,1.088030e-02,4.593190e-01
1500,0.101325,1.298730e+01,1.341940e+01,3.797550e+06,1.157080e+00,1.055140e-02,4.650760e-01
1525,0.101325,1.285950e+01,9.965920e+00,4.088910e+06,1.162710e+00,1.027630e-02,4.705950e-01
1550,0.101325,1.277770e+01,7.340140e+00,4.303040e+06,1.175810e+00,1.004630e-02,4.759260e-01
1575,0.101325,1.272720e+01,5.706480e+00,4.464300e+06,1.193110e+00,9.847710e-03,4.811330e-01
1600,0.101325,1.269550e+01,4.777160e+00,4.594220e+06,1.209300e+00,9.669660e-03,4.862640e-01
1625,0.101325,1.267460e+01,4.258660e+00,4.706550e+06,1.221410e+00,9.505250e-03,4.913490e-01
1650,0.101325,1.266020e+01,3.964520e+00,4.809000e+06,1.229320e+00,9.350580e-03,4.964000e-01
1675,0.101325,1.264970e+01,3.792960e+00,4.905780e+06,1.234040e+00,9.203410e-03,5.014260e-01
1700,0.101325,1.264180e+01,3.690850e+00,4.999220e+06,1.236610e+00,9.062390e-03,5.064300e-01
1725,0.101325,1.263560e+01,3.630430e+00,5.090670e+06,1.237770e+00,8.926640e-03,5.114130e-01
1750,0.101325,1.263050e+01,3.596850e+00,5.180970e+06,1.237990e+00,8.795580e-03,5.163780e-01
1775,0.101325,1.262620e+01,3.581870e+00,5.270670e+06,1.237530e+00,8.668740e-03,5.213250e-01
1800,0.101325,1.262240e+01,3.580810e+00,5.360180e+06,1.236580e+00,8.545790e-03,5.262550e-01
1825,0.101325,1.261900e+01,3.590930e+00,5.449800e+06,1.235230e+00,8.426420e-03,5.311690e-01
1850,0.101325,1.261570e+01,3.610640e+00,5.539800e+06,1.233550e+00,8.310390e-03,5.360670e-01
1875,0.101325,1.261250e+01,3.639040e+00,5.630410e+06,1.231590e+00,8.197480e-03,5.409500e-01
1900,0.101325,1.260920e+01,3.675710e+00,5.721820e+06,1.229370e+00,8.087500e-03,5.458180e-01
1925,0.101325,1.260570e+01,3.720550e+00,5.814260e+06,1.226920e+00,7.980270e-03,5.506710e-01
1950,0.101325,1.260190e+01,3.773670e+00,5.907920e+06,1.224260e+00,7.875620e-03,5.555110e-01
1975,0.101325,1.259790e+01,3.835400e+00,6.003010e+06,1.221410e+00,7.773410e-03,5.603380e-01
2000,0.101325,1.259330e+01,3.906180e+00,6.099760e+06,1.218380e+00,7.673470e-03,5.651510e-01
2025,0.101325,1.258820e+01,3.986570e+00,6.198400e+06,1.215190e+00,7.575690e-03,5.698100e-01
2050,0.101325,1.258250e+01,4.077260e+00,6.299180e+06,1.211860e+00,7.479910e-03,5.744530e-01
2075,0.101325,1.257610e+01,4.179000e+00,6.402360e+06,1.208420e+00,7.386010e-03,5.790820e-01
2100,0.101325,1.256880e+01,4.292640e+00,6.508230e+06,1.204890e+00,7.293870e-03,5.836970e-01
2125,0.101325,1.256060e+01,4.419120e+00,6.617100e+06,1.201300e+00,7.203360e-03,5.882990e-01
2150,0.101325,1.255140e+01,4.559430e+00,6.729300e+06,1.197670e+00,7.114350e-03,5.928870e-01
2175,0.101325,1.254100e+01,4.714650e+00,6.845190e+06,1.194040e+00,7.026740e-03,5.974620e-01
2200,0.101325,1.252920e+01,4.885940e+00,6.965170e+06,1.190440e+00,6.940400e-03,6.020240e-01
2225,0.101325,1.251610e+01,5.074540e+00,7.089630e+06,1.186910e+00,6.855210e-03,6.065730e-01
2250,0.101325,1.250140e+01,5.281750e+00,7.219050e+06,1.183470e+00,6.771060e-03,6.111100e-01
2275,0.101325,1.248490e+01,5.508980e+00,7.353890e+06,1.180160e+00,6.687830e-03,6.156340e-01
2300,0.101325,1.246650e+01,5.757720e+00,7.494680e+06,1.177010e+00,6.605410e-03,6.201460e-01
2325,0.101325,1.244610e+01,6.029550e+00,7.641970e+06,1.174050e+00,6.523680e-03,6.246440e-01
2350,0.101325,1.242350e+01,6.326200e+00,7.796360e+06,1.171300e+00,6.442540e-03,6.291290e-01
2375,0.101325,1.239840e+01,6.649470e+00,7.958500e+06,1.168790e+00,6.361860e-03,6.336000e-01
2400,0.101325,1.237070e+01,7.001350e+00,8.129070e+06,1.166540e+00,6.281540e-03,6.380570e-01
2425,0.101325,1.234020e+01,7.383960e+00,8.308820e+06,1.164580e+00,6.201450e-03,6.424960e-01
2450,0.101325,1.230670e+01,7.799600e+00,8.498550e+06,1.162920e+00,6.121500e-03,6.469190e-01
2475,0.101325,1.226990e+01,8.250760e+00,8.699100e+06,1.161580e+00,6.041560e-03,6.513210e-01
2500,0.101325,1.222970e+01,8.740170e+00,8.911400e+06,1.160580e+00,5.961520e-03,6.557020e-01
2525,0.101325,1.218570e+01,9.270800e+00,9.136450e+06,1.159930e+00,5.881270e-03,6.600570e-01
2550,0.101325,1.213780e+01,9.845870e+00,9.375310e+06,1.159640e+00,5.800710e-03,6.643850e-01
2575,0.101325,1.208560e+01,1.046890e+01,9.629140e+06,1.159730e+00,5.719710e-03,6.686800e-01
2600,0.101325,1.202900e+01,1.114360e+01,9.899190e+06,1.160210e+00,5.638170e-03,6.729390e-01
2625,0.101325,1.196760e+01,1.187420e+01,1.018680e+07,1.161100e+00,5.555990e-03,6.771560e-01
2650,0.101325,1.190120e+01,1.266470e+01,1.049340e+07,1.162410e+00,5.473040e-03,6.813250e-01
2675,0.101325,1.182960e+01,1.351970e+01,1.082060e+07,1.164150e+00,5.389230e-03,6.854390e-01
2700,0.101325,1.175230e+01,1.444330e+01,1.117000e+07,1.166340e+00,5.304460e-03,6.894920e-01
2725,0.101325,1.166920e+01,1.543960e+01,1.154330e+07,1.169000e+00,5.218640e-03,6.934760e-01
2750,0.101325,1.158000e+01,1.651210e+01,1.194260e+07,1.172130e+00,5.131680e-03,6.973830e-01
2775,0.101325,1.148450e+01,1.766300e+01,1.236960e+07,1.175750e+00,5.043510e-03,7.012050e-01
2800,0.101325,1.138250e+01,1.889320e+01,1.282640e+07,1.179850e+00,4.954080e-03,7.049330e-01
2825,0.101325,1.127390e+01,2.020120e+01,1.331490e+07,1.184430e+00,4.863370e-03,7.085590e-01
2850,0.101325,1.115850e+01,2.158260e+01,1.383710e+07,1.189470e+00,4.771380e-03,7.120770e-01
2875,0.101325,1.103650e+01,2.302960e+01,1.439460e+07,1.194940e+00,4.678150e-03,7.154810e-01
2900,0.101325,1.090790e+01,2.453030e+01,1.498900e+07,1.200780e+00,4.583780e-03,7.187650e-01
2925,0.101325,1.077290e+01,2.606850e+01,1.562140e+07,1.206940e+00,4.488390e-03,7.219250e-01
2950,0.101325,1.063210e+01,2.762390e+01,1.629260e+07,1.213310e+00,4.392170e-03,7.249590e-01
2975,0.101325,1.048590e+01,2.917240e+01,1.700250e+07,1.219800e+00,4.295380e-03,7.278650e-01
3000,0.101325,1.033510e+01,3.068730e+01,1.775090e+07,1.226290e+00,4.198310e-03,7.306440e-01
3025,0.101325,1.018040e+01,3.214070e+01,1.853640e+07,1.232660e+00,4.101290e-03,7.332940e-01
3050,0.101325,1.002280e+01,3.350490e+01,1.935720e+07,1.238780e+00,4.004690e-03,7.358150e-01
3075,0.101325,9.863220e+00,3.475370e+01,2.021070e+07,1.244540e+00,3.908910e-03,7.382060e-01
3100,0.101325,9.702800e+00,3.586470e+01,2.109370e+07,1.249840e+00,3.814320e-03,7.404660e-01
3125,0.101325,9.542540e+00,3.681950e+01,2.200260e+07,1.254580e+00,3.721310e-03,7.425930e-01
3150,0.101325,9.383460e+00,3.760480e+01,2.293330e+07,1.258710e+00,3.630230e-03,7.445830e-01
3175,0.101325,9.226500e+00,3.821280e+01,2.388140e+07,1.262180e+00,3.541400e-03,7.464330e-01
3200,0.101325,9.072500e+00,3.864060e+01,2.484240e+07,1.264980e+00,3.455090e-03,7.481430e-01
3225,0.101325,8.922230e+00,3.889020e+01,2.581190e+07,1.267100e+00,3.371520e-03,7.497120e-01
3250,0.101325,8.776300e+00,3.896780e+01,2.678550e+07,1.268550e+00,3.290870e-03,7.511410e-01
3275,0.101325,8.635240e+00,3.888280e+01,2.775900e+07,1.269370e+00,3.213250e-03,7.524350e-01
3300,0.101325,8.499440e+00,3.864750e+01,2.872840e+07,1.269600e+00,3.138760e-03,7.536020e-01
3325,0.101325,8.369190e+00,3.827640e+01,2.969020e+07,1.269280e+00,3.067430e-03,7.546520e-01
3350,0.101325,8.244690e+00,3.778530e+01,3.064120e+07,1.268470e+00,2.999240e-03,7.555980e-01
3375,0.101325,8.126010e+00,3.719140e+01,3.157860e+07,1.267220e+00,2.934170e-03,7.564560e-01
3400,0.101325,8.013190e+00,3.651230e+01,3.250010e+07,1.265600e+00,2.872160e-03,7.572450e-01
3425,0.101325,7.906170e+00,3.576580e+01,3.340370e+07,1.263660e+00,2.813120e-03,7.579820e-01
3450,0.101325,7.804840e+00,3.496970e+01,3.428790e+07,1.261470e+00,2.756940e-03,7.586880e-01
3475,0.101325,7.709020e+00,3.414120e+01,3.515190e+07,1.259080e+00,2.703500e-03,7.593820e-01
3500,0.101325,7.618520e+00,3.329650e+01,3.599490e+07,1.256530e+00,2.652680e-03,7.600820e-01
3525,0.101325,7.533100e+00,3.245070e+01,3.681670e+07,1.253890e+00,2.604330e-03,7.608060e-01
3550,0.101325,7.452500e+00,3.161760e+01,3.761750e+07,1.251200e+00,2.558320e-03,7.615700e-01
3575,0.101325,7.376430e+00,3.080890e+01,3.839780e+07,1.248490e+00,2.514500e-03,7.623880e-01
3600,0.101325,7.304610e+00,3.003460e+01,3.915820e+07,1.245810e+00,2.472730e-03,7.632720e-01
3625,0.101325,7.236750e+00,2.930280e+01,3.989990e+07,1.243170e+00,2.432860e-03,7.642340e-01
3650,0.101325,7.172540e+00,2.861920e+01,4.062380e+07,1.240620e+00,2.394760e-03,7.652800e-01
3675,0.101325,7.111700e+00,2.798750e+01,4.133130e+07,1.238160e+00,2.358300e-03,7.664200e-01
3700,0.101325,7.053960e+00,2.740920e+01,4.202360e+07,1.235830e+00,2.323340e-03,7.676570e-01
3725,0.101325,6.999040e+00,2.688380e+01,4.270220e+07,1.233630e+00,2.289780e-03,7.689960e-01
3750,0.101325,6.946710e+00,2.640890e+01,4.336820e+07,1.231580e+00,2.257510e-03,7.704400e-01
3775,0.101325,6.896730e+00,2.598020e+01,4.402300e+07,1.229700e+00,2.226430e-03,7.719910e-01
3800,0.101325,6.848900e+00,2.559180e+01,4.466760e+07,1.227980e+00,2.196440e-03,7.736510e-01
3825,0.101325,6.803040e+00,2.523620e+01,4.530290e+07,1.226440e+00,2.167470e-03,7.754200e-01
3850,0.101325,6.758980e+00,2.490490e+01,4.592960e+07,1.225090e+00,2.139450e-03,7.773000e-01
3875,0.101325,6.716590e+00,2.458830e+01,4.654820e+07,1.223930e+00,2.112320e-03,7.792900e-01
3900,0.101325,6.675760e+00,2.427600e+01,4.715900e+07,1.222960e+00,2.086020e-03,7.813910e-01
3925,0.101325,6.636410e+00,2.395730e+01,4.776200e+07,1.222180e+00,2.060510e-03,7.836030e-01
3950,0.101325,6.598480e+00,2.362160e+01,4.835670e+07,1.221600e+00,2.035770e-03,7.859260e-01
3975,0.101325,6.561920e+00,2.325830e+01,4.894280e+07,1.221210e+00,2.011760e-03,7.883600e-01
4000,0.101325,6.526720e+00,2.285810e+01,4.951940e+07,1.221030e+00,1.988460e-03,7.909040e-01
200,0.180184,2.575290e+01,1.321060e+00,-5.940200e+06,1.323440e+00,2.790470e-01,8.941740e-02
225,0.180184,2.575290e+01,1.352440e+00,-5.906790e+06,1.313580e+00,2.480420e-01,9.938210e-02
250,0.180184,2.575290e+01,1.388770e+00,-5.872540e+06,1.302890e+00,2.232380e-01,1.092570e-01
275,0.180184,2.575290e+01,1.430920e+00,-5.837300e+06,1.291370e+00,2.029440e-01,1.190290e-01
300,0.180184,2.575290e+01,1.478390e+00,-5.800950e+06,1.279400e+00,1.860320e-01,1.286830e-01
325,0.180184,2.575290e+01,1.530460e+00,-5.763350e+06,1.267380e+00,1.717210e-01,1.385830e-01
350,0.180184,2.575270e+01,1.587180e+00,-5.724390e+06,1.255480e+00,1.594540e-01,1.484110e-01
375,0.180184,2.575200e+01,1.651060e+00,-5.683930e+06,1.243540e+00,1.488200e-01,1.581590e-01
400,0.180184,2.574950e+01,1.730100e+00,-5.641710e+06,1.230910e+00,1.395050e-01,1.678250e-01
425,0.180184,2.574210e+01,1.842850e+00,-5.597150e+06,1.216460e+00,1.312610e-01,1.774110e-01
450,0.180184,2.572290e+01,2.025290e+00,-5.548990e+06,1.199060e+00,1.238770e-01,1.869320e-01
475,0.180184,2.567820e+01,2.338310e+00,-5.494800e+06,1.178860e+00,1.171530e-01,1.964220e-01
500,0.180184,2.558420e+01,2.871610e+00,-5.430250e+06,1.158500e+00,1.108880e-01,2.059400e-01
525,0.180184,2.540410e+01,3.734960e+00,-5.348470e+06,1.142430e+00,1.048640e-01,2.152040e-01
550,0.180184,2.509040e+01,5.019210e+00,-5.239970e+06,1.134290e+00,9.886150e-02,2.246420e-01
575,0.180184,2.459780e+01,6.701700e+00,-5.094120e+06,1.135000e+00,9.270650e-02,2.343320e-01
600,0.180184,2.391260e+01,8.493210e+00,-4.903860e+06,1.142380e+00,8.636890e-02,2.442430e-01
625,0.180184,2.308890e+01,9.748740e+00,-4.673880e+06,1.151480e+00,8.005800e-02,2.539610e-01
650,0.180184,2.225460e+01,9.761310e+00,-4.426970e+06,1.156770e+00,7.419730e-02,2.633270e-01
675,0.180184,2.155370e+01,8.446620e+00,-4.197150e+06,1.156410e+00,6.919920e-02,2.720300e-01
700,0.180184,2.106110e+01,6.789140e+00,-4.008130e+06,1.153370e+00,6.520250e-02,2.799340e-01
725,0.180184,2.068610e+01,7.030140e+00,-3.840180e+06,1.152750e+00,6.183330e-02,2.871790e-01
750,0.180184,2.026460e+01,8.082550e+00,-3.650110e+06,1.157680e+00,5.855420e-02,2.941900e-01
775,0.180184,1.982350e+01,7.897110e+00,-3.446820e+06,1.161660e+00,5.543210e-02,3.011910e-01
800,0.180184,1.947600e+01,6.244800e+00,-3.268090e+06,1.163230e+00,5.275840e-02,3.081600e-01
825,0.180184,1.927090e+01,4.719450e+00,-3.133550e+06,1.167020e+00,5.062100e-02,3.149530e-01
850,0.180184,1.913300e+01,4.773390e+00,-3.017880e+06,1.163370e+00,4.878060e-02,3.214770e-01
875,0.180184,1.897560e+01,5.483160e+00,-2.889800e+06,1.159670e+00,4.699690e-02,3.277370e-01
900,0.180184,1.878390e+01,6.149120e+00,-2.744240e+06,1.159710e+00,4.522980e-02,3.337970e-01
925,0.180184,1.856300e+01,6.749840e+00,-2.582890e+06,1.161730e+00,4.349000e-02,3.396980e-01
950,0.180184,1.831800e+01,7.299600e+00,-2.407160e+06,1.164910e+00,4.178660e-02,3.454620e-01
975,0.180184,1.805380e+01,7.793280e+00,-2.218370e+06,1.168790e+00,4.012780e-02,3.511040e-01
1000,0.180184,1.777540e+01,8.217030e+00,-2.018080e+06,1.173030e+00,3.852130e-02,3.566410e-01
1025,0.180184,1.748860e+01,8.555090e+00,-1.808240e+06,1.177340e+00,3.697540e-02,3.618770e-01
1050,0.180184,1.719910e+01,8.795400e+00,-1.591140e+06,1.181440e+00,3.549750e-02,3.670320e-01
1075,0.180184,1.691250e+01,8.932020e+00,-1.369330e+06,1.185110e+00,3.409430e-02,3.721240e-01
1100,0.180184,1.663410e+01,8.967960e+00,-1.145380e+06,1.188140e+00,3.277080e-02,3.771750e-01
1125,0.180184,1.636780e+01,8.916520e+00,-9.216660e+05,1.190400e+00,3.152970e-02,3.822020e-01
1150,0.180184,1.611690e+01,8.801310e+00,-7.000920e+05,1.191760e+00,3.037140e-02,3.872240e-01
1175,0.180184,1.588290e+01,8.655240e+00,-4.818600e+05,1.192090e+00,2.929380e-02,3.922590e-01
1200,0.180184,1.566630e+01,8.518660e+00,-2.672520e+05,1.191260e+00,2.829230e-02,3.973210e-01
1225,0.180184,1.546610e+01,8.437560e+00,-5.546560e+04,1.189140e+00,2.736060e-02,4.024240e-01
1250,0.180184,1.527990e+01,8.461920e+00,1.555040e+05,1.185640e+00,2.649070e-02,4.075810e-01
1275,0.180184,1.510450e+01,8.644680e+00,3.689500e+05,1.180820e+00,2.567320e-02,4.128060e-01
1300,0.180184,1.493560e+01,9.040720e+00,5.895150e+05,1.175020e+00,2.489790e-02,4.181120e-01
1325,0.180184,1.476810e+01,9.704600e+00,8.232190e+05,1.168870e+00,2.415410e-02,4.235150e-01
1350,0.180184,1.459620e+01,1.068440e+01,1.077380e+06,1.163250e+00,2.343090e-02,4.290290e-01
1375,0.180184,1.441410e+01,1.200590e+01,1.360300e+06,1.159070e+00,2.271780e-02,4.346680e-01
1400,0.180184,1.421640e+01,1.363860e+01,1.680300e+06,1.156990e+00,2.200610e-02,4.404400e-01
1425,0.180184,1.399990e+01,1.542970e+01,2.043610e+06,1.157160e+00,2.129090e-02,4.463350e-01
1450,0.180184,1.376620e+01,1.701070e+01,2.450120e+06,1.158940e+00,2.057440e-02,4.523210e-01
1475,0.180184,1.352440e+01,1.774870e+01,2.887150e+06,1.160910e+00,1.987040e-02,4.583310e-01
1500,0.180184,1.329280e+01,1.696350e+01,3.324700e+06,1.161600e+00,1.920470e-02,4.642660e-01
1525,0.180184,1.309420e+01,1.455050e+01,3.721440e+06,1.161450e+00,1.860770e-02,4.700320e-01
1550,0.180184,1.294350e+01,1.137040e+01,4.045750e+06,1.163840e+00,1.809690e-02,4.755840e-01
1575,0.180184,1.284020e+01,8.548190e+00,4.293160e+06,1.172150e+00,1.766750e-02,4.809440e-01
1600,0.180184,1.277310e+01,6.579540e+00,4.480450e+06,1.185800e+00,1.730050e-02,4.861650e-01
1625,0.180184,1.272970e+01,5.369820e+00,4.628500e+06,1.200850e+00,1.697640e-02,4.912970e-01
1650,0.180184,1.270070e+01,4.660240e+00,4.753080e+06,1.213700e+00,1.668120e-02,4.963720e-01
1675,0.180184,1.268060e+01,4.243670e+00,4.863930e+06,1.223020e+00,1.640620e-02,5.014100e-01
1700,0.180184,1.266600e+01,3.993520e+00,4.966640e+06,1.229140e+00,1.614630e-02,5.064200e-01
1725,0.180184,1.265510e+01,3.839330e+00,5.064400e+06,1.232870e+00,1.589850e-02,5.114070e-01
1750,0.180184,1.264650e+01,3.742810e+00,5.159080e+06,1.234940e+00,1.566080e-02,5.163740e-01
1775,0.180184,1.263960e+01,3.682900e+00,5.251840e+06,1.235880e+00,1.543180e-02,5.213220e-01
1800,0.180184,1.263390e+01,3.647740e+00,5.343430e+06,1.236020e+00,1.521070e-02,5.262520e-01
1825,0.180184,1.262910e+01,3.630410e+00,5.434380e+06,1.235570e+00,1.499650e-02,5.311660e-01
1850,0.180184,1.262480e+01,3.626770e+00,5.525060e+06,1.234670e+00,1.478880e-02,5.360640e-01
1875,0.180184,1.262090e+01,3.634280e+00,5.615810e+06,1.233400e+00,1.458710e-02,5.409470e-01
1900,0.180184,1.261720e+01,3.651370e+00,5.706860e+06,1.231830e+00,1.439100e-02,5.458150e-01
1925,0.180184,1.261360e+01,3.677120e+00,5.798450e+06,1.230000e+00,1.420000e-02,5.506680e-01
1950,0.180184,1.261000e+01,3.711000e+00,5.890780e+06,1.227940e+00,1.401400e-02,5.555080e-01
1975,0.180184,1.260620e+01,3.752820e+00,5.984060e+06,1.225660e+00,1.383240e-02,5.603340e-01
2000,0.180184,1.260220e+01,3.802570e+00,6.078490e+06,1.223190e+00,1.365520e-02,5.651470e-01
2025,0.180184,1.259790e+01,3.860440e+00,6.174260e+06,1.220550e+00,1.348210e-02,5.698050e-01
2050,0.180184,1.259330e+01,3.926730e+00,6.271580e+06,1.217760e+00,1.331270e-02,5.744480e-01
2075,0.180184,1.258810e+01,4.001870e+00,6.370670e+06,1.214820e+00,1.314690e-02,5.790760e-01
2100,0.180184,1.258230e+01,4.086360e+00,6.471750e+06,1.211770e+00,1.298450e-02,5.836900e-01
2125,0.180184,1.257590e+01,4.180820e+00,6.575070e+06,1.208620e+00,1.282520e-02,5.882900e-01
2150,0.180184,1.256880e+01,4.285900e+00,6.680880e+06,1.205390e+00,1.266880e-02,5.928770e-01
2175,0.180184,1.256080e+01,4.402350e+00,6.789460e+06,1.202100e+00,1.251520e-02,5.974510e-01
2200,0.180184,1.255180e+01,4.530960e+00,6.901100e+06,1.198790e+00,1.236420e-02,6.020120e-01
2225,0.180184,1.254180e+01,4.672610e+00,7.016120e+06,1.195470e+00,1.221550e-02,6.065610e-01
2250,0.180184,1.253060e+01,4.828210e+00,7.134850e+06,1.192180e+00,1.206900e-02,6.110970e-01
2275,0.180184,1.251810e+01,4.998760e+00,7.257650e+06,1.188940e+00,1.192440e-02,6.156210e-01
2300,0.180184,1.250410e+01,5.185310e+00,7.384920e+06,1.185780e+00,1.178170e-02,6.201330e-01
2325,0.180184,1.248870e+01,5.388980e+00,7.517060e+06,1.182730e+00,1.164060e-02,6.246330e-01
2350,0.180184,1.247160e+01,5.610940e+00,7.654520e+06,1.179800e+00,1.150100e-02,6.291210e-01
2375,0.180184,1.245260e+01,5.852480e+00,7.797770e+06,1.177040e+00,1.136260e-02,6.335970e-01
2400,0.180184,1.243170e+01,6.114930e+00,7.947320e+06,1.174450e+00,1.122540e-02,6.380600e-01
2425,0.180184,1.240860e+01,6.399740e+00,8.103700e+06,1.172070e+00,1.108900e-02,6.425100e-01
2450,0.180184,1.238320e+01,6.708450e+00,8.267500e+06,1.169910e+00,1.095340e-02,6.469460e-01
2475,0.180184,1.235540e+01,7.042710e+00,8.439340e+06,1.167990e+00,1.081840e-02,6.513660e-01
2500,0.180184,1.232500e+01,7.404310e+00,8.619870e+06,1.166340e+00,1.068380e-02,6.557710e-01
2525,0.180184,1.229170e+01,7.795150e+00,8.809800e+06,1.164960e+00,1.054950e-02,6.601580e-01
2550,0.180184,1.225540e+01,8.217330e+00,9.009890e+06,1.163870e+00,1.041520e-02,6.645250e-01
2575,0.180184,1.221580e+01,8.673080e+00,9.220940e+06,1.163080e+00,1.028080e-02,6.688710e-01
2600,0.180184,1.217290e+01,9.164840e+00,9.443840e+06,1.162610e+00,1.014620e-02,6.731910e-01
2625,0.180184,1.212630e+01,9.695230e+00,9.679510e+06,1.162470e+00,1.001110e-02,6.774850e-01
2650,0.180184,1.207590e+01,1.026700e+01,9.928950e+06,1.162670e+00,9.875420e-03,6.817460e-01
2675,0.180184,1.202140e+01,1.088330e+01,1.019320e+07,1.163220e+00,9.738980e-03,6.859730e-01
2700,0.180184,1.196260e+01,1.154720e+01,1.047350e+07,1.164140e+00,9.601630e-03,6.901590e-01
2725,0.180184,1.189930e+01,1.226190e+01,1.077100e+07,1.165440e+00,9.463200e-03,6.943000e-01
2750,0.180184,1.183130e+01,1.303080e+01,1.108710e+07,1.167130e+00,9.323540e-03,6.983900e-01
2775,0.180184,1.175820e+01,1.385700e+01,1.142300e+07,1.169230e+00,9.182510e-03,7.024230e-01
2800,0.180184,1.168000e+01,1.474360e+01,1.178040e+07,1.171740e+00,9.039990e-03,7.063930e-01
2825,0.180184,1.159640e+01,1.569280e+01,1.216070e+07,1.174670e+00,8.895840e-03,7.102920e-01
2850,0.180184,1.150720e+01,1.670640e+01,1.256560e+07,1.178030e+00,8.749970e-03,7.141130e-01
2875,0.180184,1.141230e+01,1.778470e+01,1.299660e+07,1.181830e+00,8.602320e-03,7.178510e-01
2900,0.180184,1.131140e+01,1.892660e+01,1.345540e+07,1.186060e+00,8.452830e-03,7.214990e-01
2925,0.180184,1.120470e+01,2.012890e+01,1.394340e+07,1.190700e+00,8.301520e-03,7.250500e-01
2950,0.180184,1.109210e+01,2.138590e+01,1.446230e+07,1.195720e+00,8.148430e-03,7.284990e-01
2975,0.180184,1.097370e+01,2.268930e+01,1.501310e+07,1.201110e+00,7.993670e-03,7.318420e-01
3000,0.180184,1.084960e+01,2.402760e+01,1.559700e+07,1.206790e+00,7.837420e-03,7.350760e-01
3025,0.180184,1.072010e+01,2.538640e+01,1.621470e+07,1.212710e+00,7.679920e-03,7.381980e-01
3050,0.180184,1.058570e+01,2.674860e+01,1.686640e+07,1.218780e+00,7.521490e-03,7.412070e-01
3075,0.180184,1.044690e+01,2.809510e+01,1.755200e+07,1.224920e+00,7.362500e-03,7.441020e-01
3100,0.180184,1.030430e+01,2.940520e+01,1.827080e+07,1.231040e+00,7.203400e-03,7.468830e-01
3125,0.180184,1.015850e+01,3.065790e+01,1.902170e+07,1.237020e+00,7.044680e-03,7.495500e-01
3150,0.180184,1.001040e+01,3.183280e+01,1.980310e+07,1.242770e+00,6.886860e-03,7.521020e-01
3175,0.180184,9.860730e+00,3.291140e+01,2.061260e+07,1.248200e+00,6.730500e-03,7.545380e-01
3200,0.180184,9.710420e+00,3.387740e+01,2.144770e+07,1.253230e+00,6.576120e-03,7.568560e-01
3225,0.180184,9.560280e+00,3.471790e+01,2.230540e+07,1.257790e+00,6.424250e-03,7.590540e-01
3250,0.180184,9.411130e+00,3.542350e+01,2.318250e+07,1.261830e+00,6.275380e-03,7.611290e-01
3275,0.180184,9.263720e+00,3.598850e+01,2.407540e+07,1.265320e+00,6.129940e-03,7.630780e-01
3300,0.180184,9.118760e+00,3.641070e+01,2.498070e+07,1.268230e+00,5.988310e-03,7.648990e-01
3325,0.180184,8.976860e+00,3.669130e+01,2.589480e+07,1.270550e+00,5.850800e-03,7.665910e-01
3350,0.180184,8.838560e+00,3.683430e+01,2.681410e+07,1.272310e+00,5.717660e-03,7.681540e-01
3375,0.180184,8.704280e+00,3.684600e+01,2.773540e+07,1.273510e+00,5.589090e-03,7.695920e-01
3400,0.180184,8.574390e+00,3.673490e+01,2.865540e+07,1.274180e+00,5.465200e-03,7.709080e-01
3425,0.180184,8.449160e+00,3.651090e+01,2.957120e+07,1.274350e+00,5.346070e-03,7.721110e-01
3450,0.180184,8.328770e+00,3.618520e+01,3.048010e+07,1.274070e+00,5.231710e-03,7.732100e-01
3475,0.180184,8.213350e+00,3.576980e+01,3.137970e+07,1.273380e+00,5.122090e-03,7.742180e-01
3500,0.180184,8.102940e+00,3.527730e+01,3.226790e+07,1.272320e+00,5.017150e-03,7.751480e-01
3525,0.180184,7.997560e+00,3.472070e+01,3.314300e+07,1.270940e+00,4.916770e-03,7.760150e-01
3550,0.180184,7.897130e+00,3.411300e+01,3.400350e+07,1.269290e+00,4.820840e-03,7.768350e-01
3575,0.180184,7.801580e+00,3.346680e+01,3.484830e+07,1.267400e+00,4.729210e-03,7.776260e-01
3600,0.180184,7.710760e+00,3.279470e+01,3.567670e+07,1.265340e+00,4.641700e-03,7.784040e-01
3625,0.180184,7.624520e+00,3.210820e+01,3.648800e+07,1.263130e+00,4.558130e-03,7.791850e-01
3650,0.180184,7.542660e+00,3.141830e+01,3.728200e+07,1.260820e+00,4.478300e-03,7.799840e-01
3675,0.180184,7.464980e+00,3.073480e+01,3.805890e+07,1.258450e+00,4.402030e-03,7.808150e-01
3700,0.180184,7.391270e+00,3.006630e+01,3.881890e+07,1.256050e+00,4.329120e-03,7.816920e-01
3725,0.180184,7.321300e+00,2.941980e+01,3.956240e+07,1.253650e+00,4.259350e-03,7.826250e-01
3750,0.180184,7.254830e+00,2.880130e+01,4.029010e+07,1.251280e+00,4.192550e-03,7.836260e-01
3775,0.180184,7.191650e+00,2.821490e+01,4.100280e+07,1.248970e+00,4.128510e-03,7.847020e-01
3800,0.180184,7.131510e+00,2.766320e+01,4.170120e+07,1.246740e+00,4.067050e-03,7.858610e-01
3825,0.180184,7.074210e+00,2.714750e+01,4.238620e+07,1.244600e+00,4.008010e-03,7.871100e-01
3850,0.180184,7.019530e+00,2.666710e+01,4.305880e+07,1.242570e+00,3.951200e-03,7.884530e-01
3875,0.180184,6.967290e+00,2.622040e+01,4.371990e+07,1.240670e+00,3.896490e-03,7.898950e-01
3900,0.180184,6.917280e+00,2.580400e+01,4.437010e+07,1.238910e+00,3.843730e-03,7.914380e-01
3925,0.180184,6.869360e+00,2.541360e+01,4.501030e+07,1.237300e+00,3.792790e-03,7.930850e-01
3950,0.180184,6.823380e+00,2.504360e+01,4.564100e+07,1.235840e+00,3.743550e-03,7.948390e-01
3975,0.180184,6.779190e+00,2.468760e+01,4.626260e+07,1.234540e+00,3.695920e-03,7.967000e-01
4000,0.180184,6.736700e+00,2.433850e+01,4.687540e+07,1.233410e+00,3.649800e-03,7.986710e-01
200,0.320418,2.575290e+01,1.321060e+00,-5.940200e+06,1.323440e+00,4.962240e-01,8.941740e-02
225,0.320418,2.575290e+01,1.352440e+00,-5.906790e+06,1.313580e+00,4.410880e-01,9.938210e-02
250,0.320418,2.575290e+01,1.388770e+00,-5.872540e+06,1.302890e+00,3.969790e-01,1.092570e-01
275,0.320418,2.575290e+01,1.430920e+00,-5.837300e+06,1.291370e+00,3.608900e-01,1.190290e-01
300,0.320418,2.575290e+01,1.478370e+00,-5.800950e+06,1.279410e+00,3.308160e-01,1.286830e-01
325,0.320418,2.575290e+01,1.530320e+00,-5.763350e+06,1.267400e+00,3.053680e-01,1.385830e-01
350,0.320418,2.575270e+01,1.586530e+00,-5.724400e+06,1.255570e+00,2.835550e-01,1.484110e-01
375,0.320418,2.575220e+01,1.648570e+00,-5.683970e+06,1.243870e+00,2.646460e-01,1.581590e-01
400,0.320418,2.575040e+01,1.722020e+00,-5.641880e+06,1.231830e+00,2.480880e-01,1.678220e-01
425,0.320418,2.574510e+01,1.820220e+00,-5.597670e+06,1.218610e+00,2.334460e-01,1.774030e-01
450,0.320418,2.573110e+01,1.969280e+00,-5.550450e+06,1.203190e+00,2.203570e-01,1.869110e-01
475,0.320418,2.569850e+01,2.213860e+00,-5.498420e+06,1.185230e+00,2.084960e-01,1.963710e-01
500,0.320418,2.562970e+01,2.621130e+00,-5.438400e+06,1.166160e+00,1.975400e-01,2.058250e-01
525,0.320418,2.549680e+01,3.278010e+00,-5.365280e+06,1.149300e+00,1.871580e-01,2.149730e-01
550,0.320418,2.526150e+01,4.271550e+00,-5.271680e+06,1.138300e+00,1.770020e-01,2.242240e-01
575,0.320418,2.488140e+01,5.637040e+00,-5.148560e+06,1.135140e+00,1.667590e-01,2.336600e-01
600,0.320418,2.432730e+01,7.260830e+00,-4.987600e+06,1.139350e+00,1.562520e-01,2.433060e-01
625,0.320418,2.361090e+01,8.769650e+00,-4.786400e+06,1.147920e+00,1.455840e-01,2.528610e-01
650,0.320418,2.280730e+01,9.562770e+00,-4.555120e+06,1.155980e+00,1.352200e-01,2.622730e-01
675,0.320418,2.203940e+01,9.191400e+00,-4.318170e+06,1.159460e+00,1.258280e-01,2.712400e-01
700,0.320418,2.141830e+01,7.843680e+00,-4.103890e+06,1.158130e+00,1.179150e-01,2.795510e-01
725,0.320418,2.097850e+01,6.607880e+00,-3.925560e+06,1.155080e+00,1.115110e-01,2.871490e-01
750,0.320418,2.061290e+01,7.072920e+00,-3.757730e+06,1.155510e+00,1.059150e-01,2.942160e-01
775,0.320418,2.020390e+01,7.876990e+00,-3.569450e+06,1.160570e+00,1.004650e-01,3.011080e-01
800,0.320418,1.979190e+01,7.539630e+00,-3.373760e+06,1.164010e+00,9.534080e-02,3.079900e-01
825,0.320418,1.947060e+01,6.044310e+00,-3.202570e+06,1.165210e+00,9.095100e-02,3.148310e-01
850,0.320418,1.927390e+01,4.758360e+00,-3.069800e+06,1.167410e+00,8.738420e-02,3.215090e-01
875,0.320418,1.913510e+01,4.797690e+00,-2.952760e+06,1.164060e+00,8.427620e-02,3.279420e-01
900,0.320418,1.898210e+01,5.391500e+00,-2.825580e+06,1.161130e+00,8.127990e-02,3.341360e-01
925,0.320418,1.880060e+01,5.974140e+00,-2.683400e+06,1.161290e+00,7.832710e-02,3.401480e-01
950,0.320418,1.859380e+01,6.507350e+00,-2.527290e+06,1.163210e+00,7.542700e-02,3.460150e-01
975,0.320418,1.836560e+01,6.998530e+00,-2.358380e+06,1.166200e+00,7.259090e-02,3.517560e-01
1000,0.320418,1.811990e+01,7.443900e+00,-2.177740e+06,1.169860e+00,6.982950e-02,3.573870e-01
1025,0.320418,1.786110e+01,7.833100e+00,-1.986650e+06,1.173900e+00,6.715310e-02,3.627100e-01
1050,0.320418,1.759360e+01,8.155010e+00,-1.786650e+06,1.178060e+00,6.457260e-02,3.679410e-01
1075,0.320418,1.732230e+01,8.400130e+00,-1.579540e+06,1.182080e+00,6.209810e-02,3.730960e-01
1100,0.320418,1.705170e+01,8.563490e+00,-1.367330e+06,1.185770e+00,5.973890e-02,3.781890e-01
1125,0.320418,1.678630e+01,8.646480e+00,-1.152040e+06,1.188930e+00,5.750210e-02,3.832380e-01
1150,0.320418,1.652960e+01,8.658150e+00,-9.355990e+05,1.191400e+00,5.539190e-02,3.882590e-01
1175,0.320418,1.628460e+01,8.615610e+00,-7.195870e+05,1.193050e+00,5.340970e-02,3.932690e-01
1200,0.320418,1.605300e+01,8.543730e+00,-5.050650e+05,1.193740e+00,5.155330e-02,3.982810e-01
1225,0.320418,1.583550e+01,8.474250e+00,-2.923820e+05,1.193350e+00,4.981700e-02,4.033120e-01
1250,0.320418,1.563170e+01,8.444540e+00,-8.102240e+04,1.191770e+00,4.819250e-02,4.083730e-01
1275,0.320418,1.544020e+01,8.496440e+00,1.305240e+05,1.188930e+00,4.666870e-02,4.134790e-01
1300,0.320418,1.525840e+01,8.675140e+00,3.448560e+05,1.184890e+00,4.523230e-02,4.186420e-01
1325,0.320418,1.508300e+01,9.028000e+00,5.657320e+05,1.179900e+00,4.386850e-02,4.238750e-01
1350,0.320418,1.490960e+01,9.602390e+00,7.981030e+05,1.174470e+00,4.256130e-02,4.291930e-01
1375,0.320418,1.473370e+01,1.044100e+01,1.048060e+06,1.169300e+00,4.129430e-02,4.346090e-01
1400,0.320418,1.455000e+01,1.157040e+01,1.322580e+06,1.165180e+00,4.005130e-02,4.401350e-01
1425,0.320418,1.435390e+01,1.297820e+01,1.628920e+06,1.162770e+00,3.881840e-02,4.457800e-01
1450,0.320418,1.414210e+01,1.456820e+01,1.973060e+06,1.162340e+00,3.758630e-02,4.515400e-01
1475,0.320418,1.391450e+01,1.609310e+01,2.356850e+06,1.163610e+00,3.635450e-02,4.573950e-01
1500,0.320418,1.367670e+01,1.709870e+01,2.773430e+06,1.165560e+00,3.513760e-02,4.632960e-01
1525,0.320418,1.344180e+01,1.699890e+01,3.202510e+06,1.166810e+00,3.396800e-02,4.691690e-01
1550,0.320418,1.322890e+01,1.544580e+01,3.611050e+06,1.166810e+00,3.289070e-02,4.749260e-01
1575,0.320418,1.305510e+01,1.279850e+01,3.965500e+06,1.167280e+00,3.194350e-02,4.805070e-01
1600,0.320418,1.292690e+01,9.980380e+00,4.249620e+06,1.171450e+00,3.113560e-02,4.859040e-01
1625,0.320418,1.283860e+01,7.720460e+00,4.469350e+06,1.180750e+00,3.044710e-02,4.911500e-01
1650,0.320418,1.277920e+01,6.188660e+00,4.641800e+06,1.193270e+00,2.984710e-02,4.962920e-01
1675,0.320418,1.273880e+01,5.230830e+00,4.783570e+06,1.205740e+00,2.930870e-02,5.013650e-01
1700,0.320418,1.271060e+01,4.645060e+00,4.906430e+06,1.215950e+00,2.881360e-02,5.063940e-01
1725,0.320418,1.269000e+01,4.283110e+00,5.017670e+06,1.223340e+00,2.835020e-02,5.113910e-01
1750,0.320418,1.267460e+01,4.054140e+00,5.121680e+06,1.228290e+00,2.791120e-02,5.163630e-01
1775,0.320418,1.266260e+01,3.905920e+00,5.221050e+06,1.231400e+00,2.749210e-02,5.213140e-01
1800,0.320418,1.265310e+01,3.808780e+00,5.317400e+06,1.233180e+00,2.708990e-02,5.262460e-01
1825,0.320418,1.264530e+01,3.745600e+00,5.411770e+06,1.234010e+00,2.670240e-02,5.311610e-01
1850,0.320418,1.263880e+01,3.706280e+00,5.504870e+06,1.234140e+00,2.632800e-02,5.360600e-01
1875,0.320418,1.263320e+01,3.684630e+00,5.597230e+06,1.233740e+00,2.596540e-02,5.409430e-01
1900,0.320418,1.262830e+01,3.676780e+00,5.689220e+06,1.232930e+00,2.561380e-02,5.458110e-01
1925,0.320418,1.262380e+01,3.680250e+00,5.781160e+06,1.231780e+00,2.527220e-02,5.506640e-01
1950,0.320418,1.261970e+01,3.693440e+00,5.873310e+06,1.230350e+00,2.493990e-02,5.555040e-01
1975,0.320418,1.261560e+01,3.715320e+00,5.965910e+06,1.228660e+00,2.461640e-02,5.603300e-01
2000,0.320418,1.261160e+01,3.745280e+00,6.059150e+06,1.226770e+00,2.430090e-02,5.651430e-01
2025,0.320418,1.260760e+01,3.782990e+00,6.153240e+06,1.224680e+00,2.399320e-02,5.698000e-01
2050,0.320418,1.260330e+01,3.828320e+00,6.248360e+06,1.222410e+00,2.369260e-02,5.744420e-01
2075,0.320418,1.259880e+01,3.881320e+00,6.344720e+06,1.220000e+00,2.339880e-02,5.790700e-01
2100,0.320418,1.259400e+01,3.942170e+00,6.442490e+06,1.217440e+00,2.311140e-02,5.836830e-01
2125,0.320418,1.258880e+01,4.011140e+00,6.541890e+06,1.214760e+00,2.283000e-02,5.882830e-01
2150,0.320418,1.258300e+01,4.088590e+00,6.643120e+06,1.211970e+00,2.255420e-02,5.928690e-01
2175,0.320418,1.257670e+01,4.174990e+00,6.746400e+06,1.209100e+00,2.228370e-02,5.974410e-01
2200,0.320418,1.256960e+01,4.270830e+00,6.851950e+06,1.206160e+00,2.201820e-02,6.020010e-01
2225,0.320418,1.256190e+01,4.376680e+00,6.960020e+06,1.203170e+00,2.175740e-02,6.065490e-01
2250,0.320418,1.255320e+01,4.493170e+00,7.070870e+06,1.200160e+00,2.150080e-02,6.110840e-01
2275,0.320418,1.254370e+01,4.620980e+00,7.184770e+06,1.197140e+00,2.124830e-02,6.156070e-01
2300,0.320418,1.253300e+01,4.760830e+00,7.302020e+06,1.194130e+00,2.099960e-02,6.201190e-01
2325,0.320418,1.252130e+01,4.913510e+00,7.422920e+06,1.191170e+00,2.075430e-02,6.246190e-01
2350,0.320418,1.250830e+01,5.079830e+00,7.547810e+06,1.188270e+00,2.051210e-02,6.291070e-01
2375,0.320418,1.249390e+01,5.260690e+00,7.677030e+06,1.185450e+00,2.027290e-02,6.335840e-01
2400,0.320418,1.247800e+01,5.457010e+00,7.810970e+06,1.182750e+00,2.003620e-02,6.380490e-01
2425,0.320418,1.246050e+01,5.669780e+00,7.950020e+06,1.180170e+00,1.980190e-02,6.425030e-01
2450,0.320418,1.244140e+01,5.900070e+00,8.094610e+06,1.177740e+00,1.956970e-02,6.469440e-01
2475,0.320418,1.242030e+01,6.148980e+00,8.245180e+06,1.175480e+00,1.933920e-02,6.513730e-01
2500,0.320418,1.239720e+01,6.417720e+00,8.402220e+06,1.173410e+00,1.911030e-02,6.557890e-01
2525,0.320418,1.237210e+01,6.707550e+00,8.566240e+06,1.171540e+00,1.888260e-02,6.601920e-01
2550,0.320418,1.234460e+01,7.019840e+00,8.737790e+06,1.169890e+00,1.865600e-02,6.645790e-01
2575,0.320418,1.231460e+01,7.356060e+00,8.917430e+06,1.168470e+00,1.843010e-02,6.689500e-01
2600,0.320418,1.228210e+01,7.717760e+00,9.105800e+06,1.167310e+00,1.820460e-02,6.733040e-01
2625,0.320418,1.224680e+01,8.106640e+00,9.303550e+06,1.166400e+00,1.797950e-02,6.776390e-01
2650,0.320418,1.220860e+01,8.524490e+00,9.511370e+06,1.165770e+00,1.775430e-02,6.819530e-01
2675,0.320418,1.216730e+01,8.973280e+00,9.730030e+06,1.165420e+00,1.752880e-02,6.862420e-01
2700,0.320418,1.212270e+01,9.455050e+00,9.960310e+06,1.165360e+00,1.730290e-02,6.905050e-01
2725,0.320418,1.207460e+01,9.972030e+00,1.020310e+07,1.165610e+00,1.707610e-02,6.947380e-01
2750,0.320418,1.202290e+01,1.052650e+01,1.045920e+07,1.166180e+00,1.684840e-02,6.989370e-01
2775,0.320418,1.196740e+01,1.112100e+01,1.072970e+07,1.167080e+00,1.661950e-02,7.030990e-01
2800,0.320418,1.190780e+01,1.175780e+01,1.101560e+07,1.168310e+00,1.638910e-02,7.072190e-01
2825,0.320418,1.184400e+01,1.243950e+01,1.131800e+07,1.169890e+00,1.615710e-02,7.112910e-01
2850,0.320418,1.177580e+01,1.316850e+01,1.163800e+07,1.171830e+00,1.592310e-02,7.153120e-01
2875,0.320418,1.170300e+01,1.394680e+01,1.197680e+07,1.174140e+00,1.568710e-02,7.192750e-01
2900,0.320418,1.162550e+01,1.477620e+01,1.233580e+07,1.176830e+00,1.544890e-02,7.231750e-01
2925,0.320418,1.154310e+01,1.565790e+01,1.271610e+07,1.179900e+00,1.520820e-02,7.270060e-01
2950,0.320418,1.145560e+01,1.659220e+01,1.311910e+07,1.183350e+00,1.496510e-02,7.307630e-01
2975,0.320418,1.136310e+01,1.757840e+01,1.354610e+07,1.187180e+00,1.471940e-02,7.344390e-01
3000,0.320418,1.126530e+01,1.861440e+01,1.399840e+07,1.191390e+00,1.447120e-02,7.380310e-01
3025,0.320418,1.116230e+01,1.969630e+01,1.447720e+07,1.195950e+00,1.422040e-02,7.415330e-01
3050,0.320418,1.105420e+01,2.081860e+01,1.498360e+07,1.200850e+00,1.396720e-02,7.449410e-01
3075,0.320418,1.094110e+01,2.197360e+01,1.551840e+07,1.206030e+00,1.371190e-02,7.482540e-01
3100,0.320418,1.082310e+01,2.315140e+01,1.608250e+07,1.211470e+00,1.345460e-02,7.514680e-01
3125,0.320418,1.070050e+01,2.434040e+01,1.667610e+07,1.217090e+00,1.319580e-02,7.545830e-01
3150,0.320418,1.057380e+01,2.552720e+01,1.729950e+07,1.222840e+00,1.293600e-02,7.575960e-01
3175,0.320418,1.044320e+01,2.669700e+01,1.795230e+07,1.228630e+00,1.267570e-02,7.605090e-01
3200,0.320418,1.030950e+01,2.783430e+01,1.863400e+07,1.234400e+00,1.241560e-02,7.633200e-01
3225,0.320418,1.017300e+01,2.892370e+01,1.934360e+07,1.240050e+00,1.215630e-02,7.660310e-01
3250,0.320418,1.003460e+01,2.995030e+01,2.007970e+07,1.245520e+00,1.189860e-02,7.686390e-01
3275,0.320418,9.894750e+00,3.090050e+01,2.084050e+07,1.250720e+00,1.164330e-02,7.711440e-01
3300,0.320418,9.754240e+00,3.176240e+01,2.162400e+07,1.255600e+00,1.139100e-02,7.735440e-01
3325,0.320418,9.613730e+00,3.252640e+01,2.242780e+07,1.260090e+00,1.114250e-02,7.758370e-01
3350,0.320418,9.473890e+00,3.318530e+01,2.324940e+07,1.264150e+00,1.089850e-02,7.780210e-01
3375,0.320418,9.335320e+00,3.373450e+01,2.408620e+07,1.267750e+00,1.065950e-02,7.800920e-01
3400,0.320418,9.198620e+00,3.417170e+01,2.493520e+07,1.270860e+00,1.042620e-02,7.820480e-01
3425,0.320418,9.064300e+00,3.449690e+01,2.579380e+07,1.273490e+00,1.019900e-02,7.838870e-01
3450,0.320418,8.932810e+00,3.471240e+01,2.665920e+07,1.275620e+00,9.978170e-03,7.856080e-01
3475,0.320418,8.804550e+00,3.482190e+01,2.752850e+07,1.277270e+00,9.764140e-03,7.872130e-01
3500,0.320418,8.679830e+00,3.483080e+01,2.839940e+07,1.278450e+00,9.557080e-03,7.887040e-01
3525,0.320418,8.558930e+00,3.474560e+01,2.926930e+07,1.279180e+00,9.357120e-03,7.900850e-01
3550,0.320418,8.442030e+00,3.457360e+01,3.013600e+07,1.279490e+00,9.164330e-03,7.913630e-01
3575,0.320418,8.329290e+00,3.432320e+01,3.099730e+07,1.279420e+00,8.978710e-03,7.925470e-01
3600,0.320418,8.220790e+00,3.400300e+01,3.185150e+07,1.278980e+00,8.800210e-03,7.936450e-01
3625,0.320418,8.116570e+00,3.362200e+01,3.269700e+07,1.278220e+00,8.628730e-03,7.946710e-01
3650,0.320418,8.016640e+00,3.318940e+01,3.353220e+07,1.277180e+00,8.464120e-03,7.956370e-01
3675,0.320418,7.920960e+00,3.271460e+01,3.435610e+07,1.275880e+00,8.306200e-03,7.965560e-01
3700,0.320418,7.829460e+00,3.220650e+01,3.516770e+07,1.274370e+00,8.154780e-03,7.974430e-01
3725,0.320418,7.742050e+00,3.167410e+01,3.596620e+07,1.272670e+00,8.009610e-03,7.983120e-01
3750,0.320418,7.658600e+00,3.112570e+01,3.675120e+07,1.270840e+00,7.870460e-03,7.991770e-01
3775,0.320418,7.578970e+00,3.056920e+01,3.752240e+07,1.268890e+00,7.737050e-03,8.000510e-01
3800,0.320418,7.503030e+00,3.001170e+01,3.827970e+07,1.266870e+00,7.609130e-03,8.009480e-01
3825,0.320418,7.430590e+00,2.945940e+01,3.902310e+07,1.264790e+00,7.486410e-03,8.018790e-01
3850,0.320418,7.361490e+00,2.891780e+01,3.975270e+07,1.262700e+00,7.368640e-03,8.028560e-01
3875,0.320418,7.295560e+00,2.839120e+01,4.046910e+07,1.260600e+00,7.255530e-03,8.038880e-01
3900,0.320418,7.232620e+00,2.788290e+01,4.117250e+07,1.258540e+00,7.146820e-03,8.049850e-01
3925,0.320418,7.172490e+00,2.739510e+01,4.186340e+07,1.256520e+00,7.042260e-03,8.061540e-01
3950,0.320418,7.115000e+00,2.692890e+01,4.254240e+07,1.254570e+00,6.941600e-03,8.074020e-01
3975,0.320418,7.059980e+00,2.648430e+01,4.321000e+07,1.252710e+00,6.844610e-03,8.087350e-01
4000,0.320418,7.007290e+00,2.606020e+01,4.386680e+07,1.250940e+00,6.751060e-03,8.101590e-01
200,0.569792,2.575290e+01,1.321060e+00,-5.940200e+06,1.323440e+00,8.824250e-01,8.941740e-02
225,0.569792,2.575290e+01,1.352440e+00,-5.906790e+06,1.313580e+00,7.843780e-01,9.938210e-02
250,0.569792,2.575290e+01,1.388770e+00,-5.872540e+06,1.302890e+00,7.059400e-01,1.092570e-01
275,0.569792,2.575290e+01,1.430920e+00,-5.837300e+06,1.291370e+00,6.417640e-01,1.190290e-01
300,0.569792,2.575290e+01,1.478360e+00,-5.800950e+06,1.279410e+00,5.882830e-01,1.286830e-01
325,0.569792,2.575290e+01,1.530230e+00,-5.763350e+06,1.267420e+00,5.430310e-01,1.385830e-01
350,0.569792,2.575280e+01,1.586070e+00,-5.724400e+06,1.255650e+00,5.042410e-01,1.484110e-01
375,0.569792,2.575240e+01,1.646760e+00,-5.684010e+06,1.244110e+00,4.706180e-01,1.581580e-01
400,0.569792,2.575110e+01,1.716150e+00,-5.642000e+06,1.232510e+00,4.411820e-01,1.678210e-01
425,0.569792,2.574720e+01,1.803770e+00,-5.598050e+06,1.220210e+00,4.151670e-01,1.773980e-01
450,0.569792,2.573700e+01,1.928500e+00,-5.551500e+06,1.206370e+00,3.919480e-01,1.868960e-01
475,0.569792,2.571330e+01,2.122970e+00,-5.501050e+06,1.190440e+00,3.709770e-01,1.963330e-01
500,0.569792,2.566310e+01,2.437010e+00,-5.444360e+06,1.173030e+00,3.517390e-01,2.057410e-01
525,0.569792,2.556540e+01,2.937550e+00,-5.377650e+06,1.156360e+00,3.337140e-01,2.148020e-01
550,0.569792,2.539040e+01,3.699110e+00,-5.295300e+06,1.143560e+00,3.163650e-01,2.239080e-01
575,0.569792,2.510190e+01,4.776160e+00,-5.190040e+06,1.137140e+00,2.991720e-01,2.331340e-01
600,0.569792,2.466660e+01,6.146390e+00,-5.054010e+06,1.137800e+00,2.817340e-01,2.425290e-01
625,0.569792,2.407230e+01,7.627320e+00,-4.881730e+06,1.144170e+00,2.639480e-01,2.518630e-01
650,0.569792,2.335060e+01,8.822890e+00,-4.674980e+06,1.152890e+00,2.461870e-01,2.611900e-01
675,0.569792,2.258450e+01,9.243260e+00,-4.447130e+06,1.159680e+00,2.292920e-01,2.702730e-01
700,0.569792,2.188200e+01,8.664020e+00,-4.221320e+06,1.161820e+00,2.142260e-01,2.788720e-01
725,0.569792,2.132410e+01,7.414280e+00,-4.019680e+06,1.159940e+00,2.015650e-01,2.868560e-01
750,0.569792,2.091830e+01,6.526520e+00,-3.847870e+06,1.157060e+00,1.911380e-01,2.942150e-01
775,0.569792,2.056160e+01,7.021830e+00,-3.680650e+06,1.158190e+00,1.818190e-01,3.011390e-01
800,0.569792,2.017020e+01,7.630980e+00,-3.496140e+06,1.163090e+00,1.727830e-01,3.079170e-01
825,0.569792,1.978430e+01,7.258020e+00,-3.307580e+06,1.166200e+00,1.643420e-01,3.146800e-01
850,0.569792,1.948080e+01,5.954950e+00,-3.141330e+06,1.166990e+00,1.570610e-01,3.214020e-01
875,0.569792,1.928620e+01,4.832280e+00,-3.008330e+06,1.167910e+00,1.510500e-01,3.279790e-01
900,0.569792,1.914590e+01,4.798330e+00,-2.889990e+06,1.165030e+00,1.457860e-01,3.343350e-01
925,0.569792,1.899820e+01,5.278930e+00,-2.764310e+06,1.162580e+00,1.407520e-01,3.404760e-01
950,0.569792,1.882760e+01,5.784960e+00,-2.625940e+06,1.162730e+00,1.358170e-01,3.464480e-01
975,0.569792,1.863520e+01,6.256860e+00,-2.475350e+06,1.164500e+00,1.309820e-01,3.522860e-01
1000,0.569792,1.842380e+01,6.695190e+00,-2.313380e+06,1.167260e+00,1.262580e-01,3.580100e-01
1025,0.569792,1.819650e+01,7.096600e+00,-2.140900e+06,1.170690e+00,1.216600e-01,3.634220e-01
1050,0.569792,1.795690e+01,7.454140e+00,-1.958920e+06,1.174500e+00,1.171990e-01,3.687360e-01
1075,0.569792,1.770860e+01,7.759470e+00,-1.768630e+06,1.178470e+00,1.128900e-01,3.739640e-01
1100,0.569792,1.745530e+01,8.005470e+00,-1.571440e+06,1.182380e+00,1.087470e-01,3.791200e-01
1125,0.569792,1.720110e+01,8.188120e+00,-1.368880e+06,1.186060e+00,1.047820e-01,3.842150e-01
1150,0.569792,1.694940e+01,8.307890e+00,-1.162560e+06,1.189310e+00,1.010040e-01,3.892640e-01
1175,0.569792,1.670340e+01,8.370810e+00,-9.539650e+05,1.191980e+00,9.742030e-02,3.942820e-01
1200,0.569792,1.646580e+01,8.389050e+00,-7.443900e+05,1.193930e+00,9.403350e-02,3.992820e-01
1225,0.569792,1.623820e+01,8.381030e+00,-5.347330e+05,1.195010e+00,9.084150e-02,4.042770e-01
1250,0.569792,1.602170e+01,8.371030e+00,-3.253570e+05,1.195120e+00,8.783780e-02,4.092810e-01
1275,0.569792,1.581630e+01,8.388600e+00,-1.159520e+05,1.194150e+00,8.501140e-02,4.143060e-01
1300,0.569792,1.562110e+01,8.467690e+00,9.458510e+04,1.192030e+00,8.234760e-02,4.193650e-01
1325,0.569792,1.543440e+01,8.645770e+00,3.082560e+05,1.188820e+00,7.982790e-02,4.244710e-01
1350,0.569792,1.525350e+01,8.962720e+00,5.280310e+05,1.184700e+00,7.743130e-02,4.296350e-01
1375,0.569792,1.507510e+01,9.458960e+00,7.578870e+05,1.180060e+00,7.513470e-02,4.348700e-01
1400,0.569792,1.489550e+01,1.017190e+01,1.002790e+06,1.175440e+00,7.291360e-02,4.401900e-01
1425,0.569792,1.471030e+01,1.112820e+01,1.268520e+06,1.171520e+00,7.074380e-02,4.456050e-01
1450,0.569792,1.451550e+01,1.232820e+01,1.561240e+06,1.168910e+00,6.860330e-02,4.511260e-01
1475,0.569792,1.430770e+01,1.371670e+01,1.886520e+06,1.167970e+00,6.647530e-02,4.567520e-01
1500,0.569792,1.408600e+01,1.513750e+01,2.247390e+06,1.168680e+00,6.435430e-02,4.624710e-01
1525,0.569792,1.385310e+01,1.628310e+01,2.641150e+06,1.170420e+00,6.225270e-02,4.682530e-01
1550,0.569792,1.361760e+01,1.670030e+01,3.055480e+06,1.172080e+00,6.020770e-02,4.740420e-01
1575,0.569792,1.339430e+01,1.596740e+01,3.466470e+06,1.172670e+00,5.828030e-02,4.797680e-01
1600,0.569792,1.319970e+01,1.405850e+01,3.843860e+06,1.172540e+00,5.653590e-02,4.853640e-01
1625,0.569792,1.304490e+01,1.152760e+01,4.164150e+06,1.173870e+00,5.501360e-02,4.907980e-01
1650,0.569792,1.293100e+01,9.127030e+00,4.421440e+06,1.178940e+00,5.370680e-02,4.960790e-01
1675,0.569792,1.285060e+01,7.284030e+00,4.625270e+06,1.187860e+00,5.257650e-02,5.012410e-01
1700,0.569792,1.279450e+01,6.029690e+00,4.790590e+06,1.198570e+00,5.157690e-02,5.063220e-01
1725,0.569792,1.275460e+01,5.219940e+00,4.930460e+06,1.208700e+00,5.067090e-02,5.113480e-01
1750,0.569792,1.272540e+01,4.702090e+00,5.054010e+06,1.216920e+00,4.983300e-02,5.163360e-01
1775,0.569792,1.270350e+01,4.366350e+00,5.167070e+06,1.222960e+00,4.904650e-02,5.212960e-01
1800,0.569792,1.268660e+01,4.143860e+00,5.273260e+06,1.227120e+00,4.830080e-02,5.262330e-01
1825,0.569792,1.267320e+01,3.993450e+00,5.374860e+06,1.229810e+00,4.758880e-02,5.311510e-01
1850,0.569792,1.266230e+01,3.890680e+00,5.473330e+06,1.231420e+00,4.690540e-02,5.360520e-01
1875,0.569792,1.265330e+01,3.820810e+00,5.569660e+06,1.232210e+00,4.624720e-02,5.409360e-01
1900,0.569792,1.264580e+01,3.774740e+00,5.664560e+06,1.232380e+00,4.561140e-02,5.458040e-01
1925,0.569792,1.263920e+01,3.746680e+00,5.758550e+06,1.232070e+00,4.499580e-02,5.506580e-01
1950,0.569792,1.263350e+01,3.732830e+00,5.852020e+06,1.231370e+00,4.439880e-02,5.554980e-01
1975,0.569792,1.262830e+01,3.730690e+00,5.945290e+06,1.230360e+00,4.381880e-02,5.603240e-01
2000,0.569792,1.262350e+01,3.738550e+00,6.038630e+06,1.229070e+00,4.325460e-02,5.651370e-01
2025,0.569792,1.261890e+01,3.755280e+00,6.132290e+06,1.227560e+00,4.270510e-02,5.697940e-01
2050,0.569792,1.261450e+01,3.780120e+00,6.226470e+06,1.225840e+00,4.216940e-02,5.744360e-01
2075,0.569792,1.261000e+01,3.812600e+00,6.321360e+06,1.223950e+00,4.164670e-02,5.790640e-01
2100,0.569792,1.260550e+01,3.852490e+00,6.417160e+06,1.221900e+00,4.113610e-02,5.836760e-01
2125,0.569792,1.260080e+01,3.899670e+00,6.514040e+06,1.219700e+00,4.063690e-02,5.882750e-01
2150,0.569792,1.259580e+01,3.954210e+00,6.612200e+06,1.217380e+00,4.014850e-02,5.928600e-01
2175,0.569792,1.259050e+01,4.016230e+00,6.711820e+06,1.214950e+00,3.967020e-02,5.974320e-01
2200,0.569792,1.258470e+01,4.085960e+00,6.813080e+06,1.212430e+00,3.920150e-02,6.019910e-01
2225,0.569792,1.257840e+01,4.163720e+00,6.916180e+06,1.209830e+00,3.874170e-02,6.065380e-01
2250,0.569792,1.257160e+01,4.249870e+00,7.021330e+06,1.207170e+00,3.829040e-02,6.110720e-01
2275,0.569792,1.256410e+01,4.344810e+00,7.128750e+06,1.204460e+00,3.784690e-02,6.155940e-01
2300,0.569792,1.255580e+01,4.449030e+00,7.238650e+06,1.201720e+00,3.741090e-02,6.201040e-01
2325,0.569792,1.254670e+01,4.563040e+00,7.351280e+06,1.198980e+00,3.698190e-02,6.246030e-01
2350,0.569792,1.253670e+01,4.687400e+00,7.466890e+06,1.196250e+00,3.655930e-02,6.290910e-01
2375,0.569792,1.252570e+01,4.822700e+00,7.585740e+06,1.193540e+00,3.614270e-02,6.335670e-01
2400,0.569792,1.251360e+01,4.969590e+00,7.708120e+06,1.190890e+00,3.573160e-02,6.380330e-01
2425,0.569792,1.250030e+01,5.128740e+00,7.834320e+06,1.188300e+00,3.532570e-02,6.424870e-01
2450,0.569792,1.248570e+01,5.300880e+00,7.964670e+06,1.185800e+00,3.492440e-02,6.469300e-01
2475,0.569792,1.246970e+01,5.486780e+00,8.099480e+06,1.183400e+00,3.452740e-02,6.513620e-01
2500,0.569792,1.245230e+01,5.687240e+00,8.239130e+06,1.181120e+00,3.413420e-02,6.557830e-01
2525,0.569792,1.243320e+01,5.903130e+00,8.383970e+06,1.178980e+00,3.374440e-02,6.601920e-01
2550,0.569792,1.241230e+01,6.135350e+00,8.534420e+06,1.177000e+00,3.335770e-02,6.645890e-01
2575,0.569792,1.238970e+01,6.384890e+00,8.690890e+06,1.175180e+00,3.297350e-02,6.689730e-01
2600,0.569792,1.236510e+01,6.652770e+00,8.853820e+06,1.173550e+00,3.259160e-02,6.733440e-01
2625,0.569792,1.233840e+01,6.940100e+00,9.023690e+06,1.172120e+00,3.221140e-02,6.777000e-01
2650,0.569792,1.230940e+01,7.248040e+00,9.200990e+06,1.170890e+00,3.183270e-02,6.820410e-01
2675,0.569792,1.227810e+01,7.577850e+00,9.386270e+06,1.169880e+00,3.145500e-02,6.863640e-01
2700,0.569792,1.224430e+01,7.930860e+00,9.580080e+06,1.169110e+00,3.107800e-02,6.906690e-01
2725,0.569792,1.220790e+01,8.308500e+00,9.783020e+06,1.168580e+00,3.070130e-02,6.949530e-01
2750,0.569792,1.216870e+01,8.712290e+00,9.995720e+06,1.168300e+00,3.032440e-02,6.992150e-01
2775,0.569792,1.212650e+01,9.143820e+00,1.021890e+07,1.168290e+00,2.994720e-02,7.034510e-01
2800,0.569792,1.208130e+01,9.604790e+00,1.045320e+07,1.168540e+00,2.956910e-02,7.076590e-01
2825,0.569792,1.203280e+01,1.009700e+01,1.069940e+07,1.169080e+00,2.918980e-02,7.118360e-01
2850,0.569792,1.198100e+01,1.062210e+01,1.095830e+07,1.169900e+00,2.880910e-02,7.159790e-01
2875,0.569792,1.192560e+01,1.118220e+01,1.123080e+07,1.171030e+00,2.842650e-02,7.200820e-01
2900,0.569792,1.186650e+01,1.177890e+01,1.151770e+07,1.172460e+00,2.804170e-02,7.241440e-01
2925,0.569792,1.180350e+01,1.241400e+01,1.182000e+07,1.174210e+00,2.765450e-02,7.281580e-01
2950,0.569792,1.173650e+01,1.308910e+01,1.213870e+07,1.176280e+00,2.726460e-02,7.321210e-01
2975,0.569792,1.166540e+01,1.380550e+01,1.247480e+07,1.178690e+00,2.687170e-02,7.360280e-01
3000,0.569792,1.159000e+01,1.456400e+01,1.282940e+07,1.181440e+00,2.647550e-02,7.398740e-01
3025,0.569792,1.151030e+01,1.536500e+01,1.320340e+07,1.184520e+00,2.607600e-02,7.436550e-01
3050,0.569792,1.142600e+01,1.620820e+01,1.359800e+07,1.187940e+00,2.567310e-02,7.473660e-01
3075,0.569792,1.133730e+01,1.709230e+01,1.401410e+07,1.191700e+00,2.526660e-02,7.510020e-01
3100,0.569792,1.124400e+01,1.801490e+01,1.445290e+07,1.195780e+00,2.485660e-02,7.545610e-01
3125,0.569792,1.114620e+01,1.897250e+01,1.491520e+07,1.200170e+00,2.444320e-02,7.580380e-01
3150,0.569792,1.104390e+01,1.996010e+01,1.540180e+07,1.204840e+00,2.402660e-02,7.614300e-01
3175,0.569792,1.093720e+01,2.097160e+01,1.591340e+07,1.209770e+00,2.360720e-02,7.647370e-01
3200,0.569792,1.082640e+01,2.199890e+01,1.645050e+07,1.214900e+00,2.318550e-02,7.679560e-01
3225,0.569792,1.071160e+01,2.303330e+01,1.701340e+07,1.220200e+00,2.276190e-02,7.710860e-01
3250,0.569792,1.059320e+01,2.406450e+01,1.760210e+07,1.225610e+00,2.233710e-02,7.741270e-01
3275,0.569792,1.047160e+01,2.508150e+01,1.821650e+07,1.231070e+00,2.191200e-02,7.770790e-01
3300,0.569792,1.034700e+01,2.607310e+01,1.885600e+07,1.236510e+00,2.148740e-02,7.799420e-01
3325,0.569792,1.022010e+01,2.702790e+01,1.951980e+07,1.241890e+00,2.106430e-02,7.827150e-01
3350,0.569792,1.009130e+01,2.793490e+01,2.020700e+07,1.247120e+00,2.064360e-02,7.853980e-01
3375,0.569792,9.961190e+00,2.878410e+01,2.091610e+07,1.252150e+00,2.022640e-02,7.879910e-01
3400,0.569792,9.830240e+00,2.956660e+01,2.164560e+07,1.256930e+00,1.981380e-02,7.904910e-01
3425,0.569792,9.699030e+00,3.027490e+01,2.239380e+07,1.261410e+00,1.940660e-02,7.928970e-01
3450,0.569792,9.568100e+00,3.090320e+01,2.315870e+07,1.265550e+00,1.900590e-02,7.952060e-01
3475,0.569792,9.437950e+00,3.144740e+01,2.393830e+07,1.269310e+00,1.861250e-02,7.974160e-01
3500,0.569792,9.309080e+00,3.190500e+01,2.473040e+07,1.272680e+00,1.822720e-02,7.995230e-01
3525,0.569792,9.181910e+00,3.227520e+01,2.553280e+07,1.275650e+00,1.785070e-02,8.015270e-01
3550,0.569792,9.056860e+00,3.255870e+01,2.634340e+07,1.278190e+00,1.748360e-02,8.034250e-01
3575,0.569792,8.934260e+00,3.275720e+01,2.716000e+07,1.280320e+00,1.712630e-02,8.052170e-01
3600,0.569792,8.814420e+00,3.287390e+01,2.798060e+07,1.282050e+00,1.677930e-02,8.069030e-01
3625,0.569792,8.697590e+00,3.291260e+01,2.880310e+07,1.283370e+00,1.644270e-02,8.084850e-01
3650,0.569792,8.583990e+00,3.287800e+01,2.962560e+07,1.284310e+00,1.611680e-02,8.099670e-01
3675,0.569792,8.473770e+00,3.277530e+01,3.044640e+07,1.284890e+00,1.580160e-02,8.113530e-01
3700,0.569792,8.367050e+00,3.261030e+01,3.126380e+07,1.285120e+00,1.549720e-02,8.126510e-01
3725,0.569792,8.263910e+00,3.238910e+01,3.207640e+07,1.285040e+00,1.520340e-02,8.138690e-01
3750,0.569792,8.164400e+00,3.211780e+01,3.288290e+07,1.284670e+00,1.492020e-02,8.150150e-01
3775,0.569792,8.068540e+00,3.180290e+01,3.368200e+07,1.284030e+00,1.464740e-02,8.161010e-01
3800,0.569792,7.976300e+00,3.145090e+01,3.447270e+07,1.283150e+00,1.438470e-02,8.171380e-01
3825,0.569792,7.887650e+00,3.106810e+01,3.525430e+07,1.282070e+00,1.413180e-02,8.181370e-01
3850,0.569792,7.802540e+00,3.066070e+01,3.602590e+07,1.280800e+00,1.388860e-02,8.191100e-01
3875,0.569792,7.720870e+00,3.023480e+01,3.678710e+07,1.279390e+00,1.365450e-02,8.200710e-01
3900,0.569792,7.642560e+00,2.979580e+01,3.753750e+07,1.277840e+00,1.342940e-02,8.210300e-01
3925,0.569792,7.567500e+00,2.934910e+01,3.827690e+07,1.276200e+00,1.321280e-02,8.219990e-01
3950,0.569792,7.495570e+00,2.889920e+01,3.900500e+07,1.274490e+00,1.300440e-02,8.229900e-01
3975,0.569792,7.426640e+00,2.845020e+01,3.972180e+07,1.272720e+00,1.280380e-02,8.240140e-01
4000,0.569792,7.360600e+00,2.800560e+01,4.042750e+07,1.270930e+00,1.261060e-02,8.250800e-01
200,1.01325,2.575290e+01,1.321060e+00,-5.940200e+06,1.323440e+00,1.569200e+00,8.941740e-02
225,1.01325,2.575290e+01,1.352440e+00,-5.906790e+06,1.313580e+00,1.394840e+00,9.938210e-02
250,1.01325,2.575290e+01,1.388770e+00,-5.872540e+06,1.302890e+00,1.255360e+00,1.092570e-01
275,1.01325,2.575290e+01,1.430920e+00,-5.837300e+06,1.291370e+00,1.141240e+00,1.190290e-01
300,1.01325,2.575290e+01,1.478350e+00,-5.800950e+06,1.279410e+00,1.046130e+00,1.286830e-01
325,1.01325,2.575290e+01,1.530160e+00,-5.763350e+06,1.267430e+00,9.656600e-01,1.385830e-01
350,1.01325,2.575280e+01,1.585730e+00,-5.724410e+06,1.255700e+00,8.966820e-01,1.484110e-01
375,1.01325,2.575250e+01,1.645440e+00,-5.684030e+06,1.244290e+00,8.368950e-01,1.581580e-01
400,1.01325,2.575160e+01,1.711890e+00,-5.642080e+06,1.233010e+00,7.845600e-01,1.678200e-01
425,1.01325,2.574880e+01,1.791810e+00,-5.598330e+06,1.221400e+00,7.383280e-01,1.773940e-01
450,1.01325,2.574140e+01,1.898820e+00,-5.552270e+06,1.208780e+00,6.971100e-01,1.868850e-01
475,1.01325,2.572410e+01,2.056680e+00,-5.502960e+06,1.194590e+00,6.599770e-01,1.963060e-01
500,1.01325,2.568750e+01,2.302110e+00,-5.448710e+06,1.178920e+00,6.260850e-01,2.056800e-01
525,1.01325,2.561590e+01,2.685680e+00,-5.386710e+06,1.163090e+00,5.946090e-01,2.146760e-01
550,1.01325,2.548660e+01,3.267570e+00,-5.312770e+06,1.149520e+00,5.647170e-01,2.236720e-01
575,1.01325,2.527020e+01,4.103020e+00,-5.221210e+06,1.140680e+00,5.355780e-01,2.327310e-01
600,1.01325,2.493540e+01,5.210720e+00,-5.105330e+06,1.138010e+00,5.064610e-01,2.419080e-01
625,1.01325,2.445960e+01,6.519850e+00,-4.958950e+06,1.141370e+00,4.769260e-01,2.510100e-01
650,1.01325,2.384600e+01,7.811060e+00,-4.779440e+06,1.148870e+00,4.470800e-01,2.601700e-01
675,1.01325,2.313820e+01,8.715820e+00,-4.571620e+06,1.157190e+00,4.177420e-01,2.692350e-01
700,1.01325,2.241750e+01,8.874400e+00,-4.349950e+06,1.162800e+00,3.902750e-01,2.779930e-01
725,1.01325,2.177330e+01,8.219890e+00,-4.134800e+06,1.164030e+00,3.659900e-01,2.862680e-01
750,1.01325,2.126300e+01,7.126220e+00,-3.942740e+06,1.161900e+00,3.454980e-01,2.939810e-01
775,1.01325,2.087930e+01,6.472530e+00,-3.774930e+06,1.159250e+00,3.283190e-01,3.011540e-01
800,1.01325,2.053310e+01,6.902180e+00,-3.609290e+06,1.160660e+00,3.127850e-01,3.079560e-01
825,1.01325,2.016150e+01,7.374140e+00,-3.429690e+06,1.165290e+00,2.978180e-01,3.146260e-01
850,1.01325,1.979840e+01,7.041910e+00,-3.247510e+06,1.168240e+00,2.838530e-01,3.212740e-01
875,1.01325,1.950610e+01,5.943690e+00,-3.084240e+06,1.168690e+00,2.716720e-01,3.278830e-01
900,1.01325,1.930900e+01,4.934770e+00,-2.949610e+06,1.168640e+00,2.614560e-01,3.343690e-01
925,1.01325,1.916600e+01,4.794030e+00,-2.829780e+06,1.166170e+00,2.525060e-01,3.406610e-01
950,1.01325,1.902370e+01,5.158100e+00,-2.705780e+06,1.164010e+00,2.440350e-01,3.467570e-01
975,1.01325,1.886400e+01,5.590230e+00,-2.571410e+06,1.164050e+00,2.357820e-01,3.526970e-01
1000,1.01325,1.868570e+01,6.005130e+00,-2.426420e+06,1.165590e+00,2.277150e-01,3.585120e-01
1025,1.01325,1.849090e+01,6.394750e+00,-2.271370e+06,1.168100e+00,2.198440e-01,3.640110e-01
1050,1.01325,1.828170e+01,6.755960e+00,-2.106920e+06,1.171250e+00,2.121820e-01,3.694090e-01
1075,1.01325,1.806090e+01,7.083400e+00,-1.933850e+06,1.174810e+00,2.047450e-01,3.747150e-01
1100,1.01325,1.783150e+01,7.371040e+00,-1.753080e+06,1.178570e+00,1.975500e-01,3.799410e-01
1125,1.01325,1.759640e+01,7.613650e+00,-1.565680e+06,1.182350e+00,1.906130e-01,3.850980e-01
1150,1.01325,1.735870e+01,7.808110e+00,-1.372800e+06,1.185970e+00,1.839510e-01,3.901960e-01
1175,1.01325,1.712150e+01,7.954440e+00,-1.175670e+06,1.189270e+00,1.775770e-01,3.952480e-01
1200,1.01325,1.688740e+01,8.056630e+00,-9.754490e+05,1.192100e+00,1.715000e-01,4.002640e-01
1225,1.01325,1.665880e+01,8.123250e+00,-7.731390e+05,1.194320e+00,1.657250e-01,4.052580e-01
1250,1.01325,1.643720e+01,8.167660e+00,-5.694730e+05,1.195800e+00,1.602510e-01,4.102400e-01
1275,1.01325,1.622380e+01,8.208060e+00,-3.647910e+05,1.196420e+00,1.550690e-01,4.152230e-01
1300,1.01325,1.601890e+01,8.267170e+00,-1.589150e+05,1.196080e+00,1.501660e-01,4.202180e-01
1325,1.01325,1.582210e+01,8.371760e+00,4.894620e+04,1.194730e+00,1.455220e-01,4.252360e-01
1350,1.01325,1.563220e+01,8.551980e+00,2.603020e+05,1.192390e+00,1.411140e-01,4.302900e-01
1375,1.01325,1.544750e+01,8.840500e+00,4.774470e+05,1.189180e+00,1.369110e-01,4.353900e-01
1400,1.01325,1.526540e+01,9.271080e+00,7.035110e+05,1.185390e+00,1.328810e-01,4.405480e-01
1425,1.01325,1.508280e+01,9.875850e+00,9.424540e+05,1.181450e+00,1.289880e-01,4.457770e-01
1450,1.01325,1.489640e+01,1.068020e+01,1.198970e+06,1.177890e+00,1.251970e-01,4.510870e-01
1475,1.01325,1.470260e+01,1.169260e+01,1.478210e+06,1.175250e+00,1.214740e-01,4.564870e-01
1500,1.01325,1.449840e+01,1.288630e+01,1.785130e+06,1.173950e+00,1.177910e-01,4.619810e-01
1525,1.01325,1.428220e+01,1.416890e+01,2.123290e+06,1.174140e+00,1.141320e-01,4.675650e-01
1550,1.01325,1.405490e+01,1.534510e+01,2.492730e+06,1.175520e+00,1.105040e-01,4.732180e-01
1575,1.01325,1.382150e+01,1.609550e+01,2.887020e+06,1.177340e+00,1.069440e-01,4.789060e-01
1600,1.01325,1.359230e+01,1.603930e+01,3.290740e+06,1.178610e+00,1.035280e-01,4.845730e-01
1625,1.01325,1.338120e+01,1.494430e+01,3.680200e+06,1.178830e+00,1.003510e-01,4.901600e-01
1650,1.01325,1.320110e+01,1.298280e+01,4.030610e+06,1.178890e+00,9.750100e-02,4.956210e-01
1675,1.01325,1.305880e+01,1.070610e+01,4.326720e+06,1.180740e+00,9.501060e-02,5.009410e-01
1700,1.01325,1.295260e+01,8.664890e+00,4.567980e+06,1.185790e+00,9.285140e-02,5.061350e-01
1725,1.01325,1.287530e+01,7.110560e+00,4.764100e+06,1.193570e+00,9.095990e-02,5.112340e-01
1750,1.01325,1.281920e+01,6.029040e+00,4.927470e+06,1.202370e+00,8.926960e-02,5.162650e-01
1775,1.01325,1.277770e+01,5.303810e+00,5.068520e+06,1.210540e+00,8.772780e-02,5.212510e-01
1800,1.01325,1.274640e+01,4.819240e+00,5.194660e+06,1.217220e+00,8.629750e-02,5.262030e-01
1825,1.01325,1.272220e+01,4.490990e+00,5.310780e+06,1.222250e+00,8.495380e-02,5.311290e-01
1850,1.01325,1.270310e+01,4.264320e+00,5.420050e+06,1.225830e+00,8.367970e-02,5.360350e-01
1875,1.01325,1.268770e+01,4.105080e+00,5.524550e+06,1.228240e+00,8.246380e-02,5.409220e-01
1900,1.01325,1.267500e+01,3.992110e+00,5.625690e+06,1.229740e+00,8.129750e-02,5.457930e-01
1925,1.01325,1.266450e+01,3.912100e+00,5.724430e+06,1.230530e+00,8.017490e-02,5.506480e-01
1950,1.01325,1.265550e+01,3.856520e+00,5.821490e+06,1.230760e+00,7.909100e-02,5.554890e-01
1975,1.01325,1.264780e+01,3.819700e+00,5.917410e+06,1.230560e+00,7.804210e-02,5.603150e-01
2000,1.01325,1.264100e+01,3.797840e+00,6.012600e+06,1.229990e+00,7.702510e-02,5.651290e-01
2025,1.01325,1.263490e+01,3.788300e+00,6.107410e+06,1.229130e+00,7.603740e-02,5.697860e-01
2050,1.01325,1.262930e+01,3.789240e+00,6.202100e+06,1.228010e+00,7.507690e-02,5.744280e-01
2075,1.01325,1.262400e+01,3.799370e+00,6.296940e+06,1.226670e+00,7.414160e-02,5.790550e-01
2100,1.01325,1.261900e+01,3.817790e+00,6.392140e+06,1.225140e+00,7.322980e-02,5.836680e-01
2125,1.01325,1.261410e+01,3.843890e+00,6.487900e+06,1.223450e+00,7.234000e-02,5.882670e-01
2150,1.01325,1.260920e+01,3.877270e+00,6.584400e+06,1.221600e+00,7.147090e-02,5.928510e-01
2175,1.01325,1.260410e+01,3.917700e+00,6.681820e+06,1.219630e+00,7.062130e-02,5.974230e-01
2200,1.01325,1.259890e+01,3.965100e+00,6.780340e+06,1.217550e+00,6.978990e-02,6.019810e-01
2225,1.01325,1.259350e+01,4.019470e+00,6.880130e+06,1.215360e+00,6.897590e-02,6.065270e-01
2250,1.01325,1.258770e+01,4.080900e+00,6.981370e+06,1.213090e+00,6.817800e-02,6.110600e-01
2275,1.01325,1.258140e+01,4.149580e+00,7.084240e+06,1.210750e+00,6.739550e-02,6.155810e-01
2300,1.01325,1.257470e+01,4.225740e+00,7.188910e+06,1.208350e+00,6.662740e-02,6.200900e-01
2325,1.01325,1.256750e+01,4.309650e+00,7.295590e+06,1.205900e+00,6.587290e-02,6.245880e-01
2350,1.01325,1.255960e+01,4.401650e+00,7.404460e+06,1.203430e+00,6.513120e-02,6.290750e-01
2375,1.01325,1.255100e+01,4.502110e+00,7.515740e+06,1.200950e+00,6.440140e-02,6.335500e-01
2400,1.01325,1.254160e+01,4.611450e+00,7.629640e+06,1.198470e+00,6.368280e-02,6.380150e-01
2425,1.01325,1.253130e+01,4.730110e+00,7.746390e+06,1.196020e+00,6.297470e-02,6.424690e-01
2450,1.01325,1.252010e+01,4.858570e+00,7.866230e+06,1.193590e+00,6.227640e-02,6.469120e-01
2475,1.01325,1.250790e+01,4.997350e+00,7.989410e+06,1.191220e+00,6.158710e-02,6.513450e-01
2500,1.01325,1.249450e+01,5.146990e+00,8.116190e+06,1.188910e+00,6.090620e-02,6.557670e-01
2525,1.01325,1.248000e+01,5.308080e+00,8.246850e+06,1.186690e+00,6.023300e-02,6.601780e-01
2550,1.01325,1.246410e+01,5.481230e+00,8.381690e+06,1.184560e+00,5.956680e-02,6.645790e-01
2575,1.01325,1.244690e+01,5.667100e+00,8.521020e+06,1.182540e+00,5.890710e-02,6.689690e-01
2600,1.01325,1.242830e+01,5.866360e+00,8.665160e+06,1.180650e+00,5.825310e-02,6.733470e-01
2625,1.01325,1.240800e+01,6.079760e+00,8.814460e+06,1.178900e+00,5.760420e-02,6.777130e-01
2650,1.01325,1.238610e+01,6.308070e+00,8.969270e+06,1.177300e+00,5.695990e-02,6.820670e-01
2675,1.01325,1.236240e+01,6.552100e+00,9.129990e+06,1.175860e+00,5.631960e-02,6.864080e-01
2700,1.01325,1.233670e+01,6.812720e+00,9.297020e+06,1.174600e+00,5.568250e-02,6.907350e-01
2725,1.01325,1.230920e+01,7.090860e+00,9.470770e+06,1.173520e+00,5.504830e-02,6.950470e-01
2750,1.01325,1.227940e+01,7.387500e+00,9.651710e+06,1.172630e+00,5.441610e-02,6.993420e-01
2775,1.01325,1.224750e+01,7.703670e+00,9.840310e+06,1.171950e+00,5.378560e-02,7.036200e-01
2800,1.01325,1.221320e+01,8.040470e+00,1.003710e+07,1.171480e+00,5.315620e-02,7.078780e-01
2825,1.01325,1.217650e+01,8.399060e+00,1.024250e+07,1.171240e+00,5.252720e-02,7.121140e-01
2850,1.01325,1.213710e+01,8.780660e+00,1.045720e+07,1.171220e+00,5.189820e-02,7.163270e-01
2875,1.01325,1.209510e+01,9.186530e+00,1.068180e+07,1.171450e+00,5.126870e-02,7.205150e-01
2900,1.01325,1.205020e+01,9.617990e+00,1.091680e+07,1.171920e+00,5.063800e-02,7.246730e-01
2925,1.01325,1.200230e+01,1.007640e+01,1.116290e+07,1.172640e+00,5.000570e-02,7.288000e-01
2950,1.01325,1.195130e+01,1.056310e+01,1.142080e+07,1.173630e+00,4.937140e-02,7.328920e-01
2975,1.01325,1.189710e+01,1.107940e+01,1.169130e+07,1.174890e+00,4.873450e-02,7.369470e-01
3000,1.01325,1.183960e+01,1.162660e+01,1.197500e+07,1.176420e+00,4.809460e-02,7.409590e-01
3025,1.01325,1.177850e+01,1.220580e+01,1.227290e+07,1.178240e+00,4.745130e-02,7.449260e-01
3050,1.01325,1.171400e+01,1.281810e+01,1.258560e+07,1.180350e+00,4.680430e-02,7.488440e-01
3075,1.01325,1.164570e+01,1.346410e+01,1.291410e+07,1.182760e+00,4.615310e-02,7.527090e-01
3100,1.01325,1.157360e+01,1.414420e+01,1.325910e+07,1.185470e+00,4.549760e-02,7.565170e-01
3125,1.01325,1.149770e+01,1.485830e+01,1.362160e+07,1.188470e+00,4.483750e-02,7.602640e-01
3150,1.01325,1.141780e+01,1.560580e+01,1.400230e+07,1.191770e+00,4.417270e-02,7.639470e-01
3175,1.01325,1.133400e+01,1.638530e+01,1.440210e+07,1.195370e+00,4.350330e-02,7.675620e-01
3200,1.01325,1.124620e+01,1.719480e+01,1.482180e+07,1.199250e+00,4.282910e-02,7.711070e-01
3225,1.01325,1.115450e+01,1.803110e+01,1.526210e+07,1.203390e+00,4.215060e-02,7.745780e-01
3250,1.01325,1.105890e+01,1.889060e+01,1.572360e+07,1.207780e+00,4.146790e-02,7.779740e-01
3275,1.01325,1.095960e+01,1.976810e+01,1.620680e+07,1.212400e+00,4.078160e-02,7.812940e-01
3300,1.01325,1.085660e+01,2.065810e+01,1.671210e+07,1.217200e+00,4.009230e-02,7.845360e-01
3325,1.01325,1.075020e+01,2.155360e+01,1.723970e+07,1.222160e+00,3.940080e-02,7.877000e-01
3350,1.01325,1.064060e+01,2.244750e+01,1.778970e+07,1.227220e+00,3.870810e-02,7.907860e-01
3375,1.01325,1.052800e+01,2.333160e+01,1.836200e+07,1.232350e+00,3.801500e-02,7.937920e-01
3400,1.01325,1.041290e+01,2.419790e+01,1.895620e+07,1.237490e+00,3.732290e-02,7.967210e-01
3425,1.01325,1.029560e+01,2.503800e+01,1.957170e+07,1.242600e+00,3.663310e-02,7.995710e-01
3450,1.01325,1.017650e+01,2.584400e+01,2.020780e+07,1.247620e+00,3.594670e-02,8.023420e-01
3475,1.01325,1.005590e+01,2.660820e+01,2.086350e+07,1.252500e+00,3.526540e-02,8.050340e-01
3500,1.01325,9.934370e+00,2.732400e+01,2.153780e+07,1.257210e+00,3.459030e-02,8.076450e-01
3525,1.01325,9.812290e+00,2.798530e+01,2.222930e+07,1.261690e+00,3.392290e-02,8.101740e-01
3550,1.01325,9.690110e+00,2.858740e+01,2.293660e+07,1.265920e+00,3.326460e-02,8.126190e-01
3575,1.01325,9.568230e+00,2.912650e+01,2.365810e+07,1.269850e+00,3.261650e-02,8.149780e-01
3600,1.01325,9.447050e+00,2.960010e+01,2.439230e+07,1.273480e+00,3.197980e-02,8.172490e-01
3625,1.01325,9.326970e+00,3.000670e+01,2.513760e+07,1.276780e+00,3.135550e-02,8.194280e-01
3650,1.01325,9.208310e+00,3.034590e+01,2.589210e+07,1.279730e+00,3.074460e-02,8.215140e-01
3675,1.01325,9.091400e+00,3.061810e+01,2.665430e+07,1.282340e+00,3.014780e-02,8.235050e-01
3700,1.01325,8.976510e+00,3.082480e+01,2.742250e+07,1.284600e+00,2.956570e-02,8.254010e-01
3725,1.01325,8.863880e+00,3.096790e+01,2.819500e+07,1.286520e+00,2.899880e-02,8.272010e-01
3750,1.01325,8.753740e+00,3.105000e+01,2.897040e+07,1.288090e+00,2.844750e-02,8.289060e-01
3775,1.01325,8.646240e+00,3.107440e+01,2.974700e+07,1.289340e+00,2.791210e-02,8.305190e-01
3800,1.01325,8.541540e+00,3.104450e+01,3.052360e+07,1.290270e+00,2.739270e-02,8.320440e-01
3825,1.01325,8.439740e+00,3.096410e+01,3.129880e+07,1.290900e+00,2.688930e-02,8.334850e-01
3850,1.01325,8.340930e+00,3.083740e+01,3.207140e+07,1.291240e+00,2.640190e-02,8.348490e-01
3875,1.01325,8.245150e+00,3.066840e+01,3.284030e+07,1.291310e+00,2.593040e-02,8.361420e-01
3900,1.01325,8.152450e+00,3.046160e+01,3.360450e+07,1.291140e+00,2.547450e-02,8.373720e-01
3925,1.01325,8.062820e+00,3.022130e+01,3.436310e+07,1.290740e+00,2.503390e-02,8.385490e-01
3950,1.01325,7.976250e+00,2.995190e+01,3.511540e+07,1.290140e+00,2.460840e-02,8.396820e-01
3975,1.01325,7.892730e+00,2.965750e+01,3.586050e+07,1.289350e+00,2.419760e-02,8.407820e-01
4000,1.01325,7.812200e+00,2.934250e+01,3.659810e+07,1.288400e+00,2.380100e-02,8.418570e-01
200,1.80184,2.575290e+01,1.321060e+00,-5.940200e+06,1.323440e+00,2.790470e+00,8.941740e-02
225,1.80184,2.575290e+01,1.352440e+00,-5.906790e+06,1.313580e+00,2.480420e+00,9.938210e-02
250,1.80184,2.575290e+01,1.388770e+00,-5.872540e+06,1.302890e+00,2.232380e+00,1.092570e-01
275,1.80184,2.575290e+01,1.430920e+00,-5.837300e+06,1.291370e+00,2.029440e+00,1.190290e-01
300,1.80184,2.575290e+01,1.478340e+00,-5.800950e+06,1.279410e+00,1.860320e+00,1.286830e-01
325,1.80184,2.575290e+01,1.530100e+00,-5.763350e+06,1.267440e+00,1.717210e+00,1.385830e-01
350,1.80184,2.575280e+01,1.585480e+00,-5.724410e+06,1.255730e+00,1.594550e+00,1.484110e-01
375,1.80184,2.575260e+01,1.644490e+00,-5.684050e+06,1.244410e+00,1.488240e+00,1.581580e-01
400,1.80184,2.575190e+01,1.708790e+00,-5.642150e+06,1.233370e+00,1.395190e+00,1.678190e-01
425,1.80184,2.574990e+01,1.783110e+00,-5.598530e+06,1.222270e+00,1.313010e+00,1.773910e-01
450,1.80184,2.574450e+01,1.877240e+00,-5.552830e+06,1.210600e+00,1.239810e+00,1.868770e-01
475,1.80184,2.573200e+01,2.008390e+00,-5.504360e+06,1.197820e+00,1.173980e+00,1.962860e-01
500,1.80184,2.570530e+01,2.203490e+00,-5.451880e+06,1.183780e+00,1.114130e+00,2.056350e-01
525,1.80184,2.565290e+01,2.500290e+00,-5.393340e+06,1.169150e+00,1.058910e+00,2.145840e-01
550,1.80184,2.555780e+01,2.945700e+00,-5.325630e+06,1.155610e+00,1.007030e+00,2.234980e-01
575,1.80184,2.539690e+01,3.588270e+00,-5.244410e+06,1.145280e+00,9.571840e-01,2.324270e-01
600,1.80184,2.514340e+01,4.460970e+00,-5.144280e+06,1.139900e+00,9.081430e-01,2.414240e-01
625,1.80184,2.477230e+01,5.550180e+00,-5.019530e+06,1.140130e+00,8.589520e-01,2.503110e-01
650,1.80184,2.427210e+01,6.752710e+00,-4.865790e+06,1.145240e+00,8.092370e-01,2.592710e-01
675,1.80184,2.365690e+01,7.843400e+00,-4.682800e+06,1.153160e+00,7.595160e-01,2.682220e-01
700,1.80184,2.297530e+01,8.510160e+00,-4.477170e+06,1.160850e+00,7.112880e-01,2.770120e-01
725,1.80184,2.230100e+01,8.509360e+00,-4.262930e+06,1.165520e+00,6.666040e-01,2.854660e-01
750,1.80184,2.170590e+01,7.865870e+00,-4.057160e+06,1.166220e+00,6.271880e-01,2.934610e-01
775,1.80184,2.123030e+01,6.937680e+00,-3.872100e+06,1.164040e+00,5.936580e-01,3.009540e-01
800,1.80184,2.086140e+01,6.418860e+00,-3.706880e+06,1.161580e+00,5.651120e-01,3.079790e-01
825,1.80184,2.052680e+01,6.741010e+00,-3.543610e+06,1.162900e+00,5.391980e-01,3.146770e-01
850,1.80184,2.017580e+01,7.119500e+00,-3.369500e+06,1.167180e+00,5.143910e-01,3.212430e-01
875,1.80184,1.983260e+01,6.871000e+00,-3.193040e+06,1.170110e+00,4.911950e-01,3.277800e-01
900,1.80184,1.954730e+01,5.981090e+00,-3.031490e+06,1.170430e+00,4.706810e-01,3.342830e-01
925,1.80184,1.934420e+01,5.066490e+00,-2.894250e+06,1.169680e+00,4.532020e-01,3.406840e-01
950,1.80184,1.919640e+01,4.804700e+00,-2.772390e+06,1.167470e+00,4.379030e-01,3.469200e-01
975,1.80184,1.905820e+01,5.042570e+00,-2.649820e+06,1.165440e+00,4.236030e-01,3.529800e-01
1000,1.80184,1.890870e+01,5.398760e+00,-2.519370e+06,1.165260e+00,4.097740e-01,3.588930e-01
1025,1.80184,1.874420e+01,5.758430e+00,-2.379880e+06,1.166530e+00,3.963020e-01,3.644810e-01
1050,1.80184,1.856540e+01,6.102640e+00,-2.231580e+06,1.168740e+00,3.831740e-01,3.699600e-01
1075,1.80184,1.837370e+01,6.426080e+00,-2.074920e+06,1.171590e+00,3.704000e-01,3.753450e-01
1100,1.80184,1.817130e+01,6.724290e+00,-1.910480e+06,1.174860e+00,3.579940e-01,3.806450e-01
1125,1.80184,1.796040e+01,6.992820e+00,-1.738950e+06,1.178380e+00,3.459750e-01,3.858690e-01
1150,1.80184,1.774330e+01,7.227860e+00,-1.561120e+06,1.181970e+00,3.343630e-01,3.910270e-01
1175,1.80184,1.752260e+01,7.427070e+00,-1.377860e+06,1.185500e+00,3.231780e-01,3.961290e-01
1200,1.80184,1.730060e+01,7.590300e+00,-1.190070e+06,1.188800e+00,3.124360e-01,4.011830e-01
1225,1.80184,1.707950e+01,7.720250e+00,-9.986210e+05,1.191750e+00,3.021500e-01,4.062000e-01
1250,1.80184,1.686140e+01,7.822880e+00,-8.042840e+05,1.194200e+00,2.923250e-01,4.111910e-01
1275,1.80184,1.664780e+01,7.907830e+00,-6.076250e+05,1.196030e+00,2.829620e-01,4.161640e-01
1300,1.80184,1.643970e+01,7.988450e+00,-4.089290e+05,1.197140e+00,2.740520e-01,4.211310e-01
1325,1.80184,1.623770e+01,8.081830e+00,-2.080970e+05,1.197420e+00,2.655760e-01,4.261020e-01
1350,1.80184,1.604170e+01,8.208490e+00,-4.561210e+03,1.196830e+00,2.575120e-01,4.310860e-01
1375,1.80184,1.585100e+01,8.392050e+00,2.028010e+05,1.195350e+00,2.498250e-01,4.360940e-01
1400,1.80184,1.566450e+01,8.658540e+00,4.157320e+05,1.193070e+00,2.424760e-01,4.411380e-01
1425,1.80184,1.548020e+01,9.035380e+00,6.366470e+05,1.190200e+00,2.354200e-01,4.462270e-01
1450,1.80184,1.529590e+01,9.549520e+00,8.686460e+05,1.187030e+00,2.286070e-01,4.513720e-01
1475,1.80184,1.510890e+01,1.022400e+01,1.115460e+06,1.183990e+00,2.219850e-01,4.565840e-01
1500,1.80184,1.491640e+01,1.107160e+01,1.381290e+06,1.181530e+00,2.155030e-01,4.618710e-01
1525,1.80184,1.471560e+01,1.208330e+01,1.670420e+06,1.180070e+00,2.091170e-01,4.672390e-01
1550,1.80184,1.450470e+01,1.320960e+01,1.986430e+06,1.179850e+00,2.027960e-01,4.726890e-01
1575,1.80184,1.428340e+01,1.433460e+01,2.330920e+06,1.180820e+00,1.965320e-01,4.782110e-01
1600,1.80184,1.405430e+01,1.525140e+01,2.701450e+06,1.182570e+00,1.903580e-01,4.837820e-01
1625,1.80184,1.382370e+01,1.567080e+01,3.089340e+06,1.184330e+00,1.843540e-01,4.893650e-01
1650,1.80184,1.360180e+01,1.531210e+01,3.478460e+06,1.185320e+00,1.786470e-01,4.949140e-01
1675,1.80184,1.340080e+01,1.408790e+01,3.847630e+06,1.185440e+00,1.733800e-01,5.003790e-01
1700,1.80184,1.323060e+01,1.224310e+01,4.177610e+06,1.185700e+00,1.686600e-01,5.057300e-01
1725,1.80184,1.309490e+01,1.024310e+01,4.458520e+06,1.187620e+00,1.645110e-01,5.109610e-01
1750,1.80184,1.299120e+01,8.482810e+00,4.691840e+06,1.192020e+00,1.608770e-01,5.160890e-01
1775,1.80184,1.291330e+01,7.124480e+00,4.886070e+06,1.198360e+00,1.576600e-01,5.211370e-01
1800,1.80184,1.285470e+01,6.148880e+00,5.051270e+06,1.205350e+00,1.547650e-01,5.261280e-01
1825,1.80184,1.281000e+01,5.468030e+00,5.195960e+06,1.211870e+00,1.521140e-01,5.310780e-01
1850,1.80184,1.277530e+01,4.993810e+00,5.326390e+06,1.217310e+00,1.496520e-01,5.359980e-01
1875,1.80184,1.274780e+01,4.659580e+00,5.446820e+06,1.221540e+00,1.473390e-01,5.408940e-01
1900,1.80184,1.272570e+01,4.420150e+00,5.560150e+06,1.224640e+00,1.451480e-01,5.457700e-01
1925,1.80184,1.270760e+01,4.246100e+00,5.668360e+06,1.226810e+00,1.430590e-01,5.506290e-01
1950,1.80184,1.269260e+01,4.118380e+00,5.772840e+06,1.228230e+00,1.410580e-01,5.554720e-01
1975,1.80184,1.268000e+01,4.024570e+00,5.874570e+06,1.229030e+00,1.391340e-01,5.603000e-01
2000,1.80184,1.266920e+01,3.956370e+00,5.974280e+06,1.229340e+00,1.372780e-01,5.651150e-01
2025,1.80184,1.265980e+01,3.908130e+00,6.072550e+06,1.229240e+00,1.354830e-01,5.697730e-01
2050,1.80184,1.265170e+01,3.875910e+00,6.169820e+06,1.228810e+00,1.337440e-01,5.744160e-01
2075,1.80184,1.264430e+01,3.856890e+00,6.266460e+06,1.228100e+00,1.320570e-01,5.790440e-01
2100,1.80184,1.263770e+01,3.849060e+00,6.362760e+06,1.227150e+00,1.304160e-01,5.836570e-01
2125,1.80184,1.263160e+01,3.850950e+00,6.458990e+06,1.225990e+00,1.288190e-01,5.882550e-01
2150,1.80184,1.262580e+01,3.861480e+00,6.555380e+06,1.224650e+00,1.272630e-01,5.928400e-01
2175,1.80184,1.262020e+01,3.879880e+00,6.652130e+06,1.223150e+00,1.257450e-01,5.974110e-01
2200,1.80184,1.261480e+01,3.905610e+00,6.749430e+06,1.221520e+00,1.242620e-01,6.019690e-01
2225,1.80184,1.260930e+01,3.938300e+00,6.847470e+06,1.219760e+00,1.228130e-01,6.065140e-01
2250,1.80184,1.260380e+01,3.977710e+00,6.946400e+06,1.217900e+00,1.213950e-01,6.110470e-01
2275,1.80184,1.259810e+01,4.023730e+00,7.046410e+06,1.215950e+00,1.200070e-01,6.155670e-01
2300,1.80184,1.259220e+01,4.076320e+00,7.147640e+06,1.213920e+00,1.186470e-01,6.200760e-01
2325,1.80184,1.258600e+01,4.135530e+00,7.250280e+06,1.211820e+00,1.173130e-01,6.245730e-01
2350,1.80184,1.257940e+01,4.201480e+00,7.354480e+06,1.209660e+00,1.160040e-01,6.290580e-01
2375,1.80184,1.257230e+01,4.274320e+00,7.460410e+06,1.207470e+00,1.147180e-01,6.335330e-01
2400,1.80184,1.256470e+01,4.354250e+00,7.568250e+06,1.205250e+00,1.134550e-01,6.379970e-01
2425,1.80184,1.255650e+01,4.441540e+00,7.678180e+06,1.203010e+00,1.122120e-01,6.424500e-01
2450,1.80184,1.254770e+01,4.536460e+00,7.790390e+06,1.200770e+00,1.109890e-01,6.468920e-01
2475,1.80184,1.253810e+01,4.639330e+00,7.905070e+06,1.198540e+00,1.097840e-01,6.513240e-01
2500,1.80184,1.252780e+01,4.750500e+00,8.022430e+06,1.196340e+00,1.085960e-01,6.557460e-01
2525,1.80184,1.251650e+01,4.870330e+00,8.142670e+06,1.194170e+00,1.074250e-01,6.601580e-01
2550,1.80184,1.250440e+01,4.999250e+00,8.266020e+06,1.192050e+00,1.062680e-01,6.645600e-01
2575,1.80184,1.249120e+01,5.137660e+00,8.392710e+06,1.190000e+00,1.051250e-01,6.689520e-01
2600,1.80184,1.247690e+01,5.286040e+00,8.522990e+06,1.188020e+00,1.039960e-01,6.733330e-01
2625,1.80184,1.246140e+01,5.444870e+00,8.657100e+06,1.186130e+00,1.028780e-01,6.777040e-01
2650,1.80184,1.244470e+01,5.614650e+00,8.795320e+06,1.184340e+00,1.017710e-01,6.820640e-01
2675,1.80184,1.242670e+01,5.795930e+00,8.937930e+06,1.182660e+00,1.006730e-01,6.864130e-01
2700,1.80184,1.240730e+01,5.989280e+00,9.085220e+06,1.181100e+00,9.958510e-02,6.907510e-01
2725,1.80184,1.238630e+01,6.195300e+00,9.237500e+06,1.179680e+00,9.850490e-02,6.950760e-01
2750,1.80184,1.236380e+01,6.414640e+00,9.395100e+06,1.178400e+00,9.743180e-02,6.993890e-01
2775,1.80184,1.233960e+01,6.647950e+00,9.558350e+06,1.177270e+00,9.636490e-02,7.036890e-01
2800,1.80184,1.231360e+01,6.895960e+00,9.727620e+06,1.176300e+00,9.530330e-02,7.079740e-01
2825,1.80184,1.228570e+01,7.159410e+00,9.903270e+06,1.175500e+00,9.424610e-02,7.122430e-01
2850,1.80184,1.225590e+01,7.439090e+00,1.008570e+07,1.174880e+00,9.319260e-02,7.164960e-01
2875,1.80184,1.222400e+01,7.735830e+00,1.027540e+07,1.174450e+00,9.214180e-02,7.207300e-01
2900,1.80184,1.218990e+01,8.050500e+00,1.047270e+07,1.174210e+00,9.109300e-02,7.249450e-01
2925,1.80184,1.215360e+01,8.384010e+00,1.067810e+07,1.174170e+00,9.004530e-02,7.291370e-01
2950,1.80184,1.211490e+01,8.737290e+00,1.089200e+07,1.174340e+00,8.899800e-02,7.333060e-01
2975,1.80184,1.207370e+01,9.111320e+00,1.111510e+07,1.174720e+00,8.795030e-02,7.374490e-01
3000,1.80184,1.203000e+01,9.507070e+00,1.134780e+07,1.175320e+00,8.690140e-02,7.415640e-01
3025,1.80184,1.198360e+01,9.925530e+00,1.159060e+07,1.176160e+00,8.585060e-02,7.456480e-01
3050,1.80184,1.193440e+01,1.036770e+01,1.184420e+07,1.177230e+00,8.479740e-02,7.496980e-01
3075,1.80184,1.188230e+01,1.083440e+01,1.210920e+07,1.178540e+00,8.374090e-02,7.537120e-01
3100,1.80184,1.182720e+01,1.132660e+01,1.238620e+07,1.180100e+00,8.268050e-02,7.576850e-01
3125,1.80184,1.176910e+01,1.184500e+01,1.267580e+07,1.181910e+00,8.161590e-02,7.616160e-01
3150,1.80184,1.170780e+01,1.239010e+01,1.297870e+07,1.183980e+00,8.054630e-02,7.655010e-01
3175,1.80184,1.164320e+01,1.296240e+01,1.329550e+07,1.186310e+00,7.947140e-02,7.693370e-01
3200,1.80184,1.157530e+01,1.356190e+01,1.362700e+07,1.188900e+00,7.839090e-02,7.731200e-01
3225,1.80184,1.150410e+01,1.418830e+01,1.397380e+07,1.191750e+00,7.730440e-02,7.768480e-01
3250,1.80184,1.142940e+01,1.484110e+01,1.433660e+07,1.194870e+00,7.621190e-02,7.805180e-01
3275,1.80184,1.135130e+01,1.551890e+01,1.471610e+07,1.198240e+00,7.511330e-02,7.841270e-01
3300,1.80184,1.126980e+01,1.622020e+01,1.511280e+07,1.201860e+00,7.400880e-02,7.876740e-01
3325,1.80184,1.118480e+01,1.694260e+01,1.552730e+07,1.205720e+00,7.289870e-02,7.911550e-01
3350,1.80184,1.109650e+01,1.768320e+01,1.596010e+07,1.209790e+00,7.178330e-02,7.945700e-01
3375,1.80184,1.100490e+01,1.843850e+01,1.641160e+07,1.214070e+00,7.066340e-02,7.979170e-01
3400,1.80184,1.091010e+01,1.920430e+01,1.688210e+07,1.218520e+00,6.953980e-02,8.011950e-01
3425,1.80184,1.081230e+01,1.997570e+01,1.737180e+07,1.223120e+00,6.841340e-02,8.044060e-01
3450,1.80184,1.071170e+01,2.074770e+01,1.788090e+07,1.227830e+00,6.728560e-02,8.075470e-01
3475,1.80184,1.060850e+01,2.151440e+01,1.840920e+07,1.232620e+00,6.615760e-02,8.106190e-01
3500,1.80184,1.050280e+01,2.227010e+01,1.895650e+07,1.237450e+00,6.503110e-02,8.136230e-01
3525,1.80184,1.039510e+01,2.300880e+01,1.952250e+07,1.242290e+00,6.390760e-02,8.165580e-01
3550,1.80184,1.028560e+01,2.372460e+01,2.010670e+07,1.247090e+00,6.278890e-02,8.194240e-01
3575,1.80184,1.017460e+01,2.441200e+01,2.070850e+07,1.251810e+00,6.167690e-02,8.222220e-01
3600,1.80184,1.006240e+01,2.506570e+01,2.132710e+07,1.256420e+00,6.057340e-02,8.249500e-01
3625,1.80184,9.949460e+00,2.568110e+01,2.196150e+07,1.260890e+00,5.948030e-02,8.276070e-01
3650,1.80184,9.836030e+00,2.625410e+01,2.261080e+07,1.265170e+00,5.839950e-02,8.301920e-01
3675,1.80184,9.722470e+00,2.678150e+01,2.327380e+07,1.269240e+00,5.733260e-02,8.327040e-01
3700,1.80184,9.609120e+00,2.726070e+01,2.394940e+07,1.273080e+00,5.628130e-02,8.351400e-01
3725,1.80184,9.496290e+00,2.768980e+01,2.463640e+07,1.276670e+00,5.524710e-02,8.374970e-01
3750,1.80184,9.384270e+00,2.806780e+01,2.533350e+07,1.279990e+00,5.423150e-02,8.397750e-01
3775,1.80184,9.273350e+00,2.839430e+01,2.603940e+07,1.283030e+00,5.323560e-02,8.419710e-01
3800,1.80184,9.163790e+00,2.866950e+01,2.675280e+07,1.285790e+00,5.226050e-02,8.440820e-01
3825,1.80184,9.055800e+00,2.889410e+01,2.747240e+07,1.288260e+00,5.130710e-02,8.461090e-01
3850,1.80184,8.949590e+00,2.906940e+01,2.819710e+07,1.290440e+00,5.037610e-02,8.480500e-01
3875,1.80184,8.845350e+00,2.919700e+01,2.892550e+07,1.292330e+00,4.946810e-02,8.499060e-01
3900,1.80184,8.743220e+00,2.927880e+01,2.965650e+07,1.293940e+00,4.858350e-02,8.516770e-01
3925,1.80184,8.643340e+00,2.931700e+01,3.038910e+07,1.295270e+00,4.772260e-02,8.533670e-01
3950,1.80184,8.545820e+00,2.931420e+01,3.112210e+07,1.296340e+00,4.688550e-02,8.549770e-01
3975,1.80184,8.450730e+00,2.927290e+01,3.185450e+07,1.297150e+00,4.607220e-02,8.565130e-01
4000,1.80184,8.358140e+00,2.919580e+01,3.258540e+07,1.297720e+00,4.528260e-02,8.579790e-01
200,3.20418,2.575290e+01,1.321060e+00,-5.940200e+06,1.323440e+00,4.962240e+00,8.941740e-02
225,3.20418,2.575290e+01,1.352440e+00,-5.906790e+06,1.313580e+00,4.410880e+00,9.938210e-02
250,3.20418,2.575290e+01,1.388770e+00,-5.872540e+06,1.302890e+00,3.969790e+00,1.092570e-01
275,3.20418,2.575290e+01,1.430920e+00,-5.837300e+06,1.291370e+00,3.608900e+00,1.190290e-01
300,3.20418,2.575290e+01,1.478330e+00,-5.800950e+06,1.279410e+00,3.308160e+00,1.286830e-01
325,3.20418,2.575290e+01,1.530070e+00,-5.763350e+06,1.267440e+00,3.053690e+00,1.385830e-01
350,3.20418,2.575290e+01,1.585300e+00,-5.724420e+06,1.255760e+00,2.835560e+00,1.484110e-01
375,3.20418,2.575270e+01,1.643800e+00,-5.684060e+06,1.244510e+00,2.646510e+00,1.581580e-01
400,3.20418,2.575220e+01,1.706540e+00,-5.642190e+06,1.233630e+00,2.481060e+00,1.678180e-01
425,3.20418,2.575070e+01,1.776800e+00,-5.598670e+06,1.222910e+00,2.334980e+00,1.773890e-01
450,3.20418,2.574680e+01,1.861540e+00,-5.553230e+06,1.211950e+00,2.204920e+00,1.868720e-01
475,3.20418,2.573770e+01,1.973230e+00,-5.505370e+06,1.200280e+00,2.088130e+00,1.962720e-01
500,3.20418,2.571830e+01,2.131510e+00,-5.454190e+06,1.187660e+00,1.982230e+00,2.056030e-01
525,3.20418,2.568010e+01,2.364330e+00,-5.398180e+06,1.174350e+00,1.885030e+00,2.145170e-01
550,3.20418,2.561030e+01,2.707420e+00,-5.335050e+06,1.161380e+00,1.794460e+00,2.233690e-01
575,3.20418,2.549150e+01,3.200540e+00,-5.261550e+06,1.150410e+00,1.708480e+00,2.322010e-01
600,3.20418,2.530160e+01,3.878210e+00,-5.173480e+06,1.143100e+00,1.625090e+00,2.410550e-01
625,3.20418,2.501780e+01,4.752180e+00,-5.065990e+06,1.140550e+00,1.542590e+00,2.497580e-01
650,3.20418,2.462240e+01,5.784580e+00,-4.934530e+06,1.142850e+00,1.459820e+00,2.585190e-01
675,3.20418,2.411240e+01,6.857600e+00,-4.776400e+06,1.148990e+00,1.376630e+00,2.673060e-01
700,3.20418,2.350900e+01,7.763140e+00,-4.593030e+06,1.156910e+00,1.294250e+00,2.760260e-01
725,3.20418,2.286010e+01,8.253930e+00,-4.391720e+06,1.163950e+00,1.215130e+00,2.845460e-01
750,3.20418,2.222950e+01,8.174160e+00,-4.185150e+06,1.167970e+00,1.142220e+00,2.927260e-01
775,3.20418,2.167440e+01,7.590590e+00,-3.987280e+06,1.168420e+00,1.077770e+00,3.004820e-01
800,3.20418,2.122380e+01,6.813230e+00,-3.807300e+06,1.166340e+00,1.022390e+00,3.077940e-01
825,3.20418,2.086500e+01,6.363270e+00,-3.643890e+06,1.164020e+00,9.746450e-01,3.146980e-01
850,3.20418,2.054200e+01,6.562320e+00,-3.483370e+06,1.164940e+00,9.313320e-01,3.213060e-01
875,3.20418,2.021120e+01,6.870690e+00,-3.314910e+06,1.168770e+00,8.901550e-01,3.277780e-01
900,3.20418,1.988610e+01,6.722200e+00,-3.143780e+06,1.171760e+00,8.515070e-01,3.342090e-01
925,3.20418,1.960550e+01,6.039220e+00,-2.983400e+06,1.172230e+00,8.168060e-01,3.406080e-01
950,3.20418,1.939430e+01,5.225990e+00,-2.842980e+06,1.171070e+00,7.867410e-01,3.469300e-01
975,3.20418,1.923870e+01,4.850160e+00,-2.718260e+06,1.168930e+00,7.604190e-01,3.531150e-01
1000,3.20418,1.910220e+01,4.948440e+00,-2.596420e+06,1.166910e+00,7.361470e-01,3.591440e-01
1025,3.20418,1.896140e+01,5.220410e+00,-2.469460e+06,1.166440e+00,7.129010e-01,3.648280e-01
1050,3.20418,1.880960e+01,5.523930e+00,-2.335170e+06,1.167350e+00,6.903560e-01,3.703920e-01
1075,3.20418,1.864590e+01,5.823980e+00,-2.193300e+06,1.169210e+00,6.684310e-01,3.758550e-01
1100,3.20418,1.847100e+01,6.111050e+00,-2.044080e+06,1.171720e+00,6.471120e-01,3.812280e-01
1125,3.20418,1.828630e+01,6.380390e+00,-1.887890e+06,1.174680e+00,6.264040e-01,3.865210e-01
1150,3.20418,1.809340e+01,6.628330e+00,-1.725230e+06,1.177920e+00,6.063220e-01,3.917430e-01
1175,3.20418,1.789410e+01,6.851990e+00,-1.556680e+06,1.181290e+00,5.868870e-01,3.969030e-01
1200,3.20418,1.769040e+01,7.049640e+00,-1.382850e+06,1.184670e+00,5.681190e-01,4.020080e-01
1225,3.20418,1.748420e+01,7.221120e+00,-1.204410e+06,1.187920e+00,5.500370e-01,4.070660e-01
1250,3.20418,1.727730e+01,7.368250e+00,-1.022000e+06,1.190910e+00,5.326560e-01,4.120850e-01
1275,3.20418,1.707120e+01,7.495260e+00,-8.361700e+05,1.193530e+00,5.159830e-01,4.170750e-01
1300,3.20418,1.686740e+01,7.609010e+00,-6.473480e+05,1.195660e+00,5.000180e-01,4.220430e-01
1325,3.20418,1.666680e+01,7.719210e+00,-4.557500e+05,1.197190e+00,4.847500e-01,4.269980e-01
1350,3.20418,1.647010e+01,7.838450e+00,-2.613130e+05,1.198050e+00,4.701580e-01,4.319500e-01
1375,3.20418,1.627740e+01,7.982160e+00,-6.362400e+04,1.198160e+00,4.562100e-01,4.369070e-01
1400,3.20418,1.608850e+01,8.168330e+00,1.381480e+05,1.197510e+00,4.428630e-01,4.418780e-01
1425,3.20418,1.590250e+01,8.417170e+00,3.453140e+05,1.196150e+00,4.300630e-01,4.468730e-01
1450,3.20418,1.571820e+01,8.750370e+00,5.597100e+05,1.194200e+00,4.177500e-01,4.519010e-01
1475,3.20418,1.553390e+01,9.189860e+00,7.837190e+05,1.191880e+00,4.058540e-01,4.569720e-01
1500,3.20418,1.534760e+01,9.755630e+00,1.020260e+06,1.189500e+00,3.943030e-01,4.620960e-01
1525,3.20418,1.515690e+01,1.046180e+01,1.272670e+06,1.187430e+00,3.830210e-01,4.672800e-01
1550,3.20418,1.495980e+01,1.130960e+01,1.544530e+06,1.186030e+00,3.719420e-01,4.725320e-01
1575,3.20418,1.475420e+01,1.227620e+01,1.839150e+06,1.185580e+00,3.610080e-01,4.778540e-01
1600,3.20418,1.453940e+01,1.329810e+01,2.158820e+06,1.186190e+00,3.501940e-01,4.832450e-01
1625,3.20418,1.431620e+01,1.425180e+01,2.503510e+06,1.187720e+00,3.395120e-01,4.886910e-01
1650,3.20418,1.408800e+01,1.494350e+01,2.869240e+06,1.189690e+00,3.290390e-01,4.941710e-01
1675,3.20418,1.386160e+01,1.513540e+01,3.246510e+06,1.191400e+00,3.189180e-01,4.996500e-01
1700,3.20418,1.364640e+01,1.463750e+01,3.620210e+06,1.192310e+00,3.093500e-01,5.050890e-01
1725,3.20418,1.345250e+01,1.344330e+01,3.972510e+06,1.192500e+00,3.005350e-01,5.104500e-01
1750,3.20418,1.328740e+01,1.179180e+01,4.288530e+06,1.192840e+00,2.926070e-01,5.157130e-01
1775,3.20418,1.315350e+01,1.004870e+01,4.561360e+06,1.194490e+00,2.855790e-01,5.208750e-01
1800,3.20418,1.304840e+01,8.505050e+00,4.792680e+06,1.197940e+00,2.793620e-01,5.259490e-01
1825,3.20418,1.296690e+01,7.281880e+00,4.989320e+06,1.202780e+00,2.738140e-01,5.309560e-01
1850,3.20418,1.290370e+01,6.370300e+00,5.159380e+06,1.208140e+00,2.687960e-01,5.359120e-01
1875,3.20418,1.285400e+01,5.708080e+00,5.309910e+06,1.213220e+00,2.641920e-01,5.408320e-01
1900,3.20418,1.281460e+01,5.228420e+00,5.446300e+06,1.217590e+00,2.599160e-01,5.457230e-01
1925,3.20418,1.278270e+01,4.877900e+00,5.572410e+06,1.221090e+00,2.559020e-01,5.505910e-01
1950,3.20418,1.275660e+01,4.618360e+00,5.690950e+06,1.223760e+00,2.521060e-01,5.554410e-01
1975,3.20418,1.273500e+01,4.423780e+00,5.803860e+06,1.225690e+00,2.484930e-01,5.602730e-01
2000,3.20418,1.271690e+01,4.276630e+00,5.912530e+06,1.227010e+00,2.450370e-01,5.650910e-01
2025,3.20418,1.270150e+01,4.165010e+00,6.017990e+06,1.227810e+00,2.417200e-01,5.697520e-01
2050,3.20418,1.268830e+01,4.080700e+00,6.121010e+06,1.228170e+00,2.385240e-01,5.743960e-01
2075,3.20418,1.267690e+01,4.017940e+00,6.222200e+06,1.228180e+00,2.354380e-01,5.790250e-01
2100,3.20418,1.266690e+01,3.972600e+00,6.322050e+06,1.227870e+00,2.324520e-01,5.836390e-01
2125,3.20418,1.265800e+01,3.941650e+00,6.420950e+06,1.227310e+00,2.295550e-01,5.882380e-01
2150,3.20418,1.264990e+01,3.922860e+00,6.519240e+06,1.226520e+00,2.267420e-01,5.928240e-01
2175,3.20418,1.264260e+01,3.914560e+00,6.617180e+06,1.225530e+00,2.240060e-01,5.973950e-01
2200,3.20418,1.263580e+01,3.915480e+00,6.715040e+06,1.224370e+00,2.213410e-01,6.019540e-01
2225,3.20418,1.262930e+01,3.924660e+00,6.813030e+06,1.223070e+00,2.187420e-01,6.064990e-01
2250,3.20418,1.262310e+01,3.941420e+00,6.911340e+06,1.221630e+00,2.162060e-01,6.110310e-01
2275,3.20418,1.261710e+01,3.965210e+00,7.010160e+06,1.220080e+00,2.137270e-01,6.155520e-01
2300,3.20418,1.261110e+01,3.995680e+00,7.109650e+06,1.218430e+00,2.113030e-01,6.200600e-01
2325,3.20418,1.260500e+01,4.032560e+00,7.209990e+06,1.216700e+00,2.089310e-01,6.245560e-01
2350,3.20418,1.259890e+01,4.075710e+00,7.311330e+06,1.214890e+00,2.066070e-01,6.290410e-01
2375,3.20418,1.259250e+01,4.125040e+00,7.413830e+06,1.213020e+00,2.043290e-01,6.335150e-01
2400,3.20418,1.258590e+01,4.180540e+00,7.517640e+06,1.211100e+00,2.020940e-01,6.379780e-01
2425,3.20418,1.257890e+01,4.242270e+00,7.622910e+06,1.209130e+00,1.999000e-01,6.424300e-01
2450,3.20418,1.257150e+01,4.310310e+00,7.729800e+06,1.207140e+00,1.977450e-01,6.468720e-01
2475,3.20418,1.256370e+01,4.384810e+00,7.838480e+06,1.205130e+00,1.956250e-01,6.513030e-01
2500,3.20418,1.255530e+01,4.465920e+00,7.949100e+06,1.203120e+00,1.935400e-01,6.557250e-01
2525,3.20418,1.254640e+01,4.553870e+00,8.061830e+06,1.201100e+00,1.914870e-01,6.601360e-01
2550,3.20418,1.253680e+01,4.648880e+00,8.176850e+06,1.199100e+00,1.894640e-01,6.645380e-01
2575,3.20418,1.252640e+01,4.751200e+00,8.294340e+06,1.197130e+00,1.874700e-01,6.689290e-01
2600,3.20418,1.251530e+01,4.861120e+00,8.414470e+06,1.195200e+00,1.855030e-01,6.733110e-01
2625,3.20418,1.250340e+01,4.978940e+00,8.537460e+06,1.193310e+00,1.835600e-01,6.776840e-01
2650,3.20418,1.249050e+01,5.105000e+00,8.663490e+06,1.191470e+00,1.816420e-01,6.820460e-01
2675,3.20418,1.247660e+01,5.239640e+00,8.792780e+06,1.189710e+00,1.797440e-01,6.863990e-01
2700,3.20418,1.246170e+01,5.383220e+00,8.925550e+06,1.188030e+00,1.778680e-01,6.907410e-01
2725,3.20418,1.244570e+01,5.536150e+00,9.062020e+06,1.186430e+00,1.760090e-01,6.950730e-01
2750,3.20418,1.242850e+01,5.698840e+00,9.202440e+06,1.184930e+00,1.741680e-01,6.993950e-01
2775,3.20418,1.241010e+01,5.871720e+00,9.347050e+06,1.183540e+00,1.723430e-01,7.037050e-01
2800,3.20418,1.239030e+01,6.055260e+00,9.496110e+06,1.182260e+00,1.705320e-01,7.080040e-01
2825,3.20418,1.236910e+01,6.249940e+00,9.649900e+06,1.181100e+00,1.687340e-01,7.122910e-01
2850,3.20418,1.234650e+01,6.456260e+00,9.808700e+06,1.180080e+00,1.669480e-01,7.165650e-01
2875,3.20418,1.232230e+01,6.674770e+00,9.972820e+06,1.179200e+00,1.651710e-01,7.208250e-01
2900,3.20418,1.229640e+01,6.906020e+00,1.014250e+07,1.178460e+00,1.634040e-01,7.250710e-01
2925,3.20418,1.226890e+01,7.150610e+00,1.031820e+07,1.177880e+00,1.616440e-01,7.293010e-01
2950,3.20418,1.223950e+01,7.409150e+00,1.050020e+07,1.177460e+00,1.598910e-01,7.335140e-01
2975,3.20418,1.220830e+01,7.682280e+00,1.068880e+07,1.177210e+00,1.581430e-01,7.377080e-01
3000,3.20418,1.217510e+01,7.970660e+00,1.088440e+07,1.177130e+00,1.563980e-01,7.418830e-01
3025,3.20418,1.213980e+01,8.274980e+00,1.108750e+07,1.177230e+00,1.546570e-01,7.460370e-01
3050,3.20418,1.210250e+01,8.595940e+00,1.129830e+07,1.177510e+00,1.529170e-01,7.501670e-01
3075,3.20418,1.206290e+01,8.934250e+00,1.151740e+07,1.177990e+00,1.511780e-01,7.542710e-01
3100,3.20418,1.202100e+01,9.290610e+00,1.174520e+07,1.178660e+00,1.494380e-01,7.583490e-01
3125,3.20418,1.197670e+01,9.665730e+00,1.198210e+07,1.179540e+00,1.476960e-01,7.623970e-01
3150,3.20418,1.193000e+01,1.006030e+01,1.222860e+07,1.180630e+00,1.459520e-01,7.664120e-01
3175,3.20418,1.188070e+01,1.047480e+01,1.248530e+07,1.181930e+00,1.442050e-01,7.703940e-01
3200,3.20418,1.182880e+01,1.091000e+01,1.275260e+07,1.183450e+00,1.424530e-01,7.743380e-01
3225,3.20418,1.177420e+01,1.136630e+01,1.303100e+07,1.185190e+00,1.406970e-01,7.782430e-01
3250,3.20418,1.171680e+01,1.184390e+01,1.332100e+07,1.187150e+00,1.389340e-01,7.821050e-01
3275,3.20418,1.165660e+01,1.234310e+01,1.362330e+07,1.189350e+00,1.371650e-01,7.859230e-01
3300,3.20418,1.159360e+01,1.286380e+01,1.393840e+07,1.191770e+00,1.353900e-01,7.896940e-01
3325,3.20418,1.152760e+01,1.340570e+01,1.426670e+07,1.194430e+00,1.336070e-01,7.934140e-01
3350,3.20418,1.145860e+01,1.396830e+01,1.460880e+07,1.197310e+00,1.318170e-01,7.970830e-01
3375,3.20418,1.138670e+01,1.455070e+01,1.496530e+07,1.200420e+00,1.300190e-01,8.006980e-01
3400,3.20418,1.131180e+01,1.515160e+01,1.533650e+07,1.203740e+00,1.282140e-01,8.042580e-01
3425,3.20418,1.123400e+01,1.576930e+01,1.572300e+07,1.207280e+00,1.264020e-01,8.077600e-01
3450,3.20418,1.115320e+01,1.640180e+01,1.612510e+07,1.211010e+00,1.245840e-01,8.112030e-01
3475,3.20418,1.106960e+01,1.704670e+01,1.654320e+07,1.214920e+00,1.227600e-01,8.145880e-01
3500,3.20418,1.098320e+01,1.770090e+01,1.697750e+07,1.219010e+00,1.209320e-01,8.179120e-01
3525,3.20418,1.089410e+01,1.836130e+01,1.742830e+07,1.223230e+00,1.191010e-01,8.211760e-01
3550,3.20418,1.080250e+01,1.902410e+01,1.789560e+07,1.227580e+00,1.172680e-01,8.243800e-01
3575,3.20418,1.070850e+01,1.968540e+01,1.837950e+07,1.232020e+00,1.154350e-01,8.275240e-01
3600,3.20418,1.061240e+01,2.034130e+01,1.887980e+07,1.236520e+00,1.136030e-01,8.306080e-01
3625,3.20418,1.051420e+01,2.098740e+01,1.939650e+07,1.241070e+00,1.117760e-01,8.336320e-01
3650,3.20418,1.041420e+01,2.161950e+01,1.992910e+07,1.245620e+00,1.099550e-01,8.365970e-01
3675,3.20418,1.031270e+01,2.223350e+01,2.047730e+07,1.250150e+00,1.081430e-01,8.395020e-01
3700,3.20418,1.021000e+01,2.282550e+01,2.104060e+07,1.254620e+00,1.063420e-01,8.423470e-01
3725,3.20418,1.010620e+01,2.339180e+01,2.161830e+07,1.259000e+00,1.045540e-01,8.451320e-01
3750,3.20418,1.000160e+01,2.392920e+01,2.220990e+07,1.263280e+00,1.027830e-01,8.478560e-01
3775,3.20418,9.896580e+00,2.443480e+01,2.281450e+07,1.267420e+00,1.010300e-01,8.505180e-01
3800,3.20418,9.791310e+00,2.490630e+01,2.343140e+07,1.271400e+00,9.929770e-02,8.531150e-01
3825,3.20418,9.686080e+00,2.534170e+01,2.405960e+07,1.275200e+00,9.758850e-02,8.556480e-01
3850,3.20418,9.581140e+00,2.573960e+01,2.469820e+07,1.278810e+00,9.590440e-02,8.581130e-01
3875,3.20418,9.476730e+00,2.609920e+01,2.534620e+07,1.282200e+00,9.424720e-02,8.605090e-01
3900,3.20418,9.373060e+00,2.641980e+01,2.600280e+07,1.285370e+00,9.261870e-02,8.628330e-01
3925,3.20418,9.270360e+00,2.670150e+01,2.666690e+07,1.288320e+00,9.102040e-02,8.650850e-01
3950,3.20418,9.168810e+00,2.694450e+01,2.733750e+07,1.291030e+00,8.945360e-02,8.672630e-01
3975,3.20418,9.068590e+00,2.714940e+01,2.801380e+07,1.293500e+00,8.791940e-02,8.693650e-01
4000,3.20418,8.969860e+00,2.731720e+01,2.869470e+07,1.295730e+00,8.641870e-02,8.713910e-01
200,5.69792,2.575290e+01,1.321060e+00,-5.940200e+06,1.323440e+00,8.824250e+00,8.941740e-02
225,5.69792,2.575290e+01,1.352440e+00,-5.906790e+06,1.313580e+00,7.843780e+00,9.938210e-02
250,5.69792,2.575290e+01,1.388770e+00,-5.872540e+06,1.302890e+00,7.059400e+00,1.092570e-01
275,5.69792,2.575290e+01,1.430920e+00,-5.837300e+06,1.291370e+00,6.417640e+00,1.190290e-01
300,5.69792,2.575290e+01,1.478330e+00,-5.800950e+06,1.279410e+00,5.882840e+00,1.286830e-01
325,5.69792,2.575290e+01,1.530040e+00,-5.763350e+06,1.267450e+00,5.430310e+00,1.385830e-01
350,5.69792,2.575290e+01,1.585180e+00,-5.724420e+06,1.255780e+00,5.042420e+00,1.484110e-01
375,5.69792,2.575280e+01,1.643300e+00,-5.684070e+06,1.244570e+00,4.706240e+00,1.581570e-01
400,5.69792,2.575240e+01,1.704910e+00,-5.642220e+06,1.233830e+00,4.412040e+00,1.678180e-01
425,5.69792,2.575130e+01,1.772210e+00,-5.598780e+06,1.223380e+00,4.152340e+00,1.773880e-01
450,5.69792,2.574850e+01,1.850140e+00,-5.553530e+06,1.212950e+00,3.921220e+00,1.868670e-01
475,5.69792,2.574190e+01,1.947650e+00,-5.506110e+06,1.202150e+00,3.713880e+00,1.962610e-01
500,5.69792,2.572770e+01,2.079050e+00,-5.455860e+06,1.190700e+00,3.526250e+00,2.055790e-01
525,5.69792,2.569990e+01,2.264870e+00,-5.401700e+06,1.178640e+00,3.354700e+00,2.144680e-01
550,5.69792,2.564890e+01,2.531940e+00,-5.341940e+06,1.166550e+00,3.195860e+00,2.232750e-01
575,5.69792,2.556150e+01,2.911530e+00,-5.274170e+06,1.155570e+00,3.046490e+00,2.320330e-01
600,5.69792,2.542050e+01,3.434360e+00,-5.195170e+06,1.147120e+00,2.903450e+00,2.407770e-01
625,5.69792,2.520640e+01,4.120960e+00,-5.101080e+06,1.142410e+00,2.763840e+00,2.493310e-01
650,5.69792,2.490090e+01,4.965890e+00,-4.987790e+06,1.142020e+00,2.625330e+00,2.579140e-01
675,5.69792,2.449280e+01,5.916890e+00,-4.851880e+06,1.145730e+00,2.486660e+00,2.665230e-01
700,5.69792,2.398550e+01,6.856560e+00,-4.692020e+06,1.152400e+00,2.348190e+00,2.751150e-01
725,5.69792,2.340300e+01,7.606250e+00,-4.510630e+06,1.160090e+00,2.212150e+00,2.836000e-01
750,5.69792,2.278940e+01,7.978380e+00,-4.314880e+06,1.166580e+00,2.082350e+00,2.918640e-01
775,5.69792,2.219840e+01,7.875990e+00,-4.115720e+06,1.170210e+00,1.962920e+00,2.998010e-01
800,5.69792,2.167560e+01,7.375680e+00,-3.924450e+06,1.170630e+00,1.856790e+00,3.073530e-01
825,5.69792,2.124300e+01,6.728110e+00,-3.748200e+06,1.168770e+00,1.764590e+00,3.145130e-01
850,5.69792,2.089090e+01,6.312690e+00,-3.586100e+06,1.166550e+00,1.684310e+00,3.213170e-01
875,5.69792,2.057790e+01,6.387350e+00,-3.428260e+06,1.166890e+00,1.611670e+00,3.278500e-01
900,5.69792,2.026600e+01,6.629120e+00,-3.265320e+06,1.170090e+00,1.543150e+00,3.342370e-01
925,5.69792,1.995790e+01,6.574900e+00,-3.099370e+06,1.173150e+00,1.478610e+00,3.405690e-01
950,5.69792,1.968190e+01,6.090550e+00,-2.940260e+06,1.173990e+00,1.419790e+00,3.468690e-01
975,5.69792,1.946180e+01,5.402360e+00,-2.796620e+06,1.172820e+00,1.367920e+00,3.531120e-01
1000,5.69792,1.929540e+01,4.945550e+00,-2.668130e+06,1.170640e+00,1.322320e+00,3.592470e-01
1025,5.69792,1.915680e+01,4.894910e+00,-2.545830e+06,1.168520e+00,1.280800e+00,3.650410e-01
1050,5.69792,1.902220e+01,5.068310e+00,-2.421550e+06,1.167650e+00,1.241520e+00,3.707000e-01
1075,5.69792,1.888140e+01,5.309880e+00,-2.291880e+06,1.168120e+00,1.203670e+00,3.762440e-01
1100,5.69792,1.873150e+01,5.564540e+00,-2.155950e+06,1.169560e+00,1.166970e+00,3.816910e-01
1125,5.69792,1.857220e+01,5.815350e+00,-2.013690e+06,1.171690e+00,1.131340e+00,3.870540e-01
1150,5.69792,1.840430e+01,6.055570e+00,-1.865270e+06,1.174300e+00,1.096740e+00,3.923410e-01
1175,5.69792,1.822880e+01,6.281410e+00,-1.711030e+06,1.177220e+00,1.063170e+00,3.975620e-01
1200,5.69792,1.804690e+01,6.490400e+00,-1.551340e+06,1.180330e+00,1.030630e+00,4.027220e-01
1225,5.69792,1.786020e+01,6.681130e+00,-1.386660e+06,1.183510e+00,9.991550e-01,4.078290e-01
1250,5.69792,1.767010e+01,6.853410e+00,-1.217440e+06,1.186640e+00,9.687490e-01,4.128910e-01
1275,5.69792,1.747800e+01,7.008530e+00,-1.044130e+06,1.189620e+00,9.394290e-01,4.179130e-01
1300,5.69792,1.728520e+01,7.149460e+00,-8.671340e+05,1.192320e+00,9.112000e-01,4.229030e-01
1325,5.69792,1.709290e+01,7.281130e+00,-6.867390e+05,1.194660e+00,8.840600e-01,4.278690e-01
1350,5.69792,1.690190e+01,7.410520e+00,-5.030980e+05,1.196550e+00,8.579940e-01,4.328170e-01
1375,5.69792,1.671290e+01,7.546830e+00,-3.161560e+05,1.197880e+00,8.329730e-01,4.377550e-01
1400,5.69792,1.652610e+01,7.701410e+00,-1.256040e+05,1.198620e+00,8.089560e-01,4.426910e-01
1425,5.69792,1.634150e+01,7.887710e+00,6.917830e+04,1.198730e+00,7.858870e-01,4.476320e-01
1450,5.69792,1.615870e+01,8.121050e+00,2.691730e+05,1.198220e+00,7.636950e-01,4.525880e-01
1475,5.69792,1.597670e+01,8.418120e+00,4.757620e+05,1.197170e+00,7.422970e-01,4.575650e-01
1500,5.69792,1.579450e+01,8.796280e+00,6.907550e+05,1.195720e+00,7.216000e-01,4.625720e-01
1525,5.69792,1.561050e+01,9.272130e+00,9.163900e+05,1.194090e+00,7.015020e-01,4.676190e-01
1550,5.69792,1.542300e+01,9.859180e+00,1.155290e+06,1.192560e+00,6.818980e-01,4.727120e-01
1575,5.69792,1.523020e+01,1.056370e+01,1.410330e+06,1.191430e+00,6.626860e-01,4.778600e-01
1600,5.69792,1.503050e+01,1.137840e+01,1.684400e+06,1.190980e+00,6.437770e-01,4.830650e-01
1625,5.69792,1.482270e+01,1.227180e+01,1.979920e+06,1.191380e+00,6.251080e-01,4.883310e-01
1650,5.69792,1.460670e+01,1.317610e+01,2.298100e+06,1.192660e+00,6.066650e-01,4.936510e-01
1675,5.69792,1.438400e+01,1.397420e+01,2.637850e+06,1.194600e+00,5.885000e-01,4.990150e-01
1700,5.69792,1.415850e+01,1.449990e+01,2.994540e+06,1.196760e+00,5.707560e-01,5.044010e-01
1725,5.69792,1.393660e+01,1.456960e+01,3.359030e+06,1.198550e+00,5.536680e-01,5.097810e-01
1750,5.69792,1.372650e+01,1.405760e+01,3.718130e+06,1.199570e+00,5.375320e-01,5.151220e-01
1775,5.69792,1.353660e+01,1.298790e+01,4.057210e+06,1.199910e+00,5.226300e-01,5.203950e-01
1800,5.69792,1.337280e+01,1.155850e+01,4.364500e+06,1.200270e+00,5.091350e-01,5.255850e-01
1825,5.69792,1.323700e+01,1.004760e+01,4.634480e+06,1.201480e+00,4.970600e-01,5.306910e-01
1850,5.69792,1.312730e+01,8.678510e+00,4.868100e+06,1.203920e+00,4.862780e-01,5.357230e-01
1875,5.69792,1.303960e+01,7.554780e+00,5.070470e+06,1.207360e+00,4.765910e-01,5.406950e-01
1900,5.69792,1.296970e+01,6.683040e+00,5.247950e+06,1.211250e+00,4.677960e-01,5.456220e-01
1925,5.69792,1.291340e+01,6.023870e+00,5.406400e+06,1.215050e+00,4.597170e-01,5.505140e-01
1950,5.69792,1.286760e+01,5.528250e+00,5.550510e+06,1.218430e+00,4.522160e-01,5.553790e-01
1975,5.69792,1.283010e+01,5.153630e+00,5.683820e+06,1.221220e+00,4.451880e-01,5.602230e-01
2000,5.69792,1.279880e+01,4.867660e+00,5.808920e+06,1.223430e+00,4.385540e-01,5.650480e-01
2025,5.69792,1.277270e+01,4.647160e+00,5.927740e+06,1.225090e+00,4.322530e-01,5.697130e-01
2050,5.69792,1.275050e+01,4.475770e+00,6.041690e+06,1.226260e+00,4.262410e-01,5.743610e-01
2075,5.69792,1.273150e+01,4.342010e+00,6.151840e+06,1.227000e+00,4.204790e-01,5.789930e-01
2100,5.69792,1.271520e+01,4.237680e+00,6.259040e+06,1.227390e+00,4.149410e-01,5.836100e-01
2125,5.69792,1.270100e+01,4.156870e+00,6.363920e+06,1.227460e+00,4.096010e-01,5.882110e-01
2150,5.69792,1.268850e+01,4.095200e+00,6.467040e+06,1.227250e+00,4.044410e-01,5.927980e-01
2175,5.69792,1.267750e+01,4.049430e+00,6.568820e+06,1.226810e+00,3.994440e-01,5.973710e-01
2200,5.69792,1.266760e+01,4.017080e+00,6.669620e+06,1.226160e+00,3.945960e-01,6.019300e-01
2225,5.69792,1.265860e+01,3.996260e+00,6.769770e+06,1.225330e+00,3.898860e-01,6.064760e-01
2250,5.69792,1.265030e+01,3.985480e+00,6.869520e+06,1.224340e+00,3.853030e-01,6.110100e-01
2275,5.69792,1.264270e+01,3.983620e+00,6.969110e+06,1.223210e+00,3.808370e-01,6.155300e-01
2300,5.69792,1.263540e+01,3.989790e+00,7.068770e+06,1.221960e+00,3.764820e-01,6.200390e-01
2325,5.69792,1.262850e+01,4.003310e+00,7.168660e+06,1.220600e+00,3.722290e-01,6.245350e-01
2350,5.69792,1.262170e+01,4.023660e+00,7.268990e+06,1.219150e+00,3.680720e-01,6.290200e-01
2375,5.69792,1.261510e+01,4.050440e+00,7.369900e+06,1.217610e+00,3.640060e-01,6.334940e-01
2400,5.69792,1.260850e+01,4.083370e+00,7.471560e+06,1.216010e+00,3.600250e-01,6.379570e-01
2425,5.69792,1.260180e+01,4.122260e+00,7.574120e+06,1.214350e+00,3.561250e-01,6.424080e-01
2450,5.69792,1.259500e+01,4.166970e+00,7.677720e+06,1.212630e+00,3.523000e-01,6.468500e-01
2475,5.69792,1.258790e+01,4.217440e+00,7.782520e+06,1.210880e+00,3.485470e-01,6.512810e-01
2500,5.69792,1.258060e+01,4.273670e+00,7.888640e+06,1.209100e+00,3.448610e-01,6.557010e-01
2525,5.69792,1.257300e+01,4.335670e+00,7.996250e+06,1.207300e+00,3.412390e-01,6.601120e-01
2550,5.69792,1.256490e+01,4.403520e+00,8.105470e+06,1.205490e+00,3.376770e-01,6.645130e-01
2575,5.69792,1.255640e+01,4.477320e+00,8.216470e+06,1.203680e+00,3.341720e-01,6.689050e-01
2600,5.69792,1.254740e+01,4.557200e+00,8.329390e+06,1.201870e+00,3.307220e-01,6.732860e-01
2625,5.69792,1.253780e+01,4.643320e+00,8.444380e+06,1.200080e+00,3.273220e-01,6.776590e-01
2650,5.69792,1.252760e+01,4.735850e+00,8.561610e+06,1.198310e+00,3.239690e-01,6.820220e-01
2675,5.69792,1.251670e+01,4.835000e+00,8.681230e+06,1.196580e+00,3.206620e-01,6.863760e-01
2700,5.69792,1.250510e+01,4.940990e+00,8.803420e+06,1.194900e+00,3.173980e-01,6.907200e-01
2725,5.69792,1.249260e+01,5.054050e+00,8.928340e+06,1.193260e+00,3.141730e-01,6.950550e-01
2750,5.69792,1.247930e+01,5.174450e+00,9.056180e+06,1.191680e+00,3.109850e-01,6.993800e-01
2775,5.69792,1.246510e+01,5.302450e+00,9.187130e+06,1.190180e+00,3.078320e-01,7.036960e-01
2800,5.69792,1.244990e+01,5.438360e+00,9.321370e+06,1.188750e+00,3.047120e-01,7.080020e-01
2825,5.69792,1.243370e+01,5.582470e+00,9.459110e+06,1.187400e+00,3.016220e-01,7.122970e-01
2850,5.69792,1.241630e+01,5.735110e+00,9.600560e+06,1.186150e+00,2.985590e-01,7.165820e-01
2875,5.69792,1.239780e+01,5.896630e+00,9.745940e+06,1.184990e+00,2.955220e-01,7.208560e-01
2900,5.69792,1.237810e+01,6.067380e+00,9.895470e+06,1.183940e+00,2.925090e-01,7.251180e-01
2925,5.69792,1.235710e+01,6.247750e+00,1.004940e+07,1.183000e+00,2.895170e-01,7.293680e-01
2950,5.69792,1.233480e+01,6.438120e+00,1.020790e+07,1.182190e+00,2.865450e-01,7.336060e-01
2975,5.69792,1.231110e+01,6.638920e+00,1.037140e+07,1.181500e+00,2.835900e-01,7.378290e-01
3000,5.69792,1.228580e+01,6.850560e+00,1.054000e+07,1.180940e+00,2.806500e-01,7.420380e-01
3025,5.69792,1.225910e+01,7.073500e+00,1.071400e+07,1.180520e+00,2.777240e-01,7.462320e-01
3050,5.69792,1.223070e+01,7.308190e+00,1.089380e+07,1.180240e+00,2.748100e-01,7.504080e-01
3075,5.69792,1.220060e+01,7.555130e+00,1.107950e+07,1.180110e+00,2.719060e-01,7.545670e-01
3100,5.69792,1.216880e+01,7.814800e+00,1.127160e+07,1.180130e+00,2.690090e-01,7.587070e-01
3125,5.69792,1.213510e+01,8.087690e+00,1.147040e+07,1.180320e+00,2.661200e-01,7.628250e-01
3150,5.69792,1.209960e+01,8.374320e+00,1.167610e+07,1.180670e+00,2.632350e-01,7.669220e-01
3175,5.69792,1.206210e+01,8.675180e+00,1.188920e+07,1.181180e+00,2.603530e-01,7.709940e-01
3200,5.69792,1.202260e+01,8.990780e+00,1.211000e+07,1.181880e+00,2.574730e-01,7.750400e-01
3225,5.69792,1.198100e+01,9.321590e+00,1.233890e+07,1.182750e+00,2.545930e-01,7.790590e-01
3250,5.69792,1.193730e+01,9.668060e+00,1.257620e+07,1.183800e+00,2.517120e-01,7.830480e-01
3275,5.69792,1.189130e+01,1.003060e+01,1.282240e+07,1.185040e+00,2.488290e-01,7.870050e-01
3300,5.69792,1.184310e+01,1.040960e+01,1.307790e+07,1.186470e+00,2.459420e-01,7.909280e-01
3325,5.69792,1.179250e+01,1.080530e+01,1.334300e+07,1.188100e+00,2.430500e-01,7.948150e-01
3350,5.69792,1.173950e+01,1.121790e+01,1.361830e+07,1.189920e+00,2.401520e-01,7.986640e-01
3375,5.69792,1.168410e+01,1.164740e+01,1.390410e+07,1.191940e+00,2.372480e-01,8.024730e-01
3400,5.69792,1.162620e+01,1.209390e+01,1.420080e+07,1.194160e+00,2.343360e-01,8.062390e-01
3425,5.69792,1.156580e+01,1.255700e+01,1.450890e+07,1.196580e+00,2.314170e-01,8.099620e-01
3450,5.69792,1.150280e+01,1.303640e+01,1.482880e+07,1.199200e+00,2.284900e-01,8.136390e-01
3475,5.69792,1.143730e+01,1.353130e+01,1.516080e+07,1.202020e+00,2.255540e-01,8.172680e-01
3500,5.69792,1.136920e+01,1.404100e+01,1.550550e+07,1.205030e+00,2.226100e-01,8.208490e-01
3525,5.69792,1.129860e+01,1.456420e+01,1.586300e+07,1.208220e+00,2.196580e-01,8.243790e-01
3550,5.69792,1.122550e+01,1.509970e+01,1.623380e+07,1.211600e+00,2.166990e-01,8.278580e-01
3575,5.69792,1.114980e+01,1.564560e+01,1.661810e+07,1.215140e+00,2.137340e-01,8.312860e-01
3600,5.69792,1.107180e+01,1.620010e+01,1.701610e+07,1.218840e+00,2.107640e-01,8.346610e-01
3625,5.69792,1.099140e+01,1.676090e+01,1.742810e+07,1.222680e+00,2.077900e-01,8.379840e-01
3650,5.69792,1.090870e+01,1.732560e+01,1.785420e+07,1.226640e+00,2.048150e-01,8.412540e-01
3675,5.69792,1.082390e+01,1.789170e+01,1.829440e+07,1.230710e+00,2.018400e-01,8.444720e-01
3700,5.69792,1.073700e+01,1.845610e+01,1.874880e+07,1.234870e+00,1.988670e-01,8.476380e-01
3725,5.69792,1.064830e+01,1.901610e+01,1.921720e+07,1.239090e+00,1.959000e-01,8.507510e-01
3750,5.69792,1.055780e+01,1.956870e+01,1.969950e+07,1.243350e+00,1.929410e-01,8.538140e-01
3775,5.69792,1.046580e+01,2.011090e+01,2.019550e+07,1.247620e+00,1.899930e-01,8.568240e-01
3800,5.69792,1.037240e+01,2.063990e+01,2.070500e+07,1.251900e+00,1.870580e-01,8.597840e-01
3825,5.69792,1.027780e+01,2.115270e+01,2.122740e+07,1.256140e+00,1.841420e-01,8.626920e-01
3850,5.69792,1.018230e+01,2.164700e+01,2.176240e+07,1.260330e+00,1.812450e-01,8.655480e-01
3875,5.69792,1.008600e+01,2.212030e+01,2.230960e+07,1.264450e+00,1.783730e-01,8.683520e-01
3900,5.69792,9.989120e+00,2.257060e+01,2.286830e+07,1.268470e+00,1.755270e-01,8.711030e-01
3925,5.69792,9.891910e+00,2.299600e+01,2.343790e+07,1.272380e+00,1.727120e-01,8.738000e-01
3950,5.69792,9.794540e+00,2.339510e+01,2.401780e+07,1.276150e+00,1.699300e-01,8.764410e-01
3975,5.69792,9.697230e+00,2.376680e+01,2.460740e+07,1.279790e+00,1.671830e-01,8.790260e-01
4000,5.69792,9.600170e+00,2.411010e+01,2.520590e+07,1.283260e+00,1.644750e-01,8.815510e-01
200,10.1325,2.575290e+01,1.321060e+00,-5.940200e+06,1.323440e+00,1.569200e+01,8.941740e-02
225,10.1325,2.575290e+01,1.352440e+00,-5.906790e+06,1.313580e+00,1.394840e+01,9.938210e-02
250,10.1325,2.575290e+01,1.388770e+00,-5.872540e+06,1.302890e+00,1.255360e+01,1.092570e-01
275,10.1325,2.575290e+01,1.430920e+00,-5.837300e+06,1.291370e+00,1.141240e+01,1.190290e-01
300,10.1325,2.575290e+01,1.478330e+00,-5.800950e+06,1.279420e+00,1.046130e+01,1.286830e-01
325,10.1325,2.575290e+01,1.530020e+00,-5.763350e+06,1.267450e+00,9.656610e+00,1.385830e-01
350,10.1325,2.575290e+01,1.585080e+00,-5.724420e+06,1.255790e+00,8.966840e+00,1.484110e-01
375,10.1325,2.575280e+01,1.642930e+00,-5.684080e+06,1.244620e+00,8.369030e+00,1.581570e-01
400,10.1325,2.575250e+01,1.703720e+00,-5.642250e+06,1.233970e+00,7.845890e+00,1.678170e-01
425,10.1325,2.575180e+01,1.768880e+00,-5.598850e+06,1.223730e+00,7.384140e+00,1.773860e-01
450,10.1325,2.574970e+01,1.841850e+00,-5.553740e+06,1.213680e+00,6.973350e+00,1.868640e-01
475,10.1325,2.574490e+01,1.929050e+00,-5.506640e+06,1.203530e+00,6.605100e+00,1.962540e-01
500,10.1325,2.573460e+01,2.040840e+00,-5.457080e+06,1.193020e+00,6.272340e+00,2.055620e-01
525,10.1325,2.571430e+01,2.192250e+00,-5.404270e+06,1.182070e+00,5.968950e+00,2.144320e-01
550,10.1325,2.567710e+01,2.403210e+00,-5.346980e+06,1.170940e+00,5.689390e+00,2.232070e-01
575,10.1325,2.561310e+01,2.697660e+00,-5.283420e+06,1.160380e+00,5.428450e+00,2.319090e-01
600,10.1325,2.550900e+01,3.100960e+00,-5.211190e+06,1.151460e+00,5.181120e+00,2.405700e-01
625,10.1325,2.534910e+01,3.634500e+00,-5.127280e+06,1.145290e+00,4.942710e+00,2.490070e-01
650,10.1325,2.511710e+01,4.306810e+00,-5.028300e+06,1.142680e+00,4.709100e+00,2.574410e-01
675,10.1325,2.479900e+01,5.100720e+00,-4.910910e+06,1.143880e+00,4.477250e+00,2.658840e-01
700,10.1325,2.438870e+01,5.958740e+00,-4.772710e+06,1.148480e+00,4.245930e+00,2.743230e-01
725,10.1325,2.389360e+01,6.773940e+00,-4.613320e+06,1.155320e+00,4.016300e+00,2.827090e-01
750,10.1325,2.333770e+01,7.400770e+00,-4.435590e+06,1.162710e+00,3.792100e+00,2.909630e-01
775,10.1325,2.275980e+01,7.700230e+00,-4.246030e+06,1.168790e+00,3.578890e+00,2.989910e-01
800,10.1325,2.220410e+01,7.611100e+00,-4.053850e+06,1.172250e+00,3.382400e+00,3.067140e-01
825,10.1325,2.170750e+01,7.202190e+00,-3.868180e+06,1.172820e+00,3.206550e+00,3.140910e-01
850,10.1325,2.128810e+01,6.665940e+00,-3.694830e+06,1.171270e+00,3.052110e+00,3.211230e-01
875,10.1325,2.094010e+01,6.273900e+00,-3.533680e+06,1.169170e+00,2.916440e+00,3.278420e-01
900,10.1325,2.063450e+01,6.235050e+00,-3.378060e+06,1.168860e+00,2.794040e+00,3.343110e-01
925,10.1325,2.033890e+01,6.399780e+00,-3.220160e+06,1.171240e+00,2.679580e+00,3.406250e-01
950,10.1325,2.004720e+01,6.415500e+00,-3.059380e+06,1.174210e+00,2.571650e+00,3.468680e-01
975,10.1325,1.977710e+01,6.110070e+00,-2.902140e+06,1.175570e+00,2.471960e+00,3.530750e-01
1000,10.1325,1.954940e+01,5.572180e+00,-2.755880e+06,1.174780e+00,2.382410e+00,3.592370e-01
1025,10.1325,1.937010e+01,5.092090e+00,-2.623040e+06,1.172670e+00,2.302970e+00,3.651130e-01
1050,10.1325,1.922460e+01,4.902560e+00,-2.498750e+06,1.170390e+00,2.231260e+00,3.708710e-01
1075,10.1325,1.909220e+01,4.959600e+00,-2.375830e+06,1.169040e+00,2.164360e+00,3.765070e-01
1100,10.1325,1.895970e+01,5.127380e+00,-2.249870e+06,1.168960e+00,2.100490e+00,3.820340e-01
1125,10.1325,1.882170e+01,5.331690e+00,-2.119170e+06,1.169900e+00,2.038860e+00,3.874680e-01
1150,10.1325,1.867660e+01,5.544310e+00,-1.983230e+06,1.171590e+00,1.979160e+00,3.928210e-01
1175,10.1325,1.852420e+01,5.754230e+00,-1.841980e+06,1.173790e+00,1.921250e+00,3.981030e-01
1200,10.1325,1.836510e+01,5.956300e+00,-1.695580e+06,1.176350e+00,1.865060e+00,4.033210e-01
1225,10.1325,1.820000e+01,6.147730e+00,-1.544260e+06,1.179160e+00,1.810580e+00,4.084810e-01
1250,10.1325,1.803000e+01,6.327090e+00,-1.388290e+06,1.182080e+00,1.757790e+00,4.135910e-01
1275,10.1325,1.785600e+01,6.494080e+00,-1.228000e+06,1.185030e+00,1.706700e+00,4.186550e-01
1300,10.1325,1.767920e+01,6.649510e+00,-1.063690e+06,1.187910e+00,1.657300e+00,4.236800e-01
1325,10.1325,1.750060e+01,6.795510e+00,-8.956080e+05,1.190630e+00,1.609610e+00,4.286720e-01
1350,10.1325,1.732120e+01,6.935570e+00,-7.239610e+05,1.193090e+00,1.563600e+00,4.336370e-01
1375,10.1325,1.714150e+01,7.074730e+00,-5.488370e+05,1.195210e+00,1.519250e+00,4.385810e-01
1400,10.1325,1.696230e+01,7.219610e+00,-3.701780e+05,1.196930e+00,1.476520e+00,4.435090e-01
1425,10.1325,1.678380e+01,7.378500e+00,-1.877400e+05,1.198170e+00,1.435350e+00,4.484300e-01
1450,10.1325,1.660610e+01,7.561270e+00,-1.053990e+03,1.198920e+00,1.395670e+00,4.533490e-01
1475,10.1325,1.642900e+01,7.779290e+00,1.906170e+05,1.199160e+00,1.357380e+00,4.582720e-01
1500,10.1325,1.625190e+01,8.045150e+00,3.883090e+05,1.198930e+00,1.320370e+00,4.632080e-01
1525,10.1325,1.607410e+01,8.372210e+00,5.933840e+05,1.198320e+00,1.284520e+00,4.681640e-01
1550,10.1325,1.589450e+01,8.773740e+00,8.075400e+05,1.197470e+00,1.249680e+00,4.731460e-01
1575,10.1325,1.571190e+01,9.261600e+00,1.032790e+06,1.196590e+00,1.215710e+00,4.781620e-01
1600,10.1325,1.552470e+01,9.843810e+00,1.271410e+06,1.195900e+00,1.182460e+00,4.832180e-01
1625,10.1325,1.533180e+01,1.052090e+01,1.525780e+06,1.195640e+00,1.149800e+00,4.883200e-01
1650,10.1325,1.513180e+01,1.128010e+01,1.798140e+06,1.196010e+00,1.117600e+00,4.934720e-01
1675,10.1325,1.492420e+01,1.208740e+01,2.090190e+06,1.197120e+00,1.085820e+00,4.986720e-01
1700,10.1325,1.470940e+01,1.287840e+01,2.402390e+06,1.198940e+00,1.054460e+00,5.039170e-01
1725,10.1325,1.448930e+01,1.355160e+01,2.733140e+06,1.201250e+00,1.023630e+00,5.091960e-01
1750,10.1325,1.426760e+01,1.397310e+01,3.077870e+06,1.203650e+00,9.935650e-01,5.144900e-01
1775,10.1325,1.405010e+01,1.400510e+01,3.428530e+06,1.205650e+00,9.646330e-01,5.197770e-01
1800,10.1325,1.384360e+01,1.356150e+01,3.774130e+06,1.206930e+00,9.372580e-01,5.250300e-01
1825,10.1325,1.365520e+01,1.266710e+01,4.102810e+06,1.207540e+00,9.118350e-01,5.302280e-01
1850,10.1325,1.348970e+01,1.146910e+01,4.404940e+06,1.207950e+00,8.886130e-01,5.353570e-01
1875,10.1325,1.334910e+01,1.017460e+01,4.675470e+06,1.208750e+00,8.676250e-01,5.404160e-01
1900,10.1325,1.323220e+01,8.959500e+00,4.914350e+06,1.210290e+00,8.487140e-01,5.454110e-01
1925,10.1325,1.313620e+01,7.919760e+00,5.124930e+06,1.212520e+00,8.316150e-01,5.503540e-01
1950,10.1325,1.305760e+01,7.077930e+00,5.312000e+06,1.215120e+00,8.160360e-01,5.552550e-01
1975,10.1325,1.299280e+01,6.415090e+00,5.480320e+06,1.217760e+00,8.017100e-01,5.601240e-01
2000,10.1325,1.293910e+01,5.898150e+00,5.633970e+06,1.220190e+00,7.884190e-01,5.649660e-01
2025,10.1325,1.289430e+01,5.494510e+00,5.776170e+06,1.222270e+00,7.759870e-01,5.696430e-01
2050,10.1325,1.285650e+01,5.177360e+00,5.909420e+06,1.223960e+00,7.642780e-01,5.743000e-01
2075,10.1325,1.282450e+01,4.926240e+00,6.035590e+06,1.225260e+00,7.531870e-01,5.789380e-01
2100,10.1325,1.279700e+01,4.726070e+00,6.156150e+06,1.226210e+00,7.426290e-01,5.835600e-01
2125,10.1325,1.277340e+01,4.565800e+00,6.272230e+06,1.226830e+00,7.325380e-01,5.881650e-01
2150,10.1325,1.275300e+01,4.437310e+00,6.384710e+06,1.227170e+00,7.228600e-01,5.927550e-01
2175,10.1325,1.273510e+01,4.334540e+00,6.494300e+06,1.227240e+00,7.135500e-01,5.973310e-01
2200,10.1325,1.271940e+01,4.252940e+00,6.601610e+06,1.227090e+00,7.045700e-01,6.018930e-01
2225,10.1325,1.270540e+01,4.189010e+00,6.707100e+06,1.226730e+00,6.958900e-01,6.064410e-01
2250,10.1325,1.269300e+01,4.140050e+00,6.811180e+06,1.226180e+00,6.874830e-01,6.109760e-01
2275,10.1325,1.268170e+01,4.103920e+00,6.914210e+06,1.225480e+00,6.793270e-01,6.154980e-01
2300,10.1325,1.267150e+01,4.078940e+00,7.016470e+06,1.224630e+00,6.714010e-01,6.200080e-01
2325,10.1325,1.266210e+01,4.063790e+00,7.118240e+06,1.223650e+00,6.636880e-01,6.245060e-01
2350,10.1325,1.265330e+01,4.057390e+00,7.219730e+06,1.222550e+00,6.561730e-01,6.289910e-01
2375,10.1325,1.264510e+01,4.058900e+00,7.321170e+06,1.221360e+00,6.488430e-01,6.334660e-01
2400,10.1325,1.263720e+01,4.067630e+00,7.422740e+06,1.220080e+00,6.416850e-01,6.379290e-01
2425,10.1325,1.262960e+01,4.083040e+00,7.524610e+06,1.218730e+00,6.346890e-01,6.423810e-01
2450,10.1325,1.262220e+01,4.104730e+00,7.626940e+06,1.217300e+00,6.278450e-01,6.468220e-01
2475,10.1325,1.261490e+01,4.132370e+00,7.729900e+06,1.215830e+00,6.211430e-01,6.512530e-01
2500,10.1325,1.260760e+01,4.165700e+00,7.833610e+06,1.214300e+00,6.145770e-01,6.556740e-01
2525,10.1325,1.260030e+01,4.204570e+00,7.938230e+06,1.212740e+00,6.081370e-01,6.600840e-01
2550,10.1325,1.259280e+01,4.248840e+00,8.043880e+06,1.211150e+00,6.018170e-01,6.644850e-01
2575,10.1325,1.258510e+01,4.298450e+00,8.150710e+06,1.209530e+00,5.956110e-01,6.688760e-01
2600,10.1325,1.257720e+01,4.353360e+00,8.258850e+06,1.207910e+00,5.895120e-01,6.732580e-01
2625,10.1325,1.256890e+01,4.413600e+00,8.368430e+06,1.206270e+00,5.835140e-01,6.776300e-01
2650,10.1325,1.256030e+01,4.479190e+00,8.479570e+06,1.204640e+00,5.776130e-01,6.819930e-01
2675,10.1325,1.255130e+01,4.550200e+00,8.592430e+06,1.203020e+00,5.718020e-01,6.863470e-01
2700,10.1325,1.254170e+01,4.626710e+00,8.707130e+06,1.201410e+00,5.660770e-01,6.906920e-01
2725,10.1325,1.253170e+01,4.708850e+00,8.823810e+06,1.199830e+00,5.604340e-01,6.950280e-01
2750,10.1325,1.252100e+01,4.796740e+00,8.942620e+06,1.198280e+00,5.548670e-01,6.993550e-01
2775,10.1325,1.250970e+01,4.890520e+00,9.063700e+06,1.196770e+00,5.493730e-01,7.036730e-01
2800,10.1325,1.249780e+01,4.990370e+00,9.187200e+06,1.195300e+00,5.439470e-01,7.079820e-01
2825,10.1325,1.248510e+01,5.096450e+00,9.313270e+06,1.193890e+00,5.385860e-01,7.122820e-01
2850,10.1325,1.247160e+01,5.208970e+00,9.442070e+06,1.192540e+00,5.332850e-01,7.165720e-01
2875,10.1325,1.245730e+01,5.328130e+00,9.573770e+06,1.191250e+00,5.280400e-01,7.208530e-01
2900,10.1325,1.244200e+01,5.454160e+00,9.708540e+06,1.190030e+00,5.228480e-01,7.251240e-01
2925,10.1325,1.242590e+01,5.587280e+00,9.846540e+06,1.188890e+00,5.177060e-01,7.293850e-01
2950,10.1325,1.240870e+01,5.727740e+00,9.987960e+06,1.187840e+00,5.126110e-01,7.336350e-01
2975,10.1325,1.239050e+01,5.875810e+00,1.013300e+07,1.186880e+00,5.075580e-01,7.378740e-01
3000,10.1325,1.237120e+01,6.031740e+00,1.028180e+07,1.186010e+00,5.025440e-01,7.421020e-01
3025,10.1325,1.235080e+01,6.195840e+00,1.043460e+07,1.185250e+00,4.975670e-01,7.463180e-01
3050,10.1325,1.232910e+01,6.368390e+00,1.059170e+07,1.184590e+00,4.926230e-01,7.505220e-01
3075,10.1325,1.230620e+01,6.549690e+00,1.075310e+07,1.184040e+00,4.877100e-01,7.547110e-01
3100,10.1325,1.228200e+01,6.740080e+00,1.091920e+07,1.183610e+00,4.828240e-01,7.588870e-01
3125,10.1325,1.225640e+01,6.939870e+00,1.109020e+07,1.183310e+00,4.779630e-01,7.630470e-01
3150,10.1325,1.222940e+01,7.149410e+00,1.126630e+07,1.183130e+00,4.731240e-01,7.671910e-01
3175,10.1325,1.220080e+01,7.369040e+00,1.144780e+07,1.183080e+00,4.683040e-01,7.713180e-01
3200,10.1325,1.217080e+01,7.599110e+00,1.163490e+07,1.183160e+00,4.635010e-01,7.754270e-01
3225,10.1325,1.213920e+01,7.839980e+00,1.182780e+07,1.183390e+00,4.587130e-01,7.795150e-01
3250,10.1325,1.210590e+01,8.091990e+00,1.202690e+07,1.183760e+00,4.539360e-01,7.835830e-01
3275,10.1325,1.207090e+01,8.355500e+00,1.223250e+07,1.184270e+00,4.491680e-01,7.876280e-01
3300,10.1325,1.203410e+01,8.630850e+00,1.244480e+07,1.184940e+00,4.444080e-01,7.916490e-01
3325,10.1325,1.199550e+01,8.918360e+00,1.266420e+07,1.185770e+00,4.396530e-01,7.956450e-01
3350,10.1325,1.195510e+01,9.218320e+00,1.289080e+07,1.186750e+00,4.349010e-01,7.996130e-01
3375,10.1325,1.191280e+01,9.531010e+00,1.312520e+07,1.187890e+00,4.301510e-01,8.035520e-01
3400,10.1325,1.186840e+01,9.856640e+00,1.336750e+07,1.189210e+00,4.254000e-01,8.074610e-01
3425,10.1325,1.182210e+01,1.019540e+01,1.361810e+07,1.190690e+00,4.206460e-01,8.113370e-01
3450,10.1325,1.177380e+01,1.054740e+01,1.387740e+07,1.192340e+00,4.158900e-01,8.151800e-01
3475,10.1325,1.172330e+01,1.091260e+01,1.414560e+07,1.194160e+00,4.111280e-01,8.189870e-01
3500,10.1325,1.167070e+01,1.129110e+01,1.442310e+07,1.196150e+00,4.063610e-01,8.227560e-01
3525,10.1325,1.161600e+01,1.168250e+01,1.471030e+07,1.198320e+00,4.015870e-01,8.264870e-01
3550,10.1325,1.155910e+01,1.208670e+01,1.500740e+07,1.200670e+00,3.968060e-01,8.301780e-01
3575,10.1325,1.150000e+01,1.250310e+01,1.531470e+07,1.203180e+00,3.920170e-01,8.338270e-01
3600,10.1325,1.143880e+01,1.293130e+01,1.563260e+07,1.205860e+00,3.872200e-01,8.374340e-01
3625,10.1325,1.137530e+01,1.337040e+01,1.596140e+07,1.208710e+00,3.824170e-01,8.409970e-01
3650,10.1325,1.130970e+01,1.381960e+01,1.630120e+07,1.211720e+00,3.776060e-01,8.445160e-01
3675,10.1325,1.124190e+01,1.427770e+01,1.665240e+07,1.214890e+00,3.727890e-01,8.479890e-01
3700,10.1325,1.117200e+01,1.474350e+01,1.701520e+07,1.218200e+00,3.679680e-01,8.514180e-01
3725,10.1325,1.110000e+01,1.521560e+01,1.738960e+07,1.221640e+00,3.631440e-01,8.548000e-01
3750,10.1325,1.102600e+01,1.569230e+01,1.777600e+07,1.225210e+00,3.583200e-01,8.581370e-01
3775,10.1325,1.095010e+01,1.617200e+01,1.817430e+07,1.228890e+00,3.534960e-01,8.614280e-01
3800,10.1325,1.087240e+01,1.665270e+01,1.858460e+07,1.232670e+00,3.486770e-01,8.646740e-01
3825,10.1325,1.079290e+01,1.713260e+01,1.900690e+07,1.236530e+00,3.438640e-01,8.678750e-01
3850,10.1325,1.071170e+01,1.760950e+01,1.944120e+07,1.240460e+00,3.390630e-01,8.710310e-01
3875,10.1325,1.062900e+01,1.808130e+01,1.988730e+07,1.244440e+00,3.342750e-01,8.741430e-01
3900,10.1325,1.054490e+01,1.854620e+01,2.034520e+07,1.248440e+00,3.295050e-01,8.772110e-01
3925,10.1325,1.045960e+01,1.900190e+01,2.081460e+07,1.252460e+00,3.247570e-01,8.802340e-01
3950,10.1325,1.037320e+01,1.944660e+01,2.129520e+07,1.256480e+00,3.200340e-01,8.832140e-01
3975,10.1325,1.028580e+01,1.987850e+01,2.178680e+07,1.260470e+00,3.153420e-01,8.861500e-01
4000,10.1325,1.019760e+01,2.029580e+01,2.228900e+07,1.264420e+00,3.106850e-01,8.890420e-01
200,18.0184,2.575290e+01,1.321060e+00,-5.940200e+06,1.323440e+00,2.790470e+01,8.941740e-02
225,18.0184,2.575290e+01,1.352440e+00,-5.906790e+06,1.313580e+00,2.480420e+01,9.938210e-02
250,18.0184,2.575290e+01,1.388770e+00,-5.872540e+06,1.302890e+00,2.232380e+01,1.092570e-01
275,18.0184,2.575290e+01,1.430920e+00,-5.837300e+06,1.291370e+00,2.029440e+01,1.190290e-01
300,18.0184,2.575290e+01,1.478320e+00,-5.800950e+06,1.279420e+00,1.860320e+01,1.286830e-01
325,18.0184,2.575290e+01,1.530010e+00,-5.763350e+06,1.267450e+00,1.717210e+01,1.385830e-01
350,18.0184,2.575290e+01,1.585020e+00,-5.724420e+06,1.255800e+00,1.594560e+01,1.484110e-01
375,18.0184,2.575280e+01,1.642670e+00,-5.684080e+06,1.244660e+00,1.488250e+01,1.581570e-01
400,18.0184,2.575260e+01,1.702870e+00,-5.642270e+06,1.234070e+00,1.395220e+01,1.678170e-01
425,18.0184,2.575210e+01,1.766460e+00,-5.598910e+06,1.223970e+00,1.313120e+01,1.773860e-01
450,18.0184,2.575060e+01,1.835830e+00,-5.553900e+06,1.214220e+00,1.240100e+01,1.868620e-01
475,18.0184,2.574710e+01,1.915540e+00,-5.507030e+06,1.204560e+00,1.174670e+01,1.962480e-01
500,18.0184,2.573960e+01,2.013040e+00,-5.457970e+06,1.194780e+00,1.115610e+01,2.055500e-01
525,18.0184,2.572490e+01,2.139300e+00,-5.406140e+06,1.184740e+00,1.061880e+01,2.144060e-01
550,18.0184,2.569780e+01,2.309010e+00,-5.350650e+06,1.174540e+00,1.012550e+01,2.231560e-01
575,18.0184,2.565090e+01,2.540220e+00,-5.290180e+06,1.164620e+00,9.667570e+00,2.318190e-01
600,18.0184,2.557440e+01,2.852930e+00,-5.222950e+06,1.155700e+00,9.237120e+00,2.404170e-01
625,18.0184,2.545600e+01,3.266150e+00,-5.146690e+06,1.148720e+00,8.826570e+00,2.487640e-01
650,18.0184,2.528180e+01,3.792940e+00,-5.058700e+06,1.144480e+00,8.429030e+00,2.570790e-01
675,18.0184,2.503860e+01,4.432850e+00,-4.956100e+06,1.143490e+00,8.038740e+00,2.653790e-01
700,18.0184,2.471630e+01,5.162420e+00,-4.836300e+06,1.145800e+00,7.651870e+00,2.736670e-01
725,18.0184,2.431270e+01,5.925860e+00,-4.697680e+06,1.150890e+00,7.267370e+00,2.819250e-01
750,18.0184,2.383680e+01,6.631840e+00,-4.540480e+06,1.157700e+00,6.887620e+00,2.901040e-01
775,18.0184,2.331090e+01,7.166010e+00,-4.367530e+06,1.164780e+00,6.518370e+00,2.981380e-01
800,18.0184,2.276770e+01,7.426040e+00,-4.184480e+06,1.170580e+00,6.167540e+00,3.059510e-01
825,18.0184,2.224380e+01,7.370660e+00,-3.998880e+06,1.174040e+00,5.843020e+00,3.134840e-01
850,18.0184,2.176920e+01,7.053190e+00,-3.818150e+06,1.174910e+00,5.550170e+00,3.207090e-01
875,18.0184,2.136000e+01,6.615080e+00,-3.647240e+06,1.173770e+00,5.290240e+00,3.276310e-01
900,18.0184,2.101410e+01,6.249010e+00,-3.486800e+06,1.171870e+00,5.059990e+00,3.342750e-01
925,18.0184,2.071240e+01,6.119640e+00,-3.332760e+06,1.170990e+00,4.852560e+00,3.406910e-01
950,18.0184,2.042940e+01,6.194360e+00,-3.179050e+06,1.172370e+00,4.660310e+00,3.469460e-01
975,18.0184,2.015310e+01,6.241640e+00,-3.023290e+06,1.174970e+00,4.479400e+00,3.531120e-01
1000,18.0184,1.989100e+01,6.080690e+00,-2.868750e+06,1.176770e+00,4.310610e+00,3.592320e-01
1025,18.0184,1.965880e+01,5.703960e+00,-2.721100e+06,1.176700e+00,4.156390e+00,3.651080e-01
1050,18.0184,1.946650e+01,5.268690e+00,-2.584060e+06,1.174970e+00,4.017730e+00,3.709170e-01
1075,18.0184,1.931000e+01,4.982840e+00,-2.456380e+06,1.172610e+00,3.892730e+00,3.766350e-01
1100,18.0184,1.917440e+01,4.914910e+00,-2.333060e+06,1.170770e+00,3.777570e+00,3.822480e-01
1125,18.0184,1.904610e+01,4.992090e+00,-2.209430e+06,1.170040e+00,3.668900e+00,3.877590e-01
1150,18.0184,1.891710e+01,5.135860e+00,-2.082910e+06,1.170370e+00,3.564830e+00,3.931820e-01
1175,18.0184,1.878400e+01,5.305170e+00,-1.952430e+06,1.171520e+00,3.464430e+00,3.985270e-01
1200,18.0184,1.864550e+01,5.481900e+00,-1.817590e+06,1.173250e+00,3.367240e+00,4.038030e-01
1225,18.0184,1.850140e+01,5.657850e+00,-1.678340e+06,1.175400e+00,3.273040e+00,4.090180e-01
1250,18.0184,1.835210e+01,5.828970e+00,-1.534740e+06,1.177830e+00,3.181680e+00,4.141780e-01
1275,18.0184,1.819800e+01,5.993250e+00,-1.386950e+06,1.180450e+00,3.093110e+00,4.192890e-01
1300,18.0184,1.803990e+01,6.150010e+00,-1.235140e+06,1.183160e+00,3.007280e+00,4.243550e-01
1325,18.0184,1.787860e+01,6.299640e+00,-1.079510e+06,1.185880e+00,2.924150e+00,4.293830e-01
1350,18.0184,1.771470e+01,6.443520e+00,-9.202070e+05,1.188510e+00,2.843690e+00,4.343770e-01
1375,18.0184,1.754900e+01,6.584120e+00,-7.573580e+05,1.190990e+00,2.765870e+00,4.393420e-01
1400,18.0184,1.738200e+01,6.725010e+00,-5.909990e+05,1.193250e+00,2.690630e+00,4.442830e-01
1425,18.0184,1.721430e+01,6.870960e+00,-4.210660e+05,1.195220e+00,2.617920e+00,4.492060e-01
1450,18.0184,1.704610e+01,7.027930e+00,-2.473600e+05,1.196840e+00,2.547650e+00,4.541160e-01
1475,18.0184,1.687760e+01,7.203090e+00,-6.951780e+04,1.198080e+00,2.479700e+00,4.590180e-01
1500,18.0184,1.670860e+01,7.404750e+00,1.130160e+05,1.198930e+00,2.413970e+00,4.639180e-01
1525,18.0184,1.653890e+01,7.642220e+00,3.010180e+05,1.199400e+00,2.350280e+00,4.688220e-01
1550,18.0184,1.636800e+01,7.925550e+00,4.955090e+05,1.199540e+00,2.288470e+00,4.737350e-01
1575,18.0184,1.619500e+01,8.265010e+00,6.977630e+05,1.199440e+00,2.228350e+00,4.786650e-01
1600,18.0184,1.601920e+01,8.670370e+00,9.093090e+05,1.199220e+00,2.169710e+00,4.836180e-01
1625,18.0184,1.583930e+01,9.149520e+00,1.131900e+06,1.199070e+00,2.112350e+00,4.885980e-01
1650,18.0184,1.565440e+01,9.706440e+00,1.367430e+06,1.199160e+00,2.056060e+00,4.936120e-01
1675,18.0184,1.546350e+01,1.033800e+01,1.617840e+06,1.199670e+00,2.000660e+00,4.986640e-01
1700,18.0184,1.526560e+01,1.102950e+01,1.884840e+06,1.200750e+00,1.946020e+00,5.037560e-01
1725,18.0184,1.506070e+01,1.174870e+01,2.169560e+06,1.202460e+00,1.892080e+00,5.088880e-01
1750,18.0184,1.484940e+01,1.243980e+01,2.472050e+06,1.204760e+00,1.838880e+00,5.140550e-01
1775,18.0184,1.463360e+01,1.302060e+01,2.790630e+06,1.207420e+00,1.786630e+00,5.192490e-01
1800,18.0184,1.441660e+01,1.338780e+01,3.121300e+06,1.210130e+00,1.735690e+00,5.244550e-01
1825,18.0184,1.420330e+01,1.343880e+01,3.457380e+06,1.212470e+00,1.686580e+00,5.296550e-01
1850,18.0184,1.399950e+01,1.310980e+01,3.790050e+06,1.214150e+00,1.639920e+00,5.348290e-01
1875,18.0184,1.381090e+01,1.241380e+01,4.109780e+06,1.215160e+00,1.596260e+00,5.399590e-01
1900,18.0184,1.364190e+01,1.145000e+01,4.408490e+06,1.215750e+00,1.555980e+00,5.450350e-01
1925,18.0184,1.349460e+01,1.036670e+01,4.681290e+06,1.216340e+00,1.519190e+00,5.500530e-01
1950,18.0184,1.336890e+01,9.303060e+00,4.927010e+06,1.217240e+00,1.485740e+00,5.550170e-01
1975,18.0184,1.326270e+01,8.348830e+00,5.147370e+06,1.218520e+00,1.455280e+00,5.599340e-01
2000,18.0184,1.317340e+01,7.540070e+00,5.345670e+06,1.220060e+00,1.427420e+00,5.648130e-01
2025,18.0184,1.309840e+01,6.876080e+00,5.525590e+06,1.221680e+00,1.401760e+00,5.695150e-01
2050,18.0184,1.303490e+01,6.338730e+00,5.690530e+06,1.223210e+00,1.377960e+00,5.741900e-01
2075,18.0184,1.298110e+01,5.905340e+00,5.843390e+06,1.224560e+00,1.355740e+00,5.788420e-01
2100,18.0184,1.293510e+01,5.554960e+00,5.986490e+06,1.225680e+00,1.334850e+00,5.834730e-01
2125,18.0184,1.289560e+01,5.270290e+00,6.121680e+06,1.226550e+00,1.315120e+00,5.880870e-01
2150,18.0184,1.286150e+01,5.037840e+00,6.250440e+06,1.227180e+00,1.296380e+00,5.926830e-01
2175,18.0184,1.283180e+01,4.847260e+00,6.373920e+06,1.227590e+00,1.278530e+00,5.972640e-01
2200,18.0184,1.280590e+01,4.690690e+00,6.493080e+06,1.227780e+00,1.261450e+00,6.018310e-01
2225,18.0184,1.278320e+01,4.562070e+00,6.608690e+06,1.227780e+00,1.245060e+00,6.063830e-01
2250,18.0184,1.276310e+01,4.456740e+00,6.721380e+06,1.227600e+00,1.229300e+00,6.109210e-01
2275,18.0184,1.274530e+01,4.371030e+00,6.831690e+06,1.227260e+00,1.214090e+00,6.154470e-01
2300,18.0184,1.272940e+01,4.302030e+00,6.940070e+06,1.226760e+00,1.199400e+00,6.199590e-01
2325,18.0184,1.271510e+01,4.247410e+00,7.046910e+06,1.226130e+00,1.185170e+00,6.244590e-01
2350,18.0184,1.270210e+01,4.205310e+00,7.152550e+06,1.225370e+00,1.171360e+00,6.289470e-01
2375,18.0184,1.269030e+01,4.174180e+00,7.257270e+06,1.224500e+00,1.157950e+00,6.334230e-01
2400,18.0184,1.267940e+01,4.152790e+00,7.361340e+06,1.223530e+00,1.144900e+00,6.378880e-01
2425,18.0184,1.266920e+01,4.140110e+00,7.464980e+06,1.222470e+00,1.132190e+00,6.423410e-01
2450,18.0184,1.265970e+01,4.135300e+00,7.568410e+06,1.221330e+00,1.119800e+00,6.467840e-01
2475,18.0184,1.265070e+01,4.137690e+00,7.671810e+06,1.220120e+00,1.107700e+00,6.512150e-01
2500,18.0184,1.264210e+01,4.146720e+00,7.775350e+06,1.218850e+00,1.095880e+00,6.556370e-01
2525,18.0184,1.263380e+01,4.161930e+00,7.879190e+06,1.217530e+00,1.084310e+00,6.600480e-01
2550,18.0184,1.262560e+01,4.182960e+00,7.983490e+06,1.216160e+00,1.072990e+00,6.644490e-01
2575,18.0184,1.261760e+01,4.209520e+00,8.088390e+06,1.214760e+00,1.061890e+00,6.688410e-01
2600,18.0184,1.260960e+01,4.241390e+00,8.194010e+06,1.213330e+00,1.051020e+00,6.732230e-01
2625,18.0184,1.260150e+01,4.278390e+00,8.300500e+06,1.211880e+00,1.040340e+00,6.775950e-01
2650,18.0184,1.259340e+01,4.320400e+00,8.407970e+06,1.210410e+00,1.029860e+00,6.819590e-01
2675,18.0184,1.258510e+01,4.367350e+00,8.516560e+06,1.208940e+00,1.019560e+00,6.863130e-01
2700,18.0184,1.257660e+01,4.419170e+00,8.626380e+06,1.207460e+00,1.009440e+00,6.906580e-01
2725,18.0184,1.256780e+01,4.475840e+00,8.737560e+06,1.205980e+00,9.994780e-01,6.949950e-01
2750,18.0184,1.255860e+01,4.537390e+00,8.850210e+06,1.204520e+00,9.896730e-01,6.993220e-01
2775,18.0184,1.254910e+01,4.603820e+00,8.964470e+06,1.203080e+00,9.800140e-01,7.036410e-01
2800,18.0184,1.253920e+01,4.675210e+00,9.080450e+06,1.201650e+00,9.704950e-01,7.079520e-01
2825,18.0184,1.252880e+01,4.751600e+00,9.198270e+06,1.200260e+00,9.611090e-01,7.122540e-01
2850,18.0184,1.251790e+01,4.833100e+00,9.318070e+06,1.198900e+00,9.518470e-01,7.165470e-01
2875,18.0184,1.250640e+01,4.919790e+00,9.439970e+06,1.197580e+00,9.427040e-01,7.208310e-01
2900,18.0184,1.249430e+01,5.011800e+00,9.564100e+06,1.196300e+00,9.336720e-01,7.251060e-01
2925,18.0184,1.248150e+01,5.109240e+00,9.690610e+06,1.195080e+00,9.247460e-01,7.293730e-01
2950,18.0184,1.246800e+01,5.212260e+00,9.819610e+06,1.193910e+00,9.159200e-01,7.336300e-01
2975,18.0184,1.245380e+01,5.321000e+00,9.951270e+06,1.192800e+00,9.071880e-01,7.378780e-01
3000,18.0184,1.243880e+01,5.435630e+00,1.008570e+07,1.191760e+00,8.985440e-01,7.421160e-01
3025,18.0184,1.242300e+01,5.556320e+00,1.022310e+07,1.190800e+00,8.899820e-01,7.463450e-01
3050,18.0184,1.240620e+01,5.683230e+00,1.036360e+07,1.189900e+00,8.814990e-01,7.505630e-01
3075,18.0184,1.238860e+01,5.816570e+00,1.050730e+07,1.189090e+00,8.730890e-01,7.547700e-01
3100,18.0184,1.237000e+01,5.956520e+00,1.065450e+07,1.188370e+00,8.647460e-01,7.589660e-01
3125,18.0184,1.235030e+01,6.103300e+00,1.080520e+07,1.187740e+00,8.564660e-01,7.631510e-01
3150,18.0184,1.232960e+01,6.257120e+00,1.095970e+07,1.187200e+00,8.482450e-01,7.673230e-01
3175,18.0184,1.230780e+01,6.418190e+00,1.111810e+07,1.186760e+00,8.400770e-01,7.714820e-01
3200,18.0184,1.228490e+01,6.586750e+00,1.128070e+07,1.186420e+00,8.319600e-01,7.756270e-01
3225,18.0184,1.226070e+01,6.763020e+00,1.144750e+07,1.186190e+00,8.238870e-01,7.797580e-01
3250,18.0184,1.223530e+01,6.947250e+00,1.161890e+07,1.186070e+00,8.158560e-01,7.838730e-01
3275,18.0184,1.220860e+01,7.139680e+00,1.179490e+07,1.186060e+00,8.078630e-01,7.879720e-01
3300,18.0184,1.218060e+01,7.340550e+00,1.197590e+07,1.186170e+00,7.999030e-01,7.920530e-01
3325,18.0184,1.215120e+01,7.550110e+00,1.216200e+07,1.186410e+00,7.919720e-01,7.961170e-01
3350,18.0184,1.212040e+01,7.768580e+00,1.235350e+07,1.186760e+00,7.840690e-01,8.001600e-01
3375,18.0184,1.208810e+01,7.996220e+00,1.255060e+07,1.187250e+00,7.761880e-01,8.041830e-01
3400,18.0184,1.205430e+01,8.233240e+00,1.275340e+07,1.187870e+00,7.683260e-01,8.081840e-01
3425,18.0184,1.201900e+01,8.479860e+00,1.296230e+07,1.188620e+00,7.604820e-01,8.121610e-01
3450,18.0184,1.198200e+01,8.736260e+00,1.317750e+07,1.189510e+00,7.526500e-01,8.161140e-01
3475,18.0184,1.194350e+01,9.002630e+00,1.339920e+07,1.190540e+00,7.448300e-01,8.200410e-01
3500,18.0184,1.190320e+01,9.279100e+00,1.362770e+07,1.191710e+00,7.370170e-01,8.239410e-01
3525,18.0184,1.186120e+01,9.565780e+00,1.386320e+07,1.193020e+00,7.292110e-01,8.278120e-01
3550,18.0184,1.181750e+01,9.862730e+00,1.410610e+07,1.194490e+00,7.214080e-01,8.316530e-01
3575,18.0184,1.177210e+01,1.017000e+01,1.435650e+07,1.196100e+00,7.136070e-01,8.354620e-01
3600,18.0184,1.172480e+01,1.048740e+01,1.461460e+07,1.197860e+00,7.058050e-01,8.392400e-01
3625,18.0184,1.167570e+01,1.081500e+01,1.488090e+07,1.199770e+00,6.980030e-01,8.429830e-01
3650,18.0184,1.162480e+01,1.115250e+01,1.515550e+07,1.201830e+00,6.901980e-01,8.466910e-01
3675,18.0184,1.157200e+01,1.149970e+01,1.543860e+07,1.204040e+00,6.823900e-01,8.503640e-01
3700,18.0184,1.151730e+01,1.185610e+01,1.573050e+07,1.206400e+00,6.745780e-01,8.539990e-01
3725,18.0184,1.146080e+01,1.222130e+01,1.603150e+07,1.208910e+00,6.667620e-01,8.575970e-01
3750,18.0184,1.140240e+01,1.259470e+01,1.634170e+07,1.211560e+00,6.589430e-01,8.611560e-01
3775,18.0184,1.134220e+01,1.297570e+01,1.666130e+07,1.214340e+00,6.511220e-01,8.646760e-01
3800,18.0184,1.128010e+01,1.336340e+01,1.699050e+07,1.217270e+00,6.432990e-01,8.681570e-01
3825,18.0184,1.121630e+01,1.375700e+01,1.732950e+07,1.220310e+00,6.354760e-01,8.715990e-01
3850,18.0184,1.115070e+01,1.415530e+01,1.767840e+07,1.223480e+00,6.276560e-01,8.750010e-01
3875,18.0184,1.108330e+01,1.455740e+01,1.803730e+07,1.226760e+00,6.198400e-01,8.783630e-01
3900,18.0184,1.101430e+01,1.496200e+01,1.840630e+07,1.230150e+00,6.120320e-01,8.816860e-01
3925,18.0184,1.094370e+01,1.536780e+01,1.878540e+07,1.233630e+00,6.042350e-01,8.849690e-01
3950,18.0184,1.087160e+01,1.577350e+01,1.917470e+07,1.237180e+00,5.964530e-01,8.882140e-01
3975,18.0184,1.079800e+01,1.617770e+01,1.957410e+07,1.240810e+00,5.886900e-01,8.914200e-01
4000,18.0184,1.072300e+01,1.657890e+01,1.998350e+07,1.244490e+00,5.809500e-01,8.945890e-01
200,32.0418,2.575290e+01,1.321060e+00,-5.940200e+06,1.323440e+00,4.962240e+01,8.941740e-02
225,32.0418,2.575290e+01,1.352440e+00,-5.906790e+06,1.313580e+00,4.410880e+01,9.938210e-02
250,32.0418,2.575290e+01,1.388770e+00,-5.872540e+06,1.302890e+00,3.969790e+01,1.092570e-01
275,32.0418,2.575290e+01,1.430920e+00,-5.837300e+06,1.291370e+00,3.608900e+01,1.190290e-01
300,32.0418,2.575290e+01,1.478320e+00,-5.800950e+06,1.279420e+00,3.308160e+01,1.286830e-01
325,32.0418,2.575290e+01,1.530000e+00,-5.763350e+06,1.267450e+00,3.053690e+01,1.385830e-01
350,32.0418,2.575290e+01,1.584970e+00,-5.724420e+06,1.255810e+00,2.835570e+01,1.484110e-01
375,32.0418,2.575280e+01,1.642480e+00,-5.684080e+06,1.244680e+00,2.646520e+01,1.581570e-01
400,32.0418,2.575270e+01,1.702250e+00,-5.642280e+06,1.234140e+00,2.481100e+01,1.678170e-01
425,32.0418,2.575230e+01,1.764710e+00,-5.598950e+06,1.224150e+00,2.335120e+01,1.773850e-01
450,32.0418,2.575120e+01,1.831470e+00,-5.554010e+06,1.214610e+00,2.205300e+01,1.868610e-01
475,32.0418,2.574870e+01,1.905720e+00,-5.507310e+06,1.205320e+00,2.089030e+01,1.962440e-01
500,32.0418,2.574330e+01,1.992830e+00,-5.458620e+06,1.196090e+00,1.984160e+01,2.055410e-01
525,32.0418,2.573260e+01,2.100750e+00,-5.407500e+06,1.186790e+00,1.888890e+01,2.143880e-01
550,32.0418,2.571280e+01,2.240240e+00,-5.353320e+06,1.177410e+00,1.801650e+01,2.231200e-01
575,32.0418,2.567870e+01,2.424740e+00,-5.295110e+06,1.168180e+00,1.721020e+01,2.317530e-01
600,32.0418,2.562260e+01,2.669640e+00,-5.231580e+06,1.159570e+00,1.645710e+01,2.403050e-01
625,32.0418,2.553540e+01,2.990590e+00,-5.161000e+06,1.152270e+00,1.574500e+01,2.485840e-01
650,32.0418,2.540580e+01,3.400750e+00,-5.081300e+06,1.146990e+00,1.506270e+01,2.568050e-01
675,32.0418,2.522240e+01,3.906500e+00,-4.990160e+06,1.144310e+00,1.440010e+01,2.649890e-01
700,32.0418,2.497460e+01,4.501680e+00,-4.885230e+06,1.144520e+00,1.374930e+01,2.731440e-01
725,32.0418,2.465560e+01,5.160980e+00,-4.764530e+06,1.147540e+00,1.310570e+01,2.812690e-01
750,32.0418,2.426560e+01,5.834580e+00,-4.627050e+06,1.152850e+00,1.246840e+01,2.893410e-01
775,32.0418,2.381380e+01,6.448120e+00,-4.473300e+06,1.159510e+00,1.184150e+01,2.973180e-01
800,32.0418,2.331950e+01,6.913900e+00,-4.305880e+06,1.166280e+00,1.123340e+01,3.051450e-01
825,32.0418,2.281020e+01,7.156260e+00,-4.129480e+06,1.171920e+00,1.065510e+01,3.127630e-01
850,32.0418,2.231540e+01,7.144340e+00,-3.950200e+06,1.175520e+00,1.011740e+01,3.201290e-01
875,32.0418,2.186030e+01,6.914400e+00,-3.774100e+06,1.176800e+00,9.627880e+00,3.272210e-01
900,32.0418,2.145950e+01,6.565910e+00,-3.605480e+06,1.176160e+00,9.188810e+00,3.340440e-01
925,32.0418,2.111440e+01,6.234650e+00,-3.445660e+06,1.174560e+00,8.796660e+00,3.406210e-01
950,32.0418,2.081350e+01,6.046190e+00,-3.292530e+06,1.173320e+00,8.443140e+00,3.469900e-01
975,32.0418,2.053850e+01,6.029010e+00,-3.141870e+06,1.173710e+00,8.117930e+00,3.531980e-01
1000,32.0418,2.027510e+01,6.064550e+00,-2.990630e+06,1.175590e+00,7.813480e+00,3.593030e-01
1025,32.0418,2.002260e+01,5.999480e+00,-2.839510e+06,1.177540e+00,7.527980e+00,3.651410e-01
1050,32.0418,1.979020e+01,5.770830e+00,-2.692060e+06,1.178230e+00,7.263450e+00,3.709310e-01
1075,32.0418,1.958770e+01,5.433250e+00,-2.551900e+06,1.177260e+00,7.021950e+00,3.766700e-01
1100,32.0418,1.941780e+01,5.122210e+00,-2.420170e+06,1.175180e+00,6.802840e+00,3.823400e-01
1125,32.0418,1.927370e+01,4.949700e+00,-2.294610e+06,1.173010e+00,6.602300e+00,3.879240e-01
1150,32.0418,1.914420e+01,4.923770e+00,-2.171440e+06,1.171600e+00,6.415350e+00,3.934200e-01
1175,32.0418,1.901990e+01,4.992260e+00,-2.047630e+06,1.171190e+00,6.238100e+00,3.988320e-01
1200,32.0418,1.889560e+01,5.108590e+00,-1.921440e+06,1.171670e+00,6.068220e+00,4.041690e-01
1225,32.0418,1.876850e+01,5.246360e+00,-1.792030e+06,1.172830e+00,5.904410e+00,4.094400e-01
1250,32.0418,1.863760e+01,5.392320e+00,-1.659050e+06,1.174480e+00,5.745960e+00,4.146510e-01
1275,32.0418,1.850260e+01,5.539830e+00,-1.522400e+06,1.176490e+00,5.592470e+00,4.198100e-01
1300,32.0418,1.836340e+01,5.685550e+00,-1.382080e+06,1.178730e+00,5.443660e+00,4.249210e-01
1325,32.0418,1.822040e+01,5.828020e+00,-1.238150e+06,1.181130e+00,5.299370e+00,4.299890e-01
1350,32.0418,1.807410e+01,5.966960e+00,-1.090710e+06,1.183610e+00,5.159480e+00,4.350190e-01
1375,32.0418,1.792500e+01,6.103110e+00,-9.398260e+05,1.186080e+00,5.023870e+00,4.400140e-01
1400,32.0418,1.777350e+01,6.238070e+00,-7.855610e+05,1.188480e+00,4.892460e+00,4.449800e-01
1425,32.0418,1.762010e+01,6.374300e+00,-6.279120e+05,1.190760e+00,4.765130e+00,4.499200e-01
1450,32.0418,1.746500e+01,6.515170e+00,-4.668080e+05,1.192850e+00,4.641770e+00,4.548390e-01
1475,32.0418,1.730870e+01,6.664920e+00,-3.020800e+05,1.194710e+00,4.522250e+00,4.597410e-01
1500,32.0418,1.715120e+01,6.828700e+00,-1.334450e+05,1.196300e+00,4.406400e+00,4.646320e-01
1525,32.0418,1.699240e+01,7.012490e+00,3.952150e+04,1.197610e+00,4.294050e+00,4.695140e-01
1550,32.0418,1.683230e+01,7.223080e+00,2.174030e+05,1.198630e+00,4.184970e+00,4.743940e-01
1575,32.0418,1.667040e+01,7.467860e+00,4.009600e+05,1.199380e+00,4.078940e+00,4.792760e-01
1600,32.0418,1.650630e+01,7.754600e+00,5.911460e+05,1.199920e+00,3.975670e+00,4.841650e-01
1625,32.0418,1.633920e+01,8.090970e+00,7.891040e+05,1.200330e+00,3.874900e+00,4.890670e-01
1650,32.0418,1.616860e+01,8.483830e+00,9.961650e+05,1.200720e+00,3.776330e+00,4.939860e-01
1675,32.0418,1.599340e+01,8.938150e+00,1.213810e+06,1.201230e+00,3.679660e+00,4.989280e-01
1700,32.0418,1.581280e+01,9.455240e+00,1.443600e+06,1.202010e+00,3.584610e+00,5.038960e-01
1725,32.0418,1.562610e+01,1.003030e+01,1.687060e+06,1.203190e+00,3.490950e+00,5.088950e-01
1750,32.0418,1.543280e+01,1.064920e+01,1.945480e+06,1.204870e+00,3.398520e+00,5.139250e-01
1775,32.0418,1.523290e+01,1.128420e+01,2.219650e+06,1.207090e+00,3.307250e+00,5.189870e-01
1800,32.0418,1.502720e+01,1.189040e+01,2.509460e+06,1.209800e+00,3.217260e+00,5.240770e-01
1825,32.0418,1.481720e+01,1.240470e+01,2.813410e+06,1.212820e+00,3.128860e+00,5.291890e-01
1850,32.0418,1.460590e+01,1.274990e+01,3.128280e+06,1.215880e+00,3.042560e+00,5.343110e-01
1875,32.0418,1.439730e+01,1.284980e+01,3.448860e+06,1.218650e+00,2.959100e+00,5.394300e-01
1900,32.0418,1.419590e+01,1.265340e+01,3.768290e+06,1.220860e+00,2.879340e+00,5.445310e-01
1925,32.0418,1.400680e+01,1.216000e+01,4.079030e+06,1.222400e+00,2.804070e+00,5.495990e-01
1950,32.0418,1.383360e+01,1.142810e+01,4.374290e+06,1.223380e+00,2.733910e+00,5.546260e-01
1975,32.0418,1.367890e+01,1.055810e+01,4.649290e+06,1.224050e+00,2.669120e+00,5.596060e-01
2000,32.0418,1.354320e+01,9.655800e+00,4.901930e+06,1.224660e+00,2.609600e+00,5.645410e-01
2025,32.0418,1.342560e+01,8.802170e+00,5.132490e+06,1.225350e+00,2.555000e+00,5.692860e-01
2050,32.0418,1.332440e+01,8.042010e+00,5.342830e+06,1.226130e+00,2.504810e+00,5.739960e-01
2075,32.0418,1.323730e+01,7.389640e+00,5.535500e+06,1.226940e+00,2.458460e+00,5.786740e-01
2100,32.0418,1.316240e+01,6.840850e+00,5.713170e+06,1.227710e+00,2.415440e+00,5.833250e-01
2125,32.0418,1.309770e+01,6.383150e+00,5.878300e+06,1.228370e+00,2.375290e+00,5.879540e-01
2150,32.0418,1.304160e+01,6.002110e+00,6.032970e+06,1.228900e+00,2.337630e+00,5.925630e-01
2175,32.0418,1.299290e+01,5.684350e+00,6.178930e+06,1.229290e+00,2.302120e+00,5.971540e-01
2200,32.0418,1.295030e+01,5.418570e+00,6.317620e+06,1.229520e+00,2.268500e+00,6.017290e-01
2225,32.0418,1.291300e+01,5.195630e+00,6.450220e+06,1.229620e+00,2.236550e+00,6.062880e-01
2250,32.0418,1.288010e+01,5.008240e+00,6.577700e+06,1.229570e+00,2.206070e+00,6.108320e-01
2275,32.0418,1.285110e+01,4.850630e+00,6.700880e+06,1.229400e+00,2.176910e+00,6.153630e-01
2300,32.0418,1.282530e+01,4.718200e+00,6.820440e+06,1.229100e+00,2.148930e+00,6.198800e-01
2325,32.0418,1.280230e+01,4.607250e+00,6.936970e+06,1.228680e+00,2.122010e+00,6.243840e-01
2350,32.0418,1.278180e+01,4.514780e+00,7.050950e+06,1.228150e+00,2.096060e+00,6.288760e-01
2375,32.0418,1.276330e+01,4.438330e+00,7.162840e+06,1.227520e+00,2.071000e+00,6.333560e-01
2400,32.0418,1.274650e+01,4.375890e+00,7.272990e+06,1.226790e+00,2.046740e+00,6.378230e-01
2425,32.0418,1.273130e+01,4.325760e+00,7.381730e+06,1.225970e+00,2.023220e+00,6.422800e-01
2450,32.0418,1.271740e+01,4.286560e+00,7.489370e+06,1.225060e+00,2.000380e+00,6.467250e-01
2475,32.0418,1.270450e+01,4.257100e+00,7.596140e+06,1.224090e+00,1.978180e+00,6.511590e-01
2500,32.0418,1.269260e+01,4.236410e+00,7.702300e+06,1.223040e+00,1.956560e+00,6.555820e-01
2525,32.0418,1.268150e+01,4.223660e+00,7.808030e+06,1.221940e+00,1.935490e+00,6.599950e-01
2550,32.0418,1.267100e+01,4.218160e+00,7.913540e+06,1.220780e+00,1.914920e+00,6.643980e-01
2575,32.0418,1.266100e+01,4.219320e+00,8.018990e+06,1.219580e+00,1.894840e+00,6.687910e-01
2600,32.0418,1.265140e+01,4.226670e+00,8.124560e+06,1.218330e+00,1.875200e+00,6.731740e-01
2625,32.0418,1.264220e+01,4.239800e+00,8.230380e+06,1.217060e+00,1.855980e+00,6.775480e-01
2650,32.0418,1.263320e+01,4.258390e+00,8.336590e+06,1.215760e+00,1.837160e+00,6.819120e-01
2675,32.0418,1.262430e+01,4.282150e+00,8.443340e+06,1.214430e+00,1.818720e+00,6.862670e-01
2700,32.0418,1.261550e+01,4.310870e+00,8.550740e+06,1.213100e+00,1.800620e+00,6.906130e-01
2725,32.0418,1.260670e+01,4.344380e+00,8.658920e+06,1.211750e+00,1.782860e+00,6.949510e-01
2750,32.0418,1.259790e+01,4.382540e+00,8.768000e+06,1.210400e+00,1.765410e+00,6.992790e-01
2775,32.0418,1.258890e+01,4.425240e+00,8.878090e+06,1.209050e+00,1.748270e+00,7.035990e-01
2800,32.0418,1.257980e+01,4.472420e+00,8.989300e+06,1.207710e+00,1.731410e+00,7.079110e-01
2825,32.0418,1.257050e+01,4.524040e+00,9.101740e+06,1.206380e+00,1.714810e+00,7.122140e-01
2850,32.0418,1.256090e+01,4.580050e+00,9.215540e+06,1.205070e+00,1.698470e+00,7.165090e-01
2875,32.0418,1.255100e+01,4.640470e+00,9.330780e+06,1.203780e+00,1.682380e+00,7.207950e-01
2900,32.0418,1.254080e+01,4.705310e+00,9.447600e+06,1.202510e+00,1.666510e+00,7.250730e-01
2925,32.0418,1.253010e+01,4.774600e+00,9.566090e+06,1.201270e+00,1.650860e+00,7.293430e-01
2950,32.0418,1.251900e+01,4.848380e+00,9.686360e+06,1.200070e+00,1.635420e+00,7.336040e-01
2975,32.0418,1.250740e+01,4.926710e+00,9.808540e+06,1.198910e+00,1.620170e+00,7.378570e-01
3000,32.0418,1.249530e+01,5.009660e+00,9.932740e+06,1.197790e+00,1.605110e+00,7.421010e-01
3025,32.0418,1.248260e+01,5.097320e+00,1.005910e+07,1.196730e+00,1.590230e+00,7.463360e-01
3050,32.0418,1.246930e+01,5.189760e+00,1.018760e+07,1.195710e+00,1.575520e+00,7.505630e-01
3075,32.0418,1.245530e+01,5.287100e+00,1.031860e+07,1.194750e+00,1.560960e+00,7.547800e-01
3100,32.0418,1.244070e+01,5.389430e+00,1.045200e+07,1.193850e+00,1.546550e+00,7.589880e-01
3125,32.0418,1.242530e+01,5.496870e+00,1.058810e+07,1.193020e+00,1.532280e+00,7.631860e-01
3150,32.0418,1.240920e+01,5.609550e+00,1.072690e+07,1.192260e+00,1.518150e+00,7.673740e-01
3175,32.0418,1.239230e+01,5.727600e+00,1.086860e+07,1.191560e+00,1.504140e+00,7.715520e-01
3200,32.0418,1.237450e+01,5.851150e+00,1.101340e+07,1.190950e+00,1.490250e+00,7.757190e-01
3225,32.0418,1.235580e+01,5.980340e+00,1.116120e+07,1.190410e+00,1.476470e+00,7.798740e-01
3250,32.0418,1.233630e+01,6.115310e+00,1.131240e+07,1.189950e+00,1.462790e+00,7.840180e-01
3275,32.0418,1.231580e+01,6.256230e+00,1.146710e+07,1.189590e+00,1.449210e+00,7.881490e-01
3300,32.0418,1.229430e+01,6.403250e+00,1.162530e+07,1.189310e+00,1.435720e+00,7.922680e-01
3325,32.0418,1.227170e+01,6.556520e+00,1.178730e+07,1.189120e+00,1.422320e+00,7.963720e-01
3350,32.0418,1.224810e+01,6.716210e+00,1.195320e+07,1.189030e+00,1.408990e+00,8.004620e-01
3375,32.0418,1.222340e+01,6.882480e+00,1.212310e+07,1.189040e+00,1.395730e+00,8.045370e-01
3400,32.0418,1.219760e+01,7.055500e+00,1.229730e+07,1.189160e+00,1.382540e+00,8.085950e-01
3425,32.0418,1.217060e+01,7.235410e+00,1.247600e+07,1.189370e+00,1.369410e+00,8.126370e-01
3450,32.0418,1.214240e+01,7.422390e+00,1.265920e+07,1.189700e+00,1.356330e+00,8.166600e-01
3475,32.0418,1.211290e+01,7.616580e+00,1.284710e+07,1.190130e+00,1.343300e+00,8.206650e-01
3500,32.0418,1.208210e+01,7.818140e+00,1.304010e+07,1.190680e+00,1.330320e+00,8.246500e-01
3525,32.0418,1.205000e+01,8.027190e+00,1.323810e+07,1.191340e+00,1.317380e+00,8.286130e-01
3550,32.0418,1.201660e+01,8.243860e+00,1.344150e+07,1.192120e+00,1.304480e+00,8.325550e-01
3575,32.0418,1.198180e+01,8.468260e+00,1.365040e+07,1.193020e+00,1.291600e+00,8.364740e-01
3600,32.0418,1.194560e+01,8.700480e+00,1.386500e+07,1.194040e+00,1.278760e+00,8.403680e-01
3625,32.0418,1.190800e+01,8.940570e+00,1.408550e+07,1.195190e+00,1.265930e+00,8.442380e-01
3650,32.0418,1.186880e+01,9.188580e+00,1.431210e+07,1.196460e+00,1.253130e+00,8.480810e-01
3675,32.0418,1.182820e+01,9.444510e+00,1.454500e+07,1.197860e+00,1.240350e+00,8.518970e-01
3700,32.0418,1.178610e+01,9.708320e+00,1.478430e+07,1.199380e+00,1.227580e+00,8.556840e-01
3725,32.0418,1.174240e+01,9.979950e+00,1.503040e+07,1.201040e+00,1.214820e+00,8.594420e-01
3750,32.0418,1.169720e+01,1.025930e+01,1.528340e+07,1.202820e+00,1.202080e+00,8.631700e-01
3775,32.0418,1.165040e+01,1.054610e+01,1.554350e+07,1.204740e+00,1.189340e+00,8.668660e-01
3800,32.0418,1.160210e+01,1.084020e+01,1.581080e+07,1.206780e+00,1.176620e+00,8.705310e-01
3825,32.0418,1.155220e+01,1.114130e+01,1.608550e+07,1.208950e+00,1.163900e+00,8.741640e-01
3850,32.0418,1.150070e+01,1.144910e+01,1.636790e+07,1.211250e+00,1.151180e+00,8.777630e-01
3875,32.0418,1.144760e+01,1.176300e+01,1.665800e+07,1.213670e+00,1.138480e+00,8.813280e-01
3900,32.0418,1.139290e+01,1.208270e+01,1.695610e+07,1.216210e+00,1.125780e+00,8.848600e-01
3925,32.0418,1.133670e+01,1.240760e+01,1.726220e+07,1.218870e+00,1.113090e+00,8.883580e-01
3950,32.0418,1.127900e+01,1.273700e+01,1.757650e+07,1.221650e+00,1.100410e+00,8.918210e-01
3975,32.0418,1.121970e+01,1.307030e+01,1.789910e+07,1.224520e+00,1.087750e+00,8.952500e-01
4000,32.0418,1.115900e+01,1.340670e+01,1.823010e+07,1.227510e+00,1.075100e+00,8.986440e-01
200,56.9792,2.575290e+01,1.321060e+00,-5.940200e+06,1.323440e+00,8.824250e+01,8.941740e-02
225,56.9792,2.575290e+01,1.352440e+00,-5.906790e+06,1.313580e+00,7.843780e+01,9.938210e-02
250,56.9792,2.575290e+01,1.388770e+00,-5.872540e+06,1.302890e+00,7.059400e+01,1.092570e-01
275,56.9792,2.575290e+01,1.430920e+00,-5.837300e+06,1.291370e+00,6.417640e+01,1.190290e-01
300,56.9792,2.575290e+01,1.478320e+00,-5.800950e+06,1.279420e+00,5.882840e+01,1.286830e-01
325,56.9792,2.575290e+01,1.530000e+00,-5.763350e+06,1.267460e+00,5.430310e+01,1.385830e-01
350,56.9792,2.575290e+01,1.584940e+00,-5.724420e+06,1.255820e+00,5.042430e+01,1.484110e-01
375,56.9792,2.575290e+01,1.642350e+00,-5.684090e+06,1.244700e+00,4.706260e+01,1.581570e-01
400,56.9792,2.575280e+01,1.701800e+00,-5.642290e+06,1.234190e+00,4.412100e+01,1.678170e-01
425,56.9792,2.575250e+01,1.763450e+00,-5.598980e+06,1.224280e+00,4.152520e+01,1.773850e-01
450,56.9792,2.575170e+01,1.828300e+00,-5.554090e+06,1.214890e+00,3.921710e+01,1.868590e-01
475,56.9792,2.574990e+01,1.898590e+00,-5.507520e+06,1.205870e+00,3.715040e+01,1.962420e-01
500,56.9792,2.574590e+01,1.978150e+00,-5.459080e+06,1.197070e+00,3.528750e+01,2.055340e-01
525,56.9792,2.573820e+01,2.072700e+00,-5.408490e+06,1.188340e+00,3.359700e+01,2.143740e-01
550,56.9792,2.572380e+01,2.190100e+00,-5.355260e+06,1.179630e+00,3.205200e+01,2.230940e-01
575,56.9792,2.569890e+01,2.340280e+00,-5.298710e+06,1.171060e+00,3.062880e+01,2.317050e-01
600,56.9792,2.565800e+01,2.534850e+00,-5.237870e+06,1.162900e+00,2.930580e+01,2.402230e-01
625,56.9792,2.559400e+01,2.786170e+00,-5.171490e+06,1.155630e+00,2.806330e+01,2.484510e-01
650,56.9792,2.549820e+01,3.105750e+00,-5.098000e+06,1.149790e+00,2.688310e+01,2.566020e-01
675,56.9792,2.536130e+01,3.501880e+00,-5.015560e+06,1.145940e+00,2.574840e+01,2.646930e-01
700,56.9792,2.517370e+01,3.976210e+00,-4.922250e+06,1.144470e+00,2.464510e+01,2.727380e-01
725,56.9792,2.492740e+01,4.519670e+00,-4.816170e+06,1.145520e+00,2.356250e+01,2.807420e-01
750,56.9792,2.461790e+01,5.108180e+00,-4.695880e+06,1.148960e+00,2.249430e+01,2.886980e-01
775,56.9792,2.424660e+01,5.699850e+00,-4.560730e+06,1.154280e+00,2.144030e+01,2.965860e-01
800,56.9792,2.382210e+01,6.236280e+00,-4.411350e+06,1.160710e+00,2.040660e+01,3.043700e-01
825,56.9792,2.336050e+01,6.651360e+00,-4.249930e+06,1.167220e+00,1.940490e+01,3.120050e-01
850,56.9792,2.288420e+01,6.888530e+00,-4.080270e+06,1.172770e+00,1.845010e+01,3.194470e-01
875,56.9792,2.241710e+01,6.922390e+00,-3.907210e+06,1.176590e+00,1.755710e+01,3.266620e-01
900,56.9792,2.198030e+01,6.773910e+00,-3.735690e+06,1.178360e+00,1.673680e+01,3.336350e-01
925,56.9792,2.158750e+01,6.509410e+00,-3.569490e+06,1.178320e+00,1.599350e+01,3.403700e-01
950,56.9792,2.124270e+01,6.223180e+00,-3.410400e+06,1.177130e+00,1.532390e+01,3.468860e-01
975,56.9792,2.094040e+01,6.008770e+00,-3.257730e+06,1.175810e+00,1.471840e+01,3.532110e-01
1000,56.9792,2.066830e+01,5.915570e+00,-3.108920e+06,1.175400e+00,1.416400e+01,3.593820e-01
1025,56.9792,2.041380e+01,5.906240e+00,-2.961230e+06,1.176340e+00,1.364840e+01,3.652320e-01
1050,56.9792,2.017090e+01,5.881900e+00,-2.813740e+06,1.177980e+00,1.316490e+01,3.710010e-01
1075,56.9792,1.994220e+01,5.763630e+00,-2.667940e+06,1.179170e+00,1.271290e+01,3.767150e-01
1100,56.9792,1.973440e+01,5.541670e+00,-2.526440e+06,1.179110e+00,1.229450e+01,3.823810e-01
1125,56.9792,1.955260e+01,5.275560e+00,-2.391230e+06,1.177750e+00,1.191060e+01,3.879950e-01
1150,56.9792,1.939640e+01,5.055250e+00,-2.262270e+06,1.175690e+00,1.155860e+01,3.935420e-01
1175,56.9792,1.925970e+01,4.937530e+00,-2.137590e+06,1.173800e+00,1.123290e+01,3.990170e-01
1200,56.9792,1.913460e+01,4.919700e+00,-2.014560e+06,1.172630e+00,1.092750e+01,4.044160e-01
1225,56.9792,1.901450e+01,4.970000e+00,-1.891040e+06,1.172320e+00,1.063730e+01,4.097450e-01
1250,56.9792,1.889540e+01,5.059170e+00,-1.765740e+06,1.172770e+00,1.035930e+01,4.150110e-01
1275,56.9792,1.877490e+01,5.168560e+00,-1.637920e+06,1.173810e+00,1.009140e+01,4.202190e-01
1300,56.9792,1.865190e+01,5.287660e+00,-1.507230e+06,1.175280e+00,9.832470e+00,4.253760e-01
1325,56.9792,1.852600e+01,5.410810e+00,-1.373500e+06,1.177080e+00,9.581800e+00,4.304870e-01
1350,56.9792,1.839690e+01,5.535100e+00,-1.236680e+06,1.179090e+00,9.338830e+00,4.355550e-01
1375,56.9792,1.826480e+01,5.659280e+00,-1.096750e+06,1.181240e+00,9.103200e+00,4.405860e-01
1400,56.9792,1.812990e+01,5.783260e+00,-9.537180e+05,1.183460e+00,8.874620e+00,4.455820e-01
1425,56.9792,1.799250e+01,5.907820e+00,-8.075820e+05,1.185690e+00,8.652850e+00,4.505480e-01
1450,56.9792,1.785290e+01,6.034510e+00,-6.583090e+05,1.187880e+00,8.437650e+00,4.554880e-01
1475,56.9792,1.771120e+01,6.165590e+00,-5.058200e+05,1.189970e+00,8.228810e+00,4.604050e-01
1500,56.9792,1.756760e+01,6.304010e+00,-3.499690e+05,1.191930e+00,8.026090e+00,4.653020e-01
1525,56.9792,1.742240e+01,6.453380e+00,-1.905280e+05,1.193720e+00,7.829230e+00,4.701840e-01
1550,56.9792,1.727530e+01,6.617970e+00,-2.717290e+04,1.195320e+00,7.637940e+00,4.750540e-01
1575,56.9792,1.712640e+01,6.802610e+00,1.405370e+05,1.196720e+00,7.451920e+00,4.799160e-01
1600,56.9792,1.697540e+01,7.012690e+00,3.131700e+05,1.197920e+00,7.270820e+00,4.847740e-01
1625,56.9792,1.682200e+01,7.253900e+00,4.914310e+05,1.198960e+00,7.094260e+00,4.896330e-01
1650,56.9792,1.666570e+01,7.532080e+00,6.761730e+05,1.199890e+00,6.921850e+00,4.944960e-01
1675,56.9792,1.650590e+01,7.852790e+00,8.683900e+05,1.200770e+00,6.753160e+00,4.993670e-01
1700,56.9792,1.634200e+01,8.220700e+00,1.069210e+06,1.201700e+00,6.587780e+00,5.042520e-01
1725,56.9792,1.617330e+01,8.638750e+00,1.279840e+06,1.202790e+00,6.425280e+00,5.091530e-01
1750,56.9792,1.599920e+01,9.106780e+00,1.501560e+06,1.204150e+00,6.265300e+00,5.140750e-01
1775,56.9792,1.581900e+01,9.619790e+00,1.735560e+06,1.205880e+00,6.107500e+00,5.190190e-01
1800,56.9792,1.563260e+01,1.016560e+01,1.982830e+06,1.208060e+00,5.951690e+00,5.239890e-01
1825,56.9792,1.543990e+01,1.072230e+01,2.243930e+06,1.210700e+00,5.797810e+00,5.289820e-01
1850,56.9792,1.524170e+01,1.125590e+01,2.518750e+06,1.213770e+00,5.646040e+00,5.339980e-01
1875,56.9792,1.503930e+01,1.171980e+01,2.806150e+06,1.217130e+00,5.496790e+00,5.390310e-01
1900,56.9792,1.483510e+01,1.205820e+01,3.103700e+06,1.220550e+00,5.350800e+00,5.440740e-01
1925,56.9792,1.463210e+01,1.221470e+01,3.407540e+06,1.223790e+00,5.209040e+00,5.491170e-01
1950,56.9792,1.443410e+01,1.214750e+01,3.712560e+06,1.226590e+00,5.072680e+00,5.541480e-01
1975,56.9792,1.424510e+01,1.184520e+01,4.012940e+06,1.228780e+00,4.942870e+00,5.591570e-01
2000,56.9792,1.406850e+01,1.133580e+01,4.303080e+06,1.230360e+00,4.820570e+00,5.641360e-01
2025,56.9792,1.390680e+01,1.068050e+01,4.578510e+06,1.231430e+00,4.706350e+00,5.689270e-01
2050,56.9792,1.376130e+01,9.954240e+00,4.836520e+06,1.232160e+00,4.600310e+00,5.736810e-01
2075,56.9792,1.363190e+01,9.224610e+00,5.076200e+06,1.232680e+00,4.502170e+00,5.783980e-01
2100,56.9792,1.351790e+01,8.538580e+00,5.298120e+06,1.233100e+00,4.411340e+00,5.830830e-01
2125,56.9792,1.341770e+01,7.920850e+00,5.503700e+06,1.233420e+00,4.327130e+00,5.877380e-01
2150,56.9792,1.332970e+01,7.379070e+00,5.694790e+06,1.233640e+00,4.248790e+00,5.923680e-01
2175,56.9792,1.325250e+01,6.910680e+00,5.873270e+06,1.233760e+00,4.175620e+00,5.969760e-01
2200,56.9792,1.318460e+01,6.508410e+00,6.040880e+06,1.233780e+00,4.107020e+00,6.015650e-01
2225,56.9792,1.312480e+01,6.163600e+00,6.199170e+06,1.233690e+00,4.042440e+00,6.061350e-01
2250,56.9792,1.307190e+01,5.867940e+00,6.349470e+06,1.233510e+00,3.981410e+00,6.106890e-01
2275,56.9792,1.302500e+01,5.614100e+00,6.492910e+06,1.233240e+00,3.923540e+00,6.152280e-01
2300,56.9792,1.298330e+01,5.395920e+00,6.630470e+06,1.232880e+00,3.868480e+00,6.197530e-01
2325,56.9792,1.294620e+01,5.208270e+00,6.762960e+06,1.232450e+00,3.815950e+00,6.242640e-01
2350,56.9792,1.291310e+01,5.046930e+00,6.891100e+06,1.231940e+00,3.765680e+00,6.287620e-01
2375,56.9792,1.288330e+01,4.908410e+00,7.015500e+06,1.231360e+00,3.717470e+00,6.332480e-01
2400,56.9792,1.285660e+01,4.789790e+00,7.136690e+06,1.230710e+00,3.671110e+00,6.377210e-01
2425,56.9792,1.283250e+01,4.688630e+00,7.255140e+06,1.229990e+00,3.626450e+00,6.421820e-01
2450,56.9792,1.281070e+01,4.602870e+00,7.371250e+06,1.229200e+00,3.583340e+00,6.466310e-01
2475,56.9792,1.279080e+01,4.530780e+00,7.485390e+06,1.228360e+00,3.541640e+00,6.510700e-01
2500,56.9792,1.277270e+01,4.470850e+00,7.597890e+06,1.227450e+00,3.501260e+00,6.554970e-01
2525,56.9792,1.275600e+01,4.421820e+00,7.709030e+06,1.226490e+00,3.462070e+00,6.599140e-01
2550,56.9792,1.274070e+01,4.382590e+00,7.819060e+06,1.225470e+00,3.424010e+00,6.643200e-01
2575,56.9792,1.272650e+01,4.352230e+00,7.928230e+06,1.224420e+00,3.386980e+00,6.687160e-01
2600,56.9792,1.271320e+01,4.329920e+00,8.036740e+06,1.223320e+00,3.350910e+00,6.731020e-01
2625,56.9792,1.270070e+01,4.314980e+00,8.144790e+06,1.222180e+00,3.315740e+00,6.774780e-01
2650,56.9792,1.268890e+01,4.306820e+00,8.252550e+06,1.221010e+00,3.281420e+00,6.818440e-01
2675,56.9792,1.267770e+01,4.304920e+00,8.360180e+06,1.219820e+00,3.247880e+00,6.862010e-01
2700,56.9792,1.266700e+01,4.308850e+00,8.467840e+06,1.218600e+00,3.215080e+00,6.905500e-01
2725,56.9792,1.265670e+01,4.318250e+00,8.575670e+06,1.217370e+00,3.182980e+00,6.948890e-01
2750,56.9792,1.264660e+01,4.332790e+00,8.683800e+06,1.216130e+00,3.151540e+00,6.992190e-01
2775,56.9792,1.263680e+01,4.352220e+00,8.792350e+06,1.214870e+00,3.120720e+00,7.035410e-01
2800,56.9792,1.262710e+01,4.376320e+00,8.901450e+06,1.213620e+00,3.090480e+00,7.078540e-01
2825,56.9792,1.261740e+01,4.404900e+00,9.011200e+06,1.212360e+00,3.060800e+00,7.121590e-01
2850,56.9792,1.260780e+01,4.437820e+00,9.121730e+06,1.211110e+00,3.031640e+00,7.164550e-01
2875,56.9792,1.259820e+01,4.474950e+00,9.233130e+06,1.209870e+00,3.002980e+00,7.207430e-01
2900,56.9792,1.258850e+01,4.516200e+00,9.345510e+06,1.208640e+00,2.974790e+00,7.250230e-01
2925,56.9792,1.257860e+01,4.561500e+00,9.458970e+06,1.207430e+00,2.947050e+00,7.292950e-01
2950,56.9792,1.256850e+01,4.610800e+00,9.573620e+06,1.206240e+00,2.919740e+00,7.335590e-01
2975,56.9792,1.255820e+01,4.664060e+00,9.689540e+06,1.205070e+00,2.892830e+00,7.378150e-01
3000,56.9792,1.254760e+01,4.721280e+00,9.806850e+06,1.203930e+00,2.866310e+00,7.420630e-01
3025,56.9792,1.253680e+01,4.782440e+00,9.925640e+06,1.202830e+00,2.840150e+00,7.463030e-01
3050,56.9792,1.252550e+01,4.847560e+00,1.004600e+07,1.201760e+00,2.814340e+00,7.505340e-01
3075,56.9792,1.251380e+01,4.916660e+00,1.016810e+07,1.200720e+00,2.788870e+00,7.547570e-01
3100,56.9792,1.250180e+01,4.989770e+00,1.029190e+07,1.199730e+00,2.763700e+00,7.589720e-01
3125,56.9792,1.248920e+01,5.066930e+00,1.041760e+07,1.198790e+00,2.738840e+00,7.631790e-01
3150,56.9792,1.247610e+01,5.148190e+00,1.054530e+07,1.197890e+00,2.714260e+00,7.673770e-01
3175,56.9792,1.246250e+01,5.233600e+00,1.067500e+07,1.197050e+00,2.689950e+00,7.715660e-01
3200,56.9792,1.244830e+01,5.323250e+00,1.080700e+07,1.196260e+00,2.665900e+00,7.757460e-01
3225,56.9792,1.243350e+01,5.417180e+00,1.094120e+07,1.195520e+00,2.642090e+00,7.799160e-01
3250,56.9792,1.241810e+01,5.515480e+00,1.107790e+07,1.194850e+00,2.618510e+00,7.840770e-01
3275,56.9792,1.240200e+01,5.618240e+00,1.121700e+07,1.194250e+00,2.595150e+00,7.882280e-01
3300,56.9792,1.238520e+01,5.725540e+00,1.135880e+07,1.193710e+00,2.571990e+00,7.923680e-01
3325,56.9792,1.236760e+01,5.837460e+00,1.150330e+07,1.193240e+00,2.549030e+00,7.964970e-01
3350,56.9792,1.234920e+01,5.954110e+00,1.165070e+07,1.192840e+00,2.526260e+00,8.006160e-01
3375,56.9792,1.233010e+01,6.075590e+00,1.180110e+07,1.192520e+00,2.503660e+00,8.047220e-01
3400,56.9792,1.231010e+01,6.201990e+00,1.195450e+07,1.192270e+00,2.481220e+00,8.088160e-01
3425,56.9792,1.228930e+01,6.333410e+00,1.211120e+07,1.192110e+00,2.458940e+00,8.128980e-01
3450,56.9792,1.226750e+01,6.469970e+00,1.227130e+07,1.192030e+00,2.436800e+00,8.169660e-01
3475,56.9792,1.224480e+01,6.611760e+00,1.243480e+07,1.192030e+00,2.414790e+00,8.210190e-01
3500,56.9792,1.222120e+01,6.758880e+00,1.260190e+07,1.192120e+00,2.392920e+00,8.250580e-01
3525,56.9792,1.219660e+01,6.911450e+00,1.277280e+07,1.192310e+00,2.371160e+00,8.290820e-01
3550,56.9792,1.217090e+01,7.069560e+00,1.294750e+07,1.192580e+00,2.349510e+00,8.330890e-01
3575,56.9792,1.214420e+01,7.233310e+00,1.312630e+07,1.192950e+00,2.327960e+00,8.370790e-01
3600,56.9792,1.211650e+01,7.402780e+00,1.330920e+07,1.193410e+00,2.306510e+00,8.410510e-01
3625,56.9792,1.208760e+01,7.578070e+00,1.349650e+07,1.193980e+00,2.285150e+00,8.450040e-01
3650,56.9792,1.205760e+01,7.759240e+00,1.368820e+07,1.194640e+00,2.263870e+00,8.489380e-01
3675,56.9792,1.202650e+01,7.946360e+00,1.388450e+07,1.195410e+00,2.242660e+00,8.528520e-01
3700,56.9792,1.199410e+01,8.139490e+00,1.408550e+07,1.196280e+00,2.221520e+00,8.567440e-01
3725,56.9792,1.196060e+01,8.338660e+00,1.429150e+07,1.197250e+00,2.200440e+00,8.606140e-01
3750,56.9792,1.192590e+01,8.543880e+00,1.450250e+07,1.198330e+00,2.179420e+00,8.644620e-01
3775,56.9792,1.188990e+01,8.755170e+00,1.471880e+07,1.199520e+00,2.158450e+00,8.682850e-01
3800,56.9792,1.185260e+01,8.972490e+00,1.494030e+07,1.200820e+00,2.137530e+00,8.720840e-01
3825,56.9792,1.181410e+01,9.195810e+00,1.516740e+07,1.202230e+00,2.116660e+00,8.758580e-01
3850,56.9792,1.177420e+01,9.425030e+00,1.540020e+07,1.203750e+00,2.095820e+00,8.796060e-01
3875,56.9792,1.173310e+01,9.660070e+00,1.563870e+07,1.205390e+00,2.075020e+00,8.833260e-01
3900,56.9792,1.169060e+01,9.900770e+00,1.588320e+07,1.207130e+00,2.054260e+00,8.870200e-01
3925,56.9792,1.164690e+01,1.014700e+01,1.613380e+07,1.208980e+00,2.033530e+00,8.906850e-01
3950,56.9792,1.160180e+01,1.039840e+01,1.639060e+07,1.210950e+00,2.012840e+00,8.943220e-01
3975,56.9792,1.155530e+01,1.065490e+01,1.665380e+07,1.213020e+00,1.992170e+00,8.979310e-01
4000,56.9792,1.150750e+01,1.091620e+01,1.692340e+07,1.215200e+00,1.971540e+00,9.015100e-01
200,101.325,2.575290e+01,1.321060e+00,-5.940200e+06,1.323440e+00,1.569200e+02,8.941740e-02
225,101.325,2.575290e+01,1.352440e+00,-5.906790e+06,1.313580e+00,1.394840e+02,9.938210e-02
250,101.325,2.575290e+01,1.388770e+00,-5.872540e+06,1.302890e+00,1.255360e+02,1.092570e-01
275,101.325,2.575290e+01,1.430920e+00,-5.837300e+06,1.291370e+00,1.141240e+02,1.190290e-01
300,101.325,2.575290e+01,1.478320e+00,-5.800950e+06,1.279420e+00,1.046130e+02,1.286830e-01
325,101.325,2.575290e+01,1.529990e+00,-5.763350e+06,1.267460e+00,9.656610e+01,1.385830e-01
350,101.325,2.575290e+01,1.584910e+00,-5.724420e+06,1.255820e+00,8.966850e+01,1.484110e-01
375,101.325,2.575290e+01,1.642250e+00,-5.684090e+06,1.244710e+00,8.369050e+01,1.581570e-01
400,101.325,2.575280e+01,1.701480e+00,-5.642290e+06,1.234230e+00,7.845970e+01,1.678170e-01
425,101.325,2.575260e+01,1.762540e+00,-5.599000e+06,1.224380e+00,7.384380e+01,1.773840e-01
450,101.325,2.575200e+01,1.826010e+00,-5.554150e+06,1.215100e+00,6.973990e+01,1.868590e-01
475,101.325,2.575070e+01,1.893430e+00,-5.507660e+06,1.206280e+00,6.606600e+01,1.962400e-01
500,101.325,2.574790e+01,1.967490e+00,-5.459420e+06,1.197780e+00,6.275580e+01,2.055300e-01
525,101.325,2.574230e+01,2.052310e+00,-5.409200e+06,1.189490e+00,5.975430e+01,2.143640e-01
550,101.325,2.573180e+01,2.153590e+00,-5.356670e+06,1.181330e+00,5.701520e+01,2.230750e-01
575,101.325,2.571370e+01,2.278640e+00,-5.301320e+06,1.173330e+00,5.449790e+01,2.316700e-01
600,101.325,2.568390e+01,2.436090e+00,-5.242470e+06,1.165660e+00,5.216650e+01,2.401630e-01
625,101.325,2.563710e+01,2.635430e+00,-5.179170e+06,1.158600e+00,4.998850e+01,2.483530e-01
650,101.325,2.556670e+01,2.886100e+00,-5.110270e+06,1.152560e+00,4.793390e+01,2.564510e-01
675,101.325,2.546530e+01,3.196040e+00,-5.034370e+06,1.148000e+00,4.597550e+01,2.644720e-01
700,101.325,2.532490e+01,3.569830e+00,-4.949930e+06,1.145300e+00,4.408910e+01,2.724280e-01
725,101.325,2.513780e+01,4.006200e+00,-4.855360e+06,1.144720e+00,4.225430e+01,2.803300e-01
750,101.325,2.489810e+01,4.495240e+00,-4.749180e+06,1.146320e+00,4.045640e+01,2.881790e-01
775,101.325,2.460290e+01,5.015850e+00,-4.630330e+06,1.149940e+00,3.868720e+01,2.959680e-01
800,101.325,2.425400e+01,5.534410e+00,-4.498400e+06,1.155160e+00,3.694670e+01,3.036770e-01
825,101.325,2.385880e+01,6.006340e+00,-4.353990e+06,1.161300e+00,3.524330e+01,3.112780e-01
850,101.325,2.343050e+01,6.382380e+00,-4.198880e+06,1.167550e+00,3.359270e+01,3.187360e-01
875,101.325,2.298670e+01,6.619910e+00,-4.036030e+06,1.173050e+00,3.201480e+01,3.260170e-01
900,101.325,2.254680e+01,6.696830e+00,-3.869240e+06,1.177140e+00,3.052990e+01,3.330960e-01
925,101.325,2.212850e+01,6.622100e+00,-3.702470e+06,1.179450e+00,2.915360e+01,3.399610e-01
950,101.325,2.174450e+01,6.436860e+00,-3.539060e+06,1.180080e+00,2.789380e+01,3.466150e-01
975,101.325,2.140060e+01,6.204550e+00,-3.381020e+06,1.179450e+00,2.674870e+01,3.530740e-01
1000,101.325,2.109560e+01,5.993310e+00,-3.228650e+06,1.178290e+00,2.570830e+01,3.593580e-01
1025,101.325,2.082250e+01,5.852720e+00,-3.080750e+06,1.177430e+00,2.475660e+01,3.652870e-01
1050,101.325,2.057190e+01,5.788860e+00,-2.935360e+06,1.177480e+00,2.387630e+01,3.710930e-01
1075,101.325,2.033620e+01,5.757840e+00,-2.791030e+06,1.178430e+00,2.305380e+01,3.768090e-01
1100,101.325,2.011310e+01,5.698060e+00,-2.647720e+06,1.179610e+00,2.228270e+01,3.824600e-01
1125,101.325,1.990480e+01,5.572440e+00,-2.506690e+06,1.180220e+00,2.156190e+01,3.880590e-01
1150,101.325,1.971550e+01,5.387320e+00,-2.369600e+06,1.179790e+00,2.089260e+01,3.936120e-01
1175,101.325,1.954770e+01,5.186190e+00,-2.237460e+06,1.178380e+00,2.027400e+01,3.991130e-01
1200,101.325,1.940010e+01,5.023050e+00,-2.109970e+06,1.176530e+00,1.970170e+01,4.045570e-01
1225,101.325,1.926830e+01,4.929970e+00,-1.985710e+06,1.174840e+00,1.916850e+01,4.099380e-01
1250,101.325,1.914670e+01,4.906850e+00,-1.862880e+06,1.173760e+00,1.866670e+01,4.152570e-01
1275,101.325,1.903060e+01,4.936230e+00,-1.739930e+06,1.173390e+00,1.818970e+01,4.205160e-01
1300,101.325,1.891660e+01,4.999450e+00,-1.615790e+06,1.173680e+00,1.773300e+01,4.257200e-01
1325,101.325,1.880260e+01,5.082860e+00,-1.489790e+06,1.174490e+00,1.729350e+01,4.308750e-01
1350,101.325,1.868730e+01,5.177850e+00,-1.361550e+06,1.175720e+00,1.686920e+01,4.359840e-01
1375,101.325,1.857000e+01,5.279360e+00,-1.230850e+06,1.177240e+00,1.645860e+01,4.410520e-01
1400,101.325,1.845060e+01,5.384660e+00,-1.097550e+06,1.178970e+00,1.606070e+01,4.460830e-01
1425,101.325,1.832890e+01,5.492550e+00,-9.615910e+05,1.180850e+00,1.567480e+01,4.510790e-01
1450,101.325,1.820480e+01,5.602880e+00,-8.229040e+05,1.182810e+00,1.530030e+01,4.560460e-01
1475,101.325,1.807860e+01,5.716290e+00,-6.814210e+05,1.184800e+00,1.493670e+01,4.609850e-01
1500,101.325,1.795020e+01,5.834090e+00,-5.370530e+05,1.186780e+00,1.458340e+01,4.659000e-01
1525,101.325,1.781980e+01,5.958190e+00,-3.896650e+05,1.188700e+00,1.424020e+01,4.707940e-01
1550,101.325,1.768740e+01,6.091040e+00,-2.390700e+05,1.190540e+00,1.390640e+01,4.756700e-01
1575,101.325,1.755290e+01,6.235550e+00,-8.501560e+04,1.192270e+00,1.358160e+01,4.805310e-01
1600,101.325,1.741640e+01,6.395150e+00,7.283300e+04,1.193880e+00,1.326540e+01,4.853800e-01
1625,101.325,1.727760e+01,6.573630e+00,2.348990e+05,1.195360e+00,1.295720e+01,4.902210e-01
1650,101.325,1.713630e+01,6.775100e+00,4.017060e+05,1.196740e+00,1.265650e+01,4.950570e-01
1675,101.325,1.699210e+01,7.003860e+00,5.738810e+05,1.198040e+00,1.236270e+01,4.998910e-01
1700,101.325,1.684460e+01,7.264180e+00,7.521620e+05,1.199300e+00,1.207520e+01,5.047270e-01
1725,101.325,1.669330e+01,7.559980e+00,9.373860e+05,1.200580e+00,1.179330e+01,5.095670e-01
1750,101.325,1.653780e+01,7.894380e+00,1.130480e+06,1.201960e+00,1.151650e+01,5.144170e-01
1775,101.325,1.637740e+01,8.269020e+00,1.332440e+06,1.203510e+00,1.124420e+01,5.192780e-01
1800,101.325,1.621170e+01,8.683150e+00,1.544260e+06,1.205330e+00,1.097580e+01,5.241530e-01
1825,101.325,1.604020e+01,9.132370e+00,1.766890e+06,1.207490e+00,1.071100e+01,5.290450e-01
1850,101.325,1.586270e+01,9.607150e+00,2.001100e+06,1.210050e+00,1.044930e+01,5.339550e-01
1875,101.325,1.567930e+01,1.009120e+01,2.247330e+06,1.213020e+00,1.019080e+01,5.388840e-01
1900,101.325,1.549060e+01,1.056000e+01,2.505530e+06,1.216370e+00,9.935670e+00,5.438290e-01
1925,101.325,1.529770e+01,1.098090e+01,2.774930e+06,1.220010e+00,9.684470e+00,5.487890e-01
1950,101.325,1.510210e+01,1.131420e+01,3.053850e+06,1.223770e+00,9.438120e+00,5.537580e-01
1975,101.325,1.490640e+01,1.151930e+01,3.339570e+06,1.227450e+00,9.197910e+00,5.587280e-01
2000,101.325,1.471350e+01,1.156220e+01,3.628460e+06,1.230820e+00,8.965360e+00,5.636930e-01
2025,101.325,1.452640e+01,1.142620e+01,3.916190e+06,1.233720e+00,8.742090e+00,5.684880e-01
2050,101.325,1.434820e+01,1.111860e+01,4.198330e+06,1.236040e+00,8.529560e+00,5.732610e-01
2075,101.325,1.418140e+01,1.067100e+01,4.470940e+06,1.237770e+00,8.328820e+00,5.780090e-01
2100,101.325,1.402760e+01,1.013100e+01,4.731110e+06,1.239000e+00,8.140390e+00,5.827260e-01
2125,101.325,1.388740e+01,9.548780e+00,4.977140e+06,1.239820e+00,7.964260e+00,5.874140e-01
2150,101.325,1.376090e+01,8.966860e+00,5.208550e+06,1.240310e+00,7.799930e+00,5.920730e-01
2175,101.325,1.364730e+01,8.414170e+00,5.425730e+06,1.240550e+00,7.646640e+00,5.967060e-01
2200,101.325,1.354570e+01,7.906610e+00,5.629640e+06,1.240580e+00,7.503440e+00,6.013150e-01
2225,101.325,1.345480e+01,7.450100e+00,5.821490e+06,1.240440e+00,7.369370e+00,6.059030e-01
2250,101.325,1.337370e+01,7.044420e+00,6.002570e+06,1.240140e+00,7.243520e+00,6.104720e-01
2275,101.325,1.330110e+01,6.686150e+00,6.174110e+06,1.239730e+00,7.125030e+00,6.150230e-01
2300,101.325,1.323600e+01,6.370630e+00,6.337230e+06,1.239210e+00,7.013140e+00,6.195590e-01
2325,101.325,1.317780e+01,6.093050e+00,6.492950e+06,1.238610e+00,6.907180e+00,6.240800e-01
2350,101.325,1.312540e+01,5.848890e+00,6.642160e+06,1.237940e+00,6.806550e+00,6.285860e-01
2375,101.325,1.307830e+01,5.634170e+00,6.785640e+06,1.237220e+00,6.710740e+00,6.330800e-01
2400,101.325,1.303590e+01,5.445420e+00,6.924090e+06,1.236450e+00,6.619290e+00,6.375600e-01
2425,101.325,1.299760e+01,5.279660e+00,7.058100e+06,1.235640e+00,6.531790e+00,6.420290e-01
2450,101.325,1.296290e+01,5.134350e+00,7.188240e+06,1.234800e+00,6.447890e+00,6.464850e-01
2475,101.325,1.293140e+01,5.007260e+00,7.314970e+06,1.233910e+00,6.367280e+00,6.509300e-01
2500,101.325,1.290280e+01,4.896480e+00,7.438740e+06,1.232990e+00,6.289660e+00,6.553630e-01
2525,101.325,1.287680e+01,4.800360e+00,7.559920e+06,1.232030e+00,6.214810e+00,6.597850e-01
2550,101.325,1.285290e+01,4.717430e+00,7.678870e+06,1.231040e+00,6.142480e+00,6.641960e-01
2575,101.325,1.283110e+01,4.646410e+00,7.795890e+06,1.230020e+00,6.072500e+00,6.685970e-01
2600,101.325,1.281090e+01,4.586180e+00,7.911280e+06,1.228970e+00,6.004680e+00,6.729880e-01
2625,101.325,1.279230e+01,4.535770e+00,8.025280e+06,1.227880e+00,5.938850e+00,6.773690e-01
2650,101.325,1.277510e+01,4.494290e+00,8.138140e+06,1.226780e+00,5.874890e+00,6.817390e-01
2675,101.325,1.275900e+01,4.460990e+00,8.250060e+06,1.225640e+00,5.812660e+00,6.861000e-01
2700,101.325,1.274400e+01,4.435190e+00,8.361250e+06,1.224490e+00,5.752050e+00,6.904520e-01
2725,101.325,1.272980e+01,4.416300e+00,8.471880e+06,1.223320e+00,5.692940e+00,6.947950e-01
2750,101.325,1.271640e+01,4.403800e+00,8.582120e+06,1.222140e+00,5.635250e+00,6.991280e-01
2775,101.325,1.270370e+01,4.397250e+00,8.692120e+06,1.220950e+00,5.578890e+00,7.034530e-01
2800,101.325,1.269150e+01,4.396250e+00,8.802030e+06,1.219740e+00,5.523770e+00,7.077690e-01
2825,101.325,1.267970e+01,4.400450e+00,8.911980e+06,1.218540e+00,5.469830e+00,7.120760e-01
2850,101.325,1.266840e+01,4.409560e+00,9.022090e+06,1.217330e+00,5.417000e+00,7.163760e-01
2875,101.325,1.265740e+01,4.423310e+00,9.132490e+06,1.216130e+00,5.365220e+00,7.206660e-01
2900,101.325,1.264660e+01,4.441490e+00,9.243290e+06,1.214930e+00,5.314430e+00,7.249490e-01
2925,101.325,1.263590e+01,4.463900e+00,9.354600e+06,1.213740e+00,5.264570e+00,7.292240e-01
2950,101.325,1.262540e+01,4.490390e+00,9.466520e+06,1.212570e+00,5.215600e+00,7.334910e-01
2975,101.325,1.261490e+01,4.520820e+00,9.579160e+06,1.211410e+00,5.167480e+00,7.377490e-01
3000,101.325,1.260440e+01,4.555070e+00,9.692600e+06,1.210260e+00,5.120160e+00,7.420000e-01
3025,101.325,1.259390e+01,4.593050e+00,9.806940e+06,1.209140e+00,5.073600e+00,7.462440e-01
3050,101.325,1.258320e+01,4.634690e+00,9.922280e+06,1.208040e+00,5.027760e+00,7.504790e-01
3075,101.325,1.257250e+01,4.679930e+00,1.003870e+07,1.206970e+00,4.982610e+00,7.547070e-01
3100,101.325,1.256150e+01,4.728720e+00,1.015630e+07,1.205930e+00,4.938120e+00,7.589270e-01
3125,101.325,1.255030e+01,4.781030e+00,1.027520e+07,1.204920e+00,4.894250e+00,7.631390e-01
3150,101.325,1.253890e+01,4.836850e+00,1.039540e+07,1.203940e+00,4.850980e+00,7.673430e-01
3175,101.325,1.252710e+01,4.896160e+00,1.051700e+07,1.203010e+00,4.808270e+00,7.715390e-01
3200,101.325,1.251500e+01,4.958960e+00,1.064020e+07,1.202110e+00,4.766110e+00,7.757270e-01
3225,101.325,1.250260e+01,5.025270e+00,1.076500e+07,1.201250e+00,4.724460e+00,7.799070e-01
3250,101.325,1.248970e+01,5.095090e+00,1.089150e+07,1.200440e+00,4.683300e+00,7.840790e-01
3275,101.325,1.247650e+01,5.168450e+00,1.101980e+07,1.199680e+00,4.642600e+00,7.882420e-01
3300,101.325,1.246270e+01,5.245390e+00,1.115000e+07,1.198970e+00,4.602360e+00,7.923960e-01
3325,101.325,1.244850e+01,5.325930e+00,1.128210e+07,1.198310e+00,4.562530e+00,7.965410e-01
3350,101.325,1.243370e+01,5.410120e+00,1.141630e+07,1.197700e+00,4.523120e+00,8.006770e-01
3375,101.325,1.241840e+01,5.497990e+00,1.155260e+07,1.197150e+00,4.484080e+00,8.048030e-01
3400,101.325,1.240250e+01,5.589600e+00,1.169120e+07,1.196660e+00,4.445410e+00,8.089200e-01
3425,101.325,1.238600e+01,5.685010e+00,1.183220e+07,1.196230e+00,4.407090e+00,8.130260e-01
3450,101.325,1.236880e+01,5.784250e+00,1.197550e+07,1.195870e+00,4.369100e+00,8.171220e-01
3475,101.325,1.235100e+01,5.887400e+00,1.212140e+07,1.195570e+00,4.331430e+00,8.212060e-01
3500,101.325,1.233260e+01,5.994510e+00,1.226990e+07,1.195330e+00,4.294050e+00,8.252790e-01
3525,101.325,1.231330e+01,6.105640e+00,1.242120e+07,1.195170e+00,4.256950e+00,8.293410e-01
3550,101.325,1.229340e+01,6.220850e+00,1.257520e+07,1.195080e+00,4.220120e+00,8.333890e-01
3575,101.325,1.227270e+01,6.340210e+00,1.273220e+07,1.195060e+00,4.183550e+00,8.374250e-01
3600,101.325,1.225120e+01,6.463770e+00,1.289230e+07,1.195120e+00,4.147210e+00,8.414470e-01
3625,101.325,1.222880e+01,6.591600e+00,1.305550e+07,1.195250e+00,4.111110e+00,8.454560e-01
3650,101.325,1.220570e+01,6.723750e+00,1.322190e+07,1.195460e+00,4.075210e+00,8.494490e-01
3675,101.325,1.218160e+01,6.860280e+00,1.339170e+07,1.195760e+00,4.039520e+00,8.534270e-01
3700,101.325,1.215670e+01,7.001250e+00,1.356490e+07,1.196130e+00,4.004020e+00,8.573900e-01
3725,101.325,1.213090e+01,7.146700e+00,1.374180e+07,1.196590e+00,3.968690e+00,8.613360e-01
3750,101.325,1.210410e+01,7.296670e+00,1.392230e+07,1.197140e+00,3.933540e+00,8.652640e-01
3775,101.325,1.207640e+01,7.451210e+00,1.410670e+07,1.197770e+00,3.898540e+00,8.691750e-01
3800,101.325,1.204770e+01,7.610330e+00,1.429490e+07,1.198490e+00,3.863690e+00,8.730670e-01
3825,101.325,1.201800e+01,7.774060e+00,1.448720e+07,1.199300e+00,3.828990e+00,8.769400e-01
3850,101.325,1.198730e+01,7.942410e+00,1.468370e+07,1.200200e+00,3.794410e+00,8.807920e-01
3875,101.325,1.195560e+01,8.115370e+00,1.488440e+07,1.201190e+00,3.759960e+00,8.846250e-01
3900,101.325,1.192290e+01,8.292920e+00,1.508950e+07,1.202270e+00,3.725620e+00,8.884360e-01
3925,101.325,1.188910e+01,8.475040e+00,1.529900e+07,1.203450e+00,3.691390e+00,8.922250e-01
3950,101.325,1.185420e+01,8.661670e+00,1.551320e+07,1.204730e+00,3.657270e+00,8.959920e-01
3975,101.325,1.181820e+01,8.852760e+00,1.573220e+07,1.206090e+00,3.623240e+00,8.997360e-01
4000,101.325,1.178120e+01,9.048210e+00,1.595590e+07,1.207550e+00,3.589310e+00,9.034560e-01
200,180.184,2.575290e+01,1.321060e+00,-5.940200e+06,1.323440e+00,2.790470e+02,8.941740e-02
225,180.184,2.575290e+01,1.352440e+00,-5.906790e+06,1.313580e+00,2.480420e+02,9.938210e-02
250,180.184,2.575290e+01,1.388770e+00,-5.872540e+06,1.302890e+00,2.232380e+02,1.092570e-01
275,180.184,2.575290e+01,1.430920e+00,-5.837300e+06,1.291370e+00,2.029440e+02,1.190290e-01
300,180.184,2.575290e+01,1.478320e+00,-5.800950e+06,1.279420e+00,1.860320e+02,1.286830e-01
325,180.184,2.575290e+01,1.529990e+00,-5.763350e+06,1.267460e+00,1.717210e+02,1.385830e-01
350,180.184,2.575290e+01,1.584900e+00,-5.724420e+06,1.255820e+00,1.594560e+02,1.484110e-01
375,180.184,2.575290e+01,1.642190e+00,-5.684090e+06,1.244720e+00,1.488250e+02,1.581570e-01
400,180.184,2.575280e+01,1.701250e+00,-5.642300e+06,1.234250e+00,1.395230e+02,1.678170e-01
425,180.184,2.575270e+01,1.761880e+00,-5.599010e+06,1.224440e+00,1.313150e+02,1.773840e-01
450,180.184,2.575230e+01,1.824360e+00,-5.554190e+06,1.215240e+00,1.240180e+02,1.868580e-01
475,180.184,2.575130e+01,1.889690e+00,-5.507770e+06,1.206570e+00,1.174870e+02,1.962380e-01
500,180.184,2.574930e+01,1.959760e+00,-5.459670e+06,1.198300e+00,1.116030e+02,2.055260e-01
525,180.184,2.574520e+01,2.037500e+00,-5.409720e+06,1.190340e+00,1.062720e+02,2.143570e-01
550,180.184,2.573770e+01,2.127050e+00,-5.357690e+06,1.182610e+00,1.014120e+02,2.230610e-01
575,180.184,2.572450e+01,2.233720e+00,-5.303220e+06,1.175090e+00,9.695310e+01,2.316450e-01
600,180.184,2.570280e+01,2.363910e+00,-5.245810e+06,1.167850e+00,9.283500e+01,2.401190e-01
625,180.184,2.566870e+01,2.524770e+00,-5.184770e+06,1.161090e+00,8.900310e+01,2.482820e-01
650,180.184,2.561710e+01,2.723710e+00,-5.119250e+06,1.155080e+00,8.540810e+01,2.563410e-01
675,180.184,2.554240e+01,2.967540e+00,-5.048210e+06,1.150150e+00,8.200510e+01,2.643080e-01
700,180.184,2.543820e+01,3.261410e+00,-4.970460e+06,1.146640e+00,7.875370e+01,2.721960e-01
725,180.184,2.529790e+01,3.607320e+00,-4.884710e+06,1.144830e+00,7.561860e+01,2.800150e-01
750,180.184,2.511550e+01,4.002480e+00,-4.789680e+06,1.144880e+00,7.257090e+01,2.877720e-01
775,180.184,2.488660e+01,4.437500e+00,-4.684250e+06,1.146810e+00,6.958970e+01,2.954670e-01
800,180.184,2.460920e+01,4.894960e+00,-4.567620e+06,1.150450e+00,6.666370e+01,3.030910e-01
825,180.184,2.428520e+01,5.348820e+00,-4.439530e+06,1.155440e+00,6.379260e+01,3.106290e-01
850,180.184,2.392060e+01,5.765850e+00,-4.300480e+06,1.161260e+00,6.098680e+01,3.180590e-01
875,180.184,2.352580e+01,6.109770e+00,-4.151850e+06,1.167240e+00,5.826650e+01,3.253540e-01
900,180.184,2.311460e+01,6.348350e+00,-3.995870e+06,1.172700e+00,5.565770e+01,3.324880e-01
925,180.184,2.270220e+01,6.462170e+00,-3.835480e+06,1.177050e+00,5.318740e+01,3.394440e-01
950,180.184,2.230350e+01,6.451860e+00,-3.673810e+06,1.179920e+00,5.087820e+01,3.462100e-01
975,180.184,2.193010e+01,6.340270e+00,-3.513730e+06,1.181250e+00,4.874350e+01,3.527890e-01
1000,180.184,2.158880e+01,6.167810e+00,-3.357300e+06,1.181300e+00,4.678530e+01,3.591920e-01
1025,180.184,2.128140e+01,5.982280e+00,-3.205450e+06,1.180550e+00,4.499440e+01,3.652250e-01
1050,180.184,2.100500e+01,5.825740e+00,-3.057940e+06,1.179610e+00,4.335270e+01,3.711160e-01
1075,180.184,2.075380e+01,5.720210e+00,-2.913730e+06,1.179070e+00,4.183800e+01,3.768870e-01
1100,180.184,2.052110e+01,5.658410e+00,-2.771560e+06,1.179230e+00,4.042880e+01,3.825620e-01
1125,180.184,2.030260e+01,5.609210e+00,-2.630700e+06,1.179940e+00,3.910930e+01,3.881620e-01
1150,180.184,2.009670e+01,5.538080e+00,-2.491290e+06,1.180690e+00,3.787120e+01,3.937050e-01
1175,180.184,1.990490e+01,5.427160e+00,-2.354140e+06,1.180950e+00,3.671170e+01,3.992000e-01
1200,180.184,1.972930e+01,5.283100e+00,-2.220210e+06,1.180420e+00,3.562980e+01,4.046510e-01
1225,180.184,1.957110e+01,5.132130e+00,-2.090040e+06,1.179170e+00,3.462270e+01,4.100550e-01
1250,180.184,1.942910e+01,5.005640e+00,-1.963400e+06,1.177560e+00,3.368410e+01,4.154080e-01
1275,180.184,1.930060e+01,4.924300e+00,-1.839380e+06,1.176050e+00,3.280520e+01,4.207090e-01
1300,180.184,1.918180e+01,4.891900e+00,-1.716770e+06,1.174950e+00,3.197620e+01,4.259580e-01
1325,180.184,1.906900e+01,4.900690e+00,-1.594440e+06,1.174430e+00,3.118840e+01,4.311560e-01
1350,180.184,1.895940e+01,4.939550e+00,-1.471490e+06,1.174460e+00,3.043500e+01,4.363060e-01
1375,180.184,1.885110e+01,4.998750e+00,-1.347290e+06,1.174980e+00,2.971090e+01,4.414130e-01
1400,180.184,1.874280e+01,5.071300e+00,-1.221440e+06,1.175880e+00,2.901270e+01,4.464800e-01
1425,180.184,1.863360e+01,5.152680e+00,-1.093650e+06,1.177080e+00,2.833760e+01,4.515090e-01
1450,180.184,1.852300e+01,5.240220e+00,-9.637530e+05,1.178510e+00,2.768380e+01,4.565060e-01
1475,180.184,1.841090e+01,5.332600e+00,-8.316030e+05,1.180080e+00,2.704980e+01,4.614720e-01
1500,180.184,1.829690e+01,5.429470e+00,-6.970860e+05,1.181760e+00,2.643430e+01,4.664100e-01
1525,180.184,1.818110e+01,5.531200e+00,-5.600890e+05,1.183500e+00,2.583640e+01,4.713240e-01
1550,180.184,1.806340e+01,5.638770e+00,-4.204780e+05,1.185260e+00,2.525510e+01,4.762150e-01
1575,180.184,1.794370e+01,5.753650e+00,-2.780890e+05,1.187000e+00,2.468960e+01,4.810860e-01
1600,180.184,1.782200e+01,5.877720e+00,-1.327190e+05,1.188710e+00,2.413900e+01,4.859410e-01
1625,180.184,1.769830e+01,6.013270e+00,1.589230e+04,1.190380e+00,2.360260e+01,4.907810e-01
1650,180.184,1.757220e+01,6.162900e+00,1.680620e+05,1.191980e+00,2.307940e+01,4.956090e-01
1675,180.184,1.744370e+01,6.329490e+00,3.241790e+05,1.193530e+00,2.256860e+01,5.004280e-01
1700,180.184,1.731240e+01,6.516100e+00,4.847040e+05,1.195040e+00,2.206940e+01,5.052410e-01
1725,180.184,1.717820e+01,6.725880e+00,6.501770e+05,1.196540e+00,2.158090e+01,5.100500e-01
1750,180.184,1.704050e+01,6.961870e+00,8.212160e+05,1.198050e+00,2.110210e+01,5.148590e-01
1775,180.184,1.689900e+01,7.226790e+00,9.985110e+05,1.199630e+00,2.063210e+01,5.196690e-01
1800,180.184,1.675320e+01,7.522690e+00,1.182810e+06,1.201340e+00,2.017010e+01,5.244830e-01
1825,180.184,1.660270e+01,7.850480e+00,1.374910e+06,1.203240e+00,1.971510e+01,5.293050e-01
1850,180.184,1.644710e+01,8.209280e+00,1.575600e+06,1.205390e+00,1.926640e+01,5.341360e-01
1875,180.184,1.628610e+01,8.595680e+00,1.785610e+06,1.207850e+00,1.882340e+01,5.389790e-01
1900,180.184,1.611950e+01,9.002720e+00,2.005550e+06,1.210660e+00,1.838570e+01,5.438340e-01
1925,180.184,1.594730e+01,9.418950e+00,2.235820e+06,1.213850e+00,1.795310e+01,5.487020e-01
1950,180.184,1.577000e+01,9.827590e+00,2.476440e+06,1.217390e+00,1.752580e+01,5.535820e-01
1975,180.184,1.558820e+01,1.020630e+01,2.726950e+06,1.221220e+00,1.710450e+01,5.584740e-01
2000,180.184,1.540330e+01,1.052830e+01,2.986280e+06,1.225220e+00,1.669040e+01,5.633730e-01
2025,180.184,1.521700e+01,1.076470e+01,3.252650e+06,1.229240e+00,1.628500e+01,5.681160e-01
2050,180.184,1.503140e+01,1.088920e+01,3.523580e+06,1.233110e+00,1.589020e+01,5.728560e-01
2075,180.184,1.484900e+01,1.088430e+01,3.796030e+06,1.236650e+00,1.550820e+01,5.775880e-01
2100,180.184,1.467220e+01,1.074580e+01,4.066680e+06,1.239730e+00,1.514110e+01,5.823060e-01
2125,180.184,1.450320e+01,1.048550e+01,4.332300e+06,1.242280e+00,1.479070e+01,5.870060e-01
2150,180.184,1.434390e+01,1.012860e+01,4.590150e+06,1.244270e+00,1.445810e+01,5.916840e-01
2175,180.184,1.419540e+01,9.707670e+00,4.838200e+06,1.245740e+00,1.414400e+01,5.963390e-01
2200,180.184,1.405830e+01,9.255290e+00,5.075270e+06,1.246750e+00,1.384820e+01,6.009700e-01
2225,180.184,1.393250e+01,8.798550e+00,5.300930e+06,1.247350e+00,1.357000e+01,6.055780e-01
2250,180.184,1.381760e+01,8.356640e+00,5.515320e+06,1.247610e+00,1.330860e+01,6.101650e-01
2275,180.184,1.371310e+01,7.941070e+00,5.718980e+06,1.247590e+00,1.306280e+01,6.147320e-01
2300,180.184,1.361810e+01,7.557360e+00,5.912640e+06,1.247310e+00,1.283130e+01,6.192810e-01
2325,180.184,1.353180e+01,7.207060e+00,6.097130e+06,1.246850e+00,1.261290e+01,6.238140e-01
2350,180.184,1.345340e+01,6.889380e+00,6.273270e+06,1.246220e+00,1.240640e+01,6.283310e-01
2375,180.184,1.338230e+01,6.602370e+00,6.441850e+06,1.245460e+00,1.221090e+01,6.328340e-01
2400,180.184,1.331760e+01,6.343650e+00,6.603620e+06,1.244610e+00,1.202530e+01,6.373240e-01
2425,180.184,1.325870e+01,6.110760e+00,6.759250e+06,1.243690e+00,1.184870e+01,6.418010e-01
2450,180.184,1.320510e+01,5.901380e+00,6.909360e+06,1.242710e+00,1.168040e+01,6.462650e-01
2475,180.184,1.315630e+01,5.713380e+00,7.054500e+06,1.241690e+00,1.151970e+01,6.507180e-01
2500,180.184,1.311180e+01,5.544830e+00,7.195190e+06,1.240630e+00,1.136590e+01,6.551580e-01
2525,180.184,1.307110e+01,5.394020e+00,7.331890e+06,1.239560e+00,1.121840e+01,6.595880e-01
2550,180.184,1.303390e+01,5.259390e+00,7.465020e+06,1.238460e+00,1.107680e+01,6.640070e-01
2575,180.184,1.299970e+01,5.139570e+00,7.594980e+06,1.237340e+00,1.094060e+01,6.684150e-01
2600,180.184,1.296840e+01,5.033300e+00,7.722110e+06,1.236210e+00,1.080920e+01,6.728120e-01
2625,180.184,1.293960e+01,4.939440e+00,7.846750e+06,1.235060e+00,1.068250e+01,6.771990e-01
2650,180.184,1.291300e+01,4.856970e+00,7.969180e+06,1.233900e+00,1.056000e+01,6.815760e-01
2675,180.184,1.288840e+01,4.784980e+00,8.089680e+06,1.232720e+00,1.044140e+01,6.859430e-01
2700,180.184,1.286570e+01,4.722610e+00,8.208510e+06,1.231540e+00,1.032640e+01,6.903010e-01
2725,180.184,1.284450e+01,4.669110e+00,8.325890e+06,1.230340e+00,1.021490e+01,6.946490e-01
2750,180.184,1.282480e+01,4.623790e+00,8.442030e+06,1.229140e+00,1.010650e+01,6.989880e-01
2775,180.184,1.280630e+01,4.586040e+00,8.557140e+06,1.227930e+00,1.000100e+01,7.033170e-01
2800,180.184,1.278900e+01,4.555300e+00,8.671390e+06,1.226720e+00,9.898270e+00,7.076380e-01
2825,180.184,1.277260e+01,4.531070e+00,8.784960e+06,1.225510e+00,9.798140e+00,7.119500e-01
2850,180.184,1.275720e+01,4.512900e+00,8.898000e+06,1.224290e+00,9.700430e+00,7.162540e-01
2875,180.184,1.274250e+01,4.500390e+00,9.010650e+06,1.223080e+00,9.605000e+00,7.205490e-01
2900,180.184,1.272840e+01,4.493180e+00,9.123060e+06,1.221870e+00,9.511710e+00,7.248350e-01
2925,180.184,1.271500e+01,4.490960e+00,9.235350e+06,1.220670e+00,9.420440e+00,7.291140e-01
2950,180.184,1.270200e+01,4.493440e+00,9.347650e+06,1.219480e+00,9.331070e+00,7.333850e-01
2975,180.184,1.268940e+01,4.500370e+00,9.460060e+06,1.218300e+00,9.243510e+00,7.376470e-01
3000,180.184,1.267720e+01,4.511530e+00,9.572700e+06,1.217130e+00,9.157650e+00,7.419020e-01
3025,180.184,1.266530e+01,4.526720e+00,9.685670e+06,1.215980e+00,9.073420e+00,7.461500e-01
3050,180.184,1.265350e+01,4.545790e+00,9.799070e+06,1.214840e+00,8.990710e+00,7.503890e-01
3075,180.184,1.264200e+01,4.568570e+00,9.912990e+06,1.213730e+00,8.909460e+00,7.546210e-01
3100,180.184,1.263050e+01,4.594940e+00,1.002750e+07,1.212640e+00,8.829590e+00,7.588460e-01
3125,180.184,1.261910e+01,4.624790e+00,1.014280e+07,1.211570e+00,8.751030e+00,7.630620e-01
3150,180.184,1.260770e+01,4.658020e+00,1.025880e+07,1.210530e+00,8.673730e+00,7.672720e-01
3175,180.184,1.259620e+01,4.694560e+00,1.037570e+07,1.209520e+00,8.597620e+00,7.714740e-01
3200,180.184,1.258470e+01,4.734330e+00,1.049360e+07,1.208540e+00,8.522650e+00,7.756680e-01
3225,180.184,1.257310e+01,4.777290e+00,1.061240e+07,1.207590e+00,8.448760e+00,7.798550e-01
3250,180.184,1.256130e+01,4.823390e+00,1.073240e+07,1.206680e+00,8.375900e+00,7.840340e-01
3275,180.184,1.254930e+01,4.872590e+00,1.085360e+07,1.205800e+00,8.304030e+00,7.882050e-01
3300,180.184,1.253710e+01,4.924860e+00,1.097610e+07,1.204960e+00,8.233110e+00,7.923690e-01
3325,180.184,1.252460e+01,4.980200e+00,1.109990e+07,1.204170e+00,8.163080e+00,7.965250e-01
3350,180.184,1.251180e+01,5.038580e+00,1.122510e+07,1.203410e+00,8.093910e+00,8.006720e-01
3375,180.184,1.249880e+01,5.100000e+00,1.135190e+07,1.202700e+00,8.025560e+00,8.048120e-01
3400,180.184,1.248530e+01,5.164470e+00,1.148020e+07,1.202030e+00,7.957990e+00,8.089430e-01
3425,180.184,1.247150e+01,5.231980e+00,1.161010e+07,1.201410e+00,7.891180e+00,8.130650e-01
3450,180.184,1.245740e+01,5.302560e+00,1.174180e+07,1.200840e+00,7.825080e+00,8.171790e-01
3475,180.184,1.244270e+01,5.376210e+00,1.187530e+07,1.200320e+00,7.759660e+00,8.212830e-01
3500,180.184,1.242760e+01,5.452950e+00,1.201060e+07,1.199860e+00,7.694900e+00,8.253780e-01
3525,180.184,1.241210e+01,5.532810e+00,1.214790e+07,1.199440e+00,7.630760e+00,8.294640e-01
3550,180.184,1.239600e+01,5.615800e+00,1.228730e+07,1.199090e+00,7.567210e+00,8.335400e-01
3575,180.184,1.237940e+01,5.701960e+00,1.242880e+07,1.198790e+00,7.504240e+00,8.376050e-01
3600,180.184,1.236230e+01,5.791310e+00,1.257240e+07,1.198540e+00,7.441800e+00,8.416600e-01
3625,180.184,1.234460e+01,5.883880e+00,1.271830e+07,1.198360e+00,7.379890e+00,8.457040e-01
3650,180.184,1.232630e+01,5.979700e+00,1.286660e+07,1.198250e+00,7.318470e+00,8.497360e-01
3675,180.184,1.230730e+01,6.078810e+00,1.301740e+07,1.198190e+00,7.257520e+00,8.537570e-01
3700,180.184,1.228780e+01,6.181230e+00,1.317060e+07,1.198200e+00,7.197020e+00,8.577660e-01
3725,180.184,1.226750e+01,6.287000e+00,1.332640e+07,1.198280e+00,7.136950e+00,8.617610e-01
3750,180.184,1.224660e+01,6.396140e+00,1.348500e+07,1.198420e+00,7.077290e+00,8.657440e-01
3775,180.184,1.222500e+01,6.508680e+00,1.364630e+07,1.198630e+00,7.018020e+00,8.697130e-01
3800,180.184,1.220270e+01,6.624650e+00,1.381040e+07,1.198910e+00,6.959110e+00,8.736670e-01
3825,180.184,1.217960e+01,6.744080e+00,1.397750e+07,1.199270e+00,6.900560e+00,8.776080e-01
3850,180.184,1.215580e+01,6.866980e+00,1.414770e+07,1.199690e+00,6.842350e+00,8.815330e-01
3875,180.184,1.213120e+01,6.993360e+00,1.432090e+07,1.200190e+00,6.784450e+00,8.854420e-01
3900,180.184,1.210580e+01,7.123250e+00,1.449740e+07,1.200760e+00,6.726860e+00,8.893350e-01
3925,180.184,1.207970e+01,7.256640e+00,1.467710e+07,1.201420e+00,6.669550e+00,8.932110e-01
3950,180.184,1.205260e+01,7.393550e+00,1.486020e+07,1.202140e+00,6.612520e+00,8.970700e-01
3975,180.184,1.202480e+01,7.533950e+00,1.504680e+07,1.202950e+00,6.555760e+00,9.009110e-01
4000,180.184,1.199610e+01,7.677830e+00,1.523700e+07,1.203830e+00,6.499240e+00,9.047340e-01
200,320.418,2.575290e+01,1.321060e+00,-5.940200e+06,1.323440e+00,4.962240e+02,8.941740e-02
225,320.418,2.575290e+01,1.352440e+00,-5.906790e+06,1.313580e+00,4.410880e+02,9.938210e-02
250,320.418,2.575290e+01,1.388770e+00,-5.872540e+06,1.302890e+00,3.969790e+02,1.092570e-01
275,320.418,2.575290e+01,1.430920e+00,-5.837300e+06,1.291370e+00,3.608900e+02,1.190290e-01
300,320.418,2.575290e+01,1.478320e+00,-5.800950e+06,1.279420e+00,3.308160e+02,1.286830e-01
325,320.418,2.575290e+01,1.529990e+00,-5.763350e+06,1.267460e+00,3.053690e+02,1.385830e-01
350,320.418,2.575290e+01,1.584890e+00,-5.724420e+06,1.255820e+00,2.835570e+02,1.484110e-01
375,320.418,2.575290e+01,1.642140e+00,-5.684090e+06,1.244730e+00,2.646530e+02,1.581570e-01
400,320.418,2.575290e+01,1.701090e+00,-5.642300e+06,1.234270e+00,2.481120e+02,1.678170e-01
425,320.418,2.575280e+01,1.761410e+00,-5.599020e+06,1.224490e+00,2.335160e+02,1.773840e-01
450,320.418,2.575250e+01,1.823170e+00,-5.554220e+06,1.215350e+00,2.205410e+02,1.868580e-01
475,320.418,2.575180e+01,1.886990e+00,-5.507850e+06,1.206780e+00,2.089280e+02,1.962370e-01
500,320.418,2.575030e+01,1.954170e+00,-5.459840e+06,1.198680e+00,1.984700e+02,2.055240e-01
525,320.418,2.574740e+01,2.026770e+00,-5.410090e+06,1.190970e+00,1.889970e+02,2.143520e-01
550,320.418,2.574190e+01,2.107780e+00,-5.358430e+06,1.183550e+00,1.803690e+02,2.230510e-01
575,320.418,2.573240e+01,2.201050e+00,-5.304600e+06,1.176410e+00,1.724630e+02,2.316270e-01
600,320.418,2.571670e+01,2.311270e+00,-5.248240e+06,1.169560e+00,1.651750e+02,2.400880e-01
625,320.418,2.569180e+01,2.443790e+00,-5.188850e+06,1.163110e+00,1.584150e+02,2.482310e-01
650,320.418,2.565420e+01,2.604280e+00,-5.125820e+06,1.157240e+00,1.520990e+02,2.562600e-01
675,320.418,2.559940e+01,2.798230e+00,-5.058360e+06,1.152170e+00,1.461530e+02,2.641870e-01
700,320.418,2.552260e+01,3.030350e+00,-4.985590e+06,1.148180e+00,1.405100e+02,2.720230e-01
725,320.418,2.541830e+01,3.303690e+00,-4.906500e+06,1.145510e+00,1.351110e+02,2.797780e-01
750,320.418,2.528130e+01,3.618670e+00,-4.820050e+06,1.144360e+00,1.299030e+02,2.874600e-01
775,320.418,2.510690e+01,3.971940e+00,-4.725250e+06,1.144820e+00,1.248460e+02,2.950730e-01
800,320.418,2.489180e+01,4.355350e+00,-4.621200e+06,1.146900e+00,1.199080e+02,3.026160e-01
825,320.418,2.463470e+01,4.755140e+00,-4.507340e+06,1.150430e+00,1.150740e+02,3.100820e-01
850,320.418,2.433720e+01,5.151760e+00,-4.383470e+06,1.155130e+00,1.103400e+02,3.174590e-01
875,320.418,2.400390e+01,5.520930e+00,-4.249980e+06,1.160590e+00,1.057200e+02,3.247300e-01
900,320.418,2.364270e+01,5.836230e+00,-4.107880e+06,1.166280e+00,1.012360e+02,3.318750e-01
925,320.418,2.326420e+01,6.073420e+00,-3.958820e+06,1.171660e+00,9.692330e+01,3.388750e-01
950,320.418,2.288040e+01,6.215800e+00,-3.805000e+06,1.176210e+00,9.281560e+01,3.457160e-01
975,320.418,2.250320e+01,6.259020e+00,-3.648860e+06,1.179590e+00,8.894490e+01,3.523900e-01
1000,320.418,2.214300e+01,6.213460e+00,-3.492790e+06,1.181640e+00,8.533310e+01,3.588980e-01
1025,320.418,2.180700e+01,6.102700e+00,-3.338730e+06,1.182450e+00,8.198880e+01,3.650340e-01
1050,320.418,2.149900e+01,5.958420e+00,-3.187940e+06,1.182300e+00,7.890620e+01,3.710210e-01
1075,320.418,2.121910e+01,5.812610e+00,-3.040820e+06,1.181630e+00,7.606760e+01,3.768740e-01
1100,320.418,2.096440e+01,5.689480e+00,-2.897110e+06,1.180890e+00,7.344650e+01,3.826130e-01
1125,320.418,2.073060e+01,5.598720e+00,-2.756080e+06,1.180490e+00,7.101350e+01,3.882550e-01
1150,320.418,2.051330e+01,5.533440e+00,-2.616960e+06,1.180560e+00,6.874170e+01,3.938170e-01
1175,320.418,2.030960e+01,5.475470e+00,-2.479340e+06,1.180970e+00,6.661080e+01,3.993160e-01
1200,320.418,2.011810e+01,5.406110e+00,-2.343280e+06,1.181390e+00,6.460820e+01,4.047620e-01
1225,320.418,1.993930e+01,5.315600e+00,-2.209220e+06,1.181470e+00,6.272710e+01,4.101630e-01
1250,320.418,1.977400e+01,5.206970e+00,-2.077660e+06,1.181010e+00,6.096300e+01,4.155230e-01
1275,320.418,1.962270e+01,5.093830e+00,-1.948910e+06,1.180000e+00,5.931030e+01,4.208400e-01
1300,320.418,1.948480e+01,4.993730e+00,-1.822860e+06,1.178670e+00,5.776090e+01,4.261150e-01
1325,320.418,1.935850e+01,4.920520e+00,-1.698990e+06,1.177320e+00,5.630380e+01,4.313450e-01
1350,320.418,1.924140e+01,4.880060e+00,-1.576560e+06,1.176210e+00,5.492690e+01,4.365310e-01
1375,320.418,1.913090e+01,4.870880e+00,-1.454730e+06,1.175500e+00,5.361850e+01,4.416740e-01
1400,320.418,1.902470e+01,4.887650e+00,-1.332800e+06,1.175240e+00,5.236880e+01,4.467760e-01
1425,320.418,1.892100e+01,4.924240e+00,-1.210180e+06,1.175410e+00,5.116960e+01,4.518400e-01
1450,320.418,1.881850e+01,4.975410e+00,-1.086460e+06,1.175940e+00,5.001480e+01,4.568670e-01
1475,320.418,1.871610e+01,5.037290e+00,-9.613230e+05,1.176770e+00,4.889970e+01,4.618620e-01
1500,320.418,1.861340e+01,5.107350e+00,-8.345300e+05,1.177840e+00,4.782070e+01,4.668270e-01
1525,320.418,1.850970e+01,5.184110e+00,-7.059000e+05,1.179080e+00,4.677480e+01,4.717640e-01
1550,320.418,1.840490e+01,5.266970e+00,-5.752740e+05,1.180450e+00,4.575970e+01,4.766760e-01
1575,320.418,1.829860e+01,5.355960e+00,-4.425000e+05,1.181920e+00,4.477340e+01,4.815640e-01
1600,320.418,1.819080e+01,5.451660e+00,-3.074200e+05,1.183440e+00,4.381410e+01,4.864330e-01
1625,320.418,1.808120e+01,5.555060e+00,-1.698530e+05,1.184990e+00,4.288020e+01,4.912820e-01
1650,320.418,1.796980e+01,5.667530e+00,-2.959150e+04,1.186550e+00,4.197020e+01,4.961150e-01
1675,320.418,1.785630e+01,5.790720e+00,1.136120e+05,1.188110e+00,4.108270e+01,5.009340e-01
1700,320.418,1.774060e+01,5.926540e+00,2.600500e+05,1.189670e+00,4.021630e+01,5.057410e-01
1725,320.418,1.762250e+01,6.077070e+00,4.100620e+05,1.191240e+00,3.936960e+01,5.105390e-01
1750,320.418,1.750170e+01,6.244520e+00,5.640440e+05,1.192810e+00,3.854100e+01,5.153280e-01
1775,320.418,1.737780e+01,6.431130e+00,7.224480e+05,1.194420e+00,3.772930e+01,5.201130e-01
1800,320.418,1.725070e+01,6.639010e+00,8.857780e+05,1.196090e+00,3.693300e+01,5.248940e-01
1825,320.418,1.711980e+01,6.870020e+00,1.054590e+06,1.197860e+00,3.615080e+01,5.296740e-01
1850,320.418,1.698490e+01,7.125490e+00,1.229480e+06,1.199780e+00,3.538120e+01,5.344560e-01
1875,320.418,1.684560e+01,7.405930e+00,1.411070e+06,1.201880e+00,3.462310e+01,5.392410e-01
1900,320.418,1.670150e+01,7.710610e+00,1.599980e+06,1.204230e+00,3.387530e+01,5.440310e-01
1925,320.418,1.655240e+01,8.037060e+00,1.796790e+06,1.206860e+00,3.313690e+01,5.488270e-01
1950,320.418,1.639810e+01,8.380540e+00,2.001980e+06,1.209810e+00,3.240720e+01,5.536320e-01
1975,320.418,1.623870e+01,8.733390e+00,2.215890e+06,1.213090e+00,3.168590e+01,5.584450e-01
2000,320.418,1.607430e+01,9.084560e+00,2.438630e+06,1.216700e+00,3.097310e+01,5.632670e-01
2025,320.418,1.590560e+01,9.419470e+00,2.669990e+06,1.220600e+00,3.026960e+01,5.679330e-01
2050,320.418,1.573320e+01,9.720390e+00,2.909330e+06,1.224720e+00,2.957640e+01,5.726040e-01
2075,320.418,1.555850e+01,9.967720e+00,3.155560e+06,1.228940e+00,2.889550e+01,5.772780e-01
2100,320.418,1.538280e+01,1.014230e+01,3.407100e+06,1.233140e+00,2.822920e+01,5.819520e-01
2125,320.418,1.520810e+01,1.022860e+01,3.661940e+06,1.237170e+00,2.758020e+01,5.866210e-01
2150,320.418,1.503620e+01,1.021790e+01,3.917720e+06,1.240900e+00,2.695140e+01,5.912820e-01
2175,320.418,1.486900e+01,1.011080e+01,4.172030e+06,1.244210e+00,2.634550e+01,5.959320e-01
2200,320.418,1.470830e+01,9.917000e+00,4.422540e+06,1.247050e+00,2.576450e+01,6.005660e-01
2225,320.418,1.455530e+01,9.653940e+00,4.667300e+06,1.249370e+00,2.520990e+01,6.051820e-01
2250,320.418,1.441090e+01,9.342540e+00,4.904830e+06,1.251180e+00,2.468260e+01,6.097800e-01
2275,320.418,1.427570e+01,9.003570e+00,5.134200e+06,1.252520e+00,2.418230e+01,6.143600e-01
2300,320.418,1.414980e+01,8.654670e+00,5.354930e+06,1.253410e+00,2.370850e+01,6.189210e-01
2325,320.418,1.403300e+01,8.309090e+00,5.566960e+06,1.253910e+00,2.326010e+01,6.234650e-01
2350,320.418,1.392510e+01,7.975640e+00,5.770490e+06,1.254060e+00,2.283560e+01,6.279920e-01
2375,320.418,1.382540e+01,7.659490e+00,5.965890e+06,1.253920e+00,2.243350e+01,6.325050e-01
2400,320.418,1.373350e+01,7.363170e+00,6.153630e+06,1.253520e+00,2.205230e+01,6.370030e-01
2425,320.418,1.364890e+01,7.087490e+00,6.334220e+06,1.252920e+00,2.169040e+01,6.414880e-01
2450,320.418,1.357100e+01,6.832250e+00,6.508170e+06,1.252160e+00,2.134650e+01,6.459600e-01
2475,320.418,1.349920e+01,6.596700e+00,6.675990e+06,1.251260e+00,2.101910e+01,6.504200e-01
2500,320.418,1.343310e+01,6.379860e+00,6.838160e+06,1.250250e+00,2.070710e+01,6.548680e-01
2525,320.418,1.337230e+01,6.180660e+00,6.995130e+06,1.249170e+00,2.040920e+01,6.593060e-01
2550,320.418,1.331620e+01,5.998010e+00,7.147330e+06,1.248020e+00,2.012430e+01,6.637320e-01
2575,320.418,1.326450e+01,5.830890e+00,7.295160e+06,1.246830e+00,1.985150e+01,6.681470e-01
2600,320.418,1.321680e+01,5.678310e+00,7.439000e+06,1.245600e+00,1.959000e+01,6.725520e-01
2625,320.418,1.317270e+01,5.539350e+00,7.579190e+06,1.244350e+00,1.933870e+01,6.769470e-01
2650,320.418,1.313200e+01,5.413130e+00,7.716070e+06,1.243080e+00,1.909710e+01,6.813310e-01
2675,320.418,1.309430e+01,5.298830e+00,7.849950e+06,1.241800e+00,1.886430e+01,6.857060e-01
2700,320.418,1.305940e+01,5.195670e+00,7.981110e+06,1.240510e+00,1.863980e+01,6.900710e-01
2725,320.418,1.302710e+01,5.102950e+00,8.109820e+06,1.239220e+00,1.842310e+01,6.944260e-01
2750,320.418,1.299700e+01,5.019960e+00,8.236330e+06,1.237920e+00,1.821340e+01,6.987720e-01
2775,320.418,1.296900e+01,4.946080e+00,8.360890e+06,1.236620e+00,1.801040e+01,7.031090e-01
2800,320.418,1.294280e+01,4.880700e+00,8.483710e+06,1.235320e+00,1.781370e+01,7.074360e-01
2825,320.418,1.291840e+01,4.823260e+00,8.604990e+06,1.234020e+00,1.762270e+01,7.117550e-01
2850,320.418,1.289550e+01,4.773250e+00,8.724930e+06,1.232730e+00,1.743720e+01,7.160650e-01
2875,320.418,1.287410e+01,4.730190e+00,8.843710e+06,1.231440e+00,1.725680e+01,7.203660e-01
2900,320.418,1.285380e+01,4.693620e+00,8.961500e+06,1.230150e+00,1.708110e+01,7.246590e-01
2925,320.418,1.283470e+01,4.663150e+00,9.078450e+06,1.228880e+00,1.691000e+01,7.289430e-01
2950,320.418,1.281660e+01,4.638390e+00,9.194700e+06,1.227620e+00,1.674300e+01,7.332200e-01
2975,320.418,1.279940e+01,4.618990e+00,9.310410e+06,1.226360e+00,1.658000e+01,7.374880e-01
3000,320.418,1.278300e+01,4.604660e+00,9.425700e+06,1.225130e+00,1.642080e+01,7.417490e-01
3025,320.418,1.276730e+01,4.595090e+00,9.540680e+06,1.223900e+00,1.626510e+01,7.460010e-01
3050,320.418,1.275220e+01,4.590030e+00,9.655490e+06,1.222690e+00,1.611270e+01,7.502460e-01
3075,320.418,1.273770e+01,4.589250e+00,9.770220e+06,1.221510e+00,1.596350e+01,7.544830e-01
3100,320.418,1.272360e+01,4.592520e+00,9.884980e+06,1.220340e+00,1.581720e+01,7.587130e-01
3125,320.418,1.270990e+01,4.599670e+00,9.999880e+06,1.219190e+00,1.567390e+01,7.629360e-01
3150,320.418,1.269660e+01,4.610510e+00,1.011500e+07,1.218060e+00,1.553320e+01,7.671510e-01
3175,320.418,1.268360e+01,4.624900e+00,1.023040e+07,1.216960e+00,1.539500e+01,7.713580e-01
3200,320.418,1.267080e+01,4.642700e+00,1.034630e+07,1.215890e+00,1.525930e+01,7.755590e-01
3225,320.418,1.265810e+01,4.663780e+00,1.046260e+07,1.214840e+00,1.512590e+01,7.797520e-01
3250,320.418,1.264560e+01,4.688030e+00,1.057950e+07,1.213820e+00,1.499470e+01,7.839370e-01
3275,320.418,1.263320e+01,4.715370e+00,1.069700e+07,1.212840e+00,1.486560e+01,7.881160e-01
3300,320.418,1.262080e+01,4.745700e+00,1.081530e+07,1.211880e+00,1.473860e+01,7.922870e-01
3325,320.418,1.260840e+01,4.778950e+00,1.093430e+07,1.210960e+00,1.461340e+01,7.964510e-01
3350,320.418,1.259600e+01,4.815070e+00,1.105430e+07,1.210070e+00,1.449000e+01,8.006080e-01
3375,320.418,1.258350e+01,4.853980e+00,1.117510e+07,1.209220e+00,1.436840e+01,8.047570e-01
3400,320.418,1.257090e+01,4.895660e+00,1.129700e+07,1.208410e+00,1.424850e+01,8.088980e-01
3425,320.418,1.255820e+01,4.940050e+00,1.141990e+07,1.207630e+00,1.413020e+01,8.130320e-01
3450,320.418,1.254530e+01,4.987120e+00,1.154400e+07,1.206900e+00,1.401340e+01,8.171590e-01
3475,320.418,1.253220e+01,5.036860e+00,1.166930e+07,1.206200e+00,1.389800e+01,8.212770e-01
3500,320.418,1.251880e+01,5.089220e+00,1.179590e+07,1.205550e+00,1.378410e+01,8.253870e-01
3525,320.418,1.250520e+01,5.144210e+00,1.192380e+07,1.204940e+00,1.367150e+01,8.294900e-01
3550,320.418,1.249140e+01,5.201800e+00,1.205310e+07,1.204380e+00,1.356010e+01,8.335840e-01
3575,320.418,1.247720e+01,5.261990e+00,1.218390e+07,1.203860e+00,1.345000e+01,8.376690e-01
3600,320.418,1.246270e+01,5.324780e+00,1.231620e+07,1.203390e+00,1.334110e+01,8.417460e-01
3625,320.418,1.244790e+01,5.390150e+00,1.245010e+07,1.202970e+00,1.323330e+01,8.458130e-01
3650,320.418,1.243260e+01,5.458110e+00,1.258570e+07,1.202600e+00,1.312660e+01,8.498720e-01
3675,320.418,1.241700e+01,5.528670e+00,1.272310e+07,1.202280e+00,1.302090e+01,8.539210e-01
3700,320.418,1.240100e+01,5.601830e+00,1.286220e+07,1.202010e+00,1.291620e+01,8.579600e-01
3725,320.418,1.238450e+01,5.677600e+00,1.300320e+07,1.201790e+00,1.281250e+01,8.619890e-01
3750,320.418,1.236760e+01,5.755970e+00,1.314610e+07,1.201630e+00,1.270970e+01,8.660080e-01
3775,320.418,1.235020e+01,5.836970e+00,1.329100e+07,1.201520e+00,1.260770e+01,8.700160e-01
3800,320.418,1.233220e+01,5.920600e+00,1.343800e+07,1.201470e+00,1.250660e+01,8.740130e-01
3825,320.418,1.231380e+01,6.006870e+00,1.358710e+07,1.201480e+00,1.240630e+01,8.779980e-01
3850,320.418,1.229490e+01,6.095800e+00,1.373830e+07,1.201540e+00,1.230680e+01,8.819720e-01
3875,320.418,1.227540e+01,6.187370e+00,1.389190e+07,1.201670e+00,1.220800e+01,8.859330e-01
3900,320.418,1.225530e+01,6.281620e+00,1.404770e+07,1.201850e+00,1.210990e+01,8.898830e-01
3925,320.418,1.223460e+01,6.378540e+00,1.420600e+07,1.202100e+00,1.201250e+01,8.938190e-01
3950,320.418,1.221340e+01,6.478130e+00,1.436670e+07,1.202400e+00,1.191570e+01,8.977410e-01
3975,320.418,1.219150e+01,6.580400e+00,1.452990e+07,1.202770e+00,1.181960e+01,9.016500e-01
4000,320.418,1.216900e+01,6.685350e+00,1.469570e+07,1.203210e+00,1.172410e+01,9.055450e-01
200,569.792,2.575290e+01,1.321060e+00,-5.940200e+06,1.323440e+00,8.824250e+02,8.941740e-02
225,569.792,2.575290e+01,1.352440e+00,-5.906790e+06,1.313580e+00,7.843780e+02,9.938210e-02
250,569.792,2.575290e+01,1.388770e+00,-5.872540e+06,1.302890e+00,7.059400e+02,1.092570e-01
275,569.792,2.575290e+01,1.430920e+00,-5.837300e+06,1.291370e+00,6.417640e+02,1.190290e-01
300,569.792,2.575290e+01,1.478320e+00,-5.800950e+06,1.279420e+00,5.882840e+02,1.286830e-01
325,569.792,2.575290e+01,1.529990e+00,-5.763350e+06,1.267460e+00,5.430310e+02,1.385830e-01
350,569.792,2.575290e+01,1.584880e+00,-5.724420e+06,1.255820e+00,5.042430e+02,1.484110e-01
375,569.792,2.575290e+01,1.642110e+00,-5.684090e+06,1.244730e+00,4.706270e+02,1.581570e-01
400,569.792,2.575290e+01,1.700980e+00,-5.642300e+06,1.234280e+00,4.412120e+02,1.678160e-01
425,569.792,2.575280e+01,1.761080e+00,-5.599030e+06,1.224520e+00,4.152580e+02,1.773840e-01
450,569.792,2.575260e+01,1.822320e+00,-5.554240e+06,1.215420e+00,3.921850e+02,1.868570e-01
475,569.792,2.575210e+01,1.885050e+00,-5.507900e+06,1.206930e+00,3.715370e+02,1.962360e-01
500,569.792,2.575110e+01,1.950130e+00,-5.459970e+06,1.198950e+00,3.529450e+02,2.055220e-01
525,569.792,2.574900e+01,2.019010e+00,-5.410360e+06,1.191420e+00,3.361110e+02,2.143480e-01
550,569.792,2.574510e+01,2.093800e+00,-5.358970e+06,1.184250e+00,3.207840e+02,2.230430e-01
575,569.792,2.573820e+01,2.177310e+00,-5.305600e+06,1.177400e+00,3.067550e+02,2.316130e-01
600,569.792,2.572680e+01,2.272960e+00,-5.250000e+06,1.170860e+00,2.938430e+02,2.400650e-01
625,569.792,2.570870e+01,2.384700e+00,-5.191820e+06,1.164700e+00,2.818920e+02,2.481930e-01
650,569.792,2.568130e+01,2.516790e+00,-5.130600e+06,1.159000e+00,2.707610e+02,2.562010e-01
675,569.792,2.564130e+01,2.673520e+00,-5.065770e+06,1.153940e+00,2.603270e+02,2.640990e-01
700,569.792,2.558490e+01,2.858830e+00,-4.996680e+06,1.149700e+00,2.504770e+02,2.718960e-01
725,569.792,2.550800e+01,3.075780e+00,-4.922570e+06,1.146470e+00,2.411130e+02,2.796020e-01
750,569.792,2.540610e+01,3.326000e+00,-4.842620e+06,1.144450e+00,2.321440e+02,2.872260e-01
775,569.792,2.527500e+01,3.609010e+00,-4.755990e+06,1.143760e+00,2.234970e+02,2.947720e-01
800,569.792,2.511120e+01,3.921550e+00,-4.661920e+06,1.144470e+00,2.151100e+02,3.022440e-01
825,569.792,2.491220e+01,4.256930e+00,-4.559730e+06,1.146550e+00,2.069380e+02,3.096400e-01
850,569.792,2.467690e+01,4.604660e+00,-4.448970e+06,1.149880e+00,1.989550e+02,3.169560e-01
875,569.792,2.440660e+01,4.950460e+00,-4.329510e+06,1.154230e+00,1.911530e+02,3.241820e-01
900,569.792,2.410470e+01,5.276870e+00,-4.201610e+06,1.159290e+00,1.835450e+02,3.313050e-01
925,569.792,2.377710e+01,5.564950e+00,-4.065980e+06,1.164650e+00,1.761570e+02,3.383120e-01
950,569.792,2.343160e+01,5.796670e+00,-3.923830e+06,1.169880e+00,1.690290e+02,3.451890e-01
975,569.792,2.307740e+01,5.958170e+00,-3.776740e+06,1.174560e+00,1.622050e+02,3.519240e-01
1000,569.792,2.272410e+01,6.042840e+00,-3.626560e+06,1.178360e+00,1.557290e+02,3.585120e-01
1025,569.792,2.238050e+01,6.053310e+00,-3.475220e+06,1.181070e+00,1.496330e+02,3.647360e-01
1050,569.792,2.205360e+01,6.001600e+00,-3.324420e+06,1.182660e+00,1.439370e+02,3.708120e-01
1075,569.792,2.174820e+01,5.906700e+00,-3.175500e+06,1.183250e+00,1.386420e+02,3.767530e-01
1100,569.792,2.146620e+01,5.790750e+00,-3.029260e+06,1.183110e+00,1.337350e+02,3.825690e-01
1125,569.792,2.120750e+01,5.674230e+00,-2.885960e+06,1.182570e+00,1.291870e+02,3.882760e-01
1150,569.792,2.096990e+01,5.571600e+00,-2.745430e+06,1.181980e+00,1.249630e+02,3.938890e-01
1175,569.792,2.075050e+01,5.488440e+00,-2.607220e+06,1.181600e+00,1.210240e+02,3.994210e-01
1200,569.792,2.054620e+01,5.421330e+00,-2.470870e+06,1.181510e+00,1.173360e+02,4.048850e-01
1225,569.792,2.035480e+01,5.361090e+00,-2.336090e+06,1.181650e+00,1.138710e+02,4.102930e-01
1250,569.792,2.017500e+01,5.297820e+00,-2.202840e+06,1.181820e+00,1.106080e+02,4.156530e-01
1275,569.792,2.000640e+01,5.225520e+00,-2.071280e+06,1.181810e+00,1.075330e+02,4.209700e-01
1300,569.792,1.984920e+01,5.144300e+00,-1.941640e+06,1.181450e+00,1.046360e+02,4.262490e-01
1325,569.792,1.970340e+01,5.059920e+00,-1.814090e+06,1.180720e+00,1.019080e+02,4.314900e-01
1350,569.792,1.956870e+01,4.981300e+00,-1.688600e+06,1.179690e+00,9.933670e+01,4.366940e-01
1375,569.792,1.944400e+01,4.917050e+00,-1.564910e+06,1.178540e+00,9.690920e+01,4.418600e-01
1400,569.792,1.932790e+01,4.872870e+00,-1.442580e+06,1.177480e+00,9.461030e+01,4.469890e-01
1425,569.792,1.921860e+01,4.850610e+00,-1.321080e+06,1.176640e+00,9.242500e+01,4.520810e-01
1450,569.792,1.911450e+01,4.849070e+00,-1.199880e+06,1.176110e+00,9.033920e+01,4.571380e-01
1475,569.792,1.901390e+01,4.865400e+00,-1.078480e+06,1.175930e+00,8.834070e+01,4.621610e-01
1500,569.792,1.891560e+01,4.896390e+00,-9.564830e+05,1.176070e+00,8.641930e+01,4.671520e-01
1525,569.792,1.881860e+01,4.939180e+00,-8.335600e+05,1.176500e+00,8.456660e+01,4.721140e-01
1550,569.792,1.872210e+01,4.991600e+00,-7.094440e+05,1.177170e+00,8.277610e+01,4.770490e-01
1575,569.792,1.862560e+01,5.052150e+00,-5.839130e+05,1.178040e+00,8.104220e+01,4.819580e-01
1600,569.792,1.852860e+01,5.120030e+00,-4.567750e+05,1.179070e+00,7.936040e+01,4.868440e-01
1625,569.792,1.843070e+01,5.194960e+00,-3.278530e+05,1.180220e+00,7.772670e+01,4.917090e-01
1650,569.792,1.833170e+01,5.277110e+00,-1.969670e+05,1.181470e+00,7.613800e+01,4.965540e-01
1675,569.792,1.823140e+01,5.367050e+00,-6.393220e+04,1.182780e+00,7.459120e+01,5.013820e-01
1700,569.792,1.812950e+01,5.465620e+00,7.145710e+04,1.184160e+00,7.308350e+01,5.061940e-01
1725,569.792,1.802580e+01,5.573930e+00,2.094300e+05,1.185580e+00,7.161240e+01,5.109920e-01
1750,569.792,1.792020e+01,5.693280e+00,3.502460e+05,1.187040e+00,7.017550e+01,5.157780e-01
1775,569.792,1.781220e+01,5.825100e+00,4.941980e+05,1.188540e+00,6.877040e+01,5.205530e-01
1800,569.792,1.770180e+01,5.970920e+00,6.416170e+05,1.190100e+00,6.739480e+01,5.253200e-01
1825,569.792,1.758860e+01,6.132250e+00,7.928730e+05,1.191730e+00,6.604650e+01,5.300810e-01
1850,569.792,1.747230e+01,6.310540e+00,9.483710e+05,1.193460e+00,6.472310e+01,5.348360e-01
1875,569.792,1.735260e+01,6.507000e+00,1.108550e+06,1.195300e+00,6.342280e+01,5.395880e-01
1900,569.792,1.722920e+01,6.722510e+00,1.273880e+06,1.197290e+00,6.214330e+01,5.443390e-01
1925,569.792,1.710180e+01,6.957360e+00,1.444840e+06,1.199480e+00,6.088280e+01,5.490890e-01
1950,569.792,1.697020e+01,7.211020e+00,1.621910e+06,1.201890e+00,5.963950e+01,5.538410e-01
1975,569.792,1.683400e+01,7.481860e+00,1.805530e+06,1.204550e+00,5.841200e+01,5.585970e-01
2000,569.792,1.669320e+01,7.766760e+00,1.996120e+06,1.207510e+00,5.719930e+01,5.633560e-01
2025,569.792,1.654760e+01,8.060840e+00,2.193950e+06,1.210760e+00,5.600050e+01,5.679540e-01
2050,569.792,1.639750e+01,8.357110e+00,2.399180e+06,1.214320e+00,5.481560e+01,5.725560e-01
2075,569.792,1.624300e+01,8.646360e+00,2.611750e+06,1.218150e+00,5.364510e+01,5.771620e-01
2100,569.792,1.608480e+01,8.917310e+00,2.831340e+06,1.222230e+00,5.249020e+01,5.817700e-01
2125,569.792,1.592360e+01,9.157150e+00,3.057350e+06,1.226480e+00,5.135270e+01,5.863800e-01
2150,569.792,1.576030e+01,9.352660e+00,3.288830e+06,1.230800e+00,5.023530e+01,5.909910e-01
2175,569.792,1.559640e+01,9.491770e+00,3.524510e+06,1.235100e+00,4.914130e+01,5.955990e-01
2200,569.792,1.543310e+01,9.565410e+00,3.762870e+06,1.239240e+00,4.807420e+01,6.002020e-01
2225,569.792,1.527190e+01,9.569180e+00,4.002200e+06,1.243140e+00,4.703760e+01,6.047980e-01
2250,569.792,1.511430e+01,9.504290e+00,4.240760e+06,1.246690e+00,4.603490e+01,6.093840e-01
2275,569.792,1.496150e+01,9.377410e+00,4.476900e+06,1.249840e+00,4.506870e+01,6.139580e-01
2300,569.792,1.481450e+01,9.199320e+00,4.709200e+06,1.252530e+00,4.414100e+01,6.185190e-01
2325,569.792,1.467430e+01,8.982950e+00,4.936540e+06,1.254760e+00,4.325290e+01,6.230650e-01
2350,569.792,1.454110e+01,8.741300e+00,5.158140e+06,1.256530e+00,4.240460e+01,6.275960e-01
2375,569.792,1.441540e+01,8.485920e+00,5.373500e+06,1.257860e+00,4.159540e+01,6.321120e-01
2400,569.792,1.429710e+01,8.225990e+00,5.582400e+06,1.258780e+00,4.082430e+01,6.366150e-01
2425,569.792,1.418610e+01,7.968260e+00,5.784810e+06,1.259330e+00,4.008980e+01,6.411030e-01
2450,569.792,1.408220e+01,7.717270e+00,5.980870e+06,1.259540e+00,3.939000e+01,6.455800e-01
2475,569.792,1.398500e+01,7.475850e+00,6.170760e+06,1.259470e+00,3.872310e+01,6.500440e-01
2500,569.792,1.389430e+01,7.245590e+00,6.354750e+06,1.259150e+00,3.808720e+01,6.544960e-01
2525,569.792,1.380970e+01,7.027270e+00,6.533140e+06,1.258610e+00,3.748040e+01,6.589380e-01
2550,569.792,1.373080e+01,6.821150e+00,6.706220e+06,1.257890e+00,3.690090e+01,6.633690e-01
2575,569.792,1.365720e+01,6.627200e+00,6.874300e+06,1.257020e+00,3.634690e+01,6.677890e-01
2600,569.792,1.358870e+01,6.445200e+00,7.037680e+06,1.256040e+00,3.581680e+01,6.721990e-01
2625,569.792,1.352480e+01,6.274850e+00,7.196650e+06,1.254950e+00,3.530900e+01,6.766000e-01
2650,569.792,1.346530e+01,6.115800e+00,7.351510e+06,1.253790e+00,3.482200e+01,6.809910e-01
2675,569.792,1.340990e+01,5.967650e+00,7.502530e+06,1.252560e+00,3.435450e+01,6.853720e-01
2700,569.792,1.335820e+01,5.830020e+00,7.649980e+06,1.251290e+00,3.390520e+01,6.897430e-01
2725,569.792,1.331000e+01,5.702510e+00,7.794120e+06,1.249970e+00,3.347290e+01,6.941060e-01
2750,569.792,1.326500e+01,5.584700e+00,7.935190e+06,1.248630e+00,3.305660e+01,6.984590e-01
2775,569.792,1.322300e+01,5.476180e+00,8.073430e+06,1.247270e+00,3.265510e+01,7.028030e-01
2800,569.792,1.318380e+01,5.376550e+00,8.209070e+06,1.245900e+00,3.226750e+01,7.071380e-01
2825,569.792,1.314710e+01,5.285400e+00,8.342330e+06,1.244520e+00,3.189290e+01,7.114650e-01
2850,569.792,1.311280e+01,5.202320e+00,8.473410e+06,1.243130e+00,3.153060e+01,7.157820e-01
2875,569.792,1.308060e+01,5.126930e+00,8.602510e+06,1.241750e+00,3.117960e+01,7.200910e-01
2900,569.792,1.305030e+01,5.058830e+00,8.729820e+06,1.240360e+00,3.083940e+01,7.243920e-01
2925,569.792,1.302190e+01,4.997660e+00,8.855510e+06,1.238980e+00,3.050930e+01,7.286840e-01
2950,569.792,1.299520e+01,4.943060e+00,8.979750e+06,1.237610e+00,3.018860e+01,7.329680e-01
2975,569.792,1.297000e+01,4.894670e+00,9.102710e+06,1.236250e+00,2.987680e+01,7.372430e-01
3000,569.792,1.294610e+01,4.852180e+00,9.224540e+06,1.234900e+00,2.957340e+01,7.415110e-01
3025,569.792,1.292360e+01,4.815270e+00,9.345370e+06,1.233560e+00,2.927780e+01,7.457710e-01
3050,569.792,1.290210e+01,4.783650e+00,9.465350e+06,1.232240e+00,2.898970e+01,7.500230e-01
3075,569.792,1.288180e+01,4.757040e+00,9.584590e+06,1.230930e+00,2.870860e+01,7.542670e-01
3100,569.792,1.286230e+01,4.735170e+00,9.703240e+06,1.229640e+00,2.843410e+01,7.585040e-01
3125,569.792,1.284380e+01,4.717810e+00,9.821390e+06,1.228380e+00,2.816590e+01,7.627330e-01
3150,569.792,1.282600e+01,4.704740e+00,9.939160e+06,1.227130e+00,2.790370e+01,7.669550e-01
3175,569.792,1.280880e+01,4.695740e+00,1.005670e+07,1.225910e+00,2.764700e+01,7.711700e-01
3200,569.792,1.279230e+01,4.690620e+00,1.017400e+07,1.224710e+00,2.739570e+01,7.753770e-01
3225,569.792,1.277640e+01,4.689200e+00,1.029120e+07,1.223540e+00,2.714940e+01,7.795770e-01
3250,569.792,1.276090e+01,4.691320e+00,1.040850e+07,1.222390e+00,2.690800e+01,7.837700e-01
3275,569.792,1.274590e+01,4.696830e+00,1.052580e+07,1.221270e+00,2.667110e+01,7.879560e-01
3300,569.792,1.273120e+01,4.705590e+00,1.064330e+07,1.220180e+00,2.643860e+01,7.921350e-01
3325,569.792,1.271690e+01,4.717480e+00,1.076110e+07,1.219120e+00,2.621020e+01,7.963070e-01
3350,569.792,1.270280e+01,4.732370e+00,1.087920e+07,1.218080e+00,2.598580e+01,8.004720e-01
3375,569.792,1.268890e+01,4.750180e+00,1.099780e+07,1.217090e+00,2.576510e+01,8.046300e-01
3400,569.792,1.267520e+01,4.770800e+00,1.111680e+07,1.216120e+00,2.554810e+01,8.087800e-01
3425,569.792,1.266160e+01,4.794140e+00,1.123630e+07,1.215190e+00,2.533440e+01,8.129240e-01
3450,569.792,1.264820e+01,4.820140e+00,1.135650e+07,1.214290e+00,2.512410e+01,8.170610e-01
3475,569.792,1.263470e+01,4.848720e+00,1.147740e+07,1.213430e+00,2.491690e+01,8.211900e-01
3500,569.792,1.262130e+01,4.879820e+00,1.159900e+07,1.212600e+00,2.471270e+01,8.253120e-01
3525,569.792,1.260790e+01,4.913390e+00,1.172140e+07,1.211820e+00,2.451130e+01,8.294270e-01
3550,569.792,1.259450e+01,4.949370e+00,1.184460e+07,1.211070e+00,2.431280e+01,8.335350e-01
3575,569.792,1.258100e+01,4.987730e+00,1.196890e+07,1.210360e+00,2.411680e+01,8.376350e-01
3600,569.792,1.256740e+01,5.028420e+00,1.209410e+07,1.209690e+00,2.392340e+01,8.417270e-01
3625,569.792,1.255360e+01,5.071410e+00,1.222030e+07,1.209060e+00,2.373250e+01,8.458120e-01
3650,569.792,1.253970e+01,5.116670e+00,1.234760e+07,1.208480e+00,2.354380e+01,8.498890e-01
3675,569.792,1.252560e+01,5.164170e+00,1.247610e+07,1.207930e+00,2.335740e+01,8.539580e-01
3700,569.792,1.251140e+01,5.213900e+00,1.260590e+07,1.207430e+00,2.317310e+01,8.580190e-01
3725,569.792,1.249690e+01,5.265830e+00,1.273690e+07,1.206980e+00,2.299090e+01,8.620710e-01
3750,569.792,1.248210e+01,5.319940e+00,1.286920e+07,1.206570e+00,2.281070e+01,8.661150e-01
3775,569.792,1.246710e+01,5.376230e+00,1.300290e+07,1.206200e+00,2.263240e+01,8.701500e-01
3800,569.792,1.245180e+01,5.434670e+00,1.313800e+07,1.205880e+00,2.245590e+01,8.741760e-01
3825,569.792,1.243620e+01,5.495270e+00,1.327460e+07,1.205610e+00,2.228110e+01,8.781930e-01
3850,569.792,1.242020e+01,5.558000e+00,1.341280e+07,1.205390e+00,2.210810e+01,8.822000e-01
3875,569.792,1.240400e+01,5.622860e+00,1.355250e+07,1.205210e+00,2.193670e+01,8.861980e-01
3900,569.792,1.238730e+01,5.689840e+00,1.369400e+07,1.205090e+00,2.176680e+01,8.901850e-01
3925,569.792,1.237030e+01,5.758950e+00,1.383710e+07,1.205010e+00,2.159840e+01,8.941630e-01
3950,569.792,1.235290e+01,5.830160e+00,1.398190e+07,1.204990e+00,2.143150e+01,8.981300e-01
3975,569.792,1.233500e+01,5.903480e+00,1.412860e+07,1.205020e+00,2.126600e+01,9.020860e-01
4000,569.792,1.231680e+01,5.978910e+00,1.427710e+07,1.205100e+00,2.110180e+01,9.060310e-01
200,1013.25,2.575290e+01,1.321060e+00,-5.940200e+06,1.323440e+00,1.569200e+03,8.941740e-02
225,1013.25,2.575290e+01,1.352440e+00,-5.906790e+06,1.313580e+00,1.394840e+03,9.938210e-02
250,1013.25,2.575290e+01,1.388770e+00,-5.872540e+06,1.302890e+00,1.255360e+03,1.092570e-01
275,1013.25,2.575290e+01,1.430920e+00,-5.837300e+06,1.291370e+00,1.141240e+03,1.190290e-01
300,1013.25,2.575290e+01,1.478320e+00,-5.800950e+06,1.279420e+00,1.046130e+03,1.286830e-01
325,1013.25,2.575290e+01,1.529990e+00,-5.763350e+06,1.267460e+00,9.656610e+02,1.385830e-01
350,1013.25,2.575290e+01,1.584880e+00,-5.724420e+06,1.255820e+00,8.966850e+02,1.484110e-01
375,1013.25,2.575290e+01,1.642090e+00,-5.684090e+06,1.244730e+00,8.369060e+02,1.581570e-01
400,1013.25,2.575290e+01,1.700900e+00,-5.642300e+06,1.234290e+00,7.845990e+02,1.678160e-01
425,1013.25,2.575280e+01,1.760850e+00,-5.599030e+06,1.224550e+00,7.384450e+02,1.773840e-01
450,1013.25,2.575270e+01,1.821720e+00,-5.554250e+06,1.215480e+00,6.974170e+02,1.868570e-01
475,1013.25,2.575240e+01,1.883660e+00,-5.507940e+06,1.207030e+00,6.607020e+02,1.962360e-01
500,1013.25,2.575160e+01,1.947220e+00,-5.460060e+06,1.199150e+00,6.276490e+02,2.055210e-01
525,1013.25,2.575010e+01,2.013400e+00,-5.410560e+06,1.191750e+00,5.977260e+02,2.143460e-01
550,1013.25,2.574730e+01,2.083690e+00,-5.359350e+06,1.184760e+00,5.704940e+02,2.230380e-01
575,1013.25,2.574240e+01,2.160110e+00,-5.306320e+06,1.178130e+00,5.455850e+02,2.316040e-01
600,1013.25,2.573410e+01,2.245140e+00,-5.251280e+06,1.171840e+00,5.226850e+02,2.400480e-01
625,1013.25,2.572110e+01,2.341680e+00,-5.193970e+06,1.165910e+00,5.015230e+02,2.481660e-01
650,1013.25,2.570120e+01,2.452900e+00,-5.134070e+06,1.160400e+00,4.818610e+02,2.561590e-01
675,1013.25,2.567210e+01,2.582080e+00,-5.071170e+06,1.155400e+00,4.634890e+02,2.640350e-01
700,1013.25,2.563090e+01,2.732350e+00,-5.004790e+06,1.151050e+00,4.462190e+02,2.718030e-01
725,1013.25,2.557440e+01,2.906380e+00,-4.934360e+06,1.147490e+00,4.298820e+02,2.794730e-01
750,1013.25,2.549920e+01,3.106080e+00,-4.859260e+06,1.144880e+00,4.143300e+02,2.870510e-01
775,1013.25,2.540170e+01,3.332140e+00,-4.778830e+06,1.143340e+00,3.994320e+02,2.945450e-01
800,1013.25,2.527860e+01,3.583700e+00,-4.692440e+06,1.142960e+00,3.850750e+02,3.019580e-01
825,1013.25,2.512720e+01,3.857850e+00,-4.599460e+06,1.143770e+00,3.711700e+02,3.092940e-01
850,1013.25,2.494560e+01,4.149380e+00,-4.499400e+06,1.145750e+00,3.576480e+02,3.165510e-01
875,1013.25,2.473290e+01,4.450500e+00,-4.391910e+06,1.148810e+00,3.444670e+02,3.237260e-01
900,1013.25,2.448990e+01,4.750980e+00,-4.276880e+06,1.152770e+00,3.316090e+02,3.308110e-01
925,1013.25,2.421910e+01,5.038520e+00,-4.154470e+06,1.157380e+00,3.190790e+02,3.377990e-01
950,1013.25,2.392470e+01,5.299700e+00,-4.025170e+06,1.162360e+00,3.069060e+02,3.446790e-01
975,1013.25,2.361240e+01,5.521380e+00,-3.889810e+06,1.167370e+00,2.951330e+02,3.514410e-01
1000,1013.25,2.328900e+01,5.692540e+00,-3.749530e+06,1.172060e+00,2.838140e+02,3.580780e-01
1025,1013.25,2.296200e+01,5.806210e+00,-3.605670e+06,1.176140e+00,2.730030e+02,3.643650e-01
1050,1013.25,2.263860e+01,5.860870e+00,-3.459710e+06,1.179390e+00,2.627490e+02,3.705160e-01
1075,1013.25,2.232510e+01,5.861020e+00,-3.313080e+06,1.181700e+00,2.530850e+02,3.765350e-01
1100,1013.25,2.202640e+01,5.816600e+00,-3.167030e+06,1.183080e+00,2.440250e+02,3.824290e-01
1125,1013.25,2.174590e+01,5.741240e+00,-3.022510e+06,1.183650e+00,2.355630e+02,3.882080e-01
1150,1013.25,2.148490e+01,5.649740e+00,-2.880100e+06,1.183630e+00,2.276760e+02,3.938850e-01
1175,1013.25,2.124330e+01,5.555360e+00,-2.740040e+06,1.183250e+00,2.203260e+02,3.994700e-01
1200,1013.25,2.101960e+01,5.467550e+00,-2.602280e+06,1.182780e+00,2.134650e+02,4.049750e-01
1225,1013.25,2.081210e+01,5.390770e+00,-2.466570e+06,1.182370e+00,2.070430e+02,4.104120e-01
1250,1013.25,2.061850e+01,5.324600e+00,-2.332650e+06,1.182140e+00,2.010150e+02,4.157890e-01
1275,1013.25,2.043710e+01,5.265270e+00,-2.200290e+06,1.182050e+00,1.953400e+02,4.211150e-01
1300,1013.25,2.026650e+01,5.207960e+00,-2.069370e+06,1.182030e+00,1.899850e+02,4.263970e-01
1325,1013.25,2.010620e+01,5.148980e+00,-1.939900e+06,1.181940e+00,1.849250e+02,4.316400e-01
1350,1013.25,1.995560e+01,5.087170e+00,-1.811950e+06,1.181660e+00,1.801410e+02,4.368460e-01
1375,1013.25,1.981450e+01,5.024120e+00,-1.685560e+06,1.181150e+00,1.756150e+02,4.420190e-01
1400,1013.25,1.968260e+01,4.963550e+00,-1.560720e+06,1.180420e+00,1.713310e+02,4.471590e-01
1425,1013.25,1.955930e+01,4.909980e+00,-1.437320e+06,1.179530e+00,1.672710e+02,4.522660e-01
1450,1013.25,1.944380e+01,4.867470e+00,-1.315130e+06,1.178610e+00,1.634160e+02,4.573420e-01
1475,1013.25,1.933500e+01,4.838670e+00,-1.193830e+06,1.177760e+00,1.597470e+02,4.623860e-01
1500,1013.25,1.923160e+01,4.824560e+00,-1.073070e+06,1.177070e+00,1.562450e+02,4.673990e-01
1525,1013.25,1.913260e+01,4.824770e+00,-9.524830e+05,1.176610e+00,1.528920e+02,4.723840e-01
1550,1013.25,1.903680e+01,4.838060e+00,-8.317240e+05,1.176400e+00,1.496730e+02,4.773400e-01
1575,1013.25,1.894340e+01,4.862930e+00,-7.104840e+05,1.176440e+00,1.465740e+02,4.822700e-01
1600,1013.25,1.885140e+01,4.897910e+00,-5.884930e+05,1.176710e+00,1.435840e+02,4.871760e-01
1625,1013.25,1.876020e+01,4.941820e+00,-4.655140e+05,1.177180e+00,1.406910e+02,4.920580e-01
1650,1013.25,1.866940e+01,4.993820e+00,-3.413350e+05,1.177830e+00,1.378890e+02,4.969190e-01
1675,1013.25,1.857840e+01,5.053460e+00,-2.157590e+05,1.178630e+00,1.351690e+02,5.017600e-01
1700,1013.25,1.848700e+01,5.120620e+00,-8.859910e+04,1.179560e+00,1.325250e+02,5.065830e-01
1725,1013.25,1.839470e+01,5.195470e+00,4.033560e+04,1.180590e+00,1.299530e+02,5.113890e-01
1750,1013.25,1.830130e+01,5.278450e+00,1.712420e+05,1.181720e+00,1.274460e+02,5.161800e-01
1775,1013.25,1.820650e+01,5.370180e+00,3.043310e+05,1.182930e+00,1.250000e+02,5.209570e-01
1800,1013.25,1.811010e+01,5.471470e+00,4.398310e+05,1.184220e+00,1.226110e+02,5.257220e-01
1825,1013.25,1.801180e+01,5.583210e+00,5.779910e+05,1.185590e+00,1.202760e+02,5.304760e-01
1850,1013.25,1.791140e+01,5.706400e+00,7.190870e+05,1.187040e+00,1.179890e+02,5.352210e-01
1875,1013.25,1.780860e+01,5.842000e+00,8.634150e+05,1.188600e+00,1.157470e+02,5.399580e-01
1900,1013.25,1.770310e+01,5.990940e+00,1.011300e+06,1.190260e+00,1.135480e+02,5.446880e-01
1925,1013.25,1.759470e+01,6.154010e+00,1.163080e+06,1.192060e+00,1.113860e+02,5.494140e-01
1950,1013.25,1.748300e+01,6.331750e+00,1.319120e+06,1.194020e+00,1.092600e+02,5.541360e-01
1975,1013.25,1.736780e+01,6.524330e+00,1.479790e+06,1.196150e+00,1.071670e+02,5.588550e-01
2000,1013.25,1.724890e+01,6.731410e+00,1.645460e+06,1.198500e+00,1.051030e+02,5.635740e-01
2025,1013.25,1.712610e+01,6.951940e+00,1.816470e+06,1.201080e+00,1.030660e+02,5.681260e-01
2050,1013.25,1.699910e+01,7.183980e+00,1.993150e+06,1.203910e+00,1.010540e+02,5.726760e-01
2075,1013.25,1.686800e+01,7.424530e+00,2.175740e+06,1.207010e+00,9.906680e+01,5.772260e-01
2100,1013.25,1.673280e+01,7.669310e+00,2.364410e+06,1.210390e+00,9.710250e+01,5.817760e-01
2125,1013.25,1.659350e+01,7.912680e+00,2.559200e+06,1.214030e+00,9.516130e+01,5.863270e-01
2150,1013.25,1.645050e+01,8.147720e+00,2.759980e+06,1.217920e+00,9.324430e+01,5.908780e-01
2175,1013.25,1.630420e+01,8.366370e+00,2.966450e+06,1.222010e+00,9.135310e+01,5.954300e-01
2200,1013.25,1.615540e+01,8.559970e+00,3.178090e+06,1.226240e+00,8.949050e+01,5.999820e-01
2225,1013.25,1.600470e+01,8.719980e+00,3.394170e+06,1.230550e+00,8.765980e+01,6.045320e-01
2250,1013.25,1.585320e+01,8.838930e+00,3.613740e+06,1.234840e+00,8.586510e+01,6.090790e-01
2275,1013.25,1.570190e+01,8.911410e+00,3.835720e+06,1.239030e+00,8.411100e+01,6.136220e-01
2300,1013.25,1.555190e+01,8.934870e+00,4.058910e+06,1.243030e+00,8.240180e+01,6.181570e-01
2325,1013.25,1.540420e+01,8.910070e+00,4.282060e+06,1.246760e+00,8.074170e+01,6.226850e-01
2350,1013.25,1.525990e+01,8.840840e+00,4.504040e+06,1.250180e+00,7.913430e+01,6.272030e-01
2375,1013.25,1.511970e+01,8.733430e+00,4.723790e+06,1.253220e+00,7.758220e+01,6.317100e-01
2400,1013.25,1.498440e+01,8.595500e+00,4.940450e+06,1.255860e+00,7.608690e+01,6.362060e-01
2425,1013.25,1.485440e+01,8.434990e+00,5.153370e+06,1.258110e+00,7.464930e+01,6.406910e-01
2450,1013.25,1.473010e+01,8.259290e+00,5.362080e+06,1.259950e+00,7.326910e+01,6.451630e-01
2475,1013.25,1.461150e+01,8.074670e+00,5.566270e+06,1.261400e+00,7.194530e+01,6.496250e-01
2500,1013.25,1.449880e+01,7.886120e+00,5.765780e+06,1.262490e+00,7.067640e+01,6.540750e-01
2525,1013.25,1.439190e+01,7.697330e+00,5.960570e+06,1.263240e+00,6.946060e+01,6.585150e-01
2550,1013.25,1.429070e+01,7.510940e+00,6.150670e+06,1.263680e+00,6.829580e+01,6.629440e-01
2575,1013.25,1.419490e+01,7.328740e+00,6.336150e+06,1.263840e+00,6.717960e+01,6.673630e-01
2600,1013.25,1.410450e+01,7.151920e+00,6.517150e+06,1.263750e+00,6.610970e+01,6.717730e-01
2625,1013.25,1.401910e+01,6.981220e+00,6.693800e+06,1.263450e+00,6.508380e+01,6.761740e-01
2650,1013.25,1.393860e+01,6.817120e+00,6.866260e+06,1.262950e+00,6.409970e+01,6.805660e-01
2675,1013.25,1.386280e+01,6.659910e+00,7.034710e+06,1.262290e+00,6.315500e+01,6.849490e-01
2700,1013.25,1.379130e+01,6.509750e+00,7.199320e+06,1.261490e+00,6.224770e+01,6.893230e-01
2725,1013.25,1.372400e+01,6.366740e+00,7.360260e+06,1.260570e+00,6.137570e+01,6.936890e-01
2750,1013.25,1.366060e+01,6.230890e+00,7.517710e+06,1.259550e+00,6.053690e+01,6.980460e-01
2775,1013.25,1.360100e+01,6.102200e+00,7.671860e+06,1.258440e+00,5.972960e+01,7.023940e-01
2800,1013.25,1.354490e+01,5.980620e+00,7.822880e+06,1.257260e+00,5.895200e+01,7.067350e-01
2825,1013.25,1.349200e+01,5.866090e+00,7.970950e+06,1.256020e+00,5.820230e+01,7.110670e-01
2850,1013.25,1.344220e+01,5.758490e+00,8.116250e+06,1.254740e+00,5.747890e+01,7.153910e-01
2875,1013.25,1.339540e+01,5.657710e+00,8.258930e+06,1.253410e+00,5.678040e+01,7.197060e-01
2900,1013.25,1.335120e+01,5.563600e+00,8.399190e+06,1.252060e+00,5.610530e+01,7.240140e-01
2925,1013.25,1.330960e+01,5.476000e+00,8.537170e+06,1.250690e+00,5.545230e+01,7.283130e-01
2950,1013.25,1.327030e+01,5.394740e+00,8.673040e+06,1.249300e+00,5.482020e+01,7.326040e-01
2975,1013.25,1.323320e+01,5.319620e+00,8.806960e+06,1.247900e+00,5.420760e+01,7.368880e-01
3000,1013.25,1.319820e+01,5.250460e+00,8.939070e+06,1.246490e+00,5.361360e+01,7.411630e-01
3025,1013.25,1.316510e+01,5.187040e+00,9.069530e+06,1.245080e+00,5.303710e+01,7.454310e-01
3050,1013.25,1.313370e+01,5.129160e+00,9.198470e+06,1.243680e+00,5.247710e+01,7.496910e-01
3075,1013.25,1.310400e+01,5.076610e+00,9.326030e+06,1.242280e+00,5.193270e+01,7.539440e-01
3100,1013.25,1.307580e+01,5.029170e+00,9.452340e+06,1.240890e+00,5.140310e+01,7.581880e-01
3125,1013.25,1.304900e+01,4.986650e+00,9.577530e+06,1.239510e+00,5.088740e+01,7.624260e-01
3150,1013.25,1.302360e+01,4.948840e+00,9.701710e+06,1.238140e+00,5.038490e+01,7.666560e-01
3175,1013.25,1.299930e+01,4.915540e+00,9.825010e+06,1.236790e+00,4.989500e+01,7.708790e-01
3200,1013.25,1.297610e+01,4.886560e+00,9.947530e+06,1.235460e+00,4.941680e+01,7.750950e-01
3225,1013.25,1.295390e+01,4.861720e+00,1.006940e+07,1.234150e+00,4.894990e+01,7.793030e-01
3250,1013.25,1.293260e+01,4.840840e+00,1.019060e+07,1.232860e+00,4.849370e+01,7.835040e-01
3275,1013.25,1.291220e+01,4.823750e+00,1.031140e+07,1.231590e+00,4.804760e+01,7.876990e-01
3300,1013.25,1.289260e+01,4.810290e+00,1.043190e+07,1.230350e+00,4.761110e+01,7.918860e-01
3325,1013.25,1.287370e+01,4.800320e+00,1.055200e+07,1.229130e+00,4.718370e+01,7.960670e-01
3350,1013.25,1.285540e+01,4.793690e+00,1.067190e+07,1.227940e+00,4.676510e+01,8.002400e-01
3375,1013.25,1.283760e+01,4.790260e+00,1.079170e+07,1.226780e+00,4.635470e+01,8.044070e-01
3400,1013.25,1.282050e+01,4.789910e+00,1.091140e+07,1.225650e+00,4.595220e+01,8.085670e-01
3425,1013.25,1.280370e+01,4.792530e+00,1.103120e+07,1.224550e+00,4.555730e+01,8.127200e-01
3450,1013.25,1.278740e+01,4.798000e+00,1.115110e+07,1.223480e+00,4.516950e+01,8.168670e-01
3475,1013.25,1.277150e+01,4.806220e+00,1.127110e+07,1.222440e+00,4.478860e+01,8.210070e-01
3500,1013.25,1.275580e+01,4.817100e+00,1.139140e+07,1.221430e+00,4.441430e+01,8.251390e-01
3525,1013.25,1.274050e+01,4.830540e+00,1.151200e+07,1.220460e+00,4.404620e+01,8.292660e-01
3550,1013.25,1.272540e+01,4.846470e+00,1.163300e+07,1.219520e+00,4.368410e+01,8.333850e-01
3575,1013.25,1.271040e+01,4.864820e+00,1.175440e+07,1.218620e+00,4.332780e+01,8.374970e-01
3600,1013.25,1.269570e+01,4.885510e+00,1.187620e+07,1.217750e+00,4.297690e+01,8.416030e-01
3625,1013.25,1.268100e+01,4.908470e+00,1.199870e+07,1.216920e+00,4.263130e+01,8.457010e-01
3650,1013.25,1.266650e+01,4.933660e+00,1.212170e+07,1.216130e+00,4.229080e+01,8.497930e-01
3675,1013.25,1.265200e+01,4.961010e+00,1.224540e+07,1.215370e+00,4.195510e+01,8.538770e-01
3700,1013.25,1.263760e+01,4.990480e+00,1.236970e+07,1.214660e+00,4.162410e+01,8.579550e-01
3725,1013.25,1.262320e+01,5.022020e+00,1.249490e+07,1.213980e+00,4.129750e+01,8.620240e-01
3750,1013.25,1.260870e+01,5.055590e+00,1.262090e+07,1.213340e+00,4.097520e+01,8.660870e-01
3775,1013.25,1.259420e+01,5.091150e+00,1.274770e+07,1.212740e+00,4.065700e+01,8.701420e-01
3800,1013.25,1.257960e+01,5.128670e+00,1.287540e+07,1.212180e+00,4.034280e+01,8.741890e-01
3825,1013.25,1.256500e+01,5.168120e+00,1.300410e+07,1.211670e+00,4.003240e+01,8.782290e-01
3850,1013.25,1.255020e+01,5.209450e+00,1.313390e+07,1.211190e+00,3.972570e+01,8.822610e-01
3875,1013.25,1.253530e+01,5.252660e+00,1.326460e+07,1.210760e+00,3.942240e+01,8.862840e-01
3900,1013.25,1.252020e+01,5.297710e+00,1.339650e+07,1.210370e+00,3.912260e+01,8.903000e-01
3925,1013.25,1.250490e+01,5.344580e+00,1.352950e+07,1.210020e+00,3.882610e+01,8.943070e-01
3950,1013.25,1.248950e+01,5.393250e+00,1.366380e+07,1.209720e+00,3.853270e+01,8.983050e-01
3975,1013.25,1.247380e+01,5.443700e+00,1.379920e+07,1.209460e+00,3.824230e+01,9.022950e-01
4000,1013.25,1.245790e+01,5.495910e+00,1.393600e+07,1.209240e+00,3.795490e+01,9.062750e-01
